[RUN] taskset -c 0 nice -n 19 ionice -c 3 timeout 960 /home/smy/p4-verify-camera-ready/.tmp/orphan-worktree-20260703-gemcutter/UGemCutter-linux/Ultimate --launcher.ini /home/smy/p4-verify-camera-ready/.tmp/procurator/verify/netchain_wraparound_bug/20260704-071815-3352/wraparound/target.00.s1_sequence_reg/ultimate-home/netchain_wraparound_bug.cegis.00/confirm.unroll1/Ultimate.launcher.ini --core.toolchain.timeout.in.seconds=900 -tc /home/smy/p4-verify-camera-ready/src/dslc/toolchain/ultimate/toolchains/ReachSafety.xml -s /home/smy/p4-verify-camera-ready/src/dslc/toolchain/ultimate/settings/gemcutter/base/ReachSafety-32bit-GemCutter-ALL.epf -i /home/smy/p4-verify-camera-ready/.tmp/procurator/verify/netchain_wraparound_bug/20260704-071815-3352/wraparound/target.00.s1_sequence_reg/netchain_wraparound_bug.cegis.00.confirm.unroll1.bpl
Picked up JAVA_TOOL_OPTIONS: -Duser.home=/home/smy/p4-verify-camera-ready/.tmp/procurator/verify/netchain_wraparound_bug/20260704-071815-3352/wraparound/target.00.s1_sequence_reg/ultimate-home/netchain_wraparound_bug.cegis.00/confirm.unroll1
WARNING: A terminally deprecated method in sun.misc.Unsafe has been called
WARNING: sun.misc.Unsafe::staticFieldOffset has been called by org.eclipse.osgi.internal.url.MultiplexingFactory (file:/home/smy/p4-verify-camera-ready/.tmp/orphan-worktree-20260703-gemcutter/UGemCutter-linux/plugins/org.eclipse.osgi_3.20.0.v20240509-1421.jar)
WARNING: Please consider reporting this to the maintainers of class org.eclipse.osgi.internal.url.MultiplexingFactory
WARNING: sun.misc.Unsafe::staticFieldOffset will be removed in a future release
WARNING: A restricted method in java.lang.Runtime has been called
WARNING: java.lang.Runtime::load has been called by org.eclipse.equinox.launcher.JNIBridge in an unnamed module (file:/home/smy/p4-verify-camera-ready/.tmp/orphan-worktree-20260703-gemcutter/UGemCutter-linux/plugins/org.eclipse.equinox.launcher_1.6.800.v20240513-1750.jar)
WARNING: Use --enable-native-access=ALL-UNNAMED to avoid a warning for callers in this module
WARNING: Restricted methods will be blocked in a future release unless native access is enabled

This is Ultimate 0.3.1-dev-35a8436538
[2026-07-04 07:18:24,658 INFO  L188        SettingsManager]: Resetting all preferences to default values...
[2026-07-04 07:18:24,754 INFO  L114        SettingsManager]: Loading settings from /home/smy/p4-verify-camera-ready/src/dslc/toolchain/ultimate/settings/gemcutter/base/ReachSafety-32bit-GemCutter-ALL.epf
[2026-07-04 07:18:24,757 WARN  L101        SettingsManager]: Preference file contains the following unknown settings:
[2026-07-04 07:18:24,757 WARN  L103        SettingsManager]:   * de.uni_freiburg.informatik.ultimate.core.Log level for class
[2026-07-04 07:18:24,791 INFO  L130        SettingsManager]: Preferences different from defaults after loading the file:
[2026-07-04 07:18:24,791 INFO  L151        SettingsManager]: Preferences of UltimateCore differ from their defaults:
[2026-07-04 07:18:24,791 INFO  L153        SettingsManager]:  * Log level for class=de.uni_freiburg.informatik.ultimate.lib.smtlibutils.quantifier.QuantifierPusher=ERROR;
[2026-07-04 07:18:24,791 INFO  L151        SettingsManager]: Preferences of Boogie Procedure Inliner differ from their defaults:
[2026-07-04 07:18:24,791 INFO  L153        SettingsManager]:  * Ignore calls to procedures called more than once=ONLY_FOR_SEQUENTIAL_PROGRAMS
[2026-07-04 07:18:24,792 INFO  L151        SettingsManager]: Preferences of BlockEncodingV2 differ from their defaults:
[2026-07-04 07:18:24,792 INFO  L153        SettingsManager]:  * Create parallel compositions if possible=false
[2026-07-04 07:18:24,792 INFO  L153        SettingsManager]:  * Use SBE=true
[2026-07-04 07:18:24,792 INFO  L151        SettingsManager]: Preferences of CACSL2BoogieTranslator differ from their defaults:
[2026-07-04 07:18:24,792 INFO  L153        SettingsManager]:  * sizeof long=4
[2026-07-04 07:18:24,792 INFO  L153        SettingsManager]:  * Overapproximate operations on floating types=true
[2026-07-04 07:18:24,792 INFO  L153        SettingsManager]:  * sizeof POINTER=4
[2026-07-04 07:18:24,792 INFO  L153        SettingsManager]:  * Check division by zero=IGNORE
[2026-07-04 07:18:24,792 INFO  L153        SettingsManager]:  * If two pointers are subtracted or compared they have the same base address=IGNORE
[2026-07-04 07:18:24,792 INFO  L153        SettingsManager]:  * Pointer dereference validity=IGNORE
[2026-07-04 07:18:24,792 INFO  L153        SettingsManager]:  * sizeof long double=12
[2026-07-04 07:18:24,792 INFO  L153        SettingsManager]:  * Check if freed pointer was valid=false
[2026-07-04 07:18:24,792 INFO  L153        SettingsManager]:  * Use constant arrays=true
[2026-07-04 07:18:24,792 INFO  L151        SettingsManager]: Preferences of RCFGBuilder differ from their defaults:
[2026-07-04 07:18:24,792 INFO  L153        SettingsManager]:  * Size of a code block=SequenceOfStatements
[2026-07-04 07:18:24,792 INFO  L153        SettingsManager]:  * SMT solver=External_DefaultMode
[2026-07-04 07:18:24,792 INFO  L153        SettingsManager]:  * Command for external solver=z3 SMTLIB2_COMPLIANT=true -memory:2024 -smt2 -in -t:2000
[2026-07-04 07:18:24,792 INFO  L151        SettingsManager]: Preferences of TraceAbstraction differ from their defaults:
[2026-07-04 07:18:24,792 INFO  L153        SettingsManager]:  * Compute Interpolants along a Counterexample=FPandBP
[2026-07-04 07:18:24,792 INFO  L153        SettingsManager]:  * Positions where we compute the Hoare Annotation=LoopHeads
[2026-07-04 07:18:24,792 INFO  L153        SettingsManager]:  * DFS Order used in POR=LOOP_LOCKSTEP
[2026-07-04 07:18:24,793 INFO  L153        SettingsManager]:  * Command for external solver=z3 SMTLIB2_COMPLIANT=true -memory:2024 -smt2 -in
[2026-07-04 07:18:24,793 INFO  L153        SettingsManager]:  * Automaton type used in concurrency analysis=PARTIAL_ORDER_FA
[2026-07-04 07:18:24,793 INFO  L153        SettingsManager]:  * CEGAR restart behaviour=ONE_CEGAR_PER_THREAD_INSTANCE
[2026-07-04 07:18:24,793 INFO  L153        SettingsManager]:  * Partial Order Reduction in concurrent analysis=PERSISTENT_SLEEP_NEW_STATES_FIXEDORDER
[2026-07-04 07:18:24,793 INFO  L153        SettingsManager]:  * SMT solver=External_ModelsAndUnsatCoreMode
Applying setting for plugin de.uni_freiburg.informatik.ultimate.core: Toolchain timeout in seconds -> 900
[2026-07-04 07:18:25,188 INFO  L75    nceAwareModelManager]: Repository-Root is: /tmp
[2026-07-04 07:18:25,192 INFO  L261   ainManager$Toolchain]: [Toolchain 1]: Applicable parser(s) successfully (re)initialized
[2026-07-04 07:18:25,202 INFO  L217   ainManager$Toolchain]: [Toolchain 1]: Toolchain selected.
[2026-07-04 07:18:25,202 INFO  L270        PluginConnector]: Initializing Boogie PL CUP Parser...
[2026-07-04 07:18:25,203 INFO  L274        PluginConnector]: Boogie PL CUP Parser initialized
[2026-07-04 07:18:25,203 INFO  L431   ainManager$Toolchain]: [Toolchain 1]: Parsing single file: /home/smy/p4-verify-camera-ready/.tmp/procurator/verify/netchain_wraparound_bug/20260704-071815-3352/wraparound/target.00.s1_sequence_reg/netchain_wraparound_bug.cegis.00.confirm.unroll1.bpl
[2026-07-04 07:18:25,204 INFO  L110           BoogieParser]: Parsing: '/home/smy/p4-verify-camera-ready/.tmp/procurator/verify/netchain_wraparound_bug/20260704-071815-3352/wraparound/target.00.s1_sequence_reg/netchain_wraparound_bug.cegis.00.confirm.unroll1.bpl'
[2026-07-04 07:18:25,286 INFO  L299   ainManager$Toolchain]: ####################### [Toolchain 1] #######################
[2026-07-04 07:18:25,294 INFO  L133        ToolchainWalker]: Walking toolchain with 4 elements.
[2026-07-04 07:18:25,294 INFO  L112        PluginConnector]: ------------------------Boogie Procedure Inliner----------------------------
[2026-07-04 07:18:25,294 INFO  L270        PluginConnector]: Initializing Boogie Procedure Inliner...
[2026-07-04 07:18:25,295 INFO  L274        PluginConnector]: Boogie Procedure Inliner initialized
[2026-07-04 07:18:25,304 INFO  L184        PluginConnector]: Executing the observer TypeChecker from plugin Boogie Procedure Inliner for "netchain_wraparound_bug.cegis.00.confirm.unroll1.bpl de.uni_freiburg.informatik.ultimate.boogie.parser AST 04.07 07:18:25" (1/1) ...
[2026-07-04 07:18:25,346 INFO  L184        PluginConnector]: Executing the observer Inliner from plugin Boogie Procedure Inliner for "netchain_wraparound_bug.cegis.00.confirm.unroll1.bpl de.uni_freiburg.informatik.ultimate.boogie.parser AST 04.07 07:18:25" (1/1) ...
[2026-07-04 07:18:25,411 INFO  L138                Inliner]: procedures = 129, calls = 137, calls flagged for inlining = 72, calls inlined = 72, statements flattened = 1095
[2026-07-04 07:18:25,412 INFO  L131        PluginConnector]: ------------------------ END Boogie Procedure Inliner----------------------------
[2026-07-04 07:18:25,413 INFO  L112        PluginConnector]: ------------------------Boogie Preprocessor----------------------------
[2026-07-04 07:18:25,413 INFO  L270        PluginConnector]: Initializing Boogie Preprocessor...
[2026-07-04 07:18:25,413 INFO  L274        PluginConnector]: Boogie Preprocessor initialized
[2026-07-04 07:18:25,433 INFO  L184        PluginConnector]: Executing the observer EnsureBoogieModelObserver from plugin Boogie Preprocessor for "netchain_wraparound_bug.cegis.00.confirm.unroll1.bpl de.uni_freiburg.informatik.ultimate.boogie.parser AST 04.07 07:18:25" (1/1) ...
[2026-07-04 07:18:25,434 INFO  L184        PluginConnector]: Executing the observer TypeChecker from plugin Boogie Preprocessor for "netchain_wraparound_bug.cegis.00.confirm.unroll1.bpl de.uni_freiburg.informatik.ultimate.boogie.parser AST 04.07 07:18:25" (1/1) ...
[2026-07-04 07:18:25,438 INFO  L184        PluginConnector]: Executing the observer ConstExpander from plugin Boogie Preprocessor for "netchain_wraparound_bug.cegis.00.confirm.unroll1.bpl de.uni_freiburg.informatik.ultimate.boogie.parser AST 04.07 07:18:25" (1/1) ...
[2026-07-04 07:18:25,438 INFO  L184        PluginConnector]: Executing the observer StructExpander from plugin Boogie Preprocessor for "netchain_wraparound_bug.cegis.00.confirm.unroll1.bpl de.uni_freiburg.informatik.ultimate.boogie.parser AST 04.07 07:18:25" (1/1) ...
[2026-07-04 07:18:25,458 INFO  L184        PluginConnector]: Executing the observer ReplaceArrayAssignments from plugin Boogie Preprocessor for "netchain_wraparound_bug.cegis.00.confirm.unroll1.bpl de.uni_freiburg.informatik.ultimate.boogie.parser AST 04.07 07:18:25" (1/1) ...
[2026-07-04 07:18:25,460 INFO  L184        PluginConnector]: Executing the observer UnstructureCode from plugin Boogie Preprocessor for "netchain_wraparound_bug.cegis.00.confirm.unroll1.bpl de.uni_freiburg.informatik.ultimate.boogie.parser AST 04.07 07:18:25" (1/1) ...
[2026-07-04 07:18:25,471 INFO  L184        PluginConnector]: Executing the observer FunctionInliner from plugin Boogie Preprocessor for "netchain_wraparound_bug.cegis.00.confirm.unroll1.bpl de.uni_freiburg.informatik.ultimate.boogie.parser AST 04.07 07:18:25" (1/1) ...
[2026-07-04 07:18:25,483 INFO  L184        PluginConnector]: Executing the observer LTLStepAnnotator from plugin Boogie Preprocessor for "netchain_wraparound_bug.cegis.00.confirm.unroll1.bpl de.uni_freiburg.informatik.ultimate.boogie.parser AST 04.07 07:18:25" (1/1) ...
[2026-07-04 07:18:25,484 INFO  L184        PluginConnector]: Executing the observer BoogieSymbolTableConstructor from plugin Boogie Preprocessor for "netchain_wraparound_bug.cegis.00.confirm.unroll1.bpl de.uni_freiburg.informatik.ultimate.boogie.parser AST 04.07 07:18:25" (1/1) ...
[2026-07-04 07:18:25,507 INFO  L131        PluginConnector]: ------------------------ END Boogie Preprocessor----------------------------
[2026-07-04 07:18:25,507 INFO  L112        PluginConnector]: ------------------------RCFGBuilder----------------------------
[2026-07-04 07:18:25,507 INFO  L270        PluginConnector]: Initializing RCFGBuilder...
[2026-07-04 07:18:25,507 INFO  L274        PluginConnector]: RCFGBuilder initialized
[2026-07-04 07:18:25,514 INFO  L184        PluginConnector]: Executing the observer RCFGBuilderObserver from plugin RCFGBuilder for "netchain_wraparound_bug.cegis.00.confirm.unroll1.bpl de.uni_freiburg.informatik.ultimate.boogie.parser AST 04.07 07:18:25" (1/1) ...
[2026-07-04 07:18:25,520 INFO  L173          SolverBuilder]: Constructing external solver with command: z3 SMTLIB2_COMPLIANT=true -memory:2024 -smt2 -in -t:2000
[2026-07-04 07:18:25,540 INFO  L189       MonitoredProcess]: No working directory specified, using /usr/bin/z3
[2026-07-04 07:18:25,563 INFO  L229       MonitoredProcess]: Starting monitored process 1 with /usr/bin/z3 SMTLIB2_COMPLIANT=true -memory:2024 -smt2 -in -t:2000 (exit command is (exit), workingDir is null)
[2026-07-04 07:18:25,576 INFO  L327       MonitoredProcess]: [MP /usr/bin/z3 SMTLIB2_COMPLIANT=true -memory:2024 -smt2 -in -t:2000 (1)] Waiting until timeout for monitored process
[2026-07-04 07:18:25,626 INFO  L124     BoogieDeclarations]: Specification and implementation of procedure s1_Forward given in one single declaration
[2026-07-04 07:18:25,627 INFO  L130     BoogieDeclarations]: Found specification of procedure s1_Forward
[2026-07-04 07:18:25,627 INFO  L138     BoogieDeclarations]: Found implementation of procedure s1_Forward
[2026-07-04 07:18:25,627 INFO  L124     BoogieDeclarations]: Specification and implementation of procedure s2_set_egress given in one single declaration
[2026-07-04 07:18:25,627 INFO  L130     BoogieDeclarations]: Found specification of procedure s2_set_egress
[2026-07-04 07:18:25,628 INFO  L138     BoogieDeclarations]: Found implementation of procedure s2_set_egress
[2026-07-04 07:18:25,628 INFO  L130     BoogieDeclarations]: Found specification of procedure s2_mark_to_drop
[2026-07-04 07:18:25,628 INFO  L130     BoogieDeclarations]: Found specification of procedure s1_packet_in.extract
[2026-07-04 07:18:25,628 INFO  L124     BoogieDeclarations]: Specification and implementation of procedure s2_gen_reply_act given in one single declaration
[2026-07-04 07:18:25,628 INFO  L130     BoogieDeclarations]: Found specification of procedure s2_gen_reply_act
[2026-07-04 07:18:25,628 INFO  L138     BoogieDeclarations]: Found implementation of procedure s2_gen_reply_act
[2026-07-04 07:18:25,628 INFO  L124     BoogieDeclarations]: Specification and implementation of procedure s2_Forward given in one single declaration
[2026-07-04 07:18:25,628 INFO  L130     BoogieDeclarations]: Found specification of procedure s2_Forward
[2026-07-04 07:18:25,628 INFO  L138     BoogieDeclarations]: Found implementation of procedure s2_Forward
[2026-07-04 07:18:25,628 INFO  L124     BoogieDeclarations]: Specification and implementation of procedure s1_pop_chain_act given in one single declaration
[2026-07-04 07:18:25,628 INFO  L130     BoogieDeclarations]: Found specification of procedure s1_pop_chain_act
[2026-07-04 07:18:25,628 INFO  L138     BoogieDeclarations]: Found implementation of procedure s1_pop_chain_act
[2026-07-04 07:18:25,629 INFO  L124     BoogieDeclarations]: Specification and implementation of procedure s2_pop_chain_act given in one single declaration
[2026-07-04 07:18:25,629 INFO  L130     BoogieDeclarations]: Found specification of procedure s2_pop_chain_act
[2026-07-04 07:18:25,629 INFO  L138     BoogieDeclarations]: Found implementation of procedure s2_pop_chain_act
[2026-07-04 07:18:25,629 INFO  L130     BoogieDeclarations]: Found specification of procedure s1_reject
[2026-07-04 07:18:25,629 INFO  L124     BoogieDeclarations]: Specification and implementation of procedure s1_find_index_act given in one single declaration
[2026-07-04 07:18:25,633 INFO  L130     BoogieDeclarations]: Found specification of procedure s1_find_index_act
[2026-07-04 07:18:25,633 INFO  L138     BoogieDeclarations]: Found implementation of procedure s1_find_index_act
[2026-07-04 07:18:25,633 INFO  L124     BoogieDeclarations]: Specification and implementation of procedure s1_gen_reply_act given in one single declaration
[2026-07-04 07:18:25,633 INFO  L130     BoogieDeclarations]: Found specification of procedure s1_gen_reply_act
[2026-07-04 07:18:25,633 INFO  L138     BoogieDeclarations]: Found implementation of procedure s1_gen_reply_act
[2026-07-04 07:18:25,633 INFO  L124     BoogieDeclarations]: Specification and implementation of procedure s2_ethernet_set_mac_act given in one single declaration
[2026-07-04 07:18:25,634 INFO  L130     BoogieDeclarations]: Found specification of procedure s2_ethernet_set_mac_act
[2026-07-04 07:18:25,634 INFO  L138     BoogieDeclarations]: Found implementation of procedure s2_ethernet_set_mac_act
[2026-07-04 07:18:25,634 INFO  L130     BoogieDeclarations]: Found specification of procedure s1_packet_in.extract.headers.overlay.next
[2026-07-04 07:18:25,634 INFO  L124     BoogieDeclarations]: Specification and implementation of procedure s1_sequence_reg.write given in one single declaration
[2026-07-04 07:18:25,634 INFO  L130     BoogieDeclarations]: Found specification of procedure s1_sequence_reg.write
[2026-07-04 07:18:25,634 INFO  L138     BoogieDeclarations]: Found implementation of procedure s1_sequence_reg.write
[2026-07-04 07:18:25,634 INFO  L124     BoogieDeclarations]: Specification and implementation of procedure s2_find_index_act given in one single declaration
[2026-07-04 07:18:25,634 INFO  L130     BoogieDeclarations]: Found specification of procedure s2_find_index_act
[2026-07-04 07:18:25,634 INFO  L138     BoogieDeclarations]: Found implementation of procedure s2_find_index_act
[2026-07-04 07:18:25,634 INFO  L124     BoogieDeclarations]: Specification and implementation of procedure s1_ethernet_set_mac_act given in one single declaration
[2026-07-04 07:18:25,634 INFO  L130     BoogieDeclarations]: Found specification of procedure s1_ethernet_set_mac_act
[2026-07-04 07:18:25,634 INFO  L138     BoogieDeclarations]: Found implementation of procedure s1_ethernet_set_mac_act
[2026-07-04 07:18:25,634 INFO  L130     BoogieDeclarations]: Found specification of procedure s1_mark_to_drop
[2026-07-04 07:18:25,634 INFO  L124     BoogieDeclarations]: Specification and implementation of procedure s2_mainProcedure given in one single declaration
[2026-07-04 07:18:25,634 INFO  L130     BoogieDeclarations]: Found specification of procedure s2_mainProcedure
[2026-07-04 07:18:25,634 INFO  L138     BoogieDeclarations]: Found implementation of procedure s2_mainProcedure
[2026-07-04 07:18:25,634 INFO  L124     BoogieDeclarations]: Specification and implementation of procedure __wraparound_assert given in one single declaration
[2026-07-04 07:18:25,634 INFO  L130     BoogieDeclarations]: Found specification of procedure __wraparound_assert
[2026-07-04 07:18:25,634 INFO  L138     BoogieDeclarations]: Found implementation of procedure __wraparound_assert
[2026-07-04 07:18:25,634 INFO  L130     BoogieDeclarations]: Found specification of procedure s2_packet_in.extract.headers.overlay.next
[2026-07-04 07:18:25,634 INFO  L124     BoogieDeclarations]: Specification and implementation of procedure s1_mainProcedure given in one single declaration
[2026-07-04 07:18:25,634 INFO  L130     BoogieDeclarations]: Found specification of procedure s1_mainProcedure
[2026-07-04 07:18:25,634 INFO  L138     BoogieDeclarations]: Found implementation of procedure s1_mainProcedure
[2026-07-04 07:18:25,634 INFO  L130     BoogieDeclarations]: Found specification of procedure s2_reject
[2026-07-04 07:18:25,634 INFO  L130     BoogieDeclarations]: Found specification of procedure s2_packet_in.extract
[2026-07-04 07:18:25,635 INFO  L124     BoogieDeclarations]: Specification and implementation of procedure s2_sequence_reg.write given in one single declaration
[2026-07-04 07:18:25,635 INFO  L130     BoogieDeclarations]: Found specification of procedure s2_sequence_reg.write
[2026-07-04 07:18:25,635 INFO  L138     BoogieDeclarations]: Found implementation of procedure s2_sequence_reg.write
[2026-07-04 07:18:25,635 INFO  L124     BoogieDeclarations]: Specification and implementation of procedure s1_set_egress given in one single declaration
[2026-07-04 07:18:25,635 INFO  L130     BoogieDeclarations]: Found specification of procedure s1_set_egress
[2026-07-04 07:18:25,635 INFO  L138     BoogieDeclarations]: Found implementation of procedure s1_set_egress
[2026-07-04 07:18:25,635 INFO  L124     BoogieDeclarations]: Specification and implementation of procedure ULTIMATE.start given in one single declaration
[2026-07-04 07:18:25,635 INFO  L130     BoogieDeclarations]: Found specification of procedure ULTIMATE.start
[2026-07-04 07:18:25,635 INFO  L138     BoogieDeclarations]: Found implementation of procedure ULTIMATE.start
[2026-07-04 07:18:26,040 INFO  L234             CfgBuilder]: Building ICFG
[2026-07-04 07:18:26,046 INFO  L260             CfgBuilder]: Building CFG for each procedure with an implementation
[2026-07-04 07:18:27,207 INFO  L?                        ?]: Removed 10 outVars from TransFormulas that were not future-live.
[2026-07-04 07:18:27,208 INFO  L283             CfgBuilder]: Performing block encoding
[2026-07-04 07:18:27,221 INFO  L89      LargeBlockEncoding]: Applying CFG Large Block Encoding to ICFG that has 18 procedures, 290 locations, 451 edges, 0 initial locations, 0 loop locations, and 1 error locations.
[2026-07-04 07:18:27,242 INFO  L139     LargeBlockEncoding]: LargeBlockEncoding completed in 33 ms, with 0 straightline sequential compositions, 0 parallel compositions, 0 1:n/n:1 sequential compositions and 0 complex sequential compositions.
[2026-07-04 07:18:27,244 INFO  L307             CfgBuilder]: Using the 1 location(s) as analysis (start of procedure ULTIMATE.start)
[2026-07-04 07:18:27,244 INFO  L312             CfgBuilder]: Removed 5 assume(true) statements.
[2026-07-04 07:18:27,244 INFO  L314             CfgBuilder]: Constructed ICFG has 18 procedures, 290 locations, 451 edges, 1 initial locations, 0 loop locations, and 1 error locations.
[2026-07-04 07:18:27,244 INFO  L201        PluginConnector]: Adding new model netchain_wraparound_bug.cegis.00.confirm.unroll1.bpl de.uni_freiburg.informatik.ultimate.plugins.generator.rcfgbuilder CFG 04.07 07:18:27 BoogieIcfgContainer
[2026-07-04 07:18:27,244 INFO  L131        PluginConnector]: ------------------------ END RCFGBuilder----------------------------
[2026-07-04 07:18:27,254 INFO  L112        PluginConnector]: ------------------------TraceAbstraction----------------------------
[2026-07-04 07:18:27,254 INFO  L270        PluginConnector]: Initializing TraceAbstraction...
[2026-07-04 07:18:27,259 INFO  L274        PluginConnector]: TraceAbstraction initialized
[2026-07-04 07:18:27,259 INFO  L184        PluginConnector]: Executing the observer TraceAbstractionObserver from plugin TraceAbstraction for "netchain_wraparound_bug.cegis.00.confirm.unroll1.bpl de.uni_freiburg.informatik.ultimate.boogie.parser AST 04.07 07:18:25" (1/2) ...
[2026-07-04 07:18:27,259 INFO  L204        PluginConnector]: Invalid model from TraceAbstraction for observer de.uni_freiburg.informatik.ultimate.plugins.generator.traceabstraction.TraceAbstractionObserver@1fc1b975 and model type netchain_wraparound_bug.cegis.00.confirm.unroll1.bpl de.uni_freiburg.informatik.ultimate.plugins.generator.traceabstraction AST 04.07 07:18:27, skipping insertion in model container
[2026-07-04 07:18:27,259 INFO  L184        PluginConnector]: Executing the observer TraceAbstractionObserver from plugin TraceAbstraction for "netchain_wraparound_bug.cegis.00.confirm.unroll1.bpl de.uni_freiburg.informatik.ultimate.plugins.generator.rcfgbuilder CFG 04.07 07:18:27" (2/2) ...
[2026-07-04 07:18:27,260 INFO  L128   eAbstractionObserver]: Analyzing ICFG netchain_wraparound_bug.cegis.00.confirm.unroll1.bpl
[2026-07-04 07:18:27,274 INFO  L217   ceAbstractionStarter]: Automizer settings: Hoare:LoopHeads NWA Interpolation:FPandBP Determinization: PREDICATE_ABSTRACTION
[2026-07-04 07:18:27,275 INFO  L151   ceAbstractionStarter]: Applying trace abstraction to ICFG netchain_wraparound_bug.cegis.00.confirm.unroll1.bpl that has 18 procedures, 290 locations, 451 edges, 1 initial locations, 0 loop locations, and 1 error locations.
[2026-07-04 07:18:27,276 WARN  L366   ceAbstractionStarter]: Program is not concurrent. Changing CEGAR restart behaviour to ONLY_ONE_CEGAR
[2026-07-04 07:18:27,452 INFO  L344      AbstractCegarLoop]: ======== Iteration 0 == of CEGAR loop == AllErrorsAtOnce ========
[2026-07-04 07:18:27,476 INFO  L345      AbstractCegarLoop]: Settings: SEPARATE_VIOLATION_CHECK=true, mInterprocedural=true, mMaxIterations=1000000, mWatchIteration=1000000, mArtifact=RCFG, mInterpolation=FPandBP, mInterpolantAutomaton=STRAIGHT_LINE, mDumpAutomata=false, mAutomataFormat=ATS_NUMERATE, mDumpPath=., mDeterminiation=PREDICATE_ABSTRACTION, mMinimize=MINIMIZE_SEVPA, mAutomataTypeConcurrency=PARTIAL_ORDER_FA, mHoareTripleChecks=INCREMENTAL, mHoareAnnotationPositions=LoopHeads, mDumpOnlyReuseAutomata=false, mLimitTraceHistogram=0, mErrorLocTimeLimit=0, mLimitPathProgramCount=0, mCollectInterpolantStatistics=true, mHeuristicEmptinessCheck=false, mHeuristicEmptinessCheckAStarHeuristic=ZERO, mHeuristicEmptinessCheckAStarHeuristicRandomSeed=1337, mHeuristicEmptinessCheckSmtFeatureScoringMethod=DAGSIZE, mSMTFeatureExtraction=false, mSMTFeatureExtractionDumpPath=., mOverrideInterpolantAutomaton=false, mMcrInterpolantMethod=WP, mPorIndependenceSettings=[Lde.uni_freiburg.informatik.ultimate.lib.tracecheckerutils.partialorder.independence.IndependenceSettings;@6425ff72, mLbeIndependenceSettings=[IndependenceType=SEMANTIC, AbstractionType=NONE, UseConditional=false, UseSemiCommutativity=true, Solver=Z3, SolverTimeout=1000ms]
[2026-07-04 07:18:27,476 INFO  L346      AbstractCegarLoop]: Starting to check reachability of 1 error locations.
[2026-07-04 07:18:27,487 INFO  L278                IsEmpty]: Start isEmpty. Operand  has 290 states, 230 states have (on average 1.4260869565217391) internal successors, (328), 262 states have internal predecessors, (328), 41 states have call successors, (41), 17 states have call predecessors, (41), 17 states have return successors, (41), 20 states have call predecessors, (41), 41 states have call successors, (41)
[2026-07-04 07:18:27,515 INFO  L284                IsEmpty]: Finished isEmpty. Found accepting run of length 49
[2026-07-04 07:18:27,515 INFO  L199           NwaCegarLoop]: Found error trace
[2026-07-04 07:18:27,516 INFO  L207           NwaCegarLoop]: trace histogram [1, 1, 1, 1, 1, 1, 1, 1, 1, 1, 1, 1, 1, 1, 1, 1, 1, 1, 1, 1, 1, 1, 1, 1, 1, 1, 1, 1, 1, 1, 1, 1, 1, 1, 1, 1, 1, 1, 1, 1, 1, 1, 1, 1, 1, 1, 1, 1]
[2026-07-04 07:18:27,516 INFO  L408      AbstractCegarLoop]: === Iteration 1 === Targeting __wraparound_assertErr0ASSERT_VIOLATIONASSERT === [__wraparound_assertErr0ASSERT_VIOLATIONASSERT] ===
[2026-07-04 07:18:27,521 INFO  L156       PredicateUnifier]: Initialized classic predicate unifier
[2026-07-04 07:18:27,521 INFO  L85        PathProgramCache]: Analyzing trace with hash -424779982, now seen corresponding path program 1 times
[2026-07-04 07:18:27,533 INFO  L118   FreeRefinementEngine]: Executing refinement strategy FIXED_PREFERENCES
[2026-07-04 07:18:27,534 INFO  L324   FreeRefinementEngine]: Using trace check IpTcStrategyModulePreferences [102733950]
[2026-07-04 07:18:27,534 INFO  L97    rtionOrderModulation]: Keeping assertion order NOT_INCREMENTALLY
[2026-07-04 07:18:27,534 INFO  L173          SolverBuilder]: Constructing external solver with command: z3 SMTLIB2_COMPLIANT=true -memory:2024 -smt2 -in
[2026-07-04 07:18:27,542 INFO  L189       MonitoredProcess]: No working directory specified, using /usr/bin/z3
[2026-07-04 07:18:27,634 INFO  L229       MonitoredProcess]: Starting monitored process 2 with /usr/bin/z3 SMTLIB2_COMPLIANT=true -memory:2024 -smt2 -in (exit command is (exit), workingDir is null)
[2026-07-04 07:18:27,637 INFO  L327       MonitoredProcess]: [MP /usr/bin/z3 SMTLIB2_COMPLIANT=true -memory:2024 -smt2 -in (2)] Waiting until timeout for monitored process
[2026-07-04 07:18:28,005 INFO  L108    AnnotateAndAsserter]: Assert order NOT_INCREMENTALLY partitioned 48 statements into 1 equivalence classes.
[2026-07-04 07:18:28,106 INFO  L111    AnnotateAndAsserter]: Assert order NOT_INCREMENTALLY issued 1 check-sat command(s) and asserted 48 of 48 statements.
[2026-07-04 07:18:28,107 INFO  L114    AnnotateAndAsserter]: Assert order NOT_INCREMENTALLY issued 1 check-sat command(s)
[2026-07-04 07:18:28,107 INFO  L115    AnnotateAndAsserter]: Conjunction of SSA is unsat
[2026-07-04 07:18:28,117 INFO  L256         TraceCheckSpWp]: Trace formula consists of 599 conjuncts, 1 conjuncts are in the unsatisfiable core
[2026-07-04 07:18:28,130 INFO  L279         TraceCheckSpWp]: Computing forward predicates...
[2026-07-04 07:18:28,161 INFO  L134       CoverageAnalysis]: Checked inductivity of 0 backedges. 0 proven. 0 refuted. 0 times theorem prover too weak. 0 trivial. 0 not checked.
[2026-07-04 07:18:28,163 INFO  L312         TraceCheckSpWp]: Computing backward predicates...
[2026-07-04 07:18:28,208 INFO  L134       CoverageAnalysis]: Checked inductivity of 0 backedges. 0 proven. 0 refuted. 0 times theorem prover too weak. 0 trivial. 0 not checked.
[2026-07-04 07:18:28,208 INFO  L136   FreeRefinementEngine]: Strategy FIXED_PREFERENCES found an infeasible trace
[2026-07-04 07:18:28,208 INFO  L324   FreeRefinementEngine]: Using interpolant generator IpTcStrategyModulePreferences [102733950]
[2026-07-04 07:18:28,209 INFO  L158   FreeRefinementEngine]: IpTcStrategyModulePreferences [102733950] provided 2 perfect and 0 imperfect interpolant sequences
[2026-07-04 07:18:28,209 INFO  L185   FreeRefinementEngine]: Found 2 perfect and 0 imperfect interpolant sequences.
[2026-07-04 07:18:28,217 INFO  L198   FreeRefinementEngine]: Number of different interpolants: perfect sequences [2, 2] imperfect sequences [] total 2
[2026-07-04 07:18:28,218 INFO  L121   tionRefinementEngine]: Using interpolant automaton builder IpAbStrategyModuleStraightlineAll [1890662415]
[2026-07-04 07:18:28,218 INFO  L85    oduleStraightlineAll]: Using 2 perfect interpolants to construct interpolant automaton
[2026-07-04 07:18:28,220 INFO  L567      AbstractCegarLoop]: INTERPOLANT automaton has 2 states
[2026-07-04 07:18:28,220 INFO  L100   FreeRefinementEngine]: Using predicate unifier PredicateUnifier provided by strategy FIXED_PREFERENCES
[2026-07-04 07:18:28,258 INFO  L144   InterpolantAutomaton]: Constructing interpolant automaton starting with 2 interpolants.
[2026-07-04 07:18:28,259 INFO  L146   InterpolantAutomaton]: CoverageRelationStatistics Valid=1, Invalid=1, Unknown=0, NotChecked=0, Total=2
[2026-07-04 07:18:28,261 INFO  L87              Difference]: Start difference. First operand  has 290 states, 230 states have (on average 1.4260869565217391) internal successors, (328), 262 states have internal predecessors, (328), 41 states have call successors, (41), 17 states have call predecessors, (41), 17 states have return successors, (41), 20 states have call predecessors, (41), 41 states have call successors, (41) Second operand  has 2 states, 2 states have (on average 33.5) internal successors, (67), 2 states have internal predecessors, (67), 1 states have call successors, (5), 2 states have call predecessors, (5), 2 states have return successors, (4), 1 states have call predecessors, (4), 1 states have call successors, (4)
[2026-07-04 07:18:28,321 INFO  L144             Difference]: Subtrahend was deterministic. Have not used determinization.
[2026-07-04 07:18:28,322 INFO  L93              Difference]: Finished difference Result 578 states and 819 transitions.
[2026-07-04 07:18:28,322 INFO  L140   InterpolantAutomaton]: Switched to read-only mode: deterministic interpolant automaton has 2 states. 
[2026-07-04 07:18:28,323 INFO  L79                 Accepts]: Start accepts. Automaton has  has 2 states, 2 states have (on average 33.5) internal successors, (67), 2 states have internal predecessors, (67), 1 states have call successors, (5), 2 states have call predecessors, (5), 2 states have return successors, (4), 1 states have call predecessors, (4), 1 states have call successors, (4) Word has length 48
[2026-07-04 07:18:28,323 INFO  L85                 Accepts]: Finished accepts. some prefix is accepted.
[2026-07-04 07:18:28,337 INFO  L225             Difference]: With dead ends: 578
[2026-07-04 07:18:28,337 INFO  L226             Difference]: Without dead ends: 286
[2026-07-04 07:18:28,348 INFO  L425           NwaCegarLoop]: 0 DeclaredPredicates, 94 GetRequests, 94 SyntacticMatches, 0 SemanticMatches, 0 ConstructedPredicates, 0 IntricatePredicates, 0 DeprecatedPredicates, 0 ImplicationChecksByTransitivity, 0.0s TimeCoverageRelationStatistics Valid=1, Invalid=1, Unknown=0, NotChecked=0, Total=2
[2026-07-04 07:18:28,354 INFO  L426           NwaCegarLoop]: 404 mSDtfsCounter, 0 mSDsluCounter, 0 mSDsCounter, 0 mSdLazyCounter, 0 mSolverCounterSat, 0 mSolverCounterUnsat, 0 mSolverCounterUnknown, 0 mSolverCounterNotChecked, 0.0s Time, 0 mProtectedPredicate, 0 mProtectedAction, 0 SdHoareTripleChecker+Valid, 404 SdHoareTripleChecker+Invalid, 0 SdHoareTripleChecker+Unknown, 0 SdHoareTripleChecker+Unchecked, 0.0s SdHoareTripleChecker+Time, 0 IncrementalHoareTripleChecker+Valid, 0 IncrementalHoareTripleChecker+Invalid, 0 IncrementalHoareTripleChecker+Unknown, 0 IncrementalHoareTripleChecker+Unchecked, 0.0s IncrementalHoareTripleChecker+Time
[2026-07-04 07:18:28,362 INFO  L427           NwaCegarLoop]: SdHoareTripleChecker [0 Valid, 404 Invalid, 0 Unknown, 0 Unchecked, 0.0s Time], IncrementalHoareTripleChecker [0 Valid, 0 Invalid, 0 Unknown, 0 Unchecked, 0.0s Time]
[2026-07-04 07:18:28,382 INFO  L82        GeneralOperation]: Start minimizeSevpa. Operand 286 states.
[2026-07-04 07:18:28,427 INFO  L88        GeneralOperation]: Finished minimizeSevpa. Reduced states from 286 to 286.
[2026-07-04 07:18:28,428 INFO  L82        GeneralOperation]: Start removeUnreachable. Operand  has 286 states, 227 states have (on average 1.4008810572687225) internal successors, (318), 258 states have internal predecessors, (318), 41 states have call successors, (41), 17 states have call predecessors, (41), 17 states have return successors, (40), 19 states have call predecessors, (40), 40 states have call successors, (40)
[2026-07-04 07:18:28,438 INFO  L88        GeneralOperation]: Finished removeUnreachable. Reduced from 286 states to 286 states and 399 transitions.
[2026-07-04 07:18:28,445 INFO  L79                 Accepts]: Start accepts. Automaton has 286 states and 399 transitions. Word has length 48
[2026-07-04 07:18:28,446 INFO  L85                 Accepts]: Finished accepts. word is rejected.
[2026-07-04 07:18:28,446 INFO  L490      AbstractCegarLoop]: Abstraction has 286 states and 399 transitions.
[2026-07-04 07:18:28,446 INFO  L491      AbstractCegarLoop]: INTERPOLANT automaton has  has 2 states, 2 states have (on average 33.5) internal successors, (67), 2 states have internal predecessors, (67), 1 states have call successors, (5), 2 states have call predecessors, (5), 2 states have return successors, (4), 1 states have call predecessors, (4), 1 states have call successors, (4)
[2026-07-04 07:18:28,446 INFO  L278                IsEmpty]: Start isEmpty. Operand 286 states and 399 transitions.
[2026-07-04 07:18:28,448 INFO  L284                IsEmpty]: Finished isEmpty. Found accepting run of length 49
[2026-07-04 07:18:28,448 INFO  L199           NwaCegarLoop]: Found error trace
[2026-07-04 07:18:28,448 INFO  L207           NwaCegarLoop]: trace histogram [1, 1, 1, 1, 1, 1, 1, 1, 1, 1, 1, 1, 1, 1, 1, 1, 1, 1, 1, 1, 1, 1, 1, 1, 1, 1, 1, 1, 1, 1, 1, 1, 1, 1, 1, 1, 1, 1, 1, 1, 1, 1, 1, 1, 1, 1, 1, 1]
[2026-07-04 07:18:28,457 INFO  L534       MonitoredProcess]: [MP /usr/bin/z3 SMTLIB2_COMPLIANT=true -memory:2024 -smt2 -in (2)] Forceful destruction successful, exit code 0
[2026-07-04 07:18:28,649 WARN  L471      AbstractCegarLoop]: Destroyed unattended storables created during the last iteration: 2 /usr/bin/z3 SMTLIB2_COMPLIANT=true -memory:2024 -smt2 -in
[2026-07-04 07:18:28,649 INFO  L408      AbstractCegarLoop]: === Iteration 2 === Targeting __wraparound_assertErr0ASSERT_VIOLATIONASSERT === [__wraparound_assertErr0ASSERT_VIOLATIONASSERT] ===
[2026-07-04 07:18:28,656 INFO  L156       PredicateUnifier]: Initialized classic predicate unifier
[2026-07-04 07:18:28,656 INFO  L85        PathProgramCache]: Analyzing trace with hash -71691600, now seen corresponding path program 1 times
[2026-07-04 07:18:28,656 INFO  L118   FreeRefinementEngine]: Executing refinement strategy FIXED_PREFERENCES
[2026-07-04 07:18:28,656 INFO  L324   FreeRefinementEngine]: Using trace check IpTcStrategyModulePreferences [789321684]
[2026-07-04 07:18:28,656 INFO  L97    rtionOrderModulation]: Keeping assertion order NOT_INCREMENTALLY
[2026-07-04 07:18:28,656 INFO  L173          SolverBuilder]: Constructing external solver with command: z3 SMTLIB2_COMPLIANT=true -memory:2024 -smt2 -in
[2026-07-04 07:18:28,658 INFO  L189       MonitoredProcess]: No working directory specified, using /usr/bin/z3
[2026-07-04 07:18:28,661 INFO  L229       MonitoredProcess]: Starting monitored process 3 with /usr/bin/z3 SMTLIB2_COMPLIANT=true -memory:2024 -smt2 -in (exit command is (exit), workingDir is null)
[2026-07-04 07:18:28,663 INFO  L327       MonitoredProcess]: [MP /usr/bin/z3 SMTLIB2_COMPLIANT=true -memory:2024 -smt2 -in (3)] Waiting until timeout for monitored process
[2026-07-04 07:18:28,898 INFO  L108    AnnotateAndAsserter]: Assert order NOT_INCREMENTALLY partitioned 48 statements into 1 equivalence classes.
[2026-07-04 07:18:28,970 INFO  L111    AnnotateAndAsserter]: Assert order NOT_INCREMENTALLY issued 1 check-sat command(s) and asserted 48 of 48 statements.
[2026-07-04 07:18:28,971 INFO  L114    AnnotateAndAsserter]: Assert order NOT_INCREMENTALLY issued 1 check-sat command(s)
[2026-07-04 07:18:28,971 INFO  L115    AnnotateAndAsserter]: Conjunction of SSA is unsat
[2026-07-04 07:18:28,978 INFO  L256         TraceCheckSpWp]: Trace formula consists of 600 conjuncts, 2 conjuncts are in the unsatisfiable core
[2026-07-04 07:18:28,980 INFO  L279         TraceCheckSpWp]: Computing forward predicates...
[2026-07-04 07:18:29,010 INFO  L134       CoverageAnalysis]: Checked inductivity of 0 backedges. 0 proven. 0 refuted. 0 times theorem prover too weak. 0 trivial. 0 not checked.
[2026-07-04 07:18:29,010 INFO  L312         TraceCheckSpWp]: Computing backward predicates...
[2026-07-04 07:18:29,105 INFO  L134       CoverageAnalysis]: Checked inductivity of 0 backedges. 0 proven. 0 refuted. 0 times theorem prover too weak. 0 trivial. 0 not checked.
[2026-07-04 07:18:29,105 INFO  L136   FreeRefinementEngine]: Strategy FIXED_PREFERENCES found an infeasible trace
[2026-07-04 07:18:29,105 INFO  L324   FreeRefinementEngine]: Using interpolant generator IpTcStrategyModulePreferences [789321684]
[2026-07-04 07:18:29,105 INFO  L158   FreeRefinementEngine]: IpTcStrategyModulePreferences [789321684] provided 2 perfect and 0 imperfect interpolant sequences
[2026-07-04 07:18:29,105 INFO  L185   FreeRefinementEngine]: Found 2 perfect and 0 imperfect interpolant sequences.
[2026-07-04 07:18:29,105 INFO  L198   FreeRefinementEngine]: Number of different interpolants: perfect sequences [3, 4] imperfect sequences [] total 4
[2026-07-04 07:18:29,105 INFO  L121   tionRefinementEngine]: Using interpolant automaton builder IpAbStrategyModuleStraightlineAll [596816851]
[2026-07-04 07:18:29,105 INFO  L85    oduleStraightlineAll]: Using 2 perfect interpolants to construct interpolant automaton
[2026-07-04 07:18:29,106 INFO  L567      AbstractCegarLoop]: INTERPOLANT automaton has 4 states
[2026-07-04 07:18:29,106 INFO  L100   FreeRefinementEngine]: Using predicate unifier PredicateUnifier provided by strategy FIXED_PREFERENCES
[2026-07-04 07:18:29,107 INFO  L144   InterpolantAutomaton]: Constructing interpolant automaton starting with 4 interpolants.
[2026-07-04 07:18:29,107 INFO  L146   InterpolantAutomaton]: CoverageRelationStatistics Valid=5, Invalid=7, Unknown=0, NotChecked=0, Total=12
[2026-07-04 07:18:29,107 INFO  L87              Difference]: Start difference. First operand 286 states and 399 transitions. Second operand  has 4 states, 4 states have (on average 16.75) internal successors, (67), 4 states have internal predecessors, (67), 2 states have call successors, (5), 3 states have call predecessors, (5), 3 states have return successors, (4), 1 states have call predecessors, (4), 2 states have call successors, (4)
[2026-07-04 07:18:29,809 INFO  L144             Difference]: Subtrahend was deterministic. Have not used determinization.
[2026-07-04 07:18:29,810 INFO  L93              Difference]: Finished difference Result 965 states and 1343 transitions.
[2026-07-04 07:18:29,810 INFO  L140   InterpolantAutomaton]: Switched to read-only mode: deterministic interpolant automaton has 4 states. 
[2026-07-04 07:18:29,810 INFO  L79                 Accepts]: Start accepts. Automaton has  has 4 states, 4 states have (on average 16.75) internal successors, (67), 4 states have internal predecessors, (67), 2 states have call successors, (5), 3 states have call predecessors, (5), 3 states have return successors, (4), 1 states have call predecessors, (4), 2 states have call successors, (4) Word has length 48
[2026-07-04 07:18:29,811 INFO  L85                 Accepts]: Finished accepts. some prefix is accepted.
[2026-07-04 07:18:29,814 INFO  L225             Difference]: With dead ends: 965
[2026-07-04 07:18:29,814 INFO  L226             Difference]: Without dead ends: 698
[2026-07-04 07:18:29,815 INFO  L425           NwaCegarLoop]: 0 DeclaredPredicates, 94 GetRequests, 92 SyntacticMatches, 0 SemanticMatches, 2 ConstructedPredicates, 0 IntricatePredicates, 0 DeprecatedPredicates, 0 ImplicationChecksByTransitivity, 0.0s TimeCoverageRelationStatistics Valid=5, Invalid=7, Unknown=0, NotChecked=0, Total=12
[2026-07-04 07:18:29,816 INFO  L426           NwaCegarLoop]: 764 mSDtfsCounter, 736 mSDsluCounter, 807 mSDsCounter, 0 mSdLazyCounter, 169 mSolverCounterSat, 1 mSolverCounterUnsat, 0 mSolverCounterUnknown, 0 mSolverCounterNotChecked, 0.5s Time, 0 mProtectedPredicate, 0 mProtectedAction, 736 SdHoareTripleChecker+Valid, 1571 SdHoareTripleChecker+Invalid, 170 SdHoareTripleChecker+Unknown, 0 SdHoareTripleChecker+Unchecked, 0.0s SdHoareTripleChecker+Time, 1 IncrementalHoareTripleChecker+Valid, 169 IncrementalHoareTripleChecker+Invalid, 0 IncrementalHoareTripleChecker+Unknown, 0 IncrementalHoareTripleChecker+Unchecked, 0.6s IncrementalHoareTripleChecker+Time
[2026-07-04 07:18:29,816 INFO  L427           NwaCegarLoop]: SdHoareTripleChecker [736 Valid, 1571 Invalid, 170 Unknown, 0 Unchecked, 0.0s Time], IncrementalHoareTripleChecker [1 Valid, 169 Invalid, 0 Unknown, 0 Unchecked, 0.6s Time]
[2026-07-04 07:18:29,817 INFO  L82        GeneralOperation]: Start minimizeSevpa. Operand 698 states.
[2026-07-04 07:18:29,882 INFO  L88        GeneralOperation]: Finished minimizeSevpa. Reduced states from 698 to 539.
[2026-07-04 07:18:29,883 INFO  L82        GeneralOperation]: Start removeUnreachable. Operand  has 539 states, 426 states have (on average 1.3896713615023475) internal successors, (592), 487 states have internal predecessors, (592), 80 states have call successors, (80), 33 states have call predecessors, (80), 32 states have return successors, (79), 35 states have call predecessors, (79), 78 states have call successors, (79)
[2026-07-04 07:18:29,884 INFO  L88        GeneralOperation]: Finished removeUnreachable. Reduced from 539 states to 539 states and 751 transitions.
[2026-07-04 07:18:29,885 INFO  L79                 Accepts]: Start accepts. Automaton has 539 states and 751 transitions. Word has length 48
[2026-07-04 07:18:29,885 INFO  L85                 Accepts]: Finished accepts. word is rejected.
[2026-07-04 07:18:29,885 INFO  L490      AbstractCegarLoop]: Abstraction has 539 states and 751 transitions.
[2026-07-04 07:18:29,885 INFO  L491      AbstractCegarLoop]: INTERPOLANT automaton has  has 4 states, 4 states have (on average 16.75) internal successors, (67), 4 states have internal predecessors, (67), 2 states have call successors, (5), 3 states have call predecessors, (5), 3 states have return successors, (4), 1 states have call predecessors, (4), 2 states have call successors, (4)
[2026-07-04 07:18:29,885 INFO  L278                IsEmpty]: Start isEmpty. Operand 539 states and 751 transitions.
[2026-07-04 07:18:29,895 INFO  L284                IsEmpty]: Finished isEmpty. Found accepting run of length 49
[2026-07-04 07:18:29,895 INFO  L199           NwaCegarLoop]: Found error trace
[2026-07-04 07:18:29,895 INFO  L207           NwaCegarLoop]: trace histogram [1, 1, 1, 1, 1, 1, 1, 1, 1, 1, 1, 1, 1, 1, 1, 1, 1, 1, 1, 1, 1, 1, 1, 1, 1, 1, 1, 1, 1, 1, 1, 1, 1, 1, 1, 1, 1, 1, 1, 1, 1, 1, 1, 1, 1, 1, 1, 1]
[2026-07-04 07:18:29,914 INFO  L534       MonitoredProcess]: [MP /usr/bin/z3 SMTLIB2_COMPLIANT=true -memory:2024 -smt2 -in (3)] Forceful destruction successful, exit code 0
[2026-07-04 07:18:30,096 WARN  L471      AbstractCegarLoop]: Destroyed unattended storables created during the last iteration: 3 /usr/bin/z3 SMTLIB2_COMPLIANT=true -memory:2024 -smt2 -in
[2026-07-04 07:18:30,096 INFO  L408      AbstractCegarLoop]: === Iteration 3 === Targeting __wraparound_assertErr0ASSERT_VIOLATIONASSERT === [__wraparound_assertErr0ASSERT_VIOLATIONASSERT] ===
[2026-07-04 07:18:30,096 INFO  L156       PredicateUnifier]: Initialized classic predicate unifier
[2026-07-04 07:18:30,097 INFO  L85        PathProgramCache]: Analyzing trace with hash -969084878, now seen corresponding path program 1 times
[2026-07-04 07:18:30,097 INFO  L118   FreeRefinementEngine]: Executing refinement strategy FIXED_PREFERENCES
[2026-07-04 07:18:30,097 INFO  L324   FreeRefinementEngine]: Using trace check IpTcStrategyModulePreferences [95802214]
[2026-07-04 07:18:30,097 INFO  L97    rtionOrderModulation]: Keeping assertion order NOT_INCREMENTALLY
[2026-07-04 07:18:30,097 INFO  L173          SolverBuilder]: Constructing external solver with command: z3 SMTLIB2_COMPLIANT=true -memory:2024 -smt2 -in
[2026-07-04 07:18:30,098 INFO  L189       MonitoredProcess]: No working directory specified, using /usr/bin/z3
[2026-07-04 07:18:30,105 INFO  L229       MonitoredProcess]: Starting monitored process 4 with /usr/bin/z3 SMTLIB2_COMPLIANT=true -memory:2024 -smt2 -in (exit command is (exit), workingDir is null)
[2026-07-04 07:18:30,106 INFO  L327       MonitoredProcess]: [MP /usr/bin/z3 SMTLIB2_COMPLIANT=true -memory:2024 -smt2 -in (4)] Waiting until timeout for monitored process
[2026-07-04 07:18:30,347 INFO  L108    AnnotateAndAsserter]: Assert order NOT_INCREMENTALLY partitioned 48 statements into 1 equivalence classes.
[2026-07-04 07:18:30,410 INFO  L111    AnnotateAndAsserter]: Assert order NOT_INCREMENTALLY issued 1 check-sat command(s) and asserted 48 of 48 statements.
[2026-07-04 07:18:30,410 INFO  L114    AnnotateAndAsserter]: Assert order NOT_INCREMENTALLY issued 1 check-sat command(s)
[2026-07-04 07:18:30,410 INFO  L115    AnnotateAndAsserter]: Conjunction of SSA is unsat
[2026-07-04 07:18:30,421 INFO  L256         TraceCheckSpWp]: Trace formula consists of 481 conjuncts, 2 conjuncts are in the unsatisfiable core
[2026-07-04 07:18:30,422 INFO  L279         TraceCheckSpWp]: Computing forward predicates...
[2026-07-04 07:18:30,436 INFO  L134       CoverageAnalysis]: Checked inductivity of 0 backedges. 0 proven. 0 refuted. 0 times theorem prover too weak. 0 trivial. 0 not checked.
[2026-07-04 07:18:30,436 INFO  L312         TraceCheckSpWp]: Computing backward predicates...
[2026-07-04 07:18:30,460 INFO  L134       CoverageAnalysis]: Checked inductivity of 0 backedges. 0 proven. 0 refuted. 0 times theorem prover too weak. 0 trivial. 0 not checked.
[2026-07-04 07:18:30,460 INFO  L136   FreeRefinementEngine]: Strategy FIXED_PREFERENCES found an infeasible trace
[2026-07-04 07:18:30,460 INFO  L324   FreeRefinementEngine]: Using interpolant generator IpTcStrategyModulePreferences [95802214]
[2026-07-04 07:18:30,460 INFO  L158   FreeRefinementEngine]: IpTcStrategyModulePreferences [95802214] provided 2 perfect and 0 imperfect interpolant sequences
[2026-07-04 07:18:30,460 INFO  L185   FreeRefinementEngine]: Found 2 perfect and 0 imperfect interpolant sequences.
[2026-07-04 07:18:30,460 INFO  L198   FreeRefinementEngine]: Number of different interpolants: perfect sequences [3, 3] imperfect sequences [] total 3
[2026-07-04 07:18:30,460 INFO  L121   tionRefinementEngine]: Using interpolant automaton builder IpAbStrategyModuleStraightlineAll [929570945]
[2026-07-04 07:18:30,460 INFO  L85    oduleStraightlineAll]: Using 2 perfect interpolants to construct interpolant automaton
[2026-07-04 07:18:30,460 INFO  L567      AbstractCegarLoop]: INTERPOLANT automaton has 3 states
[2026-07-04 07:18:30,460 INFO  L100   FreeRefinementEngine]: Using predicate unifier PredicateUnifier provided by strategy FIXED_PREFERENCES
[2026-07-04 07:18:30,461 INFO  L144   InterpolantAutomaton]: Constructing interpolant automaton starting with 3 interpolants.
[2026-07-04 07:18:30,461 INFO  L146   InterpolantAutomaton]: CoverageRelationStatistics Valid=3, Invalid=3, Unknown=0, NotChecked=0, Total=6
[2026-07-04 07:18:30,461 INFO  L87              Difference]: Start difference. First operand 539 states and 751 transitions. Second operand  has 3 states, 3 states have (on average 15.0) internal successors, (45), 3 states have internal predecessors, (45), 2 states have call successors, (4), 2 states have call predecessors, (4), 2 states have return successors, (3), 1 states have call predecessors, (3), 2 states have call successors, (3)
[2026-07-04 07:18:30,500 INFO  L144             Difference]: Subtrahend was deterministic. Have not used determinization.
[2026-07-04 07:18:30,501 INFO  L93              Difference]: Finished difference Result 891 states and 1233 transitions.
[2026-07-04 07:18:30,509 INFO  L140   InterpolantAutomaton]: Switched to read-only mode: deterministic interpolant automaton has 3 states. 
[2026-07-04 07:18:30,510 INFO  L79                 Accepts]: Start accepts. Automaton has  has 3 states, 3 states have (on average 15.0) internal successors, (45), 3 states have internal predecessors, (45), 2 states have call successors, (4), 2 states have call predecessors, (4), 2 states have return successors, (3), 1 states have call predecessors, (3), 2 states have call successors, (3) Word has length 48
[2026-07-04 07:18:30,510 INFO  L85                 Accepts]: Finished accepts. some prefix is accepted.
[2026-07-04 07:18:30,512 INFO  L225             Difference]: With dead ends: 891
[2026-07-04 07:18:30,512 INFO  L226             Difference]: Without dead ends: 715
[2026-07-04 07:18:30,516 INFO  L425           NwaCegarLoop]: 0 DeclaredPredicates, 94 GetRequests, 93 SyntacticMatches, 0 SemanticMatches, 1 ConstructedPredicates, 0 IntricatePredicates, 0 DeprecatedPredicates, 0 ImplicationChecksByTransitivity, 0.0s TimeCoverageRelationStatistics Valid=3, Invalid=3, Unknown=0, NotChecked=0, Total=6
[2026-07-04 07:18:30,517 INFO  L426           NwaCegarLoop]: 591 mSDtfsCounter, 232 mSDsluCounter, 391 mSDsCounter, 0 mSdLazyCounter, 3 mSolverCounterSat, 0 mSolverCounterUnsat, 0 mSolverCounterUnknown, 0 mSolverCounterNotChecked, 0.0s Time, 0 mProtectedPredicate, 0 mProtectedAction, 232 SdHoareTripleChecker+Valid, 982 SdHoareTripleChecker+Invalid, 3 SdHoareTripleChecker+Unknown, 0 SdHoareTripleChecker+Unchecked, 0.0s SdHoareTripleChecker+Time, 0 IncrementalHoareTripleChecker+Valid, 3 IncrementalHoareTripleChecker+Invalid, 0 IncrementalHoareTripleChecker+Unknown, 0 IncrementalHoareTripleChecker+Unchecked, 0.0s IncrementalHoareTripleChecker+Time
[2026-07-04 07:18:30,517 INFO  L427           NwaCegarLoop]: SdHoareTripleChecker [232 Valid, 982 Invalid, 3 Unknown, 0 Unchecked, 0.0s Time], IncrementalHoareTripleChecker [0 Valid, 3 Invalid, 0 Unknown, 0 Unchecked, 0.0s Time]
[2026-07-04 07:18:30,518 INFO  L82        GeneralOperation]: Start minimizeSevpa. Operand 715 states.
[2026-07-04 07:18:30,560 INFO  L88        GeneralOperation]: Finished minimizeSevpa. Reduced states from 715 to 539.
[2026-07-04 07:18:30,561 INFO  L82        GeneralOperation]: Start removeUnreachable. Operand  has 539 states, 426 states have (on average 1.3849765258215962) internal successors, (590), 487 states have internal predecessors, (590), 80 states have call successors, (80), 33 states have call predecessors, (80), 32 states have return successors, (79), 35 states have call predecessors, (79), 78 states have call successors, (79)
[2026-07-04 07:18:30,563 INFO  L88        GeneralOperation]: Finished removeUnreachable. Reduced from 539 states to 539 states and 749 transitions.
[2026-07-04 07:18:30,563 INFO  L79                 Accepts]: Start accepts. Automaton has 539 states and 749 transitions. Word has length 48
[2026-07-04 07:18:30,563 INFO  L85                 Accepts]: Finished accepts. word is rejected.
[2026-07-04 07:18:30,563 INFO  L490      AbstractCegarLoop]: Abstraction has 539 states and 749 transitions.
[2026-07-04 07:18:30,563 INFO  L491      AbstractCegarLoop]: INTERPOLANT automaton has  has 3 states, 3 states have (on average 15.0) internal successors, (45), 3 states have internal predecessors, (45), 2 states have call successors, (4), 2 states have call predecessors, (4), 2 states have return successors, (3), 1 states have call predecessors, (3), 2 states have call successors, (3)
[2026-07-04 07:18:30,563 INFO  L278                IsEmpty]: Start isEmpty. Operand 539 states and 749 transitions.
[2026-07-04 07:18:30,565 INFO  L284                IsEmpty]: Finished isEmpty. Found accepting run of length 50
[2026-07-04 07:18:30,565 INFO  L199           NwaCegarLoop]: Found error trace
[2026-07-04 07:18:30,565 INFO  L207           NwaCegarLoop]: trace histogram [1, 1, 1, 1, 1, 1, 1, 1, 1, 1, 1, 1, 1, 1, 1, 1, 1, 1, 1, 1, 1, 1, 1, 1, 1, 1, 1, 1, 1, 1, 1, 1, 1, 1, 1, 1, 1, 1, 1, 1, 1, 1, 1, 1, 1, 1, 1, 1, 1]
[2026-07-04 07:18:30,583 INFO  L546       MonitoredProcess]: [MP /usr/bin/z3 SMTLIB2_COMPLIANT=true -memory:2024 -smt2 -in (4)] Ended with exit code 0
[2026-07-04 07:18:30,774 WARN  L471      AbstractCegarLoop]: Destroyed unattended storables created during the last iteration: 4 /usr/bin/z3 SMTLIB2_COMPLIANT=true -memory:2024 -smt2 -in
[2026-07-04 07:18:30,775 INFO  L408      AbstractCegarLoop]: === Iteration 4 === Targeting __wraparound_assertErr0ASSERT_VIOLATIONASSERT === [__wraparound_assertErr0ASSERT_VIOLATIONASSERT] ===
[2026-07-04 07:18:30,777 INFO  L156       PredicateUnifier]: Initialized classic predicate unifier
[2026-07-04 07:18:30,777 INFO  L85        PathProgramCache]: Analyzing trace with hash -613006772, now seen corresponding path program 1 times
[2026-07-04 07:18:30,777 INFO  L118   FreeRefinementEngine]: Executing refinement strategy FIXED_PREFERENCES
[2026-07-04 07:18:30,777 INFO  L324   FreeRefinementEngine]: Using trace check IpTcStrategyModulePreferences [847803397]
[2026-07-04 07:18:30,777 INFO  L97    rtionOrderModulation]: Keeping assertion order NOT_INCREMENTALLY
[2026-07-04 07:18:30,777 INFO  L173          SolverBuilder]: Constructing external solver with command: z3 SMTLIB2_COMPLIANT=true -memory:2024 -smt2 -in
[2026-07-04 07:18:30,778 INFO  L189       MonitoredProcess]: No working directory specified, using /usr/bin/z3
[2026-07-04 07:18:30,787 INFO  L229       MonitoredProcess]: Starting monitored process 5 with /usr/bin/z3 SMTLIB2_COMPLIANT=true -memory:2024 -smt2 -in (exit command is (exit), workingDir is null)
[2026-07-04 07:18:30,787 INFO  L327       MonitoredProcess]: [MP /usr/bin/z3 SMTLIB2_COMPLIANT=true -memory:2024 -smt2 -in (5)] Waiting until timeout for monitored process
[2026-07-04 07:18:30,970 INFO  L108    AnnotateAndAsserter]: Assert order NOT_INCREMENTALLY partitioned 49 statements into 1 equivalence classes.
[2026-07-04 07:18:31,034 INFO  L111    AnnotateAndAsserter]: Assert order NOT_INCREMENTALLY issued 1 check-sat command(s) and asserted 49 of 49 statements.
[2026-07-04 07:18:31,034 INFO  L114    AnnotateAndAsserter]: Assert order NOT_INCREMENTALLY issued 1 check-sat command(s)
[2026-07-04 07:18:31,034 INFO  L115    AnnotateAndAsserter]: Conjunction of SSA is unsat
[2026-07-04 07:18:31,038 INFO  L256         TraceCheckSpWp]: Trace formula consists of 483 conjuncts, 2 conjuncts are in the unsatisfiable core
[2026-07-04 07:18:31,039 INFO  L279         TraceCheckSpWp]: Computing forward predicates...
[2026-07-04 07:18:31,096 INFO  L134       CoverageAnalysis]: Checked inductivity of 0 backedges. 0 proven. 0 refuted. 0 times theorem prover too weak. 0 trivial. 0 not checked.
[2026-07-04 07:18:31,096 INFO  L312         TraceCheckSpWp]: Computing backward predicates...
[2026-07-04 07:18:31,157 INFO  L134       CoverageAnalysis]: Checked inductivity of 0 backedges. 0 proven. 0 refuted. 0 times theorem prover too weak. 0 trivial. 0 not checked.
[2026-07-04 07:18:31,158 INFO  L136   FreeRefinementEngine]: Strategy FIXED_PREFERENCES found an infeasible trace
[2026-07-04 07:18:31,158 INFO  L324   FreeRefinementEngine]: Using interpolant generator IpTcStrategyModulePreferences [847803397]
[2026-07-04 07:18:31,158 INFO  L158   FreeRefinementEngine]: IpTcStrategyModulePreferences [847803397] provided 2 perfect and 0 imperfect interpolant sequences
[2026-07-04 07:18:31,158 INFO  L185   FreeRefinementEngine]: Found 2 perfect and 0 imperfect interpolant sequences.
[2026-07-04 07:18:31,158 INFO  L198   FreeRefinementEngine]: Number of different interpolants: perfect sequences [3, 3] imperfect sequences [] total 3
[2026-07-04 07:18:31,158 INFO  L121   tionRefinementEngine]: Using interpolant automaton builder IpAbStrategyModuleStraightlineAll [1578931362]
[2026-07-04 07:18:31,158 INFO  L85    oduleStraightlineAll]: Using 2 perfect interpolants to construct interpolant automaton
[2026-07-04 07:18:31,158 INFO  L567      AbstractCegarLoop]: INTERPOLANT automaton has 3 states
[2026-07-04 07:18:31,158 INFO  L100   FreeRefinementEngine]: Using predicate unifier PredicateUnifier provided by strategy FIXED_PREFERENCES
[2026-07-04 07:18:31,158 INFO  L144   InterpolantAutomaton]: Constructing interpolant automaton starting with 3 interpolants.
[2026-07-04 07:18:31,158 INFO  L146   InterpolantAutomaton]: CoverageRelationStatistics Valid=3, Invalid=3, Unknown=0, NotChecked=0, Total=6
[2026-07-04 07:18:31,158 INFO  L87              Difference]: Start difference. First operand 539 states and 749 transitions. Second operand  has 3 states, 3 states have (on average 15.333333333333334) internal successors, (46), 3 states have internal predecessors, (46), 2 states have call successors, (4), 2 states have call predecessors, (4), 3 states have return successors, (3), 2 states have call predecessors, (3), 2 states have call successors, (3)
[2026-07-04 07:18:31,195 INFO  L144             Difference]: Subtrahend was deterministic. Have not used determinization.
[2026-07-04 07:18:31,195 INFO  L93              Difference]: Finished difference Result 696 states and 967 transitions.
[2026-07-04 07:18:31,197 INFO  L140   InterpolantAutomaton]: Switched to read-only mode: deterministic interpolant automaton has 3 states. 
[2026-07-04 07:18:31,197 INFO  L79                 Accepts]: Start accepts. Automaton has  has 3 states, 3 states have (on average 15.333333333333334) internal successors, (46), 3 states have internal predecessors, (46), 2 states have call successors, (4), 2 states have call predecessors, (4), 3 states have return successors, (3), 2 states have call predecessors, (3), 2 states have call successors, (3) Word has length 49
[2026-07-04 07:18:31,198 INFO  L85                 Accepts]: Finished accepts. some prefix is accepted.
[2026-07-04 07:18:31,199 INFO  L225             Difference]: With dead ends: 696
[2026-07-04 07:18:31,199 INFO  L226             Difference]: Without dead ends: 539
[2026-07-04 07:18:31,200 INFO  L425           NwaCegarLoop]: 0 DeclaredPredicates, 96 GetRequests, 95 SyntacticMatches, 0 SemanticMatches, 1 ConstructedPredicates, 0 IntricatePredicates, 0 DeprecatedPredicates, 0 ImplicationChecksByTransitivity, 0.0s TimeCoverageRelationStatistics Valid=3, Invalid=3, Unknown=0, NotChecked=0, Total=6
[2026-07-04 07:18:31,200 INFO  L426           NwaCegarLoop]: 396 mSDtfsCounter, 371 mSDsluCounter, 0 mSDsCounter, 0 mSdLazyCounter, 1 mSolverCounterSat, 2 mSolverCounterUnsat, 0 mSolverCounterUnknown, 0 mSolverCounterNotChecked, 0.0s Time, 0 mProtectedPredicate, 0 mProtectedAction, 371 SdHoareTripleChecker+Valid, 396 SdHoareTripleChecker+Invalid, 3 SdHoareTripleChecker+Unknown, 0 SdHoareTripleChecker+Unchecked, 0.0s SdHoareTripleChecker+Time, 2 IncrementalHoareTripleChecker+Valid, 1 IncrementalHoareTripleChecker+Invalid, 0 IncrementalHoareTripleChecker+Unknown, 0 IncrementalHoareTripleChecker+Unchecked, 0.0s IncrementalHoareTripleChecker+Time
[2026-07-04 07:18:31,200 INFO  L427           NwaCegarLoop]: SdHoareTripleChecker [371 Valid, 396 Invalid, 3 Unknown, 0 Unchecked, 0.0s Time], IncrementalHoareTripleChecker [2 Valid, 1 Invalid, 0 Unknown, 0 Unchecked, 0.0s Time]
[2026-07-04 07:18:31,201 INFO  L82        GeneralOperation]: Start minimizeSevpa. Operand 539 states.
[2026-07-04 07:18:31,233 INFO  L88        GeneralOperation]: Finished minimizeSevpa. Reduced states from 539 to 539.
[2026-07-04 07:18:31,234 INFO  L82        GeneralOperation]: Start removeUnreachable. Operand  has 539 states, 426 states have (on average 1.3826291079812207) internal successors, (589), 487 states have internal predecessors, (589), 80 states have call successors, (80), 33 states have call predecessors, (80), 32 states have return successors, (79), 35 states have call predecessors, (79), 78 states have call successors, (79)
[2026-07-04 07:18:31,236 INFO  L88        GeneralOperation]: Finished removeUnreachable. Reduced from 539 states to 539 states and 748 transitions.
[2026-07-04 07:18:31,236 INFO  L79                 Accepts]: Start accepts. Automaton has 539 states and 748 transitions. Word has length 49
[2026-07-04 07:18:31,236 INFO  L85                 Accepts]: Finished accepts. word is rejected.
[2026-07-04 07:18:31,236 INFO  L490      AbstractCegarLoop]: Abstraction has 539 states and 748 transitions.
[2026-07-04 07:18:31,236 INFO  L491      AbstractCegarLoop]: INTERPOLANT automaton has  has 3 states, 3 states have (on average 15.333333333333334) internal successors, (46), 3 states have internal predecessors, (46), 2 states have call successors, (4), 2 states have call predecessors, (4), 3 states have return successors, (3), 2 states have call predecessors, (3), 2 states have call successors, (3)
[2026-07-04 07:18:31,236 INFO  L278                IsEmpty]: Start isEmpty. Operand 539 states and 748 transitions.
[2026-07-04 07:18:31,239 INFO  L284                IsEmpty]: Finished isEmpty. Found accepting run of length 50
[2026-07-04 07:18:31,239 INFO  L199           NwaCegarLoop]: Found error trace
[2026-07-04 07:18:31,239 INFO  L207           NwaCegarLoop]: trace histogram [1, 1, 1, 1, 1, 1, 1, 1, 1, 1, 1, 1, 1, 1, 1, 1, 1, 1, 1, 1, 1, 1, 1, 1, 1, 1, 1, 1, 1, 1, 1, 1, 1, 1, 1, 1, 1, 1, 1, 1, 1, 1, 1, 1, 1, 1, 1, 1, 1]
[2026-07-04 07:18:31,250 INFO  L546       MonitoredProcess]: [MP /usr/bin/z3 SMTLIB2_COMPLIANT=true -memory:2024 -smt2 -in (5)] Ended with exit code 0
[2026-07-04 07:18:31,442 WARN  L471      AbstractCegarLoop]: Destroyed unattended storables created during the last iteration: 5 /usr/bin/z3 SMTLIB2_COMPLIANT=true -memory:2024 -smt2 -in
[2026-07-04 07:18:31,443 INFO  L408      AbstractCegarLoop]: === Iteration 5 === Targeting __wraparound_assertErr0ASSERT_VIOLATIONASSERT === [__wraparound_assertErr0ASSERT_VIOLATIONASSERT] ===
[2026-07-04 07:18:31,443 INFO  L156       PredicateUnifier]: Initialized classic predicate unifier
[2026-07-04 07:18:31,443 INFO  L85        PathProgramCache]: Analyzing trace with hash -1634075126, now seen corresponding path program 1 times
[2026-07-04 07:18:31,443 INFO  L118   FreeRefinementEngine]: Executing refinement strategy FIXED_PREFERENCES
[2026-07-04 07:18:31,443 INFO  L324   FreeRefinementEngine]: Using trace check IpTcStrategyModulePreferences [1563133466]
[2026-07-04 07:18:31,443 INFO  L97    rtionOrderModulation]: Keeping assertion order NOT_INCREMENTALLY
[2026-07-04 07:18:31,443 INFO  L173          SolverBuilder]: Constructing external solver with command: z3 SMTLIB2_COMPLIANT=true -memory:2024 -smt2 -in
[2026-07-04 07:18:31,445 INFO  L189       MonitoredProcess]: No working directory specified, using /usr/bin/z3
[2026-07-04 07:18:31,459 INFO  L229       MonitoredProcess]: Starting monitored process 6 with /usr/bin/z3 SMTLIB2_COMPLIANT=true -memory:2024 -smt2 -in (exit command is (exit), workingDir is null)
[2026-07-04 07:18:31,460 INFO  L327       MonitoredProcess]: [MP /usr/bin/z3 SMTLIB2_COMPLIANT=true -memory:2024 -smt2 -in (6)] Waiting until timeout for monitored process
[2026-07-04 07:18:31,612 INFO  L108    AnnotateAndAsserter]: Assert order NOT_INCREMENTALLY partitioned 49 statements into 1 equivalence classes.
[2026-07-04 07:18:31,668 INFO  L111    AnnotateAndAsserter]: Assert order NOT_INCREMENTALLY issued 1 check-sat command(s) and asserted 49 of 49 statements.
[2026-07-04 07:18:31,668 INFO  L114    AnnotateAndAsserter]: Assert order NOT_INCREMENTALLY issued 1 check-sat command(s)
[2026-07-04 07:18:31,668 INFO  L115    AnnotateAndAsserter]: Conjunction of SSA is unsat
[2026-07-04 07:18:31,672 INFO  L256         TraceCheckSpWp]: Trace formula consists of 479 conjuncts, 2 conjuncts are in the unsatisfiable core
[2026-07-04 07:18:31,673 INFO  L279         TraceCheckSpWp]: Computing forward predicates...
[2026-07-04 07:18:31,731 INFO  L134       CoverageAnalysis]: Checked inductivity of 0 backedges. 0 proven. 0 refuted. 0 times theorem prover too weak. 0 trivial. 0 not checked.
[2026-07-04 07:18:31,731 INFO  L312         TraceCheckSpWp]: Computing backward predicates...
[2026-07-04 07:18:31,796 INFO  L134       CoverageAnalysis]: Checked inductivity of 0 backedges. 0 proven. 0 refuted. 0 times theorem prover too weak. 0 trivial. 0 not checked.
[2026-07-04 07:18:31,796 INFO  L136   FreeRefinementEngine]: Strategy FIXED_PREFERENCES found an infeasible trace
[2026-07-04 07:18:31,796 INFO  L324   FreeRefinementEngine]: Using interpolant generator IpTcStrategyModulePreferences [1563133466]
[2026-07-04 07:18:31,797 INFO  L158   FreeRefinementEngine]: IpTcStrategyModulePreferences [1563133466] provided 2 perfect and 0 imperfect interpolant sequences
[2026-07-04 07:18:31,797 INFO  L185   FreeRefinementEngine]: Found 2 perfect and 0 imperfect interpolant sequences.
[2026-07-04 07:18:31,797 INFO  L198   FreeRefinementEngine]: Number of different interpolants: perfect sequences [3, 3] imperfect sequences [] total 3
[2026-07-04 07:18:31,797 INFO  L121   tionRefinementEngine]: Using interpolant automaton builder IpAbStrategyModuleStraightlineAll [449224820]
[2026-07-04 07:18:31,797 INFO  L85    oduleStraightlineAll]: Using 2 perfect interpolants to construct interpolant automaton
[2026-07-04 07:18:31,801 INFO  L567      AbstractCegarLoop]: INTERPOLANT automaton has 3 states
[2026-07-04 07:18:31,802 INFO  L100   FreeRefinementEngine]: Using predicate unifier PredicateUnifier provided by strategy FIXED_PREFERENCES
[2026-07-04 07:18:31,802 INFO  L144   InterpolantAutomaton]: Constructing interpolant automaton starting with 3 interpolants.
[2026-07-04 07:18:31,802 INFO  L146   InterpolantAutomaton]: CoverageRelationStatistics Valid=3, Invalid=3, Unknown=0, NotChecked=0, Total=6
[2026-07-04 07:18:31,802 INFO  L87              Difference]: Start difference. First operand 539 states and 748 transitions. Second operand  has 3 states, 3 states have (on average 15.333333333333334) internal successors, (46), 3 states have internal predecessors, (46), 2 states have call successors, (4), 2 states have call predecessors, (4), 3 states have return successors, (3), 2 states have call predecessors, (3), 2 states have call successors, (3)
[2026-07-04 07:18:31,833 INFO  L144             Difference]: Subtrahend was deterministic. Have not used determinization.
[2026-07-04 07:18:31,834 INFO  L93              Difference]: Finished difference Result 692 states and 960 transitions.
[2026-07-04 07:18:31,834 INFO  L140   InterpolantAutomaton]: Switched to read-only mode: deterministic interpolant automaton has 3 states. 
[2026-07-04 07:18:31,834 INFO  L79                 Accepts]: Start accepts. Automaton has  has 3 states, 3 states have (on average 15.333333333333334) internal successors, (46), 3 states have internal predecessors, (46), 2 states have call successors, (4), 2 states have call predecessors, (4), 3 states have return successors, (3), 2 states have call predecessors, (3), 2 states have call successors, (3) Word has length 49
[2026-07-04 07:18:31,835 INFO  L85                 Accepts]: Finished accepts. some prefix is accepted.
[2026-07-04 07:18:31,836 INFO  L225             Difference]: With dead ends: 692
[2026-07-04 07:18:31,836 INFO  L226             Difference]: Without dead ends: 539
[2026-07-04 07:18:31,836 INFO  L425           NwaCegarLoop]: 0 DeclaredPredicates, 96 GetRequests, 95 SyntacticMatches, 0 SemanticMatches, 1 ConstructedPredicates, 0 IntricatePredicates, 0 DeprecatedPredicates, 0 ImplicationChecksByTransitivity, 0.0s TimeCoverageRelationStatistics Valid=3, Invalid=3, Unknown=0, NotChecked=0, Total=6
[2026-07-04 07:18:31,837 INFO  L426           NwaCegarLoop]: 395 mSDtfsCounter, 366 mSDsluCounter, 0 mSDsCounter, 0 mSdLazyCounter, 1 mSolverCounterSat, 2 mSolverCounterUnsat, 0 mSolverCounterUnknown, 0 mSolverCounterNotChecked, 0.0s Time, 0 mProtectedPredicate, 0 mProtectedAction, 366 SdHoareTripleChecker+Valid, 395 SdHoareTripleChecker+Invalid, 3 SdHoareTripleChecker+Unknown, 0 SdHoareTripleChecker+Unchecked, 0.0s SdHoareTripleChecker+Time, 2 IncrementalHoareTripleChecker+Valid, 1 IncrementalHoareTripleChecker+Invalid, 0 IncrementalHoareTripleChecker+Unknown, 0 IncrementalHoareTripleChecker+Unchecked, 0.0s IncrementalHoareTripleChecker+Time
[2026-07-04 07:18:31,837 INFO  L427           NwaCegarLoop]: SdHoareTripleChecker [366 Valid, 395 Invalid, 3 Unknown, 0 Unchecked, 0.0s Time], IncrementalHoareTripleChecker [2 Valid, 1 Invalid, 0 Unknown, 0 Unchecked, 0.0s Time]
[2026-07-04 07:18:31,838 INFO  L82        GeneralOperation]: Start minimizeSevpa. Operand 539 states.
[2026-07-04 07:18:31,864 INFO  L88        GeneralOperation]: Finished minimizeSevpa. Reduced states from 539 to 539.
[2026-07-04 07:18:31,864 INFO  L82        GeneralOperation]: Start removeUnreachable. Operand  has 539 states, 426 states have (on average 1.380281690140845) internal successors, (588), 487 states have internal predecessors, (588), 80 states have call successors, (80), 33 states have call predecessors, (80), 32 states have return successors, (79), 35 states have call predecessors, (79), 78 states have call successors, (79)
[2026-07-04 07:18:31,875 INFO  L88        GeneralOperation]: Finished removeUnreachable. Reduced from 539 states to 539 states and 747 transitions.
[2026-07-04 07:18:31,875 INFO  L79                 Accepts]: Start accepts. Automaton has 539 states and 747 transitions. Word has length 49
[2026-07-04 07:18:31,875 INFO  L85                 Accepts]: Finished accepts. word is rejected.
[2026-07-04 07:18:31,875 INFO  L490      AbstractCegarLoop]: Abstraction has 539 states and 747 transitions.
[2026-07-04 07:18:31,875 INFO  L491      AbstractCegarLoop]: INTERPOLANT automaton has  has 3 states, 3 states have (on average 15.333333333333334) internal successors, (46), 3 states have internal predecessors, (46), 2 states have call successors, (4), 2 states have call predecessors, (4), 3 states have return successors, (3), 2 states have call predecessors, (3), 2 states have call successors, (3)
[2026-07-04 07:18:31,876 INFO  L278                IsEmpty]: Start isEmpty. Operand 539 states and 747 transitions.
[2026-07-04 07:18:31,877 INFO  L284                IsEmpty]: Finished isEmpty. Found accepting run of length 50
[2026-07-04 07:18:31,877 INFO  L199           NwaCegarLoop]: Found error trace
[2026-07-04 07:18:31,877 INFO  L207           NwaCegarLoop]: trace histogram [1, 1, 1, 1, 1, 1, 1, 1, 1, 1, 1, 1, 1, 1, 1, 1, 1, 1, 1, 1, 1, 1, 1, 1, 1, 1, 1, 1, 1, 1, 1, 1, 1, 1, 1, 1, 1, 1, 1, 1, 1, 1, 1, 1, 1, 1, 1, 1, 1]
[2026-07-04 07:18:31,890 INFO  L534       MonitoredProcess]: [MP /usr/bin/z3 SMTLIB2_COMPLIANT=true -memory:2024 -smt2 -in (6)] Forceful destruction successful, exit code 0
[2026-07-04 07:18:32,078 WARN  L471      AbstractCegarLoop]: Destroyed unattended storables created during the last iteration: 6 /usr/bin/z3 SMTLIB2_COMPLIANT=true -memory:2024 -smt2 -in
[2026-07-04 07:18:32,078 INFO  L408      AbstractCegarLoop]: === Iteration 6 === Targeting __wraparound_assertErr0ASSERT_VIOLATIONASSERT === [__wraparound_assertErr0ASSERT_VIOLATIONASSERT] ===
[2026-07-04 07:18:32,079 INFO  L156       PredicateUnifier]: Initialized classic predicate unifier
[2026-07-04 07:18:32,079 INFO  L85        PathProgramCache]: Analyzing trace with hash -1375909688, now seen corresponding path program 1 times
[2026-07-04 07:18:32,079 INFO  L118   FreeRefinementEngine]: Executing refinement strategy FIXED_PREFERENCES
[2026-07-04 07:18:32,079 INFO  L324   FreeRefinementEngine]: Using trace check IpTcStrategyModulePreferences [468847945]
[2026-07-04 07:18:32,079 INFO  L97    rtionOrderModulation]: Keeping assertion order NOT_INCREMENTALLY
[2026-07-04 07:18:32,079 INFO  L173          SolverBuilder]: Constructing external solver with command: z3 SMTLIB2_COMPLIANT=true -memory:2024 -smt2 -in
[2026-07-04 07:18:32,080 INFO  L189       MonitoredProcess]: No working directory specified, using /usr/bin/z3
[2026-07-04 07:18:32,082 INFO  L229       MonitoredProcess]: Starting monitored process 7 with /usr/bin/z3 SMTLIB2_COMPLIANT=true -memory:2024 -smt2 -in (exit command is (exit), workingDir is null)
[2026-07-04 07:18:32,085 INFO  L327       MonitoredProcess]: [MP /usr/bin/z3 SMTLIB2_COMPLIANT=true -memory:2024 -smt2 -in (7)] Waiting until timeout for monitored process
[2026-07-04 07:18:32,247 INFO  L108    AnnotateAndAsserter]: Assert order NOT_INCREMENTALLY partitioned 49 statements into 1 equivalence classes.
[2026-07-04 07:18:32,297 INFO  L111    AnnotateAndAsserter]: Assert order NOT_INCREMENTALLY issued 1 check-sat command(s) and asserted 49 of 49 statements.
[2026-07-04 07:18:32,297 INFO  L114    AnnotateAndAsserter]: Assert order NOT_INCREMENTALLY issued 1 check-sat command(s)
[2026-07-04 07:18:32,298 INFO  L115    AnnotateAndAsserter]: Conjunction of SSA is unsat
[2026-07-04 07:18:32,302 INFO  L256         TraceCheckSpWp]: Trace formula consists of 475 conjuncts, 2 conjuncts are in the unsatisfiable core
[2026-07-04 07:18:32,303 INFO  L279         TraceCheckSpWp]: Computing forward predicates...
[2026-07-04 07:18:32,370 INFO  L134       CoverageAnalysis]: Checked inductivity of 0 backedges. 0 proven. 0 refuted. 0 times theorem prover too weak. 0 trivial. 0 not checked.
[2026-07-04 07:18:32,370 INFO  L312         TraceCheckSpWp]: Computing backward predicates...
[2026-07-04 07:18:32,447 INFO  L134       CoverageAnalysis]: Checked inductivity of 0 backedges. 0 proven. 0 refuted. 0 times theorem prover too weak. 0 trivial. 0 not checked.
[2026-07-04 07:18:32,447 INFO  L136   FreeRefinementEngine]: Strategy FIXED_PREFERENCES found an infeasible trace
[2026-07-04 07:18:32,447 INFO  L324   FreeRefinementEngine]: Using interpolant generator IpTcStrategyModulePreferences [468847945]
[2026-07-04 07:18:32,447 INFO  L158   FreeRefinementEngine]: IpTcStrategyModulePreferences [468847945] provided 2 perfect and 0 imperfect interpolant sequences
[2026-07-04 07:18:32,447 INFO  L185   FreeRefinementEngine]: Found 2 perfect and 0 imperfect interpolant sequences.
[2026-07-04 07:18:32,447 INFO  L198   FreeRefinementEngine]: Number of different interpolants: perfect sequences [3, 3] imperfect sequences [] total 3
[2026-07-04 07:18:32,447 INFO  L121   tionRefinementEngine]: Using interpolant automaton builder IpAbStrategyModuleStraightlineAll [1333950163]
[2026-07-04 07:18:32,447 INFO  L85    oduleStraightlineAll]: Using 2 perfect interpolants to construct interpolant automaton
[2026-07-04 07:18:32,447 INFO  L567      AbstractCegarLoop]: INTERPOLANT automaton has 3 states
[2026-07-04 07:18:32,447 INFO  L100   FreeRefinementEngine]: Using predicate unifier PredicateUnifier provided by strategy FIXED_PREFERENCES
[2026-07-04 07:18:32,448 INFO  L144   InterpolantAutomaton]: Constructing interpolant automaton starting with 3 interpolants.
[2026-07-04 07:18:32,448 INFO  L146   InterpolantAutomaton]: CoverageRelationStatistics Valid=3, Invalid=3, Unknown=0, NotChecked=0, Total=6
[2026-07-04 07:18:32,448 INFO  L87              Difference]: Start difference. First operand 539 states and 747 transitions. Second operand  has 3 states, 3 states have (on average 15.333333333333334) internal successors, (46), 3 states have internal predecessors, (46), 2 states have call successors, (4), 2 states have call predecessors, (4), 3 states have return successors, (3), 2 states have call predecessors, (3), 2 states have call successors, (3)
[2026-07-04 07:18:32,475 INFO  L144             Difference]: Subtrahend was deterministic. Have not used determinization.
[2026-07-04 07:18:32,475 INFO  L93              Difference]: Finished difference Result 690 states and 956 transitions.
[2026-07-04 07:18:32,476 INFO  L140   InterpolantAutomaton]: Switched to read-only mode: deterministic interpolant automaton has 3 states. 
[2026-07-04 07:18:32,481 INFO  L79                 Accepts]: Start accepts. Automaton has  has 3 states, 3 states have (on average 15.333333333333334) internal successors, (46), 3 states have internal predecessors, (46), 2 states have call successors, (4), 2 states have call predecessors, (4), 3 states have return successors, (3), 2 states have call predecessors, (3), 2 states have call successors, (3) Word has length 49
[2026-07-04 07:18:32,481 INFO  L85                 Accepts]: Finished accepts. some prefix is accepted.
[2026-07-04 07:18:32,483 INFO  L225             Difference]: With dead ends: 690
[2026-07-04 07:18:32,483 INFO  L226             Difference]: Without dead ends: 539
[2026-07-04 07:18:32,484 INFO  L425           NwaCegarLoop]: 0 DeclaredPredicates, 96 GetRequests, 95 SyntacticMatches, 0 SemanticMatches, 1 ConstructedPredicates, 0 IntricatePredicates, 0 DeprecatedPredicates, 0 ImplicationChecksByTransitivity, 0.0s TimeCoverageRelationStatistics Valid=3, Invalid=3, Unknown=0, NotChecked=0, Total=6
[2026-07-04 07:18:32,484 INFO  L426           NwaCegarLoop]: 394 mSDtfsCounter, 363 mSDsluCounter, 0 mSDsCounter, 0 mSdLazyCounter, 1 mSolverCounterSat, 2 mSolverCounterUnsat, 0 mSolverCounterUnknown, 0 mSolverCounterNotChecked, 0.0s Time, 0 mProtectedPredicate, 0 mProtectedAction, 363 SdHoareTripleChecker+Valid, 394 SdHoareTripleChecker+Invalid, 3 SdHoareTripleChecker+Unknown, 0 SdHoareTripleChecker+Unchecked, 0.0s SdHoareTripleChecker+Time, 2 IncrementalHoareTripleChecker+Valid, 1 IncrementalHoareTripleChecker+Invalid, 0 IncrementalHoareTripleChecker+Unknown, 0 IncrementalHoareTripleChecker+Unchecked, 0.0s IncrementalHoareTripleChecker+Time
[2026-07-04 07:18:32,486 INFO  L427           NwaCegarLoop]: SdHoareTripleChecker [363 Valid, 394 Invalid, 3 Unknown, 0 Unchecked, 0.0s Time], IncrementalHoareTripleChecker [2 Valid, 1 Invalid, 0 Unknown, 0 Unchecked, 0.0s Time]
[2026-07-04 07:18:32,486 INFO  L82        GeneralOperation]: Start minimizeSevpa. Operand 539 states.
[2026-07-04 07:18:32,512 INFO  L88        GeneralOperation]: Finished minimizeSevpa. Reduced states from 539 to 539.
[2026-07-04 07:18:32,513 INFO  L82        GeneralOperation]: Start removeUnreachable. Operand  has 539 states, 426 states have (on average 1.3779342723004695) internal successors, (587), 487 states have internal predecessors, (587), 80 states have call successors, (80), 33 states have call predecessors, (80), 32 states have return successors, (79), 35 states have call predecessors, (79), 78 states have call successors, (79)
[2026-07-04 07:18:32,521 INFO  L88        GeneralOperation]: Finished removeUnreachable. Reduced from 539 states to 539 states and 746 transitions.
[2026-07-04 07:18:32,522 INFO  L79                 Accepts]: Start accepts. Automaton has 539 states and 746 transitions. Word has length 49
[2026-07-04 07:18:32,529 INFO  L85                 Accepts]: Finished accepts. word is rejected.
[2026-07-04 07:18:32,530 INFO  L490      AbstractCegarLoop]: Abstraction has 539 states and 746 transitions.
[2026-07-04 07:18:32,530 INFO  L491      AbstractCegarLoop]: INTERPOLANT automaton has  has 3 states, 3 states have (on average 15.333333333333334) internal successors, (46), 3 states have internal predecessors, (46), 2 states have call successors, (4), 2 states have call predecessors, (4), 3 states have return successors, (3), 2 states have call predecessors, (3), 2 states have call successors, (3)
[2026-07-04 07:18:32,530 INFO  L278                IsEmpty]: Start isEmpty. Operand 539 states and 746 transitions.
[2026-07-04 07:18:32,532 INFO  L284                IsEmpty]: Finished isEmpty. Found accepting run of length 50
[2026-07-04 07:18:32,532 INFO  L199           NwaCegarLoop]: Found error trace
[2026-07-04 07:18:32,532 INFO  L207           NwaCegarLoop]: trace histogram [1, 1, 1, 1, 1, 1, 1, 1, 1, 1, 1, 1, 1, 1, 1, 1, 1, 1, 1, 1, 1, 1, 1, 1, 1, 1, 1, 1, 1, 1, 1, 1, 1, 1, 1, 1, 1, 1, 1, 1, 1, 1, 1, 1, 1, 1, 1, 1, 1]
[2026-07-04 07:18:32,547 INFO  L546       MonitoredProcess]: [MP /usr/bin/z3 SMTLIB2_COMPLIANT=true -memory:2024 -smt2 -in (7)] Ended with exit code 0
[2026-07-04 07:18:32,735 WARN  L471      AbstractCegarLoop]: Destroyed unattended storables created during the last iteration: 7 /usr/bin/z3 SMTLIB2_COMPLIANT=true -memory:2024 -smt2 -in
[2026-07-04 07:18:32,735 INFO  L408      AbstractCegarLoop]: === Iteration 7 === Targeting __wraparound_assertErr0ASSERT_VIOLATIONASSERT === [__wraparound_assertErr0ASSERT_VIOLATIONASSERT] ===
[2026-07-04 07:18:32,736 INFO  L156       PredicateUnifier]: Initialized classic predicate unifier
[2026-07-04 07:18:32,736 INFO  L85        PathProgramCache]: Analyzing trace with hash -1768936698, now seen corresponding path program 1 times
[2026-07-04 07:18:32,737 INFO  L118   FreeRefinementEngine]: Executing refinement strategy FIXED_PREFERENCES
[2026-07-04 07:18:32,737 INFO  L324   FreeRefinementEngine]: Using trace check IpTcStrategyModulePreferences [1090353414]
[2026-07-04 07:18:32,737 INFO  L97    rtionOrderModulation]: Keeping assertion order NOT_INCREMENTALLY
[2026-07-04 07:18:32,737 INFO  L173          SolverBuilder]: Constructing external solver with command: z3 SMTLIB2_COMPLIANT=true -memory:2024 -smt2 -in
[2026-07-04 07:18:32,738 INFO  L189       MonitoredProcess]: No working directory specified, using /usr/bin/z3
[2026-07-04 07:18:32,742 INFO  L229       MonitoredProcess]: Starting monitored process 8 with /usr/bin/z3 SMTLIB2_COMPLIANT=true -memory:2024 -smt2 -in (exit command is (exit), workingDir is null)
[2026-07-04 07:18:32,743 INFO  L327       MonitoredProcess]: [MP /usr/bin/z3 SMTLIB2_COMPLIANT=true -memory:2024 -smt2 -in (8)] Waiting until timeout for monitored process
[2026-07-04 07:18:32,929 INFO  L108    AnnotateAndAsserter]: Assert order NOT_INCREMENTALLY partitioned 49 statements into 1 equivalence classes.
[2026-07-04 07:18:32,991 INFO  L111    AnnotateAndAsserter]: Assert order NOT_INCREMENTALLY issued 1 check-sat command(s) and asserted 49 of 49 statements.
[2026-07-04 07:18:32,991 INFO  L114    AnnotateAndAsserter]: Assert order NOT_INCREMENTALLY issued 1 check-sat command(s)
[2026-07-04 07:18:32,992 INFO  L115    AnnotateAndAsserter]: Conjunction of SSA is unsat
[2026-07-04 07:18:32,998 INFO  L256         TraceCheckSpWp]: Trace formula consists of 471 conjuncts, 5 conjuncts are in the unsatisfiable core
[2026-07-04 07:18:32,999 INFO  L279         TraceCheckSpWp]: Computing forward predicates...
[2026-07-04 07:18:33,424 INFO  L134       CoverageAnalysis]: Checked inductivity of 0 backedges. 0 proven. 0 refuted. 0 times theorem prover too weak. 0 trivial. 0 not checked.
[2026-07-04 07:18:33,424 INFO  L312         TraceCheckSpWp]: Computing backward predicates...
[2026-07-04 07:18:33,924 INFO  L134       CoverageAnalysis]: Checked inductivity of 0 backedges. 0 proven. 0 refuted. 0 times theorem prover too weak. 0 trivial. 0 not checked.
[2026-07-04 07:18:33,924 INFO  L136   FreeRefinementEngine]: Strategy FIXED_PREFERENCES found an infeasible trace
[2026-07-04 07:18:33,924 INFO  L324   FreeRefinementEngine]: Using interpolant generator IpTcStrategyModulePreferences [1090353414]
[2026-07-04 07:18:33,924 INFO  L158   FreeRefinementEngine]: IpTcStrategyModulePreferences [1090353414] provided 2 perfect and 0 imperfect interpolant sequences
[2026-07-04 07:18:33,924 INFO  L185   FreeRefinementEngine]: Found 2 perfect and 0 imperfect interpolant sequences.
[2026-07-04 07:18:33,924 INFO  L198   FreeRefinementEngine]: Number of different interpolants: perfect sequences [5, 5] imperfect sequences [] total 6
[2026-07-04 07:18:33,924 INFO  L121   tionRefinementEngine]: Using interpolant automaton builder IpAbStrategyModuleStraightlineAll [275472673]
[2026-07-04 07:18:33,924 INFO  L85    oduleStraightlineAll]: Using 2 perfect interpolants to construct interpolant automaton
[2026-07-04 07:18:33,924 INFO  L567      AbstractCegarLoop]: INTERPOLANT automaton has 6 states
[2026-07-04 07:18:33,924 INFO  L100   FreeRefinementEngine]: Using predicate unifier PredicateUnifier provided by strategy FIXED_PREFERENCES
[2026-07-04 07:18:33,925 INFO  L144   InterpolantAutomaton]: Constructing interpolant automaton starting with 6 interpolants.
[2026-07-04 07:18:33,925 INFO  L146   InterpolantAutomaton]: CoverageRelationStatistics Valid=13, Invalid=17, Unknown=0, NotChecked=0, Total=30
[2026-07-04 07:18:33,925 INFO  L87              Difference]: Start difference. First operand 539 states and 746 transitions. Second operand  has 6 states, 6 states have (on average 11.5) internal successors, (69), 6 states have internal predecessors, (69), 1 states have call successors, (5), 4 states have call predecessors, (5), 4 states have return successors, (4), 1 states have call predecessors, (4), 1 states have call successors, (4)
[2026-07-04 07:18:36,813 INFO  L144             Difference]: Subtrahend was deterministic. Have not used determinization.
[2026-07-04 07:18:36,813 INFO  L93              Difference]: Finished difference Result 1181 states and 1626 transitions.
[2026-07-04 07:18:36,813 INFO  L140   InterpolantAutomaton]: Switched to read-only mode: deterministic interpolant automaton has 6 states. 
[2026-07-04 07:18:36,814 INFO  L79                 Accepts]: Start accepts. Automaton has  has 6 states, 6 states have (on average 11.5) internal successors, (69), 6 states have internal predecessors, (69), 1 states have call successors, (5), 4 states have call predecessors, (5), 4 states have return successors, (4), 1 states have call predecessors, (4), 1 states have call successors, (4) Word has length 49
[2026-07-04 07:18:36,814 INFO  L85                 Accepts]: Finished accepts. some prefix is accepted.
[2026-07-04 07:18:36,829 INFO  L225             Difference]: With dead ends: 1181
[2026-07-04 07:18:36,830 INFO  L226             Difference]: Without dead ends: 866
[2026-07-04 07:18:36,831 INFO  L425           NwaCegarLoop]: 0 DeclaredPredicates, 98 GetRequests, 93 SyntacticMatches, 0 SemanticMatches, 5 ConstructedPredicates, 0 IntricatePredicates, 0 DeprecatedPredicates, 3 ImplicationChecksByTransitivity, 0.0s TimeCoverageRelationStatistics Valid=19, Invalid=23, Unknown=0, NotChecked=0, Total=42
[2026-07-04 07:18:36,839 INFO  L426           NwaCegarLoop]: 208 mSDtfsCounter, 848 mSDsluCounter, 486 mSDsCounter, 0 mSdLazyCounter, 821 mSolverCounterSat, 169 mSolverCounterUnsat, 0 mSolverCounterUnknown, 0 mSolverCounterNotChecked, 2.5s Time, 0 mProtectedPredicate, 0 mProtectedAction, 866 SdHoareTripleChecker+Valid, 694 SdHoareTripleChecker+Invalid, 990 SdHoareTripleChecker+Unknown, 0 SdHoareTripleChecker+Unchecked, 0.0s SdHoareTripleChecker+Time, 169 IncrementalHoareTripleChecker+Valid, 821 IncrementalHoareTripleChecker+Invalid, 0 IncrementalHoareTripleChecker+Unknown, 0 IncrementalHoareTripleChecker+Unchecked, 2.7s IncrementalHoareTripleChecker+Time
[2026-07-04 07:18:36,839 INFO  L427           NwaCegarLoop]: SdHoareTripleChecker [866 Valid, 694 Invalid, 990 Unknown, 0 Unchecked, 0.0s Time], IncrementalHoareTripleChecker [169 Valid, 821 Invalid, 0 Unknown, 0 Unchecked, 2.7s Time]
[2026-07-04 07:18:36,844 INFO  L82        GeneralOperation]: Start minimizeSevpa. Operand 866 states.
[2026-07-04 07:18:37,101 INFO  L88        GeneralOperation]: Finished minimizeSevpa. Reduced states from 866 to 864.
[2026-07-04 07:18:37,107 INFO  L82        GeneralOperation]: Start removeUnreachable. Operand  has 864 states, 678 states have (on average 1.351032448377581) internal successors, (916), 773 states have internal predecessors, (916), 127 states have call successors, (127), 56 states have call predecessors, (127), 58 states have return successors, (137), 61 states have call predecessors, (137), 124 states have call successors, (137)
[2026-07-04 07:18:37,125 INFO  L88        GeneralOperation]: Finished removeUnreachable. Reduced from 864 states to 864 states and 1180 transitions.
[2026-07-04 07:18:37,127 INFO  L79                 Accepts]: Start accepts. Automaton has 864 states and 1180 transitions. Word has length 49
[2026-07-04 07:18:37,127 INFO  L85                 Accepts]: Finished accepts. word is rejected.
[2026-07-04 07:18:37,127 INFO  L490      AbstractCegarLoop]: Abstraction has 864 states and 1180 transitions.
[2026-07-04 07:18:37,127 INFO  L491      AbstractCegarLoop]: INTERPOLANT automaton has  has 6 states, 6 states have (on average 11.5) internal successors, (69), 6 states have internal predecessors, (69), 1 states have call successors, (5), 4 states have call predecessors, (5), 4 states have return successors, (4), 1 states have call predecessors, (4), 1 states have call successors, (4)
[2026-07-04 07:18:37,134 INFO  L278                IsEmpty]: Start isEmpty. Operand 864 states and 1180 transitions.
[2026-07-04 07:18:37,146 INFO  L284                IsEmpty]: Finished isEmpty. Found accepting run of length 78
[2026-07-04 07:18:37,147 INFO  L199           NwaCegarLoop]: Found error trace
[2026-07-04 07:18:37,147 INFO  L207           NwaCegarLoop]: trace histogram [1, 1, 1, 1, 1, 1, 1, 1, 1, 1, 1, 1, 1, 1, 1, 1, 1, 1, 1, 1, 1, 1, 1, 1, 1, 1, 1, 1, 1, 1, 1, 1, 1, 1, 1, 1, 1, 1, 1, 1, 1, 1, 1, 1, 1, 1, 1, 1, 1, 1, 1, 1, 1, 1, 1, 1, 1, 1, 1, 1, 1, 1, 1, 1, 1, 1, 1, 1, 1, 1, 1, 1, 1, 1, 1, 1, 1]
[2026-07-04 07:18:37,176 INFO  L546       MonitoredProcess]: [MP /usr/bin/z3 SMTLIB2_COMPLIANT=true -memory:2024 -smt2 -in (8)] Ended with exit code 0
[2026-07-04 07:18:37,348 WARN  L471      AbstractCegarLoop]: Destroyed unattended storables created during the last iteration: 8 /usr/bin/z3 SMTLIB2_COMPLIANT=true -memory:2024 -smt2 -in
[2026-07-04 07:18:37,348 INFO  L408      AbstractCegarLoop]: === Iteration 8 === Targeting __wraparound_assertErr0ASSERT_VIOLATIONASSERT === [__wraparound_assertErr0ASSERT_VIOLATIONASSERT] ===
[2026-07-04 07:18:37,348 INFO  L156       PredicateUnifier]: Initialized classic predicate unifier
[2026-07-04 07:18:37,349 INFO  L85        PathProgramCache]: Analyzing trace with hash -437166555, now seen corresponding path program 1 times
[2026-07-04 07:18:37,349 INFO  L118   FreeRefinementEngine]: Executing refinement strategy FIXED_PREFERENCES
[2026-07-04 07:18:37,349 INFO  L324   FreeRefinementEngine]: Using trace check IpTcStrategyModulePreferences [1725961382]
[2026-07-04 07:18:37,349 INFO  L97    rtionOrderModulation]: Keeping assertion order NOT_INCREMENTALLY
[2026-07-04 07:18:37,349 INFO  L173          SolverBuilder]: Constructing external solver with command: z3 SMTLIB2_COMPLIANT=true -memory:2024 -smt2 -in
[2026-07-04 07:18:37,351 INFO  L189       MonitoredProcess]: No working directory specified, using /usr/bin/z3
[2026-07-04 07:18:37,369 INFO  L229       MonitoredProcess]: Starting monitored process 9 with /usr/bin/z3 SMTLIB2_COMPLIANT=true -memory:2024 -smt2 -in (exit command is (exit), workingDir is null)
[2026-07-04 07:18:37,371 INFO  L327       MonitoredProcess]: [MP /usr/bin/z3 SMTLIB2_COMPLIANT=true -memory:2024 -smt2 -in (9)] Waiting until timeout for monitored process
[2026-07-04 07:18:37,647 INFO  L108    AnnotateAndAsserter]: Assert order NOT_INCREMENTALLY partitioned 77 statements into 1 equivalence classes.
[2026-07-04 07:18:37,725 INFO  L111    AnnotateAndAsserter]: Assert order NOT_INCREMENTALLY issued 1 check-sat command(s) and asserted 77 of 77 statements.
[2026-07-04 07:18:37,725 INFO  L114    AnnotateAndAsserter]: Assert order NOT_INCREMENTALLY issued 1 check-sat command(s)
[2026-07-04 07:18:37,726 INFO  L115    AnnotateAndAsserter]: Conjunction of SSA is unsat
[2026-07-04 07:18:37,734 INFO  L256         TraceCheckSpWp]: Trace formula consists of 560 conjuncts, 2 conjuncts are in the unsatisfiable core
[2026-07-04 07:18:37,736 INFO  L279         TraceCheckSpWp]: Computing forward predicates...
[2026-07-04 07:18:37,778 INFO  L134       CoverageAnalysis]: Checked inductivity of 0 backedges. 0 proven. 0 refuted. 0 times theorem prover too weak. 0 trivial. 0 not checked.
[2026-07-04 07:18:37,778 INFO  L312         TraceCheckSpWp]: Computing backward predicates...
[2026-07-04 07:18:37,843 INFO  L134       CoverageAnalysis]: Checked inductivity of 0 backedges. 0 proven. 0 refuted. 0 times theorem prover too weak. 0 trivial. 0 not checked.
[2026-07-04 07:18:37,843 INFO  L136   FreeRefinementEngine]: Strategy FIXED_PREFERENCES found an infeasible trace
[2026-07-04 07:18:37,843 INFO  L324   FreeRefinementEngine]: Using interpolant generator IpTcStrategyModulePreferences [1725961382]
[2026-07-04 07:18:37,843 INFO  L158   FreeRefinementEngine]: IpTcStrategyModulePreferences [1725961382] provided 2 perfect and 0 imperfect interpolant sequences
[2026-07-04 07:18:37,843 INFO  L185   FreeRefinementEngine]: Found 2 perfect and 0 imperfect interpolant sequences.
[2026-07-04 07:18:37,843 INFO  L198   FreeRefinementEngine]: Number of different interpolants: perfect sequences [3, 3] imperfect sequences [] total 3
[2026-07-04 07:18:37,843 INFO  L121   tionRefinementEngine]: Using interpolant automaton builder IpAbStrategyModuleStraightlineAll [1673499748]
[2026-07-04 07:18:37,843 INFO  L85    oduleStraightlineAll]: Using 2 perfect interpolants to construct interpolant automaton
[2026-07-04 07:18:37,843 INFO  L567      AbstractCegarLoop]: INTERPOLANT automaton has 3 states
[2026-07-04 07:18:37,843 INFO  L100   FreeRefinementEngine]: Using predicate unifier PredicateUnifier provided by strategy FIXED_PREFERENCES
[2026-07-04 07:18:37,844 INFO  L144   InterpolantAutomaton]: Constructing interpolant automaton starting with 3 interpolants.
[2026-07-04 07:18:37,844 INFO  L146   InterpolantAutomaton]: CoverageRelationStatistics Valid=3, Invalid=3, Unknown=0, NotChecked=0, Total=6
[2026-07-04 07:18:37,844 INFO  L87              Difference]: Start difference. First operand 864 states and 1180 transitions. Second operand  has 3 states, 3 states have (on average 24.333333333333332) internal successors, (73), 3 states have internal predecessors, (73), 3 states have call successors, (7), 3 states have call predecessors, (7), 3 states have return successors, (6), 3 states have call predecessors, (6), 3 states have call successors, (6)
[2026-07-04 07:18:37,998 INFO  L144             Difference]: Subtrahend was deterministic. Have not used determinization.
[2026-07-04 07:18:37,998 INFO  L93              Difference]: Finished difference Result 1655 states and 2255 transitions.
[2026-07-04 07:18:37,999 INFO  L140   InterpolantAutomaton]: Switched to read-only mode: deterministic interpolant automaton has 3 states. 
[2026-07-04 07:18:37,999 INFO  L79                 Accepts]: Start accepts. Automaton has  has 3 states, 3 states have (on average 24.333333333333332) internal successors, (73), 3 states have internal predecessors, (73), 3 states have call successors, (7), 3 states have call predecessors, (7), 3 states have return successors, (6), 3 states have call predecessors, (6), 3 states have call successors, (6) Word has length 77
[2026-07-04 07:18:37,999 INFO  L85                 Accepts]: Finished accepts. some prefix is accepted.
[2026-07-04 07:18:38,002 INFO  L225             Difference]: With dead ends: 1655
[2026-07-04 07:18:38,003 INFO  L226             Difference]: Without dead ends: 1052
[2026-07-04 07:18:38,011 INFO  L425           NwaCegarLoop]: 0 DeclaredPredicates, 152 GetRequests, 151 SyntacticMatches, 0 SemanticMatches, 1 ConstructedPredicates, 0 IntricatePredicates, 0 DeprecatedPredicates, 0 ImplicationChecksByTransitivity, 0.0s TimeCoverageRelationStatistics Valid=3, Invalid=3, Unknown=0, NotChecked=0, Total=6
[2026-07-04 07:18:38,012 INFO  L426           NwaCegarLoop]: 636 mSDtfsCounter, 328 mSDsluCounter, 300 mSDsCounter, 0 mSdLazyCounter, 4 mSolverCounterSat, 3 mSolverCounterUnsat, 0 mSolverCounterUnknown, 0 mSolverCounterNotChecked, 0.0s Time, 0 mProtectedPredicate, 0 mProtectedAction, 328 SdHoareTripleChecker+Valid, 936 SdHoareTripleChecker+Invalid, 7 SdHoareTripleChecker+Unknown, 0 SdHoareTripleChecker+Unchecked, 0.0s SdHoareTripleChecker+Time, 3 IncrementalHoareTripleChecker+Valid, 4 IncrementalHoareTripleChecker+Invalid, 0 IncrementalHoareTripleChecker+Unknown, 0 IncrementalHoareTripleChecker+Unchecked, 0.0s IncrementalHoareTripleChecker+Time
[2026-07-04 07:18:38,012 INFO  L427           NwaCegarLoop]: SdHoareTripleChecker [328 Valid, 936 Invalid, 7 Unknown, 0 Unchecked, 0.0s Time], IncrementalHoareTripleChecker [3 Valid, 4 Invalid, 0 Unknown, 0 Unchecked, 0.0s Time]
[2026-07-04 07:18:38,013 INFO  L82        GeneralOperation]: Start minimizeSevpa. Operand 1052 states.
[2026-07-04 07:18:38,173 INFO  L88        GeneralOperation]: Finished minimizeSevpa. Reduced states from 1052 to 1050.
[2026-07-04 07:18:38,189 INFO  L82        GeneralOperation]: Start removeUnreachable. Operand  has 1050 states, 821 states have (on average 1.3434835566382461) internal successors, (1103), 938 states have internal predecessors, (1103), 157 states have call successors, (157), 68 states have call predecessors, (157), 71 states have return successors, (170), 74 states have call predecessors, (170), 153 states have call successors, (170)
[2026-07-04 07:18:38,214 INFO  L88        GeneralOperation]: Finished removeUnreachable. Reduced from 1050 states to 1050 states and 1430 transitions.
[2026-07-04 07:18:38,215 INFO  L79                 Accepts]: Start accepts. Automaton has 1050 states and 1430 transitions. Word has length 77
[2026-07-04 07:18:38,216 INFO  L85                 Accepts]: Finished accepts. word is rejected.
[2026-07-04 07:18:38,216 INFO  L490      AbstractCegarLoop]: Abstraction has 1050 states and 1430 transitions.
[2026-07-04 07:18:38,216 INFO  L491      AbstractCegarLoop]: INTERPOLANT automaton has  has 3 states, 3 states have (on average 24.333333333333332) internal successors, (73), 3 states have internal predecessors, (73), 3 states have call successors, (7), 3 states have call predecessors, (7), 3 states have return successors, (6), 3 states have call predecessors, (6), 3 states have call successors, (6)
[2026-07-04 07:18:38,216 INFO  L278                IsEmpty]: Start isEmpty. Operand 1050 states and 1430 transitions.
[2026-07-04 07:18:38,230 INFO  L284                IsEmpty]: Finished isEmpty. Found accepting run of length 81
[2026-07-04 07:18:38,230 INFO  L199           NwaCegarLoop]: Found error trace
[2026-07-04 07:18:38,231 INFO  L207           NwaCegarLoop]: trace histogram [1, 1, 1, 1, 1, 1, 1, 1, 1, 1, 1, 1, 1, 1, 1, 1, 1, 1, 1, 1, 1, 1, 1, 1, 1, 1, 1, 1, 1, 1, 1, 1, 1, 1, 1, 1, 1, 1, 1, 1, 1, 1, 1, 1, 1, 1, 1, 1, 1, 1, 1, 1, 1, 1, 1, 1, 1, 1, 1, 1, 1, 1, 1, 1, 1, 1, 1, 1, 1, 1, 1, 1, 1, 1, 1, 1, 1, 1, 1, 1]
[2026-07-04 07:18:38,266 INFO  L534       MonitoredProcess]: [MP /usr/bin/z3 SMTLIB2_COMPLIANT=true -memory:2024 -smt2 -in (9)] Forceful destruction successful, exit code 0
[2026-07-04 07:18:38,433 WARN  L471      AbstractCegarLoop]: Destroyed unattended storables created during the last iteration: 9 /usr/bin/z3 SMTLIB2_COMPLIANT=true -memory:2024 -smt2 -in
[2026-07-04 07:18:38,433 INFO  L408      AbstractCegarLoop]: === Iteration 9 === Targeting __wraparound_assertErr0ASSERT_VIOLATIONASSERT === [__wraparound_assertErr0ASSERT_VIOLATIONASSERT] ===
[2026-07-04 07:18:38,434 INFO  L156       PredicateUnifier]: Initialized classic predicate unifier
[2026-07-04 07:18:38,434 INFO  L85        PathProgramCache]: Analyzing trace with hash 1705946498, now seen corresponding path program 1 times
[2026-07-04 07:18:38,440 INFO  L118   FreeRefinementEngine]: Executing refinement strategy FIXED_PREFERENCES
[2026-07-04 07:18:38,440 INFO  L324   FreeRefinementEngine]: Using trace check IpTcStrategyModulePreferences [154637052]
[2026-07-04 07:18:38,440 INFO  L97    rtionOrderModulation]: Keeping assertion order NOT_INCREMENTALLY
[2026-07-04 07:18:38,440 INFO  L173          SolverBuilder]: Constructing external solver with command: z3 SMTLIB2_COMPLIANT=true -memory:2024 -smt2 -in
[2026-07-04 07:18:38,442 INFO  L189       MonitoredProcess]: No working directory specified, using /usr/bin/z3
[2026-07-04 07:18:38,444 INFO  L229       MonitoredProcess]: Starting monitored process 10 with /usr/bin/z3 SMTLIB2_COMPLIANT=true -memory:2024 -smt2 -in (exit command is (exit), workingDir is null)
[2026-07-04 07:18:38,447 INFO  L327       MonitoredProcess]: [MP /usr/bin/z3 SMTLIB2_COMPLIANT=true -memory:2024 -smt2 -in (10)] Waiting until timeout for monitored process
[2026-07-04 07:18:38,658 INFO  L108    AnnotateAndAsserter]: Assert order NOT_INCREMENTALLY partitioned 80 statements into 1 equivalence classes.
[2026-07-04 07:18:38,743 INFO  L111    AnnotateAndAsserter]: Assert order NOT_INCREMENTALLY issued 1 check-sat command(s) and asserted 80 of 80 statements.
[2026-07-04 07:18:38,743 INFO  L114    AnnotateAndAsserter]: Assert order NOT_INCREMENTALLY issued 1 check-sat command(s)
[2026-07-04 07:18:38,743 INFO  L115    AnnotateAndAsserter]: Conjunction of SSA is unsat
[2026-07-04 07:18:38,754 INFO  L256         TraceCheckSpWp]: Trace formula consists of 576 conjuncts, 2 conjuncts are in the unsatisfiable core
[2026-07-04 07:18:38,755 INFO  L279         TraceCheckSpWp]: Computing forward predicates...
[2026-07-04 07:18:38,787 INFO  L134       CoverageAnalysis]: Checked inductivity of 0 backedges. 0 proven. 0 refuted. 0 times theorem prover too weak. 0 trivial. 0 not checked.
[2026-07-04 07:18:38,788 INFO  L312         TraceCheckSpWp]: Computing backward predicates...
[2026-07-04 07:18:38,894 INFO  L134       CoverageAnalysis]: Checked inductivity of 0 backedges. 0 proven. 0 refuted. 0 times theorem prover too weak. 0 trivial. 0 not checked.
[2026-07-04 07:18:38,894 INFO  L136   FreeRefinementEngine]: Strategy FIXED_PREFERENCES found an infeasible trace
[2026-07-04 07:18:38,894 INFO  L324   FreeRefinementEngine]: Using interpolant generator IpTcStrategyModulePreferences [154637052]
[2026-07-04 07:18:38,894 INFO  L158   FreeRefinementEngine]: IpTcStrategyModulePreferences [154637052] provided 2 perfect and 0 imperfect interpolant sequences
[2026-07-04 07:18:38,894 INFO  L185   FreeRefinementEngine]: Found 2 perfect and 0 imperfect interpolant sequences.
[2026-07-04 07:18:38,894 INFO  L198   FreeRefinementEngine]: Number of different interpolants: perfect sequences [3, 3] imperfect sequences [] total 3
[2026-07-04 07:18:38,895 INFO  L121   tionRefinementEngine]: Using interpolant automaton builder IpAbStrategyModuleStraightlineAll [1631193062]
[2026-07-04 07:18:38,895 INFO  L85    oduleStraightlineAll]: Using 2 perfect interpolants to construct interpolant automaton
[2026-07-04 07:18:38,895 INFO  L567      AbstractCegarLoop]: INTERPOLANT automaton has 3 states
[2026-07-04 07:18:38,895 INFO  L100   FreeRefinementEngine]: Using predicate unifier PredicateUnifier provided by strategy FIXED_PREFERENCES
[2026-07-04 07:18:38,895 INFO  L144   InterpolantAutomaton]: Constructing interpolant automaton starting with 3 interpolants.
[2026-07-04 07:18:38,895 INFO  L146   InterpolantAutomaton]: CoverageRelationStatistics Valid=3, Invalid=3, Unknown=0, NotChecked=0, Total=6
[2026-07-04 07:18:38,895 INFO  L87              Difference]: Start difference. First operand 1050 states and 1430 transitions. Second operand  has 3 states, 3 states have (on average 25.333333333333332) internal successors, (76), 3 states have internal predecessors, (76), 3 states have call successors, (9), 3 states have call predecessors, (9), 3 states have return successors, (8), 3 states have call predecessors, (8), 3 states have call successors, (8)
[2026-07-04 07:18:39,032 INFO  L144             Difference]: Subtrahend was deterministic. Have not used determinization.
[2026-07-04 07:18:39,033 INFO  L93              Difference]: Finished difference Result 1660 states and 2262 transitions.
[2026-07-04 07:18:39,037 INFO  L140   InterpolantAutomaton]: Switched to read-only mode: deterministic interpolant automaton has 3 states. 
[2026-07-04 07:18:39,038 INFO  L79                 Accepts]: Start accepts. Automaton has  has 3 states, 3 states have (on average 25.333333333333332) internal successors, (76), 3 states have internal predecessors, (76), 3 states have call successors, (9), 3 states have call predecessors, (9), 3 states have return successors, (8), 3 states have call predecessors, (8), 3 states have call successors, (8) Word has length 80
[2026-07-04 07:18:39,041 INFO  L85                 Accepts]: Finished accepts. some prefix is accepted.
[2026-07-04 07:18:39,046 INFO  L225             Difference]: With dead ends: 1660
[2026-07-04 07:18:39,046 INFO  L226             Difference]: Without dead ends: 1347
[2026-07-04 07:18:39,047 INFO  L425           NwaCegarLoop]: 0 DeclaredPredicates, 158 GetRequests, 157 SyntacticMatches, 0 SemanticMatches, 1 ConstructedPredicates, 0 IntricatePredicates, 0 DeprecatedPredicates, 0 ImplicationChecksByTransitivity, 0.0s TimeCoverageRelationStatistics Valid=3, Invalid=3, Unknown=0, NotChecked=0, Total=6
[2026-07-04 07:18:39,053 INFO  L426           NwaCegarLoop]: 473 mSDtfsCounter, 102 mSDsluCounter, 361 mSDsCounter, 0 mSdLazyCounter, 9 mSolverCounterSat, 1 mSolverCounterUnsat, 0 mSolverCounterUnknown, 0 mSolverCounterNotChecked, 0.0s Time, 0 mProtectedPredicate, 0 mProtectedAction, 102 SdHoareTripleChecker+Valid, 834 SdHoareTripleChecker+Invalid, 10 SdHoareTripleChecker+Unknown, 0 SdHoareTripleChecker+Unchecked, 0.0s SdHoareTripleChecker+Time, 1 IncrementalHoareTripleChecker+Valid, 9 IncrementalHoareTripleChecker+Invalid, 0 IncrementalHoareTripleChecker+Unknown, 0 IncrementalHoareTripleChecker+Unchecked, 0.1s IncrementalHoareTripleChecker+Time
[2026-07-04 07:18:39,054 INFO  L427           NwaCegarLoop]: SdHoareTripleChecker [102 Valid, 834 Invalid, 10 Unknown, 0 Unchecked, 0.0s Time], IncrementalHoareTripleChecker [1 Valid, 9 Invalid, 0 Unknown, 0 Unchecked, 0.1s Time]
[2026-07-04 07:18:39,055 INFO  L82        GeneralOperation]: Start minimizeSevpa. Operand 1347 states.
[2026-07-04 07:18:39,186 INFO  L88        GeneralOperation]: Finished minimizeSevpa. Reduced states from 1347 to 1241.
[2026-07-04 07:18:39,187 INFO  L82        GeneralOperation]: Start removeUnreachable. Operand  has 1241 states, 963 states have (on average 1.335410176531672) internal successors, (1286), 1107 states have internal predecessors, (1286), 189 states have call successors, (189), 82 states have call predecessors, (189), 88 states have return successors, (205), 88 states have call predecessors, (205), 185 states have call successors, (205)
[2026-07-04 07:18:39,195 INFO  L88        GeneralOperation]: Finished removeUnreachable. Reduced from 1241 states to 1241 states and 1680 transitions.
[2026-07-04 07:18:39,196 INFO  L79                 Accepts]: Start accepts. Automaton has 1241 states and 1680 transitions. Word has length 80
[2026-07-04 07:18:39,197 INFO  L85                 Accepts]: Finished accepts. word is rejected.
[2026-07-04 07:18:39,197 INFO  L490      AbstractCegarLoop]: Abstraction has 1241 states and 1680 transitions.
[2026-07-04 07:18:39,197 INFO  L491      AbstractCegarLoop]: INTERPOLANT automaton has  has 3 states, 3 states have (on average 25.333333333333332) internal successors, (76), 3 states have internal predecessors, (76), 3 states have call successors, (9), 3 states have call predecessors, (9), 3 states have return successors, (8), 3 states have call predecessors, (8), 3 states have call successors, (8)
[2026-07-04 07:18:39,197 INFO  L278                IsEmpty]: Start isEmpty. Operand 1241 states and 1680 transitions.
[2026-07-04 07:18:39,205 INFO  L284                IsEmpty]: Finished isEmpty. Found accepting run of length 86
[2026-07-04 07:18:39,205 INFO  L199           NwaCegarLoop]: Found error trace
[2026-07-04 07:18:39,205 INFO  L207           NwaCegarLoop]: trace histogram [1, 1, 1, 1, 1, 1, 1, 1, 1, 1, 1, 1, 1, 1, 1, 1, 1, 1, 1, 1, 1, 1, 1, 1, 1, 1, 1, 1, 1, 1, 1, 1, 1, 1, 1, 1, 1, 1, 1, 1, 1, 1, 1, 1, 1, 1, 1, 1, 1, 1, 1, 1, 1, 1, 1, 1, 1, 1, 1, 1, 1, 1, 1, 1, 1, 1, 1, 1, 1, 1, 1, 1, 1, 1, 1, 1, 1, 1, 1, 1, 1, 1, 1, 1, 1]
[2026-07-04 07:18:39,222 INFO  L534       MonitoredProcess]: [MP /usr/bin/z3 SMTLIB2_COMPLIANT=true -memory:2024 -smt2 -in (10)] Forceful destruction successful, exit code 0
[2026-07-04 07:18:39,406 WARN  L471      AbstractCegarLoop]: Destroyed unattended storables created during the last iteration: 10 /usr/bin/z3 SMTLIB2_COMPLIANT=true -memory:2024 -smt2 -in
[2026-07-04 07:18:39,406 INFO  L408      AbstractCegarLoop]: === Iteration 10 === Targeting __wraparound_assertErr0ASSERT_VIOLATIONASSERT === [__wraparound_assertErr0ASSERT_VIOLATIONASSERT] ===
[2026-07-04 07:18:39,406 INFO  L156       PredicateUnifier]: Initialized classic predicate unifier
[2026-07-04 07:18:39,407 INFO  L85        PathProgramCache]: Analyzing trace with hash -606448943, now seen corresponding path program 1 times
[2026-07-04 07:18:39,407 INFO  L118   FreeRefinementEngine]: Executing refinement strategy FIXED_PREFERENCES
[2026-07-04 07:18:39,407 INFO  L324   FreeRefinementEngine]: Using trace check IpTcStrategyModulePreferences [324504208]
[2026-07-04 07:18:39,407 INFO  L97    rtionOrderModulation]: Keeping assertion order NOT_INCREMENTALLY
[2026-07-04 07:18:39,407 INFO  L173          SolverBuilder]: Constructing external solver with command: z3 SMTLIB2_COMPLIANT=true -memory:2024 -smt2 -in
[2026-07-04 07:18:39,408 INFO  L189       MonitoredProcess]: No working directory specified, using /usr/bin/z3
[2026-07-04 07:18:39,415 INFO  L229       MonitoredProcess]: Starting monitored process 11 with /usr/bin/z3 SMTLIB2_COMPLIANT=true -memory:2024 -smt2 -in (exit command is (exit), workingDir is null)
[2026-07-04 07:18:39,423 INFO  L327       MonitoredProcess]: [MP /usr/bin/z3 SMTLIB2_COMPLIANT=true -memory:2024 -smt2 -in (11)] Waiting until timeout for monitored process
[2026-07-04 07:18:39,657 INFO  L108    AnnotateAndAsserter]: Assert order NOT_INCREMENTALLY partitioned 85 statements into 1 equivalence classes.
[2026-07-04 07:18:39,757 INFO  L111    AnnotateAndAsserter]: Assert order NOT_INCREMENTALLY issued 1 check-sat command(s) and asserted 85 of 85 statements.
[2026-07-04 07:18:39,757 INFO  L114    AnnotateAndAsserter]: Assert order NOT_INCREMENTALLY issued 1 check-sat command(s)
[2026-07-04 07:18:39,757 INFO  L115    AnnotateAndAsserter]: Conjunction of SSA is unsat
[2026-07-04 07:18:39,768 INFO  L256         TraceCheckSpWp]: Trace formula consists of 669 conjuncts, 2 conjuncts are in the unsatisfiable core
[2026-07-04 07:18:39,770 INFO  L279         TraceCheckSpWp]: Computing forward predicates...
[2026-07-04 07:18:39,906 INFO  L134       CoverageAnalysis]: Checked inductivity of 0 backedges. 0 proven. 0 refuted. 0 times theorem prover too weak. 0 trivial. 0 not checked.
[2026-07-04 07:18:39,906 INFO  L312         TraceCheckSpWp]: Computing backward predicates...
[2026-07-04 07:18:40,058 INFO  L134       CoverageAnalysis]: Checked inductivity of 0 backedges. 0 proven. 0 refuted. 0 times theorem prover too weak. 0 trivial. 0 not checked.
[2026-07-04 07:18:40,058 INFO  L136   FreeRefinementEngine]: Strategy FIXED_PREFERENCES found an infeasible trace
[2026-07-04 07:18:40,058 INFO  L324   FreeRefinementEngine]: Using interpolant generator IpTcStrategyModulePreferences [324504208]
[2026-07-04 07:18:40,058 INFO  L158   FreeRefinementEngine]: IpTcStrategyModulePreferences [324504208] provided 2 perfect and 0 imperfect interpolant sequences
[2026-07-04 07:18:40,058 INFO  L185   FreeRefinementEngine]: Found 2 perfect and 0 imperfect interpolant sequences.
[2026-07-04 07:18:40,058 INFO  L198   FreeRefinementEngine]: Number of different interpolants: perfect sequences [3, 3] imperfect sequences [] total 3
[2026-07-04 07:18:40,058 INFO  L121   tionRefinementEngine]: Using interpolant automaton builder IpAbStrategyModuleStraightlineAll [1436455331]
[2026-07-04 07:18:40,058 INFO  L85    oduleStraightlineAll]: Using 2 perfect interpolants to construct interpolant automaton
[2026-07-04 07:18:40,059 INFO  L567      AbstractCegarLoop]: INTERPOLANT automaton has 3 states
[2026-07-04 07:18:40,059 INFO  L100   FreeRefinementEngine]: Using predicate unifier PredicateUnifier provided by strategy FIXED_PREFERENCES
[2026-07-04 07:18:40,059 INFO  L144   InterpolantAutomaton]: Constructing interpolant automaton starting with 3 interpolants.
[2026-07-04 07:18:40,059 INFO  L146   InterpolantAutomaton]: CoverageRelationStatistics Valid=3, Invalid=3, Unknown=0, NotChecked=0, Total=6
[2026-07-04 07:18:40,059 INFO  L87              Difference]: Start difference. First operand 1241 states and 1680 transitions. Second operand  has 3 states, 3 states have (on average 27.666666666666668) internal successors, (83), 3 states have internal predecessors, (83), 3 states have call successors, (12), 3 states have call predecessors, (12), 3 states have return successors, (11), 2 states have call predecessors, (11), 3 states have call successors, (11)
[2026-07-04 07:18:38,358 INFO  L144             Difference]: Subtrahend was deterministic. Have not used determinization.
[2026-07-04 07:18:38,358 INFO  L93              Difference]: Finished difference Result 1298 states and 1749 transitions.
[2026-07-04 07:18:38,365 INFO  L140   InterpolantAutomaton]: Switched to read-only mode: deterministic interpolant automaton has 3 states. 
[2026-07-04 07:18:38,365 INFO  L79                 Accepts]: Start accepts. Automaton has  has 3 states, 3 states have (on average 27.666666666666668) internal successors, (83), 3 states have internal predecessors, (83), 3 states have call successors, (12), 3 states have call predecessors, (12), 3 states have return successors, (11), 2 states have call predecessors, (11), 3 states have call successors, (11) Word has length 85
[2026-07-04 07:18:38,366 INFO  L85                 Accepts]: Finished accepts. some prefix is accepted.
[2026-07-04 07:18:38,376 INFO  L225             Difference]: With dead ends: 1298
[2026-07-04 07:18:38,376 INFO  L226             Difference]: Without dead ends: 1241
[2026-07-04 07:18:38,377 INFO  L425           NwaCegarLoop]: 0 DeclaredPredicates, 168 GetRequests, 167 SyntacticMatches, 0 SemanticMatches, 1 ConstructedPredicates, 0 IntricatePredicates, 0 DeprecatedPredicates, 0 ImplicationChecksByTransitivity, 0.0s TimeCoverageRelationStatistics Valid=3, Invalid=3, Unknown=0, NotChecked=0, Total=6
[2026-07-04 07:18:38,377 INFO  L426           NwaCegarLoop]: 372 mSDtfsCounter, 311 mSDsluCounter, 0 mSDsCounter, 0 mSdLazyCounter, 1 mSolverCounterSat, 2 mSolverCounterUnsat, 0 mSolverCounterUnknown, 0 mSolverCounterNotChecked, 0.0s Time, 0 mProtectedPredicate, 0 mProtectedAction, 311 SdHoareTripleChecker+Valid, 372 SdHoareTripleChecker+Invalid, 3 SdHoareTripleChecker+Unknown, 0 SdHoareTripleChecker+Unchecked, 0.0s SdHoareTripleChecker+Time, 2 IncrementalHoareTripleChecker+Valid, 1 IncrementalHoareTripleChecker+Invalid, 0 IncrementalHoareTripleChecker+Unknown, 0 IncrementalHoareTripleChecker+Unchecked, 0.0s IncrementalHoareTripleChecker+Time
[2026-07-04 07:18:38,378 INFO  L427           NwaCegarLoop]: SdHoareTripleChecker [311 Valid, 372 Invalid, 3 Unknown, 0 Unchecked, 0.0s Time], IncrementalHoareTripleChecker [2 Valid, 1 Invalid, 0 Unknown, 0 Unchecked, 0.0s Time]
[2026-07-04 07:18:38,379 INFO  L82        GeneralOperation]: Start minimizeSevpa. Operand 1241 states.
[2026-07-04 07:18:38,492 INFO  L88        GeneralOperation]: Finished minimizeSevpa. Reduced states from 1241 to 1241.
[2026-07-04 07:18:38,494 INFO  L82        GeneralOperation]: Start removeUnreachable. Operand  has 1241 states, 963 states have (on average 1.3312564901349948) internal successors, (1282), 1107 states have internal predecessors, (1282), 189 states have call successors, (189), 82 states have call predecessors, (189), 88 states have return successors, (205), 88 states have call predecessors, (205), 185 states have call successors, (205)
[2026-07-04 07:18:38,496 INFO  L88        GeneralOperation]: Finished removeUnreachable. Reduced from 1241 states to 1241 states and 1676 transitions.
[2026-07-04 07:18:38,505 INFO  L79                 Accepts]: Start accepts. Automaton has 1241 states and 1676 transitions. Word has length 85
[2026-07-04 07:18:38,505 INFO  L85                 Accepts]: Finished accepts. word is rejected.
[2026-07-04 07:18:38,505 INFO  L490      AbstractCegarLoop]: Abstraction has 1241 states and 1676 transitions.
[2026-07-04 07:18:38,505 INFO  L491      AbstractCegarLoop]: INTERPOLANT automaton has  has 3 states, 3 states have (on average 27.666666666666668) internal successors, (83), 3 states have internal predecessors, (83), 3 states have call successors, (12), 3 states have call predecessors, (12), 3 states have return successors, (11), 2 states have call predecessors, (11), 3 states have call successors, (11)
[2026-07-04 07:18:38,505 INFO  L278                IsEmpty]: Start isEmpty. Operand 1241 states and 1676 transitions.
[2026-07-04 07:18:38,507 INFO  L284                IsEmpty]: Finished isEmpty. Found accepting run of length 86
[2026-07-04 07:18:38,507 INFO  L199           NwaCegarLoop]: Found error trace
[2026-07-04 07:18:38,507 INFO  L207           NwaCegarLoop]: trace histogram [1, 1, 1, 1, 1, 1, 1, 1, 1, 1, 1, 1, 1, 1, 1, 1, 1, 1, 1, 1, 1, 1, 1, 1, 1, 1, 1, 1, 1, 1, 1, 1, 1, 1, 1, 1, 1, 1, 1, 1, 1, 1, 1, 1, 1, 1, 1, 1, 1, 1, 1, 1, 1, 1, 1, 1, 1, 1, 1, 1, 1, 1, 1, 1, 1, 1, 1, 1, 1, 1, 1, 1, 1, 1, 1, 1, 1, 1, 1, 1, 1, 1, 1, 1, 1]
[2026-07-04 07:18:38,523 INFO  L534       MonitoredProcess]: [MP /usr/bin/z3 SMTLIB2_COMPLIANT=true -memory:2024 -smt2 -in (11)] Forceful destruction successful, exit code 0
[2026-07-04 07:18:38,714 WARN  L471      AbstractCegarLoop]: Destroyed unattended storables created during the last iteration: 11 /usr/bin/z3 SMTLIB2_COMPLIANT=true -memory:2024 -smt2 -in
[2026-07-04 07:18:38,715 INFO  L408      AbstractCegarLoop]: === Iteration 11 === Targeting __wraparound_assertErr0ASSERT_VIOLATIONASSERT === [__wraparound_assertErr0ASSERT_VIOLATIONASSERT] ===
[2026-07-04 07:18:38,715 INFO  L156       PredicateUnifier]: Initialized classic predicate unifier
[2026-07-04 07:18:38,715 INFO  L85        PathProgramCache]: Analyzing trace with hash -1617566193, now seen corresponding path program 1 times
[2026-07-04 07:18:38,715 INFO  L118   FreeRefinementEngine]: Executing refinement strategy FIXED_PREFERENCES
[2026-07-04 07:18:38,715 INFO  L324   FreeRefinementEngine]: Using trace check IpTcStrategyModulePreferences [2085667251]
[2026-07-04 07:18:38,715 INFO  L97    rtionOrderModulation]: Keeping assertion order NOT_INCREMENTALLY
[2026-07-04 07:18:38,715 INFO  L173          SolverBuilder]: Constructing external solver with command: z3 SMTLIB2_COMPLIANT=true -memory:2024 -smt2 -in
[2026-07-04 07:18:38,718 INFO  L189       MonitoredProcess]: No working directory specified, using /usr/bin/z3
[2026-07-04 07:18:38,720 INFO  L229       MonitoredProcess]: Starting monitored process 12 with /usr/bin/z3 SMTLIB2_COMPLIANT=true -memory:2024 -smt2 -in (exit command is (exit), workingDir is null)
[2026-07-04 07:18:38,723 INFO  L327       MonitoredProcess]: [MP /usr/bin/z3 SMTLIB2_COMPLIANT=true -memory:2024 -smt2 -in (12)] Waiting until timeout for monitored process
[2026-07-04 07:18:38,876 INFO  L108    AnnotateAndAsserter]: Assert order NOT_INCREMENTALLY partitioned 85 statements into 1 equivalence classes.
[2026-07-04 07:18:38,961 INFO  L111    AnnotateAndAsserter]: Assert order NOT_INCREMENTALLY issued 1 check-sat command(s) and asserted 85 of 85 statements.
[2026-07-04 07:18:38,961 INFO  L114    AnnotateAndAsserter]: Assert order NOT_INCREMENTALLY issued 1 check-sat command(s)
[2026-07-04 07:18:38,961 INFO  L115    AnnotateAndAsserter]: Conjunction of SSA is unsat
[2026-07-04 07:18:38,965 INFO  L256         TraceCheckSpWp]: Trace formula consists of 665 conjuncts, 2 conjuncts are in the unsatisfiable core
[2026-07-04 07:18:38,974 INFO  L279         TraceCheckSpWp]: Computing forward predicates...
[2026-07-04 07:18:39,100 INFO  L134       CoverageAnalysis]: Checked inductivity of 0 backedges. 0 proven. 0 refuted. 0 times theorem prover too weak. 0 trivial. 0 not checked.
[2026-07-04 07:18:39,100 INFO  L312         TraceCheckSpWp]: Computing backward predicates...
[2026-07-04 07:18:39,280 INFO  L134       CoverageAnalysis]: Checked inductivity of 0 backedges. 0 proven. 0 refuted. 0 times theorem prover too weak. 0 trivial. 0 not checked.
[2026-07-04 07:18:39,280 INFO  L136   FreeRefinementEngine]: Strategy FIXED_PREFERENCES found an infeasible trace
[2026-07-04 07:18:39,280 INFO  L324   FreeRefinementEngine]: Using interpolant generator IpTcStrategyModulePreferences [2085667251]
[2026-07-04 07:18:39,280 INFO  L158   FreeRefinementEngine]: IpTcStrategyModulePreferences [2085667251] provided 2 perfect and 0 imperfect interpolant sequences
[2026-07-04 07:18:39,280 INFO  L185   FreeRefinementEngine]: Found 2 perfect and 0 imperfect interpolant sequences.
[2026-07-04 07:18:39,280 INFO  L198   FreeRefinementEngine]: Number of different interpolants: perfect sequences [3, 3] imperfect sequences [] total 3
[2026-07-04 07:18:39,280 INFO  L121   tionRefinementEngine]: Using interpolant automaton builder IpAbStrategyModuleStraightlineAll [1254809808]
[2026-07-04 07:18:39,280 INFO  L85    oduleStraightlineAll]: Using 2 perfect interpolants to construct interpolant automaton
[2026-07-04 07:18:39,281 INFO  L567      AbstractCegarLoop]: INTERPOLANT automaton has 3 states
[2026-07-04 07:18:39,281 INFO  L100   FreeRefinementEngine]: Using predicate unifier PredicateUnifier provided by strategy FIXED_PREFERENCES
[2026-07-04 07:18:39,281 INFO  L144   InterpolantAutomaton]: Constructing interpolant automaton starting with 3 interpolants.
[2026-07-04 07:18:39,281 INFO  L146   InterpolantAutomaton]: CoverageRelationStatistics Valid=3, Invalid=3, Unknown=0, NotChecked=0, Total=6
[2026-07-04 07:18:39,281 INFO  L87              Difference]: Start difference. First operand 1241 states and 1676 transitions. Second operand  has 3 states, 3 states have (on average 27.666666666666668) internal successors, (83), 3 states have internal predecessors, (83), 3 states have call successors, (12), 3 states have call predecessors, (12), 3 states have return successors, (11), 2 states have call predecessors, (11), 3 states have call successors, (11)
[2026-07-04 07:18:39,390 INFO  L144             Difference]: Subtrahend was deterministic. Have not used determinization.
[2026-07-04 07:18:39,390 INFO  L93              Difference]: Finished difference Result 1290 states and 1733 transitions.
[2026-07-04 07:18:39,391 INFO  L140   InterpolantAutomaton]: Switched to read-only mode: deterministic interpolant automaton has 3 states. 
[2026-07-04 07:18:39,391 INFO  L79                 Accepts]: Start accepts. Automaton has  has 3 states, 3 states have (on average 27.666666666666668) internal successors, (83), 3 states have internal predecessors, (83), 3 states have call successors, (12), 3 states have call predecessors, (12), 3 states have return successors, (11), 2 states have call predecessors, (11), 3 states have call successors, (11) Word has length 85
[2026-07-04 07:18:39,393 INFO  L85                 Accepts]: Finished accepts. some prefix is accepted.
[2026-07-04 07:18:39,403 INFO  L225             Difference]: With dead ends: 1290
[2026-07-04 07:18:39,403 INFO  L226             Difference]: Without dead ends: 1241
[2026-07-04 07:18:39,404 INFO  L425           NwaCegarLoop]: 0 DeclaredPredicates, 168 GetRequests, 167 SyntacticMatches, 0 SemanticMatches, 1 ConstructedPredicates, 0 IntricatePredicates, 0 DeprecatedPredicates, 0 ImplicationChecksByTransitivity, 0.0s TimeCoverageRelationStatistics Valid=3, Invalid=3, Unknown=0, NotChecked=0, Total=6
[2026-07-04 07:18:39,404 INFO  L426           NwaCegarLoop]: 371 mSDtfsCounter, 308 mSDsluCounter, 0 mSDsCounter, 0 mSdLazyCounter, 1 mSolverCounterSat, 2 mSolverCounterUnsat, 0 mSolverCounterUnknown, 0 mSolverCounterNotChecked, 0.0s Time, 0 mProtectedPredicate, 0 mProtectedAction, 308 SdHoareTripleChecker+Valid, 371 SdHoareTripleChecker+Invalid, 3 SdHoareTripleChecker+Unknown, 0 SdHoareTripleChecker+Unchecked, 0.0s SdHoareTripleChecker+Time, 2 IncrementalHoareTripleChecker+Valid, 1 IncrementalHoareTripleChecker+Invalid, 0 IncrementalHoareTripleChecker+Unknown, 0 IncrementalHoareTripleChecker+Unchecked, 0.0s IncrementalHoareTripleChecker+Time
[2026-07-04 07:18:39,404 INFO  L427           NwaCegarLoop]: SdHoareTripleChecker [308 Valid, 371 Invalid, 3 Unknown, 0 Unchecked, 0.0s Time], IncrementalHoareTripleChecker [2 Valid, 1 Invalid, 0 Unknown, 0 Unchecked, 0.0s Time]
[2026-07-04 07:18:39,405 INFO  L82        GeneralOperation]: Start minimizeSevpa. Operand 1241 states.
[2026-07-04 07:18:39,509 INFO  L88        GeneralOperation]: Finished minimizeSevpa. Reduced states from 1241 to 1241.
[2026-07-04 07:18:39,510 INFO  L82        GeneralOperation]: Start removeUnreachable. Operand  has 1241 states, 963 states have (on average 1.3271028037383177) internal successors, (1278), 1107 states have internal predecessors, (1278), 189 states have call successors, (189), 82 states have call predecessors, (189), 88 states have return successors, (205), 88 states have call predecessors, (205), 185 states have call successors, (205)
[2026-07-04 07:18:39,523 INFO  L88        GeneralOperation]: Finished removeUnreachable. Reduced from 1241 states to 1241 states and 1672 transitions.
[2026-07-04 07:18:39,529 INFO  L79                 Accepts]: Start accepts. Automaton has 1241 states and 1672 transitions. Word has length 85
[2026-07-04 07:18:39,529 INFO  L85                 Accepts]: Finished accepts. word is rejected.
[2026-07-04 07:18:39,529 INFO  L490      AbstractCegarLoop]: Abstraction has 1241 states and 1672 transitions.
[2026-07-04 07:18:39,530 INFO  L491      AbstractCegarLoop]: INTERPOLANT automaton has  has 3 states, 3 states have (on average 27.666666666666668) internal successors, (83), 3 states have internal predecessors, (83), 3 states have call successors, (12), 3 states have call predecessors, (12), 3 states have return successors, (11), 2 states have call predecessors, (11), 3 states have call successors, (11)
[2026-07-04 07:18:39,530 INFO  L278                IsEmpty]: Start isEmpty. Operand 1241 states and 1672 transitions.
[2026-07-04 07:18:39,533 INFO  L284                IsEmpty]: Finished isEmpty. Found accepting run of length 86
[2026-07-04 07:18:39,533 INFO  L199           NwaCegarLoop]: Found error trace
[2026-07-04 07:18:39,533 INFO  L207           NwaCegarLoop]: trace histogram [1, 1, 1, 1, 1, 1, 1, 1, 1, 1, 1, 1, 1, 1, 1, 1, 1, 1, 1, 1, 1, 1, 1, 1, 1, 1, 1, 1, 1, 1, 1, 1, 1, 1, 1, 1, 1, 1, 1, 1, 1, 1, 1, 1, 1, 1, 1, 1, 1, 1, 1, 1, 1, 1, 1, 1, 1, 1, 1, 1, 1, 1, 1, 1, 1, 1, 1, 1, 1, 1, 1, 1, 1, 1, 1, 1, 1, 1, 1, 1, 1, 1, 1, 1, 1]
[2026-07-04 07:18:39,550 INFO  L546       MonitoredProcess]: [MP /usr/bin/z3 SMTLIB2_COMPLIANT=true -memory:2024 -smt2 -in (12)] Ended with exit code 0
[2026-07-04 07:18:39,737 WARN  L471      AbstractCegarLoop]: Destroyed unattended storables created during the last iteration: 12 /usr/bin/z3 SMTLIB2_COMPLIANT=true -memory:2024 -smt2 -in
[2026-07-04 07:18:39,738 INFO  L408      AbstractCegarLoop]: === Iteration 12 === Targeting __wraparound_assertErr0ASSERT_VIOLATIONASSERT === [__wraparound_assertErr0ASSERT_VIOLATIONASSERT] ===
[2026-07-04 07:18:39,739 INFO  L156       PredicateUnifier]: Initialized classic predicate unifier
[2026-07-04 07:18:39,739 INFO  L85        PathProgramCache]: Analyzing trace with hash -1359400755, now seen corresponding path program 1 times
[2026-07-04 07:18:39,739 INFO  L118   FreeRefinementEngine]: Executing refinement strategy FIXED_PREFERENCES
[2026-07-04 07:18:39,739 INFO  L324   FreeRefinementEngine]: Using trace check IpTcStrategyModulePreferences [1964454572]
[2026-07-04 07:18:39,739 INFO  L97    rtionOrderModulation]: Keeping assertion order NOT_INCREMENTALLY
[2026-07-04 07:18:39,739 INFO  L173          SolverBuilder]: Constructing external solver with command: z3 SMTLIB2_COMPLIANT=true -memory:2024 -smt2 -in
[2026-07-04 07:18:39,740 INFO  L189       MonitoredProcess]: No working directory specified, using /usr/bin/z3
[2026-07-04 07:18:39,742 INFO  L229       MonitoredProcess]: Starting monitored process 13 with /usr/bin/z3 SMTLIB2_COMPLIANT=true -memory:2024 -smt2 -in (exit command is (exit), workingDir is null)
[2026-07-04 07:18:39,745 INFO  L327       MonitoredProcess]: [MP /usr/bin/z3 SMTLIB2_COMPLIANT=true -memory:2024 -smt2 -in (13)] Waiting until timeout for monitored process
[2026-07-04 07:18:39,925 INFO  L108    AnnotateAndAsserter]: Assert order NOT_INCREMENTALLY partitioned 85 statements into 1 equivalence classes.
[2026-07-04 07:18:39,998 INFO  L111    AnnotateAndAsserter]: Assert order NOT_INCREMENTALLY issued 1 check-sat command(s) and asserted 85 of 85 statements.
[2026-07-04 07:18:39,999 INFO  L114    AnnotateAndAsserter]: Assert order NOT_INCREMENTALLY issued 1 check-sat command(s)
[2026-07-04 07:18:39,999 INFO  L115    AnnotateAndAsserter]: Conjunction of SSA is unsat
[2026-07-04 07:18:40,004 INFO  L256         TraceCheckSpWp]: Trace formula consists of 661 conjuncts, 2 conjuncts are in the unsatisfiable core
[2026-07-04 07:18:40,008 INFO  L279         TraceCheckSpWp]: Computing forward predicates...
[2026-07-04 07:18:40,108 INFO  L134       CoverageAnalysis]: Checked inductivity of 0 backedges. 0 proven. 0 refuted. 0 times theorem prover too weak. 0 trivial. 0 not checked.
[2026-07-04 07:18:40,108 INFO  L312         TraceCheckSpWp]: Computing backward predicates...
[2026-07-04 07:18:40,254 INFO  L134       CoverageAnalysis]: Checked inductivity of 0 backedges. 0 proven. 0 refuted. 0 times theorem prover too weak. 0 trivial. 0 not checked.
[2026-07-04 07:18:40,254 INFO  L136   FreeRefinementEngine]: Strategy FIXED_PREFERENCES found an infeasible trace
[2026-07-04 07:18:40,254 INFO  L324   FreeRefinementEngine]: Using interpolant generator IpTcStrategyModulePreferences [1964454572]
[2026-07-04 07:18:40,254 INFO  L158   FreeRefinementEngine]: IpTcStrategyModulePreferences [1964454572] provided 2 perfect and 0 imperfect interpolant sequences
[2026-07-04 07:18:40,254 INFO  L185   FreeRefinementEngine]: Found 2 perfect and 0 imperfect interpolant sequences.
[2026-07-04 07:18:40,254 INFO  L198   FreeRefinementEngine]: Number of different interpolants: perfect sequences [3, 3] imperfect sequences [] total 3
[2026-07-04 07:18:40,254 INFO  L121   tionRefinementEngine]: Using interpolant automaton builder IpAbStrategyModuleStraightlineAll [798495431]
[2026-07-04 07:18:40,254 INFO  L85    oduleStraightlineAll]: Using 2 perfect interpolants to construct interpolant automaton
[2026-07-04 07:18:40,254 INFO  L567      AbstractCegarLoop]: INTERPOLANT automaton has 3 states
[2026-07-04 07:18:40,254 INFO  L100   FreeRefinementEngine]: Using predicate unifier PredicateUnifier provided by strategy FIXED_PREFERENCES
[2026-07-04 07:18:40,254 INFO  L144   InterpolantAutomaton]: Constructing interpolant automaton starting with 3 interpolants.
[2026-07-04 07:18:40,254 INFO  L146   InterpolantAutomaton]: CoverageRelationStatistics Valid=3, Invalid=3, Unknown=0, NotChecked=0, Total=6
[2026-07-04 07:18:40,254 INFO  L87              Difference]: Start difference. First operand 1241 states and 1672 transitions. Second operand  has 3 states, 3 states have (on average 27.666666666666668) internal successors, (83), 3 states have internal predecessors, (83), 3 states have call successors, (12), 3 states have call predecessors, (12), 3 states have return successors, (11), 2 states have call predecessors, (11), 3 states have call successors, (11)
[2026-07-04 07:18:40,325 INFO  L144             Difference]: Subtrahend was deterministic. Have not used determinization.
[2026-07-04 07:18:40,329 INFO  L93              Difference]: Finished difference Result 1282 states and 1717 transitions.
[2026-07-04 07:18:40,329 INFO  L140   InterpolantAutomaton]: Switched to read-only mode: deterministic interpolant automaton has 3 states. 
[2026-07-04 07:18:40,329 INFO  L79                 Accepts]: Start accepts. Automaton has  has 3 states, 3 states have (on average 27.666666666666668) internal successors, (83), 3 states have internal predecessors, (83), 3 states have call successors, (12), 3 states have call predecessors, (12), 3 states have return successors, (11), 2 states have call predecessors, (11), 3 states have call successors, (11) Word has length 85
[2026-07-04 07:18:40,329 INFO  L85                 Accepts]: Finished accepts. some prefix is accepted.
[2026-07-04 07:18:40,339 INFO  L225             Difference]: With dead ends: 1282
[2026-07-04 07:18:40,339 INFO  L226             Difference]: Without dead ends: 1241
[2026-07-04 07:18:40,339 INFO  L425           NwaCegarLoop]: 0 DeclaredPredicates, 168 GetRequests, 167 SyntacticMatches, 0 SemanticMatches, 1 ConstructedPredicates, 0 IntricatePredicates, 0 DeprecatedPredicates, 0 ImplicationChecksByTransitivity, 0.0s TimeCoverageRelationStatistics Valid=3, Invalid=3, Unknown=0, NotChecked=0, Total=6
[2026-07-04 07:18:40,340 INFO  L426           NwaCegarLoop]: 370 mSDtfsCounter, 305 mSDsluCounter, 0 mSDsCounter, 0 mSdLazyCounter, 1 mSolverCounterSat, 2 mSolverCounterUnsat, 0 mSolverCounterUnknown, 0 mSolverCounterNotChecked, 0.0s Time, 0 mProtectedPredicate, 0 mProtectedAction, 305 SdHoareTripleChecker+Valid, 370 SdHoareTripleChecker+Invalid, 3 SdHoareTripleChecker+Unknown, 0 SdHoareTripleChecker+Unchecked, 0.0s SdHoareTripleChecker+Time, 2 IncrementalHoareTripleChecker+Valid, 1 IncrementalHoareTripleChecker+Invalid, 0 IncrementalHoareTripleChecker+Unknown, 0 IncrementalHoareTripleChecker+Unchecked, 0.0s IncrementalHoareTripleChecker+Time
[2026-07-04 07:18:40,340 INFO  L427           NwaCegarLoop]: SdHoareTripleChecker [305 Valid, 370 Invalid, 3 Unknown, 0 Unchecked, 0.0s Time], IncrementalHoareTripleChecker [2 Valid, 1 Invalid, 0 Unknown, 0 Unchecked, 0.0s Time]
[2026-07-04 07:18:40,340 INFO  L82        GeneralOperation]: Start minimizeSevpa. Operand 1241 states.
[2026-07-04 07:18:40,446 INFO  L88        GeneralOperation]: Finished minimizeSevpa. Reduced states from 1241 to 1241.
[2026-07-04 07:18:40,448 INFO  L82        GeneralOperation]: Start removeUnreachable. Operand  has 1241 states, 963 states have (on average 1.3229491173416408) internal successors, (1274), 1107 states have internal predecessors, (1274), 189 states have call successors, (189), 82 states have call predecessors, (189), 88 states have return successors, (205), 88 states have call predecessors, (205), 185 states have call successors, (205)
[2026-07-04 07:18:40,461 INFO  L88        GeneralOperation]: Finished removeUnreachable. Reduced from 1241 states to 1241 states and 1668 transitions.
[2026-07-04 07:18:40,462 INFO  L79                 Accepts]: Start accepts. Automaton has 1241 states and 1668 transitions. Word has length 85
[2026-07-04 07:18:40,462 INFO  L85                 Accepts]: Finished accepts. word is rejected.
[2026-07-04 07:18:40,462 INFO  L490      AbstractCegarLoop]: Abstraction has 1241 states and 1668 transitions.
[2026-07-04 07:18:40,463 INFO  L491      AbstractCegarLoop]: INTERPOLANT automaton has  has 3 states, 3 states have (on average 27.666666666666668) internal successors, (83), 3 states have internal predecessors, (83), 3 states have call successors, (12), 3 states have call predecessors, (12), 3 states have return successors, (11), 2 states have call predecessors, (11), 3 states have call successors, (11)
[2026-07-04 07:18:40,463 INFO  L278                IsEmpty]: Start isEmpty. Operand 1241 states and 1668 transitions.
[2026-07-04 07:18:40,465 INFO  L284                IsEmpty]: Finished isEmpty. Found accepting run of length 86
[2026-07-04 07:18:40,465 INFO  L199           NwaCegarLoop]: Found error trace
[2026-07-04 07:18:40,465 INFO  L207           NwaCegarLoop]: trace histogram [1, 1, 1, 1, 1, 1, 1, 1, 1, 1, 1, 1, 1, 1, 1, 1, 1, 1, 1, 1, 1, 1, 1, 1, 1, 1, 1, 1, 1, 1, 1, 1, 1, 1, 1, 1, 1, 1, 1, 1, 1, 1, 1, 1, 1, 1, 1, 1, 1, 1, 1, 1, 1, 1, 1, 1, 1, 1, 1, 1, 1, 1, 1, 1, 1, 1, 1, 1, 1, 1, 1, 1, 1, 1, 1, 1, 1, 1, 1, 1, 1, 1, 1, 1, 1]
[2026-07-04 07:18:40,481 INFO  L546       MonitoredProcess]: [MP /usr/bin/z3 SMTLIB2_COMPLIANT=true -memory:2024 -smt2 -in (13)] Ended with exit code 0
[2026-07-04 07:18:40,665 WARN  L471      AbstractCegarLoop]: Destroyed unattended storables created during the last iteration: 13 /usr/bin/z3 SMTLIB2_COMPLIANT=true -memory:2024 -smt2 -in
[2026-07-04 07:18:40,665 INFO  L408      AbstractCegarLoop]: === Iteration 13 === Targeting __wraparound_assertErr0ASSERT_VIOLATIONASSERT === [__wraparound_assertErr0ASSERT_VIOLATIONASSERT] ===
[2026-07-04 07:18:40,666 INFO  L156       PredicateUnifier]: Initialized classic predicate unifier
[2026-07-04 07:18:40,666 INFO  L85        PathProgramCache]: Analyzing trace with hash -1752427765, now seen corresponding path program 1 times
[2026-07-04 07:18:40,666 INFO  L118   FreeRefinementEngine]: Executing refinement strategy FIXED_PREFERENCES
[2026-07-04 07:18:40,667 INFO  L324   FreeRefinementEngine]: Using trace check IpTcStrategyModulePreferences [1494574168]
[2026-07-04 07:18:40,667 INFO  L97    rtionOrderModulation]: Keeping assertion order NOT_INCREMENTALLY
[2026-07-04 07:18:40,667 INFO  L173          SolverBuilder]: Constructing external solver with command: z3 SMTLIB2_COMPLIANT=true -memory:2024 -smt2 -in
[2026-07-04 07:18:40,669 INFO  L189       MonitoredProcess]: No working directory specified, using /usr/bin/z3
[2026-07-04 07:18:40,679 INFO  L229       MonitoredProcess]: Starting monitored process 14 with /usr/bin/z3 SMTLIB2_COMPLIANT=true -memory:2024 -smt2 -in (exit command is (exit), workingDir is null)
[2026-07-04 07:18:40,680 INFO  L327       MonitoredProcess]: [MP /usr/bin/z3 SMTLIB2_COMPLIANT=true -memory:2024 -smt2 -in (14)] Waiting until timeout for monitored process
[2026-07-04 07:18:40,909 INFO  L108    AnnotateAndAsserter]: Assert order NOT_INCREMENTALLY partitioned 85 statements into 1 equivalence classes.
[2026-07-04 07:18:40,993 INFO  L111    AnnotateAndAsserter]: Assert order NOT_INCREMENTALLY issued 1 check-sat command(s) and asserted 85 of 85 statements.
[2026-07-04 07:18:40,993 INFO  L114    AnnotateAndAsserter]: Assert order NOT_INCREMENTALLY issued 1 check-sat command(s)
[2026-07-04 07:18:40,993 INFO  L115    AnnotateAndAsserter]: Conjunction of SSA is unsat
[2026-07-04 07:18:41,005 INFO  L256         TraceCheckSpWp]: Trace formula consists of 657 conjuncts, 2 conjuncts are in the unsatisfiable core
[2026-07-04 07:18:41,008 INFO  L279         TraceCheckSpWp]: Computing forward predicates...
[2026-07-04 07:18:41,070 INFO  L134       CoverageAnalysis]: Checked inductivity of 0 backedges. 0 proven. 0 refuted. 0 times theorem prover too weak. 0 trivial. 0 not checked.
[2026-07-04 07:18:41,070 INFO  L312         TraceCheckSpWp]: Computing backward predicates...
[2026-07-04 07:18:41,199 INFO  L134       CoverageAnalysis]: Checked inductivity of 0 backedges. 0 proven. 0 refuted. 0 times theorem prover too weak. 0 trivial. 0 not checked.
[2026-07-04 07:18:41,200 INFO  L136   FreeRefinementEngine]: Strategy FIXED_PREFERENCES found an infeasible trace
[2026-07-04 07:18:41,200 INFO  L324   FreeRefinementEngine]: Using interpolant generator IpTcStrategyModulePreferences [1494574168]
[2026-07-04 07:18:41,200 INFO  L158   FreeRefinementEngine]: IpTcStrategyModulePreferences [1494574168] provided 2 perfect and 0 imperfect interpolant sequences
[2026-07-04 07:18:41,200 INFO  L185   FreeRefinementEngine]: Found 2 perfect and 0 imperfect interpolant sequences.
[2026-07-04 07:18:41,200 INFO  L198   FreeRefinementEngine]: Number of different interpolants: perfect sequences [3, 4] imperfect sequences [] total 5
[2026-07-04 07:18:41,200 INFO  L121   tionRefinementEngine]: Using interpolant automaton builder IpAbStrategyModuleStraightlineAll [220400894]
[2026-07-04 07:18:41,200 INFO  L85    oduleStraightlineAll]: Using 2 perfect interpolants to construct interpolant automaton
[2026-07-04 07:18:41,200 INFO  L567      AbstractCegarLoop]: INTERPOLANT automaton has 5 states
[2026-07-04 07:18:41,200 INFO  L100   FreeRefinementEngine]: Using predicate unifier PredicateUnifier provided by strategy FIXED_PREFERENCES
[2026-07-04 07:18:41,200 INFO  L144   InterpolantAutomaton]: Constructing interpolant automaton starting with 5 interpolants.
[2026-07-04 07:18:41,201 INFO  L146   InterpolantAutomaton]: CoverageRelationStatistics Valid=8, Invalid=12, Unknown=0, NotChecked=0, Total=20
[2026-07-04 07:18:41,201 INFO  L87              Difference]: Start difference. First operand 1241 states and 1668 transitions. Second operand  has 5 states, 5 states have (on average 18.6) internal successors, (93), 5 states have internal predecessors, (93), 4 states have call successors, (9), 3 states have call predecessors, (9), 5 states have return successors, (9), 4 states have call predecessors, (9), 3 states have call successors, (9)
[2026-07-04 07:18:41,442 INFO  L144             Difference]: Subtrahend was deterministic. Have not used determinization.
[2026-07-04 07:18:41,442 INFO  L93              Difference]: Finished difference Result 1564 states and 2020 transitions.
[2026-07-04 07:18:41,442 INFO  L140   InterpolantAutomaton]: Switched to read-only mode: deterministic interpolant automaton has 5 states. 
[2026-07-04 07:18:41,443 INFO  L79                 Accepts]: Start accepts. Automaton has  has 5 states, 5 states have (on average 18.6) internal successors, (93), 5 states have internal predecessors, (93), 4 states have call successors, (9), 3 states have call predecessors, (9), 5 states have return successors, (9), 4 states have call predecessors, (9), 3 states have call successors, (9) Word has length 85
[2026-07-04 07:18:41,443 INFO  L85                 Accepts]: Finished accepts. some prefix is accepted.
[2026-07-04 07:18:41,451 INFO  L225             Difference]: With dead ends: 1564
[2026-07-04 07:18:41,451 INFO  L226             Difference]: Without dead ends: 1517
[2026-07-04 07:18:41,451 INFO  L425           NwaCegarLoop]: 0 DeclaredPredicates, 168 GetRequests, 165 SyntacticMatches, 0 SemanticMatches, 3 ConstructedPredicates, 0 IntricatePredicates, 0 DeprecatedPredicates, 1 ImplicationChecksByTransitivity, 0.0s TimeCoverageRelationStatistics Valid=8, Invalid=12, Unknown=0, NotChecked=0, Total=20
[2026-07-04 07:18:41,453 INFO  L426           NwaCegarLoop]: 412 mSDtfsCounter, 40 mSDsluCounter, 762 mSDsCounter, 0 mSdLazyCounter, 44 mSolverCounterSat, 4 mSolverCounterUnsat, 0 mSolverCounterUnknown, 0 mSolverCounterNotChecked, 0.1s Time, 0 mProtectedPredicate, 0 mProtectedAction, 40 SdHoareTripleChecker+Valid, 1174 SdHoareTripleChecker+Invalid, 48 SdHoareTripleChecker+Unknown, 0 SdHoareTripleChecker+Unchecked, 0.0s SdHoareTripleChecker+Time, 4 IncrementalHoareTripleChecker+Valid, 44 IncrementalHoareTripleChecker+Invalid, 0 IncrementalHoareTripleChecker+Unknown, 0 IncrementalHoareTripleChecker+Unchecked, 0.1s IncrementalHoareTripleChecker+Time
[2026-07-04 07:18:41,453 INFO  L427           NwaCegarLoop]: SdHoareTripleChecker [40 Valid, 1174 Invalid, 48 Unknown, 0 Unchecked, 0.0s Time], IncrementalHoareTripleChecker [4 Valid, 44 Invalid, 0 Unknown, 0 Unchecked, 0.1s Time]
[2026-07-04 07:18:41,457 INFO  L82        GeneralOperation]: Start minimizeSevpa. Operand 1517 states.
[2026-07-04 07:18:41,535 INFO  L88        GeneralOperation]: Finished minimizeSevpa. Reduced states from 1517 to 842.
[2026-07-04 07:18:41,536 INFO  L82        GeneralOperation]: Start removeUnreachable. Operand  has 842 states, 660 states have (on average 1.3) internal successors, (858), 748 states have internal predecessors, (858), 117 states have call successors, (117), 55 states have call predecessors, (117), 64 states have return successors, (136), 59 states have call predecessors, (136), 116 states have call successors, (136)
[2026-07-04 07:18:41,542 INFO  L88        GeneralOperation]: Finished removeUnreachable. Reduced from 842 states to 842 states and 1111 transitions.
[2026-07-04 07:18:41,549 INFO  L79                 Accepts]: Start accepts. Automaton has 842 states and 1111 transitions. Word has length 85
[2026-07-04 07:18:41,550 INFO  L85                 Accepts]: Finished accepts. word is rejected.
[2026-07-04 07:18:41,550 INFO  L490      AbstractCegarLoop]: Abstraction has 842 states and 1111 transitions.
[2026-07-04 07:18:41,550 INFO  L491      AbstractCegarLoop]: INTERPOLANT automaton has  has 5 states, 5 states have (on average 18.6) internal successors, (93), 5 states have internal predecessors, (93), 4 states have call successors, (9), 3 states have call predecessors, (9), 5 states have return successors, (9), 4 states have call predecessors, (9), 3 states have call successors, (9)
[2026-07-04 07:18:41,550 INFO  L278                IsEmpty]: Start isEmpty. Operand 842 states and 1111 transitions.
[2026-07-04 07:18:41,551 INFO  L284                IsEmpty]: Finished isEmpty. Found accepting run of length 86
[2026-07-04 07:18:41,551 INFO  L199           NwaCegarLoop]: Found error trace
[2026-07-04 07:18:41,551 INFO  L207           NwaCegarLoop]: trace histogram [1, 1, 1, 1, 1, 1, 1, 1, 1, 1, 1, 1, 1, 1, 1, 1, 1, 1, 1, 1, 1, 1, 1, 1, 1, 1, 1, 1, 1, 1, 1, 1, 1, 1, 1, 1, 1, 1, 1, 1, 1, 1, 1, 1, 1, 1, 1, 1, 1, 1, 1, 1, 1, 1, 1, 1, 1, 1, 1, 1, 1, 1, 1, 1, 1, 1, 1, 1, 1, 1, 1, 1, 1, 1, 1, 1, 1, 1, 1, 1, 1, 1, 1, 1, 1]
[2026-07-04 07:18:41,564 INFO  L546       MonitoredProcess]: [MP /usr/bin/z3 SMTLIB2_COMPLIANT=true -memory:2024 -smt2 -in (14)] Ended with exit code 0
[2026-07-04 07:18:41,752 WARN  L471      AbstractCegarLoop]: Destroyed unattended storables created during the last iteration: 14 /usr/bin/z3 SMTLIB2_COMPLIANT=true -memory:2024 -smt2 -in
[2026-07-04 07:18:41,752 INFO  L408      AbstractCegarLoop]: === Iteration 14 === Targeting __wraparound_assertErr0ASSERT_VIOLATIONASSERT === [__wraparound_assertErr0ASSERT_VIOLATIONASSERT] ===
[2026-07-04 07:18:41,753 INFO  L156       PredicateUnifier]: Initialized classic predicate unifier
[2026-07-04 07:18:41,753 INFO  L85        PathProgramCache]: Analyzing trace with hash -864924084, now seen corresponding path program 1 times
[2026-07-04 07:18:41,753 INFO  L118   FreeRefinementEngine]: Executing refinement strategy FIXED_PREFERENCES
[2026-07-04 07:18:41,753 INFO  L324   FreeRefinementEngine]: Using trace check IpTcStrategyModulePreferences [817969726]
[2026-07-04 07:18:41,753 INFO  L97    rtionOrderModulation]: Keeping assertion order NOT_INCREMENTALLY
[2026-07-04 07:18:41,753 INFO  L173          SolverBuilder]: Constructing external solver with command: z3 SMTLIB2_COMPLIANT=true -memory:2024 -smt2 -in
[2026-07-04 07:18:41,755 INFO  L189       MonitoredProcess]: No working directory specified, using /usr/bin/z3
[2026-07-04 07:18:41,764 INFO  L229       MonitoredProcess]: Starting monitored process 15 with /usr/bin/z3 SMTLIB2_COMPLIANT=true -memory:2024 -smt2 -in (exit command is (exit), workingDir is null)
[2026-07-04 07:18:41,765 INFO  L327       MonitoredProcess]: [MP /usr/bin/z3 SMTLIB2_COMPLIANT=true -memory:2024 -smt2 -in (15)] Waiting until timeout for monitored process
[2026-07-04 07:18:41,926 INFO  L108    AnnotateAndAsserter]: Assert order NOT_INCREMENTALLY partitioned 85 statements into 1 equivalence classes.
[2026-07-04 07:18:42,012 INFO  L111    AnnotateAndAsserter]: Assert order NOT_INCREMENTALLY issued 1 check-sat command(s) and asserted 85 of 85 statements.
[2026-07-04 07:18:42,012 INFO  L114    AnnotateAndAsserter]: Assert order NOT_INCREMENTALLY issued 1 check-sat command(s)
[2026-07-04 07:18:42,012 INFO  L115    AnnotateAndAsserter]: Conjunction of SSA is unsat
[2026-07-04 07:18:42,018 INFO  L256         TraceCheckSpWp]: Trace formula consists of 657 conjuncts, 9 conjuncts are in the unsatisfiable core
[2026-07-04 07:18:42,025 INFO  L279         TraceCheckSpWp]: Computing forward predicates...
[2026-07-04 07:18:42,064 INFO  L354             Elim1Store]: Elim1 eliminated variable of array dimension 1, 1 stores, 0 select indices, 0 select index equivalence classes, 0 disjoint index pairs (out of 0 index pairs), introduced 0 new quantified variables, introduced 0 case distinctions, treesize of input 6 treesize of output 7
[2026-07-04 07:18:42,230 INFO  L354             Elim1Store]: Elim1 eliminated variable of array dimension 1, 0 stores, 1 select indices, 1 select index equivalence classes, 0 disjoint index pairs (out of 0 index pairs), introduced 1 new quantified variables, introduced 0 case distinctions, treesize of input 10 treesize of output 6
[2026-07-04 07:18:42,376 INFO  L134       CoverageAnalysis]: Checked inductivity of 0 backedges. 0 proven. 0 refuted. 0 times theorem prover too weak. 0 trivial. 0 not checked.
[2026-07-04 07:18:42,376 INFO  L312         TraceCheckSpWp]: Computing backward predicates...
[2026-07-04 07:18:42,938 INFO  L134       CoverageAnalysis]: Checked inductivity of 0 backedges. 0 proven. 0 refuted. 0 times theorem prover too weak. 0 trivial. 0 not checked.
[2026-07-04 07:18:42,938 INFO  L136   FreeRefinementEngine]: Strategy FIXED_PREFERENCES found an infeasible trace
[2026-07-04 07:18:42,938 INFO  L324   FreeRefinementEngine]: Using interpolant generator IpTcStrategyModulePreferences [817969726]
[2026-07-04 07:18:42,938 INFO  L158   FreeRefinementEngine]: IpTcStrategyModulePreferences [817969726] provided 2 perfect and 0 imperfect interpolant sequences
[2026-07-04 07:18:42,938 INFO  L185   FreeRefinementEngine]: Found 2 perfect and 0 imperfect interpolant sequences.
[2026-07-04 07:18:42,938 INFO  L198   FreeRefinementEngine]: Number of different interpolants: perfect sequences [9, 9] imperfect sequences [] total 14
[2026-07-04 07:18:42,938 INFO  L121   tionRefinementEngine]: Using interpolant automaton builder IpAbStrategyModuleStraightlineAll [1650788306]
[2026-07-04 07:18:42,938 INFO  L85    oduleStraightlineAll]: Using 2 perfect interpolants to construct interpolant automaton
[2026-07-04 07:18:42,938 INFO  L567      AbstractCegarLoop]: INTERPOLANT automaton has 14 states
[2026-07-04 07:18:42,938 INFO  L100   FreeRefinementEngine]: Using predicate unifier PredicateUnifier provided by strategy FIXED_PREFERENCES
[2026-07-04 07:18:42,939 INFO  L144   InterpolantAutomaton]: Constructing interpolant automaton starting with 14 interpolants.
[2026-07-04 07:18:42,939 INFO  L146   InterpolantAutomaton]: CoverageRelationStatistics Valid=42, Invalid=140, Unknown=0, NotChecked=0, Total=182
[2026-07-04 07:18:42,939 INFO  L87              Difference]: Start difference. First operand 842 states and 1111 transitions. Second operand  has 14 states, 12 states have (on average 7.916666666666667) internal successors, (95), 14 states have internal predecessors, (95), 7 states have call successors, (11), 4 states have call predecessors, (11), 5 states have return successors, (9), 4 states have call predecessors, (9), 7 states have call successors, (9)
[2026-07-04 07:18:46,219 INFO  L144             Difference]: Subtrahend was deterministic. Have not used determinization.
[2026-07-04 07:18:46,219 INFO  L93              Difference]: Finished difference Result 1536 states and 2034 transitions.
[2026-07-04 07:18:46,220 INFO  L140   InterpolantAutomaton]: Switched to read-only mode: deterministic interpolant automaton has 16 states. 
[2026-07-04 07:18:46,220 INFO  L79                 Accepts]: Start accepts. Automaton has  has 14 states, 12 states have (on average 7.916666666666667) internal successors, (95), 14 states have internal predecessors, (95), 7 states have call successors, (11), 4 states have call predecessors, (11), 5 states have return successors, (9), 4 states have call predecessors, (9), 7 states have call successors, (9) Word has length 85
[2026-07-04 07:18:46,220 INFO  L85                 Accepts]: Finished accepts. some prefix is accepted.
[2026-07-04 07:18:46,224 INFO  L225             Difference]: With dead ends: 1536
[2026-07-04 07:18:46,224 INFO  L226             Difference]: Without dead ends: 1313
[2026-07-04 07:18:46,225 INFO  L425           NwaCegarLoop]: 0 DeclaredPredicates, 182 GetRequests, 161 SyntacticMatches, 0 SemanticMatches, 21 ConstructedPredicates, 0 IntricatePredicates, 0 DeprecatedPredicates, 51 ImplicationChecksByTransitivity, 0.3s TimeCoverageRelationStatistics Valid=122, Invalid=384, Unknown=0, NotChecked=0, Total=506
[2026-07-04 07:18:46,229 INFO  L426           NwaCegarLoop]: 464 mSDtfsCounter, 1037 mSDsluCounter, 1463 mSDsCounter, 0 mSdLazyCounter, 1404 mSolverCounterSat, 311 mSolverCounterUnsat, 0 mSolverCounterUnknown, 0 mSolverCounterNotChecked, 2.7s Time, 0 mProtectedPredicate, 0 mProtectedAction, 1052 SdHoareTripleChecker+Valid, 1927 SdHoareTripleChecker+Invalid, 1715 SdHoareTripleChecker+Unknown, 0 SdHoareTripleChecker+Unchecked, 0.0s SdHoareTripleChecker+Time, 311 IncrementalHoareTripleChecker+Valid, 1404 IncrementalHoareTripleChecker+Invalid, 0 IncrementalHoareTripleChecker+Unknown, 0 IncrementalHoareTripleChecker+Unchecked, 3.0s IncrementalHoareTripleChecker+Time
[2026-07-04 07:18:46,233 INFO  L427           NwaCegarLoop]: SdHoareTripleChecker [1052 Valid, 1927 Invalid, 1715 Unknown, 0 Unchecked, 0.0s Time], IncrementalHoareTripleChecker [311 Valid, 1404 Invalid, 0 Unknown, 0 Unchecked, 3.0s Time]
[2026-07-04 07:18:46,234 INFO  L82        GeneralOperation]: Start minimizeSevpa. Operand 1313 states.
[2026-07-04 07:18:46,326 INFO  L88        GeneralOperation]: Finished minimizeSevpa. Reduced states from 1313 to 815.
[2026-07-04 07:18:46,327 INFO  L82        GeneralOperation]: Start removeUnreachable. Operand  has 815 states, 639 states have (on average 1.2989045383411582) internal successors, (830), 726 states have internal predecessors, (830), 113 states have call successors, (113), 52 states have call predecessors, (113), 62 states have return successors, (133), 56 states have call predecessors, (133), 112 states have call successors, (133)
[2026-07-04 07:18:46,328 INFO  L88        GeneralOperation]: Finished removeUnreachable. Reduced from 815 states to 815 states and 1076 transitions.
[2026-07-04 07:18:46,333 INFO  L79                 Accepts]: Start accepts. Automaton has 815 states and 1076 transitions. Word has length 85
[2026-07-04 07:18:46,333 INFO  L85                 Accepts]: Finished accepts. word is rejected.
[2026-07-04 07:18:46,333 INFO  L490      AbstractCegarLoop]: Abstraction has 815 states and 1076 transitions.
[2026-07-04 07:18:46,333 INFO  L491      AbstractCegarLoop]: INTERPOLANT automaton has  has 14 states, 12 states have (on average 7.916666666666667) internal successors, (95), 14 states have internal predecessors, (95), 7 states have call successors, (11), 4 states have call predecessors, (11), 5 states have return successors, (9), 4 states have call predecessors, (9), 7 states have call successors, (9)
[2026-07-04 07:18:46,333 INFO  L278                IsEmpty]: Start isEmpty. Operand 815 states and 1076 transitions.
[2026-07-04 07:18:46,334 INFO  L284                IsEmpty]: Finished isEmpty. Found accepting run of length 91
[2026-07-04 07:18:46,335 INFO  L199           NwaCegarLoop]: Found error trace
[2026-07-04 07:18:46,335 INFO  L207           NwaCegarLoop]: trace histogram [2, 2, 2, 1, 1, 1, 1, 1, 1, 1, 1, 1, 1, 1, 1, 1, 1, 1, 1, 1, 1, 1, 1, 1, 1, 1, 1, 1, 1, 1, 1, 1, 1, 1, 1, 1, 1, 1, 1, 1, 1, 1, 1, 1, 1, 1, 1, 1, 1, 1, 1, 1, 1, 1, 1, 1, 1, 1, 1, 1, 1, 1, 1, 1, 1, 1, 1, 1, 1, 1, 1, 1, 1, 1, 1, 1, 1, 1, 1, 1, 1, 1, 1, 1, 1, 1, 1]
[2026-07-04 07:18:46,346 INFO  L546       MonitoredProcess]: [MP /usr/bin/z3 SMTLIB2_COMPLIANT=true -memory:2024 -smt2 -in (15)] Ended with exit code 0
[2026-07-04 07:18:46,542 WARN  L471      AbstractCegarLoop]: Destroyed unattended storables created during the last iteration: 15 /usr/bin/z3 SMTLIB2_COMPLIANT=true -memory:2024 -smt2 -in
[2026-07-04 07:18:46,543 INFO  L408      AbstractCegarLoop]: === Iteration 15 === Targeting __wraparound_assertErr0ASSERT_VIOLATIONASSERT === [__wraparound_assertErr0ASSERT_VIOLATIONASSERT] ===
[2026-07-04 07:18:46,543 INFO  L156       PredicateUnifier]: Initialized classic predicate unifier
[2026-07-04 07:18:46,543 INFO  L85        PathProgramCache]: Analyzing trace with hash -872229022, now seen corresponding path program 1 times
[2026-07-04 07:18:46,543 INFO  L118   FreeRefinementEngine]: Executing refinement strategy FIXED_PREFERENCES
[2026-07-04 07:18:46,543 INFO  L324   FreeRefinementEngine]: Using trace check IpTcStrategyModulePreferences [609148211]
[2026-07-04 07:18:46,543 INFO  L97    rtionOrderModulation]: Keeping assertion order NOT_INCREMENTALLY
[2026-07-04 07:18:46,543 INFO  L173          SolverBuilder]: Constructing external solver with command: z3 SMTLIB2_COMPLIANT=true -memory:2024 -smt2 -in
[2026-07-04 07:18:46,545 INFO  L189       MonitoredProcess]: No working directory specified, using /usr/bin/z3
[2026-07-04 07:18:46,546 INFO  L229       MonitoredProcess]: Starting monitored process 16 with /usr/bin/z3 SMTLIB2_COMPLIANT=true -memory:2024 -smt2 -in (exit command is (exit), workingDir is null)
[2026-07-04 07:18:46,549 INFO  L327       MonitoredProcess]: [MP /usr/bin/z3 SMTLIB2_COMPLIANT=true -memory:2024 -smt2 -in (16)] Waiting until timeout for monitored process
[2026-07-04 07:18:46,690 INFO  L108    AnnotateAndAsserter]: Assert order NOT_INCREMENTALLY partitioned 90 statements into 1 equivalence classes.
[2026-07-04 07:18:46,805 INFO  L111    AnnotateAndAsserter]: Assert order NOT_INCREMENTALLY issued 1 check-sat command(s) and asserted 90 of 90 statements.
[2026-07-04 07:18:46,805 INFO  L114    AnnotateAndAsserter]: Assert order NOT_INCREMENTALLY issued 1 check-sat command(s)
[2026-07-04 07:18:46,805 INFO  L115    AnnotateAndAsserter]: Conjunction of SSA is unsat
[2026-07-04 07:18:46,810 INFO  L256         TraceCheckSpWp]: Trace formula consists of 697 conjuncts, 2 conjuncts are in the unsatisfiable core
[2026-07-04 07:18:46,817 INFO  L279         TraceCheckSpWp]: Computing forward predicates...
[2026-07-04 07:18:47,020 INFO  L134       CoverageAnalysis]: Checked inductivity of 4 backedges. 0 proven. 0 refuted. 0 times theorem prover too weak. 4 trivial. 0 not checked.
[2026-07-04 07:18:47,020 INFO  L312         TraceCheckSpWp]: Computing backward predicates...
[2026-07-04 07:18:47,099 INFO  L134       CoverageAnalysis]: Checked inductivity of 4 backedges. 0 proven. 0 refuted. 0 times theorem prover too weak. 4 trivial. 0 not checked.
[2026-07-04 07:18:47,099 INFO  L136   FreeRefinementEngine]: Strategy FIXED_PREFERENCES found an infeasible trace
[2026-07-04 07:18:47,099 INFO  L324   FreeRefinementEngine]: Using interpolant generator IpTcStrategyModulePreferences [609148211]
[2026-07-04 07:18:47,099 INFO  L158   FreeRefinementEngine]: IpTcStrategyModulePreferences [609148211] provided 2 perfect and 0 imperfect interpolant sequences
[2026-07-04 07:18:47,099 INFO  L185   FreeRefinementEngine]: Found 2 perfect and 0 imperfect interpolant sequences.
[2026-07-04 07:18:47,100 INFO  L198   FreeRefinementEngine]: Number of different interpolants: perfect sequences [2, 3] imperfect sequences [] total 4
[2026-07-04 07:18:47,100 INFO  L121   tionRefinementEngine]: Using interpolant automaton builder IpAbStrategyModuleStraightlineAll [1410922198]
[2026-07-04 07:18:47,100 INFO  L85    oduleStraightlineAll]: Using 2 perfect interpolants to construct interpolant automaton
[2026-07-04 07:18:47,100 INFO  L567      AbstractCegarLoop]: INTERPOLANT automaton has 4 states
[2026-07-04 07:18:47,100 INFO  L100   FreeRefinementEngine]: Using predicate unifier PredicateUnifier provided by strategy FIXED_PREFERENCES
[2026-07-04 07:18:47,100 INFO  L144   InterpolantAutomaton]: Constructing interpolant automaton starting with 4 interpolants.
[2026-07-04 07:18:47,100 INFO  L146   InterpolantAutomaton]: CoverageRelationStatistics Valid=6, Invalid=6, Unknown=0, NotChecked=0, Total=12
[2026-07-04 07:18:47,100 INFO  L87              Difference]: Start difference. First operand 815 states and 1076 transitions. Second operand  has 4 states, 4 states have (on average 34.25) internal successors, (137), 4 states have internal predecessors, (137), 2 states have call successors, (13), 2 states have call predecessors, (13), 2 states have return successors, (12), 2 states have call predecessors, (12), 2 states have call successors, (12)
[2026-07-04 07:18:47,331 INFO  L144             Difference]: Subtrahend was deterministic. Have not used determinization.
[2026-07-04 07:18:47,332 INFO  L93              Difference]: Finished difference Result 1598 states and 2088 transitions.
[2026-07-04 07:18:47,332 INFO  L140   InterpolantAutomaton]: Switched to read-only mode: deterministic interpolant automaton has 4 states. 
[2026-07-04 07:18:47,332 INFO  L79                 Accepts]: Start accepts. Automaton has  has 4 states, 4 states have (on average 34.25) internal successors, (137), 4 states have internal predecessors, (137), 2 states have call successors, (13), 2 states have call predecessors, (13), 2 states have return successors, (12), 2 states have call predecessors, (12), 2 states have call successors, (12) Word has length 90
[2026-07-04 07:18:47,332 INFO  L85                 Accepts]: Finished accepts. some prefix is accepted.
[2026-07-04 07:18:47,334 INFO  L225             Difference]: With dead ends: 1598
[2026-07-04 07:18:47,334 INFO  L226             Difference]: Without dead ends: 795
[2026-07-04 07:18:47,341 INFO  L425           NwaCegarLoop]: 0 DeclaredPredicates, 178 GetRequests, 176 SyntacticMatches, 0 SemanticMatches, 2 ConstructedPredicates, 0 IntricatePredicates, 0 DeprecatedPredicates, 0 ImplicationChecksByTransitivity, 0.0s TimeCoverageRelationStatistics Valid=6, Invalid=6, Unknown=0, NotChecked=0, Total=12
[2026-07-04 07:18:47,342 INFO  L426           NwaCegarLoop]: 370 mSDtfsCounter, 166 mSDsluCounter, 685 mSDsCounter, 0 mSdLazyCounter, 45 mSolverCounterSat, 2 mSolverCounterUnsat, 0 mSolverCounterUnknown, 0 mSolverCounterNotChecked, 0.1s Time, 0 mProtectedPredicate, 0 mProtectedAction, 166 SdHoareTripleChecker+Valid, 1055 SdHoareTripleChecker+Invalid, 47 SdHoareTripleChecker+Unknown, 0 SdHoareTripleChecker+Unchecked, 0.0s SdHoareTripleChecker+Time, 2 IncrementalHoareTripleChecker+Valid, 45 IncrementalHoareTripleChecker+Invalid, 0 IncrementalHoareTripleChecker+Unknown, 0 IncrementalHoareTripleChecker+Unchecked, 0.2s IncrementalHoareTripleChecker+Time
[2026-07-04 07:18:47,342 INFO  L427           NwaCegarLoop]: SdHoareTripleChecker [166 Valid, 1055 Invalid, 47 Unknown, 0 Unchecked, 0.0s Time], IncrementalHoareTripleChecker [2 Valid, 45 Invalid, 0 Unknown, 0 Unchecked, 0.2s Time]
[2026-07-04 07:18:47,343 INFO  L82        GeneralOperation]: Start minimizeSevpa. Operand 795 states.
[2026-07-04 07:18:47,423 INFO  L88        GeneralOperation]: Finished minimizeSevpa. Reduced states from 795 to 614.
[2026-07-04 07:18:47,424 INFO  L82        GeneralOperation]: Start removeUnreachable. Operand  has 614 states, 485 states have (on average 1.2907216494845362) internal successors, (626), 543 states have internal predecessors, (626), 81 states have call successors, (81), 40 states have call predecessors, (81), 47 states have return successors, (93), 43 states have call predecessors, (93), 80 states have call successors, (93)
[2026-07-04 07:18:47,424 INFO  L88        GeneralOperation]: Finished removeUnreachable. Reduced from 614 states to 614 states and 800 transitions.
[2026-07-04 07:18:47,429 INFO  L79                 Accepts]: Start accepts. Automaton has 614 states and 800 transitions. Word has length 90
[2026-07-04 07:18:47,429 INFO  L85                 Accepts]: Finished accepts. word is rejected.
[2026-07-04 07:18:47,429 INFO  L490      AbstractCegarLoop]: Abstraction has 614 states and 800 transitions.
[2026-07-04 07:18:47,430 INFO  L491      AbstractCegarLoop]: INTERPOLANT automaton has  has 4 states, 4 states have (on average 34.25) internal successors, (137), 4 states have internal predecessors, (137), 2 states have call successors, (13), 2 states have call predecessors, (13), 2 states have return successors, (12), 2 states have call predecessors, (12), 2 states have call successors, (12)
[2026-07-04 07:18:47,430 INFO  L278                IsEmpty]: Start isEmpty. Operand 614 states and 800 transitions.
[2026-07-04 07:18:47,430 INFO  L284                IsEmpty]: Finished isEmpty. Found accepting run of length 93
[2026-07-04 07:18:47,430 INFO  L199           NwaCegarLoop]: Found error trace
[2026-07-04 07:18:47,431 INFO  L207           NwaCegarLoop]: trace histogram [2, 2, 2, 1, 1, 1, 1, 1, 1, 1, 1, 1, 1, 1, 1, 1, 1, 1, 1, 1, 1, 1, 1, 1, 1, 1, 1, 1, 1, 1, 1, 1, 1, 1, 1, 1, 1, 1, 1, 1, 1, 1, 1, 1, 1, 1, 1, 1, 1, 1, 1, 1, 1, 1, 1, 1, 1, 1, 1, 1, 1, 1, 1, 1, 1, 1, 1, 1, 1, 1, 1, 1, 1, 1, 1, 1, 1, 1, 1, 1, 1, 1, 1, 1, 1, 1, 1, 1, 1]
[2026-07-04 07:18:47,447 INFO  L546       MonitoredProcess]: [MP /usr/bin/z3 SMTLIB2_COMPLIANT=true -memory:2024 -smt2 -in (16)] Ended with exit code 0
[2026-07-04 07:18:47,632 WARN  L471      AbstractCegarLoop]: Destroyed unattended storables created during the last iteration: 16 /usr/bin/z3 SMTLIB2_COMPLIANT=true -memory:2024 -smt2 -in
[2026-07-04 07:18:47,642 INFO  L408      AbstractCegarLoop]: === Iteration 16 === Targeting __wraparound_assertErr0ASSERT_VIOLATIONASSERT === [__wraparound_assertErr0ASSERT_VIOLATIONASSERT] ===
[2026-07-04 07:18:47,642 INFO  L156       PredicateUnifier]: Initialized classic predicate unifier
[2026-07-04 07:18:47,642 INFO  L85        PathProgramCache]: Analyzing trace with hash 800262790, now seen corresponding path program 1 times
[2026-07-04 07:18:47,642 INFO  L118   FreeRefinementEngine]: Executing refinement strategy FIXED_PREFERENCES
[2026-07-04 07:18:47,642 INFO  L324   FreeRefinementEngine]: Using trace check IpTcStrategyModulePreferences [1365523149]
[2026-07-04 07:18:47,642 INFO  L97    rtionOrderModulation]: Keeping assertion order NOT_INCREMENTALLY
[2026-07-04 07:18:47,642 INFO  L173          SolverBuilder]: Constructing external solver with command: z3 SMTLIB2_COMPLIANT=true -memory:2024 -smt2 -in
[2026-07-04 07:18:47,644 INFO  L189       MonitoredProcess]: No working directory specified, using /usr/bin/z3
[2026-07-04 07:18:47,646 INFO  L229       MonitoredProcess]: Starting monitored process 17 with /usr/bin/z3 SMTLIB2_COMPLIANT=true -memory:2024 -smt2 -in (exit command is (exit), workingDir is null)
[2026-07-04 07:18:47,649 INFO  L327       MonitoredProcess]: [MP /usr/bin/z3 SMTLIB2_COMPLIANT=true -memory:2024 -smt2 -in (17)] Waiting until timeout for monitored process
[2026-07-04 07:18:47,786 INFO  L108    AnnotateAndAsserter]: Assert order NOT_INCREMENTALLY partitioned 92 statements into 1 equivalence classes.
[2026-07-04 07:18:47,853 INFO  L111    AnnotateAndAsserter]: Assert order NOT_INCREMENTALLY issued 1 check-sat command(s) and asserted 92 of 92 statements.
[2026-07-04 07:18:47,853 INFO  L114    AnnotateAndAsserter]: Assert order NOT_INCREMENTALLY issued 1 check-sat command(s)
[2026-07-04 07:18:47,853 INFO  L115    AnnotateAndAsserter]: Conjunction of SSA is unsat
[2026-07-04 07:18:47,858 INFO  L256         TraceCheckSpWp]: Trace formula consists of 820 conjuncts, 2 conjuncts are in the unsatisfiable core
[2026-07-04 07:18:47,859 INFO  L279         TraceCheckSpWp]: Computing forward predicates...
[2026-07-04 07:18:47,866 INFO  L134       CoverageAnalysis]: Checked inductivity of 4 backedges. 0 proven. 0 refuted. 0 times theorem prover too weak. 4 trivial. 0 not checked.
[2026-07-04 07:18:47,866 INFO  L312         TraceCheckSpWp]: Computing backward predicates...
[2026-07-04 07:18:47,929 INFO  L134       CoverageAnalysis]: Checked inductivity of 4 backedges. 0 proven. 0 refuted. 0 times theorem prover too weak. 4 trivial. 0 not checked.
[2026-07-04 07:18:47,929 INFO  L136   FreeRefinementEngine]: Strategy FIXED_PREFERENCES found an infeasible trace
[2026-07-04 07:18:47,929 INFO  L324   FreeRefinementEngine]: Using interpolant generator IpTcStrategyModulePreferences [1365523149]
[2026-07-04 07:18:47,929 INFO  L158   FreeRefinementEngine]: IpTcStrategyModulePreferences [1365523149] provided 2 perfect and 0 imperfect interpolant sequences
[2026-07-04 07:18:47,929 INFO  L185   FreeRefinementEngine]: Found 2 perfect and 0 imperfect interpolant sequences.
[2026-07-04 07:18:47,930 INFO  L198   FreeRefinementEngine]: Number of different interpolants: perfect sequences [3, 3] imperfect sequences [] total 3
[2026-07-04 07:18:47,930 INFO  L121   tionRefinementEngine]: Using interpolant automaton builder IpAbStrategyModuleStraightlineAll [2098891200]
[2026-07-04 07:18:47,930 INFO  L85    oduleStraightlineAll]: Using 2 perfect interpolants to construct interpolant automaton
[2026-07-04 07:18:47,930 INFO  L567      AbstractCegarLoop]: INTERPOLANT automaton has 3 states
[2026-07-04 07:18:47,930 INFO  L100   FreeRefinementEngine]: Using predicate unifier PredicateUnifier provided by strategy FIXED_PREFERENCES
[2026-07-04 07:18:47,930 INFO  L144   InterpolantAutomaton]: Constructing interpolant automaton starting with 3 interpolants.
[2026-07-04 07:18:47,930 INFO  L146   InterpolantAutomaton]: CoverageRelationStatistics Valid=3, Invalid=3, Unknown=0, NotChecked=0, Total=6
[2026-07-04 07:18:47,930 INFO  L87              Difference]: Start difference. First operand 614 states and 800 transitions. Second operand  has 3 states, 3 states have (on average 28.333333333333332) internal successors, (85), 3 states have internal predecessors, (85), 2 states have call successors, (12), 2 states have call predecessors, (12), 2 states have return successors, (11), 1 states have call predecessors, (11), 2 states have call successors, (11)
[2026-07-04 07:18:47,975 INFO  L144             Difference]: Subtrahend was deterministic. Have not used determinization.
[2026-07-04 07:18:47,975 INFO  L93              Difference]: Finished difference Result 1207 states and 1571 transitions.
[2026-07-04 07:18:47,976 INFO  L140   InterpolantAutomaton]: Switched to read-only mode: deterministic interpolant automaton has 3 states. 
[2026-07-04 07:18:47,981 INFO  L79                 Accepts]: Start accepts. Automaton has  has 3 states, 3 states have (on average 28.333333333333332) internal successors, (85), 3 states have internal predecessors, (85), 2 states have call successors, (12), 2 states have call predecessors, (12), 2 states have return successors, (11), 1 states have call predecessors, (11), 2 states have call successors, (11) Word has length 92
[2026-07-04 07:18:47,981 INFO  L85                 Accepts]: Finished accepts. some prefix is accepted.
[2026-07-04 07:18:47,983 INFO  L225             Difference]: With dead ends: 1207
[2026-07-04 07:18:47,983 INFO  L226             Difference]: Without dead ends: 613
[2026-07-04 07:18:47,989 INFO  L425           NwaCegarLoop]: 0 DeclaredPredicates, 182 GetRequests, 181 SyntacticMatches, 0 SemanticMatches, 1 ConstructedPredicates, 0 IntricatePredicates, 0 DeprecatedPredicates, 0 ImplicationChecksByTransitivity, 0.0s TimeCoverageRelationStatistics Valid=3, Invalid=3, Unknown=0, NotChecked=0, Total=6
[2026-07-04 07:18:47,989 INFO  L426           NwaCegarLoop]: 364 mSDtfsCounter, 359 mSDsluCounter, 5 mSDsCounter, 0 mSdLazyCounter, 2 mSolverCounterSat, 2 mSolverCounterUnsat, 0 mSolverCounterUnknown, 0 mSolverCounterNotChecked, 0.0s Time, 0 mProtectedPredicate, 0 mProtectedAction, 359 SdHoareTripleChecker+Valid, 369 SdHoareTripleChecker+Invalid, 4 SdHoareTripleChecker+Unknown, 0 SdHoareTripleChecker+Unchecked, 0.0s SdHoareTripleChecker+Time, 2 IncrementalHoareTripleChecker+Valid, 2 IncrementalHoareTripleChecker+Invalid, 0 IncrementalHoareTripleChecker+Unknown, 0 IncrementalHoareTripleChecker+Unchecked, 0.0s IncrementalHoareTripleChecker+Time
[2026-07-04 07:18:47,989 INFO  L427           NwaCegarLoop]: SdHoareTripleChecker [359 Valid, 369 Invalid, 4 Unknown, 0 Unchecked, 0.0s Time], IncrementalHoareTripleChecker [2 Valid, 2 Invalid, 0 Unknown, 0 Unchecked, 0.0s Time]
[2026-07-04 07:18:47,990 INFO  L82        GeneralOperation]: Start minimizeSevpa. Operand 613 states.
[2026-07-04 07:18:48,064 INFO  L88        GeneralOperation]: Finished minimizeSevpa. Reduced states from 613 to 613.
[2026-07-04 07:18:48,065 INFO  L82        GeneralOperation]: Start removeUnreachable. Operand  has 613 states, 484 states have (on average 1.287190082644628) internal successors, (623), 542 states have internal predecessors, (623), 81 states have call successors, (81), 40 states have call predecessors, (81), 47 states have return successors, (93), 43 states have call predecessors, (93), 80 states have call successors, (93)
[2026-07-04 07:18:48,067 INFO  L88        GeneralOperation]: Finished removeUnreachable. Reduced from 613 states to 613 states and 797 transitions.
[2026-07-04 07:18:48,067 INFO  L79                 Accepts]: Start accepts. Automaton has 613 states and 797 transitions. Word has length 92
[2026-07-04 07:18:48,067 INFO  L85                 Accepts]: Finished accepts. word is rejected.
[2026-07-04 07:18:48,067 INFO  L490      AbstractCegarLoop]: Abstraction has 613 states and 797 transitions.
[2026-07-04 07:18:48,067 INFO  L491      AbstractCegarLoop]: INTERPOLANT automaton has  has 3 states, 3 states have (on average 28.333333333333332) internal successors, (85), 3 states have internal predecessors, (85), 2 states have call successors, (12), 2 states have call predecessors, (12), 2 states have return successors, (11), 1 states have call predecessors, (11), 2 states have call successors, (11)
[2026-07-04 07:18:48,067 INFO  L278                IsEmpty]: Start isEmpty. Operand 613 states and 797 transitions.
[2026-07-04 07:18:48,068 INFO  L284                IsEmpty]: Finished isEmpty. Found accepting run of length 94
[2026-07-04 07:18:48,068 INFO  L199           NwaCegarLoop]: Found error trace
[2026-07-04 07:18:48,068 INFO  L207           NwaCegarLoop]: trace histogram [2, 2, 1, 1, 1, 1, 1, 1, 1, 1, 1, 1, 1, 1, 1, 1, 1, 1, 1, 1, 1, 1, 1, 1, 1, 1, 1, 1, 1, 1, 1, 1, 1, 1, 1, 1, 1, 1, 1, 1, 1, 1, 1, 1, 1, 1, 1, 1, 1, 1, 1, 1, 1, 1, 1, 1, 1, 1, 1, 1, 1, 1, 1, 1, 1, 1, 1, 1, 1, 1, 1, 1, 1, 1, 1, 1, 1, 1, 1, 1, 1, 1, 1, 1, 1, 1, 1, 1, 1, 1, 1]
[2026-07-04 07:18:48,083 INFO  L546       MonitoredProcess]: [MP /usr/bin/z3 SMTLIB2_COMPLIANT=true -memory:2024 -smt2 -in (17)] Ended with exit code 0
[2026-07-04 07:18:48,269 WARN  L471      AbstractCegarLoop]: Destroyed unattended storables created during the last iteration: 17 /usr/bin/z3 SMTLIB2_COMPLIANT=true -memory:2024 -smt2 -in
[2026-07-04 07:18:48,269 INFO  L408      AbstractCegarLoop]: === Iteration 17 === Targeting __wraparound_assertErr0ASSERT_VIOLATIONASSERT === [__wraparound_assertErr0ASSERT_VIOLATIONASSERT] ===
[2026-07-04 07:18:48,270 INFO  L156       PredicateUnifier]: Initialized classic predicate unifier
[2026-07-04 07:18:48,270 INFO  L85        PathProgramCache]: Analyzing trace with hash 1467295862, now seen corresponding path program 1 times
[2026-07-04 07:18:48,270 INFO  L118   FreeRefinementEngine]: Executing refinement strategy FIXED_PREFERENCES
[2026-07-04 07:18:48,270 INFO  L324   FreeRefinementEngine]: Using trace check IpTcStrategyModulePreferences [761893353]
[2026-07-04 07:18:48,270 INFO  L97    rtionOrderModulation]: Keeping assertion order NOT_INCREMENTALLY
[2026-07-04 07:18:48,270 INFO  L173          SolverBuilder]: Constructing external solver with command: z3 SMTLIB2_COMPLIANT=true -memory:2024 -smt2 -in
[2026-07-04 07:18:48,271 INFO  L189       MonitoredProcess]: No working directory specified, using /usr/bin/z3
[2026-07-04 07:18:48,273 INFO  L229       MonitoredProcess]: Starting monitored process 18 with /usr/bin/z3 SMTLIB2_COMPLIANT=true -memory:2024 -smt2 -in (exit command is (exit), workingDir is null)
[2026-07-04 07:18:48,275 INFO  L327       MonitoredProcess]: [MP /usr/bin/z3 SMTLIB2_COMPLIANT=true -memory:2024 -smt2 -in (18)] Waiting until timeout for monitored process
[2026-07-04 07:18:48,420 INFO  L108    AnnotateAndAsserter]: Assert order NOT_INCREMENTALLY partitioned 93 statements into 1 equivalence classes.
[2026-07-04 07:18:48,472 INFO  L111    AnnotateAndAsserter]: Assert order NOT_INCREMENTALLY issued 1 check-sat command(s) and asserted 93 of 93 statements.
[2026-07-04 07:18:48,472 INFO  L114    AnnotateAndAsserter]: Assert order NOT_INCREMENTALLY issued 1 check-sat command(s)
[2026-07-04 07:18:48,472 INFO  L115    AnnotateAndAsserter]: Conjunction of SSA is unsat
[2026-07-04 07:18:48,477 INFO  L256         TraceCheckSpWp]: Trace formula consists of 698 conjuncts, 4 conjuncts are in the unsatisfiable core
[2026-07-04 07:18:48,479 INFO  L279         TraceCheckSpWp]: Computing forward predicates...
[2026-07-04 07:18:48,519 INFO  L134       CoverageAnalysis]: Checked inductivity of 4 backedges. 0 proven. 0 refuted. 0 times theorem prover too weak. 4 trivial. 0 not checked.
[2026-07-04 07:18:48,519 INFO  L312         TraceCheckSpWp]: Computing backward predicates...
[2026-07-04 07:18:48,612 INFO  L134       CoverageAnalysis]: Checked inductivity of 4 backedges. 0 proven. 0 refuted. 0 times theorem prover too weak. 4 trivial. 0 not checked.
[2026-07-04 07:18:48,613 INFO  L136   FreeRefinementEngine]: Strategy FIXED_PREFERENCES found an infeasible trace
[2026-07-04 07:18:48,613 INFO  L324   FreeRefinementEngine]: Using interpolant generator IpTcStrategyModulePreferences [761893353]
[2026-07-04 07:18:48,613 INFO  L158   FreeRefinementEngine]: IpTcStrategyModulePreferences [761893353] provided 2 perfect and 0 imperfect interpolant sequences
[2026-07-04 07:18:48,613 INFO  L185   FreeRefinementEngine]: Found 2 perfect and 0 imperfect interpolant sequences.
[2026-07-04 07:18:48,613 INFO  L198   FreeRefinementEngine]: Number of different interpolants: perfect sequences [3, 3] imperfect sequences [] total 4
[2026-07-04 07:18:48,614 INFO  L121   tionRefinementEngine]: Using interpolant automaton builder IpAbStrategyModuleStraightlineAll [1609960575]
[2026-07-04 07:18:48,614 INFO  L85    oduleStraightlineAll]: Using 2 perfect interpolants to construct interpolant automaton
[2026-07-04 07:18:48,614 INFO  L567      AbstractCegarLoop]: INTERPOLANT automaton has 4 states
[2026-07-04 07:18:48,614 INFO  L100   FreeRefinementEngine]: Using predicate unifier PredicateUnifier provided by strategy FIXED_PREFERENCES
[2026-07-04 07:18:48,615 INFO  L144   InterpolantAutomaton]: Constructing interpolant automaton starting with 4 interpolants.
[2026-07-04 07:18:48,615 INFO  L146   InterpolantAutomaton]: CoverageRelationStatistics Valid=6, Invalid=6, Unknown=0, NotChecked=0, Total=12
[2026-07-04 07:18:48,615 INFO  L87              Difference]: Start difference. First operand 613 states and 797 transitions. Second operand  has 4 states, 4 states have (on average 24.75) internal successors, (99), 4 states have internal predecessors, (99), 4 states have call successors, (14), 3 states have call predecessors, (14), 3 states have return successors, (13), 3 states have call predecessors, (13), 4 states have call successors, (13)
[2026-07-04 07:18:48,662 INFO  L144             Difference]: Subtrahend was deterministic. Have not used determinization.
[2026-07-04 07:18:48,662 INFO  L93              Difference]: Finished difference Result 718 states and 926 transitions.
[2026-07-04 07:18:48,662 INFO  L140   InterpolantAutomaton]: Switched to read-only mode: deterministic interpolant automaton has 3 states. 
[2026-07-04 07:18:48,662 INFO  L79                 Accepts]: Start accepts. Automaton has  has 4 states, 4 states have (on average 24.75) internal successors, (99), 4 states have internal predecessors, (99), 4 states have call successors, (14), 3 states have call predecessors, (14), 3 states have return successors, (13), 3 states have call predecessors, (13), 4 states have call successors, (13) Word has length 93
[2026-07-04 07:18:48,662 INFO  L85                 Accepts]: Finished accepts. some prefix is accepted.
[2026-07-04 07:18:48,664 INFO  L225             Difference]: With dead ends: 718
[2026-07-04 07:18:48,664 INFO  L226             Difference]: Without dead ends: 311
[2026-07-04 07:18:48,664 INFO  L425           NwaCegarLoop]: 0 DeclaredPredicates, 184 GetRequests, 182 SyntacticMatches, 0 SemanticMatches, 2 ConstructedPredicates, 0 IntricatePredicates, 0 DeprecatedPredicates, 0 ImplicationChecksByTransitivity, 0.0s TimeCoverageRelationStatistics Valid=6, Invalid=6, Unknown=0, NotChecked=0, Total=12
[2026-07-04 07:18:48,664 INFO  L426           NwaCegarLoop]: 338 mSDtfsCounter, 322 mSDsluCounter, 10 mSDsCounter, 0 mSdLazyCounter, 4 mSolverCounterSat, 2 mSolverCounterUnsat, 0 mSolverCounterUnknown, 0 mSolverCounterNotChecked, 0.0s Time, 0 mProtectedPredicate, 0 mProtectedAction, 322 SdHoareTripleChecker+Valid, 348 SdHoareTripleChecker+Invalid, 6 SdHoareTripleChecker+Unknown, 0 SdHoareTripleChecker+Unchecked, 0.0s SdHoareTripleChecker+Time, 2 IncrementalHoareTripleChecker+Valid, 4 IncrementalHoareTripleChecker+Invalid, 0 IncrementalHoareTripleChecker+Unknown, 0 IncrementalHoareTripleChecker+Unchecked, 0.0s IncrementalHoareTripleChecker+Time
[2026-07-04 07:18:48,665 INFO  L427           NwaCegarLoop]: SdHoareTripleChecker [322 Valid, 348 Invalid, 6 Unknown, 0 Unchecked, 0.0s Time], IncrementalHoareTripleChecker [2 Valid, 4 Invalid, 0 Unknown, 0 Unchecked, 0.0s Time]
[2026-07-04 07:18:48,665 INFO  L82        GeneralOperation]: Start minimizeSevpa. Operand 311 states.
[2026-07-04 07:18:48,693 INFO  L88        GeneralOperation]: Finished minimizeSevpa. Reduced states from 311 to 311.
[2026-07-04 07:18:48,697 INFO  L82        GeneralOperation]: Start removeUnreachable. Operand  has 311 states, 249 states have (on average 1.2690763052208835) internal successors, (316), 275 states have internal predecessors, (316), 39 states have call successors, (39), 20 states have call predecessors, (39), 22 states have return successors, (43), 20 states have call predecessors, (43), 38 states have call successors, (43)
[2026-07-04 07:18:48,698 INFO  L88        GeneralOperation]: Finished removeUnreachable. Reduced from 311 states to 311 states and 398 transitions.
[2026-07-04 07:18:48,698 INFO  L79                 Accepts]: Start accepts. Automaton has 311 states and 398 transitions. Word has length 93
[2026-07-04 07:18:48,698 INFO  L85                 Accepts]: Finished accepts. word is rejected.
[2026-07-04 07:18:48,698 INFO  L490      AbstractCegarLoop]: Abstraction has 311 states and 398 transitions.
[2026-07-04 07:18:48,698 INFO  L491      AbstractCegarLoop]: INTERPOLANT automaton has  has 4 states, 4 states have (on average 24.75) internal successors, (99), 4 states have internal predecessors, (99), 4 states have call successors, (14), 3 states have call predecessors, (14), 3 states have return successors, (13), 3 states have call predecessors, (13), 4 states have call successors, (13)
[2026-07-04 07:18:48,699 INFO  L278                IsEmpty]: Start isEmpty. Operand 311 states and 398 transitions.
[2026-07-04 07:18:48,713 INFO  L284                IsEmpty]: Finished isEmpty. Found accepting run of length 95
[2026-07-04 07:18:48,713 INFO  L199           NwaCegarLoop]: Found error trace
[2026-07-04 07:18:48,714 INFO  L207           NwaCegarLoop]: trace histogram [2, 2, 2, 1, 1, 1, 1, 1, 1, 1, 1, 1, 1, 1, 1, 1, 1, 1, 1, 1, 1, 1, 1, 1, 1, 1, 1, 1, 1, 1, 1, 1, 1, 1, 1, 1, 1, 1, 1, 1, 1, 1, 1, 1, 1, 1, 1, 1, 1, 1, 1, 1, 1, 1, 1, 1, 1, 1, 1, 1, 1, 1, 1, 1, 1, 1, 1, 1, 1, 1, 1, 1, 1, 1, 1, 1, 1, 1, 1, 1, 1, 1, 1, 1, 1, 1, 1, 1, 1, 1, 1]
[2026-07-04 07:18:48,727 INFO  L546       MonitoredProcess]: [MP /usr/bin/z3 SMTLIB2_COMPLIANT=true -memory:2024 -smt2 -in (18)] Ended with exit code 0
[2026-07-04 07:18:48,915 WARN  L471      AbstractCegarLoop]: Destroyed unattended storables created during the last iteration: 18 /usr/bin/z3 SMTLIB2_COMPLIANT=true -memory:2024 -smt2 -in
[2026-07-04 07:18:48,915 INFO  L408      AbstractCegarLoop]: === Iteration 18 === Targeting __wraparound_assertErr0ASSERT_VIOLATIONASSERT === [__wraparound_assertErr0ASSERT_VIOLATIONASSERT] ===
[2026-07-04 07:18:48,915 INFO  L156       PredicateUnifier]: Initialized classic predicate unifier
[2026-07-04 07:18:48,916 INFO  L85        PathProgramCache]: Analyzing trace with hash 962941644, now seen corresponding path program 1 times
[2026-07-04 07:18:48,916 INFO  L118   FreeRefinementEngine]: Executing refinement strategy FIXED_PREFERENCES
[2026-07-04 07:18:48,916 INFO  L324   FreeRefinementEngine]: Using trace check IpTcStrategyModulePreferences [872857848]
[2026-07-04 07:18:48,916 INFO  L97    rtionOrderModulation]: Keeping assertion order NOT_INCREMENTALLY
[2026-07-04 07:18:48,916 INFO  L173          SolverBuilder]: Constructing external solver with command: z3 SMTLIB2_COMPLIANT=true -memory:2024 -smt2 -in
[2026-07-04 07:18:48,917 INFO  L189       MonitoredProcess]: No working directory specified, using /usr/bin/z3
[2026-07-04 07:18:48,919 INFO  L229       MonitoredProcess]: Starting monitored process 19 with /usr/bin/z3 SMTLIB2_COMPLIANT=true -memory:2024 -smt2 -in (exit command is (exit), workingDir is null)
[2026-07-04 07:18:48,922 INFO  L327       MonitoredProcess]: [MP /usr/bin/z3 SMTLIB2_COMPLIANT=true -memory:2024 -smt2 -in (19)] Waiting until timeout for monitored process
[2026-07-04 07:18:49,056 INFO  L108    AnnotateAndAsserter]: Assert order NOT_INCREMENTALLY partitioned 94 statements into 1 equivalence classes.
[2026-07-04 07:18:49,114 INFO  L111    AnnotateAndAsserter]: Assert order NOT_INCREMENTALLY issued 1 check-sat command(s) and asserted 94 of 94 statements.
[2026-07-04 07:18:49,114 INFO  L114    AnnotateAndAsserter]: Assert order NOT_INCREMENTALLY issued 1 check-sat command(s)
[2026-07-04 07:18:49,114 INFO  L115    AnnotateAndAsserter]: Conjunction of SSA is unsat
[2026-07-04 07:18:49,119 INFO  L256         TraceCheckSpWp]: Trace formula consists of 823 conjuncts, 2 conjuncts are in the unsatisfiable core
[2026-07-04 07:18:49,120 INFO  L279         TraceCheckSpWp]: Computing forward predicates...
[2026-07-04 07:18:49,133 INFO  L134       CoverageAnalysis]: Checked inductivity of 4 backedges. 0 proven. 0 refuted. 0 times theorem prover too weak. 4 trivial. 0 not checked.
[2026-07-04 07:18:49,134 INFO  L312         TraceCheckSpWp]: Computing backward predicates...
[2026-07-04 07:18:49,186 INFO  L134       CoverageAnalysis]: Checked inductivity of 4 backedges. 0 proven. 0 refuted. 0 times theorem prover too weak. 4 trivial. 0 not checked.
[2026-07-04 07:18:49,186 INFO  L136   FreeRefinementEngine]: Strategy FIXED_PREFERENCES found an infeasible trace
[2026-07-04 07:18:49,186 INFO  L324   FreeRefinementEngine]: Using interpolant generator IpTcStrategyModulePreferences [872857848]
[2026-07-04 07:18:49,186 INFO  L158   FreeRefinementEngine]: IpTcStrategyModulePreferences [872857848] provided 2 perfect and 0 imperfect interpolant sequences
[2026-07-04 07:18:49,186 INFO  L185   FreeRefinementEngine]: Found 2 perfect and 0 imperfect interpolant sequences.
[2026-07-04 07:18:49,186 INFO  L198   FreeRefinementEngine]: Number of different interpolants: perfect sequences [3, 3] imperfect sequences [] total 3
[2026-07-04 07:18:49,186 INFO  L121   tionRefinementEngine]: Using interpolant automaton builder IpAbStrategyModuleStraightlineAll [2014823499]
[2026-07-04 07:18:49,186 INFO  L85    oduleStraightlineAll]: Using 2 perfect interpolants to construct interpolant automaton
[2026-07-04 07:18:49,186 INFO  L567      AbstractCegarLoop]: INTERPOLANT automaton has 3 states
[2026-07-04 07:18:49,186 INFO  L100   FreeRefinementEngine]: Using predicate unifier PredicateUnifier provided by strategy FIXED_PREFERENCES
[2026-07-04 07:18:49,187 INFO  L144   InterpolantAutomaton]: Constructing interpolant automaton starting with 3 interpolants.
[2026-07-04 07:18:49,187 INFO  L146   InterpolantAutomaton]: CoverageRelationStatistics Valid=3, Invalid=3, Unknown=0, NotChecked=0, Total=6
[2026-07-04 07:18:49,187 INFO  L87              Difference]: Start difference. First operand 311 states and 398 transitions. Second operand  has 3 states, 3 states have (on average 29.0) internal successors, (87), 3 states have internal predecessors, (87), 2 states have call successors, (12), 2 states have call predecessors, (12), 2 states have return successors, (11), 1 states have call predecessors, (11), 2 states have call successors, (11)
[2026-07-04 07:18:49,248 INFO  L144             Difference]: Subtrahend was deterministic. Have not used determinization.
[2026-07-04 07:18:49,248 INFO  L93              Difference]: Finished difference Result 606 states and 778 transitions.
[2026-07-04 07:18:49,253 INFO  L140   InterpolantAutomaton]: Switched to read-only mode: deterministic interpolant automaton has 3 states. 
[2026-07-04 07:18:49,253 INFO  L79                 Accepts]: Start accepts. Automaton has  has 3 states, 3 states have (on average 29.0) internal successors, (87), 3 states have internal predecessors, (87), 2 states have call successors, (12), 2 states have call predecessors, (12), 2 states have return successors, (11), 1 states have call predecessors, (11), 2 states have call successors, (11) Word has length 94
[2026-07-04 07:18:49,253 INFO  L85                 Accepts]: Finished accepts. some prefix is accepted.
[2026-07-04 07:18:49,254 INFO  L225             Difference]: With dead ends: 606
[2026-07-04 07:18:49,255 INFO  L226             Difference]: Without dead ends: 311
[2026-07-04 07:18:49,255 INFO  L425           NwaCegarLoop]: 0 DeclaredPredicates, 186 GetRequests, 185 SyntacticMatches, 0 SemanticMatches, 1 ConstructedPredicates, 0 IntricatePredicates, 0 DeprecatedPredicates, 0 ImplicationChecksByTransitivity, 0.0s TimeCoverageRelationStatistics Valid=3, Invalid=3, Unknown=0, NotChecked=0, Total=6
[2026-07-04 07:18:49,255 INFO  L426           NwaCegarLoop]: 330 mSDtfsCounter, 317 mSDsluCounter, 13 mSDsCounter, 0 mSdLazyCounter, 3 mSolverCounterSat, 1 mSolverCounterUnsat, 0 mSolverCounterUnknown, 0 mSolverCounterNotChecked, 0.0s Time, 0 mProtectedPredicate, 0 mProtectedAction, 317 SdHoareTripleChecker+Valid, 343 SdHoareTripleChecker+Invalid, 4 SdHoareTripleChecker+Unknown, 0 SdHoareTripleChecker+Unchecked, 0.0s SdHoareTripleChecker+Time, 1 IncrementalHoareTripleChecker+Valid, 3 IncrementalHoareTripleChecker+Invalid, 0 IncrementalHoareTripleChecker+Unknown, 0 IncrementalHoareTripleChecker+Unchecked, 0.0s IncrementalHoareTripleChecker+Time
[2026-07-04 07:18:49,255 INFO  L427           NwaCegarLoop]: SdHoareTripleChecker [317 Valid, 343 Invalid, 4 Unknown, 0 Unchecked, 0.0s Time], IncrementalHoareTripleChecker [1 Valid, 3 Invalid, 0 Unknown, 0 Unchecked, 0.0s Time]
[2026-07-04 07:18:49,256 INFO  L82        GeneralOperation]: Start minimizeSevpa. Operand 311 states.
[2026-07-04 07:18:49,293 INFO  L88        GeneralOperation]: Finished minimizeSevpa. Reduced states from 311 to 311.
[2026-07-04 07:18:49,294 INFO  L82        GeneralOperation]: Start removeUnreachable. Operand  has 311 states, 249 states have (on average 1.2610441767068272) internal successors, (314), 275 states have internal predecessors, (314), 39 states have call successors, (39), 20 states have call predecessors, (39), 22 states have return successors, (43), 20 states have call predecessors, (43), 38 states have call successors, (43)
[2026-07-04 07:18:49,294 INFO  L88        GeneralOperation]: Finished removeUnreachable. Reduced from 311 states to 311 states and 396 transitions.
[2026-07-04 07:18:49,301 INFO  L79                 Accepts]: Start accepts. Automaton has 311 states and 396 transitions. Word has length 94
[2026-07-04 07:18:49,301 INFO  L85                 Accepts]: Finished accepts. word is rejected.
[2026-07-04 07:18:49,301 INFO  L490      AbstractCegarLoop]: Abstraction has 311 states and 396 transitions.
[2026-07-04 07:18:49,301 INFO  L491      AbstractCegarLoop]: INTERPOLANT automaton has  has 3 states, 3 states have (on average 29.0) internal successors, (87), 3 states have internal predecessors, (87), 2 states have call successors, (12), 2 states have call predecessors, (12), 2 states have return successors, (11), 1 states have call predecessors, (11), 2 states have call successors, (11)
[2026-07-04 07:18:49,301 INFO  L278                IsEmpty]: Start isEmpty. Operand 311 states and 396 transitions.
[2026-07-04 07:18:49,302 INFO  L284                IsEmpty]: Finished isEmpty. Found accepting run of length 99
[2026-07-04 07:18:49,302 INFO  L199           NwaCegarLoop]: Found error trace
[2026-07-04 07:18:49,302 INFO  L207           NwaCegarLoop]: trace histogram [2, 2, 2, 1, 1, 1, 1, 1, 1, 1, 1, 1, 1, 1, 1, 1, 1, 1, 1, 1, 1, 1, 1, 1, 1, 1, 1, 1, 1, 1, 1, 1, 1, 1, 1, 1, 1, 1, 1, 1, 1, 1, 1, 1, 1, 1, 1, 1, 1, 1, 1, 1, 1, 1, 1, 1, 1, 1, 1, 1, 1, 1, 1, 1, 1, 1, 1, 1, 1, 1, 1, 1, 1, 1, 1, 1, 1, 1, 1, 1, 1, 1, 1, 1, 1, 1, 1, 1, 1, 1, 1, 1, 1, 1, 1]
[2026-07-04 07:18:49,313 INFO  L546       MonitoredProcess]: [MP /usr/bin/z3 SMTLIB2_COMPLIANT=true -memory:2024 -smt2 -in (19)] Ended with exit code 0
[2026-07-04 07:18:49,503 WARN  L471      AbstractCegarLoop]: Destroyed unattended storables created during the last iteration: 19 /usr/bin/z3 SMTLIB2_COMPLIANT=true -memory:2024 -smt2 -in
[2026-07-04 07:18:49,504 INFO  L408      AbstractCegarLoop]: === Iteration 19 === Targeting __wraparound_assertErr0ASSERT_VIOLATIONASSERT === [__wraparound_assertErr0ASSERT_VIOLATIONASSERT] ===
[2026-07-04 07:18:49,504 INFO  L156       PredicateUnifier]: Initialized classic predicate unifier
[2026-07-04 07:18:49,504 INFO  L85        PathProgramCache]: Analyzing trace with hash -466748209, now seen corresponding path program 1 times
[2026-07-04 07:18:49,504 INFO  L118   FreeRefinementEngine]: Executing refinement strategy FIXED_PREFERENCES
[2026-07-04 07:18:49,504 INFO  L324   FreeRefinementEngine]: Using trace check IpTcStrategyModulePreferences [1710428721]
[2026-07-04 07:18:49,504 INFO  L97    rtionOrderModulation]: Keeping assertion order NOT_INCREMENTALLY
[2026-07-04 07:18:49,504 INFO  L173          SolverBuilder]: Constructing external solver with command: z3 SMTLIB2_COMPLIANT=true -memory:2024 -smt2 -in
[2026-07-04 07:18:49,505 INFO  L189       MonitoredProcess]: No working directory specified, using /usr/bin/z3
[2026-07-04 07:18:49,507 INFO  L229       MonitoredProcess]: Starting monitored process 20 with /usr/bin/z3 SMTLIB2_COMPLIANT=true -memory:2024 -smt2 -in (exit command is (exit), workingDir is null)
[2026-07-04 07:18:49,510 INFO  L327       MonitoredProcess]: [MP /usr/bin/z3 SMTLIB2_COMPLIANT=true -memory:2024 -smt2 -in (20)] Waiting until timeout for monitored process
[2026-07-04 07:18:49,636 INFO  L108    AnnotateAndAsserter]: Assert order NOT_INCREMENTALLY partitioned 98 statements into 1 equivalence classes.
[2026-07-04 07:18:49,698 INFO  L111    AnnotateAndAsserter]: Assert order NOT_INCREMENTALLY issued 1 check-sat command(s) and asserted 98 of 98 statements.
[2026-07-04 07:18:49,698 INFO  L114    AnnotateAndAsserter]: Assert order NOT_INCREMENTALLY issued 1 check-sat command(s)
[2026-07-04 07:18:49,698 INFO  L115    AnnotateAndAsserter]: Conjunction of SSA is unsat
[2026-07-04 07:18:49,703 INFO  L256         TraceCheckSpWp]: Trace formula consists of 828 conjuncts, 2 conjuncts are in the unsatisfiable core
[2026-07-04 07:18:49,710 INFO  L279         TraceCheckSpWp]: Computing forward predicates...
[2026-07-04 07:18:49,752 INFO  L134       CoverageAnalysis]: Checked inductivity of 4 backedges. 0 proven. 0 refuted. 0 times theorem prover too weak. 4 trivial. 0 not checked.
[2026-07-04 07:18:49,752 INFO  L312         TraceCheckSpWp]: Computing backward predicates...
[2026-07-04 07:18:49,835 INFO  L134       CoverageAnalysis]: Checked inductivity of 4 backedges. 0 proven. 0 refuted. 0 times theorem prover too weak. 4 trivial. 0 not checked.
[2026-07-04 07:18:49,835 INFO  L136   FreeRefinementEngine]: Strategy FIXED_PREFERENCES found an infeasible trace
[2026-07-04 07:18:49,835 INFO  L324   FreeRefinementEngine]: Using interpolant generator IpTcStrategyModulePreferences [1710428721]
[2026-07-04 07:18:49,835 INFO  L158   FreeRefinementEngine]: IpTcStrategyModulePreferences [1710428721] provided 2 perfect and 0 imperfect interpolant sequences
[2026-07-04 07:18:49,835 INFO  L185   FreeRefinementEngine]: Found 2 perfect and 0 imperfect interpolant sequences.
[2026-07-04 07:18:49,835 INFO  L198   FreeRefinementEngine]: Number of different interpolants: perfect sequences [3, 3] imperfect sequences [] total 3
[2026-07-04 07:18:49,835 INFO  L121   tionRefinementEngine]: Using interpolant automaton builder IpAbStrategyModuleStraightlineAll [25388997]
[2026-07-04 07:18:49,835 INFO  L85    oduleStraightlineAll]: Using 2 perfect interpolants to construct interpolant automaton
[2026-07-04 07:18:49,835 INFO  L567      AbstractCegarLoop]: INTERPOLANT automaton has 3 states
[2026-07-04 07:18:49,835 INFO  L100   FreeRefinementEngine]: Using predicate unifier PredicateUnifier provided by strategy FIXED_PREFERENCES
[2026-07-04 07:18:49,836 INFO  L144   InterpolantAutomaton]: Constructing interpolant automaton starting with 3 interpolants.
[2026-07-04 07:18:49,836 INFO  L146   InterpolantAutomaton]: CoverageRelationStatistics Valid=3, Invalid=3, Unknown=0, NotChecked=0, Total=6
[2026-07-04 07:18:49,836 INFO  L87              Difference]: Start difference. First operand 311 states and 396 transitions. Second operand  has 3 states, 3 states have (on average 30.333333333333332) internal successors, (91), 3 states have internal predecessors, (91), 3 states have call successors, (12), 3 states have call predecessors, (12), 3 states have return successors, (11), 2 states have call predecessors, (11), 3 states have call successors, (11)
[2026-07-04 07:18:49,903 INFO  L144             Difference]: Subtrahend was deterministic. Have not used determinization.
[2026-07-04 07:18:49,903 INFO  L93              Difference]: Finished difference Result 602 states and 769 transitions.
[2026-07-04 07:18:49,904 INFO  L140   InterpolantAutomaton]: Switched to read-only mode: deterministic interpolant automaton has 3 states. 
[2026-07-04 07:18:49,904 INFO  L79                 Accepts]: Start accepts. Automaton has  has 3 states, 3 states have (on average 30.333333333333332) internal successors, (91), 3 states have internal predecessors, (91), 3 states have call successors, (12), 3 states have call predecessors, (12), 3 states have return successors, (11), 2 states have call predecessors, (11), 3 states have call successors, (11) Word has length 98
[2026-07-04 07:18:49,904 INFO  L85                 Accepts]: Finished accepts. some prefix is accepted.
[2026-07-04 07:18:49,909 INFO  L225             Difference]: With dead ends: 602
[2026-07-04 07:18:49,909 INFO  L226             Difference]: Without dead ends: 311
[2026-07-04 07:18:49,910 INFO  L425           NwaCegarLoop]: 0 DeclaredPredicates, 194 GetRequests, 193 SyntacticMatches, 0 SemanticMatches, 1 ConstructedPredicates, 0 IntricatePredicates, 0 DeprecatedPredicates, 0 ImplicationChecksByTransitivity, 0.0s TimeCoverageRelationStatistics Valid=3, Invalid=3, Unknown=0, NotChecked=0, Total=6
[2026-07-04 07:18:49,910 INFO  L426           NwaCegarLoop]: 332 mSDtfsCounter, 20 mSDsluCounter, 325 mSDsCounter, 0 mSdLazyCounter, 6 mSolverCounterSat, 0 mSolverCounterUnsat, 0 mSolverCounterUnknown, 0 mSolverCounterNotChecked, 0.0s Time, 0 mProtectedPredicate, 0 mProtectedAction, 20 SdHoareTripleChecker+Valid, 657 SdHoareTripleChecker+Invalid, 6 SdHoareTripleChecker+Unknown, 0 SdHoareTripleChecker+Unchecked, 0.0s SdHoareTripleChecker+Time, 0 IncrementalHoareTripleChecker+Valid, 6 IncrementalHoareTripleChecker+Invalid, 0 IncrementalHoareTripleChecker+Unknown, 0 IncrementalHoareTripleChecker+Unchecked, 0.0s IncrementalHoareTripleChecker+Time
[2026-07-04 07:18:49,910 INFO  L427           NwaCegarLoop]: SdHoareTripleChecker [20 Valid, 657 Invalid, 6 Unknown, 0 Unchecked, 0.0s Time], IncrementalHoareTripleChecker [0 Valid, 6 Invalid, 0 Unknown, 0 Unchecked, 0.0s Time]
[2026-07-04 07:18:49,910 INFO  L82        GeneralOperation]: Start minimizeSevpa. Operand 311 states.
[2026-07-04 07:18:49,943 INFO  L88        GeneralOperation]: Finished minimizeSevpa. Reduced states from 311 to 311.
[2026-07-04 07:18:49,943 INFO  L82        GeneralOperation]: Start removeUnreachable. Operand  has 311 states, 249 states have (on average 1.2570281124497993) internal successors, (313), 275 states have internal predecessors, (313), 39 states have call successors, (39), 20 states have call predecessors, (39), 22 states have return successors, (43), 20 states have call predecessors, (43), 38 states have call successors, (43)
[2026-07-04 07:18:49,943 INFO  L88        GeneralOperation]: Finished removeUnreachable. Reduced from 311 states to 311 states and 395 transitions.
[2026-07-04 07:18:49,944 INFO  L79                 Accepts]: Start accepts. Automaton has 311 states and 395 transitions. Word has length 98
[2026-07-04 07:18:49,953 INFO  L85                 Accepts]: Finished accepts. word is rejected.
[2026-07-04 07:18:49,953 INFO  L490      AbstractCegarLoop]: Abstraction has 311 states and 395 transitions.
[2026-07-04 07:18:49,953 INFO  L491      AbstractCegarLoop]: INTERPOLANT automaton has  has 3 states, 3 states have (on average 30.333333333333332) internal successors, (91), 3 states have internal predecessors, (91), 3 states have call successors, (12), 3 states have call predecessors, (12), 3 states have return successors, (11), 2 states have call predecessors, (11), 3 states have call successors, (11)
[2026-07-04 07:18:49,953 INFO  L278                IsEmpty]: Start isEmpty. Operand 311 states and 395 transitions.
[2026-07-04 07:18:49,953 INFO  L284                IsEmpty]: Finished isEmpty. Found accepting run of length 99
[2026-07-04 07:18:49,953 INFO  L199           NwaCegarLoop]: Found error trace
[2026-07-04 07:18:49,954 INFO  L207           NwaCegarLoop]: trace histogram [2, 2, 2, 1, 1, 1, 1, 1, 1, 1, 1, 1, 1, 1, 1, 1, 1, 1, 1, 1, 1, 1, 1, 1, 1, 1, 1, 1, 1, 1, 1, 1, 1, 1, 1, 1, 1, 1, 1, 1, 1, 1, 1, 1, 1, 1, 1, 1, 1, 1, 1, 1, 1, 1, 1, 1, 1, 1, 1, 1, 1, 1, 1, 1, 1, 1, 1, 1, 1, 1, 1, 1, 1, 1, 1, 1, 1, 1, 1, 1, 1, 1, 1, 1, 1, 1, 1, 1, 1, 1, 1, 1, 1, 1, 1]
[2026-07-04 07:18:49,969 INFO  L546       MonitoredProcess]: [MP /usr/bin/z3 SMTLIB2_COMPLIANT=true -memory:2024 -smt2 -in (20)] Ended with exit code 0
[2026-07-04 07:18:50,154 WARN  L471      AbstractCegarLoop]: Destroyed unattended storables created during the last iteration: 20 /usr/bin/z3 SMTLIB2_COMPLIANT=true -memory:2024 -smt2 -in
[2026-07-04 07:18:50,154 INFO  L408      AbstractCegarLoop]: === Iteration 20 === Targeting __wraparound_assertErr0ASSERT_VIOLATIONASSERT === [__wraparound_assertErr0ASSERT_VIOLATIONASSERT] ===
[2026-07-04 07:18:50,155 INFO  L156       PredicateUnifier]: Initialized classic predicate unifier
[2026-07-04 07:18:50,155 INFO  L85        PathProgramCache]: Analyzing trace with hash -226508463, now seen corresponding path program 1 times
[2026-07-04 07:18:50,155 INFO  L118   FreeRefinementEngine]: Executing refinement strategy FIXED_PREFERENCES
[2026-07-04 07:18:50,155 INFO  L324   FreeRefinementEngine]: Using trace check IpTcStrategyModulePreferences [748006317]
[2026-07-04 07:18:50,155 INFO  L97    rtionOrderModulation]: Keeping assertion order NOT_INCREMENTALLY
[2026-07-04 07:18:50,155 INFO  L173          SolverBuilder]: Constructing external solver with command: z3 SMTLIB2_COMPLIANT=true -memory:2024 -smt2 -in
[2026-07-04 07:18:50,156 INFO  L189       MonitoredProcess]: No working directory specified, using /usr/bin/z3
[2026-07-04 07:18:50,160 INFO  L229       MonitoredProcess]: Starting monitored process 21 with /usr/bin/z3 SMTLIB2_COMPLIANT=true -memory:2024 -smt2 -in (exit command is (exit), workingDir is null)
[2026-07-04 07:18:50,161 INFO  L327       MonitoredProcess]: [MP /usr/bin/z3 SMTLIB2_COMPLIANT=true -memory:2024 -smt2 -in (21)] Waiting until timeout for monitored process
[2026-07-04 07:18:50,295 INFO  L108    AnnotateAndAsserter]: Assert order NOT_INCREMENTALLY partitioned 98 statements into 1 equivalence classes.
[2026-07-04 07:18:50,351 INFO  L111    AnnotateAndAsserter]: Assert order NOT_INCREMENTALLY issued 1 check-sat command(s) and asserted 98 of 98 statements.
[2026-07-04 07:18:50,351 INFO  L114    AnnotateAndAsserter]: Assert order NOT_INCREMENTALLY issued 1 check-sat command(s)
[2026-07-04 07:18:50,351 INFO  L115    AnnotateAndAsserter]: Conjunction of SSA is unsat
[2026-07-04 07:18:50,357 INFO  L256         TraceCheckSpWp]: Trace formula consists of 828 conjuncts, 5 conjuncts are in the unsatisfiable core
[2026-07-04 07:18:50,369 INFO  L279         TraceCheckSpWp]: Computing forward predicates...
[2026-07-04 07:18:50,524 INFO  L134       CoverageAnalysis]: Checked inductivity of 4 backedges. 0 proven. 0 refuted. 0 times theorem prover too weak. 4 trivial. 0 not checked.
[2026-07-04 07:18:50,524 INFO  L312         TraceCheckSpWp]: Computing backward predicates...
[2026-07-04 07:18:50,843 INFO  L134       CoverageAnalysis]: Checked inductivity of 4 backedges. 0 proven. 0 refuted. 0 times theorem prover too weak. 4 trivial. 0 not checked.
[2026-07-04 07:18:50,843 INFO  L136   FreeRefinementEngine]: Strategy FIXED_PREFERENCES found an infeasible trace
[2026-07-04 07:18:50,843 INFO  L324   FreeRefinementEngine]: Using interpolant generator IpTcStrategyModulePreferences [748006317]
[2026-07-04 07:18:50,843 INFO  L158   FreeRefinementEngine]: IpTcStrategyModulePreferences [748006317] provided 2 perfect and 0 imperfect interpolant sequences
[2026-07-04 07:18:50,843 INFO  L185   FreeRefinementEngine]: Found 2 perfect and 0 imperfect interpolant sequences.
[2026-07-04 07:18:50,843 INFO  L198   FreeRefinementEngine]: Number of different interpolants: perfect sequences [4, 5] imperfect sequences [] total 6
[2026-07-04 07:18:50,843 INFO  L121   tionRefinementEngine]: Using interpolant automaton builder IpAbStrategyModuleStraightlineAll [1088120801]
[2026-07-04 07:18:50,843 INFO  L85    oduleStraightlineAll]: Using 2 perfect interpolants to construct interpolant automaton
[2026-07-04 07:18:50,844 INFO  L567      AbstractCegarLoop]: INTERPOLANT automaton has 6 states
[2026-07-04 07:18:50,844 INFO  L100   FreeRefinementEngine]: Using predicate unifier PredicateUnifier provided by strategy FIXED_PREFERENCES
[2026-07-04 07:18:50,844 INFO  L144   InterpolantAutomaton]: Constructing interpolant automaton starting with 6 interpolants.
[2026-07-04 07:18:50,844 INFO  L146   InterpolantAutomaton]: CoverageRelationStatistics Valid=11, Invalid=19, Unknown=0, NotChecked=0, Total=30
[2026-07-04 07:18:50,844 INFO  L87              Difference]: Start difference. First operand 311 states and 395 transitions. Second operand  has 6 states, 6 states have (on average 23.0) internal successors, (138), 6 states have internal predecessors, (138), 4 states have call successors, (13), 5 states have call predecessors, (13), 5 states have return successors, (12), 4 states have call predecessors, (12), 3 states have call successors, (12)
[2026-07-04 07:18:52,006 INFO  L144             Difference]: Subtrahend was deterministic. Have not used determinization.
[2026-07-04 07:18:52,007 INFO  L93              Difference]: Finished difference Result 703 states and 894 transitions.
[2026-07-04 07:18:52,007 INFO  L140   InterpolantAutomaton]: Switched to read-only mode: deterministic interpolant automaton has 7 states. 
[2026-07-04 07:18:52,007 INFO  L79                 Accepts]: Start accepts. Automaton has  has 6 states, 6 states have (on average 23.0) internal successors, (138), 6 states have internal predecessors, (138), 4 states have call successors, (13), 5 states have call predecessors, (13), 5 states have return successors, (12), 4 states have call predecessors, (12), 3 states have call successors, (12) Word has length 98
[2026-07-04 07:18:52,007 INFO  L85                 Accepts]: Finished accepts. some prefix is accepted.
[2026-07-04 07:18:52,009 INFO  L225             Difference]: With dead ends: 703
[2026-07-04 07:18:52,009 INFO  L226             Difference]: Without dead ends: 525
[2026-07-04 07:18:52,009 INFO  L425           NwaCegarLoop]: 0 DeclaredPredicates, 197 GetRequests, 191 SyntacticMatches, 0 SemanticMatches, 6 ConstructedPredicates, 0 IntricatePredicates, 0 DeprecatedPredicates, 1 ImplicationChecksByTransitivity, 0.0s TimeCoverageRelationStatistics Valid=21, Invalid=35, Unknown=0, NotChecked=0, Total=56
[2026-07-04 07:18:52,010 INFO  L426           NwaCegarLoop]: 162 mSDtfsCounter, 1012 mSDsluCounter, 196 mSDsCounter, 0 mSdLazyCounter, 739 mSolverCounterSat, 285 mSolverCounterUnsat, 0 mSolverCounterUnknown, 0 mSolverCounterNotChecked, 0.9s Time, 0 mProtectedPredicate, 0 mProtectedAction, 1021 SdHoareTripleChecker+Valid, 358 SdHoareTripleChecker+Invalid, 1024 SdHoareTripleChecker+Unknown, 0 SdHoareTripleChecker+Unchecked, 0.0s SdHoareTripleChecker+Time, 285 IncrementalHoareTripleChecker+Valid, 739 IncrementalHoareTripleChecker+Invalid, 0 IncrementalHoareTripleChecker+Unknown, 0 IncrementalHoareTripleChecker+Unchecked, 1.1s IncrementalHoareTripleChecker+Time
[2026-07-04 07:18:52,010 INFO  L427           NwaCegarLoop]: SdHoareTripleChecker [1021 Valid, 358 Invalid, 1024 Unknown, 0 Unchecked, 0.0s Time], IncrementalHoareTripleChecker [285 Valid, 739 Invalid, 0 Unknown, 0 Unchecked, 1.1s Time]
[2026-07-04 07:18:52,014 INFO  L82        GeneralOperation]: Start minimizeSevpa. Operand 525 states.
[2026-07-04 07:18:52,062 INFO  L88        GeneralOperation]: Finished minimizeSevpa. Reduced states from 525 to 338.
[2026-07-04 07:18:52,063 INFO  L82        GeneralOperation]: Start removeUnreachable. Operand  has 338 states, 273 states have (on average 1.249084249084249) internal successors, (341), 299 states have internal predecessors, (341), 40 states have call successors, (40), 21 states have call predecessors, (40), 24 states have return successors, (46), 21 states have call predecessors, (46), 39 states have call successors, (46)
[2026-07-04 07:18:52,063 INFO  L88        GeneralOperation]: Finished removeUnreachable. Reduced from 338 states to 338 states and 427 transitions.
[2026-07-04 07:18:52,064 INFO  L79                 Accepts]: Start accepts. Automaton has 338 states and 427 transitions. Word has length 98
[2026-07-04 07:18:52,064 INFO  L85                 Accepts]: Finished accepts. word is rejected.
[2026-07-04 07:18:52,064 INFO  L490      AbstractCegarLoop]: Abstraction has 338 states and 427 transitions.
[2026-07-04 07:18:52,064 INFO  L491      AbstractCegarLoop]: INTERPOLANT automaton has  has 6 states, 6 states have (on average 23.0) internal successors, (138), 6 states have internal predecessors, (138), 4 states have call successors, (13), 5 states have call predecessors, (13), 5 states have return successors, (12), 4 states have call predecessors, (12), 3 states have call successors, (12)
[2026-07-04 07:18:52,064 INFO  L278                IsEmpty]: Start isEmpty. Operand 338 states and 427 transitions.
[2026-07-04 07:18:52,073 INFO  L284                IsEmpty]: Finished isEmpty. Found accepting run of length 100
[2026-07-04 07:18:52,073 INFO  L199           NwaCegarLoop]: Found error trace
[2026-07-04 07:18:52,073 INFO  L207           NwaCegarLoop]: trace histogram [2, 2, 2, 1, 1, 1, 1, 1, 1, 1, 1, 1, 1, 1, 1, 1, 1, 1, 1, 1, 1, 1, 1, 1, 1, 1, 1, 1, 1, 1, 1, 1, 1, 1, 1, 1, 1, 1, 1, 1, 1, 1, 1, 1, 1, 1, 1, 1, 1, 1, 1, 1, 1, 1, 1, 1, 1, 1, 1, 1, 1, 1, 1, 1, 1, 1, 1, 1, 1, 1, 1, 1, 1, 1, 1, 1, 1, 1, 1, 1, 1, 1, 1, 1, 1, 1, 1, 1, 1, 1, 1, 1, 1, 1, 1, 1]
[2026-07-04 07:18:52,090 INFO  L546       MonitoredProcess]: [MP /usr/bin/z3 SMTLIB2_COMPLIANT=true -memory:2024 -smt2 -in (21)] Ended with exit code 0
[2026-07-04 07:18:52,275 WARN  L471      AbstractCegarLoop]: Destroyed unattended storables created during the last iteration: 21 /usr/bin/z3 SMTLIB2_COMPLIANT=true -memory:2024 -smt2 -in
[2026-07-04 07:18:52,276 INFO  L408      AbstractCegarLoop]: === Iteration 21 === Targeting __wraparound_assertErr0ASSERT_VIOLATIONASSERT === [__wraparound_assertErr0ASSERT_VIOLATIONASSERT] ===
[2026-07-04 07:18:52,276 INFO  L156       PredicateUnifier]: Initialized classic predicate unifier
[2026-07-04 07:18:52,276 INFO  L85        PathProgramCache]: Analyzing trace with hash 504483817, now seen corresponding path program 1 times
[2026-07-04 07:18:52,276 INFO  L118   FreeRefinementEngine]: Executing refinement strategy FIXED_PREFERENCES
[2026-07-04 07:18:52,276 INFO  L324   FreeRefinementEngine]: Using trace check IpTcStrategyModulePreferences [1968624132]
[2026-07-04 07:18:52,276 INFO  L97    rtionOrderModulation]: Keeping assertion order NOT_INCREMENTALLY
[2026-07-04 07:18:52,276 INFO  L173          SolverBuilder]: Constructing external solver with command: z3 SMTLIB2_COMPLIANT=true -memory:2024 -smt2 -in
[2026-07-04 07:18:52,278 INFO  L189       MonitoredProcess]: No working directory specified, using /usr/bin/z3
[2026-07-04 07:18:52,281 INFO  L229       MonitoredProcess]: Starting monitored process 22 with /usr/bin/z3 SMTLIB2_COMPLIANT=true -memory:2024 -smt2 -in (exit command is (exit), workingDir is null)
[2026-07-04 07:18:52,283 INFO  L327       MonitoredProcess]: [MP /usr/bin/z3 SMTLIB2_COMPLIANT=true -memory:2024 -smt2 -in (22)] Waiting until timeout for monitored process
[2026-07-04 07:18:52,465 INFO  L108    AnnotateAndAsserter]: Assert order NOT_INCREMENTALLY partitioned 99 statements into 1 equivalence classes.
[2026-07-04 07:18:52,758 INFO  L111    AnnotateAndAsserter]: Assert order NOT_INCREMENTALLY issued 1 check-sat command(s) and asserted 99 of 99 statements.
[2026-07-04 07:18:52,758 INFO  L114    AnnotateAndAsserter]: Assert order NOT_INCREMENTALLY issued 1 check-sat command(s)
[2026-07-04 07:18:52,758 INFO  L115    AnnotateAndAsserter]: Conjunction of SSA is sat
[2026-07-04 07:18:52,758 INFO  L348             TraceCheck]: Trace is feasible, we will do another trace check, this time with branch encoders.
[2026-07-04 07:18:52,836 INFO  L108    AnnotateAndAsserter]: Assert order NOT_INCREMENTALLY partitioned 99 statements into 1 equivalence classes.
[2026-07-04 07:18:52,930 INFO  L111    AnnotateAndAsserter]: Assert order NOT_INCREMENTALLY issued 1 check-sat command(s) and asserted 99 of 99 statements.
[2026-07-04 07:18:52,930 INFO  L114    AnnotateAndAsserter]: Assert order NOT_INCREMENTALLY issued 1 check-sat command(s)
[2026-07-04 07:18:52,930 INFO  L115    AnnotateAndAsserter]: Conjunction of SSA is sat
[2026-07-04 07:18:53,449 INFO  L130   FreeRefinementEngine]: Strategy FIXED_PREFERENCES found a feasible trace
[2026-07-04 07:18:53,450 INFO  L342         BasicCegarLoop]: Counterexample is feasible
[2026-07-04 07:18:53,451 INFO  L795   garLoopResultBuilder]: Registering result UNSAFE for location __wraparound_assertErr0ASSERT_VIOLATIONASSERT (0 of 1 remaining)
[2026-07-04 07:18:53,484 INFO  L546       MonitoredProcess]: [MP /usr/bin/z3 SMTLIB2_COMPLIANT=true -memory:2024 -smt2 -in (22)] Ended with exit code 0
[2026-07-04 07:18:53,663 WARN  L471      AbstractCegarLoop]: Destroyed unattended storables created during the last iteration: 22 /usr/bin/z3 SMTLIB2_COMPLIANT=true -memory:2024 -smt2 -in
[2026-07-04 07:18:53,667 INFO  L424         BasicCegarLoop]: Path program histogram: [1, 1, 1, 1, 1, 1, 1, 1, 1, 1, 1, 1, 1, 1, 1, 1, 1, 1, 1, 1, 1]
[2026-07-04 07:18:53,944 INFO  L171   ceAbstractionStarter]: Computing trace abstraction results
[2026-07-04 07:18:53,954 INFO  L201        PluginConnector]: Adding new model netchain_wraparound_bug.cegis.00.confirm.unroll1.bpl de.uni_freiburg.informatik.ultimate.plugins.generator.traceabstraction CFG 04.07 07:18:53 BoogieIcfgContainer
[2026-07-04 07:18:53,954 INFO  L131        PluginConnector]: ------------------------ END TraceAbstraction----------------------------
[2026-07-04 07:18:53,955 INFO  L158              Benchmark]: Toolchain (without parser) took 30449.51ms. Allocated memory is still 519.1MB. Free memory was 481.6MB in the beginning and 398.4MB in the end (delta: 83.3MB). Peak memory consumption was 148.3MB. Max. memory is 4.2GB.
[2026-07-04 07:18:53,955 INFO  L158              Benchmark]: Boogie PL CUP Parser took 0.08ms. Allocated memory is still 519.1MB. Free memory is still 488.8MB. There was no memory consumed. Max. memory is 4.2GB.
[2026-07-04 07:18:53,955 INFO  L158              Benchmark]: Boogie Procedure Inliner took 118.21ms. Allocated memory is still 519.1MB. Free memory was 481.6MB in the beginning and 471.6MB in the end (delta: 10.1MB). Peak memory consumption was 10.1MB. Max. memory is 4.2GB.
[2026-07-04 07:18:53,955 INFO  L158              Benchmark]: Boogie Preprocessor took 93.88ms. Allocated memory is still 519.1MB. Free memory was 471.6MB in the beginning and 467.2MB in the end (delta: 4.3MB). Peak memory consumption was 4.3MB. Max. memory is 4.2GB.
[2026-07-04 07:18:53,955 INFO  L158              Benchmark]: RCFGBuilder took 1737.11ms. Allocated memory is still 519.1MB. Free memory was 467.2MB in the beginning and 376.0MB in the end (delta: 91.2MB). Peak memory consumption was 91.2MB. Max. memory is 4.2GB.
[2026-07-04 07:18:53,955 INFO  L158              Benchmark]: TraceAbstraction took 28488.46ms. Allocated memory is still 519.1MB. Free memory was 374.6MB in the beginning and 398.4MB in the end (delta: -23.8MB). Peak memory consumption was 41.2MB. Max. memory is 4.2GB.
[2026-07-04 07:18:53,955 INFO  L338   ainManager$Toolchain]: #######################  End [Toolchain 1] #######################
 --- Results ---
 * Results from de.uni_freiburg.informatik.ultimate.core:
  - StatisticsResult: Toolchain Benchmarks
    Benchmark results are:
 * Boogie PL CUP Parser took 0.08ms. Allocated memory is still 519.1MB. Free memory is still 488.8MB. There was no memory consumed. Max. memory is 4.2GB.
 * Boogie Procedure Inliner took 118.21ms. Allocated memory is still 519.1MB. Free memory was 481.6MB in the beginning and 471.6MB in the end (delta: 10.1MB). Peak memory consumption was 10.1MB. Max. memory is 4.2GB.
 * Boogie Preprocessor took 93.88ms. Allocated memory is still 519.1MB. Free memory was 471.6MB in the beginning and 467.2MB in the end (delta: 4.3MB). Peak memory consumption was 4.3MB. Max. memory is 4.2GB.
 * RCFGBuilder took 1737.11ms. Allocated memory is still 519.1MB. Free memory was 467.2MB in the beginning and 376.0MB in the end (delta: 91.2MB). Peak memory consumption was 91.2MB. Max. memory is 4.2GB.
 * TraceAbstraction took 28488.46ms. Allocated memory is still 519.1MB. Free memory was 374.6MB in the beginning and 398.4MB in the end (delta: -23.8MB). Peak memory consumption was 41.2MB. Max. memory is 4.2GB.
 * Results from de.uni_freiburg.informatik.ultimate.plugins.generator.traceabstraction:
  - StatisticsResult: ErrorAutomatonStatistics
    NumberErrorTraces: 0, NumberStatementsAllTraces: 0, NumberRelevantStatements: 0, 0.0s ErrorAutomatonConstructionTimeTotal, 0.0s FaulLocalizationTime, NumberStatementsFirstTrace: -1, TraceLengthAvg: 0, 0.0s ErrorAutomatonConstructionTimeAvg, 0.0s ErrorAutomatonDifferenceTimeAvg, 0.0s ErrorAutomatonDifferenceTimeTotal, NumberOfNoEnhancement: 0, NumberOfFiniteEnhancement: 0, NumberOfInfiniteEnhancement: 0
  - CounterExampleResult [Line: 3357]: assertion can be violated
    assertion can be violated
We found a FailurePath: 
[L3350]  CALL        call mainProcedure();
[L2901]              s1_inbox_count := 0;
[L2902]              s1_pkt_external := false;
[L2903]              s2_inbox_count := 0;
[L2904]              s2_pkt_external := false;
[L2905]              h1_inbox_count := 0;
[L2906]              h1_pkt_external := false;
[L2908]              s1_p4b_clone_i2e := false;
[L2909]              s1_p4b_clone_e2e := false;
[L2910]              s1_p4b_clone_i2i := false;
[L2911]              s1_p4b_recirculate := false;
[L2912]              s2_p4b_clone_i2e := false;
[L2913]              s2_p4b_clone_e2e := false;
[L2914]              s2_p4b_clone_i2i := false;
[L2915]              s2_p4b_recirculate := false;
[L2918]              assume (forall i : bv32 :: s1_sequence_reg[i] == 0bv16);
[L2919]              assume s1_sequence_reg[0bv32] == 0bv16;
[L2920]              assume (forall i : bv32 :: s1_value_reg[i] == 0bv128);
[L2921]              assume s1_value_reg[0bv32] == 0bv128;
[L2922]              assume (forall i : bv32 :: s2_sequence_reg[i] == 0bv16);
[L2923]              assume s2_sequence_reg[0bv32] == 0bv16;
[L2924]              assume (forall i : bv32 :: s2_value_reg[i] == 0bv128);
[L2925]              assume s2_value_reg[0bv32] == 0bv128;
[L2927]              s1_sequence_reg__last_index := 0bv32;
[L2928]              s1_sequence_reg__last_value := 0bv16;
[L2929]              s1_sequence_reg__last_old_value := 0bv16;
[L2930]              s1_sequence_reg__wrote_any := false;
[L2931]              s1_sequence_reg__wrote_index0 := false;
[L2932]              s1_sequence_reg__next_write_site := 0;
[L2933]              s1_sequence_reg__last_write_site := 0;
[L2934]              s1_sequence_reg__last0_old_value := 0bv16;
[L2935]              s1_sequence_reg__last0_value := 0bv16;
[L2936]              s1_value_reg__last_index := 0bv32;
[L2937]              s1_value_reg__last_value := 0bv128;
[L2938]              s1_value_reg__last_old_value := 0bv128;
[L2939]              s1_value_reg__wrote_any := false;
[L2940]              s1_value_reg__wrote_index0 := false;
[L2941]              s1_value_reg__next_write_site := 0;
[L2942]              s1_value_reg__last_write_site := 0;
[L2943]              s1_value_reg__last0_old_value := 0bv128;
[L2944]              s1_value_reg__last0_value := 0bv128;
[L2945]              s2_sequence_reg__last_index := 0bv32;
[L2946]              s2_sequence_reg__last_value := 0bv16;
[L2947]              s2_sequence_reg__last_old_value := 0bv16;
[L2948]              s2_sequence_reg__wrote_any := false;
[L2949]              s2_sequence_reg__wrote_index0 := false;
[L2950]              s2_sequence_reg__next_write_site := 0;
[L2951]              s2_sequence_reg__last_write_site := 0;
[L2952]              s2_sequence_reg__last0_old_value := 0bv16;
[L2953]              s2_sequence_reg__last0_value := 0bv16;
[L2954]              s2_value_reg__last_index := 0bv32;
[L2955]              s2_value_reg__last_value := 0bv128;
[L2956]              s2_value_reg__last_old_value := 0bv128;
[L2957]              s2_value_reg__wrote_any := false;
[L2958]              s2_value_reg__wrote_index0 := false;
[L2959]              s2_value_reg__next_write_site := 0;
[L2960]              s2_value_reg__last_write_site := 0;
[L2961]              s2_value_reg__last0_old_value := 0bv128;
[L2962]              s2_value_reg__last0_value := 0bv128;
[L2964]              procurator_step := 0;
[L2965]              procurator_phase := 0;
[L2967]              s1_sequence_reg[0bv32] := 65535bv16;
[L2969]              s1_sequence_reg__last_index := 0bv32;
[L2971]              s1_sequence_reg__last_value := 65535bv16;
[L2973]              s1_sequence_reg__wrote_any := true;
         VAL         [h1_inbox_count=0, h1_pkt_external=false, procurator_phase=0, procurator_step=0, s1_inbox_count=0, s1_p4b_clone_e2e=false, s1_p4b_clone_i2e=false, s1_p4b_clone_i2i=false, s1_p4b_recirculate=false, s1_pkt_external=false, s1_sequence_reg__last0_old_value=0bv16, s1_sequence_reg__last0_value=0bv16, s1_sequence_reg__last_index=0bv32, s1_sequence_reg__last_old_value=0bv16, s1_sequence_reg__last_value=65535bv16, s1_sequence_reg__last_write_site=0, s1_sequence_reg__next_write_site=0, s1_sequence_reg__wrote_any=true, s1_sequence_reg__wrote_index0=false, s1_value_reg__last0_old_value=0bv128, s1_value_reg__last0_value=0bv128, s1_value_reg__last_index=0bv32, s1_value_reg__last_old_value=0bv128, s1_value_reg__last_value=0bv128, s1_value_reg__last_write_site=0, s1_value_reg__next_write_site=0, s1_value_reg__wrote_any=false, s1_value_reg__wrote_index0=false, s2_inbox_count=0, s2_p4b_clone_e2e=false, s2_p4b_clone_i2e=false, s2_p4b_clone_i2i=false, s2_p4b_recirculate=false, s2_pkt_external=false, s2_sequence_reg__last0_old_value=0bv16, s2_sequence_reg__last0_value=0bv16, s2_sequence_reg__last_index=0bv32, s2_sequence_reg__last_old_value=0bv16, s2_sequence_reg__last_value=0bv16, s2_sequence_reg__last_write_site=0, s2_sequence_reg__next_write_site=0, s2_sequence_reg__wrote_any=false, s2_sequence_reg__wrote_index0=false, s2_value_reg__last0_old_value=0bv128, s2_value_reg__last0_value=0bv128, s2_value_reg__last_index=0bv32, s2_value_reg__last_old_value=0bv128, s2_value_reg__last_value=0bv128, s2_value_reg__last_write_site=0, s2_value_reg__next_write_site=0, s2_value_reg__wrote_any=false, s2_value_reg__wrote_index0=false]
[L2975]  COND TRUE   0bv32 == 0bv32
[L2977]              s1_sequence_reg__wrote_index0 := true;
[L2979]              s1_sequence_reg__last0_value := 65535bv16;
         VAL         [h1_inbox_count=0, h1_pkt_external=false, procurator_phase=0, procurator_step=0, s1_inbox_count=0, s1_p4b_clone_e2e=false, s1_p4b_clone_i2e=false, s1_p4b_clone_i2i=false, s1_p4b_recirculate=false, s1_pkt_external=false, s1_sequence_reg__last0_old_value=0bv16, s1_sequence_reg__last0_value=65535bv16, s1_sequence_reg__last_index=0bv32, s1_sequence_reg__last_old_value=0bv16, s1_sequence_reg__last_value=65535bv16, s1_sequence_reg__last_write_site=0, s1_sequence_reg__next_write_site=0, s1_sequence_reg__wrote_any=true, s1_sequence_reg__wrote_index0=true, s1_value_reg__last0_old_value=0bv128, s1_value_reg__last0_value=0bv128, s1_value_reg__last_index=0bv32, s1_value_reg__last_old_value=0bv128, s1_value_reg__last_value=0bv128, s1_value_reg__last_write_site=0, s1_value_reg__next_write_site=0, s1_value_reg__wrote_any=false, s1_value_reg__wrote_index0=false, s2_inbox_count=0, s2_p4b_clone_e2e=false, s2_p4b_clone_i2e=false, s2_p4b_clone_i2i=false, s2_p4b_recirculate=false, s2_pkt_external=false, s2_sequence_reg__last0_old_value=0bv16, s2_sequence_reg__last0_value=0bv16, s2_sequence_reg__last_index=0bv32, s2_sequence_reg__last_old_value=0bv16, s2_sequence_reg__last_value=0bv16, s2_sequence_reg__last_write_site=0, s2_sequence_reg__next_write_site=0, s2_sequence_reg__wrote_any=false, s2_sequence_reg__wrote_index0=false, s2_value_reg__last0_old_value=0bv128, s2_value_reg__last0_value=0bv128, s2_value_reg__last_index=0bv32, s2_value_reg__last_old_value=0bv128, s2_value_reg__last_value=0bv128, s2_value_reg__last_write_site=0, s2_value_reg__next_write_site=0, s2_value_reg__wrote_any=false, s2_value_reg__wrote_index0=false]
[L2982]              s2_sequence_reg[0bv32] := 65535bv16;
[L2984]              s2_sequence_reg__last_index := 0bv32;
[L2986]              s2_sequence_reg__last_value := 65535bv16;
[L2988]              s2_sequence_reg__wrote_any := true;
         VAL         [h1_inbox_count=0, h1_pkt_external=false, procurator_phase=0, procurator_step=0, s1_inbox_count=0, s1_p4b_clone_e2e=false, s1_p4b_clone_i2e=false, s1_p4b_clone_i2i=false, s1_p4b_recirculate=false, s1_pkt_external=false, s1_sequence_reg__last0_old_value=0bv16, s1_sequence_reg__last0_value=65535bv16, s1_sequence_reg__last_index=0bv32, s1_sequence_reg__last_old_value=0bv16, s1_sequence_reg__last_value=65535bv16, s1_sequence_reg__last_write_site=0, s1_sequence_reg__next_write_site=0, s1_sequence_reg__wrote_any=true, s1_sequence_reg__wrote_index0=true, s1_value_reg__last0_old_value=0bv128, s1_value_reg__last0_value=0bv128, s1_value_reg__last_index=0bv32, s1_value_reg__last_old_value=0bv128, s1_value_reg__last_value=0bv128, s1_value_reg__last_write_site=0, s1_value_reg__next_write_site=0, s1_value_reg__wrote_any=false, s1_value_reg__wrote_index0=false, s2_inbox_count=0, s2_p4b_clone_e2e=false, s2_p4b_clone_i2e=false, s2_p4b_clone_i2i=false, s2_p4b_recirculate=false, s2_pkt_external=false, s2_sequence_reg__last0_old_value=0bv16, s2_sequence_reg__last0_value=0bv16, s2_sequence_reg__last_index=0bv32, s2_sequence_reg__last_old_value=0bv16, s2_sequence_reg__last_value=65535bv16, s2_sequence_reg__last_write_site=0, s2_sequence_reg__next_write_site=0, s2_sequence_reg__wrote_any=true, s2_sequence_reg__wrote_index0=false, s2_value_reg__last0_old_value=0bv128, s2_value_reg__last0_value=0bv128, s2_value_reg__last_index=0bv32, s2_value_reg__last_old_value=0bv128, s2_value_reg__last_value=0bv128, s2_value_reg__last_write_site=0, s2_value_reg__next_write_site=0, s2_value_reg__wrote_any=false, s2_value_reg__wrote_index0=false]
[L2990]  COND TRUE   0bv32 == 0bv32
[L2992]              s2_sequence_reg__wrote_index0 := true;
[L2994]              s2_sequence_reg__last0_value := 65535bv16;
         VAL         [h1_inbox_count=0, h1_pkt_external=false, procurator_phase=0, procurator_step=0, s1_inbox_count=0, s1_p4b_clone_e2e=false, s1_p4b_clone_i2e=false, s1_p4b_clone_i2i=false, s1_p4b_recirculate=false, s1_pkt_external=false, s1_sequence_reg__last0_old_value=0bv16, s1_sequence_reg__last0_value=65535bv16, s1_sequence_reg__last_index=0bv32, s1_sequence_reg__last_old_value=0bv16, s1_sequence_reg__last_value=65535bv16, s1_sequence_reg__last_write_site=0, s1_sequence_reg__next_write_site=0, s1_sequence_reg__wrote_any=true, s1_sequence_reg__wrote_index0=true, s1_value_reg__last0_old_value=0bv128, s1_value_reg__last0_value=0bv128, s1_value_reg__last_index=0bv32, s1_value_reg__last_old_value=0bv128, s1_value_reg__last_value=0bv128, s1_value_reg__last_write_site=0, s1_value_reg__next_write_site=0, s1_value_reg__wrote_any=false, s1_value_reg__wrote_index0=false, s2_inbox_count=0, s2_p4b_clone_e2e=false, s2_p4b_clone_i2e=false, s2_p4b_clone_i2i=false, s2_p4b_recirculate=false, s2_pkt_external=false, s2_sequence_reg__last0_old_value=0bv16, s2_sequence_reg__last0_value=65535bv16, s2_sequence_reg__last_index=0bv32, s2_sequence_reg__last_old_value=0bv16, s2_sequence_reg__last_value=65535bv16, s2_sequence_reg__last_write_site=0, s2_sequence_reg__next_write_site=0, s2_sequence_reg__wrote_any=true, s2_sequence_reg__wrote_index0=true, s2_value_reg__last0_old_value=0bv128, s2_value_reg__last0_value=0bv128, s2_value_reg__last_index=0bv32, s2_value_reg__last_old_value=0bv128, s2_value_reg__last_value=0bv128, s2_value_reg__last_write_site=0, s2_value_reg__next_write_site=0, s2_value_reg__wrote_any=false, s2_value_reg__wrote_index0=false]
[L2998]              assume s1_value_reg[0bv32] == 0bv128;
[L2999]              assume s2_value_reg[0bv32] == 0bv128;
[L3004]              assume procurator_phase == 0;
         VAL         [h1_inbox_count=0, h1_pkt_external=false, procurator_phase=0, procurator_step=0, s1_inbox_count=0, s1_p4b_clone_e2e=false, s1_p4b_clone_i2e=false, s1_p4b_clone_i2i=false, s1_p4b_recirculate=false, s1_pkt_external=false, s1_sequence_reg__last0_old_value=0bv16, s1_sequence_reg__last0_value=65535bv16, s1_sequence_reg__last_index=0bv32, s1_sequence_reg__last_old_value=0bv16, s1_sequence_reg__last_value=65535bv16, s1_sequence_reg__last_write_site=0, s1_sequence_reg__next_write_site=0, s1_sequence_reg__wrote_any=true, s1_sequence_reg__wrote_index0=true, s1_value_reg__last0_old_value=0bv128, s1_value_reg__last0_value=0bv128, s1_value_reg__last_index=0bv32, s1_value_reg__last_old_value=0bv128, s1_value_reg__last_value=0bv128, s1_value_reg__last_write_site=0, s1_value_reg__next_write_site=0, s1_value_reg__wrote_any=false, s1_value_reg__wrote_index0=false, s2_inbox_count=0, s2_p4b_clone_e2e=false, s2_p4b_clone_i2e=false, s2_p4b_clone_i2i=false, s2_p4b_recirculate=false, s2_pkt_external=false, s2_sequence_reg__last0_old_value=0bv16, s2_sequence_reg__last0_value=65535bv16, s2_sequence_reg__last_index=0bv32, s2_sequence_reg__last_old_value=0bv16, s2_sequence_reg__last_value=65535bv16, s2_sequence_reg__last_write_site=0, s2_sequence_reg__next_write_site=0, s2_sequence_reg__wrote_any=true, s2_sequence_reg__wrote_index0=true, s2_value_reg__last0_old_value=0bv128, s2_value_reg__last0_value=0bv128, s2_value_reg__last_index=0bv32, s2_value_reg__last_old_value=0bv128, s2_value_reg__last_value=0bv128, s2_value_reg__last_write_site=0, s2_value_reg__next_write_site=0, s2_value_reg__wrote_any=false, s2_value_reg__wrote_index0=false]
[L3007]  COND TRUE   s1_inbox_count < 1
[L3008]              assume s1_inbox_count < 1;
[L3009]              havoc h1_standard_metadata.ingress_port;
[L3010]              havoc h1_standard_metadata.instance_type;
[L3011]              havoc h1_standard_metadata.packet_length;
[L3012]              havoc h1_standard_metadata.enq_timestamp;
[L3013]              havoc h1_standard_metadata.enq_qdepth;
[L3014]              havoc h1_standard_metadata.deq_timedelta;
[L3015]              havoc h1_standard_metadata.deq_qdepth;
[L3016]              havoc h1_standard_metadata.ingress_global_timestamp;
[L3017]              havoc h1_standard_metadata.egress_global_timestamp;
[L3018]              havoc h1_standard_metadata.mcast_grp;
[L3019]              havoc h1_standard_metadata.egress_rid;
[L3020]              havoc h1_standard_metadata.checksum_error;
[L3021]              havoc h1_standard_metadata.parser_error;
[L3022]              havoc h1_standard_metadata.priority;
[L3023]              havoc h1_meta.location;
[L3024]              havoc h1_meta.location.index;
[L3025]              havoc h1_meta.my_md;
[L3026]              havoc h1_meta.my_md.ipaddress;
[L3027]              havoc h1_meta.my_md.role;
[L3028]              havoc h1_meta.my_md.failed;
[L3029]              havoc h1_meta.reply_to_client_md;
[L3030]              havoc h1_meta.reply_to_client_md.ipv4_srcAddr;
[L3031]              havoc h1_meta.reply_to_client_md.ipv4_dstAddr;
[L3032]              havoc h1_meta.sequence_md;
[L3033]              havoc h1_meta.sequence_md.seq;
[L3034]              havoc h1_meta.sequence_md.tmp;
[L3035]              havoc h1_hdr.ethernet.dstAddr;
[L3036]              havoc h1_hdr.ethernet.srcAddr;
[L3037]              havoc h1_hdr.ipv4.version;
[L3038]              havoc h1_hdr.ipv4.ihl;
[L3039]              havoc h1_hdr.ipv4.diffserv;
[L3040]              havoc h1_hdr.ipv4.totalLen;
[L3041]              havoc h1_hdr.ipv4.identification;
[L3042]              havoc h1_hdr.ipv4.flags;
[L3043]              havoc h1_hdr.ipv4.fragOffset;
[L3044]              havoc h1_hdr.ipv4.ttl;
[L3045]              havoc h1_hdr.ipv4.hdrChecksum;
[L3046]              havoc h1_hdr.nc_hdr.sc;
[L3047]              havoc h1_hdr.nc_hdr.value;
[L3048]              havoc h1_hdr.nc_hdr.vgroup;
[L3049]              havoc h1_hdr.tcp.srcPort;
[L3050]              havoc h1_hdr.tcp.dstPort;
[L3051]              havoc h1_hdr.tcp.seqNo;
[L3052]              havoc h1_hdr.tcp.ackNo;
[L3053]              havoc h1_hdr.tcp.dataOffset;
[L3054]              havoc h1_hdr.tcp.res;
[L3055]              havoc h1_hdr.tcp.ecn;
[L3056]              havoc h1_hdr.tcp.ctrl;
[L3057]              havoc h1_hdr.tcp.window;
[L3058]              havoc h1_hdr.tcp.checksum;
[L3059]              havoc h1_hdr.tcp.urgentPtr;
[L3060]              havoc h1_hdr.udp.srcPort;
[L3061]              havoc h1_hdr.udp.dstPort;
[L3062]              havoc h1_hdr.udp.len;
[L3063]              havoc h1_hdr.udp.checksum;
[L3064]              havoc h1_hdr.overlay.last.valid;
[L3065]              havoc h1_hdr.overlay.last.swip;
[L3066]              havoc h1_hdr.overlay.4.valid;
[L3067]              havoc h1_hdr.overlay.4.swip;
[L3068]              havoc h1_hdr.overlay.5.valid;
[L3069]              havoc h1_hdr.overlay.5.swip;
[L3070]              havoc h1_hdr.overlay.6.valid;
[L3071]              havoc h1_hdr.overlay.6.swip;
[L3072]              havoc h1_hdr.overlay.7.valid;
[L3073]              havoc h1_hdr.overlay.7.swip;
[L3074]              havoc h1_hdr.overlay.8.valid;
[L3075]              havoc h1_hdr.overlay.8.swip;
[L3076]              havoc h1_hdr.overlay.9.valid;
[L3077]              havoc h1_hdr.overlay.9.swip;
[L3078]              h1_hdr.ethernet.valid := true;
[L3079]              h1_hdr.ipv4.valid := true;
[L3080]              h1_hdr.nc_hdr.valid := true;
[L3081]              h1_hdr.udp.valid := true;
[L3082]              h1_hdr.tcp.valid := false;
[L3083]              h1_hdr.ipv4.protocol := 17bv8;
[L3084]              h1_hdr.overlay.0.valid := true;
[L3085]              h1_hdr.overlay.1.valid := true;
[L3086]              h1_hdr.overlay.2.valid := true;
[L3087]              h1_hdr.overlay.3.valid := true;
[L3088]              h1_hdr.ethernet.etherType := 2048bv16;
[L3089]              h1_hdr.ipv4.srcAddr := 1bv32;
[L3090]              h1_hdr.ipv4.dstAddr := 167797761bv32;
[L3091]              h1_hdr.overlay.0.swip := 167797761bv32;
[L3092]              h1_hdr.overlay.1.swip := 167797762bv32;
[L3093]              h1_hdr.overlay.2.swip := 0bv32;
[L3094]              h1_hdr.overlay.3.swip := 0bv32;
[L3095]              h1_hdr.nc_hdr.op := 12bv8;
[L3096]              h1_hdr.nc_hdr.key := 2024bv128;
[L3097]              h1_hdr.nc_hdr.seq := 1bv16;
[L3098]              assume s1_meta.location.index == 0bv16;
[L3099]              assume s2_meta.location.index == 0bv16;
[L3100]              assume s1_find_index.hit == true;
[L3101]              assume s2_find_index.hit == true;
[L3102]              assume s1_meta.my_md.role == 100bv16;
[L3103]              assume s2_meta.my_md.role == 101bv16;
[L3104]              assume s1_standard_metadata.egress_port != 0bv9;
[L3105]              s1_standard_metadata.ingress_port := h1_standard_metadata.ingress_port;
[L3106]              s1_standard_metadata.instance_type := h1_standard_metadata.instance_type;
[L3107]              s1_standard_metadata.packet_length := h1_standard_metadata.packet_length;
[L3108]              s1_standard_metadata.enq_timestamp := h1_standard_metadata.enq_timestamp;
[L3109]              s1_standard_metadata.enq_qdepth := h1_standard_metadata.enq_qdepth;
[L3110]              s1_standard_metadata.deq_timedelta := h1_standard_metadata.deq_timedelta;
[L3111]              s1_standard_metadata.deq_qdepth := h1_standard_metadata.deq_qdepth;
[L3112]              s1_standard_metadata.ingress_global_timestamp := h1_standard_metadata.ingress_global_timestamp;
[L3113]              s1_standard_metadata.egress_global_timestamp := h1_standard_metadata.egress_global_timestamp;
[L3114]              s1_standard_metadata.mcast_grp := h1_standard_metadata.mcast_grp;
[L3115]              s1_standard_metadata.egress_rid := h1_standard_metadata.egress_rid;
[L3116]              s1_standard_metadata.checksum_error := h1_standard_metadata.checksum_error;
[L3117]              s1_standard_metadata.parser_error := h1_standard_metadata.parser_error;
[L3118]              s1_standard_metadata.priority := h1_standard_metadata.priority;
[L3119]              s1_meta.location := h1_meta.location;
[L3120]              s1_meta.location.index := h1_meta.location.index;
[L3121]              s1_meta.my_md := h1_meta.my_md;
[L3122]              s1_meta.my_md.ipaddress := h1_meta.my_md.ipaddress;
[L3123]              s1_meta.my_md.role := h1_meta.my_md.role;
[L3124]              s1_meta.my_md.failed := h1_meta.my_md.failed;
[L3125]              s1_meta.reply_to_client_md := h1_meta.reply_to_client_md;
[L3126]              s1_meta.reply_to_client_md.ipv4_srcAddr := h1_meta.reply_to_client_md.ipv4_srcAddr;
[L3127]              s1_meta.reply_to_client_md.ipv4_dstAddr := h1_meta.reply_to_client_md.ipv4_dstAddr;
[L3128]              s1_meta.sequence_md := h1_meta.sequence_md;
[L3129]              s1_meta.sequence_md.seq := h1_meta.sequence_md.seq;
[L3130]              s1_meta.sequence_md.tmp := h1_meta.sequence_md.tmp;
[L3131]              s1_hdr.ethernet.valid := h1_hdr.ethernet.valid;
[L3132]              s1_hdr.ethernet.dstAddr := h1_hdr.ethernet.dstAddr;
[L3133]              s1_hdr.ethernet.srcAddr := h1_hdr.ethernet.srcAddr;
[L3134]              s1_hdr.ethernet.etherType := 2048bv16;
[L3135]              s1_hdr.ipv4.valid := h1_hdr.ipv4.valid;
[L3136]              s1_hdr.ipv4.version := h1_hdr.ipv4.version;
[L3137]              s1_hdr.ipv4.ihl := h1_hdr.ipv4.ihl;
[L3138]              s1_hdr.ipv4.diffserv := h1_hdr.ipv4.diffserv;
[L3139]              s1_hdr.ipv4.totalLen := h1_hdr.ipv4.totalLen;
[L3140]              s1_hdr.ipv4.identification := h1_hdr.ipv4.identification;
[L3141]              s1_hdr.ipv4.flags := h1_hdr.ipv4.flags;
[L3142]              s1_hdr.ipv4.fragOffset := h1_hdr.ipv4.fragOffset;
[L3143]              s1_hdr.ipv4.ttl := h1_hdr.ipv4.ttl;
[L3144]              s1_hdr.ipv4.protocol := 17bv8;
[L3145]              s1_hdr.ipv4.hdrChecksum := h1_hdr.ipv4.hdrChecksum;
[L3146]              s1_hdr.ipv4.srcAddr := 1bv32;
[L3147]              s1_hdr.ipv4.dstAddr := 167797761bv32;
[L3148]              s1_hdr.nc_hdr.valid := h1_hdr.nc_hdr.valid;
[L3149]              s1_hdr.nc_hdr.op := 12bv8;
[L3150]              s1_hdr.nc_hdr.sc := h1_hdr.nc_hdr.sc;
[L3151]              s1_hdr.nc_hdr.seq := 1bv16;
[L3152]              s1_hdr.nc_hdr.key := 2024bv128;
[L3153]              s1_hdr.nc_hdr.value := h1_hdr.nc_hdr.value;
[L3154]              s1_hdr.nc_hdr.vgroup := h1_hdr.nc_hdr.vgroup;
[L3155]              s1_hdr.tcp.valid := h1_hdr.tcp.valid;
[L3156]              s1_hdr.tcp.srcPort := h1_hdr.tcp.srcPort;
[L3157]              s1_hdr.tcp.dstPort := h1_hdr.tcp.dstPort;
[L3158]              s1_hdr.tcp.seqNo := h1_hdr.tcp.seqNo;
[L3159]              s1_hdr.tcp.ackNo := h1_hdr.tcp.ackNo;
[L3160]              s1_hdr.tcp.dataOffset := h1_hdr.tcp.dataOffset;
[L3161]              s1_hdr.tcp.res := h1_hdr.tcp.res;
[L3162]              s1_hdr.tcp.ecn := h1_hdr.tcp.ecn;
[L3163]              s1_hdr.tcp.ctrl := h1_hdr.tcp.ctrl;
[L3164]              s1_hdr.tcp.window := h1_hdr.tcp.window;
[L3165]              s1_hdr.tcp.checksum := h1_hdr.tcp.checksum;
[L3166]              s1_hdr.tcp.urgentPtr := h1_hdr.tcp.urgentPtr;
[L3167]              s1_hdr.udp.valid := h1_hdr.udp.valid;
[L3168]              s1_hdr.udp.srcPort := h1_hdr.udp.srcPort;
[L3169]              s1_hdr.udp.dstPort := h1_hdr.udp.dstPort;
[L3170]              s1_hdr.udp.len := h1_hdr.udp.len;
[L3171]              s1_hdr.udp.checksum := h1_hdr.udp.checksum;
[L3172]              s1_hdr.overlay.last.valid := h1_hdr.overlay.last.valid;
[L3173]              s1_hdr.overlay.last.swip := h1_hdr.overlay.last.swip;
[L3174]              s1_hdr.overlay.0.valid := h1_hdr.overlay.0.valid;
[L3175]              s1_hdr.overlay.0.swip := 167797761bv32;
[L3176]              s1_hdr.overlay.1.valid := h1_hdr.overlay.1.valid;
[L3177]              s1_hdr.overlay.1.swip := 167797762bv32;
[L3178]              s1_hdr.overlay.2.valid := h1_hdr.overlay.2.valid;
[L3179]              s1_hdr.overlay.2.swip := 0bv32;
[L3180]              s1_hdr.overlay.3.valid := h1_hdr.overlay.3.valid;
[L3181]              s1_hdr.overlay.3.swip := 0bv32;
[L3182]              s1_hdr.overlay.4.valid := h1_hdr.overlay.4.valid;
[L3183]              s1_hdr.overlay.4.swip := h1_hdr.overlay.4.swip;
[L3184]              s1_hdr.overlay.5.valid := h1_hdr.overlay.5.valid;
[L3185]              s1_hdr.overlay.5.swip := h1_hdr.overlay.5.swip;
[L3186]              s1_hdr.overlay.6.valid := h1_hdr.overlay.6.valid;
[L3187]              s1_hdr.overlay.6.swip := h1_hdr.overlay.6.swip;
[L3188]              s1_hdr.overlay.7.valid := h1_hdr.overlay.7.valid;
[L3189]              s1_hdr.overlay.7.swip := h1_hdr.overlay.7.swip;
[L3190]              s1_hdr.overlay.8.valid := h1_hdr.overlay.8.valid;
[L3191]              s1_hdr.overlay.8.swip := h1_hdr.overlay.8.swip;
[L3192]              s1_hdr.overlay.9.valid := h1_hdr.overlay.9.valid;
[L3193]              s1_hdr.overlay.9.swip := h1_hdr.overlay.9.swip;
[L3194]              s1_pkt_external := true;
[L3195]              s1_inbox_count := s1_inbox_count + 1;
         VAL         [h1_hdr.ethernet.dstAddr=0bv48, h1_hdr.ethernet.etherType=2048bv16, h1_hdr.ethernet.srcAddr=0bv48, h1_hdr.ethernet.valid=true, h1_hdr.ipv4.diffserv=0bv8, h1_hdr.ipv4.dstAddr=167797761bv32, h1_hdr.ipv4.flags=0bv3, h1_hdr.ipv4.fragOffset=0bv13, h1_hdr.ipv4.hdrChecksum=0bv16, h1_hdr.ipv4.identification=0bv16, h1_hdr.ipv4.ihl=0bv4, h1_hdr.ipv4.protocol=17bv8, h1_hdr.ipv4.srcAddr=1bv32, h1_hdr.ipv4.totalLen=4bv16, h1_hdr.ipv4.ttl=0bv8, h1_hdr.ipv4.valid=true, h1_hdr.ipv4.version=0bv4, h1_hdr.nc_hdr.key=2024bv128, h1_hdr.nc_hdr.op=12bv8, h1_hdr.nc_hdr.sc=1bv8, h1_hdr.nc_hdr.seq=1bv16, h1_hdr.nc_hdr.valid=true, h1_hdr.nc_hdr.value=0bv128, h1_hdr.nc_hdr.vgroup=0bv16, h1_hdr.overlay.0.swip=167797761bv32, h1_hdr.overlay.0.valid=true, h1_hdr.overlay.1.swip=167797762bv32, h1_hdr.overlay.1.valid=true, h1_hdr.overlay.2.swip=0bv32, h1_hdr.overlay.2.valid=true, h1_hdr.overlay.3.swip=0bv32, h1_hdr.overlay.3.valid=true, h1_hdr.overlay.4.swip=0bv32, h1_hdr.overlay.4.valid=true, h1_hdr.overlay.5.swip=0bv32, h1_hdr.overlay.5.valid=false, h1_hdr.overlay.6.swip=0bv32, h1_hdr.overlay.6.valid=true, h1_hdr.overlay.7.swip=0bv32, h1_hdr.overlay.7.valid=false, h1_hdr.overlay.8.swip=0bv32, h1_hdr.overlay.8.valid=true, h1_hdr.overlay.9.swip=0bv32, h1_hdr.overlay.9.valid=false, h1_hdr.overlay.last.swip=0bv32, h1_hdr.overlay.last.valid=false, h1_hdr.tcp.ackNo=0bv32, h1_hdr.tcp.checksum=0bv16, h1_hdr.tcp.ctrl=0bv6, h1_hdr.tcp.dataOffset=0bv4, h1_hdr.tcp.dstPort=0bv16, h1_hdr.tcp.ecn=0bv3, h1_hdr.tcp.res=0bv3, h1_hdr.tcp.seqNo=0bv32, h1_hdr.tcp.srcPort=0bv16, h1_hdr.tcp.urgentPtr=0bv16, h1_hdr.tcp.valid=false, h1_hdr.tcp.window=0bv16, h1_hdr.udp.checksum=0bv16, h1_hdr.udp.dstPort=0bv16, h1_hdr.udp.len=4bv16, h1_hdr.udp.srcPort=0bv16, h1_hdr.udp.valid=true, h1_inbox_count=0, h1_meta.location.index=0bv16, h1_meta.my_md.failed=0bv16, h1_meta.my_md.ipaddress=0bv32, h1_meta.my_md.role=0bv16, h1_meta.reply_to_client_md.ipv4_dstAddr=0bv32, h1_meta.reply_to_client_md.ipv4_srcAddr=0bv32, h1_meta.sequence_md.seq=0bv16, h1_meta.sequence_md.tmp=0bv16, h1_pkt_external=false, h1_standard_metadata.checksum_error=0bv1, h1_standard_metadata.deq_qdepth=0bv19, h1_standard_metadata.deq_timedelta=0bv32, h1_standard_metadata.egress_global_timestamp=0bv48, h1_standard_metadata.egress_rid=0bv16, h1_standard_metadata.enq_qdepth=0bv19, h1_standard_metadata.enq_timestamp=0bv32, h1_standard_metadata.ingress_global_timestamp=0bv48, h1_standard_metadata.ingress_port=0bv9, h1_standard_metadata.instance_type=0bv32, h1_standard_metadata.mcast_grp=0bv16, h1_standard_metadata.packet_length=0bv32, h1_standard_metadata.parser_error=0bv1, h1_standard_metadata.priority=0bv3, procurator_phase=0, procurator_step=0, s1_find_index.hit=true, s1_hdr.ethernet.dstAddr=0bv48, s1_hdr.ethernet.etherType=2048bv16, s1_hdr.ethernet.srcAddr=0bv48, s1_hdr.ethernet.valid=true, s1_hdr.ipv4.diffserv=0bv8, s1_hdr.ipv4.dstAddr=167797761bv32, s1_hdr.ipv4.flags=0bv3, s1_hdr.ipv4.fragOffset=0bv13, s1_hdr.ipv4.hdrChecksum=0bv16, s1_hdr.ipv4.identification=0bv16, s1_hdr.ipv4.ihl=0bv4, s1_hdr.ipv4.protocol=17bv8, s1_hdr.ipv4.srcAddr=1bv32, s1_hdr.ipv4.totalLen=4bv16, s1_hdr.ipv4.ttl=0bv8, s1_hdr.ipv4.valid=true, s1_hdr.ipv4.version=0bv4, s1_hdr.nc_hdr.key=2024bv128, s1_hdr.nc_hdr.op=12bv8, s1_hdr.nc_hdr.sc=1bv8, s1_hdr.nc_hdr.seq=1bv16, s1_hdr.nc_hdr.valid=true, s1_hdr.nc_hdr.value=0bv128, s1_hdr.nc_hdr.vgroup=0bv16, s1_hdr.overlay.0.swip=167797761bv32, s1_hdr.overlay.0.valid=true, s1_hdr.overlay.1.swip=167797762bv32, s1_hdr.overlay.1.valid=true, s1_hdr.overlay.2.swip=0bv32, s1_hdr.overlay.2.valid=true, s1_hdr.overlay.3.swip=0bv32, s1_hdr.overlay.3.valid=true, s1_hdr.overlay.4.swip=0bv32, s1_hdr.overlay.4.valid=true, s1_hdr.overlay.5.swip=0bv32, s1_hdr.overlay.5.valid=false, s1_hdr.overlay.6.swip=0bv32, s1_hdr.overlay.6.valid=true, s1_hdr.overlay.7.swip=0bv32, s1_hdr.overlay.7.valid=false, s1_hdr.overlay.8.swip=0bv32, s1_hdr.overlay.8.valid=true, s1_hdr.overlay.9.swip=0bv32, s1_hdr.overlay.9.valid=false, s1_hdr.overlay.last.swip=0bv32, s1_hdr.overlay.last.valid=false, s1_hdr.tcp.ackNo=0bv32, s1_hdr.tcp.checksum=0bv16, s1_hdr.tcp.ctrl=0bv6, s1_hdr.tcp.dataOffset=0bv4, s1_hdr.tcp.dstPort=0bv16, s1_hdr.tcp.ecn=0bv3, s1_hdr.tcp.res=0bv3, s1_hdr.tcp.seqNo=0bv32, s1_hdr.tcp.srcPort=0bv16, s1_hdr.tcp.urgentPtr=0bv16, s1_hdr.tcp.valid=false, s1_hdr.tcp.window=0bv16, s1_hdr.udp.checksum=0bv16, s1_hdr.udp.dstPort=0bv16, s1_hdr.udp.len=4bv16, s1_hdr.udp.srcPort=0bv16, s1_hdr.udp.valid=true, s1_inbox_count=1, s1_meta.location.index=0bv16, s1_meta.my_md.failed=0bv16, s1_meta.my_md.ipaddress=0bv32, s1_meta.my_md.role=0bv16, s1_meta.reply_to_client_md.ipv4_dstAddr=0bv32, s1_meta.reply_to_client_md.ipv4_srcAddr=0bv32, s1_meta.sequence_md.seq=0bv16, s1_meta.sequence_md.tmp=0bv16, s1_p4b_clone_e2e=false, s1_p4b_clone_i2e=false, s1_p4b_clone_i2i=false, s1_p4b_recirculate=false, s1_pkt_external=true, s1_sequence_reg__last0_old_value=0bv16, s1_sequence_reg__last0_value=65535bv16, s1_sequence_reg__last_index=0bv32, s1_sequence_reg__last_old_value=0bv16, s1_sequence_reg__last_value=65535bv16, s1_sequence_reg__last_write_site=0, s1_sequence_reg__next_write_site=0, s1_sequence_reg__wrote_any=true, s1_sequence_reg__wrote_index0=true, s1_standard_metadata.checksum_error=0bv1, s1_standard_metadata.deq_qdepth=0bv19, s1_standard_metadata.deq_timedelta=0bv32, s1_standard_metadata.egress_global_timestamp=0bv48, s1_standard_metadata.egress_port=3bv9, s1_standard_metadata.egress_rid=0bv16, s1_standard_metadata.enq_qdepth=0bv19, s1_standard_metadata.enq_timestamp=0bv32, s1_standard_metadata.ingress_global_timestamp=0bv48, s1_standard_metadata.ingress_port=0bv9, s1_standard_metadata.instance_type=0bv32, s1_standard_metadata.mcast_grp=0bv16, s1_standard_metadata.packet_length=0bv32, s1_standard_metadata.parser_error=0bv1, s1_standard_metadata.priority=0bv3, s1_value_reg__last0_old_value=0bv128, s1_value_reg__last0_value=0bv128, s1_value_reg__last_index=0bv32, s1_value_reg__last_old_value=0bv128, s1_value_reg__last_value=0bv128, s1_value_reg__last_write_site=0, s1_value_reg__next_write_site=0, s1_value_reg__wrote_any=false, s1_value_reg__wrote_index0=false, s2_find_index.hit=true, s2_inbox_count=0, s2_meta.location.index=0bv16, s2_meta.my_md.role=101bv16, s2_p4b_clone_e2e=false, s2_p4b_clone_i2e=false, s2_p4b_clone_i2i=false, s2_p4b_recirculate=false, s2_pkt_external=false, s2_sequence_reg__last0_old_value=0bv16, s2_sequence_reg__last0_value=65535bv16, s2_sequence_reg__last_index=0bv32, s2_sequence_reg__last_old_value=0bv16, s2_sequence_reg__last_value=65535bv16, s2_sequence_reg__last_write_site=0, s2_sequence_reg__next_write_site=0, s2_sequence_reg__wrote_any=true, s2_sequence_reg__wrote_index0=true, s2_value_reg__last0_old_value=0bv128, s2_value_reg__last0_value=0bv128, s2_value_reg__last_index=0bv32, s2_value_reg__last_old_value=0bv128, s2_value_reg__last_value=0bv128, s2_value_reg__last_write_site=0, s2_value_reg__next_write_site=0, s2_value_reg__wrote_any=false, s2_value_reg__wrote_index0=false]
[L3197]              procurator_phase := 1;
[L3198]              procurator_step := procurator_step + 1;
[L3200]              assume procurator_phase == 1;
[L3202]              procurator_phase := 2;
[L3203]              procurator_step := procurator_step + 1;
[L3205]              assume procurator_phase == 2;
         VAL         [h1_hdr.ethernet.dstAddr=0bv48, h1_hdr.ethernet.etherType=2048bv16, h1_hdr.ethernet.srcAddr=0bv48, h1_hdr.ethernet.valid=true, h1_hdr.ipv4.diffserv=0bv8, h1_hdr.ipv4.dstAddr=167797761bv32, h1_hdr.ipv4.flags=0bv3, h1_hdr.ipv4.fragOffset=0bv13, h1_hdr.ipv4.hdrChecksum=0bv16, h1_hdr.ipv4.identification=0bv16, h1_hdr.ipv4.ihl=0bv4, h1_hdr.ipv4.protocol=17bv8, h1_hdr.ipv4.srcAddr=1bv32, h1_hdr.ipv4.totalLen=4bv16, h1_hdr.ipv4.ttl=0bv8, h1_hdr.ipv4.valid=true, h1_hdr.ipv4.version=0bv4, h1_hdr.nc_hdr.key=2024bv128, h1_hdr.nc_hdr.op=12bv8, h1_hdr.nc_hdr.sc=1bv8, h1_hdr.nc_hdr.seq=1bv16, h1_hdr.nc_hdr.valid=true, h1_hdr.nc_hdr.value=0bv128, h1_hdr.nc_hdr.vgroup=0bv16, h1_hdr.overlay.0.swip=167797761bv32, h1_hdr.overlay.0.valid=true, h1_hdr.overlay.1.swip=167797762bv32, h1_hdr.overlay.1.valid=true, h1_hdr.overlay.2.swip=0bv32, h1_hdr.overlay.2.valid=true, h1_hdr.overlay.3.swip=0bv32, h1_hdr.overlay.3.valid=true, h1_hdr.overlay.4.swip=0bv32, h1_hdr.overlay.4.valid=true, h1_hdr.overlay.5.swip=0bv32, h1_hdr.overlay.5.valid=false, h1_hdr.overlay.6.swip=0bv32, h1_hdr.overlay.6.valid=true, h1_hdr.overlay.7.swip=0bv32, h1_hdr.overlay.7.valid=false, h1_hdr.overlay.8.swip=0bv32, h1_hdr.overlay.8.valid=true, h1_hdr.overlay.9.swip=0bv32, h1_hdr.overlay.9.valid=false, h1_hdr.overlay.last.swip=0bv32, h1_hdr.overlay.last.valid=false, h1_hdr.tcp.ackNo=0bv32, h1_hdr.tcp.checksum=0bv16, h1_hdr.tcp.ctrl=0bv6, h1_hdr.tcp.dataOffset=0bv4, h1_hdr.tcp.dstPort=0bv16, h1_hdr.tcp.ecn=0bv3, h1_hdr.tcp.res=0bv3, h1_hdr.tcp.seqNo=0bv32, h1_hdr.tcp.srcPort=0bv16, h1_hdr.tcp.urgentPtr=0bv16, h1_hdr.tcp.valid=false, h1_hdr.tcp.window=0bv16, h1_hdr.udp.checksum=0bv16, h1_hdr.udp.dstPort=0bv16, h1_hdr.udp.len=4bv16, h1_hdr.udp.srcPort=0bv16, h1_hdr.udp.valid=true, h1_inbox_count=0, h1_meta.location.index=0bv16, h1_meta.my_md.failed=0bv16, h1_meta.my_md.ipaddress=0bv32, h1_meta.my_md.role=0bv16, h1_meta.reply_to_client_md.ipv4_dstAddr=0bv32, h1_meta.reply_to_client_md.ipv4_srcAddr=0bv32, h1_meta.sequence_md.seq=0bv16, h1_meta.sequence_md.tmp=0bv16, h1_pkt_external=false, h1_standard_metadata.checksum_error=0bv1, h1_standard_metadata.deq_qdepth=0bv19, h1_standard_metadata.deq_timedelta=0bv32, h1_standard_metadata.egress_global_timestamp=0bv48, h1_standard_metadata.egress_rid=0bv16, h1_standard_metadata.enq_qdepth=0bv19, h1_standard_metadata.enq_timestamp=0bv32, h1_standard_metadata.ingress_global_timestamp=0bv48, h1_standard_metadata.ingress_port=0bv9, h1_standard_metadata.instance_type=0bv32, h1_standard_metadata.mcast_grp=0bv16, h1_standard_metadata.packet_length=0bv32, h1_standard_metadata.parser_error=0bv1, h1_standard_metadata.priority=0bv3, procurator_phase=2, procurator_step=2, s1_find_index.hit=true, s1_hdr.ethernet.dstAddr=0bv48, s1_hdr.ethernet.etherType=2048bv16, s1_hdr.ethernet.srcAddr=0bv48, s1_hdr.ethernet.valid=true, s1_hdr.ipv4.diffserv=0bv8, s1_hdr.ipv4.dstAddr=167797761bv32, s1_hdr.ipv4.flags=0bv3, s1_hdr.ipv4.fragOffset=0bv13, s1_hdr.ipv4.hdrChecksum=0bv16, s1_hdr.ipv4.identification=0bv16, s1_hdr.ipv4.ihl=0bv4, s1_hdr.ipv4.protocol=17bv8, s1_hdr.ipv4.srcAddr=1bv32, s1_hdr.ipv4.totalLen=4bv16, s1_hdr.ipv4.ttl=0bv8, s1_hdr.ipv4.valid=true, s1_hdr.ipv4.version=0bv4, s1_hdr.nc_hdr.key=2024bv128, s1_hdr.nc_hdr.op=12bv8, s1_hdr.nc_hdr.sc=1bv8, s1_hdr.nc_hdr.seq=1bv16, s1_hdr.nc_hdr.valid=true, s1_hdr.nc_hdr.value=0bv128, s1_hdr.nc_hdr.vgroup=0bv16, s1_hdr.overlay.0.swip=167797761bv32, s1_hdr.overlay.0.valid=true, s1_hdr.overlay.1.swip=167797762bv32, s1_hdr.overlay.1.valid=true, s1_hdr.overlay.2.swip=0bv32, s1_hdr.overlay.2.valid=true, s1_hdr.overlay.3.swip=0bv32, s1_hdr.overlay.3.valid=true, s1_hdr.overlay.4.swip=0bv32, s1_hdr.overlay.4.valid=true, s1_hdr.overlay.5.swip=0bv32, s1_hdr.overlay.5.valid=false, s1_hdr.overlay.6.swip=0bv32, s1_hdr.overlay.6.valid=true, s1_hdr.overlay.7.swip=0bv32, s1_hdr.overlay.7.valid=false, s1_hdr.overlay.8.swip=0bv32, s1_hdr.overlay.8.valid=true, s1_hdr.overlay.9.swip=0bv32, s1_hdr.overlay.9.valid=false, s1_hdr.overlay.last.swip=0bv32, s1_hdr.overlay.last.valid=false, s1_hdr.tcp.ackNo=0bv32, s1_hdr.tcp.checksum=0bv16, s1_hdr.tcp.ctrl=0bv6, s1_hdr.tcp.dataOffset=0bv4, s1_hdr.tcp.dstPort=0bv16, s1_hdr.tcp.ecn=0bv3, s1_hdr.tcp.res=0bv3, s1_hdr.tcp.seqNo=0bv32, s1_hdr.tcp.srcPort=0bv16, s1_hdr.tcp.urgentPtr=0bv16, s1_hdr.tcp.valid=false, s1_hdr.tcp.window=0bv16, s1_hdr.udp.checksum=0bv16, s1_hdr.udp.dstPort=0bv16, s1_hdr.udp.len=4bv16, s1_hdr.udp.srcPort=0bv16, s1_hdr.udp.valid=true, s1_inbox_count=1, s1_meta.location.index=0bv16, s1_meta.my_md.failed=0bv16, s1_meta.my_md.ipaddress=0bv32, s1_meta.my_md.role=0bv16, s1_meta.reply_to_client_md.ipv4_dstAddr=0bv32, s1_meta.reply_to_client_md.ipv4_srcAddr=0bv32, s1_meta.sequence_md.seq=0bv16, s1_meta.sequence_md.tmp=0bv16, s1_p4b_clone_e2e=false, s1_p4b_clone_i2e=false, s1_p4b_clone_i2i=false, s1_p4b_recirculate=false, s1_pkt_external=true, s1_sequence_reg__last0_old_value=0bv16, s1_sequence_reg__last0_value=65535bv16, s1_sequence_reg__last_index=0bv32, s1_sequence_reg__last_old_value=0bv16, s1_sequence_reg__last_value=65535bv16, s1_sequence_reg__last_write_site=0, s1_sequence_reg__next_write_site=0, s1_sequence_reg__wrote_any=true, s1_sequence_reg__wrote_index0=true, s1_standard_metadata.checksum_error=0bv1, s1_standard_metadata.deq_qdepth=0bv19, s1_standard_metadata.deq_timedelta=0bv32, s1_standard_metadata.egress_global_timestamp=0bv48, s1_standard_metadata.egress_port=3bv9, s1_standard_metadata.egress_rid=0bv16, s1_standard_metadata.enq_qdepth=0bv19, s1_standard_metadata.enq_timestamp=0bv32, s1_standard_metadata.ingress_global_timestamp=0bv48, s1_standard_metadata.ingress_port=0bv9, s1_standard_metadata.instance_type=0bv32, s1_standard_metadata.mcast_grp=0bv16, s1_standard_metadata.packet_length=0bv32, s1_standard_metadata.parser_error=0bv1, s1_standard_metadata.priority=0bv3, s1_value_reg__last0_old_value=0bv128, s1_value_reg__last0_value=0bv128, s1_value_reg__last_index=0bv32, s1_value_reg__last_old_value=0bv128, s1_value_reg__last_value=0bv128, s1_value_reg__last_write_site=0, s1_value_reg__next_write_site=0, s1_value_reg__wrote_any=false, s1_value_reg__wrote_index0=false, s2_find_index.hit=true, s2_inbox_count=0, s2_meta.location.index=0bv16, s2_meta.my_md.role=101bv16, s2_p4b_clone_e2e=false, s2_p4b_clone_i2e=false, s2_p4b_clone_i2i=false, s2_p4b_recirculate=false, s2_pkt_external=false, s2_sequence_reg__last0_old_value=0bv16, s2_sequence_reg__last0_value=65535bv16, s2_sequence_reg__last_index=0bv32, s2_sequence_reg__last_old_value=0bv16, s2_sequence_reg__last_value=65535bv16, s2_sequence_reg__last_write_site=0, s2_sequence_reg__next_write_site=0, s2_sequence_reg__wrote_any=true, s2_sequence_reg__wrote_index0=true, s2_value_reg__last0_old_value=0bv128, s2_value_reg__last0_value=0bv128, s2_value_reg__last_index=0bv32, s2_value_reg__last_old_value=0bv128, s2_value_reg__last_value=0bv128, s2_value_reg__last_write_site=0, s2_value_reg__next_write_site=0, s2_value_reg__wrote_any=false, s2_value_reg__wrote_index0=false]
[L3207]  COND TRUE   s1_inbox_count > 0
[L3208]              assume s1_inbox_count > 0;
[L3209]              s1_inbox_count := s1_inbox_count - 1;
         VAL         [h1_hdr.ethernet.dstAddr=0bv48, h1_hdr.ethernet.etherType=2048bv16, h1_hdr.ethernet.srcAddr=0bv48, h1_hdr.ethernet.valid=true, h1_hdr.ipv4.diffserv=0bv8, h1_hdr.ipv4.dstAddr=167797761bv32, h1_hdr.ipv4.flags=0bv3, h1_hdr.ipv4.fragOffset=0bv13, h1_hdr.ipv4.hdrChecksum=0bv16, h1_hdr.ipv4.identification=0bv16, h1_hdr.ipv4.ihl=0bv4, h1_hdr.ipv4.protocol=17bv8, h1_hdr.ipv4.srcAddr=1bv32, h1_hdr.ipv4.totalLen=4bv16, h1_hdr.ipv4.ttl=0bv8, h1_hdr.ipv4.valid=true, h1_hdr.ipv4.version=0bv4, h1_hdr.nc_hdr.key=2024bv128, h1_hdr.nc_hdr.op=12bv8, h1_hdr.nc_hdr.sc=1bv8, h1_hdr.nc_hdr.seq=1bv16, h1_hdr.nc_hdr.valid=true, h1_hdr.nc_hdr.value=0bv128, h1_hdr.nc_hdr.vgroup=0bv16, h1_hdr.overlay.0.swip=167797761bv32, h1_hdr.overlay.0.valid=true, h1_hdr.overlay.1.swip=167797762bv32, h1_hdr.overlay.1.valid=true, h1_hdr.overlay.2.swip=0bv32, h1_hdr.overlay.2.valid=true, h1_hdr.overlay.3.swip=0bv32, h1_hdr.overlay.3.valid=true, h1_hdr.overlay.4.swip=0bv32, h1_hdr.overlay.4.valid=true, h1_hdr.overlay.5.swip=0bv32, h1_hdr.overlay.5.valid=false, h1_hdr.overlay.6.swip=0bv32, h1_hdr.overlay.6.valid=true, h1_hdr.overlay.7.swip=0bv32, h1_hdr.overlay.7.valid=false, h1_hdr.overlay.8.swip=0bv32, h1_hdr.overlay.8.valid=true, h1_hdr.overlay.9.swip=0bv32, h1_hdr.overlay.9.valid=false, h1_hdr.overlay.last.swip=0bv32, h1_hdr.overlay.last.valid=false, h1_hdr.tcp.ackNo=0bv32, h1_hdr.tcp.checksum=0bv16, h1_hdr.tcp.ctrl=0bv6, h1_hdr.tcp.dataOffset=0bv4, h1_hdr.tcp.dstPort=0bv16, h1_hdr.tcp.ecn=0bv3, h1_hdr.tcp.res=0bv3, h1_hdr.tcp.seqNo=0bv32, h1_hdr.tcp.srcPort=0bv16, h1_hdr.tcp.urgentPtr=0bv16, h1_hdr.tcp.valid=false, h1_hdr.tcp.window=0bv16, h1_hdr.udp.checksum=0bv16, h1_hdr.udp.dstPort=0bv16, h1_hdr.udp.len=4bv16, h1_hdr.udp.srcPort=0bv16, h1_hdr.udp.valid=true, h1_inbox_count=0, h1_meta.location.index=0bv16, h1_meta.my_md.failed=0bv16, h1_meta.my_md.ipaddress=0bv32, h1_meta.my_md.role=0bv16, h1_meta.reply_to_client_md.ipv4_dstAddr=0bv32, h1_meta.reply_to_client_md.ipv4_srcAddr=0bv32, h1_meta.sequence_md.seq=0bv16, h1_meta.sequence_md.tmp=0bv16, h1_pkt_external=false, h1_standard_metadata.checksum_error=0bv1, h1_standard_metadata.deq_qdepth=0bv19, h1_standard_metadata.deq_timedelta=0bv32, h1_standard_metadata.egress_global_timestamp=0bv48, h1_standard_metadata.egress_rid=0bv16, h1_standard_metadata.enq_qdepth=0bv19, h1_standard_metadata.enq_timestamp=0bv32, h1_standard_metadata.ingress_global_timestamp=0bv48, h1_standard_metadata.ingress_port=0bv9, h1_standard_metadata.instance_type=0bv32, h1_standard_metadata.mcast_grp=0bv16, h1_standard_metadata.packet_length=0bv32, h1_standard_metadata.parser_error=0bv1, h1_standard_metadata.priority=0bv3, procurator_phase=2, procurator_step=2, s1_find_index.hit=true, s1_hdr.ethernet.dstAddr=0bv48, s1_hdr.ethernet.etherType=2048bv16, s1_hdr.ethernet.srcAddr=0bv48, s1_hdr.ethernet.valid=true, s1_hdr.ipv4.diffserv=0bv8, s1_hdr.ipv4.dstAddr=167797761bv32, s1_hdr.ipv4.flags=0bv3, s1_hdr.ipv4.fragOffset=0bv13, s1_hdr.ipv4.hdrChecksum=0bv16, s1_hdr.ipv4.identification=0bv16, s1_hdr.ipv4.ihl=0bv4, s1_hdr.ipv4.protocol=17bv8, s1_hdr.ipv4.srcAddr=1bv32, s1_hdr.ipv4.totalLen=4bv16, s1_hdr.ipv4.ttl=0bv8, s1_hdr.ipv4.valid=true, s1_hdr.ipv4.version=0bv4, s1_hdr.nc_hdr.key=2024bv128, s1_hdr.nc_hdr.op=12bv8, s1_hdr.nc_hdr.sc=1bv8, s1_hdr.nc_hdr.seq=1bv16, s1_hdr.nc_hdr.valid=true, s1_hdr.nc_hdr.value=0bv128, s1_hdr.nc_hdr.vgroup=0bv16, s1_hdr.overlay.0.swip=167797761bv32, s1_hdr.overlay.0.valid=true, s1_hdr.overlay.1.swip=167797762bv32, s1_hdr.overlay.1.valid=true, s1_hdr.overlay.2.swip=0bv32, s1_hdr.overlay.2.valid=true, s1_hdr.overlay.3.swip=0bv32, s1_hdr.overlay.3.valid=true, s1_hdr.overlay.4.swip=0bv32, s1_hdr.overlay.4.valid=true, s1_hdr.overlay.5.swip=0bv32, s1_hdr.overlay.5.valid=false, s1_hdr.overlay.6.swip=0bv32, s1_hdr.overlay.6.valid=true, s1_hdr.overlay.7.swip=0bv32, s1_hdr.overlay.7.valid=false, s1_hdr.overlay.8.swip=0bv32, s1_hdr.overlay.8.valid=true, s1_hdr.overlay.9.swip=0bv32, s1_hdr.overlay.9.valid=false, s1_hdr.overlay.last.swip=0bv32, s1_hdr.overlay.last.valid=false, s1_hdr.tcp.ackNo=0bv32, s1_hdr.tcp.checksum=0bv16, s1_hdr.tcp.ctrl=0bv6, s1_hdr.tcp.dataOffset=0bv4, s1_hdr.tcp.dstPort=0bv16, s1_hdr.tcp.ecn=0bv3, s1_hdr.tcp.res=0bv3, s1_hdr.tcp.seqNo=0bv32, s1_hdr.tcp.srcPort=0bv16, s1_hdr.tcp.urgentPtr=0bv16, s1_hdr.tcp.valid=false, s1_hdr.tcp.window=0bv16, s1_hdr.udp.checksum=0bv16, s1_hdr.udp.dstPort=0bv16, s1_hdr.udp.len=4bv16, s1_hdr.udp.srcPort=0bv16, s1_hdr.udp.valid=true, s1_inbox_count=0, s1_meta.location.index=0bv16, s1_meta.my_md.failed=0bv16, s1_meta.my_md.ipaddress=0bv32, s1_meta.my_md.role=0bv16, s1_meta.reply_to_client_md.ipv4_dstAddr=0bv32, s1_meta.reply_to_client_md.ipv4_srcAddr=0bv32, s1_meta.sequence_md.seq=0bv16, s1_meta.sequence_md.tmp=0bv16, s1_p4b_clone_e2e=false, s1_p4b_clone_i2e=false, s1_p4b_clone_i2i=false, s1_p4b_recirculate=false, s1_pkt_external=true, s1_sequence_reg__last0_old_value=0bv16, s1_sequence_reg__last0_value=65535bv16, s1_sequence_reg__last_index=0bv32, s1_sequence_reg__last_old_value=0bv16, s1_sequence_reg__last_value=65535bv16, s1_sequence_reg__last_write_site=0, s1_sequence_reg__next_write_site=0, s1_sequence_reg__wrote_any=true, s1_sequence_reg__wrote_index0=true, s1_standard_metadata.checksum_error=0bv1, s1_standard_metadata.deq_qdepth=0bv19, s1_standard_metadata.deq_timedelta=0bv32, s1_standard_metadata.egress_global_timestamp=0bv48, s1_standard_metadata.egress_port=3bv9, s1_standard_metadata.egress_rid=0bv16, s1_standard_metadata.enq_qdepth=0bv19, s1_standard_metadata.enq_timestamp=0bv32, s1_standard_metadata.ingress_global_timestamp=0bv48, s1_standard_metadata.ingress_port=0bv9, s1_standard_metadata.instance_type=0bv32, s1_standard_metadata.mcast_grp=0bv16, s1_standard_metadata.packet_length=0bv32, s1_standard_metadata.parser_error=0bv1, s1_standard_metadata.priority=0bv3, s1_value_reg__last0_old_value=0bv128, s1_value_reg__last0_value=0bv128, s1_value_reg__last_index=0bv32, s1_value_reg__last_old_value=0bv128, s1_value_reg__last_value=0bv128, s1_value_reg__last_write_site=0, s1_value_reg__next_write_site=0, s1_value_reg__wrote_any=false, s1_value_reg__wrote_index0=false, s2_find_index.hit=true, s2_inbox_count=0, s2_meta.location.index=0bv16, s2_meta.my_md.role=101bv16, s2_p4b_clone_e2e=false, s2_p4b_clone_i2e=false, s2_p4b_clone_i2i=false, s2_p4b_recirculate=false, s2_pkt_external=false, s2_sequence_reg__last0_old_value=0bv16, s2_sequence_reg__last0_value=65535bv16, s2_sequence_reg__last_index=0bv32, s2_sequence_reg__last_old_value=0bv16, s2_sequence_reg__last_value=65535bv16, s2_sequence_reg__last_write_site=0, s2_sequence_reg__next_write_site=0, s2_sequence_reg__wrote_any=true, s2_sequence_reg__wrote_index0=true, s2_value_reg__last0_old_value=0bv128, s2_value_reg__last0_value=0bv128, s2_value_reg__last_index=0bv32, s2_value_reg__last_old_value=0bv128, s2_value_reg__last_value=0bv128, s2_value_reg__last_write_site=0, s2_value_reg__next_write_site=0, s2_value_reg__wrote_any=false, s2_value_reg__wrote_index0=false]
[L3210]  CALL        call s1_mainProcedure();
         VAL         [h1_hdr.ethernet.dstAddr=0bv48, h1_hdr.ethernet.etherType=2048bv16, h1_hdr.ethernet.srcAddr=0bv48, h1_hdr.ethernet.valid=true, h1_hdr.ipv4.diffserv=0bv8, h1_hdr.ipv4.dstAddr=167797761bv32, h1_hdr.ipv4.flags=0bv3, h1_hdr.ipv4.fragOffset=0bv13, h1_hdr.ipv4.hdrChecksum=0bv16, h1_hdr.ipv4.identification=0bv16, h1_hdr.ipv4.ihl=0bv4, h1_hdr.ipv4.protocol=17bv8, h1_hdr.ipv4.srcAddr=1bv32, h1_hdr.ipv4.totalLen=4bv16, h1_hdr.ipv4.ttl=0bv8, h1_hdr.ipv4.valid=true, h1_hdr.ipv4.version=0bv4, h1_hdr.nc_hdr.key=2024bv128, h1_hdr.nc_hdr.op=12bv8, h1_hdr.nc_hdr.sc=1bv8, h1_hdr.nc_hdr.seq=1bv16, h1_hdr.nc_hdr.valid=true, h1_hdr.nc_hdr.value=0bv128, h1_hdr.nc_hdr.vgroup=0bv16, h1_hdr.overlay.0.swip=167797761bv32, h1_hdr.overlay.0.valid=true, h1_hdr.overlay.1.swip=167797762bv32, h1_hdr.overlay.1.valid=true, h1_hdr.overlay.2.swip=0bv32, h1_hdr.overlay.2.valid=true, h1_hdr.overlay.3.swip=0bv32, h1_hdr.overlay.3.valid=true, h1_hdr.overlay.4.swip=0bv32, h1_hdr.overlay.4.valid=true, h1_hdr.overlay.5.swip=0bv32, h1_hdr.overlay.5.valid=false, h1_hdr.overlay.6.swip=0bv32, h1_hdr.overlay.6.valid=true, h1_hdr.overlay.7.swip=0bv32, h1_hdr.overlay.7.valid=false, h1_hdr.overlay.8.swip=0bv32, h1_hdr.overlay.8.valid=true, h1_hdr.overlay.9.swip=0bv32, h1_hdr.overlay.9.valid=false, h1_hdr.overlay.last.swip=0bv32, h1_hdr.overlay.last.valid=false, h1_hdr.tcp.ackNo=0bv32, h1_hdr.tcp.checksum=0bv16, h1_hdr.tcp.ctrl=0bv6, h1_hdr.tcp.dataOffset=0bv4, h1_hdr.tcp.dstPort=0bv16, h1_hdr.tcp.ecn=0bv3, h1_hdr.tcp.res=0bv3, h1_hdr.tcp.seqNo=0bv32, h1_hdr.tcp.srcPort=0bv16, h1_hdr.tcp.urgentPtr=0bv16, h1_hdr.tcp.valid=false, h1_hdr.tcp.window=0bv16, h1_hdr.udp.checksum=0bv16, h1_hdr.udp.dstPort=0bv16, h1_hdr.udp.len=4bv16, h1_hdr.udp.srcPort=0bv16, h1_hdr.udp.valid=true, h1_inbox_count=0, h1_meta.location.index=0bv16, h1_meta.my_md.failed=0bv16, h1_meta.my_md.ipaddress=0bv32, h1_meta.my_md.role=0bv16, h1_meta.reply_to_client_md.ipv4_dstAddr=0bv32, h1_meta.reply_to_client_md.ipv4_srcAddr=0bv32, h1_meta.sequence_md.seq=0bv16, h1_meta.sequence_md.tmp=0bv16, h1_pkt_external=false, h1_standard_metadata.checksum_error=0bv1, h1_standard_metadata.deq_qdepth=0bv19, h1_standard_metadata.deq_timedelta=0bv32, h1_standard_metadata.egress_global_timestamp=0bv48, h1_standard_metadata.egress_rid=0bv16, h1_standard_metadata.enq_qdepth=0bv19, h1_standard_metadata.enq_timestamp=0bv32, h1_standard_metadata.ingress_global_timestamp=0bv48, h1_standard_metadata.ingress_port=0bv9, h1_standard_metadata.instance_type=0bv32, h1_standard_metadata.mcast_grp=0bv16, h1_standard_metadata.packet_length=0bv32, h1_standard_metadata.parser_error=0bv1, h1_standard_metadata.priority=0bv3, old(s1_assign_value.hit)=false, old(s1_drop)=false, old(s1_drop_packet.hit)=false, old(s1_ethernet_set_mac.ethernet_set_mac_act.dmac)=0bv48, old(s1_ethernet_set_mac.ethernet_set_mac_act.smac)=0bv48, old(s1_ethernet_set_mac.hit)=false, old(s1_failure_recovery.hit)=false, old(s1_find_index.find_index_act.index_1)=0bv16, old(s1_find_index.hit)=true, old(s1_forward)=false, old(s1_gen_reply.gen_reply_act.message_type)=0bv8, old(s1_gen_reply.hit)=false, old(s1_get_my_address.get_my_address_act.sw_ip)=0bv32, old(s1_get_my_address.get_my_address_act.sw_role)=0bv16, old(s1_get_my_address.hit)=false, old(s1_get_next_hop.hit)=false, old(s1_get_sequence.hit)=false, old(s1_hdr.ethernet.dstAddr)=0bv48, old(s1_hdr.ethernet.srcAddr)=0bv48, old(s1_hdr.ipv4.dstAddr)=167797761bv32, old(s1_hdr.ipv4.hdrChecksum)=0bv16, old(s1_hdr.ipv4.protocol)=17bv8, old(s1_hdr.ipv4.srcAddr)=1bv32, old(s1_hdr.ipv4.totalLen)=4bv16, old(s1_hdr.ipv4.ttl)=0bv8, old(s1_hdr.nc_hdr.key)=2024bv128, old(s1_hdr.nc_hdr.op)=12bv8, old(s1_hdr.nc_hdr.sc)=1bv8, old(s1_hdr.nc_hdr.seq)=1bv16, old(s1_hdr.nc_hdr.value)=0bv128, old(s1_hdr.nc_hdr.vgroup)=0bv16, old(s1_hdr.overlay.0.swip)=167797761bv32, old(s1_hdr.overlay.0.valid)=true, old(s1_hdr.overlay.1.swip)=167797762bv32, old(s1_hdr.overlay.1.valid)=true, old(s1_hdr.overlay.2.swip)=0bv32, old(s1_hdr.overlay.2.valid)=true, old(s1_hdr.overlay.3.swip)=0bv32, old(s1_hdr.overlay.3.valid)=true, old(s1_hdr.overlay.4.swip)=0bv32, old(s1_hdr.overlay.4.valid)=true, old(s1_hdr.overlay.5.swip)=0bv32, old(s1_hdr.overlay.5.valid)=false, old(s1_hdr.overlay.6.swip)=0bv32, old(s1_hdr.overlay.6.valid)=true, old(s1_hdr.overlay.7.swip)=0bv32, old(s1_hdr.overlay.7.valid)=false, old(s1_hdr.overlay.8.swip)=0bv32, old(s1_hdr.overlay.8.valid)=true, old(s1_hdr.overlay.9.valid)=false, old(s1_hdr.udp.checksum)=0bv16, old(s1_hdr.udp.dstPort)=0bv16, old(s1_hdr.udp.len)=4bv16, old(s1_ipv4_route.hit)=false, old(s1_ipv4_route.set_egress.egress_spec_1)=0bv9, old(s1_maintain_sequence.hit)=false, old(s1_meta.location.index)=0bv16, old(s1_meta.my_md.ipaddress)=0bv32, old(s1_meta.my_md.role)=0bv16, old(s1_meta.reply_to_client_md.ipv4_dstAddr)=0bv32, old(s1_meta.reply_to_client_md.ipv4_srcAddr)=0bv32, old(s1_meta.sequence_md.seq)=0bv16, old(s1_p4b_checksum_error)=false, old(s1_p4b_checksum_updated)=false, old(s1_p4b_checksum_verified)=false, old(s1_p4b_clone_e2e)=false, old(s1_p4b_clone_i2e)=false, old(s1_p4b_clone_i2i)=false, old(s1_p4b_digest)=false, old(s1_p4b_recirculate)=false, old(s1_pop_chain.hit)=false, old(s1_pop_chain_again.hit)=false, old(s1_read_value.hit)=false, old(s1_sequence_reg__last0_old_value)=0bv16, old(s1_sequence_reg__last0_value)=65535bv16, old(s1_sequence_reg__last_index)=0bv32, old(s1_sequence_reg__last_old_value)=0bv16, old(s1_sequence_reg__last_value)=65535bv16, old(s1_sequence_reg__last_write_site)=0, old(s1_sequence_reg__next_write_site)=0, old(s1_sequence_reg__wrote_any)=true, old(s1_sequence_reg__wrote_index0)=true, old(s1_standard_metadata.egress_port)=3bv9, old(s1_standard_metadata.egress_spec)=0bv9, old(s1_value_reg__last0_old_value)=0bv128, old(s1_value_reg__last0_value)=0bv128, old(s1_value_reg__last_index)=0bv32, old(s1_value_reg__last_old_value)=0bv128, old(s1_value_reg__last_value)=0bv128, old(s1_value_reg__last_write_site)=0, old(s1_value_reg__next_write_site)=0, old(s1_value_reg__wrote_any)=false, old(s1_value_reg__wrote_index0)=false, procurator_phase=2, procurator_step=2, s1_assign_value.hit=false, s1_drop=false, s1_drop_packet.hit=false, s1_ethernet_set_mac.ethernet_set_mac_act.dmac=0bv48, s1_ethernet_set_mac.ethernet_set_mac_act.smac=0bv48, s1_ethernet_set_mac.hit=false, s1_failure_recovery.hit=false, s1_find_index.find_index_act.index_1=0bv16, s1_find_index.hit=true, s1_forward=false, s1_gen_reply.gen_reply_act.message_type=0bv8, s1_gen_reply.hit=false, s1_get_my_address.get_my_address_act.sw_ip=0bv32, s1_get_my_address.get_my_address_act.sw_role=0bv16, s1_get_my_address.hit=false, s1_get_next_hop.hit=false, s1_get_sequence.hit=false, s1_hdr.ethernet.dstAddr=0bv48, s1_hdr.ethernet.etherType=2048bv16, s1_hdr.ethernet.srcAddr=0bv48, s1_hdr.ethernet.valid=true, s1_hdr.ipv4.diffserv=0bv8, s1_hdr.ipv4.dstAddr=167797761bv32, s1_hdr.ipv4.flags=0bv3, s1_hdr.ipv4.fragOffset=0bv13, s1_hdr.ipv4.hdrChecksum=0bv16, s1_hdr.ipv4.identification=0bv16, s1_hdr.ipv4.ihl=0bv4, s1_hdr.ipv4.protocol=17bv8, s1_hdr.ipv4.srcAddr=1bv32, s1_hdr.ipv4.totalLen=4bv16, s1_hdr.ipv4.ttl=0bv8, s1_hdr.ipv4.valid=true, s1_hdr.ipv4.version=0bv4, s1_hdr.nc_hdr.key=2024bv128, s1_hdr.nc_hdr.op=12bv8, s1_hdr.nc_hdr.sc=1bv8, s1_hdr.nc_hdr.seq=1bv16, s1_hdr.nc_hdr.valid=true, s1_hdr.nc_hdr.value=0bv128, s1_hdr.nc_hdr.vgroup=0bv16, s1_hdr.overlay.0.swip=167797761bv32, s1_hdr.overlay.0.valid=true, s1_hdr.overlay.1.swip=167797762bv32, s1_hdr.overlay.1.valid=true, s1_hdr.overlay.2.swip=0bv32, s1_hdr.overlay.2.valid=true, s1_hdr.overlay.3.swip=0bv32, s1_hdr.overlay.3.valid=true, s1_hdr.overlay.4.swip=0bv32, s1_hdr.overlay.4.valid=true, s1_hdr.overlay.5.swip=0bv32, s1_hdr.overlay.5.valid=false, s1_hdr.overlay.6.swip=0bv32, s1_hdr.overlay.6.valid=true, s1_hdr.overlay.7.swip=0bv32, s1_hdr.overlay.7.valid=false, s1_hdr.overlay.8.swip=0bv32, s1_hdr.overlay.8.valid=true, s1_hdr.overlay.9.swip=0bv32, s1_hdr.overlay.9.valid=false, s1_hdr.overlay.last.swip=0bv32, s1_hdr.overlay.last.valid=false, s1_hdr.tcp.ackNo=0bv32, s1_hdr.tcp.checksum=0bv16, s1_hdr.tcp.ctrl=0bv6, s1_hdr.tcp.dataOffset=0bv4, s1_hdr.tcp.dstPort=0bv16, s1_hdr.tcp.ecn=0bv3, s1_hdr.tcp.res=0bv3, s1_hdr.tcp.seqNo=0bv32, s1_hdr.tcp.srcPort=0bv16, s1_hdr.tcp.urgentPtr=0bv16, s1_hdr.tcp.valid=false, s1_hdr.tcp.window=0bv16, s1_hdr.udp.checksum=0bv16, s1_hdr.udp.dstPort=0bv16, s1_hdr.udp.len=4bv16, s1_hdr.udp.srcPort=0bv16, s1_hdr.udp.valid=true, s1_inbox_count=0, s1_ipv4_route.hit=false, s1_ipv4_route.set_egress.egress_spec_1=0bv9, s1_maintain_sequence.hit=false, s1_meta.location.index=0bv16, s1_meta.my_md.failed=0bv16, s1_meta.my_md.ipaddress=0bv32, s1_meta.my_md.role=0bv16, s1_meta.reply_to_client_md.ipv4_dstAddr=0bv32, s1_meta.reply_to_client_md.ipv4_srcAddr=0bv32, s1_meta.sequence_md.seq=0bv16, s1_meta.sequence_md.tmp=0bv16, s1_p4b_checksum_error=false, s1_p4b_checksum_updated=false, s1_p4b_checksum_verified=false, s1_p4b_clone_e2e=false, s1_p4b_clone_i2e=false, s1_p4b_clone_i2i=false, s1_p4b_digest=false, s1_p4b_recirculate=false, s1_pkt_external=true, s1_pop_chain.hit=false, s1_pop_chain_again.hit=false, s1_read_value.hit=false, s1_sequence_reg__last0_old_value=0bv16, s1_sequence_reg__last0_value=65535bv16, s1_sequence_reg__last_index=0bv32, s1_sequence_reg__last_old_value=0bv16, s1_sequence_reg__last_value=65535bv16, s1_sequence_reg__last_write_site=0, s1_sequence_reg__next_write_site=0, s1_sequence_reg__wrote_any=true, s1_sequence_reg__wrote_index0=true, s1_standard_metadata.checksum_error=0bv1, s1_standard_metadata.deq_qdepth=0bv19, s1_standard_metadata.deq_timedelta=0bv32, s1_standard_metadata.egress_global_timestamp=0bv48, s1_standard_metadata.egress_port=3bv9, s1_standard_metadata.egress_rid=0bv16, s1_standard_metadata.egress_spec=0bv9, s1_standard_metadata.enq_qdepth=0bv19, s1_standard_metadata.enq_timestamp=0bv32, s1_standard_metadata.ingress_global_timestamp=0bv48, s1_standard_metadata.ingress_port=0bv9, s1_standard_metadata.instance_type=0bv32, s1_standard_metadata.mcast_grp=0bv16, s1_standard_metadata.packet_length=0bv32, s1_standard_metadata.parser_error=0bv1, s1_standard_metadata.priority=0bv3, s1_value_reg__last0_old_value=0bv128, s1_value_reg__last0_value=0bv128, s1_value_reg__last_index=0bv32, s1_value_reg__last_old_value=0bv128, s1_value_reg__last_value=0bv128, s1_value_reg__last_write_site=0, s1_value_reg__next_write_site=0, s1_value_reg__wrote_any=false, s1_value_reg__wrote_index0=false, s2_find_index.hit=true, s2_inbox_count=0, s2_meta.location.index=0bv16, s2_meta.my_md.role=101bv16, s2_p4b_clone_e2e=false, s2_p4b_clone_i2e=false, s2_p4b_clone_i2i=false, s2_p4b_recirculate=false, s2_pkt_external=false, s2_sequence_reg__last0_old_value=0bv16, s2_sequence_reg__last0_value=65535bv16, s2_sequence_reg__last_index=0bv32, s2_sequence_reg__last_old_value=0bv16, s2_sequence_reg__last_value=65535bv16, s2_sequence_reg__last_write_site=0, s2_sequence_reg__next_write_site=0, s2_sequence_reg__wrote_any=true, s2_sequence_reg__wrote_index0=true, s2_value_reg__last0_old_value=0bv128, s2_value_reg__last0_value=0bv128, s2_value_reg__last_index=0bv32, s2_value_reg__last_old_value=0bv128, s2_value_reg__last_value=0bv128, s2_value_reg__last_write_site=0, s2_value_reg__next_write_site=0, s2_value_reg__wrote_any=false, s2_value_reg__wrote_index0=false]
[L967]               s1_p4b_checksum_error := false;
[L968]               s1_p4b_checksum_updated := false;
[L969]               s1_p4b_checksum_verified := false;
[L970]               s1_p4b_digest := false;
[L971]               s1_p4b_recirculate := false;
[L972]               s1_p4b_clone_i2i := false;
[L973]               s1_p4b_clone_e2e := false;
[L974]               s1_p4b_clone_i2e := false;
[L975]   CALL        call s1_main();
[L955]   CALL        call s1_ParserImpl();
[L431]   FCALL       call s1_packet_in.extract(s1_hdr.ethernet);
         VAL         [h1_hdr.ethernet.dstAddr=0bv48, h1_hdr.ethernet.etherType=2048bv16, h1_hdr.ethernet.srcAddr=0bv48, h1_hdr.ethernet.valid=true, h1_hdr.ipv4.diffserv=0bv8, h1_hdr.ipv4.dstAddr=167797761bv32, h1_hdr.ipv4.flags=0bv3, h1_hdr.ipv4.fragOffset=0bv13, h1_hdr.ipv4.hdrChecksum=0bv16, h1_hdr.ipv4.identification=0bv16, h1_hdr.ipv4.ihl=0bv4, h1_hdr.ipv4.protocol=17bv8, h1_hdr.ipv4.srcAddr=1bv32, h1_hdr.ipv4.totalLen=4bv16, h1_hdr.ipv4.ttl=0bv8, h1_hdr.ipv4.valid=true, h1_hdr.ipv4.version=0bv4, h1_hdr.nc_hdr.key=2024bv128, h1_hdr.nc_hdr.op=12bv8, h1_hdr.nc_hdr.sc=1bv8, h1_hdr.nc_hdr.seq=1bv16, h1_hdr.nc_hdr.valid=true, h1_hdr.nc_hdr.value=0bv128, h1_hdr.nc_hdr.vgroup=0bv16, h1_hdr.overlay.0.swip=167797761bv32, h1_hdr.overlay.0.valid=true, h1_hdr.overlay.1.swip=167797762bv32, h1_hdr.overlay.1.valid=true, h1_hdr.overlay.2.swip=0bv32, h1_hdr.overlay.2.valid=true, h1_hdr.overlay.3.swip=0bv32, h1_hdr.overlay.3.valid=true, h1_hdr.overlay.4.swip=0bv32, h1_hdr.overlay.4.valid=true, h1_hdr.overlay.5.swip=0bv32, h1_hdr.overlay.5.valid=false, h1_hdr.overlay.6.swip=0bv32, h1_hdr.overlay.6.valid=true, h1_hdr.overlay.7.swip=0bv32, h1_hdr.overlay.7.valid=false, h1_hdr.overlay.8.swip=0bv32, h1_hdr.overlay.8.valid=true, h1_hdr.overlay.9.swip=0bv32, h1_hdr.overlay.9.valid=false, h1_hdr.overlay.last.swip=0bv32, h1_hdr.overlay.last.valid=false, h1_hdr.tcp.ackNo=0bv32, h1_hdr.tcp.checksum=0bv16, h1_hdr.tcp.ctrl=0bv6, h1_hdr.tcp.dataOffset=0bv4, h1_hdr.tcp.dstPort=0bv16, h1_hdr.tcp.ecn=0bv3, h1_hdr.tcp.res=0bv3, h1_hdr.tcp.seqNo=0bv32, h1_hdr.tcp.srcPort=0bv16, h1_hdr.tcp.urgentPtr=0bv16, h1_hdr.tcp.valid=false, h1_hdr.tcp.window=0bv16, h1_hdr.udp.checksum=0bv16, h1_hdr.udp.dstPort=0bv16, h1_hdr.udp.len=4bv16, h1_hdr.udp.srcPort=0bv16, h1_hdr.udp.valid=true, h1_inbox_count=0, h1_meta.location.index=0bv16, h1_meta.my_md.failed=0bv16, h1_meta.my_md.ipaddress=0bv32, h1_meta.my_md.role=0bv16, h1_meta.reply_to_client_md.ipv4_dstAddr=0bv32, h1_meta.reply_to_client_md.ipv4_srcAddr=0bv32, h1_meta.sequence_md.seq=0bv16, h1_meta.sequence_md.tmp=0bv16, h1_pkt_external=false, h1_standard_metadata.checksum_error=0bv1, h1_standard_metadata.deq_qdepth=0bv19, h1_standard_metadata.deq_timedelta=0bv32, h1_standard_metadata.egress_global_timestamp=0bv48, h1_standard_metadata.egress_rid=0bv16, h1_standard_metadata.enq_qdepth=0bv19, h1_standard_metadata.enq_timestamp=0bv32, h1_standard_metadata.ingress_global_timestamp=0bv48, h1_standard_metadata.ingress_port=0bv9, h1_standard_metadata.instance_type=0bv32, h1_standard_metadata.mcast_grp=0bv16, h1_standard_metadata.packet_length=0bv32, h1_standard_metadata.parser_error=0bv1, h1_standard_metadata.priority=0bv3, old(s1_assign_value.hit)=false, old(s1_drop)=false, old(s1_drop_packet.hit)=false, old(s1_ethernet_set_mac.ethernet_set_mac_act.dmac)=0bv48, old(s1_ethernet_set_mac.ethernet_set_mac_act.smac)=0bv48, old(s1_ethernet_set_mac.hit)=false, old(s1_failure_recovery.hit)=false, old(s1_find_index.find_index_act.index_1)=0bv16, old(s1_find_index.hit)=true, old(s1_forward)=false, old(s1_gen_reply.gen_reply_act.message_type)=0bv8, old(s1_gen_reply.hit)=false, old(s1_get_my_address.get_my_address_act.sw_ip)=0bv32, old(s1_get_my_address.get_my_address_act.sw_role)=0bv16, old(s1_get_my_address.hit)=false, old(s1_get_next_hop.hit)=false, old(s1_get_sequence.hit)=false, old(s1_hdr.ethernet.dstAddr)=0bv48, old(s1_hdr.ethernet.srcAddr)=0bv48, old(s1_hdr.ipv4.dstAddr)=167797761bv32, old(s1_hdr.ipv4.hdrChecksum)=0bv16, old(s1_hdr.ipv4.protocol)=17bv8, old(s1_hdr.ipv4.srcAddr)=1bv32, old(s1_hdr.ipv4.totalLen)=4bv16, old(s1_hdr.ipv4.ttl)=0bv8, old(s1_hdr.nc_hdr.key)=2024bv128, old(s1_hdr.nc_hdr.op)=12bv8, old(s1_hdr.nc_hdr.sc)=1bv8, old(s1_hdr.nc_hdr.seq)=1bv16, old(s1_hdr.nc_hdr.value)=0bv128, old(s1_hdr.nc_hdr.vgroup)=0bv16, old(s1_hdr.overlay.0.swip)=167797761bv32, old(s1_hdr.overlay.0.valid)=true, old(s1_hdr.overlay.1.swip)=167797762bv32, old(s1_hdr.overlay.1.valid)=true, old(s1_hdr.overlay.2.swip)=0bv32, old(s1_hdr.overlay.2.valid)=true, old(s1_hdr.overlay.3.swip)=0bv32, old(s1_hdr.overlay.3.valid)=true, old(s1_hdr.overlay.4.swip)=0bv32, old(s1_hdr.overlay.4.valid)=true, old(s1_hdr.overlay.5.swip)=0bv32, old(s1_hdr.overlay.5.valid)=false, old(s1_hdr.overlay.6.swip)=0bv32, old(s1_hdr.overlay.6.valid)=true, old(s1_hdr.overlay.7.swip)=0bv32, old(s1_hdr.overlay.7.valid)=false, old(s1_hdr.overlay.8.swip)=0bv32, old(s1_hdr.overlay.8.valid)=true, old(s1_hdr.overlay.9.valid)=false, old(s1_hdr.udp.checksum)=0bv16, old(s1_hdr.udp.dstPort)=0bv16, old(s1_hdr.udp.len)=4bv16, old(s1_ipv4_route.hit)=false, old(s1_ipv4_route.set_egress.egress_spec_1)=0bv9, old(s1_maintain_sequence.hit)=false, old(s1_meta.location.index)=0bv16, old(s1_meta.my_md.ipaddress)=0bv32, old(s1_meta.my_md.role)=0bv16, old(s1_meta.reply_to_client_md.ipv4_dstAddr)=0bv32, old(s1_meta.reply_to_client_md.ipv4_srcAddr)=0bv32, old(s1_meta.sequence_md.seq)=0bv16, old(s1_p4b_checksum_error)=false, old(s1_p4b_checksum_updated)=false, old(s1_p4b_checksum_verified)=false, old(s1_p4b_clone_e2e)=false, old(s1_p4b_clone_i2e)=false, old(s1_p4b_clone_i2i)=false, old(s1_p4b_digest)=false, old(s1_p4b_recirculate)=false, old(s1_pop_chain.hit)=false, old(s1_pop_chain_again.hit)=false, old(s1_read_value.hit)=false, old(s1_sequence_reg__last0_old_value)=0bv16, old(s1_sequence_reg__last0_value)=65535bv16, old(s1_sequence_reg__last_index)=0bv32, old(s1_sequence_reg__last_old_value)=0bv16, old(s1_sequence_reg__last_value)=65535bv16, old(s1_sequence_reg__last_write_site)=0, old(s1_sequence_reg__next_write_site)=0, old(s1_sequence_reg__wrote_any)=true, old(s1_sequence_reg__wrote_index0)=true, old(s1_standard_metadata.egress_port)=3bv9, old(s1_standard_metadata.egress_spec)=0bv9, old(s1_value_reg__last0_old_value)=0bv128, old(s1_value_reg__last0_value)=0bv128, old(s1_value_reg__last_index)=0bv32, old(s1_value_reg__last_old_value)=0bv128, old(s1_value_reg__last_value)=0bv128, old(s1_value_reg__last_write_site)=0, old(s1_value_reg__next_write_site)=0, old(s1_value_reg__wrote_any)=false, old(s1_value_reg__wrote_index0)=false, procurator_phase=2, procurator_step=2, s1_assign_value.hit=false, s1_drop=false, s1_drop_packet.hit=false, s1_ethernet_set_mac.ethernet_set_mac_act.dmac=0bv48, s1_ethernet_set_mac.ethernet_set_mac_act.smac=0bv48, s1_ethernet_set_mac.hit=false, s1_failure_recovery.hit=false, s1_find_index.find_index_act.index_1=0bv16, s1_find_index.hit=true, s1_forward=false, s1_gen_reply.gen_reply_act.message_type=0bv8, s1_gen_reply.hit=false, s1_get_my_address.get_my_address_act.sw_ip=0bv32, s1_get_my_address.get_my_address_act.sw_role=0bv16, s1_get_my_address.hit=false, s1_get_next_hop.hit=false, s1_get_sequence.hit=false, s1_hdr.ethernet.dstAddr=0bv48, s1_hdr.ethernet.etherType=2048bv16, s1_hdr.ethernet.srcAddr=0bv48, s1_hdr.ethernet.valid=true, s1_hdr.ipv4.diffserv=0bv8, s1_hdr.ipv4.dstAddr=167797761bv32, s1_hdr.ipv4.flags=0bv3, s1_hdr.ipv4.fragOffset=0bv13, s1_hdr.ipv4.hdrChecksum=0bv16, s1_hdr.ipv4.identification=0bv16, s1_hdr.ipv4.ihl=0bv4, s1_hdr.ipv4.protocol=17bv8, s1_hdr.ipv4.srcAddr=1bv32, s1_hdr.ipv4.totalLen=4bv16, s1_hdr.ipv4.ttl=0bv8, s1_hdr.ipv4.valid=true, s1_hdr.ipv4.version=0bv4, s1_hdr.nc_hdr.key=2024bv128, s1_hdr.nc_hdr.op=12bv8, s1_hdr.nc_hdr.sc=1bv8, s1_hdr.nc_hdr.seq=1bv16, s1_hdr.nc_hdr.valid=true, s1_hdr.nc_hdr.value=0bv128, s1_hdr.nc_hdr.vgroup=0bv16, s1_hdr.overlay.0.swip=167797761bv32, s1_hdr.overlay.0.valid=true, s1_hdr.overlay.1.swip=167797762bv32, s1_hdr.overlay.1.valid=true, s1_hdr.overlay.2.swip=0bv32, s1_hdr.overlay.2.valid=true, s1_hdr.overlay.3.swip=0bv32, s1_hdr.overlay.3.valid=true, s1_hdr.overlay.4.swip=0bv32, s1_hdr.overlay.4.valid=true, s1_hdr.overlay.5.swip=0bv32, s1_hdr.overlay.5.valid=false, s1_hdr.overlay.6.swip=0bv32, s1_hdr.overlay.6.valid=true, s1_hdr.overlay.7.swip=0bv32, s1_hdr.overlay.7.valid=false, s1_hdr.overlay.8.swip=0bv32, s1_hdr.overlay.8.valid=true, s1_hdr.overlay.9.swip=0bv32, s1_hdr.overlay.9.valid=false, s1_hdr.overlay.last.swip=0bv32, s1_hdr.overlay.last.valid=false, s1_hdr.tcp.ackNo=0bv32, s1_hdr.tcp.checksum=0bv16, s1_hdr.tcp.ctrl=0bv6, s1_hdr.tcp.dataOffset=0bv4, s1_hdr.tcp.dstPort=0bv16, s1_hdr.tcp.ecn=0bv3, s1_hdr.tcp.res=0bv3, s1_hdr.tcp.seqNo=0bv32, s1_hdr.tcp.srcPort=0bv16, s1_hdr.tcp.urgentPtr=0bv16, s1_hdr.tcp.valid=false, s1_hdr.tcp.window=0bv16, s1_hdr.udp.checksum=0bv16, s1_hdr.udp.dstPort=0bv16, s1_hdr.udp.len=4bv16, s1_hdr.udp.srcPort=0bv16, s1_hdr.udp.valid=true, s1_inbox_count=0, s1_ipv4_route.hit=false, s1_ipv4_route.set_egress.egress_spec_1=0bv9, s1_maintain_sequence.hit=false, s1_meta.location.index=0bv16, s1_meta.my_md.failed=0bv16, s1_meta.my_md.ipaddress=0bv32, s1_meta.my_md.role=0bv16, s1_meta.reply_to_client_md.ipv4_dstAddr=0bv32, s1_meta.reply_to_client_md.ipv4_srcAddr=0bv32, s1_meta.sequence_md.seq=0bv16, s1_meta.sequence_md.tmp=0bv16, s1_p4b_checksum_error=false, s1_p4b_checksum_updated=false, s1_p4b_checksum_verified=false, s1_p4b_clone_e2e=false, s1_p4b_clone_i2e=false, s1_p4b_clone_i2i=false, s1_p4b_digest=false, s1_p4b_recirculate=false, s1_pkt_external=true, s1_pop_chain.hit=false, s1_pop_chain_again.hit=false, s1_read_value.hit=false, s1_sequence_reg__last0_old_value=0bv16, s1_sequence_reg__last0_value=65535bv16, s1_sequence_reg__last_index=0bv32, s1_sequence_reg__last_old_value=0bv16, s1_sequence_reg__last_value=65535bv16, s1_sequence_reg__last_write_site=0, s1_sequence_reg__next_write_site=0, s1_sequence_reg__wrote_any=true, s1_sequence_reg__wrote_index0=true, s1_standard_metadata.checksum_error=0bv1, s1_standard_metadata.deq_qdepth=0bv19, s1_standard_metadata.deq_timedelta=0bv32, s1_standard_metadata.egress_global_timestamp=0bv48, s1_standard_metadata.egress_port=3bv9, s1_standard_metadata.egress_rid=0bv16, s1_standard_metadata.egress_spec=0bv9, s1_standard_metadata.enq_qdepth=0bv19, s1_standard_metadata.enq_timestamp=0bv32, s1_standard_metadata.ingress_global_timestamp=0bv48, s1_standard_metadata.ingress_port=0bv9, s1_standard_metadata.instance_type=0bv32, s1_standard_metadata.mcast_grp=0bv16, s1_standard_metadata.packet_length=0bv32, s1_standard_metadata.parser_error=0bv1, s1_standard_metadata.priority=0bv3, s1_value_reg__last0_old_value=0bv128, s1_value_reg__last0_value=0bv128, s1_value_reg__last_index=0bv32, s1_value_reg__last_old_value=0bv128, s1_value_reg__last_value=0bv128, s1_value_reg__last_write_site=0, s1_value_reg__next_write_site=0, s1_value_reg__wrote_any=false, s1_value_reg__wrote_index0=false, s2_find_index.hit=true, s2_inbox_count=0, s2_meta.location.index=0bv16, s2_meta.my_md.role=101bv16, s2_p4b_clone_e2e=false, s2_p4b_clone_i2e=false, s2_p4b_clone_i2i=false, s2_p4b_recirculate=false, s2_pkt_external=false, s2_sequence_reg__last0_old_value=0bv16, s2_sequence_reg__last0_value=65535bv16, s2_sequence_reg__last_index=0bv32, s2_sequence_reg__last_old_value=0bv16, s2_sequence_reg__last_value=65535bv16, s2_sequence_reg__last_write_site=0, s2_sequence_reg__next_write_site=0, s2_sequence_reg__wrote_any=true, s2_sequence_reg__wrote_index0=true, s2_value_reg__last0_old_value=0bv128, s2_value_reg__last0_value=0bv128, s2_value_reg__last_index=0bv32, s2_value_reg__last_old_value=0bv128, s2_value_reg__last_value=0bv128, s2_value_reg__last_write_site=0, s2_value_reg__next_write_site=0, s2_value_reg__wrote_any=false, s2_value_reg__wrote_index0=false]
[L435]               assume s1_hdr.ethernet.etherType == 2048bv16;
         VAL         [h1_hdr.ethernet.dstAddr=0bv48, h1_hdr.ethernet.etherType=2048bv16, h1_hdr.ethernet.srcAddr=0bv48, h1_hdr.ethernet.valid=true, h1_hdr.ipv4.diffserv=0bv8, h1_hdr.ipv4.dstAddr=167797761bv32, h1_hdr.ipv4.flags=0bv3, h1_hdr.ipv4.fragOffset=0bv13, h1_hdr.ipv4.hdrChecksum=0bv16, h1_hdr.ipv4.identification=0bv16, h1_hdr.ipv4.ihl=0bv4, h1_hdr.ipv4.protocol=17bv8, h1_hdr.ipv4.srcAddr=1bv32, h1_hdr.ipv4.totalLen=4bv16, h1_hdr.ipv4.ttl=0bv8, h1_hdr.ipv4.valid=true, h1_hdr.ipv4.version=0bv4, h1_hdr.nc_hdr.key=2024bv128, h1_hdr.nc_hdr.op=12bv8, h1_hdr.nc_hdr.sc=1bv8, h1_hdr.nc_hdr.seq=1bv16, h1_hdr.nc_hdr.valid=true, h1_hdr.nc_hdr.value=0bv128, h1_hdr.nc_hdr.vgroup=0bv16, h1_hdr.overlay.0.swip=167797761bv32, h1_hdr.overlay.0.valid=true, h1_hdr.overlay.1.swip=167797762bv32, h1_hdr.overlay.1.valid=true, h1_hdr.overlay.2.swip=0bv32, h1_hdr.overlay.2.valid=true, h1_hdr.overlay.3.swip=0bv32, h1_hdr.overlay.3.valid=true, h1_hdr.overlay.4.swip=0bv32, h1_hdr.overlay.4.valid=true, h1_hdr.overlay.5.swip=0bv32, h1_hdr.overlay.5.valid=false, h1_hdr.overlay.6.swip=0bv32, h1_hdr.overlay.6.valid=true, h1_hdr.overlay.7.swip=0bv32, h1_hdr.overlay.7.valid=false, h1_hdr.overlay.8.swip=0bv32, h1_hdr.overlay.8.valid=true, h1_hdr.overlay.9.swip=0bv32, h1_hdr.overlay.9.valid=false, h1_hdr.overlay.last.swip=0bv32, h1_hdr.overlay.last.valid=false, h1_hdr.tcp.ackNo=0bv32, h1_hdr.tcp.checksum=0bv16, h1_hdr.tcp.ctrl=0bv6, h1_hdr.tcp.dataOffset=0bv4, h1_hdr.tcp.dstPort=0bv16, h1_hdr.tcp.ecn=0bv3, h1_hdr.tcp.res=0bv3, h1_hdr.tcp.seqNo=0bv32, h1_hdr.tcp.srcPort=0bv16, h1_hdr.tcp.urgentPtr=0bv16, h1_hdr.tcp.valid=false, h1_hdr.tcp.window=0bv16, h1_hdr.udp.checksum=0bv16, h1_hdr.udp.dstPort=0bv16, h1_hdr.udp.len=4bv16, h1_hdr.udp.srcPort=0bv16, h1_hdr.udp.valid=true, h1_inbox_count=0, h1_meta.location.index=0bv16, h1_meta.my_md.failed=0bv16, h1_meta.my_md.ipaddress=0bv32, h1_meta.my_md.role=0bv16, h1_meta.reply_to_client_md.ipv4_dstAddr=0bv32, h1_meta.reply_to_client_md.ipv4_srcAddr=0bv32, h1_meta.sequence_md.seq=0bv16, h1_meta.sequence_md.tmp=0bv16, h1_pkt_external=false, h1_standard_metadata.checksum_error=0bv1, h1_standard_metadata.deq_qdepth=0bv19, h1_standard_metadata.deq_timedelta=0bv32, h1_standard_metadata.egress_global_timestamp=0bv48, h1_standard_metadata.egress_rid=0bv16, h1_standard_metadata.enq_qdepth=0bv19, h1_standard_metadata.enq_timestamp=0bv32, h1_standard_metadata.ingress_global_timestamp=0bv48, h1_standard_metadata.ingress_port=0bv9, h1_standard_metadata.instance_type=0bv32, h1_standard_metadata.mcast_grp=0bv16, h1_standard_metadata.packet_length=0bv32, h1_standard_metadata.parser_error=0bv1, h1_standard_metadata.priority=0bv3, old(s1_assign_value.hit)=false, old(s1_drop)=false, old(s1_drop_packet.hit)=false, old(s1_ethernet_set_mac.ethernet_set_mac_act.dmac)=0bv48, old(s1_ethernet_set_mac.ethernet_set_mac_act.smac)=0bv48, old(s1_ethernet_set_mac.hit)=false, old(s1_failure_recovery.hit)=false, old(s1_find_index.find_index_act.index_1)=0bv16, old(s1_find_index.hit)=true, old(s1_forward)=false, old(s1_gen_reply.gen_reply_act.message_type)=0bv8, old(s1_gen_reply.hit)=false, old(s1_get_my_address.get_my_address_act.sw_ip)=0bv32, old(s1_get_my_address.get_my_address_act.sw_role)=0bv16, old(s1_get_my_address.hit)=false, old(s1_get_next_hop.hit)=false, old(s1_get_sequence.hit)=false, old(s1_hdr.ethernet.dstAddr)=0bv48, old(s1_hdr.ethernet.srcAddr)=0bv48, old(s1_hdr.ipv4.dstAddr)=167797761bv32, old(s1_hdr.ipv4.hdrChecksum)=0bv16, old(s1_hdr.ipv4.protocol)=17bv8, old(s1_hdr.ipv4.srcAddr)=1bv32, old(s1_hdr.ipv4.totalLen)=4bv16, old(s1_hdr.ipv4.ttl)=0bv8, old(s1_hdr.nc_hdr.key)=2024bv128, old(s1_hdr.nc_hdr.op)=12bv8, old(s1_hdr.nc_hdr.sc)=1bv8, old(s1_hdr.nc_hdr.seq)=1bv16, old(s1_hdr.nc_hdr.value)=0bv128, old(s1_hdr.nc_hdr.vgroup)=0bv16, old(s1_hdr.overlay.0.swip)=167797761bv32, old(s1_hdr.overlay.0.valid)=true, old(s1_hdr.overlay.1.swip)=167797762bv32, old(s1_hdr.overlay.1.valid)=true, old(s1_hdr.overlay.2.swip)=0bv32, old(s1_hdr.overlay.2.valid)=true, old(s1_hdr.overlay.3.swip)=0bv32, old(s1_hdr.overlay.3.valid)=true, old(s1_hdr.overlay.4.swip)=0bv32, old(s1_hdr.overlay.4.valid)=true, old(s1_hdr.overlay.5.swip)=0bv32, old(s1_hdr.overlay.5.valid)=false, old(s1_hdr.overlay.6.swip)=0bv32, old(s1_hdr.overlay.6.valid)=true, old(s1_hdr.overlay.7.swip)=0bv32, old(s1_hdr.overlay.7.valid)=false, old(s1_hdr.overlay.8.swip)=0bv32, old(s1_hdr.overlay.8.valid)=true, old(s1_hdr.overlay.9.valid)=false, old(s1_hdr.udp.checksum)=0bv16, old(s1_hdr.udp.dstPort)=0bv16, old(s1_hdr.udp.len)=4bv16, old(s1_ipv4_route.hit)=false, old(s1_ipv4_route.set_egress.egress_spec_1)=0bv9, old(s1_maintain_sequence.hit)=false, old(s1_meta.location.index)=0bv16, old(s1_meta.my_md.ipaddress)=0bv32, old(s1_meta.my_md.role)=0bv16, old(s1_meta.reply_to_client_md.ipv4_dstAddr)=0bv32, old(s1_meta.reply_to_client_md.ipv4_srcAddr)=0bv32, old(s1_meta.sequence_md.seq)=0bv16, old(s1_p4b_checksum_error)=false, old(s1_p4b_checksum_updated)=false, old(s1_p4b_checksum_verified)=false, old(s1_p4b_clone_e2e)=false, old(s1_p4b_clone_i2e)=false, old(s1_p4b_clone_i2i)=false, old(s1_p4b_digest)=false, old(s1_p4b_recirculate)=false, old(s1_pop_chain.hit)=false, old(s1_pop_chain_again.hit)=false, old(s1_read_value.hit)=false, old(s1_sequence_reg__last0_old_value)=0bv16, old(s1_sequence_reg__last0_value)=65535bv16, old(s1_sequence_reg__last_index)=0bv32, old(s1_sequence_reg__last_old_value)=0bv16, old(s1_sequence_reg__last_value)=65535bv16, old(s1_sequence_reg__last_write_site)=0, old(s1_sequence_reg__next_write_site)=0, old(s1_sequence_reg__wrote_any)=true, old(s1_sequence_reg__wrote_index0)=true, old(s1_standard_metadata.egress_port)=3bv9, old(s1_standard_metadata.egress_spec)=0bv9, old(s1_value_reg__last0_old_value)=0bv128, old(s1_value_reg__last0_value)=0bv128, old(s1_value_reg__last_index)=0bv32, old(s1_value_reg__last_old_value)=0bv128, old(s1_value_reg__last_value)=0bv128, old(s1_value_reg__last_write_site)=0, old(s1_value_reg__next_write_site)=0, old(s1_value_reg__wrote_any)=false, old(s1_value_reg__wrote_index0)=false, procurator_phase=2, procurator_step=2, s1_assign_value.hit=false, s1_drop=false, s1_drop_packet.hit=false, s1_ethernet_set_mac.ethernet_set_mac_act.dmac=0bv48, s1_ethernet_set_mac.ethernet_set_mac_act.smac=0bv48, s1_ethernet_set_mac.hit=false, s1_failure_recovery.hit=false, s1_find_index.find_index_act.index_1=0bv16, s1_find_index.hit=true, s1_forward=false, s1_gen_reply.gen_reply_act.message_type=0bv8, s1_gen_reply.hit=false, s1_get_my_address.get_my_address_act.sw_ip=0bv32, s1_get_my_address.get_my_address_act.sw_role=0bv16, s1_get_my_address.hit=false, s1_get_next_hop.hit=false, s1_get_sequence.hit=false, s1_hdr.ethernet.dstAddr=0bv48, s1_hdr.ethernet.etherType=2048bv16, s1_hdr.ethernet.srcAddr=0bv48, s1_hdr.ethernet.valid=true, s1_hdr.ipv4.diffserv=0bv8, s1_hdr.ipv4.dstAddr=167797761bv32, s1_hdr.ipv4.flags=0bv3, s1_hdr.ipv4.fragOffset=0bv13, s1_hdr.ipv4.hdrChecksum=0bv16, s1_hdr.ipv4.identification=0bv16, s1_hdr.ipv4.ihl=0bv4, s1_hdr.ipv4.protocol=17bv8, s1_hdr.ipv4.srcAddr=1bv32, s1_hdr.ipv4.totalLen=4bv16, s1_hdr.ipv4.ttl=0bv8, s1_hdr.ipv4.valid=true, s1_hdr.ipv4.version=0bv4, s1_hdr.nc_hdr.key=2024bv128, s1_hdr.nc_hdr.op=12bv8, s1_hdr.nc_hdr.sc=1bv8, s1_hdr.nc_hdr.seq=1bv16, s1_hdr.nc_hdr.valid=true, s1_hdr.nc_hdr.value=0bv128, s1_hdr.nc_hdr.vgroup=0bv16, s1_hdr.overlay.0.swip=167797761bv32, s1_hdr.overlay.0.valid=true, s1_hdr.overlay.1.swip=167797762bv32, s1_hdr.overlay.1.valid=true, s1_hdr.overlay.2.swip=0bv32, s1_hdr.overlay.2.valid=true, s1_hdr.overlay.3.swip=0bv32, s1_hdr.overlay.3.valid=true, s1_hdr.overlay.4.swip=0bv32, s1_hdr.overlay.4.valid=true, s1_hdr.overlay.5.swip=0bv32, s1_hdr.overlay.5.valid=false, s1_hdr.overlay.6.swip=0bv32, s1_hdr.overlay.6.valid=true, s1_hdr.overlay.7.swip=0bv32, s1_hdr.overlay.7.valid=false, s1_hdr.overlay.8.swip=0bv32, s1_hdr.overlay.8.valid=true, s1_hdr.overlay.9.swip=0bv32, s1_hdr.overlay.9.valid=false, s1_hdr.overlay.last.swip=0bv32, s1_hdr.overlay.last.valid=false, s1_hdr.tcp.ackNo=0bv32, s1_hdr.tcp.checksum=0bv16, s1_hdr.tcp.ctrl=0bv6, s1_hdr.tcp.dataOffset=0bv4, s1_hdr.tcp.dstPort=0bv16, s1_hdr.tcp.ecn=0bv3, s1_hdr.tcp.res=0bv3, s1_hdr.tcp.seqNo=0bv32, s1_hdr.tcp.srcPort=0bv16, s1_hdr.tcp.urgentPtr=0bv16, s1_hdr.tcp.valid=false, s1_hdr.tcp.window=0bv16, s1_hdr.udp.checksum=0bv16, s1_hdr.udp.dstPort=0bv16, s1_hdr.udp.len=4bv16, s1_hdr.udp.srcPort=0bv16, s1_hdr.udp.valid=true, s1_inbox_count=0, s1_ipv4_route.hit=false, s1_ipv4_route.set_egress.egress_spec_1=0bv9, s1_maintain_sequence.hit=false, s1_meta.location.index=0bv16, s1_meta.my_md.failed=0bv16, s1_meta.my_md.ipaddress=0bv32, s1_meta.my_md.role=0bv16, s1_meta.reply_to_client_md.ipv4_dstAddr=0bv32, s1_meta.reply_to_client_md.ipv4_srcAddr=0bv32, s1_meta.sequence_md.seq=0bv16, s1_meta.sequence_md.tmp=0bv16, s1_p4b_checksum_error=false, s1_p4b_checksum_updated=false, s1_p4b_checksum_verified=false, s1_p4b_clone_e2e=false, s1_p4b_clone_i2e=false, s1_p4b_clone_i2i=false, s1_p4b_digest=false, s1_p4b_recirculate=false, s1_pkt_external=true, s1_pop_chain.hit=false, s1_pop_chain_again.hit=false, s1_read_value.hit=false, s1_sequence_reg__last0_old_value=0bv16, s1_sequence_reg__last0_value=65535bv16, s1_sequence_reg__last_index=0bv32, s1_sequence_reg__last_old_value=0bv16, s1_sequence_reg__last_value=65535bv16, s1_sequence_reg__last_write_site=0, s1_sequence_reg__next_write_site=0, s1_sequence_reg__wrote_any=true, s1_sequence_reg__wrote_index0=true, s1_standard_metadata.checksum_error=0bv1, s1_standard_metadata.deq_qdepth=0bv19, s1_standard_metadata.deq_timedelta=0bv32, s1_standard_metadata.egress_global_timestamp=0bv48, s1_standard_metadata.egress_port=3bv9, s1_standard_metadata.egress_rid=0bv16, s1_standard_metadata.egress_spec=0bv9, s1_standard_metadata.enq_qdepth=0bv19, s1_standard_metadata.enq_timestamp=0bv32, s1_standard_metadata.ingress_global_timestamp=0bv48, s1_standard_metadata.ingress_port=0bv9, s1_standard_metadata.instance_type=0bv32, s1_standard_metadata.mcast_grp=0bv16, s1_standard_metadata.packet_length=0bv32, s1_standard_metadata.parser_error=0bv1, s1_standard_metadata.priority=0bv3, s1_value_reg__last0_old_value=0bv128, s1_value_reg__last0_value=0bv128, s1_value_reg__last_index=0bv32, s1_value_reg__last_old_value=0bv128, s1_value_reg__last_value=0bv128, s1_value_reg__last_write_site=0, s1_value_reg__next_write_site=0, s1_value_reg__wrote_any=false, s1_value_reg__wrote_index0=false, s2_find_index.hit=true, s2_inbox_count=0, s2_meta.location.index=0bv16, s2_meta.my_md.role=101bv16, s2_p4b_clone_e2e=false, s2_p4b_clone_i2e=false, s2_p4b_clone_i2i=false, s2_p4b_recirculate=false, s2_pkt_external=false, s2_sequence_reg__last0_old_value=0bv16, s2_sequence_reg__last0_value=65535bv16, s2_sequence_reg__last_index=0bv32, s2_sequence_reg__last_old_value=0bv16, s2_sequence_reg__last_value=65535bv16, s2_sequence_reg__last_write_site=0, s2_sequence_reg__next_write_site=0, s2_sequence_reg__wrote_any=true, s2_sequence_reg__wrote_index0=true, s2_value_reg__last0_old_value=0bv128, s2_value_reg__last0_value=0bv128, s2_value_reg__last_index=0bv32, s2_value_reg__last_old_value=0bv128, s2_value_reg__last_value=0bv128, s2_value_reg__last_write_site=0, s2_value_reg__next_write_site=0, s2_value_reg__wrote_any=false, s2_value_reg__wrote_index0=false]
[L443]   FCALL       call s1_packet_in.extract(s1_hdr.ipv4);
[L444]               s1_hdr.ipv4.protocol := 17bv8;
         VAL         [h1_hdr.ethernet.dstAddr=0bv48, h1_hdr.ethernet.etherType=2048bv16, h1_hdr.ethernet.srcAddr=0bv48, h1_hdr.ethernet.valid=true, h1_hdr.ipv4.diffserv=0bv8, h1_hdr.ipv4.dstAddr=167797761bv32, h1_hdr.ipv4.flags=0bv3, h1_hdr.ipv4.fragOffset=0bv13, h1_hdr.ipv4.hdrChecksum=0bv16, h1_hdr.ipv4.identification=0bv16, h1_hdr.ipv4.ihl=0bv4, h1_hdr.ipv4.protocol=17bv8, h1_hdr.ipv4.srcAddr=1bv32, h1_hdr.ipv4.totalLen=4bv16, h1_hdr.ipv4.ttl=0bv8, h1_hdr.ipv4.valid=true, h1_hdr.ipv4.version=0bv4, h1_hdr.nc_hdr.key=2024bv128, h1_hdr.nc_hdr.op=12bv8, h1_hdr.nc_hdr.sc=1bv8, h1_hdr.nc_hdr.seq=1bv16, h1_hdr.nc_hdr.valid=true, h1_hdr.nc_hdr.value=0bv128, h1_hdr.nc_hdr.vgroup=0bv16, h1_hdr.overlay.0.swip=167797761bv32, h1_hdr.overlay.0.valid=true, h1_hdr.overlay.1.swip=167797762bv32, h1_hdr.overlay.1.valid=true, h1_hdr.overlay.2.swip=0bv32, h1_hdr.overlay.2.valid=true, h1_hdr.overlay.3.swip=0bv32, h1_hdr.overlay.3.valid=true, h1_hdr.overlay.4.swip=0bv32, h1_hdr.overlay.4.valid=true, h1_hdr.overlay.5.swip=0bv32, h1_hdr.overlay.5.valid=false, h1_hdr.overlay.6.swip=0bv32, h1_hdr.overlay.6.valid=true, h1_hdr.overlay.7.swip=0bv32, h1_hdr.overlay.7.valid=false, h1_hdr.overlay.8.swip=0bv32, h1_hdr.overlay.8.valid=true, h1_hdr.overlay.9.swip=0bv32, h1_hdr.overlay.9.valid=false, h1_hdr.overlay.last.swip=0bv32, h1_hdr.overlay.last.valid=false, h1_hdr.tcp.ackNo=0bv32, h1_hdr.tcp.checksum=0bv16, h1_hdr.tcp.ctrl=0bv6, h1_hdr.tcp.dataOffset=0bv4, h1_hdr.tcp.dstPort=0bv16, h1_hdr.tcp.ecn=0bv3, h1_hdr.tcp.res=0bv3, h1_hdr.tcp.seqNo=0bv32, h1_hdr.tcp.srcPort=0bv16, h1_hdr.tcp.urgentPtr=0bv16, h1_hdr.tcp.valid=false, h1_hdr.tcp.window=0bv16, h1_hdr.udp.checksum=0bv16, h1_hdr.udp.dstPort=0bv16, h1_hdr.udp.len=4bv16, h1_hdr.udp.srcPort=0bv16, h1_hdr.udp.valid=true, h1_inbox_count=0, h1_meta.location.index=0bv16, h1_meta.my_md.failed=0bv16, h1_meta.my_md.ipaddress=0bv32, h1_meta.my_md.role=0bv16, h1_meta.reply_to_client_md.ipv4_dstAddr=0bv32, h1_meta.reply_to_client_md.ipv4_srcAddr=0bv32, h1_meta.sequence_md.seq=0bv16, h1_meta.sequence_md.tmp=0bv16, h1_pkt_external=false, h1_standard_metadata.checksum_error=0bv1, h1_standard_metadata.deq_qdepth=0bv19, h1_standard_metadata.deq_timedelta=0bv32, h1_standard_metadata.egress_global_timestamp=0bv48, h1_standard_metadata.egress_rid=0bv16, h1_standard_metadata.enq_qdepth=0bv19, h1_standard_metadata.enq_timestamp=0bv32, h1_standard_metadata.ingress_global_timestamp=0bv48, h1_standard_metadata.ingress_port=0bv9, h1_standard_metadata.instance_type=0bv32, h1_standard_metadata.mcast_grp=0bv16, h1_standard_metadata.packet_length=0bv32, h1_standard_metadata.parser_error=0bv1, h1_standard_metadata.priority=0bv3, old(s1_assign_value.hit)=false, old(s1_drop)=false, old(s1_drop_packet.hit)=false, old(s1_ethernet_set_mac.ethernet_set_mac_act.dmac)=0bv48, old(s1_ethernet_set_mac.ethernet_set_mac_act.smac)=0bv48, old(s1_ethernet_set_mac.hit)=false, old(s1_failure_recovery.hit)=false, old(s1_find_index.find_index_act.index_1)=0bv16, old(s1_find_index.hit)=true, old(s1_forward)=false, old(s1_gen_reply.gen_reply_act.message_type)=0bv8, old(s1_gen_reply.hit)=false, old(s1_get_my_address.get_my_address_act.sw_ip)=0bv32, old(s1_get_my_address.get_my_address_act.sw_role)=0bv16, old(s1_get_my_address.hit)=false, old(s1_get_next_hop.hit)=false, old(s1_get_sequence.hit)=false, old(s1_hdr.ethernet.dstAddr)=0bv48, old(s1_hdr.ethernet.srcAddr)=0bv48, old(s1_hdr.ipv4.dstAddr)=167797761bv32, old(s1_hdr.ipv4.hdrChecksum)=0bv16, old(s1_hdr.ipv4.protocol)=17bv8, old(s1_hdr.ipv4.srcAddr)=1bv32, old(s1_hdr.ipv4.totalLen)=4bv16, old(s1_hdr.ipv4.ttl)=0bv8, old(s1_hdr.nc_hdr.key)=2024bv128, old(s1_hdr.nc_hdr.op)=12bv8, old(s1_hdr.nc_hdr.sc)=1bv8, old(s1_hdr.nc_hdr.seq)=1bv16, old(s1_hdr.nc_hdr.value)=0bv128, old(s1_hdr.nc_hdr.vgroup)=0bv16, old(s1_hdr.overlay.0.swip)=167797761bv32, old(s1_hdr.overlay.0.valid)=true, old(s1_hdr.overlay.1.swip)=167797762bv32, old(s1_hdr.overlay.1.valid)=true, old(s1_hdr.overlay.2.swip)=0bv32, old(s1_hdr.overlay.2.valid)=true, old(s1_hdr.overlay.3.swip)=0bv32, old(s1_hdr.overlay.3.valid)=true, old(s1_hdr.overlay.4.swip)=0bv32, old(s1_hdr.overlay.4.valid)=true, old(s1_hdr.overlay.5.swip)=0bv32, old(s1_hdr.overlay.5.valid)=false, old(s1_hdr.overlay.6.swip)=0bv32, old(s1_hdr.overlay.6.valid)=true, old(s1_hdr.overlay.7.swip)=0bv32, old(s1_hdr.overlay.7.valid)=false, old(s1_hdr.overlay.8.swip)=0bv32, old(s1_hdr.overlay.8.valid)=true, old(s1_hdr.overlay.9.valid)=false, old(s1_hdr.udp.checksum)=0bv16, old(s1_hdr.udp.dstPort)=0bv16, old(s1_hdr.udp.len)=4bv16, old(s1_ipv4_route.hit)=false, old(s1_ipv4_route.set_egress.egress_spec_1)=0bv9, old(s1_maintain_sequence.hit)=false, old(s1_meta.location.index)=0bv16, old(s1_meta.my_md.ipaddress)=0bv32, old(s1_meta.my_md.role)=0bv16, old(s1_meta.reply_to_client_md.ipv4_dstAddr)=0bv32, old(s1_meta.reply_to_client_md.ipv4_srcAddr)=0bv32, old(s1_meta.sequence_md.seq)=0bv16, old(s1_p4b_checksum_error)=false, old(s1_p4b_checksum_updated)=false, old(s1_p4b_checksum_verified)=false, old(s1_p4b_clone_e2e)=false, old(s1_p4b_clone_i2e)=false, old(s1_p4b_clone_i2i)=false, old(s1_p4b_digest)=false, old(s1_p4b_recirculate)=false, old(s1_pop_chain.hit)=false, old(s1_pop_chain_again.hit)=false, old(s1_read_value.hit)=false, old(s1_sequence_reg__last0_old_value)=0bv16, old(s1_sequence_reg__last0_value)=65535bv16, old(s1_sequence_reg__last_index)=0bv32, old(s1_sequence_reg__last_old_value)=0bv16, old(s1_sequence_reg__last_value)=65535bv16, old(s1_sequence_reg__last_write_site)=0, old(s1_sequence_reg__next_write_site)=0, old(s1_sequence_reg__wrote_any)=true, old(s1_sequence_reg__wrote_index0)=true, old(s1_standard_metadata.egress_port)=3bv9, old(s1_standard_metadata.egress_spec)=0bv9, old(s1_value_reg__last0_old_value)=0bv128, old(s1_value_reg__last0_value)=0bv128, old(s1_value_reg__last_index)=0bv32, old(s1_value_reg__last_old_value)=0bv128, old(s1_value_reg__last_value)=0bv128, old(s1_value_reg__last_write_site)=0, old(s1_value_reg__next_write_site)=0, old(s1_value_reg__wrote_any)=false, old(s1_value_reg__wrote_index0)=false, procurator_phase=2, procurator_step=2, s1_assign_value.hit=false, s1_drop=false, s1_drop_packet.hit=false, s1_ethernet_set_mac.ethernet_set_mac_act.dmac=0bv48, s1_ethernet_set_mac.ethernet_set_mac_act.smac=0bv48, s1_ethernet_set_mac.hit=false, s1_failure_recovery.hit=false, s1_find_index.find_index_act.index_1=0bv16, s1_find_index.hit=true, s1_forward=false, s1_gen_reply.gen_reply_act.message_type=0bv8, s1_gen_reply.hit=false, s1_get_my_address.get_my_address_act.sw_ip=0bv32, s1_get_my_address.get_my_address_act.sw_role=0bv16, s1_get_my_address.hit=false, s1_get_next_hop.hit=false, s1_get_sequence.hit=false, s1_hdr.ethernet.dstAddr=0bv48, s1_hdr.ethernet.etherType=2048bv16, s1_hdr.ethernet.srcAddr=0bv48, s1_hdr.ethernet.valid=true, s1_hdr.ipv4.diffserv=0bv8, s1_hdr.ipv4.dstAddr=167797761bv32, s1_hdr.ipv4.flags=0bv3, s1_hdr.ipv4.fragOffset=0bv13, s1_hdr.ipv4.hdrChecksum=0bv16, s1_hdr.ipv4.identification=0bv16, s1_hdr.ipv4.ihl=0bv4, s1_hdr.ipv4.protocol=17bv8, s1_hdr.ipv4.srcAddr=1bv32, s1_hdr.ipv4.totalLen=4bv16, s1_hdr.ipv4.ttl=0bv8, s1_hdr.ipv4.valid=true, s1_hdr.ipv4.version=0bv4, s1_hdr.nc_hdr.key=2024bv128, s1_hdr.nc_hdr.op=12bv8, s1_hdr.nc_hdr.sc=1bv8, s1_hdr.nc_hdr.seq=1bv16, s1_hdr.nc_hdr.valid=true, s1_hdr.nc_hdr.value=0bv128, s1_hdr.nc_hdr.vgroup=0bv16, s1_hdr.overlay.0.swip=167797761bv32, s1_hdr.overlay.0.valid=true, s1_hdr.overlay.1.swip=167797762bv32, s1_hdr.overlay.1.valid=true, s1_hdr.overlay.2.swip=0bv32, s1_hdr.overlay.2.valid=true, s1_hdr.overlay.3.swip=0bv32, s1_hdr.overlay.3.valid=true, s1_hdr.overlay.4.swip=0bv32, s1_hdr.overlay.4.valid=true, s1_hdr.overlay.5.swip=0bv32, s1_hdr.overlay.5.valid=false, s1_hdr.overlay.6.swip=0bv32, s1_hdr.overlay.6.valid=true, s1_hdr.overlay.7.swip=0bv32, s1_hdr.overlay.7.valid=false, s1_hdr.overlay.8.swip=0bv32, s1_hdr.overlay.8.valid=true, s1_hdr.overlay.9.swip=0bv32, s1_hdr.overlay.9.valid=false, s1_hdr.overlay.last.swip=0bv32, s1_hdr.overlay.last.valid=false, s1_hdr.tcp.ackNo=0bv32, s1_hdr.tcp.checksum=0bv16, s1_hdr.tcp.ctrl=0bv6, s1_hdr.tcp.dataOffset=0bv4, s1_hdr.tcp.dstPort=0bv16, s1_hdr.tcp.ecn=0bv3, s1_hdr.tcp.res=0bv3, s1_hdr.tcp.seqNo=0bv32, s1_hdr.tcp.srcPort=0bv16, s1_hdr.tcp.urgentPtr=0bv16, s1_hdr.tcp.valid=false, s1_hdr.tcp.window=0bv16, s1_hdr.udp.checksum=0bv16, s1_hdr.udp.dstPort=0bv16, s1_hdr.udp.len=4bv16, s1_hdr.udp.srcPort=0bv16, s1_hdr.udp.valid=true, s1_inbox_count=0, s1_ipv4_route.hit=false, s1_ipv4_route.set_egress.egress_spec_1=0bv9, s1_maintain_sequence.hit=false, s1_meta.location.index=0bv16, s1_meta.my_md.failed=0bv16, s1_meta.my_md.ipaddress=0bv32, s1_meta.my_md.role=0bv16, s1_meta.reply_to_client_md.ipv4_dstAddr=0bv32, s1_meta.reply_to_client_md.ipv4_srcAddr=0bv32, s1_meta.sequence_md.seq=0bv16, s1_meta.sequence_md.tmp=0bv16, s1_p4b_checksum_error=false, s1_p4b_checksum_updated=false, s1_p4b_checksum_verified=false, s1_p4b_clone_e2e=false, s1_p4b_clone_i2e=false, s1_p4b_clone_i2i=false, s1_p4b_digest=false, s1_p4b_recirculate=false, s1_pkt_external=true, s1_pop_chain.hit=false, s1_pop_chain_again.hit=false, s1_read_value.hit=false, s1_sequence_reg__last0_old_value=0bv16, s1_sequence_reg__last0_value=65535bv16, s1_sequence_reg__last_index=0bv32, s1_sequence_reg__last_old_value=0bv16, s1_sequence_reg__last_value=65535bv16, s1_sequence_reg__last_write_site=0, s1_sequence_reg__next_write_site=0, s1_sequence_reg__wrote_any=true, s1_sequence_reg__wrote_index0=true, s1_standard_metadata.checksum_error=0bv1, s1_standard_metadata.deq_qdepth=0bv19, s1_standard_metadata.deq_timedelta=0bv32, s1_standard_metadata.egress_global_timestamp=0bv48, s1_standard_metadata.egress_port=3bv9, s1_standard_metadata.egress_rid=0bv16, s1_standard_metadata.egress_spec=0bv9, s1_standard_metadata.enq_qdepth=0bv19, s1_standard_metadata.enq_timestamp=0bv32, s1_standard_metadata.ingress_global_timestamp=0bv48, s1_standard_metadata.ingress_port=0bv9, s1_standard_metadata.instance_type=0bv32, s1_standard_metadata.mcast_grp=0bv16, s1_standard_metadata.packet_length=0bv32, s1_standard_metadata.parser_error=0bv1, s1_standard_metadata.priority=0bv3, s1_value_reg__last0_old_value=0bv128, s1_value_reg__last0_value=0bv128, s1_value_reg__last_index=0bv32, s1_value_reg__last_old_value=0bv128, s1_value_reg__last_value=0bv128, s1_value_reg__last_write_site=0, s1_value_reg__next_write_site=0, s1_value_reg__wrote_any=false, s1_value_reg__wrote_index0=false, s2_find_index.hit=true, s2_inbox_count=0, s2_meta.location.index=0bv16, s2_meta.my_md.role=101bv16, s2_p4b_clone_e2e=false, s2_p4b_clone_i2e=false, s2_p4b_clone_i2i=false, s2_p4b_recirculate=false, s2_pkt_external=false, s2_sequence_reg__last0_old_value=0bv16, s2_sequence_reg__last0_value=65535bv16, s2_sequence_reg__last_index=0bv32, s2_sequence_reg__last_old_value=0bv16, s2_sequence_reg__last_value=65535bv16, s2_sequence_reg__last_write_site=0, s2_sequence_reg__next_write_site=0, s2_sequence_reg__wrote_any=true, s2_sequence_reg__wrote_index0=true, s2_value_reg__last0_old_value=0bv128, s2_value_reg__last0_value=0bv128, s2_value_reg__last_index=0bv32, s2_value_reg__last_old_value=0bv128, s2_value_reg__last_value=0bv128, s2_value_reg__last_write_site=0, s2_value_reg__next_write_site=0, s2_value_reg__wrote_any=false, s2_value_reg__wrote_index0=false]
[L452]               assume s1_hdr.ipv4.protocol == 17bv8;
         VAL         [h1_hdr.ethernet.dstAddr=0bv48, h1_hdr.ethernet.etherType=2048bv16, h1_hdr.ethernet.srcAddr=0bv48, h1_hdr.ethernet.valid=true, h1_hdr.ipv4.diffserv=0bv8, h1_hdr.ipv4.dstAddr=167797761bv32, h1_hdr.ipv4.flags=0bv3, h1_hdr.ipv4.fragOffset=0bv13, h1_hdr.ipv4.hdrChecksum=0bv16, h1_hdr.ipv4.identification=0bv16, h1_hdr.ipv4.ihl=0bv4, h1_hdr.ipv4.protocol=17bv8, h1_hdr.ipv4.srcAddr=1bv32, h1_hdr.ipv4.totalLen=4bv16, h1_hdr.ipv4.ttl=0bv8, h1_hdr.ipv4.valid=true, h1_hdr.ipv4.version=0bv4, h1_hdr.nc_hdr.key=2024bv128, h1_hdr.nc_hdr.op=12bv8, h1_hdr.nc_hdr.sc=1bv8, h1_hdr.nc_hdr.seq=1bv16, h1_hdr.nc_hdr.valid=true, h1_hdr.nc_hdr.value=0bv128, h1_hdr.nc_hdr.vgroup=0bv16, h1_hdr.overlay.0.swip=167797761bv32, h1_hdr.overlay.0.valid=true, h1_hdr.overlay.1.swip=167797762bv32, h1_hdr.overlay.1.valid=true, h1_hdr.overlay.2.swip=0bv32, h1_hdr.overlay.2.valid=true, h1_hdr.overlay.3.swip=0bv32, h1_hdr.overlay.3.valid=true, h1_hdr.overlay.4.swip=0bv32, h1_hdr.overlay.4.valid=true, h1_hdr.overlay.5.swip=0bv32, h1_hdr.overlay.5.valid=false, h1_hdr.overlay.6.swip=0bv32, h1_hdr.overlay.6.valid=true, h1_hdr.overlay.7.swip=0bv32, h1_hdr.overlay.7.valid=false, h1_hdr.overlay.8.swip=0bv32, h1_hdr.overlay.8.valid=true, h1_hdr.overlay.9.swip=0bv32, h1_hdr.overlay.9.valid=false, h1_hdr.overlay.last.swip=0bv32, h1_hdr.overlay.last.valid=false, h1_hdr.tcp.ackNo=0bv32, h1_hdr.tcp.checksum=0bv16, h1_hdr.tcp.ctrl=0bv6, h1_hdr.tcp.dataOffset=0bv4, h1_hdr.tcp.dstPort=0bv16, h1_hdr.tcp.ecn=0bv3, h1_hdr.tcp.res=0bv3, h1_hdr.tcp.seqNo=0bv32, h1_hdr.tcp.srcPort=0bv16, h1_hdr.tcp.urgentPtr=0bv16, h1_hdr.tcp.valid=false, h1_hdr.tcp.window=0bv16, h1_hdr.udp.checksum=0bv16, h1_hdr.udp.dstPort=0bv16, h1_hdr.udp.len=4bv16, h1_hdr.udp.srcPort=0bv16, h1_hdr.udp.valid=true, h1_inbox_count=0, h1_meta.location.index=0bv16, h1_meta.my_md.failed=0bv16, h1_meta.my_md.ipaddress=0bv32, h1_meta.my_md.role=0bv16, h1_meta.reply_to_client_md.ipv4_dstAddr=0bv32, h1_meta.reply_to_client_md.ipv4_srcAddr=0bv32, h1_meta.sequence_md.seq=0bv16, h1_meta.sequence_md.tmp=0bv16, h1_pkt_external=false, h1_standard_metadata.checksum_error=0bv1, h1_standard_metadata.deq_qdepth=0bv19, h1_standard_metadata.deq_timedelta=0bv32, h1_standard_metadata.egress_global_timestamp=0bv48, h1_standard_metadata.egress_rid=0bv16, h1_standard_metadata.enq_qdepth=0bv19, h1_standard_metadata.enq_timestamp=0bv32, h1_standard_metadata.ingress_global_timestamp=0bv48, h1_standard_metadata.ingress_port=0bv9, h1_standard_metadata.instance_type=0bv32, h1_standard_metadata.mcast_grp=0bv16, h1_standard_metadata.packet_length=0bv32, h1_standard_metadata.parser_error=0bv1, h1_standard_metadata.priority=0bv3, old(s1_assign_value.hit)=false, old(s1_drop)=false, old(s1_drop_packet.hit)=false, old(s1_ethernet_set_mac.ethernet_set_mac_act.dmac)=0bv48, old(s1_ethernet_set_mac.ethernet_set_mac_act.smac)=0bv48, old(s1_ethernet_set_mac.hit)=false, old(s1_failure_recovery.hit)=false, old(s1_find_index.find_index_act.index_1)=0bv16, old(s1_find_index.hit)=true, old(s1_forward)=false, old(s1_gen_reply.gen_reply_act.message_type)=0bv8, old(s1_gen_reply.hit)=false, old(s1_get_my_address.get_my_address_act.sw_ip)=0bv32, old(s1_get_my_address.get_my_address_act.sw_role)=0bv16, old(s1_get_my_address.hit)=false, old(s1_get_next_hop.hit)=false, old(s1_get_sequence.hit)=false, old(s1_hdr.ethernet.dstAddr)=0bv48, old(s1_hdr.ethernet.srcAddr)=0bv48, old(s1_hdr.ipv4.dstAddr)=167797761bv32, old(s1_hdr.ipv4.hdrChecksum)=0bv16, old(s1_hdr.ipv4.protocol)=17bv8, old(s1_hdr.ipv4.srcAddr)=1bv32, old(s1_hdr.ipv4.totalLen)=4bv16, old(s1_hdr.ipv4.ttl)=0bv8, old(s1_hdr.nc_hdr.key)=2024bv128, old(s1_hdr.nc_hdr.op)=12bv8, old(s1_hdr.nc_hdr.sc)=1bv8, old(s1_hdr.nc_hdr.seq)=1bv16, old(s1_hdr.nc_hdr.value)=0bv128, old(s1_hdr.nc_hdr.vgroup)=0bv16, old(s1_hdr.overlay.0.swip)=167797761bv32, old(s1_hdr.overlay.0.valid)=true, old(s1_hdr.overlay.1.swip)=167797762bv32, old(s1_hdr.overlay.1.valid)=true, old(s1_hdr.overlay.2.swip)=0bv32, old(s1_hdr.overlay.2.valid)=true, old(s1_hdr.overlay.3.swip)=0bv32, old(s1_hdr.overlay.3.valid)=true, old(s1_hdr.overlay.4.swip)=0bv32, old(s1_hdr.overlay.4.valid)=true, old(s1_hdr.overlay.5.swip)=0bv32, old(s1_hdr.overlay.5.valid)=false, old(s1_hdr.overlay.6.swip)=0bv32, old(s1_hdr.overlay.6.valid)=true, old(s1_hdr.overlay.7.swip)=0bv32, old(s1_hdr.overlay.7.valid)=false, old(s1_hdr.overlay.8.swip)=0bv32, old(s1_hdr.overlay.8.valid)=true, old(s1_hdr.overlay.9.valid)=false, old(s1_hdr.udp.checksum)=0bv16, old(s1_hdr.udp.dstPort)=0bv16, old(s1_hdr.udp.len)=4bv16, old(s1_ipv4_route.hit)=false, old(s1_ipv4_route.set_egress.egress_spec_1)=0bv9, old(s1_maintain_sequence.hit)=false, old(s1_meta.location.index)=0bv16, old(s1_meta.my_md.ipaddress)=0bv32, old(s1_meta.my_md.role)=0bv16, old(s1_meta.reply_to_client_md.ipv4_dstAddr)=0bv32, old(s1_meta.reply_to_client_md.ipv4_srcAddr)=0bv32, old(s1_meta.sequence_md.seq)=0bv16, old(s1_p4b_checksum_error)=false, old(s1_p4b_checksum_updated)=false, old(s1_p4b_checksum_verified)=false, old(s1_p4b_clone_e2e)=false, old(s1_p4b_clone_i2e)=false, old(s1_p4b_clone_i2i)=false, old(s1_p4b_digest)=false, old(s1_p4b_recirculate)=false, old(s1_pop_chain.hit)=false, old(s1_pop_chain_again.hit)=false, old(s1_read_value.hit)=false, old(s1_sequence_reg__last0_old_value)=0bv16, old(s1_sequence_reg__last0_value)=65535bv16, old(s1_sequence_reg__last_index)=0bv32, old(s1_sequence_reg__last_old_value)=0bv16, old(s1_sequence_reg__last_value)=65535bv16, old(s1_sequence_reg__last_write_site)=0, old(s1_sequence_reg__next_write_site)=0, old(s1_sequence_reg__wrote_any)=true, old(s1_sequence_reg__wrote_index0)=true, old(s1_standard_metadata.egress_port)=3bv9, old(s1_standard_metadata.egress_spec)=0bv9, old(s1_value_reg__last0_old_value)=0bv128, old(s1_value_reg__last0_value)=0bv128, old(s1_value_reg__last_index)=0bv32, old(s1_value_reg__last_old_value)=0bv128, old(s1_value_reg__last_value)=0bv128, old(s1_value_reg__last_write_site)=0, old(s1_value_reg__next_write_site)=0, old(s1_value_reg__wrote_any)=false, old(s1_value_reg__wrote_index0)=false, procurator_phase=2, procurator_step=2, s1_assign_value.hit=false, s1_drop=false, s1_drop_packet.hit=false, s1_ethernet_set_mac.ethernet_set_mac_act.dmac=0bv48, s1_ethernet_set_mac.ethernet_set_mac_act.smac=0bv48, s1_ethernet_set_mac.hit=false, s1_failure_recovery.hit=false, s1_find_index.find_index_act.index_1=0bv16, s1_find_index.hit=true, s1_forward=false, s1_gen_reply.gen_reply_act.message_type=0bv8, s1_gen_reply.hit=false, s1_get_my_address.get_my_address_act.sw_ip=0bv32, s1_get_my_address.get_my_address_act.sw_role=0bv16, s1_get_my_address.hit=false, s1_get_next_hop.hit=false, s1_get_sequence.hit=false, s1_hdr.ethernet.dstAddr=0bv48, s1_hdr.ethernet.etherType=2048bv16, s1_hdr.ethernet.srcAddr=0bv48, s1_hdr.ethernet.valid=true, s1_hdr.ipv4.diffserv=0bv8, s1_hdr.ipv4.dstAddr=167797761bv32, s1_hdr.ipv4.flags=0bv3, s1_hdr.ipv4.fragOffset=0bv13, s1_hdr.ipv4.hdrChecksum=0bv16, s1_hdr.ipv4.identification=0bv16, s1_hdr.ipv4.ihl=0bv4, s1_hdr.ipv4.protocol=17bv8, s1_hdr.ipv4.srcAddr=1bv32, s1_hdr.ipv4.totalLen=4bv16, s1_hdr.ipv4.ttl=0bv8, s1_hdr.ipv4.valid=true, s1_hdr.ipv4.version=0bv4, s1_hdr.nc_hdr.key=2024bv128, s1_hdr.nc_hdr.op=12bv8, s1_hdr.nc_hdr.sc=1bv8, s1_hdr.nc_hdr.seq=1bv16, s1_hdr.nc_hdr.valid=true, s1_hdr.nc_hdr.value=0bv128, s1_hdr.nc_hdr.vgroup=0bv16, s1_hdr.overlay.0.swip=167797761bv32, s1_hdr.overlay.0.valid=true, s1_hdr.overlay.1.swip=167797762bv32, s1_hdr.overlay.1.valid=true, s1_hdr.overlay.2.swip=0bv32, s1_hdr.overlay.2.valid=true, s1_hdr.overlay.3.swip=0bv32, s1_hdr.overlay.3.valid=true, s1_hdr.overlay.4.swip=0bv32, s1_hdr.overlay.4.valid=true, s1_hdr.overlay.5.swip=0bv32, s1_hdr.overlay.5.valid=false, s1_hdr.overlay.6.swip=0bv32, s1_hdr.overlay.6.valid=true, s1_hdr.overlay.7.swip=0bv32, s1_hdr.overlay.7.valid=false, s1_hdr.overlay.8.swip=0bv32, s1_hdr.overlay.8.valid=true, s1_hdr.overlay.9.swip=0bv32, s1_hdr.overlay.9.valid=false, s1_hdr.overlay.last.swip=0bv32, s1_hdr.overlay.last.valid=false, s1_hdr.tcp.ackNo=0bv32, s1_hdr.tcp.checksum=0bv16, s1_hdr.tcp.ctrl=0bv6, s1_hdr.tcp.dataOffset=0bv4, s1_hdr.tcp.dstPort=0bv16, s1_hdr.tcp.ecn=0bv3, s1_hdr.tcp.res=0bv3, s1_hdr.tcp.seqNo=0bv32, s1_hdr.tcp.srcPort=0bv16, s1_hdr.tcp.urgentPtr=0bv16, s1_hdr.tcp.valid=false, s1_hdr.tcp.window=0bv16, s1_hdr.udp.checksum=0bv16, s1_hdr.udp.dstPort=0bv16, s1_hdr.udp.len=4bv16, s1_hdr.udp.srcPort=0bv16, s1_hdr.udp.valid=true, s1_inbox_count=0, s1_ipv4_route.hit=false, s1_ipv4_route.set_egress.egress_spec_1=0bv9, s1_maintain_sequence.hit=false, s1_meta.location.index=0bv16, s1_meta.my_md.failed=0bv16, s1_meta.my_md.ipaddress=0bv32, s1_meta.my_md.role=0bv16, s1_meta.reply_to_client_md.ipv4_dstAddr=0bv32, s1_meta.reply_to_client_md.ipv4_srcAddr=0bv32, s1_meta.sequence_md.seq=0bv16, s1_meta.sequence_md.tmp=0bv16, s1_p4b_checksum_error=false, s1_p4b_checksum_updated=false, s1_p4b_checksum_verified=false, s1_p4b_clone_e2e=false, s1_p4b_clone_i2e=false, s1_p4b_clone_i2i=false, s1_p4b_digest=false, s1_p4b_recirculate=false, s1_pkt_external=true, s1_pop_chain.hit=false, s1_pop_chain_again.hit=false, s1_read_value.hit=false, s1_sequence_reg__last0_old_value=0bv16, s1_sequence_reg__last0_value=65535bv16, s1_sequence_reg__last_index=0bv32, s1_sequence_reg__last_old_value=0bv16, s1_sequence_reg__last_value=65535bv16, s1_sequence_reg__last_write_site=0, s1_sequence_reg__next_write_site=0, s1_sequence_reg__wrote_any=true, s1_sequence_reg__wrote_index0=true, s1_standard_metadata.checksum_error=0bv1, s1_standard_metadata.deq_qdepth=0bv19, s1_standard_metadata.deq_timedelta=0bv32, s1_standard_metadata.egress_global_timestamp=0bv48, s1_standard_metadata.egress_port=3bv9, s1_standard_metadata.egress_rid=0bv16, s1_standard_metadata.egress_spec=0bv9, s1_standard_metadata.enq_qdepth=0bv19, s1_standard_metadata.enq_timestamp=0bv32, s1_standard_metadata.ingress_global_timestamp=0bv48, s1_standard_metadata.ingress_port=0bv9, s1_standard_metadata.instance_type=0bv32, s1_standard_metadata.mcast_grp=0bv16, s1_standard_metadata.packet_length=0bv32, s1_standard_metadata.parser_error=0bv1, s1_standard_metadata.priority=0bv3, s1_value_reg__last0_old_value=0bv128, s1_value_reg__last0_value=0bv128, s1_value_reg__last_index=0bv32, s1_value_reg__last_old_value=0bv128, s1_value_reg__last_value=0bv128, s1_value_reg__last_write_site=0, s1_value_reg__next_write_site=0, s1_value_reg__wrote_any=false, s1_value_reg__wrote_index0=false, s2_find_index.hit=true, s2_inbox_count=0, s2_meta.location.index=0bv16, s2_meta.my_md.role=101bv16, s2_p4b_clone_e2e=false, s2_p4b_clone_i2e=false, s2_p4b_clone_i2i=false, s2_p4b_recirculate=false, s2_pkt_external=false, s2_sequence_reg__last0_old_value=0bv16, s2_sequence_reg__last0_value=65535bv16, s2_sequence_reg__last_index=0bv32, s2_sequence_reg__last_old_value=0bv16, s2_sequence_reg__last_value=65535bv16, s2_sequence_reg__last_write_site=0, s2_sequence_reg__next_write_site=0, s2_sequence_reg__wrote_any=true, s2_sequence_reg__wrote_index0=true, s2_value_reg__last0_old_value=0bv128, s2_value_reg__last0_value=0bv128, s2_value_reg__last_index=0bv32, s2_value_reg__last_old_value=0bv128, s2_value_reg__last_value=0bv128, s2_value_reg__last_write_site=0, s2_value_reg__next_write_site=0, s2_value_reg__wrote_any=false, s2_value_reg__wrote_index0=false]
[L492]   FCALL       call s1_packet_in.extract(s1_hdr.udp);
[L493]               s1_hdr.udp.dstPort := 8888bv16;
         VAL         [h1_hdr.ethernet.dstAddr=0bv48, h1_hdr.ethernet.etherType=2048bv16, h1_hdr.ethernet.srcAddr=0bv48, h1_hdr.ethernet.valid=true, h1_hdr.ipv4.diffserv=0bv8, h1_hdr.ipv4.dstAddr=167797761bv32, h1_hdr.ipv4.flags=0bv3, h1_hdr.ipv4.fragOffset=0bv13, h1_hdr.ipv4.hdrChecksum=0bv16, h1_hdr.ipv4.identification=0bv16, h1_hdr.ipv4.ihl=0bv4, h1_hdr.ipv4.protocol=17bv8, h1_hdr.ipv4.srcAddr=1bv32, h1_hdr.ipv4.totalLen=4bv16, h1_hdr.ipv4.ttl=0bv8, h1_hdr.ipv4.valid=true, h1_hdr.ipv4.version=0bv4, h1_hdr.nc_hdr.key=2024bv128, h1_hdr.nc_hdr.op=12bv8, h1_hdr.nc_hdr.sc=1bv8, h1_hdr.nc_hdr.seq=1bv16, h1_hdr.nc_hdr.valid=true, h1_hdr.nc_hdr.value=0bv128, h1_hdr.nc_hdr.vgroup=0bv16, h1_hdr.overlay.0.swip=167797761bv32, h1_hdr.overlay.0.valid=true, h1_hdr.overlay.1.swip=167797762bv32, h1_hdr.overlay.1.valid=true, h1_hdr.overlay.2.swip=0bv32, h1_hdr.overlay.2.valid=true, h1_hdr.overlay.3.swip=0bv32, h1_hdr.overlay.3.valid=true, h1_hdr.overlay.4.swip=0bv32, h1_hdr.overlay.4.valid=true, h1_hdr.overlay.5.swip=0bv32, h1_hdr.overlay.5.valid=false, h1_hdr.overlay.6.swip=0bv32, h1_hdr.overlay.6.valid=true, h1_hdr.overlay.7.swip=0bv32, h1_hdr.overlay.7.valid=false, h1_hdr.overlay.8.swip=0bv32, h1_hdr.overlay.8.valid=true, h1_hdr.overlay.9.swip=0bv32, h1_hdr.overlay.9.valid=false, h1_hdr.overlay.last.swip=0bv32, h1_hdr.overlay.last.valid=false, h1_hdr.tcp.ackNo=0bv32, h1_hdr.tcp.checksum=0bv16, h1_hdr.tcp.ctrl=0bv6, h1_hdr.tcp.dataOffset=0bv4, h1_hdr.tcp.dstPort=0bv16, h1_hdr.tcp.ecn=0bv3, h1_hdr.tcp.res=0bv3, h1_hdr.tcp.seqNo=0bv32, h1_hdr.tcp.srcPort=0bv16, h1_hdr.tcp.urgentPtr=0bv16, h1_hdr.tcp.valid=false, h1_hdr.tcp.window=0bv16, h1_hdr.udp.checksum=0bv16, h1_hdr.udp.dstPort=0bv16, h1_hdr.udp.len=4bv16, h1_hdr.udp.srcPort=0bv16, h1_hdr.udp.valid=true, h1_inbox_count=0, h1_meta.location.index=0bv16, h1_meta.my_md.failed=0bv16, h1_meta.my_md.ipaddress=0bv32, h1_meta.my_md.role=0bv16, h1_meta.reply_to_client_md.ipv4_dstAddr=0bv32, h1_meta.reply_to_client_md.ipv4_srcAddr=0bv32, h1_meta.sequence_md.seq=0bv16, h1_meta.sequence_md.tmp=0bv16, h1_pkt_external=false, h1_standard_metadata.checksum_error=0bv1, h1_standard_metadata.deq_qdepth=0bv19, h1_standard_metadata.deq_timedelta=0bv32, h1_standard_metadata.egress_global_timestamp=0bv48, h1_standard_metadata.egress_rid=0bv16, h1_standard_metadata.enq_qdepth=0bv19, h1_standard_metadata.enq_timestamp=0bv32, h1_standard_metadata.ingress_global_timestamp=0bv48, h1_standard_metadata.ingress_port=0bv9, h1_standard_metadata.instance_type=0bv32, h1_standard_metadata.mcast_grp=0bv16, h1_standard_metadata.packet_length=0bv32, h1_standard_metadata.parser_error=0bv1, h1_standard_metadata.priority=0bv3, old(s1_assign_value.hit)=false, old(s1_drop)=false, old(s1_drop_packet.hit)=false, old(s1_ethernet_set_mac.ethernet_set_mac_act.dmac)=0bv48, old(s1_ethernet_set_mac.ethernet_set_mac_act.smac)=0bv48, old(s1_ethernet_set_mac.hit)=false, old(s1_failure_recovery.hit)=false, old(s1_find_index.find_index_act.index_1)=0bv16, old(s1_find_index.hit)=true, old(s1_forward)=false, old(s1_gen_reply.gen_reply_act.message_type)=0bv8, old(s1_gen_reply.hit)=false, old(s1_get_my_address.get_my_address_act.sw_ip)=0bv32, old(s1_get_my_address.get_my_address_act.sw_role)=0bv16, old(s1_get_my_address.hit)=false, old(s1_get_next_hop.hit)=false, old(s1_get_sequence.hit)=false, old(s1_hdr.ethernet.dstAddr)=0bv48, old(s1_hdr.ethernet.srcAddr)=0bv48, old(s1_hdr.ipv4.dstAddr)=167797761bv32, old(s1_hdr.ipv4.hdrChecksum)=0bv16, old(s1_hdr.ipv4.protocol)=17bv8, old(s1_hdr.ipv4.srcAddr)=1bv32, old(s1_hdr.ipv4.totalLen)=4bv16, old(s1_hdr.ipv4.ttl)=0bv8, old(s1_hdr.nc_hdr.key)=2024bv128, old(s1_hdr.nc_hdr.op)=12bv8, old(s1_hdr.nc_hdr.sc)=1bv8, old(s1_hdr.nc_hdr.seq)=1bv16, old(s1_hdr.nc_hdr.value)=0bv128, old(s1_hdr.nc_hdr.vgroup)=0bv16, old(s1_hdr.overlay.0.swip)=167797761bv32, old(s1_hdr.overlay.0.valid)=true, old(s1_hdr.overlay.1.swip)=167797762bv32, old(s1_hdr.overlay.1.valid)=true, old(s1_hdr.overlay.2.swip)=0bv32, old(s1_hdr.overlay.2.valid)=true, old(s1_hdr.overlay.3.swip)=0bv32, old(s1_hdr.overlay.3.valid)=true, old(s1_hdr.overlay.4.swip)=0bv32, old(s1_hdr.overlay.4.valid)=true, old(s1_hdr.overlay.5.swip)=0bv32, old(s1_hdr.overlay.5.valid)=false, old(s1_hdr.overlay.6.swip)=0bv32, old(s1_hdr.overlay.6.valid)=true, old(s1_hdr.overlay.7.swip)=0bv32, old(s1_hdr.overlay.7.valid)=false, old(s1_hdr.overlay.8.swip)=0bv32, old(s1_hdr.overlay.8.valid)=true, old(s1_hdr.overlay.9.valid)=false, old(s1_hdr.udp.checksum)=0bv16, old(s1_hdr.udp.dstPort)=0bv16, old(s1_hdr.udp.len)=4bv16, old(s1_ipv4_route.hit)=false, old(s1_ipv4_route.set_egress.egress_spec_1)=0bv9, old(s1_maintain_sequence.hit)=false, old(s1_meta.location.index)=0bv16, old(s1_meta.my_md.ipaddress)=0bv32, old(s1_meta.my_md.role)=0bv16, old(s1_meta.reply_to_client_md.ipv4_dstAddr)=0bv32, old(s1_meta.reply_to_client_md.ipv4_srcAddr)=0bv32, old(s1_meta.sequence_md.seq)=0bv16, old(s1_p4b_checksum_error)=false, old(s1_p4b_checksum_updated)=false, old(s1_p4b_checksum_verified)=false, old(s1_p4b_clone_e2e)=false, old(s1_p4b_clone_i2e)=false, old(s1_p4b_clone_i2i)=false, old(s1_p4b_digest)=false, old(s1_p4b_recirculate)=false, old(s1_pop_chain.hit)=false, old(s1_pop_chain_again.hit)=false, old(s1_read_value.hit)=false, old(s1_sequence_reg__last0_old_value)=0bv16, old(s1_sequence_reg__last0_value)=65535bv16, old(s1_sequence_reg__last_index)=0bv32, old(s1_sequence_reg__last_old_value)=0bv16, old(s1_sequence_reg__last_value)=65535bv16, old(s1_sequence_reg__last_write_site)=0, old(s1_sequence_reg__next_write_site)=0, old(s1_sequence_reg__wrote_any)=true, old(s1_sequence_reg__wrote_index0)=true, old(s1_standard_metadata.egress_port)=3bv9, old(s1_standard_metadata.egress_spec)=0bv9, old(s1_value_reg__last0_old_value)=0bv128, old(s1_value_reg__last0_value)=0bv128, old(s1_value_reg__last_index)=0bv32, old(s1_value_reg__last_old_value)=0bv128, old(s1_value_reg__last_value)=0bv128, old(s1_value_reg__last_write_site)=0, old(s1_value_reg__next_write_site)=0, old(s1_value_reg__wrote_any)=false, old(s1_value_reg__wrote_index0)=false, procurator_phase=2, procurator_step=2, s1_assign_value.hit=false, s1_drop=false, s1_drop_packet.hit=false, s1_ethernet_set_mac.ethernet_set_mac_act.dmac=0bv48, s1_ethernet_set_mac.ethernet_set_mac_act.smac=0bv48, s1_ethernet_set_mac.hit=false, s1_failure_recovery.hit=false, s1_find_index.find_index_act.index_1=0bv16, s1_find_index.hit=true, s1_forward=false, s1_gen_reply.gen_reply_act.message_type=0bv8, s1_gen_reply.hit=false, s1_get_my_address.get_my_address_act.sw_ip=0bv32, s1_get_my_address.get_my_address_act.sw_role=0bv16, s1_get_my_address.hit=false, s1_get_next_hop.hit=false, s1_get_sequence.hit=false, s1_hdr.ethernet.dstAddr=0bv48, s1_hdr.ethernet.etherType=2048bv16, s1_hdr.ethernet.srcAddr=0bv48, s1_hdr.ethernet.valid=true, s1_hdr.ipv4.diffserv=0bv8, s1_hdr.ipv4.dstAddr=167797761bv32, s1_hdr.ipv4.flags=0bv3, s1_hdr.ipv4.fragOffset=0bv13, s1_hdr.ipv4.hdrChecksum=0bv16, s1_hdr.ipv4.identification=0bv16, s1_hdr.ipv4.ihl=0bv4, s1_hdr.ipv4.protocol=17bv8, s1_hdr.ipv4.srcAddr=1bv32, s1_hdr.ipv4.totalLen=4bv16, s1_hdr.ipv4.ttl=0bv8, s1_hdr.ipv4.valid=true, s1_hdr.ipv4.version=0bv4, s1_hdr.nc_hdr.key=2024bv128, s1_hdr.nc_hdr.op=12bv8, s1_hdr.nc_hdr.sc=1bv8, s1_hdr.nc_hdr.seq=1bv16, s1_hdr.nc_hdr.valid=true, s1_hdr.nc_hdr.value=0bv128, s1_hdr.nc_hdr.vgroup=0bv16, s1_hdr.overlay.0.swip=167797761bv32, s1_hdr.overlay.0.valid=true, s1_hdr.overlay.1.swip=167797762bv32, s1_hdr.overlay.1.valid=true, s1_hdr.overlay.2.swip=0bv32, s1_hdr.overlay.2.valid=true, s1_hdr.overlay.3.swip=0bv32, s1_hdr.overlay.3.valid=true, s1_hdr.overlay.4.swip=0bv32, s1_hdr.overlay.4.valid=true, s1_hdr.overlay.5.swip=0bv32, s1_hdr.overlay.5.valid=false, s1_hdr.overlay.6.swip=0bv32, s1_hdr.overlay.6.valid=true, s1_hdr.overlay.7.swip=0bv32, s1_hdr.overlay.7.valid=false, s1_hdr.overlay.8.swip=0bv32, s1_hdr.overlay.8.valid=true, s1_hdr.overlay.9.swip=0bv32, s1_hdr.overlay.9.valid=false, s1_hdr.overlay.last.swip=0bv32, s1_hdr.overlay.last.valid=false, s1_hdr.tcp.ackNo=0bv32, s1_hdr.tcp.checksum=0bv16, s1_hdr.tcp.ctrl=0bv6, s1_hdr.tcp.dataOffset=0bv4, s1_hdr.tcp.dstPort=0bv16, s1_hdr.tcp.ecn=0bv3, s1_hdr.tcp.res=0bv3, s1_hdr.tcp.seqNo=0bv32, s1_hdr.tcp.srcPort=0bv16, s1_hdr.tcp.urgentPtr=0bv16, s1_hdr.tcp.valid=false, s1_hdr.tcp.window=0bv16, s1_hdr.udp.checksum=0bv16, s1_hdr.udp.dstPort=8888bv16, s1_hdr.udp.len=4bv16, s1_hdr.udp.srcPort=0bv16, s1_hdr.udp.valid=true, s1_inbox_count=0, s1_ipv4_route.hit=false, s1_ipv4_route.set_egress.egress_spec_1=0bv9, s1_maintain_sequence.hit=false, s1_meta.location.index=0bv16, s1_meta.my_md.failed=0bv16, s1_meta.my_md.ipaddress=0bv32, s1_meta.my_md.role=0bv16, s1_meta.reply_to_client_md.ipv4_dstAddr=0bv32, s1_meta.reply_to_client_md.ipv4_srcAddr=0bv32, s1_meta.sequence_md.seq=0bv16, s1_meta.sequence_md.tmp=0bv16, s1_p4b_checksum_error=false, s1_p4b_checksum_updated=false, s1_p4b_checksum_verified=false, s1_p4b_clone_e2e=false, s1_p4b_clone_i2e=false, s1_p4b_clone_i2i=false, s1_p4b_digest=false, s1_p4b_recirculate=false, s1_pkt_external=true, s1_pop_chain.hit=false, s1_pop_chain_again.hit=false, s1_read_value.hit=false, s1_sequence_reg__last0_old_value=0bv16, s1_sequence_reg__last0_value=65535bv16, s1_sequence_reg__last_index=0bv32, s1_sequence_reg__last_old_value=0bv16, s1_sequence_reg__last_value=65535bv16, s1_sequence_reg__last_write_site=0, s1_sequence_reg__next_write_site=0, s1_sequence_reg__wrote_any=true, s1_sequence_reg__wrote_index0=true, s1_standard_metadata.checksum_error=0bv1, s1_standard_metadata.deq_qdepth=0bv19, s1_standard_metadata.deq_timedelta=0bv32, s1_standard_metadata.egress_global_timestamp=0bv48, s1_standard_metadata.egress_port=3bv9, s1_standard_metadata.egress_rid=0bv16, s1_standard_metadata.egress_spec=0bv9, s1_standard_metadata.enq_qdepth=0bv19, s1_standard_metadata.enq_timestamp=0bv32, s1_standard_metadata.ingress_global_timestamp=0bv48, s1_standard_metadata.ingress_port=0bv9, s1_standard_metadata.instance_type=0bv32, s1_standard_metadata.mcast_grp=0bv16, s1_standard_metadata.packet_length=0bv32, s1_standard_metadata.parser_error=0bv1, s1_standard_metadata.priority=0bv3, s1_value_reg__last0_old_value=0bv128, s1_value_reg__last0_value=0bv128, s1_value_reg__last_index=0bv32, s1_value_reg__last_old_value=0bv128, s1_value_reg__last_value=0bv128, s1_value_reg__last_write_site=0, s1_value_reg__next_write_site=0, s1_value_reg__wrote_any=false, s1_value_reg__wrote_index0=false, s2_find_index.hit=true, s2_inbox_count=0, s2_meta.location.index=0bv16, s2_meta.my_md.role=101bv16, s2_p4b_clone_e2e=false, s2_p4b_clone_i2e=false, s2_p4b_clone_i2i=false, s2_p4b_recirculate=false, s2_pkt_external=false, s2_sequence_reg__last0_old_value=0bv16, s2_sequence_reg__last0_value=65535bv16, s2_sequence_reg__last_index=0bv32, s2_sequence_reg__last_old_value=0bv16, s2_sequence_reg__last_value=65535bv16, s2_sequence_reg__last_write_site=0, s2_sequence_reg__next_write_site=0, s2_sequence_reg__wrote_any=true, s2_sequence_reg__wrote_index0=true, s2_value_reg__last0_old_value=0bv128, s2_value_reg__last0_value=0bv128, s2_value_reg__last_index=0bv32, s2_value_reg__last_old_value=0bv128, s2_value_reg__last_value=0bv128, s2_value_reg__last_write_site=0, s2_value_reg__next_write_site=0, s2_value_reg__wrote_any=false, s2_value_reg__wrote_index0=false]
[L497]               assume s1_hdr.udp.dstPort == 8888bv16;
         VAL         [h1_hdr.ethernet.dstAddr=0bv48, h1_hdr.ethernet.etherType=2048bv16, h1_hdr.ethernet.srcAddr=0bv48, h1_hdr.ethernet.valid=true, h1_hdr.ipv4.diffserv=0bv8, h1_hdr.ipv4.dstAddr=167797761bv32, h1_hdr.ipv4.flags=0bv3, h1_hdr.ipv4.fragOffset=0bv13, h1_hdr.ipv4.hdrChecksum=0bv16, h1_hdr.ipv4.identification=0bv16, h1_hdr.ipv4.ihl=0bv4, h1_hdr.ipv4.protocol=17bv8, h1_hdr.ipv4.srcAddr=1bv32, h1_hdr.ipv4.totalLen=4bv16, h1_hdr.ipv4.ttl=0bv8, h1_hdr.ipv4.valid=true, h1_hdr.ipv4.version=0bv4, h1_hdr.nc_hdr.key=2024bv128, h1_hdr.nc_hdr.op=12bv8, h1_hdr.nc_hdr.sc=1bv8, h1_hdr.nc_hdr.seq=1bv16, h1_hdr.nc_hdr.valid=true, h1_hdr.nc_hdr.value=0bv128, h1_hdr.nc_hdr.vgroup=0bv16, h1_hdr.overlay.0.swip=167797761bv32, h1_hdr.overlay.0.valid=true, h1_hdr.overlay.1.swip=167797762bv32, h1_hdr.overlay.1.valid=true, h1_hdr.overlay.2.swip=0bv32, h1_hdr.overlay.2.valid=true, h1_hdr.overlay.3.swip=0bv32, h1_hdr.overlay.3.valid=true, h1_hdr.overlay.4.swip=0bv32, h1_hdr.overlay.4.valid=true, h1_hdr.overlay.5.swip=0bv32, h1_hdr.overlay.5.valid=false, h1_hdr.overlay.6.swip=0bv32, h1_hdr.overlay.6.valid=true, h1_hdr.overlay.7.swip=0bv32, h1_hdr.overlay.7.valid=false, h1_hdr.overlay.8.swip=0bv32, h1_hdr.overlay.8.valid=true, h1_hdr.overlay.9.swip=0bv32, h1_hdr.overlay.9.valid=false, h1_hdr.overlay.last.swip=0bv32, h1_hdr.overlay.last.valid=false, h1_hdr.tcp.ackNo=0bv32, h1_hdr.tcp.checksum=0bv16, h1_hdr.tcp.ctrl=0bv6, h1_hdr.tcp.dataOffset=0bv4, h1_hdr.tcp.dstPort=0bv16, h1_hdr.tcp.ecn=0bv3, h1_hdr.tcp.res=0bv3, h1_hdr.tcp.seqNo=0bv32, h1_hdr.tcp.srcPort=0bv16, h1_hdr.tcp.urgentPtr=0bv16, h1_hdr.tcp.valid=false, h1_hdr.tcp.window=0bv16, h1_hdr.udp.checksum=0bv16, h1_hdr.udp.dstPort=0bv16, h1_hdr.udp.len=4bv16, h1_hdr.udp.srcPort=0bv16, h1_hdr.udp.valid=true, h1_inbox_count=0, h1_meta.location.index=0bv16, h1_meta.my_md.failed=0bv16, h1_meta.my_md.ipaddress=0bv32, h1_meta.my_md.role=0bv16, h1_meta.reply_to_client_md.ipv4_dstAddr=0bv32, h1_meta.reply_to_client_md.ipv4_srcAddr=0bv32, h1_meta.sequence_md.seq=0bv16, h1_meta.sequence_md.tmp=0bv16, h1_pkt_external=false, h1_standard_metadata.checksum_error=0bv1, h1_standard_metadata.deq_qdepth=0bv19, h1_standard_metadata.deq_timedelta=0bv32, h1_standard_metadata.egress_global_timestamp=0bv48, h1_standard_metadata.egress_rid=0bv16, h1_standard_metadata.enq_qdepth=0bv19, h1_standard_metadata.enq_timestamp=0bv32, h1_standard_metadata.ingress_global_timestamp=0bv48, h1_standard_metadata.ingress_port=0bv9, h1_standard_metadata.instance_type=0bv32, h1_standard_metadata.mcast_grp=0bv16, h1_standard_metadata.packet_length=0bv32, h1_standard_metadata.parser_error=0bv1, h1_standard_metadata.priority=0bv3, old(s1_assign_value.hit)=false, old(s1_drop)=false, old(s1_drop_packet.hit)=false, old(s1_ethernet_set_mac.ethernet_set_mac_act.dmac)=0bv48, old(s1_ethernet_set_mac.ethernet_set_mac_act.smac)=0bv48, old(s1_ethernet_set_mac.hit)=false, old(s1_failure_recovery.hit)=false, old(s1_find_index.find_index_act.index_1)=0bv16, old(s1_find_index.hit)=true, old(s1_forward)=false, old(s1_gen_reply.gen_reply_act.message_type)=0bv8, old(s1_gen_reply.hit)=false, old(s1_get_my_address.get_my_address_act.sw_ip)=0bv32, old(s1_get_my_address.get_my_address_act.sw_role)=0bv16, old(s1_get_my_address.hit)=false, old(s1_get_next_hop.hit)=false, old(s1_get_sequence.hit)=false, old(s1_hdr.ethernet.dstAddr)=0bv48, old(s1_hdr.ethernet.srcAddr)=0bv48, old(s1_hdr.ipv4.dstAddr)=167797761bv32, old(s1_hdr.ipv4.hdrChecksum)=0bv16, old(s1_hdr.ipv4.protocol)=17bv8, old(s1_hdr.ipv4.srcAddr)=1bv32, old(s1_hdr.ipv4.totalLen)=4bv16, old(s1_hdr.ipv4.ttl)=0bv8, old(s1_hdr.nc_hdr.key)=2024bv128, old(s1_hdr.nc_hdr.op)=12bv8, old(s1_hdr.nc_hdr.sc)=1bv8, old(s1_hdr.nc_hdr.seq)=1bv16, old(s1_hdr.nc_hdr.value)=0bv128, old(s1_hdr.nc_hdr.vgroup)=0bv16, old(s1_hdr.overlay.0.swip)=167797761bv32, old(s1_hdr.overlay.0.valid)=true, old(s1_hdr.overlay.1.swip)=167797762bv32, old(s1_hdr.overlay.1.valid)=true, old(s1_hdr.overlay.2.swip)=0bv32, old(s1_hdr.overlay.2.valid)=true, old(s1_hdr.overlay.3.swip)=0bv32, old(s1_hdr.overlay.3.valid)=true, old(s1_hdr.overlay.4.swip)=0bv32, old(s1_hdr.overlay.4.valid)=true, old(s1_hdr.overlay.5.swip)=0bv32, old(s1_hdr.overlay.5.valid)=false, old(s1_hdr.overlay.6.swip)=0bv32, old(s1_hdr.overlay.6.valid)=true, old(s1_hdr.overlay.7.swip)=0bv32, old(s1_hdr.overlay.7.valid)=false, old(s1_hdr.overlay.8.swip)=0bv32, old(s1_hdr.overlay.8.valid)=true, old(s1_hdr.overlay.9.valid)=false, old(s1_hdr.udp.checksum)=0bv16, old(s1_hdr.udp.dstPort)=0bv16, old(s1_hdr.udp.len)=4bv16, old(s1_ipv4_route.hit)=false, old(s1_ipv4_route.set_egress.egress_spec_1)=0bv9, old(s1_maintain_sequence.hit)=false, old(s1_meta.location.index)=0bv16, old(s1_meta.my_md.ipaddress)=0bv32, old(s1_meta.my_md.role)=0bv16, old(s1_meta.reply_to_client_md.ipv4_dstAddr)=0bv32, old(s1_meta.reply_to_client_md.ipv4_srcAddr)=0bv32, old(s1_meta.sequence_md.seq)=0bv16, old(s1_p4b_checksum_error)=false, old(s1_p4b_checksum_updated)=false, old(s1_p4b_checksum_verified)=false, old(s1_p4b_clone_e2e)=false, old(s1_p4b_clone_i2e)=false, old(s1_p4b_clone_i2i)=false, old(s1_p4b_digest)=false, old(s1_p4b_recirculate)=false, old(s1_pop_chain.hit)=false, old(s1_pop_chain_again.hit)=false, old(s1_read_value.hit)=false, old(s1_sequence_reg__last0_old_value)=0bv16, old(s1_sequence_reg__last0_value)=65535bv16, old(s1_sequence_reg__last_index)=0bv32, old(s1_sequence_reg__last_old_value)=0bv16, old(s1_sequence_reg__last_value)=65535bv16, old(s1_sequence_reg__last_write_site)=0, old(s1_sequence_reg__next_write_site)=0, old(s1_sequence_reg__wrote_any)=true, old(s1_sequence_reg__wrote_index0)=true, old(s1_standard_metadata.egress_port)=3bv9, old(s1_standard_metadata.egress_spec)=0bv9, old(s1_value_reg__last0_old_value)=0bv128, old(s1_value_reg__last0_value)=0bv128, old(s1_value_reg__last_index)=0bv32, old(s1_value_reg__last_old_value)=0bv128, old(s1_value_reg__last_value)=0bv128, old(s1_value_reg__last_write_site)=0, old(s1_value_reg__next_write_site)=0, old(s1_value_reg__wrote_any)=false, old(s1_value_reg__wrote_index0)=false, procurator_phase=2, procurator_step=2, s1_assign_value.hit=false, s1_drop=false, s1_drop_packet.hit=false, s1_ethernet_set_mac.ethernet_set_mac_act.dmac=0bv48, s1_ethernet_set_mac.ethernet_set_mac_act.smac=0bv48, s1_ethernet_set_mac.hit=false, s1_failure_recovery.hit=false, s1_find_index.find_index_act.index_1=0bv16, s1_find_index.hit=true, s1_forward=false, s1_gen_reply.gen_reply_act.message_type=0bv8, s1_gen_reply.hit=false, s1_get_my_address.get_my_address_act.sw_ip=0bv32, s1_get_my_address.get_my_address_act.sw_role=0bv16, s1_get_my_address.hit=false, s1_get_next_hop.hit=false, s1_get_sequence.hit=false, s1_hdr.ethernet.dstAddr=0bv48, s1_hdr.ethernet.etherType=2048bv16, s1_hdr.ethernet.srcAddr=0bv48, s1_hdr.ethernet.valid=true, s1_hdr.ipv4.diffserv=0bv8, s1_hdr.ipv4.dstAddr=167797761bv32, s1_hdr.ipv4.flags=0bv3, s1_hdr.ipv4.fragOffset=0bv13, s1_hdr.ipv4.hdrChecksum=0bv16, s1_hdr.ipv4.identification=0bv16, s1_hdr.ipv4.ihl=0bv4, s1_hdr.ipv4.protocol=17bv8, s1_hdr.ipv4.srcAddr=1bv32, s1_hdr.ipv4.totalLen=4bv16, s1_hdr.ipv4.ttl=0bv8, s1_hdr.ipv4.valid=true, s1_hdr.ipv4.version=0bv4, s1_hdr.nc_hdr.key=2024bv128, s1_hdr.nc_hdr.op=12bv8, s1_hdr.nc_hdr.sc=1bv8, s1_hdr.nc_hdr.seq=1bv16, s1_hdr.nc_hdr.valid=true, s1_hdr.nc_hdr.value=0bv128, s1_hdr.nc_hdr.vgroup=0bv16, s1_hdr.overlay.0.swip=167797761bv32, s1_hdr.overlay.0.valid=true, s1_hdr.overlay.1.swip=167797762bv32, s1_hdr.overlay.1.valid=true, s1_hdr.overlay.2.swip=0bv32, s1_hdr.overlay.2.valid=true, s1_hdr.overlay.3.swip=0bv32, s1_hdr.overlay.3.valid=true, s1_hdr.overlay.4.swip=0bv32, s1_hdr.overlay.4.valid=true, s1_hdr.overlay.5.swip=0bv32, s1_hdr.overlay.5.valid=false, s1_hdr.overlay.6.swip=0bv32, s1_hdr.overlay.6.valid=true, s1_hdr.overlay.7.swip=0bv32, s1_hdr.overlay.7.valid=false, s1_hdr.overlay.8.swip=0bv32, s1_hdr.overlay.8.valid=true, s1_hdr.overlay.9.swip=0bv32, s1_hdr.overlay.9.valid=false, s1_hdr.overlay.last.swip=0bv32, s1_hdr.overlay.last.valid=false, s1_hdr.tcp.ackNo=0bv32, s1_hdr.tcp.checksum=0bv16, s1_hdr.tcp.ctrl=0bv6, s1_hdr.tcp.dataOffset=0bv4, s1_hdr.tcp.dstPort=0bv16, s1_hdr.tcp.ecn=0bv3, s1_hdr.tcp.res=0bv3, s1_hdr.tcp.seqNo=0bv32, s1_hdr.tcp.srcPort=0bv16, s1_hdr.tcp.urgentPtr=0bv16, s1_hdr.tcp.valid=false, s1_hdr.tcp.window=0bv16, s1_hdr.udp.checksum=0bv16, s1_hdr.udp.dstPort=8888bv16, s1_hdr.udp.len=4bv16, s1_hdr.udp.srcPort=0bv16, s1_hdr.udp.valid=true, s1_inbox_count=0, s1_ipv4_route.hit=false, s1_ipv4_route.set_egress.egress_spec_1=0bv9, s1_maintain_sequence.hit=false, s1_meta.location.index=0bv16, s1_meta.my_md.failed=0bv16, s1_meta.my_md.ipaddress=0bv32, s1_meta.my_md.role=0bv16, s1_meta.reply_to_client_md.ipv4_dstAddr=0bv32, s1_meta.reply_to_client_md.ipv4_srcAddr=0bv32, s1_meta.sequence_md.seq=0bv16, s1_meta.sequence_md.tmp=0bv16, s1_p4b_checksum_error=false, s1_p4b_checksum_updated=false, s1_p4b_checksum_verified=false, s1_p4b_clone_e2e=false, s1_p4b_clone_i2e=false, s1_p4b_clone_i2i=false, s1_p4b_digest=false, s1_p4b_recirculate=false, s1_pkt_external=true, s1_pop_chain.hit=false, s1_pop_chain_again.hit=false, s1_read_value.hit=false, s1_sequence_reg__last0_old_value=0bv16, s1_sequence_reg__last0_value=65535bv16, s1_sequence_reg__last_index=0bv32, s1_sequence_reg__last_old_value=0bv16, s1_sequence_reg__last_value=65535bv16, s1_sequence_reg__last_write_site=0, s1_sequence_reg__next_write_site=0, s1_sequence_reg__wrote_any=true, s1_sequence_reg__wrote_index0=true, s1_standard_metadata.checksum_error=0bv1, s1_standard_metadata.deq_qdepth=0bv19, s1_standard_metadata.deq_timedelta=0bv32, s1_standard_metadata.egress_global_timestamp=0bv48, s1_standard_metadata.egress_port=3bv9, s1_standard_metadata.egress_rid=0bv16, s1_standard_metadata.egress_spec=0bv9, s1_standard_metadata.enq_qdepth=0bv19, s1_standard_metadata.enq_timestamp=0bv32, s1_standard_metadata.ingress_global_timestamp=0bv48, s1_standard_metadata.ingress_port=0bv9, s1_standard_metadata.instance_type=0bv32, s1_standard_metadata.mcast_grp=0bv16, s1_standard_metadata.packet_length=0bv32, s1_standard_metadata.parser_error=0bv1, s1_standard_metadata.priority=0bv3, s1_value_reg__last0_old_value=0bv128, s1_value_reg__last0_value=0bv128, s1_value_reg__last_index=0bv32, s1_value_reg__last_old_value=0bv128, s1_value_reg__last_value=0bv128, s1_value_reg__last_write_site=0, s1_value_reg__next_write_site=0, s1_value_reg__wrote_any=false, s1_value_reg__wrote_index0=false, s2_find_index.hit=true, s2_inbox_count=0, s2_meta.location.index=0bv16, s2_meta.my_md.role=101bv16, s2_p4b_clone_e2e=false, s2_p4b_clone_i2e=false, s2_p4b_clone_i2i=false, s2_p4b_recirculate=false, s2_pkt_external=false, s2_sequence_reg__last0_old_value=0bv16, s2_sequence_reg__last0_value=65535bv16, s2_sequence_reg__last_index=0bv32, s2_sequence_reg__last_old_value=0bv16, s2_sequence_reg__last_value=65535bv16, s2_sequence_reg__last_write_site=0, s2_sequence_reg__next_write_site=0, s2_sequence_reg__wrote_any=true, s2_sequence_reg__wrote_index0=true, s2_value_reg__last0_old_value=0bv128, s2_value_reg__last0_value=0bv128, s2_value_reg__last_index=0bv32, s2_value_reg__last_old_value=0bv128, s2_value_reg__last_value=0bv128, s2_value_reg__last_write_site=0, s2_value_reg__next_write_site=0, s2_value_reg__wrote_any=false, s2_value_reg__wrote_index0=false]
[L476]   FCALL       call s1_packet_in.extract.headers.overlay.next(s1_hdr.overlay);
         VAL         [h1_hdr.ethernet.dstAddr=0bv48, h1_hdr.ethernet.etherType=2048bv16, h1_hdr.ethernet.srcAddr=0bv48, h1_hdr.ethernet.valid=true, h1_hdr.ipv4.diffserv=0bv8, h1_hdr.ipv4.dstAddr=167797761bv32, h1_hdr.ipv4.flags=0bv3, h1_hdr.ipv4.fragOffset=0bv13, h1_hdr.ipv4.hdrChecksum=0bv16, h1_hdr.ipv4.identification=0bv16, h1_hdr.ipv4.ihl=0bv4, h1_hdr.ipv4.protocol=17bv8, h1_hdr.ipv4.srcAddr=1bv32, h1_hdr.ipv4.totalLen=4bv16, h1_hdr.ipv4.ttl=0bv8, h1_hdr.ipv4.valid=true, h1_hdr.ipv4.version=0bv4, h1_hdr.nc_hdr.key=2024bv128, h1_hdr.nc_hdr.op=12bv8, h1_hdr.nc_hdr.sc=1bv8, h1_hdr.nc_hdr.seq=1bv16, h1_hdr.nc_hdr.valid=true, h1_hdr.nc_hdr.value=0bv128, h1_hdr.nc_hdr.vgroup=0bv16, h1_hdr.overlay.0.swip=167797761bv32, h1_hdr.overlay.0.valid=true, h1_hdr.overlay.1.swip=167797762bv32, h1_hdr.overlay.1.valid=true, h1_hdr.overlay.2.swip=0bv32, h1_hdr.overlay.2.valid=true, h1_hdr.overlay.3.swip=0bv32, h1_hdr.overlay.3.valid=true, h1_hdr.overlay.4.swip=0bv32, h1_hdr.overlay.4.valid=true, h1_hdr.overlay.5.swip=0bv32, h1_hdr.overlay.5.valid=false, h1_hdr.overlay.6.swip=0bv32, h1_hdr.overlay.6.valid=true, h1_hdr.overlay.7.swip=0bv32, h1_hdr.overlay.7.valid=false, h1_hdr.overlay.8.swip=0bv32, h1_hdr.overlay.8.valid=true, h1_hdr.overlay.9.swip=0bv32, h1_hdr.overlay.9.valid=false, h1_hdr.overlay.last.swip=0bv32, h1_hdr.overlay.last.valid=false, h1_hdr.tcp.ackNo=0bv32, h1_hdr.tcp.checksum=0bv16, h1_hdr.tcp.ctrl=0bv6, h1_hdr.tcp.dataOffset=0bv4, h1_hdr.tcp.dstPort=0bv16, h1_hdr.tcp.ecn=0bv3, h1_hdr.tcp.res=0bv3, h1_hdr.tcp.seqNo=0bv32, h1_hdr.tcp.srcPort=0bv16, h1_hdr.tcp.urgentPtr=0bv16, h1_hdr.tcp.valid=false, h1_hdr.tcp.window=0bv16, h1_hdr.udp.checksum=0bv16, h1_hdr.udp.dstPort=0bv16, h1_hdr.udp.len=4bv16, h1_hdr.udp.srcPort=0bv16, h1_hdr.udp.valid=true, h1_inbox_count=0, h1_meta.location.index=0bv16, h1_meta.my_md.failed=0bv16, h1_meta.my_md.ipaddress=0bv32, h1_meta.my_md.role=0bv16, h1_meta.reply_to_client_md.ipv4_dstAddr=0bv32, h1_meta.reply_to_client_md.ipv4_srcAddr=0bv32, h1_meta.sequence_md.seq=0bv16, h1_meta.sequence_md.tmp=0bv16, h1_pkt_external=false, h1_standard_metadata.checksum_error=0bv1, h1_standard_metadata.deq_qdepth=0bv19, h1_standard_metadata.deq_timedelta=0bv32, h1_standard_metadata.egress_global_timestamp=0bv48, h1_standard_metadata.egress_rid=0bv16, h1_standard_metadata.enq_qdepth=0bv19, h1_standard_metadata.enq_timestamp=0bv32, h1_standard_metadata.ingress_global_timestamp=0bv48, h1_standard_metadata.ingress_port=0bv9, h1_standard_metadata.instance_type=0bv32, h1_standard_metadata.mcast_grp=0bv16, h1_standard_metadata.packet_length=0bv32, h1_standard_metadata.parser_error=0bv1, h1_standard_metadata.priority=0bv3, old(s1_assign_value.hit)=false, old(s1_drop)=false, old(s1_drop_packet.hit)=false, old(s1_ethernet_set_mac.ethernet_set_mac_act.dmac)=0bv48, old(s1_ethernet_set_mac.ethernet_set_mac_act.smac)=0bv48, old(s1_ethernet_set_mac.hit)=false, old(s1_failure_recovery.hit)=false, old(s1_find_index.find_index_act.index_1)=0bv16, old(s1_find_index.hit)=true, old(s1_forward)=false, old(s1_gen_reply.gen_reply_act.message_type)=0bv8, old(s1_gen_reply.hit)=false, old(s1_get_my_address.get_my_address_act.sw_ip)=0bv32, old(s1_get_my_address.get_my_address_act.sw_role)=0bv16, old(s1_get_my_address.hit)=false, old(s1_get_next_hop.hit)=false, old(s1_get_sequence.hit)=false, old(s1_hdr.ethernet.dstAddr)=0bv48, old(s1_hdr.ethernet.srcAddr)=0bv48, old(s1_hdr.ipv4.dstAddr)=167797761bv32, old(s1_hdr.ipv4.hdrChecksum)=0bv16, old(s1_hdr.ipv4.protocol)=17bv8, old(s1_hdr.ipv4.srcAddr)=1bv32, old(s1_hdr.ipv4.totalLen)=4bv16, old(s1_hdr.ipv4.ttl)=0bv8, old(s1_hdr.nc_hdr.key)=2024bv128, old(s1_hdr.nc_hdr.op)=12bv8, old(s1_hdr.nc_hdr.sc)=1bv8, old(s1_hdr.nc_hdr.seq)=1bv16, old(s1_hdr.nc_hdr.value)=0bv128, old(s1_hdr.nc_hdr.vgroup)=0bv16, old(s1_hdr.overlay.0.swip)=167797761bv32, old(s1_hdr.overlay.0.valid)=true, old(s1_hdr.overlay.1.swip)=167797762bv32, old(s1_hdr.overlay.1.valid)=true, old(s1_hdr.overlay.2.swip)=0bv32, old(s1_hdr.overlay.2.valid)=true, old(s1_hdr.overlay.3.swip)=0bv32, old(s1_hdr.overlay.3.valid)=true, old(s1_hdr.overlay.4.swip)=0bv32, old(s1_hdr.overlay.4.valid)=true, old(s1_hdr.overlay.5.swip)=0bv32, old(s1_hdr.overlay.5.valid)=false, old(s1_hdr.overlay.6.swip)=0bv32, old(s1_hdr.overlay.6.valid)=true, old(s1_hdr.overlay.7.swip)=0bv32, old(s1_hdr.overlay.7.valid)=false, old(s1_hdr.overlay.8.swip)=0bv32, old(s1_hdr.overlay.8.valid)=true, old(s1_hdr.overlay.9.valid)=false, old(s1_hdr.udp.checksum)=0bv16, old(s1_hdr.udp.dstPort)=0bv16, old(s1_hdr.udp.len)=4bv16, old(s1_ipv4_route.hit)=false, old(s1_ipv4_route.set_egress.egress_spec_1)=0bv9, old(s1_maintain_sequence.hit)=false, old(s1_meta.location.index)=0bv16, old(s1_meta.my_md.ipaddress)=0bv32, old(s1_meta.my_md.role)=0bv16, old(s1_meta.reply_to_client_md.ipv4_dstAddr)=0bv32, old(s1_meta.reply_to_client_md.ipv4_srcAddr)=0bv32, old(s1_meta.sequence_md.seq)=0bv16, old(s1_p4b_checksum_error)=false, old(s1_p4b_checksum_updated)=false, old(s1_p4b_checksum_verified)=false, old(s1_p4b_clone_e2e)=false, old(s1_p4b_clone_i2e)=false, old(s1_p4b_clone_i2i)=false, old(s1_p4b_digest)=false, old(s1_p4b_recirculate)=false, old(s1_pop_chain.hit)=false, old(s1_pop_chain_again.hit)=false, old(s1_read_value.hit)=false, old(s1_sequence_reg__last0_old_value)=0bv16, old(s1_sequence_reg__last0_value)=65535bv16, old(s1_sequence_reg__last_index)=0bv32, old(s1_sequence_reg__last_old_value)=0bv16, old(s1_sequence_reg__last_value)=65535bv16, old(s1_sequence_reg__last_write_site)=0, old(s1_sequence_reg__next_write_site)=0, old(s1_sequence_reg__wrote_any)=true, old(s1_sequence_reg__wrote_index0)=true, old(s1_standard_metadata.egress_port)=3bv9, old(s1_standard_metadata.egress_spec)=0bv9, old(s1_value_reg__last0_old_value)=0bv128, old(s1_value_reg__last0_value)=0bv128, old(s1_value_reg__last_index)=0bv32, old(s1_value_reg__last_old_value)=0bv128, old(s1_value_reg__last_value)=0bv128, old(s1_value_reg__last_write_site)=0, old(s1_value_reg__next_write_site)=0, old(s1_value_reg__wrote_any)=false, old(s1_value_reg__wrote_index0)=false, procurator_phase=2, procurator_step=2, s1_assign_value.hit=false, s1_drop=false, s1_drop_packet.hit=false, s1_ethernet_set_mac.ethernet_set_mac_act.dmac=0bv48, s1_ethernet_set_mac.ethernet_set_mac_act.smac=0bv48, s1_ethernet_set_mac.hit=false, s1_failure_recovery.hit=false, s1_find_index.find_index_act.index_1=0bv16, s1_find_index.hit=true, s1_forward=false, s1_gen_reply.gen_reply_act.message_type=0bv8, s1_gen_reply.hit=false, s1_get_my_address.get_my_address_act.sw_ip=0bv32, s1_get_my_address.get_my_address_act.sw_role=0bv16, s1_get_my_address.hit=false, s1_get_next_hop.hit=false, s1_get_sequence.hit=false, s1_hdr.ethernet.dstAddr=0bv48, s1_hdr.ethernet.etherType=2048bv16, s1_hdr.ethernet.srcAddr=0bv48, s1_hdr.ethernet.valid=true, s1_hdr.ipv4.diffserv=0bv8, s1_hdr.ipv4.dstAddr=167797761bv32, s1_hdr.ipv4.flags=0bv3, s1_hdr.ipv4.fragOffset=0bv13, s1_hdr.ipv4.hdrChecksum=0bv16, s1_hdr.ipv4.identification=0bv16, s1_hdr.ipv4.ihl=0bv4, s1_hdr.ipv4.protocol=17bv8, s1_hdr.ipv4.srcAddr=1bv32, s1_hdr.ipv4.totalLen=4bv16, s1_hdr.ipv4.ttl=0bv8, s1_hdr.ipv4.valid=true, s1_hdr.ipv4.version=0bv4, s1_hdr.nc_hdr.key=2024bv128, s1_hdr.nc_hdr.op=12bv8, s1_hdr.nc_hdr.sc=1bv8, s1_hdr.nc_hdr.seq=1bv16, s1_hdr.nc_hdr.valid=true, s1_hdr.nc_hdr.value=0bv128, s1_hdr.nc_hdr.vgroup=0bv16, s1_hdr.overlay.0.swip=167797761bv32, s1_hdr.overlay.0.valid=true, s1_hdr.overlay.1.swip=167797762bv32, s1_hdr.overlay.1.valid=true, s1_hdr.overlay.2.swip=0bv32, s1_hdr.overlay.2.valid=true, s1_hdr.overlay.3.swip=0bv32, s1_hdr.overlay.3.valid=true, s1_hdr.overlay.4.swip=0bv32, s1_hdr.overlay.4.valid=true, s1_hdr.overlay.5.swip=0bv32, s1_hdr.overlay.5.valid=false, s1_hdr.overlay.6.swip=0bv32, s1_hdr.overlay.6.valid=true, s1_hdr.overlay.7.swip=0bv32, s1_hdr.overlay.7.valid=false, s1_hdr.overlay.8.swip=0bv32, s1_hdr.overlay.8.valid=true, s1_hdr.overlay.9.swip=0bv32, s1_hdr.overlay.9.valid=false, s1_hdr.overlay.last.swip=0bv32, s1_hdr.overlay.last.valid=false, s1_hdr.tcp.ackNo=0bv32, s1_hdr.tcp.checksum=0bv16, s1_hdr.tcp.ctrl=0bv6, s1_hdr.tcp.dataOffset=0bv4, s1_hdr.tcp.dstPort=0bv16, s1_hdr.tcp.ecn=0bv3, s1_hdr.tcp.res=0bv3, s1_hdr.tcp.seqNo=0bv32, s1_hdr.tcp.srcPort=0bv16, s1_hdr.tcp.urgentPtr=0bv16, s1_hdr.tcp.valid=false, s1_hdr.tcp.window=0bv16, s1_hdr.udp.checksum=0bv16, s1_hdr.udp.dstPort=8888bv16, s1_hdr.udp.len=4bv16, s1_hdr.udp.srcPort=0bv16, s1_hdr.udp.valid=true, s1_inbox_count=0, s1_ipv4_route.hit=false, s1_ipv4_route.set_egress.egress_spec_1=0bv9, s1_maintain_sequence.hit=false, s1_meta.location.index=0bv16, s1_meta.my_md.failed=0bv16, s1_meta.my_md.ipaddress=0bv32, s1_meta.my_md.role=0bv16, s1_meta.reply_to_client_md.ipv4_dstAddr=0bv32, s1_meta.reply_to_client_md.ipv4_srcAddr=0bv32, s1_meta.sequence_md.seq=0bv16, s1_meta.sequence_md.tmp=0bv16, s1_p4b_checksum_error=false, s1_p4b_checksum_updated=false, s1_p4b_checksum_verified=false, s1_p4b_clone_e2e=false, s1_p4b_clone_i2e=false, s1_p4b_clone_i2i=false, s1_p4b_digest=false, s1_p4b_recirculate=false, s1_pkt_external=true, s1_pop_chain.hit=false, s1_pop_chain_again.hit=false, s1_read_value.hit=false, s1_sequence_reg__last0_old_value=0bv16, s1_sequence_reg__last0_value=65535bv16, s1_sequence_reg__last_index=0bv32, s1_sequence_reg__last_old_value=0bv16, s1_sequence_reg__last_value=65535bv16, s1_sequence_reg__last_write_site=0, s1_sequence_reg__next_write_site=0, s1_sequence_reg__wrote_any=true, s1_sequence_reg__wrote_index0=true, s1_standard_metadata.checksum_error=0bv1, s1_standard_metadata.deq_qdepth=0bv19, s1_standard_metadata.deq_timedelta=0bv32, s1_standard_metadata.egress_global_timestamp=0bv48, s1_standard_metadata.egress_port=3bv9, s1_standard_metadata.egress_rid=0bv16, s1_standard_metadata.egress_spec=0bv9, s1_standard_metadata.enq_qdepth=0bv19, s1_standard_metadata.enq_timestamp=0bv32, s1_standard_metadata.ingress_global_timestamp=0bv48, s1_standard_metadata.ingress_port=0bv9, s1_standard_metadata.instance_type=0bv32, s1_standard_metadata.mcast_grp=0bv16, s1_standard_metadata.packet_length=0bv32, s1_standard_metadata.parser_error=0bv1, s1_standard_metadata.priority=0bv3, s1_value_reg__last0_old_value=0bv128, s1_value_reg__last0_value=0bv128, s1_value_reg__last_index=0bv32, s1_value_reg__last_old_value=0bv128, s1_value_reg__last_value=0bv128, s1_value_reg__last_write_site=0, s1_value_reg__next_write_site=0, s1_value_reg__wrote_any=false, s1_value_reg__wrote_index0=false, s2_find_index.hit=true, s2_inbox_count=0, s2_meta.location.index=0bv16, s2_meta.my_md.role=101bv16, s2_p4b_clone_e2e=false, s2_p4b_clone_i2e=false, s2_p4b_clone_i2i=false, s2_p4b_recirculate=false, s2_pkt_external=false, s2_sequence_reg__last0_old_value=0bv16, s2_sequence_reg__last0_value=65535bv16, s2_sequence_reg__last_index=0bv32, s2_sequence_reg__last_old_value=0bv16, s2_sequence_reg__last_value=65535bv16, s2_sequence_reg__last_write_site=0, s2_sequence_reg__next_write_site=0, s2_sequence_reg__wrote_any=true, s2_sequence_reg__wrote_index0=true, s2_value_reg__last0_old_value=0bv128, s2_value_reg__last0_value=0bv128, s2_value_reg__last_index=0bv32, s2_value_reg__last_old_value=0bv128, s2_value_reg__last_value=0bv128, s2_value_reg__last_write_site=0, s2_value_reg__next_write_site=0, s2_value_reg__wrote_any=false, s2_value_reg__wrote_index0=false]
[L480]               assume s1_hdr.overlay.last.swip == 0bv32;
         VAL         [h1_hdr.ethernet.dstAddr=0bv48, h1_hdr.ethernet.etherType=2048bv16, h1_hdr.ethernet.srcAddr=0bv48, h1_hdr.ethernet.valid=true, h1_hdr.ipv4.diffserv=0bv8, h1_hdr.ipv4.dstAddr=167797761bv32, h1_hdr.ipv4.flags=0bv3, h1_hdr.ipv4.fragOffset=0bv13, h1_hdr.ipv4.hdrChecksum=0bv16, h1_hdr.ipv4.identification=0bv16, h1_hdr.ipv4.ihl=0bv4, h1_hdr.ipv4.protocol=17bv8, h1_hdr.ipv4.srcAddr=1bv32, h1_hdr.ipv4.totalLen=4bv16, h1_hdr.ipv4.ttl=0bv8, h1_hdr.ipv4.valid=true, h1_hdr.ipv4.version=0bv4, h1_hdr.nc_hdr.key=2024bv128, h1_hdr.nc_hdr.op=12bv8, h1_hdr.nc_hdr.sc=1bv8, h1_hdr.nc_hdr.seq=1bv16, h1_hdr.nc_hdr.valid=true, h1_hdr.nc_hdr.value=0bv128, h1_hdr.nc_hdr.vgroup=0bv16, h1_hdr.overlay.0.swip=167797761bv32, h1_hdr.overlay.0.valid=true, h1_hdr.overlay.1.swip=167797762bv32, h1_hdr.overlay.1.valid=true, h1_hdr.overlay.2.swip=0bv32, h1_hdr.overlay.2.valid=true, h1_hdr.overlay.3.swip=0bv32, h1_hdr.overlay.3.valid=true, h1_hdr.overlay.4.swip=0bv32, h1_hdr.overlay.4.valid=true, h1_hdr.overlay.5.swip=0bv32, h1_hdr.overlay.5.valid=false, h1_hdr.overlay.6.swip=0bv32, h1_hdr.overlay.6.valid=true, h1_hdr.overlay.7.swip=0bv32, h1_hdr.overlay.7.valid=false, h1_hdr.overlay.8.swip=0bv32, h1_hdr.overlay.8.valid=true, h1_hdr.overlay.9.swip=0bv32, h1_hdr.overlay.9.valid=false, h1_hdr.overlay.last.swip=0bv32, h1_hdr.overlay.last.valid=false, h1_hdr.tcp.ackNo=0bv32, h1_hdr.tcp.checksum=0bv16, h1_hdr.tcp.ctrl=0bv6, h1_hdr.tcp.dataOffset=0bv4, h1_hdr.tcp.dstPort=0bv16, h1_hdr.tcp.ecn=0bv3, h1_hdr.tcp.res=0bv3, h1_hdr.tcp.seqNo=0bv32, h1_hdr.tcp.srcPort=0bv16, h1_hdr.tcp.urgentPtr=0bv16, h1_hdr.tcp.valid=false, h1_hdr.tcp.window=0bv16, h1_hdr.udp.checksum=0bv16, h1_hdr.udp.dstPort=0bv16, h1_hdr.udp.len=4bv16, h1_hdr.udp.srcPort=0bv16, h1_hdr.udp.valid=true, h1_inbox_count=0, h1_meta.location.index=0bv16, h1_meta.my_md.failed=0bv16, h1_meta.my_md.ipaddress=0bv32, h1_meta.my_md.role=0bv16, h1_meta.reply_to_client_md.ipv4_dstAddr=0bv32, h1_meta.reply_to_client_md.ipv4_srcAddr=0bv32, h1_meta.sequence_md.seq=0bv16, h1_meta.sequence_md.tmp=0bv16, h1_pkt_external=false, h1_standard_metadata.checksum_error=0bv1, h1_standard_metadata.deq_qdepth=0bv19, h1_standard_metadata.deq_timedelta=0bv32, h1_standard_metadata.egress_global_timestamp=0bv48, h1_standard_metadata.egress_rid=0bv16, h1_standard_metadata.enq_qdepth=0bv19, h1_standard_metadata.enq_timestamp=0bv32, h1_standard_metadata.ingress_global_timestamp=0bv48, h1_standard_metadata.ingress_port=0bv9, h1_standard_metadata.instance_type=0bv32, h1_standard_metadata.mcast_grp=0bv16, h1_standard_metadata.packet_length=0bv32, h1_standard_metadata.parser_error=0bv1, h1_standard_metadata.priority=0bv3, old(s1_assign_value.hit)=false, old(s1_drop)=false, old(s1_drop_packet.hit)=false, old(s1_ethernet_set_mac.ethernet_set_mac_act.dmac)=0bv48, old(s1_ethernet_set_mac.ethernet_set_mac_act.smac)=0bv48, old(s1_ethernet_set_mac.hit)=false, old(s1_failure_recovery.hit)=false, old(s1_find_index.find_index_act.index_1)=0bv16, old(s1_find_index.hit)=true, old(s1_forward)=false, old(s1_gen_reply.gen_reply_act.message_type)=0bv8, old(s1_gen_reply.hit)=false, old(s1_get_my_address.get_my_address_act.sw_ip)=0bv32, old(s1_get_my_address.get_my_address_act.sw_role)=0bv16, old(s1_get_my_address.hit)=false, old(s1_get_next_hop.hit)=false, old(s1_get_sequence.hit)=false, old(s1_hdr.ethernet.dstAddr)=0bv48, old(s1_hdr.ethernet.srcAddr)=0bv48, old(s1_hdr.ipv4.dstAddr)=167797761bv32, old(s1_hdr.ipv4.hdrChecksum)=0bv16, old(s1_hdr.ipv4.protocol)=17bv8, old(s1_hdr.ipv4.srcAddr)=1bv32, old(s1_hdr.ipv4.totalLen)=4bv16, old(s1_hdr.ipv4.ttl)=0bv8, old(s1_hdr.nc_hdr.key)=2024bv128, old(s1_hdr.nc_hdr.op)=12bv8, old(s1_hdr.nc_hdr.sc)=1bv8, old(s1_hdr.nc_hdr.seq)=1bv16, old(s1_hdr.nc_hdr.value)=0bv128, old(s1_hdr.nc_hdr.vgroup)=0bv16, old(s1_hdr.overlay.0.swip)=167797761bv32, old(s1_hdr.overlay.0.valid)=true, old(s1_hdr.overlay.1.swip)=167797762bv32, old(s1_hdr.overlay.1.valid)=true, old(s1_hdr.overlay.2.swip)=0bv32, old(s1_hdr.overlay.2.valid)=true, old(s1_hdr.overlay.3.swip)=0bv32, old(s1_hdr.overlay.3.valid)=true, old(s1_hdr.overlay.4.swip)=0bv32, old(s1_hdr.overlay.4.valid)=true, old(s1_hdr.overlay.5.swip)=0bv32, old(s1_hdr.overlay.5.valid)=false, old(s1_hdr.overlay.6.swip)=0bv32, old(s1_hdr.overlay.6.valid)=true, old(s1_hdr.overlay.7.swip)=0bv32, old(s1_hdr.overlay.7.valid)=false, old(s1_hdr.overlay.8.swip)=0bv32, old(s1_hdr.overlay.8.valid)=true, old(s1_hdr.overlay.9.valid)=false, old(s1_hdr.udp.checksum)=0bv16, old(s1_hdr.udp.dstPort)=0bv16, old(s1_hdr.udp.len)=4bv16, old(s1_ipv4_route.hit)=false, old(s1_ipv4_route.set_egress.egress_spec_1)=0bv9, old(s1_maintain_sequence.hit)=false, old(s1_meta.location.index)=0bv16, old(s1_meta.my_md.ipaddress)=0bv32, old(s1_meta.my_md.role)=0bv16, old(s1_meta.reply_to_client_md.ipv4_dstAddr)=0bv32, old(s1_meta.reply_to_client_md.ipv4_srcAddr)=0bv32, old(s1_meta.sequence_md.seq)=0bv16, old(s1_p4b_checksum_error)=false, old(s1_p4b_checksum_updated)=false, old(s1_p4b_checksum_verified)=false, old(s1_p4b_clone_e2e)=false, old(s1_p4b_clone_i2e)=false, old(s1_p4b_clone_i2i)=false, old(s1_p4b_digest)=false, old(s1_p4b_recirculate)=false, old(s1_pop_chain.hit)=false, old(s1_pop_chain_again.hit)=false, old(s1_read_value.hit)=false, old(s1_sequence_reg__last0_old_value)=0bv16, old(s1_sequence_reg__last0_value)=65535bv16, old(s1_sequence_reg__last_index)=0bv32, old(s1_sequence_reg__last_old_value)=0bv16, old(s1_sequence_reg__last_value)=65535bv16, old(s1_sequence_reg__last_write_site)=0, old(s1_sequence_reg__next_write_site)=0, old(s1_sequence_reg__wrote_any)=true, old(s1_sequence_reg__wrote_index0)=true, old(s1_standard_metadata.egress_port)=3bv9, old(s1_standard_metadata.egress_spec)=0bv9, old(s1_value_reg__last0_old_value)=0bv128, old(s1_value_reg__last0_value)=0bv128, old(s1_value_reg__last_index)=0bv32, old(s1_value_reg__last_old_value)=0bv128, old(s1_value_reg__last_value)=0bv128, old(s1_value_reg__last_write_site)=0, old(s1_value_reg__next_write_site)=0, old(s1_value_reg__wrote_any)=false, old(s1_value_reg__wrote_index0)=false, procurator_phase=2, procurator_step=2, s1_assign_value.hit=false, s1_drop=false, s1_drop_packet.hit=false, s1_ethernet_set_mac.ethernet_set_mac_act.dmac=0bv48, s1_ethernet_set_mac.ethernet_set_mac_act.smac=0bv48, s1_ethernet_set_mac.hit=false, s1_failure_recovery.hit=false, s1_find_index.find_index_act.index_1=0bv16, s1_find_index.hit=true, s1_forward=false, s1_gen_reply.gen_reply_act.message_type=0bv8, s1_gen_reply.hit=false, s1_get_my_address.get_my_address_act.sw_ip=0bv32, s1_get_my_address.get_my_address_act.sw_role=0bv16, s1_get_my_address.hit=false, s1_get_next_hop.hit=false, s1_get_sequence.hit=false, s1_hdr.ethernet.dstAddr=0bv48, s1_hdr.ethernet.etherType=2048bv16, s1_hdr.ethernet.srcAddr=0bv48, s1_hdr.ethernet.valid=true, s1_hdr.ipv4.diffserv=0bv8, s1_hdr.ipv4.dstAddr=167797761bv32, s1_hdr.ipv4.flags=0bv3, s1_hdr.ipv4.fragOffset=0bv13, s1_hdr.ipv4.hdrChecksum=0bv16, s1_hdr.ipv4.identification=0bv16, s1_hdr.ipv4.ihl=0bv4, s1_hdr.ipv4.protocol=17bv8, s1_hdr.ipv4.srcAddr=1bv32, s1_hdr.ipv4.totalLen=4bv16, s1_hdr.ipv4.ttl=0bv8, s1_hdr.ipv4.valid=true, s1_hdr.ipv4.version=0bv4, s1_hdr.nc_hdr.key=2024bv128, s1_hdr.nc_hdr.op=12bv8, s1_hdr.nc_hdr.sc=1bv8, s1_hdr.nc_hdr.seq=1bv16, s1_hdr.nc_hdr.valid=true, s1_hdr.nc_hdr.value=0bv128, s1_hdr.nc_hdr.vgroup=0bv16, s1_hdr.overlay.0.swip=167797761bv32, s1_hdr.overlay.0.valid=true, s1_hdr.overlay.1.swip=167797762bv32, s1_hdr.overlay.1.valid=true, s1_hdr.overlay.2.swip=0bv32, s1_hdr.overlay.2.valid=true, s1_hdr.overlay.3.swip=0bv32, s1_hdr.overlay.3.valid=true, s1_hdr.overlay.4.swip=0bv32, s1_hdr.overlay.4.valid=true, s1_hdr.overlay.5.swip=0bv32, s1_hdr.overlay.5.valid=false, s1_hdr.overlay.6.swip=0bv32, s1_hdr.overlay.6.valid=true, s1_hdr.overlay.7.swip=0bv32, s1_hdr.overlay.7.valid=false, s1_hdr.overlay.8.swip=0bv32, s1_hdr.overlay.8.valid=true, s1_hdr.overlay.9.swip=0bv32, s1_hdr.overlay.9.valid=false, s1_hdr.overlay.last.swip=0bv32, s1_hdr.overlay.last.valid=false, s1_hdr.tcp.ackNo=0bv32, s1_hdr.tcp.checksum=0bv16, s1_hdr.tcp.ctrl=0bv6, s1_hdr.tcp.dataOffset=0bv4, s1_hdr.tcp.dstPort=0bv16, s1_hdr.tcp.ecn=0bv3, s1_hdr.tcp.res=0bv3, s1_hdr.tcp.seqNo=0bv32, s1_hdr.tcp.srcPort=0bv16, s1_hdr.tcp.urgentPtr=0bv16, s1_hdr.tcp.valid=false, s1_hdr.tcp.window=0bv16, s1_hdr.udp.checksum=0bv16, s1_hdr.udp.dstPort=8888bv16, s1_hdr.udp.len=4bv16, s1_hdr.udp.srcPort=0bv16, s1_hdr.udp.valid=true, s1_inbox_count=0, s1_ipv4_route.hit=false, s1_ipv4_route.set_egress.egress_spec_1=0bv9, s1_maintain_sequence.hit=false, s1_meta.location.index=0bv16, s1_meta.my_md.failed=0bv16, s1_meta.my_md.ipaddress=0bv32, s1_meta.my_md.role=0bv16, s1_meta.reply_to_client_md.ipv4_dstAddr=0bv32, s1_meta.reply_to_client_md.ipv4_srcAddr=0bv32, s1_meta.sequence_md.seq=0bv16, s1_meta.sequence_md.tmp=0bv16, s1_p4b_checksum_error=false, s1_p4b_checksum_updated=false, s1_p4b_checksum_verified=false, s1_p4b_clone_e2e=false, s1_p4b_clone_i2e=false, s1_p4b_clone_i2i=false, s1_p4b_digest=false, s1_p4b_recirculate=false, s1_pkt_external=true, s1_pop_chain.hit=false, s1_pop_chain_again.hit=false, s1_read_value.hit=false, s1_sequence_reg__last0_old_value=0bv16, s1_sequence_reg__last0_value=65535bv16, s1_sequence_reg__last_index=0bv32, s1_sequence_reg__last_old_value=0bv16, s1_sequence_reg__last_value=65535bv16, s1_sequence_reg__last_write_site=0, s1_sequence_reg__next_write_site=0, s1_sequence_reg__wrote_any=true, s1_sequence_reg__wrote_index0=true, s1_standard_metadata.checksum_error=0bv1, s1_standard_metadata.deq_qdepth=0bv19, s1_standard_metadata.deq_timedelta=0bv32, s1_standard_metadata.egress_global_timestamp=0bv48, s1_standard_metadata.egress_port=3bv9, s1_standard_metadata.egress_rid=0bv16, s1_standard_metadata.egress_spec=0bv9, s1_standard_metadata.enq_qdepth=0bv19, s1_standard_metadata.enq_timestamp=0bv32, s1_standard_metadata.ingress_global_timestamp=0bv48, s1_standard_metadata.ingress_port=0bv9, s1_standard_metadata.instance_type=0bv32, s1_standard_metadata.mcast_grp=0bv16, s1_standard_metadata.packet_length=0bv32, s1_standard_metadata.parser_error=0bv1, s1_standard_metadata.priority=0bv3, s1_value_reg__last0_old_value=0bv128, s1_value_reg__last0_value=0bv128, s1_value_reg__last_index=0bv32, s1_value_reg__last_old_value=0bv128, s1_value_reg__last_value=0bv128, s1_value_reg__last_write_site=0, s1_value_reg__next_write_site=0, s1_value_reg__wrote_any=false, s1_value_reg__wrote_index0=false, s2_find_index.hit=true, s2_inbox_count=0, s2_meta.location.index=0bv16, s2_meta.my_md.role=101bv16, s2_p4b_clone_e2e=false, s2_p4b_clone_i2e=false, s2_p4b_clone_i2i=false, s2_p4b_recirculate=false, s2_pkt_external=false, s2_sequence_reg__last0_old_value=0bv16, s2_sequence_reg__last0_value=65535bv16, s2_sequence_reg__last_index=0bv32, s2_sequence_reg__last_old_value=0bv16, s2_sequence_reg__last_value=65535bv16, s2_sequence_reg__last_write_site=0, s2_sequence_reg__next_write_site=0, s2_sequence_reg__wrote_any=true, s2_sequence_reg__wrote_index0=true, s2_value_reg__last0_old_value=0bv128, s2_value_reg__last0_value=0bv128, s2_value_reg__last_index=0bv32, s2_value_reg__last_old_value=0bv128, s2_value_reg__last_value=0bv128, s2_value_reg__last_write_site=0, s2_value_reg__next_write_site=0, s2_value_reg__wrote_any=false, s2_value_reg__wrote_index0=false]
[L460]   FCALL       call s1_packet_in.extract(s1_hdr.nc_hdr);
         VAL         [h1_hdr.ethernet.dstAddr=0bv48, h1_hdr.ethernet.etherType=2048bv16, h1_hdr.ethernet.srcAddr=0bv48, h1_hdr.ethernet.valid=true, h1_hdr.ipv4.diffserv=0bv8, h1_hdr.ipv4.dstAddr=167797761bv32, h1_hdr.ipv4.flags=0bv3, h1_hdr.ipv4.fragOffset=0bv13, h1_hdr.ipv4.hdrChecksum=0bv16, h1_hdr.ipv4.identification=0bv16, h1_hdr.ipv4.ihl=0bv4, h1_hdr.ipv4.protocol=17bv8, h1_hdr.ipv4.srcAddr=1bv32, h1_hdr.ipv4.totalLen=4bv16, h1_hdr.ipv4.ttl=0bv8, h1_hdr.ipv4.valid=true, h1_hdr.ipv4.version=0bv4, h1_hdr.nc_hdr.key=2024bv128, h1_hdr.nc_hdr.op=12bv8, h1_hdr.nc_hdr.sc=1bv8, h1_hdr.nc_hdr.seq=1bv16, h1_hdr.nc_hdr.valid=true, h1_hdr.nc_hdr.value=0bv128, h1_hdr.nc_hdr.vgroup=0bv16, h1_hdr.overlay.0.swip=167797761bv32, h1_hdr.overlay.0.valid=true, h1_hdr.overlay.1.swip=167797762bv32, h1_hdr.overlay.1.valid=true, h1_hdr.overlay.2.swip=0bv32, h1_hdr.overlay.2.valid=true, h1_hdr.overlay.3.swip=0bv32, h1_hdr.overlay.3.valid=true, h1_hdr.overlay.4.swip=0bv32, h1_hdr.overlay.4.valid=true, h1_hdr.overlay.5.swip=0bv32, h1_hdr.overlay.5.valid=false, h1_hdr.overlay.6.swip=0bv32, h1_hdr.overlay.6.valid=true, h1_hdr.overlay.7.swip=0bv32, h1_hdr.overlay.7.valid=false, h1_hdr.overlay.8.swip=0bv32, h1_hdr.overlay.8.valid=true, h1_hdr.overlay.9.swip=0bv32, h1_hdr.overlay.9.valid=false, h1_hdr.overlay.last.swip=0bv32, h1_hdr.overlay.last.valid=false, h1_hdr.tcp.ackNo=0bv32, h1_hdr.tcp.checksum=0bv16, h1_hdr.tcp.ctrl=0bv6, h1_hdr.tcp.dataOffset=0bv4, h1_hdr.tcp.dstPort=0bv16, h1_hdr.tcp.ecn=0bv3, h1_hdr.tcp.res=0bv3, h1_hdr.tcp.seqNo=0bv32, h1_hdr.tcp.srcPort=0bv16, h1_hdr.tcp.urgentPtr=0bv16, h1_hdr.tcp.valid=false, h1_hdr.tcp.window=0bv16, h1_hdr.udp.checksum=0bv16, h1_hdr.udp.dstPort=0bv16, h1_hdr.udp.len=4bv16, h1_hdr.udp.srcPort=0bv16, h1_hdr.udp.valid=true, h1_inbox_count=0, h1_meta.location.index=0bv16, h1_meta.my_md.failed=0bv16, h1_meta.my_md.ipaddress=0bv32, h1_meta.my_md.role=0bv16, h1_meta.reply_to_client_md.ipv4_dstAddr=0bv32, h1_meta.reply_to_client_md.ipv4_srcAddr=0bv32, h1_meta.sequence_md.seq=0bv16, h1_meta.sequence_md.tmp=0bv16, h1_pkt_external=false, h1_standard_metadata.checksum_error=0bv1, h1_standard_metadata.deq_qdepth=0bv19, h1_standard_metadata.deq_timedelta=0bv32, h1_standard_metadata.egress_global_timestamp=0bv48, h1_standard_metadata.egress_rid=0bv16, h1_standard_metadata.enq_qdepth=0bv19, h1_standard_metadata.enq_timestamp=0bv32, h1_standard_metadata.ingress_global_timestamp=0bv48, h1_standard_metadata.ingress_port=0bv9, h1_standard_metadata.instance_type=0bv32, h1_standard_metadata.mcast_grp=0bv16, h1_standard_metadata.packet_length=0bv32, h1_standard_metadata.parser_error=0bv1, h1_standard_metadata.priority=0bv3, old(s1_assign_value.hit)=false, old(s1_drop)=false, old(s1_drop_packet.hit)=false, old(s1_ethernet_set_mac.ethernet_set_mac_act.dmac)=0bv48, old(s1_ethernet_set_mac.ethernet_set_mac_act.smac)=0bv48, old(s1_ethernet_set_mac.hit)=false, old(s1_failure_recovery.hit)=false, old(s1_find_index.find_index_act.index_1)=0bv16, old(s1_find_index.hit)=true, old(s1_forward)=false, old(s1_gen_reply.gen_reply_act.message_type)=0bv8, old(s1_gen_reply.hit)=false, old(s1_get_my_address.get_my_address_act.sw_ip)=0bv32, old(s1_get_my_address.get_my_address_act.sw_role)=0bv16, old(s1_get_my_address.hit)=false, old(s1_get_next_hop.hit)=false, old(s1_get_sequence.hit)=false, old(s1_hdr.ethernet.dstAddr)=0bv48, old(s1_hdr.ethernet.srcAddr)=0bv48, old(s1_hdr.ipv4.dstAddr)=167797761bv32, old(s1_hdr.ipv4.hdrChecksum)=0bv16, old(s1_hdr.ipv4.protocol)=17bv8, old(s1_hdr.ipv4.srcAddr)=1bv32, old(s1_hdr.ipv4.totalLen)=4bv16, old(s1_hdr.ipv4.ttl)=0bv8, old(s1_hdr.nc_hdr.key)=2024bv128, old(s1_hdr.nc_hdr.op)=12bv8, old(s1_hdr.nc_hdr.sc)=1bv8, old(s1_hdr.nc_hdr.seq)=1bv16, old(s1_hdr.nc_hdr.value)=0bv128, old(s1_hdr.nc_hdr.vgroup)=0bv16, old(s1_hdr.overlay.0.swip)=167797761bv32, old(s1_hdr.overlay.0.valid)=true, old(s1_hdr.overlay.1.swip)=167797762bv32, old(s1_hdr.overlay.1.valid)=true, old(s1_hdr.overlay.2.swip)=0bv32, old(s1_hdr.overlay.2.valid)=true, old(s1_hdr.overlay.3.swip)=0bv32, old(s1_hdr.overlay.3.valid)=true, old(s1_hdr.overlay.4.swip)=0bv32, old(s1_hdr.overlay.4.valid)=true, old(s1_hdr.overlay.5.swip)=0bv32, old(s1_hdr.overlay.5.valid)=false, old(s1_hdr.overlay.6.swip)=0bv32, old(s1_hdr.overlay.6.valid)=true, old(s1_hdr.overlay.7.swip)=0bv32, old(s1_hdr.overlay.7.valid)=false, old(s1_hdr.overlay.8.swip)=0bv32, old(s1_hdr.overlay.8.valid)=true, old(s1_hdr.overlay.9.valid)=false, old(s1_hdr.udp.checksum)=0bv16, old(s1_hdr.udp.dstPort)=0bv16, old(s1_hdr.udp.len)=4bv16, old(s1_ipv4_route.hit)=false, old(s1_ipv4_route.set_egress.egress_spec_1)=0bv9, old(s1_maintain_sequence.hit)=false, old(s1_meta.location.index)=0bv16, old(s1_meta.my_md.ipaddress)=0bv32, old(s1_meta.my_md.role)=0bv16, old(s1_meta.reply_to_client_md.ipv4_dstAddr)=0bv32, old(s1_meta.reply_to_client_md.ipv4_srcAddr)=0bv32, old(s1_meta.sequence_md.seq)=0bv16, old(s1_p4b_checksum_error)=false, old(s1_p4b_checksum_updated)=false, old(s1_p4b_checksum_verified)=false, old(s1_p4b_clone_e2e)=false, old(s1_p4b_clone_i2e)=false, old(s1_p4b_clone_i2i)=false, old(s1_p4b_digest)=false, old(s1_p4b_recirculate)=false, old(s1_pop_chain.hit)=false, old(s1_pop_chain_again.hit)=false, old(s1_read_value.hit)=false, old(s1_sequence_reg__last0_old_value)=0bv16, old(s1_sequence_reg__last0_value)=65535bv16, old(s1_sequence_reg__last_index)=0bv32, old(s1_sequence_reg__last_old_value)=0bv16, old(s1_sequence_reg__last_value)=65535bv16, old(s1_sequence_reg__last_write_site)=0, old(s1_sequence_reg__next_write_site)=0, old(s1_sequence_reg__wrote_any)=true, old(s1_sequence_reg__wrote_index0)=true, old(s1_standard_metadata.egress_port)=3bv9, old(s1_standard_metadata.egress_spec)=0bv9, old(s1_value_reg__last0_old_value)=0bv128, old(s1_value_reg__last0_value)=0bv128, old(s1_value_reg__last_index)=0bv32, old(s1_value_reg__last_old_value)=0bv128, old(s1_value_reg__last_value)=0bv128, old(s1_value_reg__last_write_site)=0, old(s1_value_reg__next_write_site)=0, old(s1_value_reg__wrote_any)=false, old(s1_value_reg__wrote_index0)=false, procurator_phase=2, procurator_step=2, s1_assign_value.hit=false, s1_drop=false, s1_drop_packet.hit=false, s1_ethernet_set_mac.ethernet_set_mac_act.dmac=0bv48, s1_ethernet_set_mac.ethernet_set_mac_act.smac=0bv48, s1_ethernet_set_mac.hit=false, s1_failure_recovery.hit=false, s1_find_index.find_index_act.index_1=0bv16, s1_find_index.hit=true, s1_forward=false, s1_gen_reply.gen_reply_act.message_type=0bv8, s1_gen_reply.hit=false, s1_get_my_address.get_my_address_act.sw_ip=0bv32, s1_get_my_address.get_my_address_act.sw_role=0bv16, s1_get_my_address.hit=false, s1_get_next_hop.hit=false, s1_get_sequence.hit=false, s1_hdr.ethernet.dstAddr=0bv48, s1_hdr.ethernet.etherType=2048bv16, s1_hdr.ethernet.srcAddr=0bv48, s1_hdr.ethernet.valid=true, s1_hdr.ipv4.diffserv=0bv8, s1_hdr.ipv4.dstAddr=167797761bv32, s1_hdr.ipv4.flags=0bv3, s1_hdr.ipv4.fragOffset=0bv13, s1_hdr.ipv4.hdrChecksum=0bv16, s1_hdr.ipv4.identification=0bv16, s1_hdr.ipv4.ihl=0bv4, s1_hdr.ipv4.protocol=17bv8, s1_hdr.ipv4.srcAddr=1bv32, s1_hdr.ipv4.totalLen=4bv16, s1_hdr.ipv4.ttl=0bv8, s1_hdr.ipv4.valid=true, s1_hdr.ipv4.version=0bv4, s1_hdr.nc_hdr.key=2024bv128, s1_hdr.nc_hdr.op=12bv8, s1_hdr.nc_hdr.sc=1bv8, s1_hdr.nc_hdr.seq=1bv16, s1_hdr.nc_hdr.valid=true, s1_hdr.nc_hdr.value=0bv128, s1_hdr.nc_hdr.vgroup=0bv16, s1_hdr.overlay.0.swip=167797761bv32, s1_hdr.overlay.0.valid=true, s1_hdr.overlay.1.swip=167797762bv32, s1_hdr.overlay.1.valid=true, s1_hdr.overlay.2.swip=0bv32, s1_hdr.overlay.2.valid=true, s1_hdr.overlay.3.swip=0bv32, s1_hdr.overlay.3.valid=true, s1_hdr.overlay.4.swip=0bv32, s1_hdr.overlay.4.valid=true, s1_hdr.overlay.5.swip=0bv32, s1_hdr.overlay.5.valid=false, s1_hdr.overlay.6.swip=0bv32, s1_hdr.overlay.6.valid=true, s1_hdr.overlay.7.swip=0bv32, s1_hdr.overlay.7.valid=false, s1_hdr.overlay.8.swip=0bv32, s1_hdr.overlay.8.valid=true, s1_hdr.overlay.9.swip=0bv32, s1_hdr.overlay.9.valid=false, s1_hdr.overlay.last.swip=0bv32, s1_hdr.overlay.last.valid=false, s1_hdr.tcp.ackNo=0bv32, s1_hdr.tcp.checksum=0bv16, s1_hdr.tcp.ctrl=0bv6, s1_hdr.tcp.dataOffset=0bv4, s1_hdr.tcp.dstPort=0bv16, s1_hdr.tcp.ecn=0bv3, s1_hdr.tcp.res=0bv3, s1_hdr.tcp.seqNo=0bv32, s1_hdr.tcp.srcPort=0bv16, s1_hdr.tcp.urgentPtr=0bv16, s1_hdr.tcp.valid=false, s1_hdr.tcp.window=0bv16, s1_hdr.udp.checksum=0bv16, s1_hdr.udp.dstPort=8888bv16, s1_hdr.udp.len=4bv16, s1_hdr.udp.srcPort=0bv16, s1_hdr.udp.valid=true, s1_inbox_count=0, s1_ipv4_route.hit=false, s1_ipv4_route.set_egress.egress_spec_1=0bv9, s1_maintain_sequence.hit=false, s1_meta.location.index=0bv16, s1_meta.my_md.failed=0bv16, s1_meta.my_md.ipaddress=0bv32, s1_meta.my_md.role=0bv16, s1_meta.reply_to_client_md.ipv4_dstAddr=0bv32, s1_meta.reply_to_client_md.ipv4_srcAddr=0bv32, s1_meta.sequence_md.seq=0bv16, s1_meta.sequence_md.tmp=0bv16, s1_p4b_checksum_error=false, s1_p4b_checksum_updated=false, s1_p4b_checksum_verified=false, s1_p4b_clone_e2e=false, s1_p4b_clone_i2e=false, s1_p4b_clone_i2i=false, s1_p4b_digest=false, s1_p4b_recirculate=false, s1_pkt_external=true, s1_pop_chain.hit=false, s1_pop_chain_again.hit=false, s1_read_value.hit=false, s1_sequence_reg__last0_old_value=0bv16, s1_sequence_reg__last0_value=65535bv16, s1_sequence_reg__last_index=0bv32, s1_sequence_reg__last_old_value=0bv16, s1_sequence_reg__last_value=65535bv16, s1_sequence_reg__last_write_site=0, s1_sequence_reg__next_write_site=0, s1_sequence_reg__wrote_any=true, s1_sequence_reg__wrote_index0=true, s1_standard_metadata.checksum_error=0bv1, s1_standard_metadata.deq_qdepth=0bv19, s1_standard_metadata.deq_timedelta=0bv32, s1_standard_metadata.egress_global_timestamp=0bv48, s1_standard_metadata.egress_port=3bv9, s1_standard_metadata.egress_rid=0bv16, s1_standard_metadata.egress_spec=0bv9, s1_standard_metadata.enq_qdepth=0bv19, s1_standard_metadata.enq_timestamp=0bv32, s1_standard_metadata.ingress_global_timestamp=0bv48, s1_standard_metadata.ingress_port=0bv9, s1_standard_metadata.instance_type=0bv32, s1_standard_metadata.mcast_grp=0bv16, s1_standard_metadata.packet_length=0bv32, s1_standard_metadata.parser_error=0bv1, s1_standard_metadata.priority=0bv3, s1_value_reg__last0_old_value=0bv128, s1_value_reg__last0_value=0bv128, s1_value_reg__last_index=0bv32, s1_value_reg__last_old_value=0bv128, s1_value_reg__last_value=0bv128, s1_value_reg__last_write_site=0, s1_value_reg__next_write_site=0, s1_value_reg__wrote_any=false, s1_value_reg__wrote_index0=false, s2_find_index.hit=true, s2_inbox_count=0, s2_meta.location.index=0bv16, s2_meta.my_md.role=101bv16, s2_p4b_clone_e2e=false, s2_p4b_clone_i2e=false, s2_p4b_clone_i2i=false, s2_p4b_recirculate=false, s2_pkt_external=false, s2_sequence_reg__last0_old_value=0bv16, s2_sequence_reg__last0_value=65535bv16, s2_sequence_reg__last_index=0bv32, s2_sequence_reg__last_old_value=0bv16, s2_sequence_reg__last_value=65535bv16, s2_sequence_reg__last_write_site=0, s2_sequence_reg__next_write_site=0, s2_sequence_reg__wrote_any=true, s2_sequence_reg__wrote_index0=true, s2_value_reg__last0_old_value=0bv128, s2_value_reg__last0_value=0bv128, s2_value_reg__last_index=0bv32, s2_value_reg__last_old_value=0bv128, s2_value_reg__last_value=0bv128, s2_value_reg__last_write_site=0, s2_value_reg__next_write_site=0, s2_value_reg__wrote_any=false, s2_value_reg__wrote_index0=false]
[L468]               assume s1_hdr.nc_hdr.op == 12bv8;
         VAL         [h1_hdr.ethernet.dstAddr=0bv48, h1_hdr.ethernet.etherType=2048bv16, h1_hdr.ethernet.srcAddr=0bv48, h1_hdr.ethernet.valid=true, h1_hdr.ipv4.diffserv=0bv8, h1_hdr.ipv4.dstAddr=167797761bv32, h1_hdr.ipv4.flags=0bv3, h1_hdr.ipv4.fragOffset=0bv13, h1_hdr.ipv4.hdrChecksum=0bv16, h1_hdr.ipv4.identification=0bv16, h1_hdr.ipv4.ihl=0bv4, h1_hdr.ipv4.protocol=17bv8, h1_hdr.ipv4.srcAddr=1bv32, h1_hdr.ipv4.totalLen=4bv16, h1_hdr.ipv4.ttl=0bv8, h1_hdr.ipv4.valid=true, h1_hdr.ipv4.version=0bv4, h1_hdr.nc_hdr.key=2024bv128, h1_hdr.nc_hdr.op=12bv8, h1_hdr.nc_hdr.sc=1bv8, h1_hdr.nc_hdr.seq=1bv16, h1_hdr.nc_hdr.valid=true, h1_hdr.nc_hdr.value=0bv128, h1_hdr.nc_hdr.vgroup=0bv16, h1_hdr.overlay.0.swip=167797761bv32, h1_hdr.overlay.0.valid=true, h1_hdr.overlay.1.swip=167797762bv32, h1_hdr.overlay.1.valid=true, h1_hdr.overlay.2.swip=0bv32, h1_hdr.overlay.2.valid=true, h1_hdr.overlay.3.swip=0bv32, h1_hdr.overlay.3.valid=true, h1_hdr.overlay.4.swip=0bv32, h1_hdr.overlay.4.valid=true, h1_hdr.overlay.5.swip=0bv32, h1_hdr.overlay.5.valid=false, h1_hdr.overlay.6.swip=0bv32, h1_hdr.overlay.6.valid=true, h1_hdr.overlay.7.swip=0bv32, h1_hdr.overlay.7.valid=false, h1_hdr.overlay.8.swip=0bv32, h1_hdr.overlay.8.valid=true, h1_hdr.overlay.9.swip=0bv32, h1_hdr.overlay.9.valid=false, h1_hdr.overlay.last.swip=0bv32, h1_hdr.overlay.last.valid=false, h1_hdr.tcp.ackNo=0bv32, h1_hdr.tcp.checksum=0bv16, h1_hdr.tcp.ctrl=0bv6, h1_hdr.tcp.dataOffset=0bv4, h1_hdr.tcp.dstPort=0bv16, h1_hdr.tcp.ecn=0bv3, h1_hdr.tcp.res=0bv3, h1_hdr.tcp.seqNo=0bv32, h1_hdr.tcp.srcPort=0bv16, h1_hdr.tcp.urgentPtr=0bv16, h1_hdr.tcp.valid=false, h1_hdr.tcp.window=0bv16, h1_hdr.udp.checksum=0bv16, h1_hdr.udp.dstPort=0bv16, h1_hdr.udp.len=4bv16, h1_hdr.udp.srcPort=0bv16, h1_hdr.udp.valid=true, h1_inbox_count=0, h1_meta.location.index=0bv16, h1_meta.my_md.failed=0bv16, h1_meta.my_md.ipaddress=0bv32, h1_meta.my_md.role=0bv16, h1_meta.reply_to_client_md.ipv4_dstAddr=0bv32, h1_meta.reply_to_client_md.ipv4_srcAddr=0bv32, h1_meta.sequence_md.seq=0bv16, h1_meta.sequence_md.tmp=0bv16, h1_pkt_external=false, h1_standard_metadata.checksum_error=0bv1, h1_standard_metadata.deq_qdepth=0bv19, h1_standard_metadata.deq_timedelta=0bv32, h1_standard_metadata.egress_global_timestamp=0bv48, h1_standard_metadata.egress_rid=0bv16, h1_standard_metadata.enq_qdepth=0bv19, h1_standard_metadata.enq_timestamp=0bv32, h1_standard_metadata.ingress_global_timestamp=0bv48, h1_standard_metadata.ingress_port=0bv9, h1_standard_metadata.instance_type=0bv32, h1_standard_metadata.mcast_grp=0bv16, h1_standard_metadata.packet_length=0bv32, h1_standard_metadata.parser_error=0bv1, h1_standard_metadata.priority=0bv3, old(s1_assign_value.hit)=false, old(s1_drop)=false, old(s1_drop_packet.hit)=false, old(s1_ethernet_set_mac.ethernet_set_mac_act.dmac)=0bv48, old(s1_ethernet_set_mac.ethernet_set_mac_act.smac)=0bv48, old(s1_ethernet_set_mac.hit)=false, old(s1_failure_recovery.hit)=false, old(s1_find_index.find_index_act.index_1)=0bv16, old(s1_find_index.hit)=true, old(s1_forward)=false, old(s1_gen_reply.gen_reply_act.message_type)=0bv8, old(s1_gen_reply.hit)=false, old(s1_get_my_address.get_my_address_act.sw_ip)=0bv32, old(s1_get_my_address.get_my_address_act.sw_role)=0bv16, old(s1_get_my_address.hit)=false, old(s1_get_next_hop.hit)=false, old(s1_get_sequence.hit)=false, old(s1_hdr.ethernet.dstAddr)=0bv48, old(s1_hdr.ethernet.srcAddr)=0bv48, old(s1_hdr.ipv4.dstAddr)=167797761bv32, old(s1_hdr.ipv4.hdrChecksum)=0bv16, old(s1_hdr.ipv4.protocol)=17bv8, old(s1_hdr.ipv4.srcAddr)=1bv32, old(s1_hdr.ipv4.totalLen)=4bv16, old(s1_hdr.ipv4.ttl)=0bv8, old(s1_hdr.nc_hdr.key)=2024bv128, old(s1_hdr.nc_hdr.op)=12bv8, old(s1_hdr.nc_hdr.sc)=1bv8, old(s1_hdr.nc_hdr.seq)=1bv16, old(s1_hdr.nc_hdr.value)=0bv128, old(s1_hdr.nc_hdr.vgroup)=0bv16, old(s1_hdr.overlay.0.swip)=167797761bv32, old(s1_hdr.overlay.0.valid)=true, old(s1_hdr.overlay.1.swip)=167797762bv32, old(s1_hdr.overlay.1.valid)=true, old(s1_hdr.overlay.2.swip)=0bv32, old(s1_hdr.overlay.2.valid)=true, old(s1_hdr.overlay.3.swip)=0bv32, old(s1_hdr.overlay.3.valid)=true, old(s1_hdr.overlay.4.swip)=0bv32, old(s1_hdr.overlay.4.valid)=true, old(s1_hdr.overlay.5.swip)=0bv32, old(s1_hdr.overlay.5.valid)=false, old(s1_hdr.overlay.6.swip)=0bv32, old(s1_hdr.overlay.6.valid)=true, old(s1_hdr.overlay.7.swip)=0bv32, old(s1_hdr.overlay.7.valid)=false, old(s1_hdr.overlay.8.swip)=0bv32, old(s1_hdr.overlay.8.valid)=true, old(s1_hdr.overlay.9.valid)=false, old(s1_hdr.udp.checksum)=0bv16, old(s1_hdr.udp.dstPort)=0bv16, old(s1_hdr.udp.len)=4bv16, old(s1_ipv4_route.hit)=false, old(s1_ipv4_route.set_egress.egress_spec_1)=0bv9, old(s1_maintain_sequence.hit)=false, old(s1_meta.location.index)=0bv16, old(s1_meta.my_md.ipaddress)=0bv32, old(s1_meta.my_md.role)=0bv16, old(s1_meta.reply_to_client_md.ipv4_dstAddr)=0bv32, old(s1_meta.reply_to_client_md.ipv4_srcAddr)=0bv32, old(s1_meta.sequence_md.seq)=0bv16, old(s1_p4b_checksum_error)=false, old(s1_p4b_checksum_updated)=false, old(s1_p4b_checksum_verified)=false, old(s1_p4b_clone_e2e)=false, old(s1_p4b_clone_i2e)=false, old(s1_p4b_clone_i2i)=false, old(s1_p4b_digest)=false, old(s1_p4b_recirculate)=false, old(s1_pop_chain.hit)=false, old(s1_pop_chain_again.hit)=false, old(s1_read_value.hit)=false, old(s1_sequence_reg__last0_old_value)=0bv16, old(s1_sequence_reg__last0_value)=65535bv16, old(s1_sequence_reg__last_index)=0bv32, old(s1_sequence_reg__last_old_value)=0bv16, old(s1_sequence_reg__last_value)=65535bv16, old(s1_sequence_reg__last_write_site)=0, old(s1_sequence_reg__next_write_site)=0, old(s1_sequence_reg__wrote_any)=true, old(s1_sequence_reg__wrote_index0)=true, old(s1_standard_metadata.egress_port)=3bv9, old(s1_standard_metadata.egress_spec)=0bv9, old(s1_value_reg__last0_old_value)=0bv128, old(s1_value_reg__last0_value)=0bv128, old(s1_value_reg__last_index)=0bv32, old(s1_value_reg__last_old_value)=0bv128, old(s1_value_reg__last_value)=0bv128, old(s1_value_reg__last_write_site)=0, old(s1_value_reg__next_write_site)=0, old(s1_value_reg__wrote_any)=false, old(s1_value_reg__wrote_index0)=false, procurator_phase=2, procurator_step=2, s1_assign_value.hit=false, s1_drop=false, s1_drop_packet.hit=false, s1_ethernet_set_mac.ethernet_set_mac_act.dmac=0bv48, s1_ethernet_set_mac.ethernet_set_mac_act.smac=0bv48, s1_ethernet_set_mac.hit=false, s1_failure_recovery.hit=false, s1_find_index.find_index_act.index_1=0bv16, s1_find_index.hit=true, s1_forward=false, s1_gen_reply.gen_reply_act.message_type=0bv8, s1_gen_reply.hit=false, s1_get_my_address.get_my_address_act.sw_ip=0bv32, s1_get_my_address.get_my_address_act.sw_role=0bv16, s1_get_my_address.hit=false, s1_get_next_hop.hit=false, s1_get_sequence.hit=false, s1_hdr.ethernet.dstAddr=0bv48, s1_hdr.ethernet.etherType=2048bv16, s1_hdr.ethernet.srcAddr=0bv48, s1_hdr.ethernet.valid=true, s1_hdr.ipv4.diffserv=0bv8, s1_hdr.ipv4.dstAddr=167797761bv32, s1_hdr.ipv4.flags=0bv3, s1_hdr.ipv4.fragOffset=0bv13, s1_hdr.ipv4.hdrChecksum=0bv16, s1_hdr.ipv4.identification=0bv16, s1_hdr.ipv4.ihl=0bv4, s1_hdr.ipv4.protocol=17bv8, s1_hdr.ipv4.srcAddr=1bv32, s1_hdr.ipv4.totalLen=4bv16, s1_hdr.ipv4.ttl=0bv8, s1_hdr.ipv4.valid=true, s1_hdr.ipv4.version=0bv4, s1_hdr.nc_hdr.key=2024bv128, s1_hdr.nc_hdr.op=12bv8, s1_hdr.nc_hdr.sc=1bv8, s1_hdr.nc_hdr.seq=1bv16, s1_hdr.nc_hdr.valid=true, s1_hdr.nc_hdr.value=0bv128, s1_hdr.nc_hdr.vgroup=0bv16, s1_hdr.overlay.0.swip=167797761bv32, s1_hdr.overlay.0.valid=true, s1_hdr.overlay.1.swip=167797762bv32, s1_hdr.overlay.1.valid=true, s1_hdr.overlay.2.swip=0bv32, s1_hdr.overlay.2.valid=true, s1_hdr.overlay.3.swip=0bv32, s1_hdr.overlay.3.valid=true, s1_hdr.overlay.4.swip=0bv32, s1_hdr.overlay.4.valid=true, s1_hdr.overlay.5.swip=0bv32, s1_hdr.overlay.5.valid=false, s1_hdr.overlay.6.swip=0bv32, s1_hdr.overlay.6.valid=true, s1_hdr.overlay.7.swip=0bv32, s1_hdr.overlay.7.valid=false, s1_hdr.overlay.8.swip=0bv32, s1_hdr.overlay.8.valid=true, s1_hdr.overlay.9.swip=0bv32, s1_hdr.overlay.9.valid=false, s1_hdr.overlay.last.swip=0bv32, s1_hdr.overlay.last.valid=false, s1_hdr.tcp.ackNo=0bv32, s1_hdr.tcp.checksum=0bv16, s1_hdr.tcp.ctrl=0bv6, s1_hdr.tcp.dataOffset=0bv4, s1_hdr.tcp.dstPort=0bv16, s1_hdr.tcp.ecn=0bv3, s1_hdr.tcp.res=0bv3, s1_hdr.tcp.seqNo=0bv32, s1_hdr.tcp.srcPort=0bv16, s1_hdr.tcp.urgentPtr=0bv16, s1_hdr.tcp.valid=false, s1_hdr.tcp.window=0bv16, s1_hdr.udp.checksum=0bv16, s1_hdr.udp.dstPort=8888bv16, s1_hdr.udp.len=4bv16, s1_hdr.udp.srcPort=0bv16, s1_hdr.udp.valid=true, s1_inbox_count=0, s1_ipv4_route.hit=false, s1_ipv4_route.set_egress.egress_spec_1=0bv9, s1_maintain_sequence.hit=false, s1_meta.location.index=0bv16, s1_meta.my_md.failed=0bv16, s1_meta.my_md.ipaddress=0bv32, s1_meta.my_md.role=0bv16, s1_meta.reply_to_client_md.ipv4_dstAddr=0bv32, s1_meta.reply_to_client_md.ipv4_srcAddr=0bv32, s1_meta.sequence_md.seq=0bv16, s1_meta.sequence_md.tmp=0bv16, s1_p4b_checksum_error=false, s1_p4b_checksum_updated=false, s1_p4b_checksum_verified=false, s1_p4b_clone_e2e=false, s1_p4b_clone_i2e=false, s1_p4b_clone_i2i=false, s1_p4b_digest=false, s1_p4b_recirculate=false, s1_pkt_external=true, s1_pop_chain.hit=false, s1_pop_chain_again.hit=false, s1_read_value.hit=false, s1_sequence_reg__last0_old_value=0bv16, s1_sequence_reg__last0_value=65535bv16, s1_sequence_reg__last_index=0bv32, s1_sequence_reg__last_old_value=0bv16, s1_sequence_reg__last_value=65535bv16, s1_sequence_reg__last_write_site=0, s1_sequence_reg__next_write_site=0, s1_sequence_reg__wrote_any=true, s1_sequence_reg__wrote_index0=true, s1_standard_metadata.checksum_error=0bv1, s1_standard_metadata.deq_qdepth=0bv19, s1_standard_metadata.deq_timedelta=0bv32, s1_standard_metadata.egress_global_timestamp=0bv48, s1_standard_metadata.egress_port=3bv9, s1_standard_metadata.egress_rid=0bv16, s1_standard_metadata.egress_spec=0bv9, s1_standard_metadata.enq_qdepth=0bv19, s1_standard_metadata.enq_timestamp=0bv32, s1_standard_metadata.ingress_global_timestamp=0bv48, s1_standard_metadata.ingress_port=0bv9, s1_standard_metadata.instance_type=0bv32, s1_standard_metadata.mcast_grp=0bv16, s1_standard_metadata.packet_length=0bv32, s1_standard_metadata.parser_error=0bv1, s1_standard_metadata.priority=0bv3, s1_value_reg__last0_old_value=0bv128, s1_value_reg__last0_value=0bv128, s1_value_reg__last_index=0bv32, s1_value_reg__last_old_value=0bv128, s1_value_reg__last_value=0bv128, s1_value_reg__last_write_site=0, s1_value_reg__next_write_site=0, s1_value_reg__wrote_any=false, s1_value_reg__wrote_index0=false, s2_find_index.hit=true, s2_inbox_count=0, s2_meta.location.index=0bv16, s2_meta.my_md.role=101bv16, s2_p4b_clone_e2e=false, s2_p4b_clone_i2e=false, s2_p4b_clone_i2i=false, s2_p4b_recirculate=false, s2_pkt_external=false, s2_sequence_reg__last0_old_value=0bv16, s2_sequence_reg__last0_value=65535bv16, s2_sequence_reg__last_index=0bv32, s2_sequence_reg__last_old_value=0bv16, s2_sequence_reg__last_value=65535bv16, s2_sequence_reg__last_write_site=0, s2_sequence_reg__next_write_site=0, s2_sequence_reg__wrote_any=true, s2_sequence_reg__wrote_index0=true, s2_value_reg__last0_old_value=0bv128, s2_value_reg__last0_value=0bv128, s2_value_reg__last_index=0bv32, s2_value_reg__last_old_value=0bv128, s2_value_reg__last_value=0bv128, s2_value_reg__last_write_site=0, s2_value_reg__next_write_site=0, s2_value_reg__wrote_any=false, s2_value_reg__wrote_index0=false]
[L509]   CALL        call s1_accept();
[L509]   RET         call s1_accept();
[L955]   RET         call s1_ParserImpl();
[L956]   CALL        call s1_verifyChecksum();
[L956]   RET         call s1_verifyChecksum();
[L957]   CALL        call s1_ingress();
[L864]   COND TRUE   s1_isValid[s1_hdr.nc_hdr]
[L865]   CALL        call s1_get_my_address.apply();
[L802]               s1_hdr.nc_hdr.key := s1_hdr.nc_hdr.key;
[L803]               s1_get_my_address.hit := false;
[L804]               s1_get_my_address.action_run := s1_get_my_address.action.get_my_address_act;
[L805]               s1_get_my_address.get_my_address_act.sw_ip := 167797761bv32;
[L806]               s1_get_my_address.get_my_address_act.sw_role := 100bv16;
[L807]   CALL        call s1_get_my_address_act(s1_get_my_address.get_my_address_act.sw_ip, s1_get_my_address.get_my_address_act.sw_role);
[L817]               s1_meta.my_md.ipaddress := s1_sw_ip;
[L818]               s1_meta.my_md.role := s1_sw_role;
         VAL         [h1_hdr.ethernet.dstAddr=0bv48, h1_hdr.ethernet.etherType=2048bv16, h1_hdr.ethernet.srcAddr=0bv48, h1_hdr.ethernet.valid=true, h1_hdr.ipv4.diffserv=0bv8, h1_hdr.ipv4.dstAddr=167797761bv32, h1_hdr.ipv4.flags=0bv3, h1_hdr.ipv4.fragOffset=0bv13, h1_hdr.ipv4.hdrChecksum=0bv16, h1_hdr.ipv4.identification=0bv16, h1_hdr.ipv4.ihl=0bv4, h1_hdr.ipv4.protocol=17bv8, h1_hdr.ipv4.srcAddr=1bv32, h1_hdr.ipv4.totalLen=4bv16, h1_hdr.ipv4.ttl=0bv8, h1_hdr.ipv4.valid=true, h1_hdr.ipv4.version=0bv4, h1_hdr.nc_hdr.key=2024bv128, h1_hdr.nc_hdr.op=12bv8, h1_hdr.nc_hdr.sc=1bv8, h1_hdr.nc_hdr.seq=1bv16, h1_hdr.nc_hdr.valid=true, h1_hdr.nc_hdr.value=0bv128, h1_hdr.nc_hdr.vgroup=0bv16, h1_hdr.overlay.0.swip=167797761bv32, h1_hdr.overlay.0.valid=true, h1_hdr.overlay.1.swip=167797762bv32, h1_hdr.overlay.1.valid=true, h1_hdr.overlay.2.swip=0bv32, h1_hdr.overlay.2.valid=true, h1_hdr.overlay.3.swip=0bv32, h1_hdr.overlay.3.valid=true, h1_hdr.overlay.4.swip=0bv32, h1_hdr.overlay.4.valid=true, h1_hdr.overlay.5.swip=0bv32, h1_hdr.overlay.5.valid=false, h1_hdr.overlay.6.swip=0bv32, h1_hdr.overlay.6.valid=true, h1_hdr.overlay.7.swip=0bv32, h1_hdr.overlay.7.valid=false, h1_hdr.overlay.8.swip=0bv32, h1_hdr.overlay.8.valid=true, h1_hdr.overlay.9.swip=0bv32, h1_hdr.overlay.9.valid=false, h1_hdr.overlay.last.swip=0bv32, h1_hdr.overlay.last.valid=false, h1_hdr.tcp.ackNo=0bv32, h1_hdr.tcp.checksum=0bv16, h1_hdr.tcp.ctrl=0bv6, h1_hdr.tcp.dataOffset=0bv4, h1_hdr.tcp.dstPort=0bv16, h1_hdr.tcp.ecn=0bv3, h1_hdr.tcp.res=0bv3, h1_hdr.tcp.seqNo=0bv32, h1_hdr.tcp.srcPort=0bv16, h1_hdr.tcp.urgentPtr=0bv16, h1_hdr.tcp.valid=false, h1_hdr.tcp.window=0bv16, h1_hdr.udp.checksum=0bv16, h1_hdr.udp.dstPort=0bv16, h1_hdr.udp.len=4bv16, h1_hdr.udp.srcPort=0bv16, h1_hdr.udp.valid=true, h1_inbox_count=0, h1_meta.location.index=0bv16, h1_meta.my_md.failed=0bv16, h1_meta.my_md.ipaddress=0bv32, h1_meta.my_md.role=0bv16, h1_meta.reply_to_client_md.ipv4_dstAddr=0bv32, h1_meta.reply_to_client_md.ipv4_srcAddr=0bv32, h1_meta.sequence_md.seq=0bv16, h1_meta.sequence_md.tmp=0bv16, h1_pkt_external=false, h1_standard_metadata.checksum_error=0bv1, h1_standard_metadata.deq_qdepth=0bv19, h1_standard_metadata.deq_timedelta=0bv32, h1_standard_metadata.egress_global_timestamp=0bv48, h1_standard_metadata.egress_rid=0bv16, h1_standard_metadata.enq_qdepth=0bv19, h1_standard_metadata.enq_timestamp=0bv32, h1_standard_metadata.ingress_global_timestamp=0bv48, h1_standard_metadata.ingress_port=0bv9, h1_standard_metadata.instance_type=0bv32, h1_standard_metadata.mcast_grp=0bv16, h1_standard_metadata.packet_length=0bv32, h1_standard_metadata.parser_error=0bv1, h1_standard_metadata.priority=0bv3, old(s1_assign_value.hit)=false, old(s1_drop)=false, old(s1_drop_packet.hit)=false, old(s1_ethernet_set_mac.ethernet_set_mac_act.dmac)=0bv48, old(s1_ethernet_set_mac.ethernet_set_mac_act.smac)=0bv48, old(s1_ethernet_set_mac.hit)=false, old(s1_failure_recovery.hit)=false, old(s1_find_index.find_index_act.index_1)=0bv16, old(s1_find_index.hit)=true, old(s1_forward)=false, old(s1_gen_reply.gen_reply_act.message_type)=0bv8, old(s1_gen_reply.hit)=false, old(s1_get_my_address.get_my_address_act.sw_ip)=0bv32, old(s1_get_my_address.get_my_address_act.sw_role)=0bv16, old(s1_get_my_address.hit)=false, old(s1_get_next_hop.hit)=false, old(s1_get_sequence.hit)=false, old(s1_hdr.ethernet.dstAddr)=0bv48, old(s1_hdr.ethernet.srcAddr)=0bv48, old(s1_hdr.ipv4.dstAddr)=167797761bv32, old(s1_hdr.ipv4.hdrChecksum)=0bv16, old(s1_hdr.ipv4.protocol)=17bv8, old(s1_hdr.ipv4.srcAddr)=1bv32, old(s1_hdr.ipv4.totalLen)=4bv16, old(s1_hdr.ipv4.ttl)=0bv8, old(s1_hdr.nc_hdr.key)=2024bv128, old(s1_hdr.nc_hdr.op)=12bv8, old(s1_hdr.nc_hdr.sc)=1bv8, old(s1_hdr.nc_hdr.seq)=1bv16, old(s1_hdr.nc_hdr.value)=0bv128, old(s1_hdr.nc_hdr.vgroup)=0bv16, old(s1_hdr.overlay.0.swip)=167797761bv32, old(s1_hdr.overlay.0.valid)=true, old(s1_hdr.overlay.1.swip)=167797762bv32, old(s1_hdr.overlay.1.valid)=true, old(s1_hdr.overlay.2.swip)=0bv32, old(s1_hdr.overlay.2.valid)=true, old(s1_hdr.overlay.3.swip)=0bv32, old(s1_hdr.overlay.3.valid)=true, old(s1_hdr.overlay.4.swip)=0bv32, old(s1_hdr.overlay.4.valid)=true, old(s1_hdr.overlay.5.swip)=0bv32, old(s1_hdr.overlay.5.valid)=false, old(s1_hdr.overlay.6.swip)=0bv32, old(s1_hdr.overlay.6.valid)=true, old(s1_hdr.overlay.7.swip)=0bv32, old(s1_hdr.overlay.7.valid)=false, old(s1_hdr.overlay.8.swip)=0bv32, old(s1_hdr.overlay.8.valid)=true, old(s1_hdr.overlay.9.valid)=false, old(s1_hdr.udp.checksum)=0bv16, old(s1_hdr.udp.dstPort)=0bv16, old(s1_hdr.udp.len)=4bv16, old(s1_ipv4_route.hit)=false, old(s1_ipv4_route.set_egress.egress_spec_1)=0bv9, old(s1_maintain_sequence.hit)=false, old(s1_meta.location.index)=0bv16, old(s1_meta.my_md.ipaddress)=0bv32, old(s1_meta.my_md.role)=0bv16, old(s1_meta.reply_to_client_md.ipv4_dstAddr)=0bv32, old(s1_meta.reply_to_client_md.ipv4_srcAddr)=0bv32, old(s1_meta.sequence_md.seq)=0bv16, old(s1_p4b_checksum_error)=false, old(s1_p4b_checksum_updated)=false, old(s1_p4b_checksum_verified)=false, old(s1_p4b_clone_e2e)=false, old(s1_p4b_clone_i2e)=false, old(s1_p4b_clone_i2i)=false, old(s1_p4b_digest)=false, old(s1_p4b_recirculate)=false, old(s1_pop_chain.hit)=false, old(s1_pop_chain_again.hit)=false, old(s1_read_value.hit)=false, old(s1_sequence_reg__last0_old_value)=0bv16, old(s1_sequence_reg__last0_value)=65535bv16, old(s1_sequence_reg__last_index)=0bv32, old(s1_sequence_reg__last_old_value)=0bv16, old(s1_sequence_reg__last_value)=65535bv16, old(s1_sequence_reg__last_write_site)=0, old(s1_sequence_reg__next_write_site)=0, old(s1_sequence_reg__wrote_any)=true, old(s1_sequence_reg__wrote_index0)=true, old(s1_standard_metadata.egress_port)=3bv9, old(s1_standard_metadata.egress_spec)=0bv9, old(s1_value_reg__last0_old_value)=0bv128, old(s1_value_reg__last0_value)=0bv128, old(s1_value_reg__last_index)=0bv32, old(s1_value_reg__last_old_value)=0bv128, old(s1_value_reg__last_value)=0bv128, old(s1_value_reg__last_write_site)=0, old(s1_value_reg__next_write_site)=0, old(s1_value_reg__wrote_any)=false, old(s1_value_reg__wrote_index0)=false, procurator_phase=2, procurator_step=2, s1_assign_value.hit=false, s1_drop=false, s1_drop_packet.hit=false, s1_ethernet_set_mac.ethernet_set_mac_act.dmac=0bv48, s1_ethernet_set_mac.ethernet_set_mac_act.smac=0bv48, s1_ethernet_set_mac.hit=false, s1_failure_recovery.hit=false, s1_find_index.find_index_act.index_1=0bv16, s1_find_index.hit=true, s1_forward=false, s1_gen_reply.gen_reply_act.message_type=0bv8, s1_gen_reply.hit=false, s1_get_my_address.get_my_address_act.sw_ip=167797761bv32, s1_get_my_address.get_my_address_act.sw_role=100bv16, s1_get_my_address.hit=false, s1_get_next_hop.hit=false, s1_get_sequence.hit=false, s1_hdr.ethernet.dstAddr=0bv48, s1_hdr.ethernet.etherType=2048bv16, s1_hdr.ethernet.srcAddr=0bv48, s1_hdr.ethernet.valid=true, s1_hdr.ipv4.diffserv=0bv8, s1_hdr.ipv4.dstAddr=167797761bv32, s1_hdr.ipv4.flags=0bv3, s1_hdr.ipv4.fragOffset=0bv13, s1_hdr.ipv4.hdrChecksum=0bv16, s1_hdr.ipv4.identification=0bv16, s1_hdr.ipv4.ihl=0bv4, s1_hdr.ipv4.protocol=17bv8, s1_hdr.ipv4.srcAddr=1bv32, s1_hdr.ipv4.totalLen=4bv16, s1_hdr.ipv4.ttl=0bv8, s1_hdr.ipv4.valid=true, s1_hdr.ipv4.version=0bv4, s1_hdr.nc_hdr.key=2024bv128, s1_hdr.nc_hdr.op=12bv8, s1_hdr.nc_hdr.sc=1bv8, s1_hdr.nc_hdr.seq=1bv16, s1_hdr.nc_hdr.valid=true, s1_hdr.nc_hdr.value=0bv128, s1_hdr.nc_hdr.vgroup=0bv16, s1_hdr.overlay.0.swip=167797761bv32, s1_hdr.overlay.0.valid=true, s1_hdr.overlay.1.swip=167797762bv32, s1_hdr.overlay.1.valid=true, s1_hdr.overlay.2.swip=0bv32, s1_hdr.overlay.2.valid=true, s1_hdr.overlay.3.swip=0bv32, s1_hdr.overlay.3.valid=true, s1_hdr.overlay.4.swip=0bv32, s1_hdr.overlay.4.valid=true, s1_hdr.overlay.5.swip=0bv32, s1_hdr.overlay.5.valid=false, s1_hdr.overlay.6.swip=0bv32, s1_hdr.overlay.6.valid=true, s1_hdr.overlay.7.swip=0bv32, s1_hdr.overlay.7.valid=false, s1_hdr.overlay.8.swip=0bv32, s1_hdr.overlay.8.valid=true, s1_hdr.overlay.9.swip=0bv32, s1_hdr.overlay.9.valid=false, s1_hdr.overlay.last.swip=0bv32, s1_hdr.overlay.last.valid=false, s1_hdr.tcp.ackNo=0bv32, s1_hdr.tcp.checksum=0bv16, s1_hdr.tcp.ctrl=0bv6, s1_hdr.tcp.dataOffset=0bv4, s1_hdr.tcp.dstPort=0bv16, s1_hdr.tcp.ecn=0bv3, s1_hdr.tcp.res=0bv3, s1_hdr.tcp.seqNo=0bv32, s1_hdr.tcp.srcPort=0bv16, s1_hdr.tcp.urgentPtr=0bv16, s1_hdr.tcp.valid=false, s1_hdr.tcp.window=0bv16, s1_hdr.udp.checksum=0bv16, s1_hdr.udp.dstPort=8888bv16, s1_hdr.udp.len=4bv16, s1_hdr.udp.srcPort=0bv16, s1_hdr.udp.valid=true, s1_inbox_count=0, s1_ipv4_route.hit=false, s1_ipv4_route.set_egress.egress_spec_1=0bv9, s1_maintain_sequence.hit=false, s1_meta.location.index=0bv16, s1_meta.my_md.failed=0bv16, s1_meta.my_md.ipaddress=167797761bv32, s1_meta.my_md.role=100bv16, s1_meta.reply_to_client_md.ipv4_dstAddr=0bv32, s1_meta.reply_to_client_md.ipv4_srcAddr=0bv32, s1_meta.sequence_md.seq=0bv16, s1_meta.sequence_md.tmp=0bv16, s1_p4b_checksum_error=false, s1_p4b_checksum_updated=false, s1_p4b_checksum_verified=false, s1_p4b_clone_e2e=false, s1_p4b_clone_i2e=false, s1_p4b_clone_i2i=false, s1_p4b_digest=false, s1_p4b_recirculate=false, s1_pkt_external=true, s1_pop_chain.hit=false, s1_pop_chain_again.hit=false, s1_read_value.hit=false, s1_sequence_reg__last0_old_value=0bv16, s1_sequence_reg__last0_value=65535bv16, s1_sequence_reg__last_index=0bv32, s1_sequence_reg__last_old_value=0bv16, s1_sequence_reg__last_value=65535bv16, s1_sequence_reg__last_write_site=0, s1_sequence_reg__next_write_site=0, s1_sequence_reg__wrote_any=true, s1_sequence_reg__wrote_index0=true, s1_standard_metadata.checksum_error=0bv1, s1_standard_metadata.deq_qdepth=0bv19, s1_standard_metadata.deq_timedelta=0bv32, s1_standard_metadata.egress_global_timestamp=0bv48, s1_standard_metadata.egress_port=3bv9, s1_standard_metadata.egress_rid=0bv16, s1_standard_metadata.egress_spec=0bv9, s1_standard_metadata.enq_qdepth=0bv19, s1_standard_metadata.enq_timestamp=0bv32, s1_standard_metadata.ingress_global_timestamp=0bv48, s1_standard_metadata.ingress_port=0bv9, s1_standard_metadata.instance_type=0bv32, s1_standard_metadata.mcast_grp=0bv16, s1_standard_metadata.packet_length=0bv32, s1_standard_metadata.parser_error=0bv1, s1_standard_metadata.priority=0bv3, s1_value_reg__last0_old_value=0bv128, s1_value_reg__last0_value=0bv128, s1_value_reg__last_index=0bv32, s1_value_reg__last_old_value=0bv128, s1_value_reg__last_value=0bv128, s1_value_reg__last_write_site=0, s1_value_reg__next_write_site=0, s1_value_reg__wrote_any=false, s1_value_reg__wrote_index0=false, s2_find_index.hit=true, s2_inbox_count=0, s2_meta.location.index=0bv16, s2_meta.my_md.role=101bv16, s2_p4b_clone_e2e=false, s2_p4b_clone_i2e=false, s2_p4b_clone_i2i=false, s2_p4b_recirculate=false, s2_pkt_external=false, s2_sequence_reg__last0_old_value=0bv16, s2_sequence_reg__last0_value=65535bv16, s2_sequence_reg__last_index=0bv32, s2_sequence_reg__last_old_value=0bv16, s2_sequence_reg__last_value=65535bv16, s2_sequence_reg__last_write_site=0, s2_sequence_reg__next_write_site=0, s2_sequence_reg__wrote_any=true, s2_sequence_reg__wrote_index0=true, s2_value_reg__last0_old_value=0bv128, s2_value_reg__last0_value=0bv128, s2_value_reg__last_index=0bv32, s2_value_reg__last_old_value=0bv128, s2_value_reg__last_value=0bv128, s2_value_reg__last_write_site=0, s2_value_reg__next_write_site=0, s2_value_reg__wrote_any=false, s2_value_reg__wrote_index0=false]
[L807]   RET         call s1_get_my_address_act(s1_get_my_address.get_my_address_act.sw_ip, s1_get_my_address.get_my_address_act.sw_role);
[L865]   RET         call s1_get_my_address.apply();
[L866]   COND TRUE   s1_hdr.ipv4.dstAddr == s1_meta.my_md.ipaddress
[L867]   CALL        call s1_find_index.apply();
[L704]               s1_hdr.nc_hdr.key := s1_hdr.nc_hdr.key;
[L705]               s1_find_index.hit := false;
         VAL         [h1_hdr.ethernet.dstAddr=0bv48, h1_hdr.ethernet.etherType=2048bv16, h1_hdr.ethernet.srcAddr=0bv48, h1_hdr.ethernet.valid=true, h1_hdr.ipv4.diffserv=0bv8, h1_hdr.ipv4.dstAddr=167797761bv32, h1_hdr.ipv4.flags=0bv3, h1_hdr.ipv4.fragOffset=0bv13, h1_hdr.ipv4.hdrChecksum=0bv16, h1_hdr.ipv4.identification=0bv16, h1_hdr.ipv4.ihl=0bv4, h1_hdr.ipv4.protocol=17bv8, h1_hdr.ipv4.srcAddr=1bv32, h1_hdr.ipv4.totalLen=4bv16, h1_hdr.ipv4.ttl=0bv8, h1_hdr.ipv4.valid=true, h1_hdr.ipv4.version=0bv4, h1_hdr.nc_hdr.key=2024bv128, h1_hdr.nc_hdr.op=12bv8, h1_hdr.nc_hdr.sc=1bv8, h1_hdr.nc_hdr.seq=1bv16, h1_hdr.nc_hdr.valid=true, h1_hdr.nc_hdr.value=0bv128, h1_hdr.nc_hdr.vgroup=0bv16, h1_hdr.overlay.0.swip=167797761bv32, h1_hdr.overlay.0.valid=true, h1_hdr.overlay.1.swip=167797762bv32, h1_hdr.overlay.1.valid=true, h1_hdr.overlay.2.swip=0bv32, h1_hdr.overlay.2.valid=true, h1_hdr.overlay.3.swip=0bv32, h1_hdr.overlay.3.valid=true, h1_hdr.overlay.4.swip=0bv32, h1_hdr.overlay.4.valid=true, h1_hdr.overlay.5.swip=0bv32, h1_hdr.overlay.5.valid=false, h1_hdr.overlay.6.swip=0bv32, h1_hdr.overlay.6.valid=true, h1_hdr.overlay.7.swip=0bv32, h1_hdr.overlay.7.valid=false, h1_hdr.overlay.8.swip=0bv32, h1_hdr.overlay.8.valid=true, h1_hdr.overlay.9.swip=0bv32, h1_hdr.overlay.9.valid=false, h1_hdr.overlay.last.swip=0bv32, h1_hdr.overlay.last.valid=false, h1_hdr.tcp.ackNo=0bv32, h1_hdr.tcp.checksum=0bv16, h1_hdr.tcp.ctrl=0bv6, h1_hdr.tcp.dataOffset=0bv4, h1_hdr.tcp.dstPort=0bv16, h1_hdr.tcp.ecn=0bv3, h1_hdr.tcp.res=0bv3, h1_hdr.tcp.seqNo=0bv32, h1_hdr.tcp.srcPort=0bv16, h1_hdr.tcp.urgentPtr=0bv16, h1_hdr.tcp.valid=false, h1_hdr.tcp.window=0bv16, h1_hdr.udp.checksum=0bv16, h1_hdr.udp.dstPort=0bv16, h1_hdr.udp.len=4bv16, h1_hdr.udp.srcPort=0bv16, h1_hdr.udp.valid=true, h1_inbox_count=0, h1_meta.location.index=0bv16, h1_meta.my_md.failed=0bv16, h1_meta.my_md.ipaddress=0bv32, h1_meta.my_md.role=0bv16, h1_meta.reply_to_client_md.ipv4_dstAddr=0bv32, h1_meta.reply_to_client_md.ipv4_srcAddr=0bv32, h1_meta.sequence_md.seq=0bv16, h1_meta.sequence_md.tmp=0bv16, h1_pkt_external=false, h1_standard_metadata.checksum_error=0bv1, h1_standard_metadata.deq_qdepth=0bv19, h1_standard_metadata.deq_timedelta=0bv32, h1_standard_metadata.egress_global_timestamp=0bv48, h1_standard_metadata.egress_rid=0bv16, h1_standard_metadata.enq_qdepth=0bv19, h1_standard_metadata.enq_timestamp=0bv32, h1_standard_metadata.ingress_global_timestamp=0bv48, h1_standard_metadata.ingress_port=0bv9, h1_standard_metadata.instance_type=0bv32, h1_standard_metadata.mcast_grp=0bv16, h1_standard_metadata.packet_length=0bv32, h1_standard_metadata.parser_error=0bv1, h1_standard_metadata.priority=0bv3, old(s1_assign_value.hit)=false, old(s1_drop)=false, old(s1_drop_packet.hit)=false, old(s1_ethernet_set_mac.ethernet_set_mac_act.dmac)=0bv48, old(s1_ethernet_set_mac.ethernet_set_mac_act.smac)=0bv48, old(s1_ethernet_set_mac.hit)=false, old(s1_failure_recovery.hit)=false, old(s1_find_index.find_index_act.index_1)=0bv16, old(s1_find_index.hit)=true, old(s1_forward)=false, old(s1_gen_reply.gen_reply_act.message_type)=0bv8, old(s1_gen_reply.hit)=false, old(s1_get_my_address.get_my_address_act.sw_ip)=0bv32, old(s1_get_my_address.get_my_address_act.sw_role)=0bv16, old(s1_get_my_address.hit)=false, old(s1_get_next_hop.hit)=false, old(s1_get_sequence.hit)=false, old(s1_hdr.ethernet.dstAddr)=0bv48, old(s1_hdr.ethernet.srcAddr)=0bv48, old(s1_hdr.ipv4.dstAddr)=167797761bv32, old(s1_hdr.ipv4.hdrChecksum)=0bv16, old(s1_hdr.ipv4.protocol)=17bv8, old(s1_hdr.ipv4.srcAddr)=1bv32, old(s1_hdr.ipv4.totalLen)=4bv16, old(s1_hdr.ipv4.ttl)=0bv8, old(s1_hdr.nc_hdr.key)=2024bv128, old(s1_hdr.nc_hdr.op)=12bv8, old(s1_hdr.nc_hdr.sc)=1bv8, old(s1_hdr.nc_hdr.seq)=1bv16, old(s1_hdr.nc_hdr.value)=0bv128, old(s1_hdr.nc_hdr.vgroup)=0bv16, old(s1_hdr.overlay.0.swip)=167797761bv32, old(s1_hdr.overlay.0.valid)=true, old(s1_hdr.overlay.1.swip)=167797762bv32, old(s1_hdr.overlay.1.valid)=true, old(s1_hdr.overlay.2.swip)=0bv32, old(s1_hdr.overlay.2.valid)=true, old(s1_hdr.overlay.3.swip)=0bv32, old(s1_hdr.overlay.3.valid)=true, old(s1_hdr.overlay.4.swip)=0bv32, old(s1_hdr.overlay.4.valid)=true, old(s1_hdr.overlay.5.swip)=0bv32, old(s1_hdr.overlay.5.valid)=false, old(s1_hdr.overlay.6.swip)=0bv32, old(s1_hdr.overlay.6.valid)=true, old(s1_hdr.overlay.7.swip)=0bv32, old(s1_hdr.overlay.7.valid)=false, old(s1_hdr.overlay.8.swip)=0bv32, old(s1_hdr.overlay.8.valid)=true, old(s1_hdr.overlay.9.valid)=false, old(s1_hdr.udp.checksum)=0bv16, old(s1_hdr.udp.dstPort)=0bv16, old(s1_hdr.udp.len)=4bv16, old(s1_ipv4_route.hit)=false, old(s1_ipv4_route.set_egress.egress_spec_1)=0bv9, old(s1_maintain_sequence.hit)=false, old(s1_meta.location.index)=0bv16, old(s1_meta.my_md.ipaddress)=0bv32, old(s1_meta.my_md.role)=0bv16, old(s1_meta.reply_to_client_md.ipv4_dstAddr)=0bv32, old(s1_meta.reply_to_client_md.ipv4_srcAddr)=0bv32, old(s1_meta.sequence_md.seq)=0bv16, old(s1_p4b_checksum_error)=false, old(s1_p4b_checksum_updated)=false, old(s1_p4b_checksum_verified)=false, old(s1_p4b_clone_e2e)=false, old(s1_p4b_clone_i2e)=false, old(s1_p4b_clone_i2i)=false, old(s1_p4b_digest)=false, old(s1_p4b_recirculate)=false, old(s1_pop_chain.hit)=false, old(s1_pop_chain_again.hit)=false, old(s1_read_value.hit)=false, old(s1_sequence_reg__last0_old_value)=0bv16, old(s1_sequence_reg__last0_value)=65535bv16, old(s1_sequence_reg__last_index)=0bv32, old(s1_sequence_reg__last_old_value)=0bv16, old(s1_sequence_reg__last_value)=65535bv16, old(s1_sequence_reg__last_write_site)=0, old(s1_sequence_reg__next_write_site)=0, old(s1_sequence_reg__wrote_any)=true, old(s1_sequence_reg__wrote_index0)=true, old(s1_standard_metadata.egress_port)=3bv9, old(s1_standard_metadata.egress_spec)=0bv9, old(s1_value_reg__last0_old_value)=0bv128, old(s1_value_reg__last0_value)=0bv128, old(s1_value_reg__last_index)=0bv32, old(s1_value_reg__last_old_value)=0bv128, old(s1_value_reg__last_value)=0bv128, old(s1_value_reg__last_write_site)=0, old(s1_value_reg__next_write_site)=0, old(s1_value_reg__wrote_any)=false, old(s1_value_reg__wrote_index0)=false, procurator_phase=2, procurator_step=2, s1_assign_value.hit=false, s1_drop=false, s1_drop_packet.hit=false, s1_ethernet_set_mac.ethernet_set_mac_act.dmac=0bv48, s1_ethernet_set_mac.ethernet_set_mac_act.smac=0bv48, s1_ethernet_set_mac.hit=false, s1_failure_recovery.hit=false, s1_find_index.find_index_act.index_1=0bv16, s1_find_index.hit=false, s1_forward=false, s1_gen_reply.gen_reply_act.message_type=0bv8, s1_gen_reply.hit=false, s1_get_my_address.get_my_address_act.sw_ip=167797761bv32, s1_get_my_address.get_my_address_act.sw_role=100bv16, s1_get_my_address.hit=false, s1_get_next_hop.hit=false, s1_get_sequence.hit=false, s1_hdr.ethernet.dstAddr=0bv48, s1_hdr.ethernet.etherType=2048bv16, s1_hdr.ethernet.srcAddr=0bv48, s1_hdr.ethernet.valid=true, s1_hdr.ipv4.diffserv=0bv8, s1_hdr.ipv4.dstAddr=167797761bv32, s1_hdr.ipv4.flags=0bv3, s1_hdr.ipv4.fragOffset=0bv13, s1_hdr.ipv4.hdrChecksum=0bv16, s1_hdr.ipv4.identification=0bv16, s1_hdr.ipv4.ihl=0bv4, s1_hdr.ipv4.protocol=17bv8, s1_hdr.ipv4.srcAddr=1bv32, s1_hdr.ipv4.totalLen=4bv16, s1_hdr.ipv4.ttl=0bv8, s1_hdr.ipv4.valid=true, s1_hdr.ipv4.version=0bv4, s1_hdr.nc_hdr.key=2024bv128, s1_hdr.nc_hdr.op=12bv8, s1_hdr.nc_hdr.sc=1bv8, s1_hdr.nc_hdr.seq=1bv16, s1_hdr.nc_hdr.valid=true, s1_hdr.nc_hdr.value=0bv128, s1_hdr.nc_hdr.vgroup=0bv16, s1_hdr.overlay.0.swip=167797761bv32, s1_hdr.overlay.0.valid=true, s1_hdr.overlay.1.swip=167797762bv32, s1_hdr.overlay.1.valid=true, s1_hdr.overlay.2.swip=0bv32, s1_hdr.overlay.2.valid=true, s1_hdr.overlay.3.swip=0bv32, s1_hdr.overlay.3.valid=true, s1_hdr.overlay.4.swip=0bv32, s1_hdr.overlay.4.valid=true, s1_hdr.overlay.5.swip=0bv32, s1_hdr.overlay.5.valid=false, s1_hdr.overlay.6.swip=0bv32, s1_hdr.overlay.6.valid=true, s1_hdr.overlay.7.swip=0bv32, s1_hdr.overlay.7.valid=false, s1_hdr.overlay.8.swip=0bv32, s1_hdr.overlay.8.valid=true, s1_hdr.overlay.9.swip=0bv32, s1_hdr.overlay.9.valid=false, s1_hdr.overlay.last.swip=0bv32, s1_hdr.overlay.last.valid=false, s1_hdr.tcp.ackNo=0bv32, s1_hdr.tcp.checksum=0bv16, s1_hdr.tcp.ctrl=0bv6, s1_hdr.tcp.dataOffset=0bv4, s1_hdr.tcp.dstPort=0bv16, s1_hdr.tcp.ecn=0bv3, s1_hdr.tcp.res=0bv3, s1_hdr.tcp.seqNo=0bv32, s1_hdr.tcp.srcPort=0bv16, s1_hdr.tcp.urgentPtr=0bv16, s1_hdr.tcp.valid=false, s1_hdr.tcp.window=0bv16, s1_hdr.udp.checksum=0bv16, s1_hdr.udp.dstPort=8888bv16, s1_hdr.udp.len=4bv16, s1_hdr.udp.srcPort=0bv16, s1_hdr.udp.valid=true, s1_inbox_count=0, s1_ipv4_route.hit=false, s1_ipv4_route.set_egress.egress_spec_1=0bv9, s1_maintain_sequence.hit=false, s1_meta.location.index=0bv16, s1_meta.my_md.failed=0bv16, s1_meta.my_md.ipaddress=167797761bv32, s1_meta.my_md.role=100bv16, s1_meta.reply_to_client_md.ipv4_dstAddr=0bv32, s1_meta.reply_to_client_md.ipv4_srcAddr=0bv32, s1_meta.sequence_md.seq=0bv16, s1_meta.sequence_md.tmp=0bv16, s1_p4b_checksum_error=false, s1_p4b_checksum_updated=false, s1_p4b_checksum_verified=false, s1_p4b_clone_e2e=false, s1_p4b_clone_i2e=false, s1_p4b_clone_i2i=false, s1_p4b_digest=false, s1_p4b_recirculate=false, s1_pkt_external=true, s1_pop_chain.hit=false, s1_pop_chain_again.hit=false, s1_read_value.hit=false, s1_sequence_reg__last0_old_value=0bv16, s1_sequence_reg__last0_value=65535bv16, s1_sequence_reg__last_index=0bv32, s1_sequence_reg__last_old_value=0bv16, s1_sequence_reg__last_value=65535bv16, s1_sequence_reg__last_write_site=0, s1_sequence_reg__next_write_site=0, s1_sequence_reg__wrote_any=true, s1_sequence_reg__wrote_index0=true, s1_standard_metadata.checksum_error=0bv1, s1_standard_metadata.deq_qdepth=0bv19, s1_standard_metadata.deq_timedelta=0bv32, s1_standard_metadata.egress_global_timestamp=0bv48, s1_standard_metadata.egress_port=3bv9, s1_standard_metadata.egress_rid=0bv16, s1_standard_metadata.egress_spec=0bv9, s1_standard_metadata.enq_qdepth=0bv19, s1_standard_metadata.enq_timestamp=0bv32, s1_standard_metadata.ingress_global_timestamp=0bv48, s1_standard_metadata.ingress_port=0bv9, s1_standard_metadata.instance_type=0bv32, s1_standard_metadata.mcast_grp=0bv16, s1_standard_metadata.packet_length=0bv32, s1_standard_metadata.parser_error=0bv1, s1_standard_metadata.priority=0bv3, s1_value_reg__last0_old_value=0bv128, s1_value_reg__last0_value=0bv128, s1_value_reg__last_index=0bv32, s1_value_reg__last_old_value=0bv128, s1_value_reg__last_value=0bv128, s1_value_reg__last_write_site=0, s1_value_reg__next_write_site=0, s1_value_reg__wrote_any=false, s1_value_reg__wrote_index0=false, s2_find_index.hit=true, s2_inbox_count=0, s2_meta.location.index=0bv16, s2_meta.my_md.role=101bv16, s2_p4b_clone_e2e=false, s2_p4b_clone_i2e=false, s2_p4b_clone_i2i=false, s2_p4b_recirculate=false, s2_pkt_external=false, s2_sequence_reg__last0_old_value=0bv16, s2_sequence_reg__last0_value=65535bv16, s2_sequence_reg__last_index=0bv32, s2_sequence_reg__last_old_value=0bv16, s2_sequence_reg__last_value=65535bv16, s2_sequence_reg__last_write_site=0, s2_sequence_reg__next_write_site=0, s2_sequence_reg__wrote_any=true, s2_sequence_reg__wrote_index0=true, s2_value_reg__last0_old_value=0bv128, s2_value_reg__last0_value=0bv128, s2_value_reg__last_index=0bv32, s2_value_reg__last_old_value=0bv128, s2_value_reg__last_value=0bv128, s2_value_reg__last_write_site=0, s2_value_reg__next_write_site=0, s2_value_reg__wrote_any=false, s2_value_reg__wrote_index0=false]
[L706]   COND TRUE   s1_hdr.nc_hdr.key == 2024bv128
[L707]               s1_find_index.hit := true;
[L708]               s1_find_index.action_run := s1_find_index.action.find_index_act;
[L709]               s1_find_index.find_index_act.index_1 := 0bv16;
         VAL         [h1_hdr.ethernet.dstAddr=0bv48, h1_hdr.ethernet.etherType=2048bv16, h1_hdr.ethernet.srcAddr=0bv48, h1_hdr.ethernet.valid=true, h1_hdr.ipv4.diffserv=0bv8, h1_hdr.ipv4.dstAddr=167797761bv32, h1_hdr.ipv4.flags=0bv3, h1_hdr.ipv4.fragOffset=0bv13, h1_hdr.ipv4.hdrChecksum=0bv16, h1_hdr.ipv4.identification=0bv16, h1_hdr.ipv4.ihl=0bv4, h1_hdr.ipv4.protocol=17bv8, h1_hdr.ipv4.srcAddr=1bv32, h1_hdr.ipv4.totalLen=4bv16, h1_hdr.ipv4.ttl=0bv8, h1_hdr.ipv4.valid=true, h1_hdr.ipv4.version=0bv4, h1_hdr.nc_hdr.key=2024bv128, h1_hdr.nc_hdr.op=12bv8, h1_hdr.nc_hdr.sc=1bv8, h1_hdr.nc_hdr.seq=1bv16, h1_hdr.nc_hdr.valid=true, h1_hdr.nc_hdr.value=0bv128, h1_hdr.nc_hdr.vgroup=0bv16, h1_hdr.overlay.0.swip=167797761bv32, h1_hdr.overlay.0.valid=true, h1_hdr.overlay.1.swip=167797762bv32, h1_hdr.overlay.1.valid=true, h1_hdr.overlay.2.swip=0bv32, h1_hdr.overlay.2.valid=true, h1_hdr.overlay.3.swip=0bv32, h1_hdr.overlay.3.valid=true, h1_hdr.overlay.4.swip=0bv32, h1_hdr.overlay.4.valid=true, h1_hdr.overlay.5.swip=0bv32, h1_hdr.overlay.5.valid=false, h1_hdr.overlay.6.swip=0bv32, h1_hdr.overlay.6.valid=true, h1_hdr.overlay.7.swip=0bv32, h1_hdr.overlay.7.valid=false, h1_hdr.overlay.8.swip=0bv32, h1_hdr.overlay.8.valid=true, h1_hdr.overlay.9.swip=0bv32, h1_hdr.overlay.9.valid=false, h1_hdr.overlay.last.swip=0bv32, h1_hdr.overlay.last.valid=false, h1_hdr.tcp.ackNo=0bv32, h1_hdr.tcp.checksum=0bv16, h1_hdr.tcp.ctrl=0bv6, h1_hdr.tcp.dataOffset=0bv4, h1_hdr.tcp.dstPort=0bv16, h1_hdr.tcp.ecn=0bv3, h1_hdr.tcp.res=0bv3, h1_hdr.tcp.seqNo=0bv32, h1_hdr.tcp.srcPort=0bv16, h1_hdr.tcp.urgentPtr=0bv16, h1_hdr.tcp.valid=false, h1_hdr.tcp.window=0bv16, h1_hdr.udp.checksum=0bv16, h1_hdr.udp.dstPort=0bv16, h1_hdr.udp.len=4bv16, h1_hdr.udp.srcPort=0bv16, h1_hdr.udp.valid=true, h1_inbox_count=0, h1_meta.location.index=0bv16, h1_meta.my_md.failed=0bv16, h1_meta.my_md.ipaddress=0bv32, h1_meta.my_md.role=0bv16, h1_meta.reply_to_client_md.ipv4_dstAddr=0bv32, h1_meta.reply_to_client_md.ipv4_srcAddr=0bv32, h1_meta.sequence_md.seq=0bv16, h1_meta.sequence_md.tmp=0bv16, h1_pkt_external=false, h1_standard_metadata.checksum_error=0bv1, h1_standard_metadata.deq_qdepth=0bv19, h1_standard_metadata.deq_timedelta=0bv32, h1_standard_metadata.egress_global_timestamp=0bv48, h1_standard_metadata.egress_rid=0bv16, h1_standard_metadata.enq_qdepth=0bv19, h1_standard_metadata.enq_timestamp=0bv32, h1_standard_metadata.ingress_global_timestamp=0bv48, h1_standard_metadata.ingress_port=0bv9, h1_standard_metadata.instance_type=0bv32, h1_standard_metadata.mcast_grp=0bv16, h1_standard_metadata.packet_length=0bv32, h1_standard_metadata.parser_error=0bv1, h1_standard_metadata.priority=0bv3, old(s1_assign_value.hit)=false, old(s1_drop)=false, old(s1_drop_packet.hit)=false, old(s1_ethernet_set_mac.ethernet_set_mac_act.dmac)=0bv48, old(s1_ethernet_set_mac.ethernet_set_mac_act.smac)=0bv48, old(s1_ethernet_set_mac.hit)=false, old(s1_failure_recovery.hit)=false, old(s1_find_index.find_index_act.index_1)=0bv16, old(s1_find_index.hit)=true, old(s1_forward)=false, old(s1_gen_reply.gen_reply_act.message_type)=0bv8, old(s1_gen_reply.hit)=false, old(s1_get_my_address.get_my_address_act.sw_ip)=0bv32, old(s1_get_my_address.get_my_address_act.sw_role)=0bv16, old(s1_get_my_address.hit)=false, old(s1_get_next_hop.hit)=false, old(s1_get_sequence.hit)=false, old(s1_hdr.ethernet.dstAddr)=0bv48, old(s1_hdr.ethernet.srcAddr)=0bv48, old(s1_hdr.ipv4.dstAddr)=167797761bv32, old(s1_hdr.ipv4.hdrChecksum)=0bv16, old(s1_hdr.ipv4.protocol)=17bv8, old(s1_hdr.ipv4.srcAddr)=1bv32, old(s1_hdr.ipv4.totalLen)=4bv16, old(s1_hdr.ipv4.ttl)=0bv8, old(s1_hdr.nc_hdr.key)=2024bv128, old(s1_hdr.nc_hdr.op)=12bv8, old(s1_hdr.nc_hdr.sc)=1bv8, old(s1_hdr.nc_hdr.seq)=1bv16, old(s1_hdr.nc_hdr.value)=0bv128, old(s1_hdr.nc_hdr.vgroup)=0bv16, old(s1_hdr.overlay.0.swip)=167797761bv32, old(s1_hdr.overlay.0.valid)=true, old(s1_hdr.overlay.1.swip)=167797762bv32, old(s1_hdr.overlay.1.valid)=true, old(s1_hdr.overlay.2.swip)=0bv32, old(s1_hdr.overlay.2.valid)=true, old(s1_hdr.overlay.3.swip)=0bv32, old(s1_hdr.overlay.3.valid)=true, old(s1_hdr.overlay.4.swip)=0bv32, old(s1_hdr.overlay.4.valid)=true, old(s1_hdr.overlay.5.swip)=0bv32, old(s1_hdr.overlay.5.valid)=false, old(s1_hdr.overlay.6.swip)=0bv32, old(s1_hdr.overlay.6.valid)=true, old(s1_hdr.overlay.7.swip)=0bv32, old(s1_hdr.overlay.7.valid)=false, old(s1_hdr.overlay.8.swip)=0bv32, old(s1_hdr.overlay.8.valid)=true, old(s1_hdr.overlay.9.valid)=false, old(s1_hdr.udp.checksum)=0bv16, old(s1_hdr.udp.dstPort)=0bv16, old(s1_hdr.udp.len)=4bv16, old(s1_ipv4_route.hit)=false, old(s1_ipv4_route.set_egress.egress_spec_1)=0bv9, old(s1_maintain_sequence.hit)=false, old(s1_meta.location.index)=0bv16, old(s1_meta.my_md.ipaddress)=0bv32, old(s1_meta.my_md.role)=0bv16, old(s1_meta.reply_to_client_md.ipv4_dstAddr)=0bv32, old(s1_meta.reply_to_client_md.ipv4_srcAddr)=0bv32, old(s1_meta.sequence_md.seq)=0bv16, old(s1_p4b_checksum_error)=false, old(s1_p4b_checksum_updated)=false, old(s1_p4b_checksum_verified)=false, old(s1_p4b_clone_e2e)=false, old(s1_p4b_clone_i2e)=false, old(s1_p4b_clone_i2i)=false, old(s1_p4b_digest)=false, old(s1_p4b_recirculate)=false, old(s1_pop_chain.hit)=false, old(s1_pop_chain_again.hit)=false, old(s1_read_value.hit)=false, old(s1_sequence_reg__last0_old_value)=0bv16, old(s1_sequence_reg__last0_value)=65535bv16, old(s1_sequence_reg__last_index)=0bv32, old(s1_sequence_reg__last_old_value)=0bv16, old(s1_sequence_reg__last_value)=65535bv16, old(s1_sequence_reg__last_write_site)=0, old(s1_sequence_reg__next_write_site)=0, old(s1_sequence_reg__wrote_any)=true, old(s1_sequence_reg__wrote_index0)=true, old(s1_standard_metadata.egress_port)=3bv9, old(s1_standard_metadata.egress_spec)=0bv9, old(s1_value_reg__last0_old_value)=0bv128, old(s1_value_reg__last0_value)=0bv128, old(s1_value_reg__last_index)=0bv32, old(s1_value_reg__last_old_value)=0bv128, old(s1_value_reg__last_value)=0bv128, old(s1_value_reg__last_write_site)=0, old(s1_value_reg__next_write_site)=0, old(s1_value_reg__wrote_any)=false, old(s1_value_reg__wrote_index0)=false, procurator_phase=2, procurator_step=2, s1_assign_value.hit=false, s1_drop=false, s1_drop_packet.hit=false, s1_ethernet_set_mac.ethernet_set_mac_act.dmac=0bv48, s1_ethernet_set_mac.ethernet_set_mac_act.smac=0bv48, s1_ethernet_set_mac.hit=false, s1_failure_recovery.hit=false, s1_find_index.find_index_act.index_1=0bv16, s1_find_index.hit=true, s1_forward=false, s1_gen_reply.gen_reply_act.message_type=0bv8, s1_gen_reply.hit=false, s1_get_my_address.get_my_address_act.sw_ip=167797761bv32, s1_get_my_address.get_my_address_act.sw_role=100bv16, s1_get_my_address.hit=false, s1_get_next_hop.hit=false, s1_get_sequence.hit=false, s1_hdr.ethernet.dstAddr=0bv48, s1_hdr.ethernet.etherType=2048bv16, s1_hdr.ethernet.srcAddr=0bv48, s1_hdr.ethernet.valid=true, s1_hdr.ipv4.diffserv=0bv8, s1_hdr.ipv4.dstAddr=167797761bv32, s1_hdr.ipv4.flags=0bv3, s1_hdr.ipv4.fragOffset=0bv13, s1_hdr.ipv4.hdrChecksum=0bv16, s1_hdr.ipv4.identification=0bv16, s1_hdr.ipv4.ihl=0bv4, s1_hdr.ipv4.protocol=17bv8, s1_hdr.ipv4.srcAddr=1bv32, s1_hdr.ipv4.totalLen=4bv16, s1_hdr.ipv4.ttl=0bv8, s1_hdr.ipv4.valid=true, s1_hdr.ipv4.version=0bv4, s1_hdr.nc_hdr.key=2024bv128, s1_hdr.nc_hdr.op=12bv8, s1_hdr.nc_hdr.sc=1bv8, s1_hdr.nc_hdr.seq=1bv16, s1_hdr.nc_hdr.valid=true, s1_hdr.nc_hdr.value=0bv128, s1_hdr.nc_hdr.vgroup=0bv16, s1_hdr.overlay.0.swip=167797761bv32, s1_hdr.overlay.0.valid=true, s1_hdr.overlay.1.swip=167797762bv32, s1_hdr.overlay.1.valid=true, s1_hdr.overlay.2.swip=0bv32, s1_hdr.overlay.2.valid=true, s1_hdr.overlay.3.swip=0bv32, s1_hdr.overlay.3.valid=true, s1_hdr.overlay.4.swip=0bv32, s1_hdr.overlay.4.valid=true, s1_hdr.overlay.5.swip=0bv32, s1_hdr.overlay.5.valid=false, s1_hdr.overlay.6.swip=0bv32, s1_hdr.overlay.6.valid=true, s1_hdr.overlay.7.swip=0bv32, s1_hdr.overlay.7.valid=false, s1_hdr.overlay.8.swip=0bv32, s1_hdr.overlay.8.valid=true, s1_hdr.overlay.9.swip=0bv32, s1_hdr.overlay.9.valid=false, s1_hdr.overlay.last.swip=0bv32, s1_hdr.overlay.last.valid=false, s1_hdr.tcp.ackNo=0bv32, s1_hdr.tcp.checksum=0bv16, s1_hdr.tcp.ctrl=0bv6, s1_hdr.tcp.dataOffset=0bv4, s1_hdr.tcp.dstPort=0bv16, s1_hdr.tcp.ecn=0bv3, s1_hdr.tcp.res=0bv3, s1_hdr.tcp.seqNo=0bv32, s1_hdr.tcp.srcPort=0bv16, s1_hdr.tcp.urgentPtr=0bv16, s1_hdr.tcp.valid=false, s1_hdr.tcp.window=0bv16, s1_hdr.udp.checksum=0bv16, s1_hdr.udp.dstPort=8888bv16, s1_hdr.udp.len=4bv16, s1_hdr.udp.srcPort=0bv16, s1_hdr.udp.valid=true, s1_inbox_count=0, s1_ipv4_route.hit=false, s1_ipv4_route.set_egress.egress_spec_1=0bv9, s1_maintain_sequence.hit=false, s1_meta.location.index=0bv16, s1_meta.my_md.failed=0bv16, s1_meta.my_md.ipaddress=167797761bv32, s1_meta.my_md.role=100bv16, s1_meta.reply_to_client_md.ipv4_dstAddr=0bv32, s1_meta.reply_to_client_md.ipv4_srcAddr=0bv32, s1_meta.sequence_md.seq=0bv16, s1_meta.sequence_md.tmp=0bv16, s1_p4b_checksum_error=false, s1_p4b_checksum_updated=false, s1_p4b_checksum_verified=false, s1_p4b_clone_e2e=false, s1_p4b_clone_i2e=false, s1_p4b_clone_i2i=false, s1_p4b_digest=false, s1_p4b_recirculate=false, s1_pkt_external=true, s1_pop_chain.hit=false, s1_pop_chain_again.hit=false, s1_read_value.hit=false, s1_sequence_reg__last0_old_value=0bv16, s1_sequence_reg__last0_value=65535bv16, s1_sequence_reg__last_index=0bv32, s1_sequence_reg__last_old_value=0bv16, s1_sequence_reg__last_value=65535bv16, s1_sequence_reg__last_write_site=0, s1_sequence_reg__next_write_site=0, s1_sequence_reg__wrote_any=true, s1_sequence_reg__wrote_index0=true, s1_standard_metadata.checksum_error=0bv1, s1_standard_metadata.deq_qdepth=0bv19, s1_standard_metadata.deq_timedelta=0bv32, s1_standard_metadata.egress_global_timestamp=0bv48, s1_standard_metadata.egress_port=3bv9, s1_standard_metadata.egress_rid=0bv16, s1_standard_metadata.egress_spec=0bv9, s1_standard_metadata.enq_qdepth=0bv19, s1_standard_metadata.enq_timestamp=0bv32, s1_standard_metadata.ingress_global_timestamp=0bv48, s1_standard_metadata.ingress_port=0bv9, s1_standard_metadata.instance_type=0bv32, s1_standard_metadata.mcast_grp=0bv16, s1_standard_metadata.packet_length=0bv32, s1_standard_metadata.parser_error=0bv1, s1_standard_metadata.priority=0bv3, s1_value_reg__last0_old_value=0bv128, s1_value_reg__last0_value=0bv128, s1_value_reg__last_index=0bv32, s1_value_reg__last_old_value=0bv128, s1_value_reg__last_value=0bv128, s1_value_reg__last_write_site=0, s1_value_reg__next_write_site=0, s1_value_reg__wrote_any=false, s1_value_reg__wrote_index0=false, s2_find_index.hit=true, s2_inbox_count=0, s2_meta.location.index=0bv16, s2_meta.my_md.role=101bv16, s2_p4b_clone_e2e=false, s2_p4b_clone_i2e=false, s2_p4b_clone_i2i=false, s2_p4b_recirculate=false, s2_pkt_external=false, s2_sequence_reg__last0_old_value=0bv16, s2_sequence_reg__last0_value=65535bv16, s2_sequence_reg__last_index=0bv32, s2_sequence_reg__last_old_value=0bv16, s2_sequence_reg__last_value=65535bv16, s2_sequence_reg__last_write_site=0, s2_sequence_reg__next_write_site=0, s2_sequence_reg__wrote_any=true, s2_sequence_reg__wrote_index0=true, s2_value_reg__last0_old_value=0bv128, s2_value_reg__last0_value=0bv128, s2_value_reg__last_index=0bv32, s2_value_reg__last_old_value=0bv128, s2_value_reg__last_value=0bv128, s2_value_reg__last_write_site=0, s2_value_reg__next_write_site=0, s2_value_reg__wrote_any=false, s2_value_reg__wrote_index0=false]
[L710]   CALL        call s1_find_index_act(s1_find_index.find_index_act.index_1);
         VAL         [h1_hdr.ethernet.dstAddr=0bv48, h1_hdr.ethernet.etherType=2048bv16, h1_hdr.ethernet.srcAddr=0bv48, h1_hdr.ethernet.valid=true, h1_hdr.ipv4.diffserv=0bv8, h1_hdr.ipv4.dstAddr=167797761bv32, h1_hdr.ipv4.flags=0bv3, h1_hdr.ipv4.fragOffset=0bv13, h1_hdr.ipv4.hdrChecksum=0bv16, h1_hdr.ipv4.identification=0bv16, h1_hdr.ipv4.ihl=0bv4, h1_hdr.ipv4.protocol=17bv8, h1_hdr.ipv4.srcAddr=1bv32, h1_hdr.ipv4.totalLen=4bv16, h1_hdr.ipv4.ttl=0bv8, h1_hdr.ipv4.valid=true, h1_hdr.ipv4.version=0bv4, h1_hdr.nc_hdr.key=2024bv128, h1_hdr.nc_hdr.op=12bv8, h1_hdr.nc_hdr.sc=1bv8, h1_hdr.nc_hdr.seq=1bv16, h1_hdr.nc_hdr.valid=true, h1_hdr.nc_hdr.value=0bv128, h1_hdr.nc_hdr.vgroup=0bv16, h1_hdr.overlay.0.swip=167797761bv32, h1_hdr.overlay.0.valid=true, h1_hdr.overlay.1.swip=167797762bv32, h1_hdr.overlay.1.valid=true, h1_hdr.overlay.2.swip=0bv32, h1_hdr.overlay.2.valid=true, h1_hdr.overlay.3.swip=0bv32, h1_hdr.overlay.3.valid=true, h1_hdr.overlay.4.swip=0bv32, h1_hdr.overlay.4.valid=true, h1_hdr.overlay.5.swip=0bv32, h1_hdr.overlay.5.valid=false, h1_hdr.overlay.6.swip=0bv32, h1_hdr.overlay.6.valid=true, h1_hdr.overlay.7.swip=0bv32, h1_hdr.overlay.7.valid=false, h1_hdr.overlay.8.swip=0bv32, h1_hdr.overlay.8.valid=true, h1_hdr.overlay.9.swip=0bv32, h1_hdr.overlay.9.valid=false, h1_hdr.overlay.last.swip=0bv32, h1_hdr.overlay.last.valid=false, h1_hdr.tcp.ackNo=0bv32, h1_hdr.tcp.checksum=0bv16, h1_hdr.tcp.ctrl=0bv6, h1_hdr.tcp.dataOffset=0bv4, h1_hdr.tcp.dstPort=0bv16, h1_hdr.tcp.ecn=0bv3, h1_hdr.tcp.res=0bv3, h1_hdr.tcp.seqNo=0bv32, h1_hdr.tcp.srcPort=0bv16, h1_hdr.tcp.urgentPtr=0bv16, h1_hdr.tcp.valid=false, h1_hdr.tcp.window=0bv16, h1_hdr.udp.checksum=0bv16, h1_hdr.udp.dstPort=0bv16, h1_hdr.udp.len=4bv16, h1_hdr.udp.srcPort=0bv16, h1_hdr.udp.valid=true, h1_inbox_count=0, h1_meta.location.index=0bv16, h1_meta.my_md.failed=0bv16, h1_meta.my_md.ipaddress=0bv32, h1_meta.my_md.role=0bv16, h1_meta.reply_to_client_md.ipv4_dstAddr=0bv32, h1_meta.reply_to_client_md.ipv4_srcAddr=0bv32, h1_meta.sequence_md.seq=0bv16, h1_meta.sequence_md.tmp=0bv16, h1_pkt_external=false, h1_standard_metadata.checksum_error=0bv1, h1_standard_metadata.deq_qdepth=0bv19, h1_standard_metadata.deq_timedelta=0bv32, h1_standard_metadata.egress_global_timestamp=0bv48, h1_standard_metadata.egress_rid=0bv16, h1_standard_metadata.enq_qdepth=0bv19, h1_standard_metadata.enq_timestamp=0bv32, h1_standard_metadata.ingress_global_timestamp=0bv48, h1_standard_metadata.ingress_port=0bv9, h1_standard_metadata.instance_type=0bv32, h1_standard_metadata.mcast_grp=0bv16, h1_standard_metadata.packet_length=0bv32, h1_standard_metadata.parser_error=0bv1, h1_standard_metadata.priority=0bv3, old(s1_assign_value.hit)=false, old(s1_drop)=false, old(s1_drop_packet.hit)=false, old(s1_ethernet_set_mac.ethernet_set_mac_act.dmac)=0bv48, old(s1_ethernet_set_mac.ethernet_set_mac_act.smac)=0bv48, old(s1_ethernet_set_mac.hit)=false, old(s1_failure_recovery.hit)=false, old(s1_find_index.find_index_act.index_1)=0bv16, old(s1_find_index.hit)=true, old(s1_forward)=false, old(s1_gen_reply.gen_reply_act.message_type)=0bv8, old(s1_gen_reply.hit)=false, old(s1_get_my_address.get_my_address_act.sw_ip)=0bv32, old(s1_get_my_address.get_my_address_act.sw_role)=0bv16, old(s1_get_my_address.hit)=false, old(s1_get_next_hop.hit)=false, old(s1_get_sequence.hit)=false, old(s1_hdr.ethernet.dstAddr)=0bv48, old(s1_hdr.ethernet.srcAddr)=0bv48, old(s1_hdr.ipv4.dstAddr)=167797761bv32, old(s1_hdr.ipv4.hdrChecksum)=0bv16, old(s1_hdr.ipv4.protocol)=17bv8, old(s1_hdr.ipv4.srcAddr)=1bv32, old(s1_hdr.ipv4.totalLen)=4bv16, old(s1_hdr.ipv4.ttl)=0bv8, old(s1_hdr.nc_hdr.key)=2024bv128, old(s1_hdr.nc_hdr.op)=12bv8, old(s1_hdr.nc_hdr.sc)=1bv8, old(s1_hdr.nc_hdr.seq)=1bv16, old(s1_hdr.nc_hdr.value)=0bv128, old(s1_hdr.nc_hdr.vgroup)=0bv16, old(s1_hdr.overlay.0.swip)=167797761bv32, old(s1_hdr.overlay.0.valid)=true, old(s1_hdr.overlay.1.swip)=167797762bv32, old(s1_hdr.overlay.1.valid)=true, old(s1_hdr.overlay.2.swip)=0bv32, old(s1_hdr.overlay.2.valid)=true, old(s1_hdr.overlay.3.swip)=0bv32, old(s1_hdr.overlay.3.valid)=true, old(s1_hdr.overlay.4.swip)=0bv32, old(s1_hdr.overlay.4.valid)=true, old(s1_hdr.overlay.5.swip)=0bv32, old(s1_hdr.overlay.5.valid)=false, old(s1_hdr.overlay.6.swip)=0bv32, old(s1_hdr.overlay.6.valid)=true, old(s1_hdr.overlay.7.swip)=0bv32, old(s1_hdr.overlay.7.valid)=false, old(s1_hdr.overlay.8.swip)=0bv32, old(s1_hdr.overlay.8.valid)=true, old(s1_hdr.overlay.9.valid)=false, old(s1_hdr.udp.checksum)=0bv16, old(s1_hdr.udp.dstPort)=0bv16, old(s1_hdr.udp.len)=4bv16, old(s1_ipv4_route.hit)=false, old(s1_ipv4_route.set_egress.egress_spec_1)=0bv9, old(s1_maintain_sequence.hit)=false, old(s1_meta.location.index)=0bv16, old(s1_meta.my_md.ipaddress)=0bv32, old(s1_meta.my_md.role)=0bv16, old(s1_meta.reply_to_client_md.ipv4_dstAddr)=0bv32, old(s1_meta.reply_to_client_md.ipv4_srcAddr)=0bv32, old(s1_meta.sequence_md.seq)=0bv16, old(s1_p4b_checksum_error)=false, old(s1_p4b_checksum_updated)=false, old(s1_p4b_checksum_verified)=false, old(s1_p4b_clone_e2e)=false, old(s1_p4b_clone_i2e)=false, old(s1_p4b_clone_i2i)=false, old(s1_p4b_digest)=false, old(s1_p4b_recirculate)=false, old(s1_pop_chain.hit)=false, old(s1_pop_chain_again.hit)=false, old(s1_read_value.hit)=false, old(s1_sequence_reg__last0_old_value)=0bv16, old(s1_sequence_reg__last0_value)=65535bv16, old(s1_sequence_reg__last_index)=0bv32, old(s1_sequence_reg__last_old_value)=0bv16, old(s1_sequence_reg__last_value)=65535bv16, old(s1_sequence_reg__last_write_site)=0, old(s1_sequence_reg__next_write_site)=0, old(s1_sequence_reg__wrote_any)=true, old(s1_sequence_reg__wrote_index0)=true, old(s1_standard_metadata.egress_port)=3bv9, old(s1_standard_metadata.egress_spec)=0bv9, old(s1_value_reg__last0_old_value)=0bv128, old(s1_value_reg__last0_value)=0bv128, old(s1_value_reg__last_index)=0bv32, old(s1_value_reg__last_old_value)=0bv128, old(s1_value_reg__last_value)=0bv128, old(s1_value_reg__last_write_site)=0, old(s1_value_reg__next_write_site)=0, old(s1_value_reg__wrote_any)=false, old(s1_value_reg__wrote_index0)=false, procurator_phase=2, procurator_step=2, s1_assign_value.hit=false, s1_drop=false, s1_drop_packet.hit=false, s1_ethernet_set_mac.ethernet_set_mac_act.dmac=0bv48, s1_ethernet_set_mac.ethernet_set_mac_act.smac=0bv48, s1_ethernet_set_mac.hit=false, s1_failure_recovery.hit=false, s1_find_index.find_index_act.index_1=0bv16, s1_find_index.hit=true, s1_forward=false, s1_gen_reply.gen_reply_act.message_type=0bv8, s1_gen_reply.hit=false, s1_get_my_address.get_my_address_act.sw_ip=167797761bv32, s1_get_my_address.get_my_address_act.sw_role=100bv16, s1_get_my_address.hit=false, s1_get_next_hop.hit=false, s1_get_sequence.hit=false, s1_hdr.ethernet.dstAddr=0bv48, s1_hdr.ethernet.etherType=2048bv16, s1_hdr.ethernet.srcAddr=0bv48, s1_hdr.ethernet.valid=true, s1_hdr.ipv4.diffserv=0bv8, s1_hdr.ipv4.dstAddr=167797761bv32, s1_hdr.ipv4.flags=0bv3, s1_hdr.ipv4.fragOffset=0bv13, s1_hdr.ipv4.hdrChecksum=0bv16, s1_hdr.ipv4.identification=0bv16, s1_hdr.ipv4.ihl=0bv4, s1_hdr.ipv4.protocol=17bv8, s1_hdr.ipv4.srcAddr=1bv32, s1_hdr.ipv4.totalLen=4bv16, s1_hdr.ipv4.ttl=0bv8, s1_hdr.ipv4.valid=true, s1_hdr.ipv4.version=0bv4, s1_hdr.nc_hdr.key=2024bv128, s1_hdr.nc_hdr.op=12bv8, s1_hdr.nc_hdr.sc=1bv8, s1_hdr.nc_hdr.seq=1bv16, s1_hdr.nc_hdr.valid=true, s1_hdr.nc_hdr.value=0bv128, s1_hdr.nc_hdr.vgroup=0bv16, s1_hdr.overlay.0.swip=167797761bv32, s1_hdr.overlay.0.valid=true, s1_hdr.overlay.1.swip=167797762bv32, s1_hdr.overlay.1.valid=true, s1_hdr.overlay.2.swip=0bv32, s1_hdr.overlay.2.valid=true, s1_hdr.overlay.3.swip=0bv32, s1_hdr.overlay.3.valid=true, s1_hdr.overlay.4.swip=0bv32, s1_hdr.overlay.4.valid=true, s1_hdr.overlay.5.swip=0bv32, s1_hdr.overlay.5.valid=false, s1_hdr.overlay.6.swip=0bv32, s1_hdr.overlay.6.valid=true, s1_hdr.overlay.7.swip=0bv32, s1_hdr.overlay.7.valid=false, s1_hdr.overlay.8.swip=0bv32, s1_hdr.overlay.8.valid=true, s1_hdr.overlay.9.swip=0bv32, s1_hdr.overlay.9.valid=false, s1_hdr.overlay.last.swip=0bv32, s1_hdr.overlay.last.valid=false, s1_hdr.tcp.ackNo=0bv32, s1_hdr.tcp.checksum=0bv16, s1_hdr.tcp.ctrl=0bv6, s1_hdr.tcp.dataOffset=0bv4, s1_hdr.tcp.dstPort=0bv16, s1_hdr.tcp.ecn=0bv3, s1_hdr.tcp.res=0bv3, s1_hdr.tcp.seqNo=0bv32, s1_hdr.tcp.srcPort=0bv16, s1_hdr.tcp.urgentPtr=0bv16, s1_hdr.tcp.valid=false, s1_hdr.tcp.window=0bv16, s1_hdr.udp.checksum=0bv16, s1_hdr.udp.dstPort=8888bv16, s1_hdr.udp.len=4bv16, s1_hdr.udp.srcPort=0bv16, s1_hdr.udp.valid=true, s1_inbox_count=0, s1_index_1=0bv16, s1_ipv4_route.hit=false, s1_ipv4_route.set_egress.egress_spec_1=0bv9, s1_maintain_sequence.hit=false, s1_meta.location.index=0bv16, s1_meta.my_md.failed=0bv16, s1_meta.my_md.ipaddress=167797761bv32, s1_meta.my_md.role=100bv16, s1_meta.reply_to_client_md.ipv4_dstAddr=0bv32, s1_meta.reply_to_client_md.ipv4_srcAddr=0bv32, s1_meta.sequence_md.seq=0bv16, s1_meta.sequence_md.tmp=0bv16, s1_p4b_checksum_error=false, s1_p4b_checksum_updated=false, s1_p4b_checksum_verified=false, s1_p4b_clone_e2e=false, s1_p4b_clone_i2e=false, s1_p4b_clone_i2i=false, s1_p4b_digest=false, s1_p4b_recirculate=false, s1_pkt_external=true, s1_pop_chain.hit=false, s1_pop_chain_again.hit=false, s1_read_value.hit=false, s1_sequence_reg__last0_old_value=0bv16, s1_sequence_reg__last0_value=65535bv16, s1_sequence_reg__last_index=0bv32, s1_sequence_reg__last_old_value=0bv16, s1_sequence_reg__last_value=65535bv16, s1_sequence_reg__last_write_site=0, s1_sequence_reg__next_write_site=0, s1_sequence_reg__wrote_any=true, s1_sequence_reg__wrote_index0=true, s1_standard_metadata.checksum_error=0bv1, s1_standard_metadata.deq_qdepth=0bv19, s1_standard_metadata.deq_timedelta=0bv32, s1_standard_metadata.egress_global_timestamp=0bv48, s1_standard_metadata.egress_port=3bv9, s1_standard_metadata.egress_rid=0bv16, s1_standard_metadata.egress_spec=0bv9, s1_standard_metadata.enq_qdepth=0bv19, s1_standard_metadata.enq_timestamp=0bv32, s1_standard_metadata.ingress_global_timestamp=0bv48, s1_standard_metadata.ingress_port=0bv9, s1_standard_metadata.instance_type=0bv32, s1_standard_metadata.mcast_grp=0bv16, s1_standard_metadata.packet_length=0bv32, s1_standard_metadata.parser_error=0bv1, s1_standard_metadata.priority=0bv3, s1_value_reg__last0_old_value=0bv128, s1_value_reg__last0_value=0bv128, s1_value_reg__last_index=0bv32, s1_value_reg__last_old_value=0bv128, s1_value_reg__last_value=0bv128, s1_value_reg__last_write_site=0, s1_value_reg__next_write_site=0, s1_value_reg__wrote_any=false, s1_value_reg__wrote_index0=false, s2_find_index.hit=true, s2_inbox_count=0, s2_meta.location.index=0bv16, s2_meta.my_md.role=101bv16, s2_p4b_clone_e2e=false, s2_p4b_clone_i2e=false, s2_p4b_clone_i2i=false, s2_p4b_recirculate=false, s2_pkt_external=false, s2_sequence_reg__last0_old_value=0bv16, s2_sequence_reg__last0_value=65535bv16, s2_sequence_reg__last_index=0bv32, s2_sequence_reg__last_old_value=0bv16, s2_sequence_reg__last_value=65535bv16, s2_sequence_reg__last_write_site=0, s2_sequence_reg__next_write_site=0, s2_sequence_reg__wrote_any=true, s2_sequence_reg__wrote_index0=true, s2_value_reg__last0_old_value=0bv128, s2_value_reg__last0_value=0bv128, s2_value_reg__last_index=0bv32, s2_value_reg__last_old_value=0bv128, s2_value_reg__last_value=0bv128, s2_value_reg__last_write_site=0, s2_value_reg__next_write_site=0, s2_value_reg__wrote_any=false, s2_value_reg__wrote_index0=false]
[L754]               s1_meta.location.index := s1_index_1;
         VAL         [h1_hdr.ethernet.dstAddr=0bv48, h1_hdr.ethernet.etherType=2048bv16, h1_hdr.ethernet.srcAddr=0bv48, h1_hdr.ethernet.valid=true, h1_hdr.ipv4.diffserv=0bv8, h1_hdr.ipv4.dstAddr=167797761bv32, h1_hdr.ipv4.flags=0bv3, h1_hdr.ipv4.fragOffset=0bv13, h1_hdr.ipv4.hdrChecksum=0bv16, h1_hdr.ipv4.identification=0bv16, h1_hdr.ipv4.ihl=0bv4, h1_hdr.ipv4.protocol=17bv8, h1_hdr.ipv4.srcAddr=1bv32, h1_hdr.ipv4.totalLen=4bv16, h1_hdr.ipv4.ttl=0bv8, h1_hdr.ipv4.valid=true, h1_hdr.ipv4.version=0bv4, h1_hdr.nc_hdr.key=2024bv128, h1_hdr.nc_hdr.op=12bv8, h1_hdr.nc_hdr.sc=1bv8, h1_hdr.nc_hdr.seq=1bv16, h1_hdr.nc_hdr.valid=true, h1_hdr.nc_hdr.value=0bv128, h1_hdr.nc_hdr.vgroup=0bv16, h1_hdr.overlay.0.swip=167797761bv32, h1_hdr.overlay.0.valid=true, h1_hdr.overlay.1.swip=167797762bv32, h1_hdr.overlay.1.valid=true, h1_hdr.overlay.2.swip=0bv32, h1_hdr.overlay.2.valid=true, h1_hdr.overlay.3.swip=0bv32, h1_hdr.overlay.3.valid=true, h1_hdr.overlay.4.swip=0bv32, h1_hdr.overlay.4.valid=true, h1_hdr.overlay.5.swip=0bv32, h1_hdr.overlay.5.valid=false, h1_hdr.overlay.6.swip=0bv32, h1_hdr.overlay.6.valid=true, h1_hdr.overlay.7.swip=0bv32, h1_hdr.overlay.7.valid=false, h1_hdr.overlay.8.swip=0bv32, h1_hdr.overlay.8.valid=true, h1_hdr.overlay.9.swip=0bv32, h1_hdr.overlay.9.valid=false, h1_hdr.overlay.last.swip=0bv32, h1_hdr.overlay.last.valid=false, h1_hdr.tcp.ackNo=0bv32, h1_hdr.tcp.checksum=0bv16, h1_hdr.tcp.ctrl=0bv6, h1_hdr.tcp.dataOffset=0bv4, h1_hdr.tcp.dstPort=0bv16, h1_hdr.tcp.ecn=0bv3, h1_hdr.tcp.res=0bv3, h1_hdr.tcp.seqNo=0bv32, h1_hdr.tcp.srcPort=0bv16, h1_hdr.tcp.urgentPtr=0bv16, h1_hdr.tcp.valid=false, h1_hdr.tcp.window=0bv16, h1_hdr.udp.checksum=0bv16, h1_hdr.udp.dstPort=0bv16, h1_hdr.udp.len=4bv16, h1_hdr.udp.srcPort=0bv16, h1_hdr.udp.valid=true, h1_inbox_count=0, h1_meta.location.index=0bv16, h1_meta.my_md.failed=0bv16, h1_meta.my_md.ipaddress=0bv32, h1_meta.my_md.role=0bv16, h1_meta.reply_to_client_md.ipv4_dstAddr=0bv32, h1_meta.reply_to_client_md.ipv4_srcAddr=0bv32, h1_meta.sequence_md.seq=0bv16, h1_meta.sequence_md.tmp=0bv16, h1_pkt_external=false, h1_standard_metadata.checksum_error=0bv1, h1_standard_metadata.deq_qdepth=0bv19, h1_standard_metadata.deq_timedelta=0bv32, h1_standard_metadata.egress_global_timestamp=0bv48, h1_standard_metadata.egress_rid=0bv16, h1_standard_metadata.enq_qdepth=0bv19, h1_standard_metadata.enq_timestamp=0bv32, h1_standard_metadata.ingress_global_timestamp=0bv48, h1_standard_metadata.ingress_port=0bv9, h1_standard_metadata.instance_type=0bv32, h1_standard_metadata.mcast_grp=0bv16, h1_standard_metadata.packet_length=0bv32, h1_standard_metadata.parser_error=0bv1, h1_standard_metadata.priority=0bv3, old(s1_assign_value.hit)=false, old(s1_drop)=false, old(s1_drop_packet.hit)=false, old(s1_ethernet_set_mac.ethernet_set_mac_act.dmac)=0bv48, old(s1_ethernet_set_mac.ethernet_set_mac_act.smac)=0bv48, old(s1_ethernet_set_mac.hit)=false, old(s1_failure_recovery.hit)=false, old(s1_find_index.find_index_act.index_1)=0bv16, old(s1_find_index.hit)=true, old(s1_forward)=false, old(s1_gen_reply.gen_reply_act.message_type)=0bv8, old(s1_gen_reply.hit)=false, old(s1_get_my_address.get_my_address_act.sw_ip)=0bv32, old(s1_get_my_address.get_my_address_act.sw_role)=0bv16, old(s1_get_my_address.hit)=false, old(s1_get_next_hop.hit)=false, old(s1_get_sequence.hit)=false, old(s1_hdr.ethernet.dstAddr)=0bv48, old(s1_hdr.ethernet.srcAddr)=0bv48, old(s1_hdr.ipv4.dstAddr)=167797761bv32, old(s1_hdr.ipv4.hdrChecksum)=0bv16, old(s1_hdr.ipv4.protocol)=17bv8, old(s1_hdr.ipv4.srcAddr)=1bv32, old(s1_hdr.ipv4.totalLen)=4bv16, old(s1_hdr.ipv4.ttl)=0bv8, old(s1_hdr.nc_hdr.key)=2024bv128, old(s1_hdr.nc_hdr.op)=12bv8, old(s1_hdr.nc_hdr.sc)=1bv8, old(s1_hdr.nc_hdr.seq)=1bv16, old(s1_hdr.nc_hdr.value)=0bv128, old(s1_hdr.nc_hdr.vgroup)=0bv16, old(s1_hdr.overlay.0.swip)=167797761bv32, old(s1_hdr.overlay.0.valid)=true, old(s1_hdr.overlay.1.swip)=167797762bv32, old(s1_hdr.overlay.1.valid)=true, old(s1_hdr.overlay.2.swip)=0bv32, old(s1_hdr.overlay.2.valid)=true, old(s1_hdr.overlay.3.swip)=0bv32, old(s1_hdr.overlay.3.valid)=true, old(s1_hdr.overlay.4.swip)=0bv32, old(s1_hdr.overlay.4.valid)=true, old(s1_hdr.overlay.5.swip)=0bv32, old(s1_hdr.overlay.5.valid)=false, old(s1_hdr.overlay.6.swip)=0bv32, old(s1_hdr.overlay.6.valid)=true, old(s1_hdr.overlay.7.swip)=0bv32, old(s1_hdr.overlay.7.valid)=false, old(s1_hdr.overlay.8.swip)=0bv32, old(s1_hdr.overlay.8.valid)=true, old(s1_hdr.overlay.9.valid)=false, old(s1_hdr.udp.checksum)=0bv16, old(s1_hdr.udp.dstPort)=0bv16, old(s1_hdr.udp.len)=4bv16, old(s1_ipv4_route.hit)=false, old(s1_ipv4_route.set_egress.egress_spec_1)=0bv9, old(s1_maintain_sequence.hit)=false, old(s1_meta.location.index)=0bv16, old(s1_meta.my_md.ipaddress)=0bv32, old(s1_meta.my_md.role)=0bv16, old(s1_meta.reply_to_client_md.ipv4_dstAddr)=0bv32, old(s1_meta.reply_to_client_md.ipv4_srcAddr)=0bv32, old(s1_meta.sequence_md.seq)=0bv16, old(s1_p4b_checksum_error)=false, old(s1_p4b_checksum_updated)=false, old(s1_p4b_checksum_verified)=false, old(s1_p4b_clone_e2e)=false, old(s1_p4b_clone_i2e)=false, old(s1_p4b_clone_i2i)=false, old(s1_p4b_digest)=false, old(s1_p4b_recirculate)=false, old(s1_pop_chain.hit)=false, old(s1_pop_chain_again.hit)=false, old(s1_read_value.hit)=false, old(s1_sequence_reg__last0_old_value)=0bv16, old(s1_sequence_reg__last0_value)=65535bv16, old(s1_sequence_reg__last_index)=0bv32, old(s1_sequence_reg__last_old_value)=0bv16, old(s1_sequence_reg__last_value)=65535bv16, old(s1_sequence_reg__last_write_site)=0, old(s1_sequence_reg__next_write_site)=0, old(s1_sequence_reg__wrote_any)=true, old(s1_sequence_reg__wrote_index0)=true, old(s1_standard_metadata.egress_port)=3bv9, old(s1_standard_metadata.egress_spec)=0bv9, old(s1_value_reg__last0_old_value)=0bv128, old(s1_value_reg__last0_value)=0bv128, old(s1_value_reg__last_index)=0bv32, old(s1_value_reg__last_old_value)=0bv128, old(s1_value_reg__last_value)=0bv128, old(s1_value_reg__last_write_site)=0, old(s1_value_reg__next_write_site)=0, old(s1_value_reg__wrote_any)=false, old(s1_value_reg__wrote_index0)=false, procurator_phase=2, procurator_step=2, s1_assign_value.hit=false, s1_drop=false, s1_drop_packet.hit=false, s1_ethernet_set_mac.ethernet_set_mac_act.dmac=0bv48, s1_ethernet_set_mac.ethernet_set_mac_act.smac=0bv48, s1_ethernet_set_mac.hit=false, s1_failure_recovery.hit=false, s1_find_index.find_index_act.index_1=0bv16, s1_find_index.hit=true, s1_forward=false, s1_gen_reply.gen_reply_act.message_type=0bv8, s1_gen_reply.hit=false, s1_get_my_address.get_my_address_act.sw_ip=167797761bv32, s1_get_my_address.get_my_address_act.sw_role=100bv16, s1_get_my_address.hit=false, s1_get_next_hop.hit=false, s1_get_sequence.hit=false, s1_hdr.ethernet.dstAddr=0bv48, s1_hdr.ethernet.etherType=2048bv16, s1_hdr.ethernet.srcAddr=0bv48, s1_hdr.ethernet.valid=true, s1_hdr.ipv4.diffserv=0bv8, s1_hdr.ipv4.dstAddr=167797761bv32, s1_hdr.ipv4.flags=0bv3, s1_hdr.ipv4.fragOffset=0bv13, s1_hdr.ipv4.hdrChecksum=0bv16, s1_hdr.ipv4.identification=0bv16, s1_hdr.ipv4.ihl=0bv4, s1_hdr.ipv4.protocol=17bv8, s1_hdr.ipv4.srcAddr=1bv32, s1_hdr.ipv4.totalLen=4bv16, s1_hdr.ipv4.ttl=0bv8, s1_hdr.ipv4.valid=true, s1_hdr.ipv4.version=0bv4, s1_hdr.nc_hdr.key=2024bv128, s1_hdr.nc_hdr.op=12bv8, s1_hdr.nc_hdr.sc=1bv8, s1_hdr.nc_hdr.seq=1bv16, s1_hdr.nc_hdr.valid=true, s1_hdr.nc_hdr.value=0bv128, s1_hdr.nc_hdr.vgroup=0bv16, s1_hdr.overlay.0.swip=167797761bv32, s1_hdr.overlay.0.valid=true, s1_hdr.overlay.1.swip=167797762bv32, s1_hdr.overlay.1.valid=true, s1_hdr.overlay.2.swip=0bv32, s1_hdr.overlay.2.valid=true, s1_hdr.overlay.3.swip=0bv32, s1_hdr.overlay.3.valid=true, s1_hdr.overlay.4.swip=0bv32, s1_hdr.overlay.4.valid=true, s1_hdr.overlay.5.swip=0bv32, s1_hdr.overlay.5.valid=false, s1_hdr.overlay.6.swip=0bv32, s1_hdr.overlay.6.valid=true, s1_hdr.overlay.7.swip=0bv32, s1_hdr.overlay.7.valid=false, s1_hdr.overlay.8.swip=0bv32, s1_hdr.overlay.8.valid=true, s1_hdr.overlay.9.swip=0bv32, s1_hdr.overlay.9.valid=false, s1_hdr.overlay.last.swip=0bv32, s1_hdr.overlay.last.valid=false, s1_hdr.tcp.ackNo=0bv32, s1_hdr.tcp.checksum=0bv16, s1_hdr.tcp.ctrl=0bv6, s1_hdr.tcp.dataOffset=0bv4, s1_hdr.tcp.dstPort=0bv16, s1_hdr.tcp.ecn=0bv3, s1_hdr.tcp.res=0bv3, s1_hdr.tcp.seqNo=0bv32, s1_hdr.tcp.srcPort=0bv16, s1_hdr.tcp.urgentPtr=0bv16, s1_hdr.tcp.valid=false, s1_hdr.tcp.window=0bv16, s1_hdr.udp.checksum=0bv16, s1_hdr.udp.dstPort=8888bv16, s1_hdr.udp.len=4bv16, s1_hdr.udp.srcPort=0bv16, s1_hdr.udp.valid=true, s1_inbox_count=0, s1_index_1=0bv16, s1_ipv4_route.hit=false, s1_ipv4_route.set_egress.egress_spec_1=0bv9, s1_maintain_sequence.hit=false, s1_meta.location.index=0bv16, s1_meta.my_md.failed=0bv16, s1_meta.my_md.ipaddress=167797761bv32, s1_meta.my_md.role=100bv16, s1_meta.reply_to_client_md.ipv4_dstAddr=0bv32, s1_meta.reply_to_client_md.ipv4_srcAddr=0bv32, s1_meta.sequence_md.seq=0bv16, s1_meta.sequence_md.tmp=0bv16, s1_p4b_checksum_error=false, s1_p4b_checksum_updated=false, s1_p4b_checksum_verified=false, s1_p4b_clone_e2e=false, s1_p4b_clone_i2e=false, s1_p4b_clone_i2i=false, s1_p4b_digest=false, s1_p4b_recirculate=false, s1_pkt_external=true, s1_pop_chain.hit=false, s1_pop_chain_again.hit=false, s1_read_value.hit=false, s1_sequence_reg__last0_old_value=0bv16, s1_sequence_reg__last0_value=65535bv16, s1_sequence_reg__last_index=0bv32, s1_sequence_reg__last_old_value=0bv16, s1_sequence_reg__last_value=65535bv16, s1_sequence_reg__last_write_site=0, s1_sequence_reg__next_write_site=0, s1_sequence_reg__wrote_any=true, s1_sequence_reg__wrote_index0=true, s1_standard_metadata.checksum_error=0bv1, s1_standard_metadata.deq_qdepth=0bv19, s1_standard_metadata.deq_timedelta=0bv32, s1_standard_metadata.egress_global_timestamp=0bv48, s1_standard_metadata.egress_port=3bv9, s1_standard_metadata.egress_rid=0bv16, s1_standard_metadata.egress_spec=0bv9, s1_standard_metadata.enq_qdepth=0bv19, s1_standard_metadata.enq_timestamp=0bv32, s1_standard_metadata.ingress_global_timestamp=0bv48, s1_standard_metadata.ingress_port=0bv9, s1_standard_metadata.instance_type=0bv32, s1_standard_metadata.mcast_grp=0bv16, s1_standard_metadata.packet_length=0bv32, s1_standard_metadata.parser_error=0bv1, s1_standard_metadata.priority=0bv3, s1_value_reg__last0_old_value=0bv128, s1_value_reg__last0_value=0bv128, s1_value_reg__last_index=0bv32, s1_value_reg__last_old_value=0bv128, s1_value_reg__last_value=0bv128, s1_value_reg__last_write_site=0, s1_value_reg__next_write_site=0, s1_value_reg__wrote_any=false, s1_value_reg__wrote_index0=false, s2_find_index.hit=true, s2_inbox_count=0, s2_meta.location.index=0bv16, s2_meta.my_md.role=101bv16, s2_p4b_clone_e2e=false, s2_p4b_clone_i2e=false, s2_p4b_clone_i2i=false, s2_p4b_recirculate=false, s2_pkt_external=false, s2_sequence_reg__last0_old_value=0bv16, s2_sequence_reg__last0_value=65535bv16, s2_sequence_reg__last_index=0bv32, s2_sequence_reg__last_old_value=0bv16, s2_sequence_reg__last_value=65535bv16, s2_sequence_reg__last_write_site=0, s2_sequence_reg__next_write_site=0, s2_sequence_reg__wrote_any=true, s2_sequence_reg__wrote_index0=true, s2_value_reg__last0_old_value=0bv128, s2_value_reg__last0_value=0bv128, s2_value_reg__last_index=0bv32, s2_value_reg__last_old_value=0bv128, s2_value_reg__last_value=0bv128, s2_value_reg__last_write_site=0, s2_value_reg__next_write_site=0, s2_value_reg__wrote_any=false, s2_value_reg__wrote_index0=false]
[L710]   RET         call s1_find_index_act(s1_find_index.find_index_act.index_1);
         VAL         [h1_hdr.ethernet.dstAddr=0bv48, h1_hdr.ethernet.etherType=2048bv16, h1_hdr.ethernet.srcAddr=0bv48, h1_hdr.ethernet.valid=true, h1_hdr.ipv4.diffserv=0bv8, h1_hdr.ipv4.dstAddr=167797761bv32, h1_hdr.ipv4.flags=0bv3, h1_hdr.ipv4.fragOffset=0bv13, h1_hdr.ipv4.hdrChecksum=0bv16, h1_hdr.ipv4.identification=0bv16, h1_hdr.ipv4.ihl=0bv4, h1_hdr.ipv4.protocol=17bv8, h1_hdr.ipv4.srcAddr=1bv32, h1_hdr.ipv4.totalLen=4bv16, h1_hdr.ipv4.ttl=0bv8, h1_hdr.ipv4.valid=true, h1_hdr.ipv4.version=0bv4, h1_hdr.nc_hdr.key=2024bv128, h1_hdr.nc_hdr.op=12bv8, h1_hdr.nc_hdr.sc=1bv8, h1_hdr.nc_hdr.seq=1bv16, h1_hdr.nc_hdr.valid=true, h1_hdr.nc_hdr.value=0bv128, h1_hdr.nc_hdr.vgroup=0bv16, h1_hdr.overlay.0.swip=167797761bv32, h1_hdr.overlay.0.valid=true, h1_hdr.overlay.1.swip=167797762bv32, h1_hdr.overlay.1.valid=true, h1_hdr.overlay.2.swip=0bv32, h1_hdr.overlay.2.valid=true, h1_hdr.overlay.3.swip=0bv32, h1_hdr.overlay.3.valid=true, h1_hdr.overlay.4.swip=0bv32, h1_hdr.overlay.4.valid=true, h1_hdr.overlay.5.swip=0bv32, h1_hdr.overlay.5.valid=false, h1_hdr.overlay.6.swip=0bv32, h1_hdr.overlay.6.valid=true, h1_hdr.overlay.7.swip=0bv32, h1_hdr.overlay.7.valid=false, h1_hdr.overlay.8.swip=0bv32, h1_hdr.overlay.8.valid=true, h1_hdr.overlay.9.swip=0bv32, h1_hdr.overlay.9.valid=false, h1_hdr.overlay.last.swip=0bv32, h1_hdr.overlay.last.valid=false, h1_hdr.tcp.ackNo=0bv32, h1_hdr.tcp.checksum=0bv16, h1_hdr.tcp.ctrl=0bv6, h1_hdr.tcp.dataOffset=0bv4, h1_hdr.tcp.dstPort=0bv16, h1_hdr.tcp.ecn=0bv3, h1_hdr.tcp.res=0bv3, h1_hdr.tcp.seqNo=0bv32, h1_hdr.tcp.srcPort=0bv16, h1_hdr.tcp.urgentPtr=0bv16, h1_hdr.tcp.valid=false, h1_hdr.tcp.window=0bv16, h1_hdr.udp.checksum=0bv16, h1_hdr.udp.dstPort=0bv16, h1_hdr.udp.len=4bv16, h1_hdr.udp.srcPort=0bv16, h1_hdr.udp.valid=true, h1_inbox_count=0, h1_meta.location.index=0bv16, h1_meta.my_md.failed=0bv16, h1_meta.my_md.ipaddress=0bv32, h1_meta.my_md.role=0bv16, h1_meta.reply_to_client_md.ipv4_dstAddr=0bv32, h1_meta.reply_to_client_md.ipv4_srcAddr=0bv32, h1_meta.sequence_md.seq=0bv16, h1_meta.sequence_md.tmp=0bv16, h1_pkt_external=false, h1_standard_metadata.checksum_error=0bv1, h1_standard_metadata.deq_qdepth=0bv19, h1_standard_metadata.deq_timedelta=0bv32, h1_standard_metadata.egress_global_timestamp=0bv48, h1_standard_metadata.egress_rid=0bv16, h1_standard_metadata.enq_qdepth=0bv19, h1_standard_metadata.enq_timestamp=0bv32, h1_standard_metadata.ingress_global_timestamp=0bv48, h1_standard_metadata.ingress_port=0bv9, h1_standard_metadata.instance_type=0bv32, h1_standard_metadata.mcast_grp=0bv16, h1_standard_metadata.packet_length=0bv32, h1_standard_metadata.parser_error=0bv1, h1_standard_metadata.priority=0bv3, old(s1_assign_value.hit)=false, old(s1_drop)=false, old(s1_drop_packet.hit)=false, old(s1_ethernet_set_mac.ethernet_set_mac_act.dmac)=0bv48, old(s1_ethernet_set_mac.ethernet_set_mac_act.smac)=0bv48, old(s1_ethernet_set_mac.hit)=false, old(s1_failure_recovery.hit)=false, old(s1_find_index.find_index_act.index_1)=0bv16, old(s1_find_index.hit)=true, old(s1_forward)=false, old(s1_gen_reply.gen_reply_act.message_type)=0bv8, old(s1_gen_reply.hit)=false, old(s1_get_my_address.get_my_address_act.sw_ip)=0bv32, old(s1_get_my_address.get_my_address_act.sw_role)=0bv16, old(s1_get_my_address.hit)=false, old(s1_get_next_hop.hit)=false, old(s1_get_sequence.hit)=false, old(s1_hdr.ethernet.dstAddr)=0bv48, old(s1_hdr.ethernet.srcAddr)=0bv48, old(s1_hdr.ipv4.dstAddr)=167797761bv32, old(s1_hdr.ipv4.hdrChecksum)=0bv16, old(s1_hdr.ipv4.protocol)=17bv8, old(s1_hdr.ipv4.srcAddr)=1bv32, old(s1_hdr.ipv4.totalLen)=4bv16, old(s1_hdr.ipv4.ttl)=0bv8, old(s1_hdr.nc_hdr.key)=2024bv128, old(s1_hdr.nc_hdr.op)=12bv8, old(s1_hdr.nc_hdr.sc)=1bv8, old(s1_hdr.nc_hdr.seq)=1bv16, old(s1_hdr.nc_hdr.value)=0bv128, old(s1_hdr.nc_hdr.vgroup)=0bv16, old(s1_hdr.overlay.0.swip)=167797761bv32, old(s1_hdr.overlay.0.valid)=true, old(s1_hdr.overlay.1.swip)=167797762bv32, old(s1_hdr.overlay.1.valid)=true, old(s1_hdr.overlay.2.swip)=0bv32, old(s1_hdr.overlay.2.valid)=true, old(s1_hdr.overlay.3.swip)=0bv32, old(s1_hdr.overlay.3.valid)=true, old(s1_hdr.overlay.4.swip)=0bv32, old(s1_hdr.overlay.4.valid)=true, old(s1_hdr.overlay.5.swip)=0bv32, old(s1_hdr.overlay.5.valid)=false, old(s1_hdr.overlay.6.swip)=0bv32, old(s1_hdr.overlay.6.valid)=true, old(s1_hdr.overlay.7.swip)=0bv32, old(s1_hdr.overlay.7.valid)=false, old(s1_hdr.overlay.8.swip)=0bv32, old(s1_hdr.overlay.8.valid)=true, old(s1_hdr.overlay.9.valid)=false, old(s1_hdr.udp.checksum)=0bv16, old(s1_hdr.udp.dstPort)=0bv16, old(s1_hdr.udp.len)=4bv16, old(s1_ipv4_route.hit)=false, old(s1_ipv4_route.set_egress.egress_spec_1)=0bv9, old(s1_maintain_sequence.hit)=false, old(s1_meta.location.index)=0bv16, old(s1_meta.my_md.ipaddress)=0bv32, old(s1_meta.my_md.role)=0bv16, old(s1_meta.reply_to_client_md.ipv4_dstAddr)=0bv32, old(s1_meta.reply_to_client_md.ipv4_srcAddr)=0bv32, old(s1_meta.sequence_md.seq)=0bv16, old(s1_p4b_checksum_error)=false, old(s1_p4b_checksum_updated)=false, old(s1_p4b_checksum_verified)=false, old(s1_p4b_clone_e2e)=false, old(s1_p4b_clone_i2e)=false, old(s1_p4b_clone_i2i)=false, old(s1_p4b_digest)=false, old(s1_p4b_recirculate)=false, old(s1_pop_chain.hit)=false, old(s1_pop_chain_again.hit)=false, old(s1_read_value.hit)=false, old(s1_sequence_reg__last0_old_value)=0bv16, old(s1_sequence_reg__last0_value)=65535bv16, old(s1_sequence_reg__last_index)=0bv32, old(s1_sequence_reg__last_old_value)=0bv16, old(s1_sequence_reg__last_value)=65535bv16, old(s1_sequence_reg__last_write_site)=0, old(s1_sequence_reg__next_write_site)=0, old(s1_sequence_reg__wrote_any)=true, old(s1_sequence_reg__wrote_index0)=true, old(s1_standard_metadata.egress_port)=3bv9, old(s1_standard_metadata.egress_spec)=0bv9, old(s1_value_reg__last0_old_value)=0bv128, old(s1_value_reg__last0_value)=0bv128, old(s1_value_reg__last_index)=0bv32, old(s1_value_reg__last_old_value)=0bv128, old(s1_value_reg__last_value)=0bv128, old(s1_value_reg__last_write_site)=0, old(s1_value_reg__next_write_site)=0, old(s1_value_reg__wrote_any)=false, old(s1_value_reg__wrote_index0)=false, procurator_phase=2, procurator_step=2, s1_assign_value.hit=false, s1_drop=false, s1_drop_packet.hit=false, s1_ethernet_set_mac.ethernet_set_mac_act.dmac=0bv48, s1_ethernet_set_mac.ethernet_set_mac_act.smac=0bv48, s1_ethernet_set_mac.hit=false, s1_failure_recovery.hit=false, s1_find_index.find_index_act.index_1=0bv16, s1_find_index.hit=true, s1_forward=false, s1_gen_reply.gen_reply_act.message_type=0bv8, s1_gen_reply.hit=false, s1_get_my_address.get_my_address_act.sw_ip=167797761bv32, s1_get_my_address.get_my_address_act.sw_role=100bv16, s1_get_my_address.hit=false, s1_get_next_hop.hit=false, s1_get_sequence.hit=false, s1_hdr.ethernet.dstAddr=0bv48, s1_hdr.ethernet.etherType=2048bv16, s1_hdr.ethernet.srcAddr=0bv48, s1_hdr.ethernet.valid=true, s1_hdr.ipv4.diffserv=0bv8, s1_hdr.ipv4.dstAddr=167797761bv32, s1_hdr.ipv4.flags=0bv3, s1_hdr.ipv4.fragOffset=0bv13, s1_hdr.ipv4.hdrChecksum=0bv16, s1_hdr.ipv4.identification=0bv16, s1_hdr.ipv4.ihl=0bv4, s1_hdr.ipv4.protocol=17bv8, s1_hdr.ipv4.srcAddr=1bv32, s1_hdr.ipv4.totalLen=4bv16, s1_hdr.ipv4.ttl=0bv8, s1_hdr.ipv4.valid=true, s1_hdr.ipv4.version=0bv4, s1_hdr.nc_hdr.key=2024bv128, s1_hdr.nc_hdr.op=12bv8, s1_hdr.nc_hdr.sc=1bv8, s1_hdr.nc_hdr.seq=1bv16, s1_hdr.nc_hdr.valid=true, s1_hdr.nc_hdr.value=0bv128, s1_hdr.nc_hdr.vgroup=0bv16, s1_hdr.overlay.0.swip=167797761bv32, s1_hdr.overlay.0.valid=true, s1_hdr.overlay.1.swip=167797762bv32, s1_hdr.overlay.1.valid=true, s1_hdr.overlay.2.swip=0bv32, s1_hdr.overlay.2.valid=true, s1_hdr.overlay.3.swip=0bv32, s1_hdr.overlay.3.valid=true, s1_hdr.overlay.4.swip=0bv32, s1_hdr.overlay.4.valid=true, s1_hdr.overlay.5.swip=0bv32, s1_hdr.overlay.5.valid=false, s1_hdr.overlay.6.swip=0bv32, s1_hdr.overlay.6.valid=true, s1_hdr.overlay.7.swip=0bv32, s1_hdr.overlay.7.valid=false, s1_hdr.overlay.8.swip=0bv32, s1_hdr.overlay.8.valid=true, s1_hdr.overlay.9.swip=0bv32, s1_hdr.overlay.9.valid=false, s1_hdr.overlay.last.swip=0bv32, s1_hdr.overlay.last.valid=false, s1_hdr.tcp.ackNo=0bv32, s1_hdr.tcp.checksum=0bv16, s1_hdr.tcp.ctrl=0bv6, s1_hdr.tcp.dataOffset=0bv4, s1_hdr.tcp.dstPort=0bv16, s1_hdr.tcp.ecn=0bv3, s1_hdr.tcp.res=0bv3, s1_hdr.tcp.seqNo=0bv32, s1_hdr.tcp.srcPort=0bv16, s1_hdr.tcp.urgentPtr=0bv16, s1_hdr.tcp.valid=false, s1_hdr.tcp.window=0bv16, s1_hdr.udp.checksum=0bv16, s1_hdr.udp.dstPort=8888bv16, s1_hdr.udp.len=4bv16, s1_hdr.udp.srcPort=0bv16, s1_hdr.udp.valid=true, s1_inbox_count=0, s1_ipv4_route.hit=false, s1_ipv4_route.set_egress.egress_spec_1=0bv9, s1_maintain_sequence.hit=false, s1_meta.location.index=0bv16, s1_meta.my_md.failed=0bv16, s1_meta.my_md.ipaddress=167797761bv32, s1_meta.my_md.role=100bv16, s1_meta.reply_to_client_md.ipv4_dstAddr=0bv32, s1_meta.reply_to_client_md.ipv4_srcAddr=0bv32, s1_meta.sequence_md.seq=0bv16, s1_meta.sequence_md.tmp=0bv16, s1_p4b_checksum_error=false, s1_p4b_checksum_updated=false, s1_p4b_checksum_verified=false, s1_p4b_clone_e2e=false, s1_p4b_clone_i2e=false, s1_p4b_clone_i2i=false, s1_p4b_digest=false, s1_p4b_recirculate=false, s1_pkt_external=true, s1_pop_chain.hit=false, s1_pop_chain_again.hit=false, s1_read_value.hit=false, s1_sequence_reg__last0_old_value=0bv16, s1_sequence_reg__last0_value=65535bv16, s1_sequence_reg__last_index=0bv32, s1_sequence_reg__last_old_value=0bv16, s1_sequence_reg__last_value=65535bv16, s1_sequence_reg__last_write_site=0, s1_sequence_reg__next_write_site=0, s1_sequence_reg__wrote_any=true, s1_sequence_reg__wrote_index0=true, s1_standard_metadata.checksum_error=0bv1, s1_standard_metadata.deq_qdepth=0bv19, s1_standard_metadata.deq_timedelta=0bv32, s1_standard_metadata.egress_global_timestamp=0bv48, s1_standard_metadata.egress_port=3bv9, s1_standard_metadata.egress_rid=0bv16, s1_standard_metadata.egress_spec=0bv9, s1_standard_metadata.enq_qdepth=0bv19, s1_standard_metadata.enq_timestamp=0bv32, s1_standard_metadata.ingress_global_timestamp=0bv48, s1_standard_metadata.ingress_port=0bv9, s1_standard_metadata.instance_type=0bv32, s1_standard_metadata.mcast_grp=0bv16, s1_standard_metadata.packet_length=0bv32, s1_standard_metadata.parser_error=0bv1, s1_standard_metadata.priority=0bv3, s1_value_reg__last0_old_value=0bv128, s1_value_reg__last0_value=0bv128, s1_value_reg__last_index=0bv32, s1_value_reg__last_old_value=0bv128, s1_value_reg__last_value=0bv128, s1_value_reg__last_write_site=0, s1_value_reg__next_write_site=0, s1_value_reg__wrote_any=false, s1_value_reg__wrote_index0=false, s2_find_index.hit=true, s2_inbox_count=0, s2_meta.location.index=0bv16, s2_meta.my_md.role=101bv16, s2_p4b_clone_e2e=false, s2_p4b_clone_i2e=false, s2_p4b_clone_i2i=false, s2_p4b_recirculate=false, s2_pkt_external=false, s2_sequence_reg__last0_old_value=0bv16, s2_sequence_reg__last0_value=65535bv16, s2_sequence_reg__last_index=0bv32, s2_sequence_reg__last_old_value=0bv16, s2_sequence_reg__last_value=65535bv16, s2_sequence_reg__last_write_site=0, s2_sequence_reg__next_write_site=0, s2_sequence_reg__wrote_any=true, s2_sequence_reg__wrote_index0=true, s2_value_reg__last0_old_value=0bv128, s2_value_reg__last0_value=0bv128, s2_value_reg__last_index=0bv32, s2_value_reg__last_old_value=0bv128, s2_value_reg__last_value=0bv128, s2_value_reg__last_write_site=0, s2_value_reg__next_write_site=0, s2_value_reg__wrote_any=false, s2_value_reg__wrote_index0=false]
[L867]   RET         call s1_find_index.apply();
[L868]   CALL        call s1_get_sequence.apply();
[L844]               s1_get_sequence.hit := false;
[L845]               s1_get_sequence.action_run := s1_get_sequence.action.get_sequence_act;
[L846]   CALL        call s1_get_sequence_act();
[L857]               s1_meta.sequence_md.seq := s1_sequence_reg[0bv16 ++ s1_meta.location.index];
         VAL         [h1_hdr.ethernet.dstAddr=0bv48, h1_hdr.ethernet.etherType=2048bv16, h1_hdr.ethernet.srcAddr=0bv48, h1_hdr.ethernet.valid=true, h1_hdr.ipv4.diffserv=0bv8, h1_hdr.ipv4.dstAddr=167797761bv32, h1_hdr.ipv4.flags=0bv3, h1_hdr.ipv4.fragOffset=0bv13, h1_hdr.ipv4.hdrChecksum=0bv16, h1_hdr.ipv4.identification=0bv16, h1_hdr.ipv4.ihl=0bv4, h1_hdr.ipv4.protocol=17bv8, h1_hdr.ipv4.srcAddr=1bv32, h1_hdr.ipv4.totalLen=4bv16, h1_hdr.ipv4.ttl=0bv8, h1_hdr.ipv4.valid=true, h1_hdr.ipv4.version=0bv4, h1_hdr.nc_hdr.key=2024bv128, h1_hdr.nc_hdr.op=12bv8, h1_hdr.nc_hdr.sc=1bv8, h1_hdr.nc_hdr.seq=1bv16, h1_hdr.nc_hdr.valid=true, h1_hdr.nc_hdr.value=0bv128, h1_hdr.nc_hdr.vgroup=0bv16, h1_hdr.overlay.0.swip=167797761bv32, h1_hdr.overlay.0.valid=true, h1_hdr.overlay.1.swip=167797762bv32, h1_hdr.overlay.1.valid=true, h1_hdr.overlay.2.swip=0bv32, h1_hdr.overlay.2.valid=true, h1_hdr.overlay.3.swip=0bv32, h1_hdr.overlay.3.valid=true, h1_hdr.overlay.4.swip=0bv32, h1_hdr.overlay.4.valid=true, h1_hdr.overlay.5.swip=0bv32, h1_hdr.overlay.5.valid=false, h1_hdr.overlay.6.swip=0bv32, h1_hdr.overlay.6.valid=true, h1_hdr.overlay.7.swip=0bv32, h1_hdr.overlay.7.valid=false, h1_hdr.overlay.8.swip=0bv32, h1_hdr.overlay.8.valid=true, h1_hdr.overlay.9.swip=0bv32, h1_hdr.overlay.9.valid=false, h1_hdr.overlay.last.swip=0bv32, h1_hdr.overlay.last.valid=false, h1_hdr.tcp.ackNo=0bv32, h1_hdr.tcp.checksum=0bv16, h1_hdr.tcp.ctrl=0bv6, h1_hdr.tcp.dataOffset=0bv4, h1_hdr.tcp.dstPort=0bv16, h1_hdr.tcp.ecn=0bv3, h1_hdr.tcp.res=0bv3, h1_hdr.tcp.seqNo=0bv32, h1_hdr.tcp.srcPort=0bv16, h1_hdr.tcp.urgentPtr=0bv16, h1_hdr.tcp.valid=false, h1_hdr.tcp.window=0bv16, h1_hdr.udp.checksum=0bv16, h1_hdr.udp.dstPort=0bv16, h1_hdr.udp.len=4bv16, h1_hdr.udp.srcPort=0bv16, h1_hdr.udp.valid=true, h1_inbox_count=0, h1_meta.location.index=0bv16, h1_meta.my_md.failed=0bv16, h1_meta.my_md.ipaddress=0bv32, h1_meta.my_md.role=0bv16, h1_meta.reply_to_client_md.ipv4_dstAddr=0bv32, h1_meta.reply_to_client_md.ipv4_srcAddr=0bv32, h1_meta.sequence_md.seq=0bv16, h1_meta.sequence_md.tmp=0bv16, h1_pkt_external=false, h1_standard_metadata.checksum_error=0bv1, h1_standard_metadata.deq_qdepth=0bv19, h1_standard_metadata.deq_timedelta=0bv32, h1_standard_metadata.egress_global_timestamp=0bv48, h1_standard_metadata.egress_rid=0bv16, h1_standard_metadata.enq_qdepth=0bv19, h1_standard_metadata.enq_timestamp=0bv32, h1_standard_metadata.ingress_global_timestamp=0bv48, h1_standard_metadata.ingress_port=0bv9, h1_standard_metadata.instance_type=0bv32, h1_standard_metadata.mcast_grp=0bv16, h1_standard_metadata.packet_length=0bv32, h1_standard_metadata.parser_error=0bv1, h1_standard_metadata.priority=0bv3, old(s1_assign_value.hit)=false, old(s1_drop)=false, old(s1_drop_packet.hit)=false, old(s1_ethernet_set_mac.ethernet_set_mac_act.dmac)=0bv48, old(s1_ethernet_set_mac.ethernet_set_mac_act.smac)=0bv48, old(s1_ethernet_set_mac.hit)=false, old(s1_failure_recovery.hit)=false, old(s1_find_index.find_index_act.index_1)=0bv16, old(s1_find_index.hit)=true, old(s1_forward)=false, old(s1_gen_reply.gen_reply_act.message_type)=0bv8, old(s1_gen_reply.hit)=false, old(s1_get_my_address.get_my_address_act.sw_ip)=0bv32, old(s1_get_my_address.get_my_address_act.sw_role)=0bv16, old(s1_get_my_address.hit)=false, old(s1_get_next_hop.hit)=false, old(s1_get_sequence.hit)=false, old(s1_hdr.ethernet.dstAddr)=0bv48, old(s1_hdr.ethernet.srcAddr)=0bv48, old(s1_hdr.ipv4.dstAddr)=167797761bv32, old(s1_hdr.ipv4.hdrChecksum)=0bv16, old(s1_hdr.ipv4.protocol)=17bv8, old(s1_hdr.ipv4.srcAddr)=1bv32, old(s1_hdr.ipv4.totalLen)=4bv16, old(s1_hdr.ipv4.ttl)=0bv8, old(s1_hdr.nc_hdr.key)=2024bv128, old(s1_hdr.nc_hdr.op)=12bv8, old(s1_hdr.nc_hdr.sc)=1bv8, old(s1_hdr.nc_hdr.seq)=1bv16, old(s1_hdr.nc_hdr.value)=0bv128, old(s1_hdr.nc_hdr.vgroup)=0bv16, old(s1_hdr.overlay.0.swip)=167797761bv32, old(s1_hdr.overlay.0.valid)=true, old(s1_hdr.overlay.1.swip)=167797762bv32, old(s1_hdr.overlay.1.valid)=true, old(s1_hdr.overlay.2.swip)=0bv32, old(s1_hdr.overlay.2.valid)=true, old(s1_hdr.overlay.3.swip)=0bv32, old(s1_hdr.overlay.3.valid)=true, old(s1_hdr.overlay.4.swip)=0bv32, old(s1_hdr.overlay.4.valid)=true, old(s1_hdr.overlay.5.swip)=0bv32, old(s1_hdr.overlay.5.valid)=false, old(s1_hdr.overlay.6.swip)=0bv32, old(s1_hdr.overlay.6.valid)=true, old(s1_hdr.overlay.7.swip)=0bv32, old(s1_hdr.overlay.7.valid)=false, old(s1_hdr.overlay.8.swip)=0bv32, old(s1_hdr.overlay.8.valid)=true, old(s1_hdr.overlay.9.valid)=false, old(s1_hdr.udp.checksum)=0bv16, old(s1_hdr.udp.dstPort)=0bv16, old(s1_hdr.udp.len)=4bv16, old(s1_ipv4_route.hit)=false, old(s1_ipv4_route.set_egress.egress_spec_1)=0bv9, old(s1_maintain_sequence.hit)=false, old(s1_meta.location.index)=0bv16, old(s1_meta.my_md.ipaddress)=0bv32, old(s1_meta.my_md.role)=0bv16, old(s1_meta.reply_to_client_md.ipv4_dstAddr)=0bv32, old(s1_meta.reply_to_client_md.ipv4_srcAddr)=0bv32, old(s1_meta.sequence_md.seq)=0bv16, old(s1_p4b_checksum_error)=false, old(s1_p4b_checksum_updated)=false, old(s1_p4b_checksum_verified)=false, old(s1_p4b_clone_e2e)=false, old(s1_p4b_clone_i2e)=false, old(s1_p4b_clone_i2i)=false, old(s1_p4b_digest)=false, old(s1_p4b_recirculate)=false, old(s1_pop_chain.hit)=false, old(s1_pop_chain_again.hit)=false, old(s1_read_value.hit)=false, old(s1_sequence_reg__last0_old_value)=0bv16, old(s1_sequence_reg__last0_value)=65535bv16, old(s1_sequence_reg__last_index)=0bv32, old(s1_sequence_reg__last_old_value)=0bv16, old(s1_sequence_reg__last_value)=65535bv16, old(s1_sequence_reg__last_write_site)=0, old(s1_sequence_reg__next_write_site)=0, old(s1_sequence_reg__wrote_any)=true, old(s1_sequence_reg__wrote_index0)=true, old(s1_standard_metadata.egress_port)=3bv9, old(s1_standard_metadata.egress_spec)=0bv9, old(s1_value_reg__last0_old_value)=0bv128, old(s1_value_reg__last0_value)=0bv128, old(s1_value_reg__last_index)=0bv32, old(s1_value_reg__last_old_value)=0bv128, old(s1_value_reg__last_value)=0bv128, old(s1_value_reg__last_write_site)=0, old(s1_value_reg__next_write_site)=0, old(s1_value_reg__wrote_any)=false, old(s1_value_reg__wrote_index0)=false, procurator_phase=2, procurator_step=2, s1_assign_value.hit=false, s1_drop=false, s1_drop_packet.hit=false, s1_ethernet_set_mac.ethernet_set_mac_act.dmac=0bv48, s1_ethernet_set_mac.ethernet_set_mac_act.smac=0bv48, s1_ethernet_set_mac.hit=false, s1_failure_recovery.hit=false, s1_find_index.find_index_act.index_1=0bv16, s1_find_index.hit=true, s1_forward=false, s1_gen_reply.gen_reply_act.message_type=0bv8, s1_gen_reply.hit=false, s1_get_my_address.get_my_address_act.sw_ip=167797761bv32, s1_get_my_address.get_my_address_act.sw_role=100bv16, s1_get_my_address.hit=false, s1_get_next_hop.hit=false, s1_get_sequence.hit=false, s1_hdr.ethernet.dstAddr=0bv48, s1_hdr.ethernet.etherType=2048bv16, s1_hdr.ethernet.srcAddr=0bv48, s1_hdr.ethernet.valid=true, s1_hdr.ipv4.diffserv=0bv8, s1_hdr.ipv4.dstAddr=167797761bv32, s1_hdr.ipv4.flags=0bv3, s1_hdr.ipv4.fragOffset=0bv13, s1_hdr.ipv4.hdrChecksum=0bv16, s1_hdr.ipv4.identification=0bv16, s1_hdr.ipv4.ihl=0bv4, s1_hdr.ipv4.protocol=17bv8, s1_hdr.ipv4.srcAddr=1bv32, s1_hdr.ipv4.totalLen=4bv16, s1_hdr.ipv4.ttl=0bv8, s1_hdr.ipv4.valid=true, s1_hdr.ipv4.version=0bv4, s1_hdr.nc_hdr.key=2024bv128, s1_hdr.nc_hdr.op=12bv8, s1_hdr.nc_hdr.sc=1bv8, s1_hdr.nc_hdr.seq=1bv16, s1_hdr.nc_hdr.valid=true, s1_hdr.nc_hdr.value=0bv128, s1_hdr.nc_hdr.vgroup=0bv16, s1_hdr.overlay.0.swip=167797761bv32, s1_hdr.overlay.0.valid=true, s1_hdr.overlay.1.swip=167797762bv32, s1_hdr.overlay.1.valid=true, s1_hdr.overlay.2.swip=0bv32, s1_hdr.overlay.2.valid=true, s1_hdr.overlay.3.swip=0bv32, s1_hdr.overlay.3.valid=true, s1_hdr.overlay.4.swip=0bv32, s1_hdr.overlay.4.valid=true, s1_hdr.overlay.5.swip=0bv32, s1_hdr.overlay.5.valid=false, s1_hdr.overlay.6.swip=0bv32, s1_hdr.overlay.6.valid=true, s1_hdr.overlay.7.swip=0bv32, s1_hdr.overlay.7.valid=false, s1_hdr.overlay.8.swip=0bv32, s1_hdr.overlay.8.valid=true, s1_hdr.overlay.9.swip=0bv32, s1_hdr.overlay.9.valid=false, s1_hdr.overlay.last.swip=0bv32, s1_hdr.overlay.last.valid=false, s1_hdr.tcp.ackNo=0bv32, s1_hdr.tcp.checksum=0bv16, s1_hdr.tcp.ctrl=0bv6, s1_hdr.tcp.dataOffset=0bv4, s1_hdr.tcp.dstPort=0bv16, s1_hdr.tcp.ecn=0bv3, s1_hdr.tcp.res=0bv3, s1_hdr.tcp.seqNo=0bv32, s1_hdr.tcp.srcPort=0bv16, s1_hdr.tcp.urgentPtr=0bv16, s1_hdr.tcp.valid=false, s1_hdr.tcp.window=0bv16, s1_hdr.udp.checksum=0bv16, s1_hdr.udp.dstPort=8888bv16, s1_hdr.udp.len=4bv16, s1_hdr.udp.srcPort=0bv16, s1_hdr.udp.valid=true, s1_inbox_count=0, s1_ipv4_route.hit=false, s1_ipv4_route.set_egress.egress_spec_1=0bv9, s1_maintain_sequence.hit=false, s1_meta.location.index=0bv16, s1_meta.my_md.failed=0bv16, s1_meta.my_md.ipaddress=167797761bv32, s1_meta.my_md.role=100bv16, s1_meta.reply_to_client_md.ipv4_dstAddr=0bv32, s1_meta.reply_to_client_md.ipv4_srcAddr=0bv32, s1_meta.sequence_md.seq=65535bv16, s1_meta.sequence_md.tmp=0bv16, s1_p4b_checksum_error=false, s1_p4b_checksum_updated=false, s1_p4b_checksum_verified=false, s1_p4b_clone_e2e=false, s1_p4b_clone_i2e=false, s1_p4b_clone_i2i=false, s1_p4b_digest=false, s1_p4b_recirculate=false, s1_pkt_external=true, s1_pop_chain.hit=false, s1_pop_chain_again.hit=false, s1_read_value.hit=false, s1_sequence_reg__last0_old_value=0bv16, s1_sequence_reg__last0_value=65535bv16, s1_sequence_reg__last_index=0bv32, s1_sequence_reg__last_old_value=0bv16, s1_sequence_reg__last_value=65535bv16, s1_sequence_reg__last_write_site=0, s1_sequence_reg__next_write_site=0, s1_sequence_reg__wrote_any=true, s1_sequence_reg__wrote_index0=true, s1_standard_metadata.checksum_error=0bv1, s1_standard_metadata.deq_qdepth=0bv19, s1_standard_metadata.deq_timedelta=0bv32, s1_standard_metadata.egress_global_timestamp=0bv48, s1_standard_metadata.egress_port=3bv9, s1_standard_metadata.egress_rid=0bv16, s1_standard_metadata.egress_spec=0bv9, s1_standard_metadata.enq_qdepth=0bv19, s1_standard_metadata.enq_timestamp=0bv32, s1_standard_metadata.ingress_global_timestamp=0bv48, s1_standard_metadata.ingress_port=0bv9, s1_standard_metadata.instance_type=0bv32, s1_standard_metadata.mcast_grp=0bv16, s1_standard_metadata.packet_length=0bv32, s1_standard_metadata.parser_error=0bv1, s1_standard_metadata.priority=0bv3, s1_value_reg__last0_old_value=0bv128, s1_value_reg__last0_value=0bv128, s1_value_reg__last_index=0bv32, s1_value_reg__last_old_value=0bv128, s1_value_reg__last_value=0bv128, s1_value_reg__last_write_site=0, s1_value_reg__next_write_site=0, s1_value_reg__wrote_any=false, s1_value_reg__wrote_index0=false, s2_find_index.hit=true, s2_inbox_count=0, s2_meta.location.index=0bv16, s2_meta.my_md.role=101bv16, s2_p4b_clone_e2e=false, s2_p4b_clone_i2e=false, s2_p4b_clone_i2i=false, s2_p4b_recirculate=false, s2_pkt_external=false, s2_sequence_reg__last0_old_value=0bv16, s2_sequence_reg__last0_value=65535bv16, s2_sequence_reg__last_index=0bv32, s2_sequence_reg__last_old_value=0bv16, s2_sequence_reg__last_value=65535bv16, s2_sequence_reg__last_write_site=0, s2_sequence_reg__next_write_site=0, s2_sequence_reg__wrote_any=true, s2_sequence_reg__wrote_index0=true, s2_value_reg__last0_old_value=0bv128, s2_value_reg__last0_value=0bv128, s2_value_reg__last_index=0bv32, s2_value_reg__last_old_value=0bv128, s2_value_reg__last_value=0bv128, s2_value_reg__last_write_site=0, s2_value_reg__next_write_site=0, s2_value_reg__wrote_any=false, s2_value_reg__wrote_index0=false]
[L846]   RET         call s1_get_sequence_act();
[L868]   RET         call s1_get_sequence.apply();
[L869]   COND FALSE  !(s1_hdr.nc_hdr.op == 10bv8)
         VAL         [h1_hdr.ethernet.dstAddr=0bv48, h1_hdr.ethernet.etherType=2048bv16, h1_hdr.ethernet.srcAddr=0bv48, h1_hdr.ethernet.valid=true, h1_hdr.ipv4.diffserv=0bv8, h1_hdr.ipv4.dstAddr=167797761bv32, h1_hdr.ipv4.flags=0bv3, h1_hdr.ipv4.fragOffset=0bv13, h1_hdr.ipv4.hdrChecksum=0bv16, h1_hdr.ipv4.identification=0bv16, h1_hdr.ipv4.ihl=0bv4, h1_hdr.ipv4.protocol=17bv8, h1_hdr.ipv4.srcAddr=1bv32, h1_hdr.ipv4.totalLen=4bv16, h1_hdr.ipv4.ttl=0bv8, h1_hdr.ipv4.valid=true, h1_hdr.ipv4.version=0bv4, h1_hdr.nc_hdr.key=2024bv128, h1_hdr.nc_hdr.op=12bv8, h1_hdr.nc_hdr.sc=1bv8, h1_hdr.nc_hdr.seq=1bv16, h1_hdr.nc_hdr.valid=true, h1_hdr.nc_hdr.value=0bv128, h1_hdr.nc_hdr.vgroup=0bv16, h1_hdr.overlay.0.swip=167797761bv32, h1_hdr.overlay.0.valid=true, h1_hdr.overlay.1.swip=167797762bv32, h1_hdr.overlay.1.valid=true, h1_hdr.overlay.2.swip=0bv32, h1_hdr.overlay.2.valid=true, h1_hdr.overlay.3.swip=0bv32, h1_hdr.overlay.3.valid=true, h1_hdr.overlay.4.swip=0bv32, h1_hdr.overlay.4.valid=true, h1_hdr.overlay.5.swip=0bv32, h1_hdr.overlay.5.valid=false, h1_hdr.overlay.6.swip=0bv32, h1_hdr.overlay.6.valid=true, h1_hdr.overlay.7.swip=0bv32, h1_hdr.overlay.7.valid=false, h1_hdr.overlay.8.swip=0bv32, h1_hdr.overlay.8.valid=true, h1_hdr.overlay.9.swip=0bv32, h1_hdr.overlay.9.valid=false, h1_hdr.overlay.last.swip=0bv32, h1_hdr.overlay.last.valid=false, h1_hdr.tcp.ackNo=0bv32, h1_hdr.tcp.checksum=0bv16, h1_hdr.tcp.ctrl=0bv6, h1_hdr.tcp.dataOffset=0bv4, h1_hdr.tcp.dstPort=0bv16, h1_hdr.tcp.ecn=0bv3, h1_hdr.tcp.res=0bv3, h1_hdr.tcp.seqNo=0bv32, h1_hdr.tcp.srcPort=0bv16, h1_hdr.tcp.urgentPtr=0bv16, h1_hdr.tcp.valid=false, h1_hdr.tcp.window=0bv16, h1_hdr.udp.checksum=0bv16, h1_hdr.udp.dstPort=0bv16, h1_hdr.udp.len=4bv16, h1_hdr.udp.srcPort=0bv16, h1_hdr.udp.valid=true, h1_inbox_count=0, h1_meta.location.index=0bv16, h1_meta.my_md.failed=0bv16, h1_meta.my_md.ipaddress=0bv32, h1_meta.my_md.role=0bv16, h1_meta.reply_to_client_md.ipv4_dstAddr=0bv32, h1_meta.reply_to_client_md.ipv4_srcAddr=0bv32, h1_meta.sequence_md.seq=0bv16, h1_meta.sequence_md.tmp=0bv16, h1_pkt_external=false, h1_standard_metadata.checksum_error=0bv1, h1_standard_metadata.deq_qdepth=0bv19, h1_standard_metadata.deq_timedelta=0bv32, h1_standard_metadata.egress_global_timestamp=0bv48, h1_standard_metadata.egress_rid=0bv16, h1_standard_metadata.enq_qdepth=0bv19, h1_standard_metadata.enq_timestamp=0bv32, h1_standard_metadata.ingress_global_timestamp=0bv48, h1_standard_metadata.ingress_port=0bv9, h1_standard_metadata.instance_type=0bv32, h1_standard_metadata.mcast_grp=0bv16, h1_standard_metadata.packet_length=0bv32, h1_standard_metadata.parser_error=0bv1, h1_standard_metadata.priority=0bv3, old(s1_assign_value.hit)=false, old(s1_drop)=false, old(s1_drop_packet.hit)=false, old(s1_ethernet_set_mac.ethernet_set_mac_act.dmac)=0bv48, old(s1_ethernet_set_mac.ethernet_set_mac_act.smac)=0bv48, old(s1_ethernet_set_mac.hit)=false, old(s1_failure_recovery.hit)=false, old(s1_find_index.find_index_act.index_1)=0bv16, old(s1_find_index.hit)=true, old(s1_forward)=false, old(s1_gen_reply.gen_reply_act.message_type)=0bv8, old(s1_gen_reply.hit)=false, old(s1_get_my_address.get_my_address_act.sw_ip)=0bv32, old(s1_get_my_address.get_my_address_act.sw_role)=0bv16, old(s1_get_my_address.hit)=false, old(s1_get_next_hop.hit)=false, old(s1_get_sequence.hit)=false, old(s1_hdr.ethernet.dstAddr)=0bv48, old(s1_hdr.ethernet.srcAddr)=0bv48, old(s1_hdr.ipv4.dstAddr)=167797761bv32, old(s1_hdr.ipv4.hdrChecksum)=0bv16, old(s1_hdr.ipv4.protocol)=17bv8, old(s1_hdr.ipv4.srcAddr)=1bv32, old(s1_hdr.ipv4.totalLen)=4bv16, old(s1_hdr.ipv4.ttl)=0bv8, old(s1_hdr.nc_hdr.key)=2024bv128, old(s1_hdr.nc_hdr.op)=12bv8, old(s1_hdr.nc_hdr.sc)=1bv8, old(s1_hdr.nc_hdr.seq)=1bv16, old(s1_hdr.nc_hdr.value)=0bv128, old(s1_hdr.nc_hdr.vgroup)=0bv16, old(s1_hdr.overlay.0.swip)=167797761bv32, old(s1_hdr.overlay.0.valid)=true, old(s1_hdr.overlay.1.swip)=167797762bv32, old(s1_hdr.overlay.1.valid)=true, old(s1_hdr.overlay.2.swip)=0bv32, old(s1_hdr.overlay.2.valid)=true, old(s1_hdr.overlay.3.swip)=0bv32, old(s1_hdr.overlay.3.valid)=true, old(s1_hdr.overlay.4.swip)=0bv32, old(s1_hdr.overlay.4.valid)=true, old(s1_hdr.overlay.5.swip)=0bv32, old(s1_hdr.overlay.5.valid)=false, old(s1_hdr.overlay.6.swip)=0bv32, old(s1_hdr.overlay.6.valid)=true, old(s1_hdr.overlay.7.swip)=0bv32, old(s1_hdr.overlay.7.valid)=false, old(s1_hdr.overlay.8.swip)=0bv32, old(s1_hdr.overlay.8.valid)=true, old(s1_hdr.overlay.9.valid)=false, old(s1_hdr.udp.checksum)=0bv16, old(s1_hdr.udp.dstPort)=0bv16, old(s1_hdr.udp.len)=4bv16, old(s1_ipv4_route.hit)=false, old(s1_ipv4_route.set_egress.egress_spec_1)=0bv9, old(s1_maintain_sequence.hit)=false, old(s1_meta.location.index)=0bv16, old(s1_meta.my_md.ipaddress)=0bv32, old(s1_meta.my_md.role)=0bv16, old(s1_meta.reply_to_client_md.ipv4_dstAddr)=0bv32, old(s1_meta.reply_to_client_md.ipv4_srcAddr)=0bv32, old(s1_meta.sequence_md.seq)=0bv16, old(s1_p4b_checksum_error)=false, old(s1_p4b_checksum_updated)=false, old(s1_p4b_checksum_verified)=false, old(s1_p4b_clone_e2e)=false, old(s1_p4b_clone_i2e)=false, old(s1_p4b_clone_i2i)=false, old(s1_p4b_digest)=false, old(s1_p4b_recirculate)=false, old(s1_pop_chain.hit)=false, old(s1_pop_chain_again.hit)=false, old(s1_read_value.hit)=false, old(s1_sequence_reg__last0_old_value)=0bv16, old(s1_sequence_reg__last0_value)=65535bv16, old(s1_sequence_reg__last_index)=0bv32, old(s1_sequence_reg__last_old_value)=0bv16, old(s1_sequence_reg__last_value)=65535bv16, old(s1_sequence_reg__last_write_site)=0, old(s1_sequence_reg__next_write_site)=0, old(s1_sequence_reg__wrote_any)=true, old(s1_sequence_reg__wrote_index0)=true, old(s1_standard_metadata.egress_port)=3bv9, old(s1_standard_metadata.egress_spec)=0bv9, old(s1_value_reg__last0_old_value)=0bv128, old(s1_value_reg__last0_value)=0bv128, old(s1_value_reg__last_index)=0bv32, old(s1_value_reg__last_old_value)=0bv128, old(s1_value_reg__last_value)=0bv128, old(s1_value_reg__last_write_site)=0, old(s1_value_reg__next_write_site)=0, old(s1_value_reg__wrote_any)=false, old(s1_value_reg__wrote_index0)=false, procurator_phase=2, procurator_step=2, s1_assign_value.hit=false, s1_drop=false, s1_drop_packet.hit=false, s1_ethernet_set_mac.ethernet_set_mac_act.dmac=0bv48, s1_ethernet_set_mac.ethernet_set_mac_act.smac=0bv48, s1_ethernet_set_mac.hit=false, s1_failure_recovery.hit=false, s1_find_index.find_index_act.index_1=0bv16, s1_find_index.hit=true, s1_forward=false, s1_gen_reply.gen_reply_act.message_type=0bv8, s1_gen_reply.hit=false, s1_get_my_address.get_my_address_act.sw_ip=167797761bv32, s1_get_my_address.get_my_address_act.sw_role=100bv16, s1_get_my_address.hit=false, s1_get_next_hop.hit=false, s1_get_sequence.hit=false, s1_hdr.ethernet.dstAddr=0bv48, s1_hdr.ethernet.etherType=2048bv16, s1_hdr.ethernet.srcAddr=0bv48, s1_hdr.ethernet.valid=true, s1_hdr.ipv4.diffserv=0bv8, s1_hdr.ipv4.dstAddr=167797761bv32, s1_hdr.ipv4.flags=0bv3, s1_hdr.ipv4.fragOffset=0bv13, s1_hdr.ipv4.hdrChecksum=0bv16, s1_hdr.ipv4.identification=0bv16, s1_hdr.ipv4.ihl=0bv4, s1_hdr.ipv4.protocol=17bv8, s1_hdr.ipv4.srcAddr=1bv32, s1_hdr.ipv4.totalLen=4bv16, s1_hdr.ipv4.ttl=0bv8, s1_hdr.ipv4.valid=true, s1_hdr.ipv4.version=0bv4, s1_hdr.nc_hdr.key=2024bv128, s1_hdr.nc_hdr.op=12bv8, s1_hdr.nc_hdr.sc=1bv8, s1_hdr.nc_hdr.seq=1bv16, s1_hdr.nc_hdr.valid=true, s1_hdr.nc_hdr.value=0bv128, s1_hdr.nc_hdr.vgroup=0bv16, s1_hdr.overlay.0.swip=167797761bv32, s1_hdr.overlay.0.valid=true, s1_hdr.overlay.1.swip=167797762bv32, s1_hdr.overlay.1.valid=true, s1_hdr.overlay.2.swip=0bv32, s1_hdr.overlay.2.valid=true, s1_hdr.overlay.3.swip=0bv32, s1_hdr.overlay.3.valid=true, s1_hdr.overlay.4.swip=0bv32, s1_hdr.overlay.4.valid=true, s1_hdr.overlay.5.swip=0bv32, s1_hdr.overlay.5.valid=false, s1_hdr.overlay.6.swip=0bv32, s1_hdr.overlay.6.valid=true, s1_hdr.overlay.7.swip=0bv32, s1_hdr.overlay.7.valid=false, s1_hdr.overlay.8.swip=0bv32, s1_hdr.overlay.8.valid=true, s1_hdr.overlay.9.swip=0bv32, s1_hdr.overlay.9.valid=false, s1_hdr.overlay.last.swip=0bv32, s1_hdr.overlay.last.valid=false, s1_hdr.tcp.ackNo=0bv32, s1_hdr.tcp.checksum=0bv16, s1_hdr.tcp.ctrl=0bv6, s1_hdr.tcp.dataOffset=0bv4, s1_hdr.tcp.dstPort=0bv16, s1_hdr.tcp.ecn=0bv3, s1_hdr.tcp.res=0bv3, s1_hdr.tcp.seqNo=0bv32, s1_hdr.tcp.srcPort=0bv16, s1_hdr.tcp.urgentPtr=0bv16, s1_hdr.tcp.valid=false, s1_hdr.tcp.window=0bv16, s1_hdr.udp.checksum=0bv16, s1_hdr.udp.dstPort=8888bv16, s1_hdr.udp.len=4bv16, s1_hdr.udp.srcPort=0bv16, s1_hdr.udp.valid=true, s1_inbox_count=0, s1_ipv4_route.hit=false, s1_ipv4_route.set_egress.egress_spec_1=0bv9, s1_maintain_sequence.hit=false, s1_meta.location.index=0bv16, s1_meta.my_md.failed=0bv16, s1_meta.my_md.ipaddress=167797761bv32, s1_meta.my_md.role=100bv16, s1_meta.reply_to_client_md.ipv4_dstAddr=0bv32, s1_meta.reply_to_client_md.ipv4_srcAddr=0bv32, s1_meta.sequence_md.seq=65535bv16, s1_meta.sequence_md.tmp=0bv16, s1_p4b_checksum_error=false, s1_p4b_checksum_updated=false, s1_p4b_checksum_verified=false, s1_p4b_clone_e2e=false, s1_p4b_clone_i2e=false, s1_p4b_clone_i2i=false, s1_p4b_digest=false, s1_p4b_recirculate=false, s1_pkt_external=true, s1_pop_chain.hit=false, s1_pop_chain_again.hit=false, s1_read_value.hit=false, s1_sequence_reg__last0_old_value=0bv16, s1_sequence_reg__last0_value=65535bv16, s1_sequence_reg__last_index=0bv32, s1_sequence_reg__last_old_value=0bv16, s1_sequence_reg__last_value=65535bv16, s1_sequence_reg__last_write_site=0, s1_sequence_reg__next_write_site=0, s1_sequence_reg__wrote_any=true, s1_sequence_reg__wrote_index0=true, s1_standard_metadata.checksum_error=0bv1, s1_standard_metadata.deq_qdepth=0bv19, s1_standard_metadata.deq_timedelta=0bv32, s1_standard_metadata.egress_global_timestamp=0bv48, s1_standard_metadata.egress_port=3bv9, s1_standard_metadata.egress_rid=0bv16, s1_standard_metadata.egress_spec=0bv9, s1_standard_metadata.enq_qdepth=0bv19, s1_standard_metadata.enq_timestamp=0bv32, s1_standard_metadata.ingress_global_timestamp=0bv48, s1_standard_metadata.ingress_port=0bv9, s1_standard_metadata.instance_type=0bv32, s1_standard_metadata.mcast_grp=0bv16, s1_standard_metadata.packet_length=0bv32, s1_standard_metadata.parser_error=0bv1, s1_standard_metadata.priority=0bv3, s1_value_reg__last0_old_value=0bv128, s1_value_reg__last0_value=0bv128, s1_value_reg__last_index=0bv32, s1_value_reg__last_old_value=0bv128, s1_value_reg__last_value=0bv128, s1_value_reg__last_write_site=0, s1_value_reg__next_write_site=0, s1_value_reg__wrote_any=false, s1_value_reg__wrote_index0=false, s2_find_index.hit=true, s2_inbox_count=0, s2_meta.location.index=0bv16, s2_meta.my_md.role=101bv16, s2_p4b_clone_e2e=false, s2_p4b_clone_i2e=false, s2_p4b_clone_i2i=false, s2_p4b_recirculate=false, s2_pkt_external=false, s2_sequence_reg__last0_old_value=0bv16, s2_sequence_reg__last0_value=65535bv16, s2_sequence_reg__last_index=0bv32, s2_sequence_reg__last_old_value=0bv16, s2_sequence_reg__last_value=65535bv16, s2_sequence_reg__last_write_site=0, s2_sequence_reg__next_write_site=0, s2_sequence_reg__wrote_any=true, s2_sequence_reg__wrote_index0=true, s2_value_reg__last0_old_value=0bv128, s2_value_reg__last0_value=0bv128, s2_value_reg__last_index=0bv32, s2_value_reg__last_old_value=0bv128, s2_value_reg__last_value=0bv128, s2_value_reg__last_write_site=0, s2_value_reg__next_write_site=0, s2_value_reg__wrote_any=false, s2_value_reg__wrote_index0=false]
[L873]   COND TRUE   s1_hdr.nc_hdr.op == 12bv8
         VAL         [h1_hdr.ethernet.dstAddr=0bv48, h1_hdr.ethernet.etherType=2048bv16, h1_hdr.ethernet.srcAddr=0bv48, h1_hdr.ethernet.valid=true, h1_hdr.ipv4.diffserv=0bv8, h1_hdr.ipv4.dstAddr=167797761bv32, h1_hdr.ipv4.flags=0bv3, h1_hdr.ipv4.fragOffset=0bv13, h1_hdr.ipv4.hdrChecksum=0bv16, h1_hdr.ipv4.identification=0bv16, h1_hdr.ipv4.ihl=0bv4, h1_hdr.ipv4.protocol=17bv8, h1_hdr.ipv4.srcAddr=1bv32, h1_hdr.ipv4.totalLen=4bv16, h1_hdr.ipv4.ttl=0bv8, h1_hdr.ipv4.valid=true, h1_hdr.ipv4.version=0bv4, h1_hdr.nc_hdr.key=2024bv128, h1_hdr.nc_hdr.op=12bv8, h1_hdr.nc_hdr.sc=1bv8, h1_hdr.nc_hdr.seq=1bv16, h1_hdr.nc_hdr.valid=true, h1_hdr.nc_hdr.value=0bv128, h1_hdr.nc_hdr.vgroup=0bv16, h1_hdr.overlay.0.swip=167797761bv32, h1_hdr.overlay.0.valid=true, h1_hdr.overlay.1.swip=167797762bv32, h1_hdr.overlay.1.valid=true, h1_hdr.overlay.2.swip=0bv32, h1_hdr.overlay.2.valid=true, h1_hdr.overlay.3.swip=0bv32, h1_hdr.overlay.3.valid=true, h1_hdr.overlay.4.swip=0bv32, h1_hdr.overlay.4.valid=true, h1_hdr.overlay.5.swip=0bv32, h1_hdr.overlay.5.valid=false, h1_hdr.overlay.6.swip=0bv32, h1_hdr.overlay.6.valid=true, h1_hdr.overlay.7.swip=0bv32, h1_hdr.overlay.7.valid=false, h1_hdr.overlay.8.swip=0bv32, h1_hdr.overlay.8.valid=true, h1_hdr.overlay.9.swip=0bv32, h1_hdr.overlay.9.valid=false, h1_hdr.overlay.last.swip=0bv32, h1_hdr.overlay.last.valid=false, h1_hdr.tcp.ackNo=0bv32, h1_hdr.tcp.checksum=0bv16, h1_hdr.tcp.ctrl=0bv6, h1_hdr.tcp.dataOffset=0bv4, h1_hdr.tcp.dstPort=0bv16, h1_hdr.tcp.ecn=0bv3, h1_hdr.tcp.res=0bv3, h1_hdr.tcp.seqNo=0bv32, h1_hdr.tcp.srcPort=0bv16, h1_hdr.tcp.urgentPtr=0bv16, h1_hdr.tcp.valid=false, h1_hdr.tcp.window=0bv16, h1_hdr.udp.checksum=0bv16, h1_hdr.udp.dstPort=0bv16, h1_hdr.udp.len=4bv16, h1_hdr.udp.srcPort=0bv16, h1_hdr.udp.valid=true, h1_inbox_count=0, h1_meta.location.index=0bv16, h1_meta.my_md.failed=0bv16, h1_meta.my_md.ipaddress=0bv32, h1_meta.my_md.role=0bv16, h1_meta.reply_to_client_md.ipv4_dstAddr=0bv32, h1_meta.reply_to_client_md.ipv4_srcAddr=0bv32, h1_meta.sequence_md.seq=0bv16, h1_meta.sequence_md.tmp=0bv16, h1_pkt_external=false, h1_standard_metadata.checksum_error=0bv1, h1_standard_metadata.deq_qdepth=0bv19, h1_standard_metadata.deq_timedelta=0bv32, h1_standard_metadata.egress_global_timestamp=0bv48, h1_standard_metadata.egress_rid=0bv16, h1_standard_metadata.enq_qdepth=0bv19, h1_standard_metadata.enq_timestamp=0bv32, h1_standard_metadata.ingress_global_timestamp=0bv48, h1_standard_metadata.ingress_port=0bv9, h1_standard_metadata.instance_type=0bv32, h1_standard_metadata.mcast_grp=0bv16, h1_standard_metadata.packet_length=0bv32, h1_standard_metadata.parser_error=0bv1, h1_standard_metadata.priority=0bv3, old(s1_assign_value.hit)=false, old(s1_drop)=false, old(s1_drop_packet.hit)=false, old(s1_ethernet_set_mac.ethernet_set_mac_act.dmac)=0bv48, old(s1_ethernet_set_mac.ethernet_set_mac_act.smac)=0bv48, old(s1_ethernet_set_mac.hit)=false, old(s1_failure_recovery.hit)=false, old(s1_find_index.find_index_act.index_1)=0bv16, old(s1_find_index.hit)=true, old(s1_forward)=false, old(s1_gen_reply.gen_reply_act.message_type)=0bv8, old(s1_gen_reply.hit)=false, old(s1_get_my_address.get_my_address_act.sw_ip)=0bv32, old(s1_get_my_address.get_my_address_act.sw_role)=0bv16, old(s1_get_my_address.hit)=false, old(s1_get_next_hop.hit)=false, old(s1_get_sequence.hit)=false, old(s1_hdr.ethernet.dstAddr)=0bv48, old(s1_hdr.ethernet.srcAddr)=0bv48, old(s1_hdr.ipv4.dstAddr)=167797761bv32, old(s1_hdr.ipv4.hdrChecksum)=0bv16, old(s1_hdr.ipv4.protocol)=17bv8, old(s1_hdr.ipv4.srcAddr)=1bv32, old(s1_hdr.ipv4.totalLen)=4bv16, old(s1_hdr.ipv4.ttl)=0bv8, old(s1_hdr.nc_hdr.key)=2024bv128, old(s1_hdr.nc_hdr.op)=12bv8, old(s1_hdr.nc_hdr.sc)=1bv8, old(s1_hdr.nc_hdr.seq)=1bv16, old(s1_hdr.nc_hdr.value)=0bv128, old(s1_hdr.nc_hdr.vgroup)=0bv16, old(s1_hdr.overlay.0.swip)=167797761bv32, old(s1_hdr.overlay.0.valid)=true, old(s1_hdr.overlay.1.swip)=167797762bv32, old(s1_hdr.overlay.1.valid)=true, old(s1_hdr.overlay.2.swip)=0bv32, old(s1_hdr.overlay.2.valid)=true, old(s1_hdr.overlay.3.swip)=0bv32, old(s1_hdr.overlay.3.valid)=true, old(s1_hdr.overlay.4.swip)=0bv32, old(s1_hdr.overlay.4.valid)=true, old(s1_hdr.overlay.5.swip)=0bv32, old(s1_hdr.overlay.5.valid)=false, old(s1_hdr.overlay.6.swip)=0bv32, old(s1_hdr.overlay.6.valid)=true, old(s1_hdr.overlay.7.swip)=0bv32, old(s1_hdr.overlay.7.valid)=false, old(s1_hdr.overlay.8.swip)=0bv32, old(s1_hdr.overlay.8.valid)=true, old(s1_hdr.overlay.9.valid)=false, old(s1_hdr.udp.checksum)=0bv16, old(s1_hdr.udp.dstPort)=0bv16, old(s1_hdr.udp.len)=4bv16, old(s1_ipv4_route.hit)=false, old(s1_ipv4_route.set_egress.egress_spec_1)=0bv9, old(s1_maintain_sequence.hit)=false, old(s1_meta.location.index)=0bv16, old(s1_meta.my_md.ipaddress)=0bv32, old(s1_meta.my_md.role)=0bv16, old(s1_meta.reply_to_client_md.ipv4_dstAddr)=0bv32, old(s1_meta.reply_to_client_md.ipv4_srcAddr)=0bv32, old(s1_meta.sequence_md.seq)=0bv16, old(s1_p4b_checksum_error)=false, old(s1_p4b_checksum_updated)=false, old(s1_p4b_checksum_verified)=false, old(s1_p4b_clone_e2e)=false, old(s1_p4b_clone_i2e)=false, old(s1_p4b_clone_i2i)=false, old(s1_p4b_digest)=false, old(s1_p4b_recirculate)=false, old(s1_pop_chain.hit)=false, old(s1_pop_chain_again.hit)=false, old(s1_read_value.hit)=false, old(s1_sequence_reg__last0_old_value)=0bv16, old(s1_sequence_reg__last0_value)=65535bv16, old(s1_sequence_reg__last_index)=0bv32, old(s1_sequence_reg__last_old_value)=0bv16, old(s1_sequence_reg__last_value)=65535bv16, old(s1_sequence_reg__last_write_site)=0, old(s1_sequence_reg__next_write_site)=0, old(s1_sequence_reg__wrote_any)=true, old(s1_sequence_reg__wrote_index0)=true, old(s1_standard_metadata.egress_port)=3bv9, old(s1_standard_metadata.egress_spec)=0bv9, old(s1_value_reg__last0_old_value)=0bv128, old(s1_value_reg__last0_value)=0bv128, old(s1_value_reg__last_index)=0bv32, old(s1_value_reg__last_old_value)=0bv128, old(s1_value_reg__last_value)=0bv128, old(s1_value_reg__last_write_site)=0, old(s1_value_reg__next_write_site)=0, old(s1_value_reg__wrote_any)=false, old(s1_value_reg__wrote_index0)=false, procurator_phase=2, procurator_step=2, s1_assign_value.hit=false, s1_drop=false, s1_drop_packet.hit=false, s1_ethernet_set_mac.ethernet_set_mac_act.dmac=0bv48, s1_ethernet_set_mac.ethernet_set_mac_act.smac=0bv48, s1_ethernet_set_mac.hit=false, s1_failure_recovery.hit=false, s1_find_index.find_index_act.index_1=0bv16, s1_find_index.hit=true, s1_forward=false, s1_gen_reply.gen_reply_act.message_type=0bv8, s1_gen_reply.hit=false, s1_get_my_address.get_my_address_act.sw_ip=167797761bv32, s1_get_my_address.get_my_address_act.sw_role=100bv16, s1_get_my_address.hit=false, s1_get_next_hop.hit=false, s1_get_sequence.hit=false, s1_hdr.ethernet.dstAddr=0bv48, s1_hdr.ethernet.etherType=2048bv16, s1_hdr.ethernet.srcAddr=0bv48, s1_hdr.ethernet.valid=true, s1_hdr.ipv4.diffserv=0bv8, s1_hdr.ipv4.dstAddr=167797761bv32, s1_hdr.ipv4.flags=0bv3, s1_hdr.ipv4.fragOffset=0bv13, s1_hdr.ipv4.hdrChecksum=0bv16, s1_hdr.ipv4.identification=0bv16, s1_hdr.ipv4.ihl=0bv4, s1_hdr.ipv4.protocol=17bv8, s1_hdr.ipv4.srcAddr=1bv32, s1_hdr.ipv4.totalLen=4bv16, s1_hdr.ipv4.ttl=0bv8, s1_hdr.ipv4.valid=true, s1_hdr.ipv4.version=0bv4, s1_hdr.nc_hdr.key=2024bv128, s1_hdr.nc_hdr.op=12bv8, s1_hdr.nc_hdr.sc=1bv8, s1_hdr.nc_hdr.seq=1bv16, s1_hdr.nc_hdr.valid=true, s1_hdr.nc_hdr.value=0bv128, s1_hdr.nc_hdr.vgroup=0bv16, s1_hdr.overlay.0.swip=167797761bv32, s1_hdr.overlay.0.valid=true, s1_hdr.overlay.1.swip=167797762bv32, s1_hdr.overlay.1.valid=true, s1_hdr.overlay.2.swip=0bv32, s1_hdr.overlay.2.valid=true, s1_hdr.overlay.3.swip=0bv32, s1_hdr.overlay.3.valid=true, s1_hdr.overlay.4.swip=0bv32, s1_hdr.overlay.4.valid=true, s1_hdr.overlay.5.swip=0bv32, s1_hdr.overlay.5.valid=false, s1_hdr.overlay.6.swip=0bv32, s1_hdr.overlay.6.valid=true, s1_hdr.overlay.7.swip=0bv32, s1_hdr.overlay.7.valid=false, s1_hdr.overlay.8.swip=0bv32, s1_hdr.overlay.8.valid=true, s1_hdr.overlay.9.swip=0bv32, s1_hdr.overlay.9.valid=false, s1_hdr.overlay.last.swip=0bv32, s1_hdr.overlay.last.valid=false, s1_hdr.tcp.ackNo=0bv32, s1_hdr.tcp.checksum=0bv16, s1_hdr.tcp.ctrl=0bv6, s1_hdr.tcp.dataOffset=0bv4, s1_hdr.tcp.dstPort=0bv16, s1_hdr.tcp.ecn=0bv3, s1_hdr.tcp.res=0bv3, s1_hdr.tcp.seqNo=0bv32, s1_hdr.tcp.srcPort=0bv16, s1_hdr.tcp.urgentPtr=0bv16, s1_hdr.tcp.valid=false, s1_hdr.tcp.window=0bv16, s1_hdr.udp.checksum=0bv16, s1_hdr.udp.dstPort=8888bv16, s1_hdr.udp.len=4bv16, s1_hdr.udp.srcPort=0bv16, s1_hdr.udp.valid=true, s1_inbox_count=0, s1_ipv4_route.hit=false, s1_ipv4_route.set_egress.egress_spec_1=0bv9, s1_maintain_sequence.hit=false, s1_meta.location.index=0bv16, s1_meta.my_md.failed=0bv16, s1_meta.my_md.ipaddress=167797761bv32, s1_meta.my_md.role=100bv16, s1_meta.reply_to_client_md.ipv4_dstAddr=0bv32, s1_meta.reply_to_client_md.ipv4_srcAddr=0bv32, s1_meta.sequence_md.seq=65535bv16, s1_meta.sequence_md.tmp=0bv16, s1_p4b_checksum_error=false, s1_p4b_checksum_updated=false, s1_p4b_checksum_verified=false, s1_p4b_clone_e2e=false, s1_p4b_clone_i2e=false, s1_p4b_clone_i2i=false, s1_p4b_digest=false, s1_p4b_recirculate=false, s1_pkt_external=true, s1_pop_chain.hit=false, s1_pop_chain_again.hit=false, s1_read_value.hit=false, s1_sequence_reg__last0_old_value=0bv16, s1_sequence_reg__last0_value=65535bv16, s1_sequence_reg__last_index=0bv32, s1_sequence_reg__last_old_value=0bv16, s1_sequence_reg__last_value=65535bv16, s1_sequence_reg__last_write_site=0, s1_sequence_reg__next_write_site=0, s1_sequence_reg__wrote_any=true, s1_sequence_reg__wrote_index0=true, s1_standard_metadata.checksum_error=0bv1, s1_standard_metadata.deq_qdepth=0bv19, s1_standard_metadata.deq_timedelta=0bv32, s1_standard_metadata.egress_global_timestamp=0bv48, s1_standard_metadata.egress_port=3bv9, s1_standard_metadata.egress_rid=0bv16, s1_standard_metadata.egress_spec=0bv9, s1_standard_metadata.enq_qdepth=0bv19, s1_standard_metadata.enq_timestamp=0bv32, s1_standard_metadata.ingress_global_timestamp=0bv48, s1_standard_metadata.ingress_port=0bv9, s1_standard_metadata.instance_type=0bv32, s1_standard_metadata.mcast_grp=0bv16, s1_standard_metadata.packet_length=0bv32, s1_standard_metadata.parser_error=0bv1, s1_standard_metadata.priority=0bv3, s1_value_reg__last0_old_value=0bv128, s1_value_reg__last0_value=0bv128, s1_value_reg__last_index=0bv32, s1_value_reg__last_old_value=0bv128, s1_value_reg__last_value=0bv128, s1_value_reg__last_write_site=0, s1_value_reg__next_write_site=0, s1_value_reg__wrote_any=false, s1_value_reg__wrote_index0=false, s2_find_index.hit=true, s2_inbox_count=0, s2_meta.location.index=0bv16, s2_meta.my_md.role=101bv16, s2_p4b_clone_e2e=false, s2_p4b_clone_i2e=false, s2_p4b_clone_i2i=false, s2_p4b_recirculate=false, s2_pkt_external=false, s2_sequence_reg__last0_old_value=0bv16, s2_sequence_reg__last0_value=65535bv16, s2_sequence_reg__last_index=0bv32, s2_sequence_reg__last_old_value=0bv16, s2_sequence_reg__last_value=65535bv16, s2_sequence_reg__last_write_site=0, s2_sequence_reg__next_write_site=0, s2_sequence_reg__wrote_any=true, s2_sequence_reg__wrote_index0=true, s2_value_reg__last0_old_value=0bv128, s2_value_reg__last0_value=0bv128, s2_value_reg__last_index=0bv32, s2_value_reg__last_old_value=0bv128, s2_value_reg__last_value=0bv128, s2_value_reg__last_write_site=0, s2_value_reg__next_write_site=0, s2_value_reg__wrote_any=false, s2_value_reg__wrote_index0=false]
[L874]   COND TRUE   s1_meta.my_md.role == 100bv16
[L875]   CALL        call s1_maintain_sequence.apply();
[L982]               s1_maintain_sequence.hit := false;
[L983]               s1_maintain_sequence.action_run := s1_maintain_sequence.action.maintain_sequence_act;
[L984]   CALL        call s1_maintain_sequence_act();
[L994]               s1_meta.sequence_md.seq := add.bv16(s1_meta.sequence_md.seq, 1bv16);
[L996]               s1_sequence_reg__next_write_site := 2;
         VAL         [h1_hdr.ethernet.dstAddr=0bv48, h1_hdr.ethernet.etherType=2048bv16, h1_hdr.ethernet.srcAddr=0bv48, h1_hdr.ethernet.valid=true, h1_hdr.ipv4.diffserv=0bv8, h1_hdr.ipv4.dstAddr=167797761bv32, h1_hdr.ipv4.flags=0bv3, h1_hdr.ipv4.fragOffset=0bv13, h1_hdr.ipv4.hdrChecksum=0bv16, h1_hdr.ipv4.identification=0bv16, h1_hdr.ipv4.ihl=0bv4, h1_hdr.ipv4.protocol=17bv8, h1_hdr.ipv4.srcAddr=1bv32, h1_hdr.ipv4.totalLen=4bv16, h1_hdr.ipv4.ttl=0bv8, h1_hdr.ipv4.valid=true, h1_hdr.ipv4.version=0bv4, h1_hdr.nc_hdr.key=2024bv128, h1_hdr.nc_hdr.op=12bv8, h1_hdr.nc_hdr.sc=1bv8, h1_hdr.nc_hdr.seq=1bv16, h1_hdr.nc_hdr.valid=true, h1_hdr.nc_hdr.value=0bv128, h1_hdr.nc_hdr.vgroup=0bv16, h1_hdr.overlay.0.swip=167797761bv32, h1_hdr.overlay.0.valid=true, h1_hdr.overlay.1.swip=167797762bv32, h1_hdr.overlay.1.valid=true, h1_hdr.overlay.2.swip=0bv32, h1_hdr.overlay.2.valid=true, h1_hdr.overlay.3.swip=0bv32, h1_hdr.overlay.3.valid=true, h1_hdr.overlay.4.swip=0bv32, h1_hdr.overlay.4.valid=true, h1_hdr.overlay.5.swip=0bv32, h1_hdr.overlay.5.valid=false, h1_hdr.overlay.6.swip=0bv32, h1_hdr.overlay.6.valid=true, h1_hdr.overlay.7.swip=0bv32, h1_hdr.overlay.7.valid=false, h1_hdr.overlay.8.swip=0bv32, h1_hdr.overlay.8.valid=true, h1_hdr.overlay.9.swip=0bv32, h1_hdr.overlay.9.valid=false, h1_hdr.overlay.last.swip=0bv32, h1_hdr.overlay.last.valid=false, h1_hdr.tcp.ackNo=0bv32, h1_hdr.tcp.checksum=0bv16, h1_hdr.tcp.ctrl=0bv6, h1_hdr.tcp.dataOffset=0bv4, h1_hdr.tcp.dstPort=0bv16, h1_hdr.tcp.ecn=0bv3, h1_hdr.tcp.res=0bv3, h1_hdr.tcp.seqNo=0bv32, h1_hdr.tcp.srcPort=0bv16, h1_hdr.tcp.urgentPtr=0bv16, h1_hdr.tcp.valid=false, h1_hdr.tcp.window=0bv16, h1_hdr.udp.checksum=0bv16, h1_hdr.udp.dstPort=0bv16, h1_hdr.udp.len=4bv16, h1_hdr.udp.srcPort=0bv16, h1_hdr.udp.valid=true, h1_inbox_count=0, h1_meta.location.index=0bv16, h1_meta.my_md.failed=0bv16, h1_meta.my_md.ipaddress=0bv32, h1_meta.my_md.role=0bv16, h1_meta.reply_to_client_md.ipv4_dstAddr=0bv32, h1_meta.reply_to_client_md.ipv4_srcAddr=0bv32, h1_meta.sequence_md.seq=0bv16, h1_meta.sequence_md.tmp=0bv16, h1_pkt_external=false, h1_standard_metadata.checksum_error=0bv1, h1_standard_metadata.deq_qdepth=0bv19, h1_standard_metadata.deq_timedelta=0bv32, h1_standard_metadata.egress_global_timestamp=0bv48, h1_standard_metadata.egress_rid=0bv16, h1_standard_metadata.enq_qdepth=0bv19, h1_standard_metadata.enq_timestamp=0bv32, h1_standard_metadata.ingress_global_timestamp=0bv48, h1_standard_metadata.ingress_port=0bv9, h1_standard_metadata.instance_type=0bv32, h1_standard_metadata.mcast_grp=0bv16, h1_standard_metadata.packet_length=0bv32, h1_standard_metadata.parser_error=0bv1, h1_standard_metadata.priority=0bv3, old(s1_assign_value.hit)=false, old(s1_drop)=false, old(s1_drop_packet.hit)=false, old(s1_ethernet_set_mac.ethernet_set_mac_act.dmac)=0bv48, old(s1_ethernet_set_mac.ethernet_set_mac_act.smac)=0bv48, old(s1_ethernet_set_mac.hit)=false, old(s1_failure_recovery.hit)=false, old(s1_find_index.find_index_act.index_1)=0bv16, old(s1_find_index.hit)=true, old(s1_forward)=false, old(s1_gen_reply.gen_reply_act.message_type)=0bv8, old(s1_gen_reply.hit)=false, old(s1_get_my_address.get_my_address_act.sw_ip)=0bv32, old(s1_get_my_address.get_my_address_act.sw_role)=0bv16, old(s1_get_my_address.hit)=false, old(s1_get_next_hop.hit)=false, old(s1_get_sequence.hit)=false, old(s1_hdr.ethernet.dstAddr)=0bv48, old(s1_hdr.ethernet.srcAddr)=0bv48, old(s1_hdr.ipv4.dstAddr)=167797761bv32, old(s1_hdr.ipv4.hdrChecksum)=0bv16, old(s1_hdr.ipv4.protocol)=17bv8, old(s1_hdr.ipv4.srcAddr)=1bv32, old(s1_hdr.ipv4.totalLen)=4bv16, old(s1_hdr.ipv4.ttl)=0bv8, old(s1_hdr.nc_hdr.key)=2024bv128, old(s1_hdr.nc_hdr.op)=12bv8, old(s1_hdr.nc_hdr.sc)=1bv8, old(s1_hdr.nc_hdr.seq)=1bv16, old(s1_hdr.nc_hdr.value)=0bv128, old(s1_hdr.nc_hdr.vgroup)=0bv16, old(s1_hdr.overlay.0.swip)=167797761bv32, old(s1_hdr.overlay.0.valid)=true, old(s1_hdr.overlay.1.swip)=167797762bv32, old(s1_hdr.overlay.1.valid)=true, old(s1_hdr.overlay.2.swip)=0bv32, old(s1_hdr.overlay.2.valid)=true, old(s1_hdr.overlay.3.swip)=0bv32, old(s1_hdr.overlay.3.valid)=true, old(s1_hdr.overlay.4.swip)=0bv32, old(s1_hdr.overlay.4.valid)=true, old(s1_hdr.overlay.5.swip)=0bv32, old(s1_hdr.overlay.5.valid)=false, old(s1_hdr.overlay.6.swip)=0bv32, old(s1_hdr.overlay.6.valid)=true, old(s1_hdr.overlay.7.swip)=0bv32, old(s1_hdr.overlay.7.valid)=false, old(s1_hdr.overlay.8.swip)=0bv32, old(s1_hdr.overlay.8.valid)=true, old(s1_hdr.overlay.9.valid)=false, old(s1_hdr.udp.checksum)=0bv16, old(s1_hdr.udp.dstPort)=0bv16, old(s1_hdr.udp.len)=4bv16, old(s1_ipv4_route.hit)=false, old(s1_ipv4_route.set_egress.egress_spec_1)=0bv9, old(s1_maintain_sequence.hit)=false, old(s1_meta.location.index)=0bv16, old(s1_meta.my_md.ipaddress)=0bv32, old(s1_meta.my_md.role)=0bv16, old(s1_meta.reply_to_client_md.ipv4_dstAddr)=0bv32, old(s1_meta.reply_to_client_md.ipv4_srcAddr)=0bv32, old(s1_meta.sequence_md.seq)=0bv16, old(s1_p4b_checksum_error)=false, old(s1_p4b_checksum_updated)=false, old(s1_p4b_checksum_verified)=false, old(s1_p4b_clone_e2e)=false, old(s1_p4b_clone_i2e)=false, old(s1_p4b_clone_i2i)=false, old(s1_p4b_digest)=false, old(s1_p4b_recirculate)=false, old(s1_pop_chain.hit)=false, old(s1_pop_chain_again.hit)=false, old(s1_read_value.hit)=false, old(s1_sequence_reg__last0_old_value)=0bv16, old(s1_sequence_reg__last0_value)=65535bv16, old(s1_sequence_reg__last_index)=0bv32, old(s1_sequence_reg__last_old_value)=0bv16, old(s1_sequence_reg__last_value)=65535bv16, old(s1_sequence_reg__last_write_site)=0, old(s1_sequence_reg__next_write_site)=0, old(s1_sequence_reg__wrote_any)=true, old(s1_sequence_reg__wrote_index0)=true, old(s1_standard_metadata.egress_port)=3bv9, old(s1_standard_metadata.egress_spec)=0bv9, old(s1_value_reg__last0_old_value)=0bv128, old(s1_value_reg__last0_value)=0bv128, old(s1_value_reg__last_index)=0bv32, old(s1_value_reg__last_old_value)=0bv128, old(s1_value_reg__last_value)=0bv128, old(s1_value_reg__last_write_site)=0, old(s1_value_reg__next_write_site)=0, old(s1_value_reg__wrote_any)=false, old(s1_value_reg__wrote_index0)=false, procurator_phase=2, procurator_step=2, s1_assign_value.hit=false, s1_drop=false, s1_drop_packet.hit=false, s1_ethernet_set_mac.ethernet_set_mac_act.dmac=0bv48, s1_ethernet_set_mac.ethernet_set_mac_act.smac=0bv48, s1_ethernet_set_mac.hit=false, s1_failure_recovery.hit=false, s1_find_index.find_index_act.index_1=0bv16, s1_find_index.hit=true, s1_forward=false, s1_gen_reply.gen_reply_act.message_type=0bv8, s1_gen_reply.hit=false, s1_get_my_address.get_my_address_act.sw_ip=167797761bv32, s1_get_my_address.get_my_address_act.sw_role=100bv16, s1_get_my_address.hit=false, s1_get_next_hop.hit=false, s1_get_sequence.hit=false, s1_hdr.ethernet.dstAddr=0bv48, s1_hdr.ethernet.etherType=2048bv16, s1_hdr.ethernet.srcAddr=0bv48, s1_hdr.ethernet.valid=true, s1_hdr.ipv4.diffserv=0bv8, s1_hdr.ipv4.dstAddr=167797761bv32, s1_hdr.ipv4.flags=0bv3, s1_hdr.ipv4.fragOffset=0bv13, s1_hdr.ipv4.hdrChecksum=0bv16, s1_hdr.ipv4.identification=0bv16, s1_hdr.ipv4.ihl=0bv4, s1_hdr.ipv4.protocol=17bv8, s1_hdr.ipv4.srcAddr=1bv32, s1_hdr.ipv4.totalLen=4bv16, s1_hdr.ipv4.ttl=0bv8, s1_hdr.ipv4.valid=true, s1_hdr.ipv4.version=0bv4, s1_hdr.nc_hdr.key=2024bv128, s1_hdr.nc_hdr.op=12bv8, s1_hdr.nc_hdr.sc=1bv8, s1_hdr.nc_hdr.seq=1bv16, s1_hdr.nc_hdr.valid=true, s1_hdr.nc_hdr.value=0bv128, s1_hdr.nc_hdr.vgroup=0bv16, s1_hdr.overlay.0.swip=167797761bv32, s1_hdr.overlay.0.valid=true, s1_hdr.overlay.1.swip=167797762bv32, s1_hdr.overlay.1.valid=true, s1_hdr.overlay.2.swip=0bv32, s1_hdr.overlay.2.valid=true, s1_hdr.overlay.3.swip=0bv32, s1_hdr.overlay.3.valid=true, s1_hdr.overlay.4.swip=0bv32, s1_hdr.overlay.4.valid=true, s1_hdr.overlay.5.swip=0bv32, s1_hdr.overlay.5.valid=false, s1_hdr.overlay.6.swip=0bv32, s1_hdr.overlay.6.valid=true, s1_hdr.overlay.7.swip=0bv32, s1_hdr.overlay.7.valid=false, s1_hdr.overlay.8.swip=0bv32, s1_hdr.overlay.8.valid=true, s1_hdr.overlay.9.swip=0bv32, s1_hdr.overlay.9.valid=false, s1_hdr.overlay.last.swip=0bv32, s1_hdr.overlay.last.valid=false, s1_hdr.tcp.ackNo=0bv32, s1_hdr.tcp.checksum=0bv16, s1_hdr.tcp.ctrl=0bv6, s1_hdr.tcp.dataOffset=0bv4, s1_hdr.tcp.dstPort=0bv16, s1_hdr.tcp.ecn=0bv3, s1_hdr.tcp.res=0bv3, s1_hdr.tcp.seqNo=0bv32, s1_hdr.tcp.srcPort=0bv16, s1_hdr.tcp.urgentPtr=0bv16, s1_hdr.tcp.valid=false, s1_hdr.tcp.window=0bv16, s1_hdr.udp.checksum=0bv16, s1_hdr.udp.dstPort=8888bv16, s1_hdr.udp.len=4bv16, s1_hdr.udp.srcPort=0bv16, s1_hdr.udp.valid=true, s1_inbox_count=0, s1_ipv4_route.hit=false, s1_ipv4_route.set_egress.egress_spec_1=0bv9, s1_maintain_sequence.hit=false, s1_meta.location.index=0bv16, s1_meta.my_md.failed=0bv16, s1_meta.my_md.ipaddress=167797761bv32, s1_meta.my_md.role=100bv16, s1_meta.reply_to_client_md.ipv4_dstAddr=0bv32, s1_meta.reply_to_client_md.ipv4_srcAddr=0bv32, s1_meta.sequence_md.seq=0bv16, s1_meta.sequence_md.tmp=0bv16, s1_p4b_checksum_error=false, s1_p4b_checksum_updated=false, s1_p4b_checksum_verified=false, s1_p4b_clone_e2e=false, s1_p4b_clone_i2e=false, s1_p4b_clone_i2i=false, s1_p4b_digest=false, s1_p4b_recirculate=false, s1_pkt_external=true, s1_pop_chain.hit=false, s1_pop_chain_again.hit=false, s1_read_value.hit=false, s1_sequence_reg__last0_old_value=0bv16, s1_sequence_reg__last0_value=65535bv16, s1_sequence_reg__last_index=0bv32, s1_sequence_reg__last_old_value=0bv16, s1_sequence_reg__last_value=65535bv16, s1_sequence_reg__last_write_site=0, s1_sequence_reg__next_write_site=2, s1_sequence_reg__wrote_any=true, s1_sequence_reg__wrote_index0=true, s1_standard_metadata.checksum_error=0bv1, s1_standard_metadata.deq_qdepth=0bv19, s1_standard_metadata.deq_timedelta=0bv32, s1_standard_metadata.egress_global_timestamp=0bv48, s1_standard_metadata.egress_port=3bv9, s1_standard_metadata.egress_rid=0bv16, s1_standard_metadata.egress_spec=0bv9, s1_standard_metadata.enq_qdepth=0bv19, s1_standard_metadata.enq_timestamp=0bv32, s1_standard_metadata.ingress_global_timestamp=0bv48, s1_standard_metadata.ingress_port=0bv9, s1_standard_metadata.instance_type=0bv32, s1_standard_metadata.mcast_grp=0bv16, s1_standard_metadata.packet_length=0bv32, s1_standard_metadata.parser_error=0bv1, s1_standard_metadata.priority=0bv3, s1_value_reg__last0_old_value=0bv128, s1_value_reg__last0_value=0bv128, s1_value_reg__last_index=0bv32, s1_value_reg__last_old_value=0bv128, s1_value_reg__last_value=0bv128, s1_value_reg__last_write_site=0, s1_value_reg__next_write_site=0, s1_value_reg__wrote_any=false, s1_value_reg__wrote_index0=false, s2_find_index.hit=true, s2_inbox_count=0, s2_meta.location.index=0bv16, s2_meta.my_md.role=101bv16, s2_p4b_clone_e2e=false, s2_p4b_clone_i2e=false, s2_p4b_clone_i2i=false, s2_p4b_recirculate=false, s2_pkt_external=false, s2_sequence_reg__last0_old_value=0bv16, s2_sequence_reg__last0_value=65535bv16, s2_sequence_reg__last_index=0bv32, s2_sequence_reg__last_old_value=0bv16, s2_sequence_reg__last_value=65535bv16, s2_sequence_reg__last_write_site=0, s2_sequence_reg__next_write_site=0, s2_sequence_reg__wrote_any=true, s2_sequence_reg__wrote_index0=true, s2_value_reg__last0_old_value=0bv128, s2_value_reg__last0_value=0bv128, s2_value_reg__last_index=0bv32, s2_value_reg__last_old_value=0bv128, s2_value_reg__last_value=0bv128, s2_value_reg__last_write_site=0, s2_value_reg__next_write_site=0, s2_value_reg__wrote_any=false, s2_value_reg__wrote_index0=false]
[L997]   CALL        call s1_sequence_reg.write(0bv16 ++ s1_meta.location.index, s1_meta.sequence_md.seq);
         VAL         [h1_hdr.ethernet.dstAddr=0bv48, h1_hdr.ethernet.etherType=2048bv16, h1_hdr.ethernet.srcAddr=0bv48, h1_hdr.ethernet.valid=true, h1_hdr.ipv4.diffserv=0bv8, h1_hdr.ipv4.dstAddr=167797761bv32, h1_hdr.ipv4.flags=0bv3, h1_hdr.ipv4.fragOffset=0bv13, h1_hdr.ipv4.hdrChecksum=0bv16, h1_hdr.ipv4.identification=0bv16, h1_hdr.ipv4.ihl=0bv4, h1_hdr.ipv4.protocol=17bv8, h1_hdr.ipv4.srcAddr=1bv32, h1_hdr.ipv4.totalLen=4bv16, h1_hdr.ipv4.ttl=0bv8, h1_hdr.ipv4.valid=true, h1_hdr.ipv4.version=0bv4, h1_hdr.nc_hdr.key=2024bv128, h1_hdr.nc_hdr.op=12bv8, h1_hdr.nc_hdr.sc=1bv8, h1_hdr.nc_hdr.seq=1bv16, h1_hdr.nc_hdr.valid=true, h1_hdr.nc_hdr.value=0bv128, h1_hdr.nc_hdr.vgroup=0bv16, h1_hdr.overlay.0.swip=167797761bv32, h1_hdr.overlay.0.valid=true, h1_hdr.overlay.1.swip=167797762bv32, h1_hdr.overlay.1.valid=true, h1_hdr.overlay.2.swip=0bv32, h1_hdr.overlay.2.valid=true, h1_hdr.overlay.3.swip=0bv32, h1_hdr.overlay.3.valid=true, h1_hdr.overlay.4.swip=0bv32, h1_hdr.overlay.4.valid=true, h1_hdr.overlay.5.swip=0bv32, h1_hdr.overlay.5.valid=false, h1_hdr.overlay.6.swip=0bv32, h1_hdr.overlay.6.valid=true, h1_hdr.overlay.7.swip=0bv32, h1_hdr.overlay.7.valid=false, h1_hdr.overlay.8.swip=0bv32, h1_hdr.overlay.8.valid=true, h1_hdr.overlay.9.swip=0bv32, h1_hdr.overlay.9.valid=false, h1_hdr.overlay.last.swip=0bv32, h1_hdr.overlay.last.valid=false, h1_hdr.tcp.ackNo=0bv32, h1_hdr.tcp.checksum=0bv16, h1_hdr.tcp.ctrl=0bv6, h1_hdr.tcp.dataOffset=0bv4, h1_hdr.tcp.dstPort=0bv16, h1_hdr.tcp.ecn=0bv3, h1_hdr.tcp.res=0bv3, h1_hdr.tcp.seqNo=0bv32, h1_hdr.tcp.srcPort=0bv16, h1_hdr.tcp.urgentPtr=0bv16, h1_hdr.tcp.valid=false, h1_hdr.tcp.window=0bv16, h1_hdr.udp.checksum=0bv16, h1_hdr.udp.dstPort=0bv16, h1_hdr.udp.len=4bv16, h1_hdr.udp.srcPort=0bv16, h1_hdr.udp.valid=true, h1_inbox_count=0, h1_meta.location.index=0bv16, h1_meta.my_md.failed=0bv16, h1_meta.my_md.ipaddress=0bv32, h1_meta.my_md.role=0bv16, h1_meta.reply_to_client_md.ipv4_dstAddr=0bv32, h1_meta.reply_to_client_md.ipv4_srcAddr=0bv32, h1_meta.sequence_md.seq=0bv16, h1_meta.sequence_md.tmp=0bv16, h1_pkt_external=false, h1_standard_metadata.checksum_error=0bv1, h1_standard_metadata.deq_qdepth=0bv19, h1_standard_metadata.deq_timedelta=0bv32, h1_standard_metadata.egress_global_timestamp=0bv48, h1_standard_metadata.egress_rid=0bv16, h1_standard_metadata.enq_qdepth=0bv19, h1_standard_metadata.enq_timestamp=0bv32, h1_standard_metadata.ingress_global_timestamp=0bv48, h1_standard_metadata.ingress_port=0bv9, h1_standard_metadata.instance_type=0bv32, h1_standard_metadata.mcast_grp=0bv16, h1_standard_metadata.packet_length=0bv32, h1_standard_metadata.parser_error=0bv1, h1_standard_metadata.priority=0bv3, old(s1_assign_value.hit)=false, old(s1_drop)=false, old(s1_drop_packet.hit)=false, old(s1_ethernet_set_mac.ethernet_set_mac_act.dmac)=0bv48, old(s1_ethernet_set_mac.ethernet_set_mac_act.smac)=0bv48, old(s1_ethernet_set_mac.hit)=false, old(s1_failure_recovery.hit)=false, old(s1_find_index.find_index_act.index_1)=0bv16, old(s1_find_index.hit)=true, old(s1_forward)=false, old(s1_gen_reply.gen_reply_act.message_type)=0bv8, old(s1_gen_reply.hit)=false, old(s1_get_my_address.get_my_address_act.sw_ip)=0bv32, old(s1_get_my_address.get_my_address_act.sw_role)=0bv16, old(s1_get_my_address.hit)=false, old(s1_get_next_hop.hit)=false, old(s1_get_sequence.hit)=false, old(s1_hdr.ethernet.dstAddr)=0bv48, old(s1_hdr.ethernet.srcAddr)=0bv48, old(s1_hdr.ipv4.dstAddr)=167797761bv32, old(s1_hdr.ipv4.hdrChecksum)=0bv16, old(s1_hdr.ipv4.protocol)=17bv8, old(s1_hdr.ipv4.srcAddr)=1bv32, old(s1_hdr.ipv4.totalLen)=4bv16, old(s1_hdr.ipv4.ttl)=0bv8, old(s1_hdr.nc_hdr.key)=2024bv128, old(s1_hdr.nc_hdr.op)=12bv8, old(s1_hdr.nc_hdr.sc)=1bv8, old(s1_hdr.nc_hdr.seq)=1bv16, old(s1_hdr.nc_hdr.value)=0bv128, old(s1_hdr.nc_hdr.vgroup)=0bv16, old(s1_hdr.overlay.0.swip)=167797761bv32, old(s1_hdr.overlay.0.valid)=true, old(s1_hdr.overlay.1.swip)=167797762bv32, old(s1_hdr.overlay.1.valid)=true, old(s1_hdr.overlay.2.swip)=0bv32, old(s1_hdr.overlay.2.valid)=true, old(s1_hdr.overlay.3.swip)=0bv32, old(s1_hdr.overlay.3.valid)=true, old(s1_hdr.overlay.4.swip)=0bv32, old(s1_hdr.overlay.4.valid)=true, old(s1_hdr.overlay.5.swip)=0bv32, old(s1_hdr.overlay.5.valid)=false, old(s1_hdr.overlay.6.swip)=0bv32, old(s1_hdr.overlay.6.valid)=true, old(s1_hdr.overlay.7.swip)=0bv32, old(s1_hdr.overlay.7.valid)=false, old(s1_hdr.overlay.8.swip)=0bv32, old(s1_hdr.overlay.8.valid)=true, old(s1_hdr.overlay.9.valid)=false, old(s1_hdr.udp.checksum)=0bv16, old(s1_hdr.udp.dstPort)=0bv16, old(s1_hdr.udp.len)=4bv16, old(s1_ipv4_route.hit)=false, old(s1_ipv4_route.set_egress.egress_spec_1)=0bv9, old(s1_maintain_sequence.hit)=false, old(s1_meta.location.index)=0bv16, old(s1_meta.my_md.ipaddress)=0bv32, old(s1_meta.my_md.role)=0bv16, old(s1_meta.reply_to_client_md.ipv4_dstAddr)=0bv32, old(s1_meta.reply_to_client_md.ipv4_srcAddr)=0bv32, old(s1_meta.sequence_md.seq)=0bv16, old(s1_p4b_checksum_error)=false, old(s1_p4b_checksum_updated)=false, old(s1_p4b_checksum_verified)=false, old(s1_p4b_clone_e2e)=false, old(s1_p4b_clone_i2e)=false, old(s1_p4b_clone_i2i)=false, old(s1_p4b_digest)=false, old(s1_p4b_recirculate)=false, old(s1_pop_chain.hit)=false, old(s1_pop_chain_again.hit)=false, old(s1_read_value.hit)=false, old(s1_sequence_reg__last0_old_value)=0bv16, old(s1_sequence_reg__last0_value)=65535bv16, old(s1_sequence_reg__last_index)=0bv32, old(s1_sequence_reg__last_old_value)=0bv16, old(s1_sequence_reg__last_value)=65535bv16, old(s1_sequence_reg__last_write_site)=0, old(s1_sequence_reg__next_write_site)=0, old(s1_sequence_reg__wrote_any)=true, old(s1_sequence_reg__wrote_index0)=true, old(s1_standard_metadata.egress_port)=3bv9, old(s1_standard_metadata.egress_spec)=0bv9, old(s1_value_reg__last0_old_value)=0bv128, old(s1_value_reg__last0_value)=0bv128, old(s1_value_reg__last_index)=0bv32, old(s1_value_reg__last_old_value)=0bv128, old(s1_value_reg__last_value)=0bv128, old(s1_value_reg__last_write_site)=0, old(s1_value_reg__next_write_site)=0, old(s1_value_reg__wrote_any)=false, old(s1_value_reg__wrote_index0)=false, procurator_phase=2, procurator_step=2, s1_assign_value.hit=false, s1_drop=false, s1_drop_packet.hit=false, s1_ethernet_set_mac.ethernet_set_mac_act.dmac=0bv48, s1_ethernet_set_mac.ethernet_set_mac_act.smac=0bv48, s1_ethernet_set_mac.hit=false, s1_failure_recovery.hit=false, s1_find_index.find_index_act.index_1=0bv16, s1_find_index.hit=true, s1_forward=false, s1_gen_reply.gen_reply_act.message_type=0bv8, s1_gen_reply.hit=false, s1_get_my_address.get_my_address_act.sw_ip=167797761bv32, s1_get_my_address.get_my_address_act.sw_role=100bv16, s1_get_my_address.hit=false, s1_get_next_hop.hit=false, s1_get_sequence.hit=false, s1_hdr.ethernet.dstAddr=0bv48, s1_hdr.ethernet.etherType=2048bv16, s1_hdr.ethernet.srcAddr=0bv48, s1_hdr.ethernet.valid=true, s1_hdr.ipv4.diffserv=0bv8, s1_hdr.ipv4.dstAddr=167797761bv32, s1_hdr.ipv4.flags=0bv3, s1_hdr.ipv4.fragOffset=0bv13, s1_hdr.ipv4.hdrChecksum=0bv16, s1_hdr.ipv4.identification=0bv16, s1_hdr.ipv4.ihl=0bv4, s1_hdr.ipv4.protocol=17bv8, s1_hdr.ipv4.srcAddr=1bv32, s1_hdr.ipv4.totalLen=4bv16, s1_hdr.ipv4.ttl=0bv8, s1_hdr.ipv4.valid=true, s1_hdr.ipv4.version=0bv4, s1_hdr.nc_hdr.key=2024bv128, s1_hdr.nc_hdr.op=12bv8, s1_hdr.nc_hdr.sc=1bv8, s1_hdr.nc_hdr.seq=1bv16, s1_hdr.nc_hdr.valid=true, s1_hdr.nc_hdr.value=0bv128, s1_hdr.nc_hdr.vgroup=0bv16, s1_hdr.overlay.0.swip=167797761bv32, s1_hdr.overlay.0.valid=true, s1_hdr.overlay.1.swip=167797762bv32, s1_hdr.overlay.1.valid=true, s1_hdr.overlay.2.swip=0bv32, s1_hdr.overlay.2.valid=true, s1_hdr.overlay.3.swip=0bv32, s1_hdr.overlay.3.valid=true, s1_hdr.overlay.4.swip=0bv32, s1_hdr.overlay.4.valid=true, s1_hdr.overlay.5.swip=0bv32, s1_hdr.overlay.5.valid=false, s1_hdr.overlay.6.swip=0bv32, s1_hdr.overlay.6.valid=true, s1_hdr.overlay.7.swip=0bv32, s1_hdr.overlay.7.valid=false, s1_hdr.overlay.8.swip=0bv32, s1_hdr.overlay.8.valid=true, s1_hdr.overlay.9.swip=0bv32, s1_hdr.overlay.9.valid=false, s1_hdr.overlay.last.swip=0bv32, s1_hdr.overlay.last.valid=false, s1_hdr.tcp.ackNo=0bv32, s1_hdr.tcp.checksum=0bv16, s1_hdr.tcp.ctrl=0bv6, s1_hdr.tcp.dataOffset=0bv4, s1_hdr.tcp.dstPort=0bv16, s1_hdr.tcp.ecn=0bv3, s1_hdr.tcp.res=0bv3, s1_hdr.tcp.seqNo=0bv32, s1_hdr.tcp.srcPort=0bv16, s1_hdr.tcp.urgentPtr=0bv16, s1_hdr.tcp.valid=false, s1_hdr.tcp.window=0bv16, s1_hdr.udp.checksum=0bv16, s1_hdr.udp.dstPort=8888bv16, s1_hdr.udp.len=4bv16, s1_hdr.udp.srcPort=0bv16, s1_hdr.udp.valid=true, s1_inbox_count=0, s1_index=0bv32, s1_ipv4_route.hit=false, s1_ipv4_route.set_egress.egress_spec_1=0bv9, s1_maintain_sequence.hit=false, s1_meta.location.index=0bv16, s1_meta.my_md.failed=0bv16, s1_meta.my_md.ipaddress=167797761bv32, s1_meta.my_md.role=100bv16, s1_meta.reply_to_client_md.ipv4_dstAddr=0bv32, s1_meta.reply_to_client_md.ipv4_srcAddr=0bv32, s1_meta.sequence_md.seq=0bv16, s1_meta.sequence_md.tmp=0bv16, s1_p4b_checksum_error=false, s1_p4b_checksum_updated=false, s1_p4b_checksum_verified=false, s1_p4b_clone_e2e=false, s1_p4b_clone_i2e=false, s1_p4b_clone_i2i=false, s1_p4b_digest=false, s1_p4b_recirculate=false, s1_pkt_external=true, s1_pop_chain.hit=false, s1_pop_chain_again.hit=false, s1_read_value.hit=false, s1_sequence_reg__last0_old_value=0bv16, s1_sequence_reg__last0_value=65535bv16, s1_sequence_reg__last_index=0bv32, s1_sequence_reg__last_old_value=0bv16, s1_sequence_reg__last_value=65535bv16, s1_sequence_reg__last_write_site=0, s1_sequence_reg__next_write_site=2, s1_sequence_reg__wrote_any=true, s1_sequence_reg__wrote_index0=true, s1_standard_metadata.checksum_error=0bv1, s1_standard_metadata.deq_qdepth=0bv19, s1_standard_metadata.deq_timedelta=0bv32, s1_standard_metadata.egress_global_timestamp=0bv48, s1_standard_metadata.egress_port=3bv9, s1_standard_metadata.egress_rid=0bv16, s1_standard_metadata.egress_spec=0bv9, s1_standard_metadata.enq_qdepth=0bv19, s1_standard_metadata.enq_timestamp=0bv32, s1_standard_metadata.ingress_global_timestamp=0bv48, s1_standard_metadata.ingress_port=0bv9, s1_standard_metadata.instance_type=0bv32, s1_standard_metadata.mcast_grp=0bv16, s1_standard_metadata.packet_length=0bv32, s1_standard_metadata.parser_error=0bv1, s1_standard_metadata.priority=0bv3, s1_value=0bv16, s1_value_reg__last0_old_value=0bv128, s1_value_reg__last0_value=0bv128, s1_value_reg__last_index=0bv32, s1_value_reg__last_old_value=0bv128, s1_value_reg__last_value=0bv128, s1_value_reg__last_write_site=0, s1_value_reg__next_write_site=0, s1_value_reg__wrote_any=false, s1_value_reg__wrote_index0=false, s2_find_index.hit=true, s2_inbox_count=0, s2_meta.location.index=0bv16, s2_meta.my_md.role=101bv16, s2_p4b_clone_e2e=false, s2_p4b_clone_i2e=false, s2_p4b_clone_i2i=false, s2_p4b_recirculate=false, s2_pkt_external=false, s2_sequence_reg__last0_old_value=0bv16, s2_sequence_reg__last0_value=65535bv16, s2_sequence_reg__last_index=0bv32, s2_sequence_reg__last_old_value=0bv16, s2_sequence_reg__last_value=65535bv16, s2_sequence_reg__last_write_site=0, s2_sequence_reg__next_write_site=0, s2_sequence_reg__wrote_any=true, s2_sequence_reg__wrote_index0=true, s2_value_reg__last0_old_value=0bv128, s2_value_reg__last0_value=0bv128, s2_value_reg__last_index=0bv32, s2_value_reg__last_old_value=0bv128, s2_value_reg__last_value=0bv128, s2_value_reg__last_write_site=0, s2_value_reg__next_write_site=0, s2_value_reg__wrote_any=false, s2_value_reg__wrote_index0=false]
[L1111]              s1_sequence_reg__last_old_value := s1_sequence_reg[s1_index];
[L1112]              s1_sequence_reg[s1_index] := s1_value;
[L1113]              s1_sequence_reg__last_index := s1_index;
[L1114]              s1_sequence_reg__last_value := s1_value;
[L1115]              s1_sequence_reg__last_write_site := s1_sequence_reg__next_write_site;
[L1116]              s1_sequence_reg__wrote_any := true;
         VAL         [h1_hdr.ethernet.dstAddr=0bv48, h1_hdr.ethernet.etherType=2048bv16, h1_hdr.ethernet.srcAddr=0bv48, h1_hdr.ethernet.valid=true, h1_hdr.ipv4.diffserv=0bv8, h1_hdr.ipv4.dstAddr=167797761bv32, h1_hdr.ipv4.flags=0bv3, h1_hdr.ipv4.fragOffset=0bv13, h1_hdr.ipv4.hdrChecksum=0bv16, h1_hdr.ipv4.identification=0bv16, h1_hdr.ipv4.ihl=0bv4, h1_hdr.ipv4.protocol=17bv8, h1_hdr.ipv4.srcAddr=1bv32, h1_hdr.ipv4.totalLen=4bv16, h1_hdr.ipv4.ttl=0bv8, h1_hdr.ipv4.valid=true, h1_hdr.ipv4.version=0bv4, h1_hdr.nc_hdr.key=2024bv128, h1_hdr.nc_hdr.op=12bv8, h1_hdr.nc_hdr.sc=1bv8, h1_hdr.nc_hdr.seq=1bv16, h1_hdr.nc_hdr.valid=true, h1_hdr.nc_hdr.value=0bv128, h1_hdr.nc_hdr.vgroup=0bv16, h1_hdr.overlay.0.swip=167797761bv32, h1_hdr.overlay.0.valid=true, h1_hdr.overlay.1.swip=167797762bv32, h1_hdr.overlay.1.valid=true, h1_hdr.overlay.2.swip=0bv32, h1_hdr.overlay.2.valid=true, h1_hdr.overlay.3.swip=0bv32, h1_hdr.overlay.3.valid=true, h1_hdr.overlay.4.swip=0bv32, h1_hdr.overlay.4.valid=true, h1_hdr.overlay.5.swip=0bv32, h1_hdr.overlay.5.valid=false, h1_hdr.overlay.6.swip=0bv32, h1_hdr.overlay.6.valid=true, h1_hdr.overlay.7.swip=0bv32, h1_hdr.overlay.7.valid=false, h1_hdr.overlay.8.swip=0bv32, h1_hdr.overlay.8.valid=true, h1_hdr.overlay.9.swip=0bv32, h1_hdr.overlay.9.valid=false, h1_hdr.overlay.last.swip=0bv32, h1_hdr.overlay.last.valid=false, h1_hdr.tcp.ackNo=0bv32, h1_hdr.tcp.checksum=0bv16, h1_hdr.tcp.ctrl=0bv6, h1_hdr.tcp.dataOffset=0bv4, h1_hdr.tcp.dstPort=0bv16, h1_hdr.tcp.ecn=0bv3, h1_hdr.tcp.res=0bv3, h1_hdr.tcp.seqNo=0bv32, h1_hdr.tcp.srcPort=0bv16, h1_hdr.tcp.urgentPtr=0bv16, h1_hdr.tcp.valid=false, h1_hdr.tcp.window=0bv16, h1_hdr.udp.checksum=0bv16, h1_hdr.udp.dstPort=0bv16, h1_hdr.udp.len=4bv16, h1_hdr.udp.srcPort=0bv16, h1_hdr.udp.valid=true, h1_inbox_count=0, h1_meta.location.index=0bv16, h1_meta.my_md.failed=0bv16, h1_meta.my_md.ipaddress=0bv32, h1_meta.my_md.role=0bv16, h1_meta.reply_to_client_md.ipv4_dstAddr=0bv32, h1_meta.reply_to_client_md.ipv4_srcAddr=0bv32, h1_meta.sequence_md.seq=0bv16, h1_meta.sequence_md.tmp=0bv16, h1_pkt_external=false, h1_standard_metadata.checksum_error=0bv1, h1_standard_metadata.deq_qdepth=0bv19, h1_standard_metadata.deq_timedelta=0bv32, h1_standard_metadata.egress_global_timestamp=0bv48, h1_standard_metadata.egress_rid=0bv16, h1_standard_metadata.enq_qdepth=0bv19, h1_standard_metadata.enq_timestamp=0bv32, h1_standard_metadata.ingress_global_timestamp=0bv48, h1_standard_metadata.ingress_port=0bv9, h1_standard_metadata.instance_type=0bv32, h1_standard_metadata.mcast_grp=0bv16, h1_standard_metadata.packet_length=0bv32, h1_standard_metadata.parser_error=0bv1, h1_standard_metadata.priority=0bv3, old(s1_assign_value.hit)=false, old(s1_drop)=false, old(s1_drop_packet.hit)=false, old(s1_ethernet_set_mac.ethernet_set_mac_act.dmac)=0bv48, old(s1_ethernet_set_mac.ethernet_set_mac_act.smac)=0bv48, old(s1_ethernet_set_mac.hit)=false, old(s1_failure_recovery.hit)=false, old(s1_find_index.find_index_act.index_1)=0bv16, old(s1_find_index.hit)=true, old(s1_forward)=false, old(s1_gen_reply.gen_reply_act.message_type)=0bv8, old(s1_gen_reply.hit)=false, old(s1_get_my_address.get_my_address_act.sw_ip)=0bv32, old(s1_get_my_address.get_my_address_act.sw_role)=0bv16, old(s1_get_my_address.hit)=false, old(s1_get_next_hop.hit)=false, old(s1_get_sequence.hit)=false, old(s1_hdr.ethernet.dstAddr)=0bv48, old(s1_hdr.ethernet.srcAddr)=0bv48, old(s1_hdr.ipv4.dstAddr)=167797761bv32, old(s1_hdr.ipv4.hdrChecksum)=0bv16, old(s1_hdr.ipv4.protocol)=17bv8, old(s1_hdr.ipv4.srcAddr)=1bv32, old(s1_hdr.ipv4.totalLen)=4bv16, old(s1_hdr.ipv4.ttl)=0bv8, old(s1_hdr.nc_hdr.key)=2024bv128, old(s1_hdr.nc_hdr.op)=12bv8, old(s1_hdr.nc_hdr.sc)=1bv8, old(s1_hdr.nc_hdr.seq)=1bv16, old(s1_hdr.nc_hdr.value)=0bv128, old(s1_hdr.nc_hdr.vgroup)=0bv16, old(s1_hdr.overlay.0.swip)=167797761bv32, old(s1_hdr.overlay.0.valid)=true, old(s1_hdr.overlay.1.swip)=167797762bv32, old(s1_hdr.overlay.1.valid)=true, old(s1_hdr.overlay.2.swip)=0bv32, old(s1_hdr.overlay.2.valid)=true, old(s1_hdr.overlay.3.swip)=0bv32, old(s1_hdr.overlay.3.valid)=true, old(s1_hdr.overlay.4.swip)=0bv32, old(s1_hdr.overlay.4.valid)=true, old(s1_hdr.overlay.5.swip)=0bv32, old(s1_hdr.overlay.5.valid)=false, old(s1_hdr.overlay.6.swip)=0bv32, old(s1_hdr.overlay.6.valid)=true, old(s1_hdr.overlay.7.swip)=0bv32, old(s1_hdr.overlay.7.valid)=false, old(s1_hdr.overlay.8.swip)=0bv32, old(s1_hdr.overlay.8.valid)=true, old(s1_hdr.overlay.9.valid)=false, old(s1_hdr.udp.checksum)=0bv16, old(s1_hdr.udp.dstPort)=0bv16, old(s1_hdr.udp.len)=4bv16, old(s1_ipv4_route.hit)=false, old(s1_ipv4_route.set_egress.egress_spec_1)=0bv9, old(s1_maintain_sequence.hit)=false, old(s1_meta.location.index)=0bv16, old(s1_meta.my_md.ipaddress)=0bv32, old(s1_meta.my_md.role)=0bv16, old(s1_meta.reply_to_client_md.ipv4_dstAddr)=0bv32, old(s1_meta.reply_to_client_md.ipv4_srcAddr)=0bv32, old(s1_meta.sequence_md.seq)=0bv16, old(s1_p4b_checksum_error)=false, old(s1_p4b_checksum_updated)=false, old(s1_p4b_checksum_verified)=false, old(s1_p4b_clone_e2e)=false, old(s1_p4b_clone_i2e)=false, old(s1_p4b_clone_i2i)=false, old(s1_p4b_digest)=false, old(s1_p4b_recirculate)=false, old(s1_pop_chain.hit)=false, old(s1_pop_chain_again.hit)=false, old(s1_read_value.hit)=false, old(s1_sequence_reg__last0_old_value)=0bv16, old(s1_sequence_reg__last0_value)=65535bv16, old(s1_sequence_reg__last_index)=0bv32, old(s1_sequence_reg__last_old_value)=0bv16, old(s1_sequence_reg__last_value)=65535bv16, old(s1_sequence_reg__last_write_site)=0, old(s1_sequence_reg__next_write_site)=0, old(s1_sequence_reg__wrote_any)=true, old(s1_sequence_reg__wrote_index0)=true, old(s1_standard_metadata.egress_port)=3bv9, old(s1_standard_metadata.egress_spec)=0bv9, old(s1_value_reg__last0_old_value)=0bv128, old(s1_value_reg__last0_value)=0bv128, old(s1_value_reg__last_index)=0bv32, old(s1_value_reg__last_old_value)=0bv128, old(s1_value_reg__last_value)=0bv128, old(s1_value_reg__last_write_site)=0, old(s1_value_reg__next_write_site)=0, old(s1_value_reg__wrote_any)=false, old(s1_value_reg__wrote_index0)=false, procurator_phase=2, procurator_step=2, s1_assign_value.hit=false, s1_drop=false, s1_drop_packet.hit=false, s1_ethernet_set_mac.ethernet_set_mac_act.dmac=0bv48, s1_ethernet_set_mac.ethernet_set_mac_act.smac=0bv48, s1_ethernet_set_mac.hit=false, s1_failure_recovery.hit=false, s1_find_index.find_index_act.index_1=0bv16, s1_find_index.hit=true, s1_forward=false, s1_gen_reply.gen_reply_act.message_type=0bv8, s1_gen_reply.hit=false, s1_get_my_address.get_my_address_act.sw_ip=167797761bv32, s1_get_my_address.get_my_address_act.sw_role=100bv16, s1_get_my_address.hit=false, s1_get_next_hop.hit=false, s1_get_sequence.hit=false, s1_hdr.ethernet.dstAddr=0bv48, s1_hdr.ethernet.etherType=2048bv16, s1_hdr.ethernet.srcAddr=0bv48, s1_hdr.ethernet.valid=true, s1_hdr.ipv4.diffserv=0bv8, s1_hdr.ipv4.dstAddr=167797761bv32, s1_hdr.ipv4.flags=0bv3, s1_hdr.ipv4.fragOffset=0bv13, s1_hdr.ipv4.hdrChecksum=0bv16, s1_hdr.ipv4.identification=0bv16, s1_hdr.ipv4.ihl=0bv4, s1_hdr.ipv4.protocol=17bv8, s1_hdr.ipv4.srcAddr=1bv32, s1_hdr.ipv4.totalLen=4bv16, s1_hdr.ipv4.ttl=0bv8, s1_hdr.ipv4.valid=true, s1_hdr.ipv4.version=0bv4, s1_hdr.nc_hdr.key=2024bv128, s1_hdr.nc_hdr.op=12bv8, s1_hdr.nc_hdr.sc=1bv8, s1_hdr.nc_hdr.seq=1bv16, s1_hdr.nc_hdr.valid=true, s1_hdr.nc_hdr.value=0bv128, s1_hdr.nc_hdr.vgroup=0bv16, s1_hdr.overlay.0.swip=167797761bv32, s1_hdr.overlay.0.valid=true, s1_hdr.overlay.1.swip=167797762bv32, s1_hdr.overlay.1.valid=true, s1_hdr.overlay.2.swip=0bv32, s1_hdr.overlay.2.valid=true, s1_hdr.overlay.3.swip=0bv32, s1_hdr.overlay.3.valid=true, s1_hdr.overlay.4.swip=0bv32, s1_hdr.overlay.4.valid=true, s1_hdr.overlay.5.swip=0bv32, s1_hdr.overlay.5.valid=false, s1_hdr.overlay.6.swip=0bv32, s1_hdr.overlay.6.valid=true, s1_hdr.overlay.7.swip=0bv32, s1_hdr.overlay.7.valid=false, s1_hdr.overlay.8.swip=0bv32, s1_hdr.overlay.8.valid=true, s1_hdr.overlay.9.swip=0bv32, s1_hdr.overlay.9.valid=false, s1_hdr.overlay.last.swip=0bv32, s1_hdr.overlay.last.valid=false, s1_hdr.tcp.ackNo=0bv32, s1_hdr.tcp.checksum=0bv16, s1_hdr.tcp.ctrl=0bv6, s1_hdr.tcp.dataOffset=0bv4, s1_hdr.tcp.dstPort=0bv16, s1_hdr.tcp.ecn=0bv3, s1_hdr.tcp.res=0bv3, s1_hdr.tcp.seqNo=0bv32, s1_hdr.tcp.srcPort=0bv16, s1_hdr.tcp.urgentPtr=0bv16, s1_hdr.tcp.valid=false, s1_hdr.tcp.window=0bv16, s1_hdr.udp.checksum=0bv16, s1_hdr.udp.dstPort=8888bv16, s1_hdr.udp.len=4bv16, s1_hdr.udp.srcPort=0bv16, s1_hdr.udp.valid=true, s1_inbox_count=0, s1_index=0bv32, s1_ipv4_route.hit=false, s1_ipv4_route.set_egress.egress_spec_1=0bv9, s1_maintain_sequence.hit=false, s1_meta.location.index=0bv16, s1_meta.my_md.failed=0bv16, s1_meta.my_md.ipaddress=167797761bv32, s1_meta.my_md.role=100bv16, s1_meta.reply_to_client_md.ipv4_dstAddr=0bv32, s1_meta.reply_to_client_md.ipv4_srcAddr=0bv32, s1_meta.sequence_md.seq=0bv16, s1_meta.sequence_md.tmp=0bv16, s1_p4b_checksum_error=false, s1_p4b_checksum_updated=false, s1_p4b_checksum_verified=false, s1_p4b_clone_e2e=false, s1_p4b_clone_i2e=false, s1_p4b_clone_i2i=false, s1_p4b_digest=false, s1_p4b_recirculate=false, s1_pkt_external=true, s1_pop_chain.hit=false, s1_pop_chain_again.hit=false, s1_read_value.hit=false, s1_sequence_reg__last0_old_value=0bv16, s1_sequence_reg__last0_value=65535bv16, s1_sequence_reg__last_index=0bv32, s1_sequence_reg__last_old_value=65535bv16, s1_sequence_reg__last_value=0bv16, s1_sequence_reg__last_write_site=2, s1_sequence_reg__next_write_site=2, s1_sequence_reg__wrote_any=true, s1_sequence_reg__wrote_index0=true, s1_standard_metadata.checksum_error=0bv1, s1_standard_metadata.deq_qdepth=0bv19, s1_standard_metadata.deq_timedelta=0bv32, s1_standard_metadata.egress_global_timestamp=0bv48, s1_standard_metadata.egress_port=3bv9, s1_standard_metadata.egress_rid=0bv16, s1_standard_metadata.egress_spec=0bv9, s1_standard_metadata.enq_qdepth=0bv19, s1_standard_metadata.enq_timestamp=0bv32, s1_standard_metadata.ingress_global_timestamp=0bv48, s1_standard_metadata.ingress_port=0bv9, s1_standard_metadata.instance_type=0bv32, s1_standard_metadata.mcast_grp=0bv16, s1_standard_metadata.packet_length=0bv32, s1_standard_metadata.parser_error=0bv1, s1_standard_metadata.priority=0bv3, s1_value=0bv16, s1_value_reg__last0_old_value=0bv128, s1_value_reg__last0_value=0bv128, s1_value_reg__last_index=0bv32, s1_value_reg__last_old_value=0bv128, s1_value_reg__last_value=0bv128, s1_value_reg__last_write_site=0, s1_value_reg__next_write_site=0, s1_value_reg__wrote_any=false, s1_value_reg__wrote_index0=false, s2_find_index.hit=true, s2_inbox_count=0, s2_meta.location.index=0bv16, s2_meta.my_md.role=101bv16, s2_p4b_clone_e2e=false, s2_p4b_clone_i2e=false, s2_p4b_clone_i2i=false, s2_p4b_recirculate=false, s2_pkt_external=false, s2_sequence_reg__last0_old_value=0bv16, s2_sequence_reg__last0_value=65535bv16, s2_sequence_reg__last_index=0bv32, s2_sequence_reg__last_old_value=0bv16, s2_sequence_reg__last_value=65535bv16, s2_sequence_reg__last_write_site=0, s2_sequence_reg__next_write_site=0, s2_sequence_reg__wrote_any=true, s2_sequence_reg__wrote_index0=true, s2_value_reg__last0_old_value=0bv128, s2_value_reg__last0_value=0bv128, s2_value_reg__last_index=0bv32, s2_value_reg__last_old_value=0bv128, s2_value_reg__last_value=0bv128, s2_value_reg__last_write_site=0, s2_value_reg__next_write_site=0, s2_value_reg__wrote_any=false, s2_value_reg__wrote_index0=false]
[L1117]  COND TRUE   s1_index == 0bv32
[L1118]              s1_sequence_reg__wrote_index0 := true;
[L1119]              s1_sequence_reg__last0_old_value := s1_sequence_reg__last_old_value;
[L1120]              s1_sequence_reg__last0_value := s1_value;
         VAL         [h1_hdr.ethernet.dstAddr=0bv48, h1_hdr.ethernet.etherType=2048bv16, h1_hdr.ethernet.srcAddr=0bv48, h1_hdr.ethernet.valid=true, h1_hdr.ipv4.diffserv=0bv8, h1_hdr.ipv4.dstAddr=167797761bv32, h1_hdr.ipv4.flags=0bv3, h1_hdr.ipv4.fragOffset=0bv13, h1_hdr.ipv4.hdrChecksum=0bv16, h1_hdr.ipv4.identification=0bv16, h1_hdr.ipv4.ihl=0bv4, h1_hdr.ipv4.protocol=17bv8, h1_hdr.ipv4.srcAddr=1bv32, h1_hdr.ipv4.totalLen=4bv16, h1_hdr.ipv4.ttl=0bv8, h1_hdr.ipv4.valid=true, h1_hdr.ipv4.version=0bv4, h1_hdr.nc_hdr.key=2024bv128, h1_hdr.nc_hdr.op=12bv8, h1_hdr.nc_hdr.sc=1bv8, h1_hdr.nc_hdr.seq=1bv16, h1_hdr.nc_hdr.valid=true, h1_hdr.nc_hdr.value=0bv128, h1_hdr.nc_hdr.vgroup=0bv16, h1_hdr.overlay.0.swip=167797761bv32, h1_hdr.overlay.0.valid=true, h1_hdr.overlay.1.swip=167797762bv32, h1_hdr.overlay.1.valid=true, h1_hdr.overlay.2.swip=0bv32, h1_hdr.overlay.2.valid=true, h1_hdr.overlay.3.swip=0bv32, h1_hdr.overlay.3.valid=true, h1_hdr.overlay.4.swip=0bv32, h1_hdr.overlay.4.valid=true, h1_hdr.overlay.5.swip=0bv32, h1_hdr.overlay.5.valid=false, h1_hdr.overlay.6.swip=0bv32, h1_hdr.overlay.6.valid=true, h1_hdr.overlay.7.swip=0bv32, h1_hdr.overlay.7.valid=false, h1_hdr.overlay.8.swip=0bv32, h1_hdr.overlay.8.valid=true, h1_hdr.overlay.9.swip=0bv32, h1_hdr.overlay.9.valid=false, h1_hdr.overlay.last.swip=0bv32, h1_hdr.overlay.last.valid=false, h1_hdr.tcp.ackNo=0bv32, h1_hdr.tcp.checksum=0bv16, h1_hdr.tcp.ctrl=0bv6, h1_hdr.tcp.dataOffset=0bv4, h1_hdr.tcp.dstPort=0bv16, h1_hdr.tcp.ecn=0bv3, h1_hdr.tcp.res=0bv3, h1_hdr.tcp.seqNo=0bv32, h1_hdr.tcp.srcPort=0bv16, h1_hdr.tcp.urgentPtr=0bv16, h1_hdr.tcp.valid=false, h1_hdr.tcp.window=0bv16, h1_hdr.udp.checksum=0bv16, h1_hdr.udp.dstPort=0bv16, h1_hdr.udp.len=4bv16, h1_hdr.udp.srcPort=0bv16, h1_hdr.udp.valid=true, h1_inbox_count=0, h1_meta.location.index=0bv16, h1_meta.my_md.failed=0bv16, h1_meta.my_md.ipaddress=0bv32, h1_meta.my_md.role=0bv16, h1_meta.reply_to_client_md.ipv4_dstAddr=0bv32, h1_meta.reply_to_client_md.ipv4_srcAddr=0bv32, h1_meta.sequence_md.seq=0bv16, h1_meta.sequence_md.tmp=0bv16, h1_pkt_external=false, h1_standard_metadata.checksum_error=0bv1, h1_standard_metadata.deq_qdepth=0bv19, h1_standard_metadata.deq_timedelta=0bv32, h1_standard_metadata.egress_global_timestamp=0bv48, h1_standard_metadata.egress_rid=0bv16, h1_standard_metadata.enq_qdepth=0bv19, h1_standard_metadata.enq_timestamp=0bv32, h1_standard_metadata.ingress_global_timestamp=0bv48, h1_standard_metadata.ingress_port=0bv9, h1_standard_metadata.instance_type=0bv32, h1_standard_metadata.mcast_grp=0bv16, h1_standard_metadata.packet_length=0bv32, h1_standard_metadata.parser_error=0bv1, h1_standard_metadata.priority=0bv3, old(s1_assign_value.hit)=false, old(s1_drop)=false, old(s1_drop_packet.hit)=false, old(s1_ethernet_set_mac.ethernet_set_mac_act.dmac)=0bv48, old(s1_ethernet_set_mac.ethernet_set_mac_act.smac)=0bv48, old(s1_ethernet_set_mac.hit)=false, old(s1_failure_recovery.hit)=false, old(s1_find_index.find_index_act.index_1)=0bv16, old(s1_find_index.hit)=true, old(s1_forward)=false, old(s1_gen_reply.gen_reply_act.message_type)=0bv8, old(s1_gen_reply.hit)=false, old(s1_get_my_address.get_my_address_act.sw_ip)=0bv32, old(s1_get_my_address.get_my_address_act.sw_role)=0bv16, old(s1_get_my_address.hit)=false, old(s1_get_next_hop.hit)=false, old(s1_get_sequence.hit)=false, old(s1_hdr.ethernet.dstAddr)=0bv48, old(s1_hdr.ethernet.srcAddr)=0bv48, old(s1_hdr.ipv4.dstAddr)=167797761bv32, old(s1_hdr.ipv4.hdrChecksum)=0bv16, old(s1_hdr.ipv4.protocol)=17bv8, old(s1_hdr.ipv4.srcAddr)=1bv32, old(s1_hdr.ipv4.totalLen)=4bv16, old(s1_hdr.ipv4.ttl)=0bv8, old(s1_hdr.nc_hdr.key)=2024bv128, old(s1_hdr.nc_hdr.op)=12bv8, old(s1_hdr.nc_hdr.sc)=1bv8, old(s1_hdr.nc_hdr.seq)=1bv16, old(s1_hdr.nc_hdr.value)=0bv128, old(s1_hdr.nc_hdr.vgroup)=0bv16, old(s1_hdr.overlay.0.swip)=167797761bv32, old(s1_hdr.overlay.0.valid)=true, old(s1_hdr.overlay.1.swip)=167797762bv32, old(s1_hdr.overlay.1.valid)=true, old(s1_hdr.overlay.2.swip)=0bv32, old(s1_hdr.overlay.2.valid)=true, old(s1_hdr.overlay.3.swip)=0bv32, old(s1_hdr.overlay.3.valid)=true, old(s1_hdr.overlay.4.swip)=0bv32, old(s1_hdr.overlay.4.valid)=true, old(s1_hdr.overlay.5.swip)=0bv32, old(s1_hdr.overlay.5.valid)=false, old(s1_hdr.overlay.6.swip)=0bv32, old(s1_hdr.overlay.6.valid)=true, old(s1_hdr.overlay.7.swip)=0bv32, old(s1_hdr.overlay.7.valid)=false, old(s1_hdr.overlay.8.swip)=0bv32, old(s1_hdr.overlay.8.valid)=true, old(s1_hdr.overlay.9.valid)=false, old(s1_hdr.udp.checksum)=0bv16, old(s1_hdr.udp.dstPort)=0bv16, old(s1_hdr.udp.len)=4bv16, old(s1_ipv4_route.hit)=false, old(s1_ipv4_route.set_egress.egress_spec_1)=0bv9, old(s1_maintain_sequence.hit)=false, old(s1_meta.location.index)=0bv16, old(s1_meta.my_md.ipaddress)=0bv32, old(s1_meta.my_md.role)=0bv16, old(s1_meta.reply_to_client_md.ipv4_dstAddr)=0bv32, old(s1_meta.reply_to_client_md.ipv4_srcAddr)=0bv32, old(s1_meta.sequence_md.seq)=0bv16, old(s1_p4b_checksum_error)=false, old(s1_p4b_checksum_updated)=false, old(s1_p4b_checksum_verified)=false, old(s1_p4b_clone_e2e)=false, old(s1_p4b_clone_i2e)=false, old(s1_p4b_clone_i2i)=false, old(s1_p4b_digest)=false, old(s1_p4b_recirculate)=false, old(s1_pop_chain.hit)=false, old(s1_pop_chain_again.hit)=false, old(s1_read_value.hit)=false, old(s1_sequence_reg__last0_old_value)=0bv16, old(s1_sequence_reg__last0_value)=65535bv16, old(s1_sequence_reg__last_index)=0bv32, old(s1_sequence_reg__last_old_value)=0bv16, old(s1_sequence_reg__last_value)=65535bv16, old(s1_sequence_reg__last_write_site)=0, old(s1_sequence_reg__next_write_site)=0, old(s1_sequence_reg__wrote_any)=true, old(s1_sequence_reg__wrote_index0)=true, old(s1_standard_metadata.egress_port)=3bv9, old(s1_standard_metadata.egress_spec)=0bv9, old(s1_value_reg__last0_old_value)=0bv128, old(s1_value_reg__last0_value)=0bv128, old(s1_value_reg__last_index)=0bv32, old(s1_value_reg__last_old_value)=0bv128, old(s1_value_reg__last_value)=0bv128, old(s1_value_reg__last_write_site)=0, old(s1_value_reg__next_write_site)=0, old(s1_value_reg__wrote_any)=false, old(s1_value_reg__wrote_index0)=false, procurator_phase=2, procurator_step=2, s1_assign_value.hit=false, s1_drop=false, s1_drop_packet.hit=false, s1_ethernet_set_mac.ethernet_set_mac_act.dmac=0bv48, s1_ethernet_set_mac.ethernet_set_mac_act.smac=0bv48, s1_ethernet_set_mac.hit=false, s1_failure_recovery.hit=false, s1_find_index.find_index_act.index_1=0bv16, s1_find_index.hit=true, s1_forward=false, s1_gen_reply.gen_reply_act.message_type=0bv8, s1_gen_reply.hit=false, s1_get_my_address.get_my_address_act.sw_ip=167797761bv32, s1_get_my_address.get_my_address_act.sw_role=100bv16, s1_get_my_address.hit=false, s1_get_next_hop.hit=false, s1_get_sequence.hit=false, s1_hdr.ethernet.dstAddr=0bv48, s1_hdr.ethernet.etherType=2048bv16, s1_hdr.ethernet.srcAddr=0bv48, s1_hdr.ethernet.valid=true, s1_hdr.ipv4.diffserv=0bv8, s1_hdr.ipv4.dstAddr=167797761bv32, s1_hdr.ipv4.flags=0bv3, s1_hdr.ipv4.fragOffset=0bv13, s1_hdr.ipv4.hdrChecksum=0bv16, s1_hdr.ipv4.identification=0bv16, s1_hdr.ipv4.ihl=0bv4, s1_hdr.ipv4.protocol=17bv8, s1_hdr.ipv4.srcAddr=1bv32, s1_hdr.ipv4.totalLen=4bv16, s1_hdr.ipv4.ttl=0bv8, s1_hdr.ipv4.valid=true, s1_hdr.ipv4.version=0bv4, s1_hdr.nc_hdr.key=2024bv128, s1_hdr.nc_hdr.op=12bv8, s1_hdr.nc_hdr.sc=1bv8, s1_hdr.nc_hdr.seq=1bv16, s1_hdr.nc_hdr.valid=true, s1_hdr.nc_hdr.value=0bv128, s1_hdr.nc_hdr.vgroup=0bv16, s1_hdr.overlay.0.swip=167797761bv32, s1_hdr.overlay.0.valid=true, s1_hdr.overlay.1.swip=167797762bv32, s1_hdr.overlay.1.valid=true, s1_hdr.overlay.2.swip=0bv32, s1_hdr.overlay.2.valid=true, s1_hdr.overlay.3.swip=0bv32, s1_hdr.overlay.3.valid=true, s1_hdr.overlay.4.swip=0bv32, s1_hdr.overlay.4.valid=true, s1_hdr.overlay.5.swip=0bv32, s1_hdr.overlay.5.valid=false, s1_hdr.overlay.6.swip=0bv32, s1_hdr.overlay.6.valid=true, s1_hdr.overlay.7.swip=0bv32, s1_hdr.overlay.7.valid=false, s1_hdr.overlay.8.swip=0bv32, s1_hdr.overlay.8.valid=true, s1_hdr.overlay.9.swip=0bv32, s1_hdr.overlay.9.valid=false, s1_hdr.overlay.last.swip=0bv32, s1_hdr.overlay.last.valid=false, s1_hdr.tcp.ackNo=0bv32, s1_hdr.tcp.checksum=0bv16, s1_hdr.tcp.ctrl=0bv6, s1_hdr.tcp.dataOffset=0bv4, s1_hdr.tcp.dstPort=0bv16, s1_hdr.tcp.ecn=0bv3, s1_hdr.tcp.res=0bv3, s1_hdr.tcp.seqNo=0bv32, s1_hdr.tcp.srcPort=0bv16, s1_hdr.tcp.urgentPtr=0bv16, s1_hdr.tcp.valid=false, s1_hdr.tcp.window=0bv16, s1_hdr.udp.checksum=0bv16, s1_hdr.udp.dstPort=8888bv16, s1_hdr.udp.len=4bv16, s1_hdr.udp.srcPort=0bv16, s1_hdr.udp.valid=true, s1_inbox_count=0, s1_index=0bv32, s1_ipv4_route.hit=false, s1_ipv4_route.set_egress.egress_spec_1=0bv9, s1_maintain_sequence.hit=false, s1_meta.location.index=0bv16, s1_meta.my_md.failed=0bv16, s1_meta.my_md.ipaddress=167797761bv32, s1_meta.my_md.role=100bv16, s1_meta.reply_to_client_md.ipv4_dstAddr=0bv32, s1_meta.reply_to_client_md.ipv4_srcAddr=0bv32, s1_meta.sequence_md.seq=0bv16, s1_meta.sequence_md.tmp=0bv16, s1_p4b_checksum_error=false, s1_p4b_checksum_updated=false, s1_p4b_checksum_verified=false, s1_p4b_clone_e2e=false, s1_p4b_clone_i2e=false, s1_p4b_clone_i2i=false, s1_p4b_digest=false, s1_p4b_recirculate=false, s1_pkt_external=true, s1_pop_chain.hit=false, s1_pop_chain_again.hit=false, s1_read_value.hit=false, s1_sequence_reg__last0_old_value=65535bv16, s1_sequence_reg__last0_value=0bv16, s1_sequence_reg__last_index=0bv32, s1_sequence_reg__last_old_value=65535bv16, s1_sequence_reg__last_value=0bv16, s1_sequence_reg__last_write_site=2, s1_sequence_reg__next_write_site=2, s1_sequence_reg__wrote_any=true, s1_sequence_reg__wrote_index0=true, s1_standard_metadata.checksum_error=0bv1, s1_standard_metadata.deq_qdepth=0bv19, s1_standard_metadata.deq_timedelta=0bv32, s1_standard_metadata.egress_global_timestamp=0bv48, s1_standard_metadata.egress_port=3bv9, s1_standard_metadata.egress_rid=0bv16, s1_standard_metadata.egress_spec=0bv9, s1_standard_metadata.enq_qdepth=0bv19, s1_standard_metadata.enq_timestamp=0bv32, s1_standard_metadata.ingress_global_timestamp=0bv48, s1_standard_metadata.ingress_port=0bv9, s1_standard_metadata.instance_type=0bv32, s1_standard_metadata.mcast_grp=0bv16, s1_standard_metadata.packet_length=0bv32, s1_standard_metadata.parser_error=0bv1, s1_standard_metadata.priority=0bv3, s1_value=0bv16, s1_value_reg__last0_old_value=0bv128, s1_value_reg__last0_value=0bv128, s1_value_reg__last_index=0bv32, s1_value_reg__last_old_value=0bv128, s1_value_reg__last_value=0bv128, s1_value_reg__last_write_site=0, s1_value_reg__next_write_site=0, s1_value_reg__wrote_any=false, s1_value_reg__wrote_index0=false, s2_find_index.hit=true, s2_inbox_count=0, s2_meta.location.index=0bv16, s2_meta.my_md.role=101bv16, s2_p4b_clone_e2e=false, s2_p4b_clone_i2e=false, s2_p4b_clone_i2i=false, s2_p4b_recirculate=false, s2_pkt_external=false, s2_sequence_reg__last0_old_value=0bv16, s2_sequence_reg__last0_value=65535bv16, s2_sequence_reg__last_index=0bv32, s2_sequence_reg__last_old_value=0bv16, s2_sequence_reg__last_value=65535bv16, s2_sequence_reg__last_write_site=0, s2_sequence_reg__next_write_site=0, s2_sequence_reg__wrote_any=true, s2_sequence_reg__wrote_index0=true, s2_value_reg__last0_old_value=0bv128, s2_value_reg__last0_value=0bv128, s2_value_reg__last_index=0bv32, s2_value_reg__last_old_value=0bv128, s2_value_reg__last_value=0bv128, s2_value_reg__last_write_site=0, s2_value_reg__next_write_site=0, s2_value_reg__wrote_any=false, s2_value_reg__wrote_index0=false]
[L997]   RET         call s1_sequence_reg.write(0bv16 ++ s1_meta.location.index, s1_meta.sequence_md.seq);
         VAL         [h1_hdr.ethernet.dstAddr=0bv48, h1_hdr.ethernet.etherType=2048bv16, h1_hdr.ethernet.srcAddr=0bv48, h1_hdr.ethernet.valid=true, h1_hdr.ipv4.diffserv=0bv8, h1_hdr.ipv4.dstAddr=167797761bv32, h1_hdr.ipv4.flags=0bv3, h1_hdr.ipv4.fragOffset=0bv13, h1_hdr.ipv4.hdrChecksum=0bv16, h1_hdr.ipv4.identification=0bv16, h1_hdr.ipv4.ihl=0bv4, h1_hdr.ipv4.protocol=17bv8, h1_hdr.ipv4.srcAddr=1bv32, h1_hdr.ipv4.totalLen=4bv16, h1_hdr.ipv4.ttl=0bv8, h1_hdr.ipv4.valid=true, h1_hdr.ipv4.version=0bv4, h1_hdr.nc_hdr.key=2024bv128, h1_hdr.nc_hdr.op=12bv8, h1_hdr.nc_hdr.sc=1bv8, h1_hdr.nc_hdr.seq=1bv16, h1_hdr.nc_hdr.valid=true, h1_hdr.nc_hdr.value=0bv128, h1_hdr.nc_hdr.vgroup=0bv16, h1_hdr.overlay.0.swip=167797761bv32, h1_hdr.overlay.0.valid=true, h1_hdr.overlay.1.swip=167797762bv32, h1_hdr.overlay.1.valid=true, h1_hdr.overlay.2.swip=0bv32, h1_hdr.overlay.2.valid=true, h1_hdr.overlay.3.swip=0bv32, h1_hdr.overlay.3.valid=true, h1_hdr.overlay.4.swip=0bv32, h1_hdr.overlay.4.valid=true, h1_hdr.overlay.5.swip=0bv32, h1_hdr.overlay.5.valid=false, h1_hdr.overlay.6.swip=0bv32, h1_hdr.overlay.6.valid=true, h1_hdr.overlay.7.swip=0bv32, h1_hdr.overlay.7.valid=false, h1_hdr.overlay.8.swip=0bv32, h1_hdr.overlay.8.valid=true, h1_hdr.overlay.9.swip=0bv32, h1_hdr.overlay.9.valid=false, h1_hdr.overlay.last.swip=0bv32, h1_hdr.overlay.last.valid=false, h1_hdr.tcp.ackNo=0bv32, h1_hdr.tcp.checksum=0bv16, h1_hdr.tcp.ctrl=0bv6, h1_hdr.tcp.dataOffset=0bv4, h1_hdr.tcp.dstPort=0bv16, h1_hdr.tcp.ecn=0bv3, h1_hdr.tcp.res=0bv3, h1_hdr.tcp.seqNo=0bv32, h1_hdr.tcp.srcPort=0bv16, h1_hdr.tcp.urgentPtr=0bv16, h1_hdr.tcp.valid=false, h1_hdr.tcp.window=0bv16, h1_hdr.udp.checksum=0bv16, h1_hdr.udp.dstPort=0bv16, h1_hdr.udp.len=4bv16, h1_hdr.udp.srcPort=0bv16, h1_hdr.udp.valid=true, h1_inbox_count=0, h1_meta.location.index=0bv16, h1_meta.my_md.failed=0bv16, h1_meta.my_md.ipaddress=0bv32, h1_meta.my_md.role=0bv16, h1_meta.reply_to_client_md.ipv4_dstAddr=0bv32, h1_meta.reply_to_client_md.ipv4_srcAddr=0bv32, h1_meta.sequence_md.seq=0bv16, h1_meta.sequence_md.tmp=0bv16, h1_pkt_external=false, h1_standard_metadata.checksum_error=0bv1, h1_standard_metadata.deq_qdepth=0bv19, h1_standard_metadata.deq_timedelta=0bv32, h1_standard_metadata.egress_global_timestamp=0bv48, h1_standard_metadata.egress_rid=0bv16, h1_standard_metadata.enq_qdepth=0bv19, h1_standard_metadata.enq_timestamp=0bv32, h1_standard_metadata.ingress_global_timestamp=0bv48, h1_standard_metadata.ingress_port=0bv9, h1_standard_metadata.instance_type=0bv32, h1_standard_metadata.mcast_grp=0bv16, h1_standard_metadata.packet_length=0bv32, h1_standard_metadata.parser_error=0bv1, h1_standard_metadata.priority=0bv3, old(s1_assign_value.hit)=false, old(s1_drop)=false, old(s1_drop_packet.hit)=false, old(s1_ethernet_set_mac.ethernet_set_mac_act.dmac)=0bv48, old(s1_ethernet_set_mac.ethernet_set_mac_act.smac)=0bv48, old(s1_ethernet_set_mac.hit)=false, old(s1_failure_recovery.hit)=false, old(s1_find_index.find_index_act.index_1)=0bv16, old(s1_find_index.hit)=true, old(s1_forward)=false, old(s1_gen_reply.gen_reply_act.message_type)=0bv8, old(s1_gen_reply.hit)=false, old(s1_get_my_address.get_my_address_act.sw_ip)=0bv32, old(s1_get_my_address.get_my_address_act.sw_role)=0bv16, old(s1_get_my_address.hit)=false, old(s1_get_next_hop.hit)=false, old(s1_get_sequence.hit)=false, old(s1_hdr.ethernet.dstAddr)=0bv48, old(s1_hdr.ethernet.srcAddr)=0bv48, old(s1_hdr.ipv4.dstAddr)=167797761bv32, old(s1_hdr.ipv4.hdrChecksum)=0bv16, old(s1_hdr.ipv4.protocol)=17bv8, old(s1_hdr.ipv4.srcAddr)=1bv32, old(s1_hdr.ipv4.totalLen)=4bv16, old(s1_hdr.ipv4.ttl)=0bv8, old(s1_hdr.nc_hdr.key)=2024bv128, old(s1_hdr.nc_hdr.op)=12bv8, old(s1_hdr.nc_hdr.sc)=1bv8, old(s1_hdr.nc_hdr.seq)=1bv16, old(s1_hdr.nc_hdr.value)=0bv128, old(s1_hdr.nc_hdr.vgroup)=0bv16, old(s1_hdr.overlay.0.swip)=167797761bv32, old(s1_hdr.overlay.0.valid)=true, old(s1_hdr.overlay.1.swip)=167797762bv32, old(s1_hdr.overlay.1.valid)=true, old(s1_hdr.overlay.2.swip)=0bv32, old(s1_hdr.overlay.2.valid)=true, old(s1_hdr.overlay.3.swip)=0bv32, old(s1_hdr.overlay.3.valid)=true, old(s1_hdr.overlay.4.swip)=0bv32, old(s1_hdr.overlay.4.valid)=true, old(s1_hdr.overlay.5.swip)=0bv32, old(s1_hdr.overlay.5.valid)=false, old(s1_hdr.overlay.6.swip)=0bv32, old(s1_hdr.overlay.6.valid)=true, old(s1_hdr.overlay.7.swip)=0bv32, old(s1_hdr.overlay.7.valid)=false, old(s1_hdr.overlay.8.swip)=0bv32, old(s1_hdr.overlay.8.valid)=true, old(s1_hdr.overlay.9.valid)=false, old(s1_hdr.udp.checksum)=0bv16, old(s1_hdr.udp.dstPort)=0bv16, old(s1_hdr.udp.len)=4bv16, old(s1_ipv4_route.hit)=false, old(s1_ipv4_route.set_egress.egress_spec_1)=0bv9, old(s1_maintain_sequence.hit)=false, old(s1_meta.location.index)=0bv16, old(s1_meta.my_md.ipaddress)=0bv32, old(s1_meta.my_md.role)=0bv16, old(s1_meta.reply_to_client_md.ipv4_dstAddr)=0bv32, old(s1_meta.reply_to_client_md.ipv4_srcAddr)=0bv32, old(s1_meta.sequence_md.seq)=0bv16, old(s1_p4b_checksum_error)=false, old(s1_p4b_checksum_updated)=false, old(s1_p4b_checksum_verified)=false, old(s1_p4b_clone_e2e)=false, old(s1_p4b_clone_i2e)=false, old(s1_p4b_clone_i2i)=false, old(s1_p4b_digest)=false, old(s1_p4b_recirculate)=false, old(s1_pop_chain.hit)=false, old(s1_pop_chain_again.hit)=false, old(s1_read_value.hit)=false, old(s1_sequence_reg__last0_old_value)=0bv16, old(s1_sequence_reg__last0_value)=65535bv16, old(s1_sequence_reg__last_index)=0bv32, old(s1_sequence_reg__last_old_value)=0bv16, old(s1_sequence_reg__last_value)=65535bv16, old(s1_sequence_reg__last_write_site)=0, old(s1_sequence_reg__next_write_site)=0, old(s1_sequence_reg__wrote_any)=true, old(s1_sequence_reg__wrote_index0)=true, old(s1_standard_metadata.egress_port)=3bv9, old(s1_standard_metadata.egress_spec)=0bv9, old(s1_value_reg__last0_old_value)=0bv128, old(s1_value_reg__last0_value)=0bv128, old(s1_value_reg__last_index)=0bv32, old(s1_value_reg__last_old_value)=0bv128, old(s1_value_reg__last_value)=0bv128, old(s1_value_reg__last_write_site)=0, old(s1_value_reg__next_write_site)=0, old(s1_value_reg__wrote_any)=false, old(s1_value_reg__wrote_index0)=false, procurator_phase=2, procurator_step=2, s1_assign_value.hit=false, s1_drop=false, s1_drop_packet.hit=false, s1_ethernet_set_mac.ethernet_set_mac_act.dmac=0bv48, s1_ethernet_set_mac.ethernet_set_mac_act.smac=0bv48, s1_ethernet_set_mac.hit=false, s1_failure_recovery.hit=false, s1_find_index.find_index_act.index_1=0bv16, s1_find_index.hit=true, s1_forward=false, s1_gen_reply.gen_reply_act.message_type=0bv8, s1_gen_reply.hit=false, s1_get_my_address.get_my_address_act.sw_ip=167797761bv32, s1_get_my_address.get_my_address_act.sw_role=100bv16, s1_get_my_address.hit=false, s1_get_next_hop.hit=false, s1_get_sequence.hit=false, s1_hdr.ethernet.dstAddr=0bv48, s1_hdr.ethernet.etherType=2048bv16, s1_hdr.ethernet.srcAddr=0bv48, s1_hdr.ethernet.valid=true, s1_hdr.ipv4.diffserv=0bv8, s1_hdr.ipv4.dstAddr=167797761bv32, s1_hdr.ipv4.flags=0bv3, s1_hdr.ipv4.fragOffset=0bv13, s1_hdr.ipv4.hdrChecksum=0bv16, s1_hdr.ipv4.identification=0bv16, s1_hdr.ipv4.ihl=0bv4, s1_hdr.ipv4.protocol=17bv8, s1_hdr.ipv4.srcAddr=1bv32, s1_hdr.ipv4.totalLen=4bv16, s1_hdr.ipv4.ttl=0bv8, s1_hdr.ipv4.valid=true, s1_hdr.ipv4.version=0bv4, s1_hdr.nc_hdr.key=2024bv128, s1_hdr.nc_hdr.op=12bv8, s1_hdr.nc_hdr.sc=1bv8, s1_hdr.nc_hdr.seq=1bv16, s1_hdr.nc_hdr.valid=true, s1_hdr.nc_hdr.value=0bv128, s1_hdr.nc_hdr.vgroup=0bv16, s1_hdr.overlay.0.swip=167797761bv32, s1_hdr.overlay.0.valid=true, s1_hdr.overlay.1.swip=167797762bv32, s1_hdr.overlay.1.valid=true, s1_hdr.overlay.2.swip=0bv32, s1_hdr.overlay.2.valid=true, s1_hdr.overlay.3.swip=0bv32, s1_hdr.overlay.3.valid=true, s1_hdr.overlay.4.swip=0bv32, s1_hdr.overlay.4.valid=true, s1_hdr.overlay.5.swip=0bv32, s1_hdr.overlay.5.valid=false, s1_hdr.overlay.6.swip=0bv32, s1_hdr.overlay.6.valid=true, s1_hdr.overlay.7.swip=0bv32, s1_hdr.overlay.7.valid=false, s1_hdr.overlay.8.swip=0bv32, s1_hdr.overlay.8.valid=true, s1_hdr.overlay.9.swip=0bv32, s1_hdr.overlay.9.valid=false, s1_hdr.overlay.last.swip=0bv32, s1_hdr.overlay.last.valid=false, s1_hdr.tcp.ackNo=0bv32, s1_hdr.tcp.checksum=0bv16, s1_hdr.tcp.ctrl=0bv6, s1_hdr.tcp.dataOffset=0bv4, s1_hdr.tcp.dstPort=0bv16, s1_hdr.tcp.ecn=0bv3, s1_hdr.tcp.res=0bv3, s1_hdr.tcp.seqNo=0bv32, s1_hdr.tcp.srcPort=0bv16, s1_hdr.tcp.urgentPtr=0bv16, s1_hdr.tcp.valid=false, s1_hdr.tcp.window=0bv16, s1_hdr.udp.checksum=0bv16, s1_hdr.udp.dstPort=8888bv16, s1_hdr.udp.len=4bv16, s1_hdr.udp.srcPort=0bv16, s1_hdr.udp.valid=true, s1_inbox_count=0, s1_ipv4_route.hit=false, s1_ipv4_route.set_egress.egress_spec_1=0bv9, s1_maintain_sequence.hit=false, s1_meta.location.index=0bv16, s1_meta.my_md.failed=0bv16, s1_meta.my_md.ipaddress=167797761bv32, s1_meta.my_md.role=100bv16, s1_meta.reply_to_client_md.ipv4_dstAddr=0bv32, s1_meta.reply_to_client_md.ipv4_srcAddr=0bv32, s1_meta.sequence_md.seq=0bv16, s1_meta.sequence_md.tmp=0bv16, s1_p4b_checksum_error=false, s1_p4b_checksum_updated=false, s1_p4b_checksum_verified=false, s1_p4b_clone_e2e=false, s1_p4b_clone_i2e=false, s1_p4b_clone_i2i=false, s1_p4b_digest=false, s1_p4b_recirculate=false, s1_pkt_external=true, s1_pop_chain.hit=false, s1_pop_chain_again.hit=false, s1_read_value.hit=false, s1_sequence_reg__last0_old_value=65535bv16, s1_sequence_reg__last0_value=0bv16, s1_sequence_reg__last_index=0bv32, s1_sequence_reg__last_old_value=65535bv16, s1_sequence_reg__last_value=0bv16, s1_sequence_reg__last_write_site=2, s1_sequence_reg__next_write_site=2, s1_sequence_reg__wrote_any=true, s1_sequence_reg__wrote_index0=true, s1_standard_metadata.checksum_error=0bv1, s1_standard_metadata.deq_qdepth=0bv19, s1_standard_metadata.deq_timedelta=0bv32, s1_standard_metadata.egress_global_timestamp=0bv48, s1_standard_metadata.egress_port=3bv9, s1_standard_metadata.egress_rid=0bv16, s1_standard_metadata.egress_spec=0bv9, s1_standard_metadata.enq_qdepth=0bv19, s1_standard_metadata.enq_timestamp=0bv32, s1_standard_metadata.ingress_global_timestamp=0bv48, s1_standard_metadata.ingress_port=0bv9, s1_standard_metadata.instance_type=0bv32, s1_standard_metadata.mcast_grp=0bv16, s1_standard_metadata.packet_length=0bv32, s1_standard_metadata.parser_error=0bv1, s1_standard_metadata.priority=0bv3, s1_value_reg__last0_old_value=0bv128, s1_value_reg__last0_value=0bv128, s1_value_reg__last_index=0bv32, s1_value_reg__last_old_value=0bv128, s1_value_reg__last_value=0bv128, s1_value_reg__last_write_site=0, s1_value_reg__next_write_site=0, s1_value_reg__wrote_any=false, s1_value_reg__wrote_index0=false, s2_find_index.hit=true, s2_inbox_count=0, s2_meta.location.index=0bv16, s2_meta.my_md.role=101bv16, s2_p4b_clone_e2e=false, s2_p4b_clone_i2e=false, s2_p4b_clone_i2i=false, s2_p4b_recirculate=false, s2_pkt_external=false, s2_sequence_reg__last0_old_value=0bv16, s2_sequence_reg__last0_value=65535bv16, s2_sequence_reg__last_index=0bv32, s2_sequence_reg__last_old_value=0bv16, s2_sequence_reg__last_value=65535bv16, s2_sequence_reg__last_write_site=0, s2_sequence_reg__next_write_site=0, s2_sequence_reg__wrote_any=true, s2_sequence_reg__wrote_index0=true, s2_value_reg__last0_old_value=0bv128, s2_value_reg__last0_value=0bv128, s2_value_reg__last_index=0bv32, s2_value_reg__last_old_value=0bv128, s2_value_reg__last_value=0bv128, s2_value_reg__last_write_site=0, s2_value_reg__next_write_site=0, s2_value_reg__wrote_any=false, s2_value_reg__wrote_index0=false]
[L999]               s1_hdr.nc_hdr.seq := s1_sequence_reg[0bv16 ++ s1_meta.location.index];
         VAL         [h1_hdr.ethernet.dstAddr=0bv48, h1_hdr.ethernet.etherType=2048bv16, h1_hdr.ethernet.srcAddr=0bv48, h1_hdr.ethernet.valid=true, h1_hdr.ipv4.diffserv=0bv8, h1_hdr.ipv4.dstAddr=167797761bv32, h1_hdr.ipv4.flags=0bv3, h1_hdr.ipv4.fragOffset=0bv13, h1_hdr.ipv4.hdrChecksum=0bv16, h1_hdr.ipv4.identification=0bv16, h1_hdr.ipv4.ihl=0bv4, h1_hdr.ipv4.protocol=17bv8, h1_hdr.ipv4.srcAddr=1bv32, h1_hdr.ipv4.totalLen=4bv16, h1_hdr.ipv4.ttl=0bv8, h1_hdr.ipv4.valid=true, h1_hdr.ipv4.version=0bv4, h1_hdr.nc_hdr.key=2024bv128, h1_hdr.nc_hdr.op=12bv8, h1_hdr.nc_hdr.sc=1bv8, h1_hdr.nc_hdr.seq=1bv16, h1_hdr.nc_hdr.valid=true, h1_hdr.nc_hdr.value=0bv128, h1_hdr.nc_hdr.vgroup=0bv16, h1_hdr.overlay.0.swip=167797761bv32, h1_hdr.overlay.0.valid=true, h1_hdr.overlay.1.swip=167797762bv32, h1_hdr.overlay.1.valid=true, h1_hdr.overlay.2.swip=0bv32, h1_hdr.overlay.2.valid=true, h1_hdr.overlay.3.swip=0bv32, h1_hdr.overlay.3.valid=true, h1_hdr.overlay.4.swip=0bv32, h1_hdr.overlay.4.valid=true, h1_hdr.overlay.5.swip=0bv32, h1_hdr.overlay.5.valid=false, h1_hdr.overlay.6.swip=0bv32, h1_hdr.overlay.6.valid=true, h1_hdr.overlay.7.swip=0bv32, h1_hdr.overlay.7.valid=false, h1_hdr.overlay.8.swip=0bv32, h1_hdr.overlay.8.valid=true, h1_hdr.overlay.9.swip=0bv32, h1_hdr.overlay.9.valid=false, h1_hdr.overlay.last.swip=0bv32, h1_hdr.overlay.last.valid=false, h1_hdr.tcp.ackNo=0bv32, h1_hdr.tcp.checksum=0bv16, h1_hdr.tcp.ctrl=0bv6, h1_hdr.tcp.dataOffset=0bv4, h1_hdr.tcp.dstPort=0bv16, h1_hdr.tcp.ecn=0bv3, h1_hdr.tcp.res=0bv3, h1_hdr.tcp.seqNo=0bv32, h1_hdr.tcp.srcPort=0bv16, h1_hdr.tcp.urgentPtr=0bv16, h1_hdr.tcp.valid=false, h1_hdr.tcp.window=0bv16, h1_hdr.udp.checksum=0bv16, h1_hdr.udp.dstPort=0bv16, h1_hdr.udp.len=4bv16, h1_hdr.udp.srcPort=0bv16, h1_hdr.udp.valid=true, h1_inbox_count=0, h1_meta.location.index=0bv16, h1_meta.my_md.failed=0bv16, h1_meta.my_md.ipaddress=0bv32, h1_meta.my_md.role=0bv16, h1_meta.reply_to_client_md.ipv4_dstAddr=0bv32, h1_meta.reply_to_client_md.ipv4_srcAddr=0bv32, h1_meta.sequence_md.seq=0bv16, h1_meta.sequence_md.tmp=0bv16, h1_pkt_external=false, h1_standard_metadata.checksum_error=0bv1, h1_standard_metadata.deq_qdepth=0bv19, h1_standard_metadata.deq_timedelta=0bv32, h1_standard_metadata.egress_global_timestamp=0bv48, h1_standard_metadata.egress_rid=0bv16, h1_standard_metadata.enq_qdepth=0bv19, h1_standard_metadata.enq_timestamp=0bv32, h1_standard_metadata.ingress_global_timestamp=0bv48, h1_standard_metadata.ingress_port=0bv9, h1_standard_metadata.instance_type=0bv32, h1_standard_metadata.mcast_grp=0bv16, h1_standard_metadata.packet_length=0bv32, h1_standard_metadata.parser_error=0bv1, h1_standard_metadata.priority=0bv3, old(s1_assign_value.hit)=false, old(s1_drop)=false, old(s1_drop_packet.hit)=false, old(s1_ethernet_set_mac.ethernet_set_mac_act.dmac)=0bv48, old(s1_ethernet_set_mac.ethernet_set_mac_act.smac)=0bv48, old(s1_ethernet_set_mac.hit)=false, old(s1_failure_recovery.hit)=false, old(s1_find_index.find_index_act.index_1)=0bv16, old(s1_find_index.hit)=true, old(s1_forward)=false, old(s1_gen_reply.gen_reply_act.message_type)=0bv8, old(s1_gen_reply.hit)=false, old(s1_get_my_address.get_my_address_act.sw_ip)=0bv32, old(s1_get_my_address.get_my_address_act.sw_role)=0bv16, old(s1_get_my_address.hit)=false, old(s1_get_next_hop.hit)=false, old(s1_get_sequence.hit)=false, old(s1_hdr.ethernet.dstAddr)=0bv48, old(s1_hdr.ethernet.srcAddr)=0bv48, old(s1_hdr.ipv4.dstAddr)=167797761bv32, old(s1_hdr.ipv4.hdrChecksum)=0bv16, old(s1_hdr.ipv4.protocol)=17bv8, old(s1_hdr.ipv4.srcAddr)=1bv32, old(s1_hdr.ipv4.totalLen)=4bv16, old(s1_hdr.ipv4.ttl)=0bv8, old(s1_hdr.nc_hdr.key)=2024bv128, old(s1_hdr.nc_hdr.op)=12bv8, old(s1_hdr.nc_hdr.sc)=1bv8, old(s1_hdr.nc_hdr.seq)=1bv16, old(s1_hdr.nc_hdr.value)=0bv128, old(s1_hdr.nc_hdr.vgroup)=0bv16, old(s1_hdr.overlay.0.swip)=167797761bv32, old(s1_hdr.overlay.0.valid)=true, old(s1_hdr.overlay.1.swip)=167797762bv32, old(s1_hdr.overlay.1.valid)=true, old(s1_hdr.overlay.2.swip)=0bv32, old(s1_hdr.overlay.2.valid)=true, old(s1_hdr.overlay.3.swip)=0bv32, old(s1_hdr.overlay.3.valid)=true, old(s1_hdr.overlay.4.swip)=0bv32, old(s1_hdr.overlay.4.valid)=true, old(s1_hdr.overlay.5.swip)=0bv32, old(s1_hdr.overlay.5.valid)=false, old(s1_hdr.overlay.6.swip)=0bv32, old(s1_hdr.overlay.6.valid)=true, old(s1_hdr.overlay.7.swip)=0bv32, old(s1_hdr.overlay.7.valid)=false, old(s1_hdr.overlay.8.swip)=0bv32, old(s1_hdr.overlay.8.valid)=true, old(s1_hdr.overlay.9.valid)=false, old(s1_hdr.udp.checksum)=0bv16, old(s1_hdr.udp.dstPort)=0bv16, old(s1_hdr.udp.len)=4bv16, old(s1_ipv4_route.hit)=false, old(s1_ipv4_route.set_egress.egress_spec_1)=0bv9, old(s1_maintain_sequence.hit)=false, old(s1_meta.location.index)=0bv16, old(s1_meta.my_md.ipaddress)=0bv32, old(s1_meta.my_md.role)=0bv16, old(s1_meta.reply_to_client_md.ipv4_dstAddr)=0bv32, old(s1_meta.reply_to_client_md.ipv4_srcAddr)=0bv32, old(s1_meta.sequence_md.seq)=0bv16, old(s1_p4b_checksum_error)=false, old(s1_p4b_checksum_updated)=false, old(s1_p4b_checksum_verified)=false, old(s1_p4b_clone_e2e)=false, old(s1_p4b_clone_i2e)=false, old(s1_p4b_clone_i2i)=false, old(s1_p4b_digest)=false, old(s1_p4b_recirculate)=false, old(s1_pop_chain.hit)=false, old(s1_pop_chain_again.hit)=false, old(s1_read_value.hit)=false, old(s1_sequence_reg__last0_old_value)=0bv16, old(s1_sequence_reg__last0_value)=65535bv16, old(s1_sequence_reg__last_index)=0bv32, old(s1_sequence_reg__last_old_value)=0bv16, old(s1_sequence_reg__last_value)=65535bv16, old(s1_sequence_reg__last_write_site)=0, old(s1_sequence_reg__next_write_site)=0, old(s1_sequence_reg__wrote_any)=true, old(s1_sequence_reg__wrote_index0)=true, old(s1_standard_metadata.egress_port)=3bv9, old(s1_standard_metadata.egress_spec)=0bv9, old(s1_value_reg__last0_old_value)=0bv128, old(s1_value_reg__last0_value)=0bv128, old(s1_value_reg__last_index)=0bv32, old(s1_value_reg__last_old_value)=0bv128, old(s1_value_reg__last_value)=0bv128, old(s1_value_reg__last_write_site)=0, old(s1_value_reg__next_write_site)=0, old(s1_value_reg__wrote_any)=false, old(s1_value_reg__wrote_index0)=false, procurator_phase=2, procurator_step=2, s1_assign_value.hit=false, s1_drop=false, s1_drop_packet.hit=false, s1_ethernet_set_mac.ethernet_set_mac_act.dmac=0bv48, s1_ethernet_set_mac.ethernet_set_mac_act.smac=0bv48, s1_ethernet_set_mac.hit=false, s1_failure_recovery.hit=false, s1_find_index.find_index_act.index_1=0bv16, s1_find_index.hit=true, s1_forward=false, s1_gen_reply.gen_reply_act.message_type=0bv8, s1_gen_reply.hit=false, s1_get_my_address.get_my_address_act.sw_ip=167797761bv32, s1_get_my_address.get_my_address_act.sw_role=100bv16, s1_get_my_address.hit=false, s1_get_next_hop.hit=false, s1_get_sequence.hit=false, s1_hdr.ethernet.dstAddr=0bv48, s1_hdr.ethernet.etherType=2048bv16, s1_hdr.ethernet.srcAddr=0bv48, s1_hdr.ethernet.valid=true, s1_hdr.ipv4.diffserv=0bv8, s1_hdr.ipv4.dstAddr=167797761bv32, s1_hdr.ipv4.flags=0bv3, s1_hdr.ipv4.fragOffset=0bv13, s1_hdr.ipv4.hdrChecksum=0bv16, s1_hdr.ipv4.identification=0bv16, s1_hdr.ipv4.ihl=0bv4, s1_hdr.ipv4.protocol=17bv8, s1_hdr.ipv4.srcAddr=1bv32, s1_hdr.ipv4.totalLen=4bv16, s1_hdr.ipv4.ttl=0bv8, s1_hdr.ipv4.valid=true, s1_hdr.ipv4.version=0bv4, s1_hdr.nc_hdr.key=2024bv128, s1_hdr.nc_hdr.op=12bv8, s1_hdr.nc_hdr.sc=1bv8, s1_hdr.nc_hdr.seq=0bv16, s1_hdr.nc_hdr.valid=true, s1_hdr.nc_hdr.value=0bv128, s1_hdr.nc_hdr.vgroup=0bv16, s1_hdr.overlay.0.swip=167797761bv32, s1_hdr.overlay.0.valid=true, s1_hdr.overlay.1.swip=167797762bv32, s1_hdr.overlay.1.valid=true, s1_hdr.overlay.2.swip=0bv32, s1_hdr.overlay.2.valid=true, s1_hdr.overlay.3.swip=0bv32, s1_hdr.overlay.3.valid=true, s1_hdr.overlay.4.swip=0bv32, s1_hdr.overlay.4.valid=true, s1_hdr.overlay.5.swip=0bv32, s1_hdr.overlay.5.valid=false, s1_hdr.overlay.6.swip=0bv32, s1_hdr.overlay.6.valid=true, s1_hdr.overlay.7.swip=0bv32, s1_hdr.overlay.7.valid=false, s1_hdr.overlay.8.swip=0bv32, s1_hdr.overlay.8.valid=true, s1_hdr.overlay.9.swip=0bv32, s1_hdr.overlay.9.valid=false, s1_hdr.overlay.last.swip=0bv32, s1_hdr.overlay.last.valid=false, s1_hdr.tcp.ackNo=0bv32, s1_hdr.tcp.checksum=0bv16, s1_hdr.tcp.ctrl=0bv6, s1_hdr.tcp.dataOffset=0bv4, s1_hdr.tcp.dstPort=0bv16, s1_hdr.tcp.ecn=0bv3, s1_hdr.tcp.res=0bv3, s1_hdr.tcp.seqNo=0bv32, s1_hdr.tcp.srcPort=0bv16, s1_hdr.tcp.urgentPtr=0bv16, s1_hdr.tcp.valid=false, s1_hdr.tcp.window=0bv16, s1_hdr.udp.checksum=0bv16, s1_hdr.udp.dstPort=8888bv16, s1_hdr.udp.len=4bv16, s1_hdr.udp.srcPort=0bv16, s1_hdr.udp.valid=true, s1_inbox_count=0, s1_ipv4_route.hit=false, s1_ipv4_route.set_egress.egress_spec_1=0bv9, s1_maintain_sequence.hit=false, s1_meta.location.index=0bv16, s1_meta.my_md.failed=0bv16, s1_meta.my_md.ipaddress=167797761bv32, s1_meta.my_md.role=100bv16, s1_meta.reply_to_client_md.ipv4_dstAddr=0bv32, s1_meta.reply_to_client_md.ipv4_srcAddr=0bv32, s1_meta.sequence_md.seq=0bv16, s1_meta.sequence_md.tmp=0bv16, s1_p4b_checksum_error=false, s1_p4b_checksum_updated=false, s1_p4b_checksum_verified=false, s1_p4b_clone_e2e=false, s1_p4b_clone_i2e=false, s1_p4b_clone_i2i=false, s1_p4b_digest=false, s1_p4b_recirculate=false, s1_pkt_external=true, s1_pop_chain.hit=false, s1_pop_chain_again.hit=false, s1_read_value.hit=false, s1_sequence_reg__last0_old_value=65535bv16, s1_sequence_reg__last0_value=0bv16, s1_sequence_reg__last_index=0bv32, s1_sequence_reg__last_old_value=65535bv16, s1_sequence_reg__last_value=0bv16, s1_sequence_reg__last_write_site=2, s1_sequence_reg__next_write_site=2, s1_sequence_reg__wrote_any=true, s1_sequence_reg__wrote_index0=true, s1_standard_metadata.checksum_error=0bv1, s1_standard_metadata.deq_qdepth=0bv19, s1_standard_metadata.deq_timedelta=0bv32, s1_standard_metadata.egress_global_timestamp=0bv48, s1_standard_metadata.egress_port=3bv9, s1_standard_metadata.egress_rid=0bv16, s1_standard_metadata.egress_spec=0bv9, s1_standard_metadata.enq_qdepth=0bv19, s1_standard_metadata.enq_timestamp=0bv32, s1_standard_metadata.ingress_global_timestamp=0bv48, s1_standard_metadata.ingress_port=0bv9, s1_standard_metadata.instance_type=0bv32, s1_standard_metadata.mcast_grp=0bv16, s1_standard_metadata.packet_length=0bv32, s1_standard_metadata.parser_error=0bv1, s1_standard_metadata.priority=0bv3, s1_value_reg__last0_old_value=0bv128, s1_value_reg__last0_value=0bv128, s1_value_reg__last_index=0bv32, s1_value_reg__last_old_value=0bv128, s1_value_reg__last_value=0bv128, s1_value_reg__last_write_site=0, s1_value_reg__next_write_site=0, s1_value_reg__wrote_any=false, s1_value_reg__wrote_index0=false, s2_find_index.hit=true, s2_inbox_count=0, s2_meta.location.index=0bv16, s2_meta.my_md.role=101bv16, s2_p4b_clone_e2e=false, s2_p4b_clone_i2e=false, s2_p4b_clone_i2i=false, s2_p4b_recirculate=false, s2_pkt_external=false, s2_sequence_reg__last0_old_value=0bv16, s2_sequence_reg__last0_value=65535bv16, s2_sequence_reg__last_index=0bv32, s2_sequence_reg__last_old_value=0bv16, s2_sequence_reg__last_value=65535bv16, s2_sequence_reg__last_write_site=0, s2_sequence_reg__next_write_site=0, s2_sequence_reg__wrote_any=true, s2_sequence_reg__wrote_index0=true, s2_value_reg__last0_old_value=0bv128, s2_value_reg__last0_value=0bv128, s2_value_reg__last_index=0bv32, s2_value_reg__last_old_value=0bv128, s2_value_reg__last_value=0bv128, s2_value_reg__last_write_site=0, s2_value_reg__next_write_site=0, s2_value_reg__wrote_any=false, s2_value_reg__wrote_index0=false]
[L984]   RET         call s1_maintain_sequence_act();
[L875]   RET         call s1_maintain_sequence.apply();
[L877]   COND TRUE   s1_meta.my_md.role == 100bv16 || bugt.bv16(s1_hdr.nc_hdr.seq, s1_meta.sequence_md.seq)
[L878]   CALL        call s1_assign_value.apply();
[L526]               s1_assign_value.hit := false;
[L527]               s1_assign_value.action_run := s1_assign_value.action.assign_value_act;
[L528]   CALL        call s1_assign_value_act();
[L539]               s1_sequence_reg__next_write_site := 1;
         VAL         [h1_hdr.ethernet.dstAddr=0bv48, h1_hdr.ethernet.etherType=2048bv16, h1_hdr.ethernet.srcAddr=0bv48, h1_hdr.ethernet.valid=true, h1_hdr.ipv4.diffserv=0bv8, h1_hdr.ipv4.dstAddr=167797761bv32, h1_hdr.ipv4.flags=0bv3, h1_hdr.ipv4.fragOffset=0bv13, h1_hdr.ipv4.hdrChecksum=0bv16, h1_hdr.ipv4.identification=0bv16, h1_hdr.ipv4.ihl=0bv4, h1_hdr.ipv4.protocol=17bv8, h1_hdr.ipv4.srcAddr=1bv32, h1_hdr.ipv4.totalLen=4bv16, h1_hdr.ipv4.ttl=0bv8, h1_hdr.ipv4.valid=true, h1_hdr.ipv4.version=0bv4, h1_hdr.nc_hdr.key=2024bv128, h1_hdr.nc_hdr.op=12bv8, h1_hdr.nc_hdr.sc=1bv8, h1_hdr.nc_hdr.seq=1bv16, h1_hdr.nc_hdr.valid=true, h1_hdr.nc_hdr.value=0bv128, h1_hdr.nc_hdr.vgroup=0bv16, h1_hdr.overlay.0.swip=167797761bv32, h1_hdr.overlay.0.valid=true, h1_hdr.overlay.1.swip=167797762bv32, h1_hdr.overlay.1.valid=true, h1_hdr.overlay.2.swip=0bv32, h1_hdr.overlay.2.valid=true, h1_hdr.overlay.3.swip=0bv32, h1_hdr.overlay.3.valid=true, h1_hdr.overlay.4.swip=0bv32, h1_hdr.overlay.4.valid=true, h1_hdr.overlay.5.swip=0bv32, h1_hdr.overlay.5.valid=false, h1_hdr.overlay.6.swip=0bv32, h1_hdr.overlay.6.valid=true, h1_hdr.overlay.7.swip=0bv32, h1_hdr.overlay.7.valid=false, h1_hdr.overlay.8.swip=0bv32, h1_hdr.overlay.8.valid=true, h1_hdr.overlay.9.swip=0bv32, h1_hdr.overlay.9.valid=false, h1_hdr.overlay.last.swip=0bv32, h1_hdr.overlay.last.valid=false, h1_hdr.tcp.ackNo=0bv32, h1_hdr.tcp.checksum=0bv16, h1_hdr.tcp.ctrl=0bv6, h1_hdr.tcp.dataOffset=0bv4, h1_hdr.tcp.dstPort=0bv16, h1_hdr.tcp.ecn=0bv3, h1_hdr.tcp.res=0bv3, h1_hdr.tcp.seqNo=0bv32, h1_hdr.tcp.srcPort=0bv16, h1_hdr.tcp.urgentPtr=0bv16, h1_hdr.tcp.valid=false, h1_hdr.tcp.window=0bv16, h1_hdr.udp.checksum=0bv16, h1_hdr.udp.dstPort=0bv16, h1_hdr.udp.len=4bv16, h1_hdr.udp.srcPort=0bv16, h1_hdr.udp.valid=true, h1_inbox_count=0, h1_meta.location.index=0bv16, h1_meta.my_md.failed=0bv16, h1_meta.my_md.ipaddress=0bv32, h1_meta.my_md.role=0bv16, h1_meta.reply_to_client_md.ipv4_dstAddr=0bv32, h1_meta.reply_to_client_md.ipv4_srcAddr=0bv32, h1_meta.sequence_md.seq=0bv16, h1_meta.sequence_md.tmp=0bv16, h1_pkt_external=false, h1_standard_metadata.checksum_error=0bv1, h1_standard_metadata.deq_qdepth=0bv19, h1_standard_metadata.deq_timedelta=0bv32, h1_standard_metadata.egress_global_timestamp=0bv48, h1_standard_metadata.egress_rid=0bv16, h1_standard_metadata.enq_qdepth=0bv19, h1_standard_metadata.enq_timestamp=0bv32, h1_standard_metadata.ingress_global_timestamp=0bv48, h1_standard_metadata.ingress_port=0bv9, h1_standard_metadata.instance_type=0bv32, h1_standard_metadata.mcast_grp=0bv16, h1_standard_metadata.packet_length=0bv32, h1_standard_metadata.parser_error=0bv1, h1_standard_metadata.priority=0bv3, old(s1_assign_value.hit)=false, old(s1_drop)=false, old(s1_drop_packet.hit)=false, old(s1_ethernet_set_mac.ethernet_set_mac_act.dmac)=0bv48, old(s1_ethernet_set_mac.ethernet_set_mac_act.smac)=0bv48, old(s1_ethernet_set_mac.hit)=false, old(s1_failure_recovery.hit)=false, old(s1_find_index.find_index_act.index_1)=0bv16, old(s1_find_index.hit)=true, old(s1_forward)=false, old(s1_gen_reply.gen_reply_act.message_type)=0bv8, old(s1_gen_reply.hit)=false, old(s1_get_my_address.get_my_address_act.sw_ip)=0bv32, old(s1_get_my_address.get_my_address_act.sw_role)=0bv16, old(s1_get_my_address.hit)=false, old(s1_get_next_hop.hit)=false, old(s1_get_sequence.hit)=false, old(s1_hdr.ethernet.dstAddr)=0bv48, old(s1_hdr.ethernet.srcAddr)=0bv48, old(s1_hdr.ipv4.dstAddr)=167797761bv32, old(s1_hdr.ipv4.hdrChecksum)=0bv16, old(s1_hdr.ipv4.protocol)=17bv8, old(s1_hdr.ipv4.srcAddr)=1bv32, old(s1_hdr.ipv4.totalLen)=4bv16, old(s1_hdr.ipv4.ttl)=0bv8, old(s1_hdr.nc_hdr.key)=2024bv128, old(s1_hdr.nc_hdr.op)=12bv8, old(s1_hdr.nc_hdr.sc)=1bv8, old(s1_hdr.nc_hdr.seq)=1bv16, old(s1_hdr.nc_hdr.value)=0bv128, old(s1_hdr.nc_hdr.vgroup)=0bv16, old(s1_hdr.overlay.0.swip)=167797761bv32, old(s1_hdr.overlay.0.valid)=true, old(s1_hdr.overlay.1.swip)=167797762bv32, old(s1_hdr.overlay.1.valid)=true, old(s1_hdr.overlay.2.swip)=0bv32, old(s1_hdr.overlay.2.valid)=true, old(s1_hdr.overlay.3.swip)=0bv32, old(s1_hdr.overlay.3.valid)=true, old(s1_hdr.overlay.4.swip)=0bv32, old(s1_hdr.overlay.4.valid)=true, old(s1_hdr.overlay.5.swip)=0bv32, old(s1_hdr.overlay.5.valid)=false, old(s1_hdr.overlay.6.swip)=0bv32, old(s1_hdr.overlay.6.valid)=true, old(s1_hdr.overlay.7.swip)=0bv32, old(s1_hdr.overlay.7.valid)=false, old(s1_hdr.overlay.8.swip)=0bv32, old(s1_hdr.overlay.8.valid)=true, old(s1_hdr.overlay.9.valid)=false, old(s1_hdr.udp.checksum)=0bv16, old(s1_hdr.udp.dstPort)=0bv16, old(s1_hdr.udp.len)=4bv16, old(s1_ipv4_route.hit)=false, old(s1_ipv4_route.set_egress.egress_spec_1)=0bv9, old(s1_maintain_sequence.hit)=false, old(s1_meta.location.index)=0bv16, old(s1_meta.my_md.ipaddress)=0bv32, old(s1_meta.my_md.role)=0bv16, old(s1_meta.reply_to_client_md.ipv4_dstAddr)=0bv32, old(s1_meta.reply_to_client_md.ipv4_srcAddr)=0bv32, old(s1_meta.sequence_md.seq)=0bv16, old(s1_p4b_checksum_error)=false, old(s1_p4b_checksum_updated)=false, old(s1_p4b_checksum_verified)=false, old(s1_p4b_clone_e2e)=false, old(s1_p4b_clone_i2e)=false, old(s1_p4b_clone_i2i)=false, old(s1_p4b_digest)=false, old(s1_p4b_recirculate)=false, old(s1_pop_chain.hit)=false, old(s1_pop_chain_again.hit)=false, old(s1_read_value.hit)=false, old(s1_sequence_reg__last0_old_value)=0bv16, old(s1_sequence_reg__last0_value)=65535bv16, old(s1_sequence_reg__last_index)=0bv32, old(s1_sequence_reg__last_old_value)=0bv16, old(s1_sequence_reg__last_value)=65535bv16, old(s1_sequence_reg__last_write_site)=0, old(s1_sequence_reg__next_write_site)=0, old(s1_sequence_reg__wrote_any)=true, old(s1_sequence_reg__wrote_index0)=true, old(s1_standard_metadata.egress_port)=3bv9, old(s1_standard_metadata.egress_spec)=0bv9, old(s1_value_reg__last0_old_value)=0bv128, old(s1_value_reg__last0_value)=0bv128, old(s1_value_reg__last_index)=0bv32, old(s1_value_reg__last_old_value)=0bv128, old(s1_value_reg__last_value)=0bv128, old(s1_value_reg__last_write_site)=0, old(s1_value_reg__next_write_site)=0, old(s1_value_reg__wrote_any)=false, old(s1_value_reg__wrote_index0)=false, procurator_phase=2, procurator_step=2, s1_assign_value.hit=false, s1_drop=false, s1_drop_packet.hit=false, s1_ethernet_set_mac.ethernet_set_mac_act.dmac=0bv48, s1_ethernet_set_mac.ethernet_set_mac_act.smac=0bv48, s1_ethernet_set_mac.hit=false, s1_failure_recovery.hit=false, s1_find_index.find_index_act.index_1=0bv16, s1_find_index.hit=true, s1_forward=false, s1_gen_reply.gen_reply_act.message_type=0bv8, s1_gen_reply.hit=false, s1_get_my_address.get_my_address_act.sw_ip=167797761bv32, s1_get_my_address.get_my_address_act.sw_role=100bv16, s1_get_my_address.hit=false, s1_get_next_hop.hit=false, s1_get_sequence.hit=false, s1_hdr.ethernet.dstAddr=0bv48, s1_hdr.ethernet.etherType=2048bv16, s1_hdr.ethernet.srcAddr=0bv48, s1_hdr.ethernet.valid=true, s1_hdr.ipv4.diffserv=0bv8, s1_hdr.ipv4.dstAddr=167797761bv32, s1_hdr.ipv4.flags=0bv3, s1_hdr.ipv4.fragOffset=0bv13, s1_hdr.ipv4.hdrChecksum=0bv16, s1_hdr.ipv4.identification=0bv16, s1_hdr.ipv4.ihl=0bv4, s1_hdr.ipv4.protocol=17bv8, s1_hdr.ipv4.srcAddr=1bv32, s1_hdr.ipv4.totalLen=4bv16, s1_hdr.ipv4.ttl=0bv8, s1_hdr.ipv4.valid=true, s1_hdr.ipv4.version=0bv4, s1_hdr.nc_hdr.key=2024bv128, s1_hdr.nc_hdr.op=12bv8, s1_hdr.nc_hdr.sc=1bv8, s1_hdr.nc_hdr.seq=0bv16, s1_hdr.nc_hdr.valid=true, s1_hdr.nc_hdr.value=0bv128, s1_hdr.nc_hdr.vgroup=0bv16, s1_hdr.overlay.0.swip=167797761bv32, s1_hdr.overlay.0.valid=true, s1_hdr.overlay.1.swip=167797762bv32, s1_hdr.overlay.1.valid=true, s1_hdr.overlay.2.swip=0bv32, s1_hdr.overlay.2.valid=true, s1_hdr.overlay.3.swip=0bv32, s1_hdr.overlay.3.valid=true, s1_hdr.overlay.4.swip=0bv32, s1_hdr.overlay.4.valid=true, s1_hdr.overlay.5.swip=0bv32, s1_hdr.overlay.5.valid=false, s1_hdr.overlay.6.swip=0bv32, s1_hdr.overlay.6.valid=true, s1_hdr.overlay.7.swip=0bv32, s1_hdr.overlay.7.valid=false, s1_hdr.overlay.8.swip=0bv32, s1_hdr.overlay.8.valid=true, s1_hdr.overlay.9.swip=0bv32, s1_hdr.overlay.9.valid=false, s1_hdr.overlay.last.swip=0bv32, s1_hdr.overlay.last.valid=false, s1_hdr.tcp.ackNo=0bv32, s1_hdr.tcp.checksum=0bv16, s1_hdr.tcp.ctrl=0bv6, s1_hdr.tcp.dataOffset=0bv4, s1_hdr.tcp.dstPort=0bv16, s1_hdr.tcp.ecn=0bv3, s1_hdr.tcp.res=0bv3, s1_hdr.tcp.seqNo=0bv32, s1_hdr.tcp.srcPort=0bv16, s1_hdr.tcp.urgentPtr=0bv16, s1_hdr.tcp.valid=false, s1_hdr.tcp.window=0bv16, s1_hdr.udp.checksum=0bv16, s1_hdr.udp.dstPort=8888bv16, s1_hdr.udp.len=4bv16, s1_hdr.udp.srcPort=0bv16, s1_hdr.udp.valid=true, s1_inbox_count=0, s1_ipv4_route.hit=false, s1_ipv4_route.set_egress.egress_spec_1=0bv9, s1_maintain_sequence.hit=false, s1_meta.location.index=0bv16, s1_meta.my_md.failed=0bv16, s1_meta.my_md.ipaddress=167797761bv32, s1_meta.my_md.role=100bv16, s1_meta.reply_to_client_md.ipv4_dstAddr=0bv32, s1_meta.reply_to_client_md.ipv4_srcAddr=0bv32, s1_meta.sequence_md.seq=0bv16, s1_meta.sequence_md.tmp=0bv16, s1_p4b_checksum_error=false, s1_p4b_checksum_updated=false, s1_p4b_checksum_verified=false, s1_p4b_clone_e2e=false, s1_p4b_clone_i2e=false, s1_p4b_clone_i2i=false, s1_p4b_digest=false, s1_p4b_recirculate=false, s1_pkt_external=true, s1_pop_chain.hit=false, s1_pop_chain_again.hit=false, s1_read_value.hit=false, s1_sequence_reg__last0_old_value=65535bv16, s1_sequence_reg__last0_value=0bv16, s1_sequence_reg__last_index=0bv32, s1_sequence_reg__last_old_value=65535bv16, s1_sequence_reg__last_value=0bv16, s1_sequence_reg__last_write_site=2, s1_sequence_reg__next_write_site=1, s1_sequence_reg__wrote_any=true, s1_sequence_reg__wrote_index0=true, s1_standard_metadata.checksum_error=0bv1, s1_standard_metadata.deq_qdepth=0bv19, s1_standard_metadata.deq_timedelta=0bv32, s1_standard_metadata.egress_global_timestamp=0bv48, s1_standard_metadata.egress_port=3bv9, s1_standard_metadata.egress_rid=0bv16, s1_standard_metadata.egress_spec=0bv9, s1_standard_metadata.enq_qdepth=0bv19, s1_standard_metadata.enq_timestamp=0bv32, s1_standard_metadata.ingress_global_timestamp=0bv48, s1_standard_metadata.ingress_port=0bv9, s1_standard_metadata.instance_type=0bv32, s1_standard_metadata.mcast_grp=0bv16, s1_standard_metadata.packet_length=0bv32, s1_standard_metadata.parser_error=0bv1, s1_standard_metadata.priority=0bv3, s1_value_reg__last0_old_value=0bv128, s1_value_reg__last0_value=0bv128, s1_value_reg__last_index=0bv32, s1_value_reg__last_old_value=0bv128, s1_value_reg__last_value=0bv128, s1_value_reg__last_write_site=0, s1_value_reg__next_write_site=0, s1_value_reg__wrote_any=false, s1_value_reg__wrote_index0=false, s2_find_index.hit=true, s2_inbox_count=0, s2_meta.location.index=0bv16, s2_meta.my_md.role=101bv16, s2_p4b_clone_e2e=false, s2_p4b_clone_i2e=false, s2_p4b_clone_i2i=false, s2_p4b_recirculate=false, s2_pkt_external=false, s2_sequence_reg__last0_old_value=0bv16, s2_sequence_reg__last0_value=65535bv16, s2_sequence_reg__last_index=0bv32, s2_sequence_reg__last_old_value=0bv16, s2_sequence_reg__last_value=65535bv16, s2_sequence_reg__last_write_site=0, s2_sequence_reg__next_write_site=0, s2_sequence_reg__wrote_any=true, s2_sequence_reg__wrote_index0=true, s2_value_reg__last0_old_value=0bv128, s2_value_reg__last0_value=0bv128, s2_value_reg__last_index=0bv32, s2_value_reg__last_old_value=0bv128, s2_value_reg__last_value=0bv128, s2_value_reg__last_write_site=0, s2_value_reg__next_write_site=0, s2_value_reg__wrote_any=false, s2_value_reg__wrote_index0=false]
[L540]   CALL        call s1_sequence_reg.write(0bv16 ++ s1_meta.location.index, s1_hdr.nc_hdr.seq);
         VAL         [h1_hdr.ethernet.dstAddr=0bv48, h1_hdr.ethernet.etherType=2048bv16, h1_hdr.ethernet.srcAddr=0bv48, h1_hdr.ethernet.valid=true, h1_hdr.ipv4.diffserv=0bv8, h1_hdr.ipv4.dstAddr=167797761bv32, h1_hdr.ipv4.flags=0bv3, h1_hdr.ipv4.fragOffset=0bv13, h1_hdr.ipv4.hdrChecksum=0bv16, h1_hdr.ipv4.identification=0bv16, h1_hdr.ipv4.ihl=0bv4, h1_hdr.ipv4.protocol=17bv8, h1_hdr.ipv4.srcAddr=1bv32, h1_hdr.ipv4.totalLen=4bv16, h1_hdr.ipv4.ttl=0bv8, h1_hdr.ipv4.valid=true, h1_hdr.ipv4.version=0bv4, h1_hdr.nc_hdr.key=2024bv128, h1_hdr.nc_hdr.op=12bv8, h1_hdr.nc_hdr.sc=1bv8, h1_hdr.nc_hdr.seq=1bv16, h1_hdr.nc_hdr.valid=true, h1_hdr.nc_hdr.value=0bv128, h1_hdr.nc_hdr.vgroup=0bv16, h1_hdr.overlay.0.swip=167797761bv32, h1_hdr.overlay.0.valid=true, h1_hdr.overlay.1.swip=167797762bv32, h1_hdr.overlay.1.valid=true, h1_hdr.overlay.2.swip=0bv32, h1_hdr.overlay.2.valid=true, h1_hdr.overlay.3.swip=0bv32, h1_hdr.overlay.3.valid=true, h1_hdr.overlay.4.swip=0bv32, h1_hdr.overlay.4.valid=true, h1_hdr.overlay.5.swip=0bv32, h1_hdr.overlay.5.valid=false, h1_hdr.overlay.6.swip=0bv32, h1_hdr.overlay.6.valid=true, h1_hdr.overlay.7.swip=0bv32, h1_hdr.overlay.7.valid=false, h1_hdr.overlay.8.swip=0bv32, h1_hdr.overlay.8.valid=true, h1_hdr.overlay.9.swip=0bv32, h1_hdr.overlay.9.valid=false, h1_hdr.overlay.last.swip=0bv32, h1_hdr.overlay.last.valid=false, h1_hdr.tcp.ackNo=0bv32, h1_hdr.tcp.checksum=0bv16, h1_hdr.tcp.ctrl=0bv6, h1_hdr.tcp.dataOffset=0bv4, h1_hdr.tcp.dstPort=0bv16, h1_hdr.tcp.ecn=0bv3, h1_hdr.tcp.res=0bv3, h1_hdr.tcp.seqNo=0bv32, h1_hdr.tcp.srcPort=0bv16, h1_hdr.tcp.urgentPtr=0bv16, h1_hdr.tcp.valid=false, h1_hdr.tcp.window=0bv16, h1_hdr.udp.checksum=0bv16, h1_hdr.udp.dstPort=0bv16, h1_hdr.udp.len=4bv16, h1_hdr.udp.srcPort=0bv16, h1_hdr.udp.valid=true, h1_inbox_count=0, h1_meta.location.index=0bv16, h1_meta.my_md.failed=0bv16, h1_meta.my_md.ipaddress=0bv32, h1_meta.my_md.role=0bv16, h1_meta.reply_to_client_md.ipv4_dstAddr=0bv32, h1_meta.reply_to_client_md.ipv4_srcAddr=0bv32, h1_meta.sequence_md.seq=0bv16, h1_meta.sequence_md.tmp=0bv16, h1_pkt_external=false, h1_standard_metadata.checksum_error=0bv1, h1_standard_metadata.deq_qdepth=0bv19, h1_standard_metadata.deq_timedelta=0bv32, h1_standard_metadata.egress_global_timestamp=0bv48, h1_standard_metadata.egress_rid=0bv16, h1_standard_metadata.enq_qdepth=0bv19, h1_standard_metadata.enq_timestamp=0bv32, h1_standard_metadata.ingress_global_timestamp=0bv48, h1_standard_metadata.ingress_port=0bv9, h1_standard_metadata.instance_type=0bv32, h1_standard_metadata.mcast_grp=0bv16, h1_standard_metadata.packet_length=0bv32, h1_standard_metadata.parser_error=0bv1, h1_standard_metadata.priority=0bv3, old(s1_assign_value.hit)=false, old(s1_drop)=false, old(s1_drop_packet.hit)=false, old(s1_ethernet_set_mac.ethernet_set_mac_act.dmac)=0bv48, old(s1_ethernet_set_mac.ethernet_set_mac_act.smac)=0bv48, old(s1_ethernet_set_mac.hit)=false, old(s1_failure_recovery.hit)=false, old(s1_find_index.find_index_act.index_1)=0bv16, old(s1_find_index.hit)=true, old(s1_forward)=false, old(s1_gen_reply.gen_reply_act.message_type)=0bv8, old(s1_gen_reply.hit)=false, old(s1_get_my_address.get_my_address_act.sw_ip)=0bv32, old(s1_get_my_address.get_my_address_act.sw_role)=0bv16, old(s1_get_my_address.hit)=false, old(s1_get_next_hop.hit)=false, old(s1_get_sequence.hit)=false, old(s1_hdr.ethernet.dstAddr)=0bv48, old(s1_hdr.ethernet.srcAddr)=0bv48, old(s1_hdr.ipv4.dstAddr)=167797761bv32, old(s1_hdr.ipv4.hdrChecksum)=0bv16, old(s1_hdr.ipv4.protocol)=17bv8, old(s1_hdr.ipv4.srcAddr)=1bv32, old(s1_hdr.ipv4.totalLen)=4bv16, old(s1_hdr.ipv4.ttl)=0bv8, old(s1_hdr.nc_hdr.key)=2024bv128, old(s1_hdr.nc_hdr.op)=12bv8, old(s1_hdr.nc_hdr.sc)=1bv8, old(s1_hdr.nc_hdr.seq)=1bv16, old(s1_hdr.nc_hdr.value)=0bv128, old(s1_hdr.nc_hdr.vgroup)=0bv16, old(s1_hdr.overlay.0.swip)=167797761bv32, old(s1_hdr.overlay.0.valid)=true, old(s1_hdr.overlay.1.swip)=167797762bv32, old(s1_hdr.overlay.1.valid)=true, old(s1_hdr.overlay.2.swip)=0bv32, old(s1_hdr.overlay.2.valid)=true, old(s1_hdr.overlay.3.swip)=0bv32, old(s1_hdr.overlay.3.valid)=true, old(s1_hdr.overlay.4.swip)=0bv32, old(s1_hdr.overlay.4.valid)=true, old(s1_hdr.overlay.5.swip)=0bv32, old(s1_hdr.overlay.5.valid)=false, old(s1_hdr.overlay.6.swip)=0bv32, old(s1_hdr.overlay.6.valid)=true, old(s1_hdr.overlay.7.swip)=0bv32, old(s1_hdr.overlay.7.valid)=false, old(s1_hdr.overlay.8.swip)=0bv32, old(s1_hdr.overlay.8.valid)=true, old(s1_hdr.overlay.9.valid)=false, old(s1_hdr.udp.checksum)=0bv16, old(s1_hdr.udp.dstPort)=0bv16, old(s1_hdr.udp.len)=4bv16, old(s1_ipv4_route.hit)=false, old(s1_ipv4_route.set_egress.egress_spec_1)=0bv9, old(s1_maintain_sequence.hit)=false, old(s1_meta.location.index)=0bv16, old(s1_meta.my_md.ipaddress)=0bv32, old(s1_meta.my_md.role)=0bv16, old(s1_meta.reply_to_client_md.ipv4_dstAddr)=0bv32, old(s1_meta.reply_to_client_md.ipv4_srcAddr)=0bv32, old(s1_meta.sequence_md.seq)=0bv16, old(s1_p4b_checksum_error)=false, old(s1_p4b_checksum_updated)=false, old(s1_p4b_checksum_verified)=false, old(s1_p4b_clone_e2e)=false, old(s1_p4b_clone_i2e)=false, old(s1_p4b_clone_i2i)=false, old(s1_p4b_digest)=false, old(s1_p4b_recirculate)=false, old(s1_pop_chain.hit)=false, old(s1_pop_chain_again.hit)=false, old(s1_read_value.hit)=false, old(s1_sequence_reg__last0_old_value)=65535bv16, old(s1_sequence_reg__last0_value)=0bv16, old(s1_sequence_reg__last_index)=0bv32, old(s1_sequence_reg__last_old_value)=65535bv16, old(s1_sequence_reg__last_value)=0bv16, old(s1_sequence_reg__last_write_site)=2, old(s1_sequence_reg__next_write_site)=0, old(s1_sequence_reg__wrote_any)=true, old(s1_sequence_reg__wrote_index0)=true, old(s1_standard_metadata.egress_port)=3bv9, old(s1_standard_metadata.egress_spec)=0bv9, old(s1_value_reg__last0_old_value)=0bv128, old(s1_value_reg__last0_value)=0bv128, old(s1_value_reg__last_index)=0bv32, old(s1_value_reg__last_old_value)=0bv128, old(s1_value_reg__last_value)=0bv128, old(s1_value_reg__last_write_site)=0, old(s1_value_reg__next_write_site)=0, old(s1_value_reg__wrote_any)=false, old(s1_value_reg__wrote_index0)=false, procurator_phase=2, procurator_step=2, s1_assign_value.hit=false, s1_drop=false, s1_drop_packet.hit=false, s1_ethernet_set_mac.ethernet_set_mac_act.dmac=0bv48, s1_ethernet_set_mac.ethernet_set_mac_act.smac=0bv48, s1_ethernet_set_mac.hit=false, s1_failure_recovery.hit=false, s1_find_index.find_index_act.index_1=0bv16, s1_find_index.hit=true, s1_forward=false, s1_gen_reply.gen_reply_act.message_type=0bv8, s1_gen_reply.hit=false, s1_get_my_address.get_my_address_act.sw_ip=167797761bv32, s1_get_my_address.get_my_address_act.sw_role=100bv16, s1_get_my_address.hit=false, s1_get_next_hop.hit=false, s1_get_sequence.hit=false, s1_hdr.ethernet.dstAddr=0bv48, s1_hdr.ethernet.etherType=2048bv16, s1_hdr.ethernet.srcAddr=0bv48, s1_hdr.ethernet.valid=true, s1_hdr.ipv4.diffserv=0bv8, s1_hdr.ipv4.dstAddr=167797761bv32, s1_hdr.ipv4.flags=0bv3, s1_hdr.ipv4.fragOffset=0bv13, s1_hdr.ipv4.hdrChecksum=0bv16, s1_hdr.ipv4.identification=0bv16, s1_hdr.ipv4.ihl=0bv4, s1_hdr.ipv4.protocol=17bv8, s1_hdr.ipv4.srcAddr=1bv32, s1_hdr.ipv4.totalLen=4bv16, s1_hdr.ipv4.ttl=0bv8, s1_hdr.ipv4.valid=true, s1_hdr.ipv4.version=0bv4, s1_hdr.nc_hdr.key=2024bv128, s1_hdr.nc_hdr.op=12bv8, s1_hdr.nc_hdr.sc=1bv8, s1_hdr.nc_hdr.seq=0bv16, s1_hdr.nc_hdr.valid=true, s1_hdr.nc_hdr.value=0bv128, s1_hdr.nc_hdr.vgroup=0bv16, s1_hdr.overlay.0.swip=167797761bv32, s1_hdr.overlay.0.valid=true, s1_hdr.overlay.1.swip=167797762bv32, s1_hdr.overlay.1.valid=true, s1_hdr.overlay.2.swip=0bv32, s1_hdr.overlay.2.valid=true, s1_hdr.overlay.3.swip=0bv32, s1_hdr.overlay.3.valid=true, s1_hdr.overlay.4.swip=0bv32, s1_hdr.overlay.4.valid=true, s1_hdr.overlay.5.swip=0bv32, s1_hdr.overlay.5.valid=false, s1_hdr.overlay.6.swip=0bv32, s1_hdr.overlay.6.valid=true, s1_hdr.overlay.7.swip=0bv32, s1_hdr.overlay.7.valid=false, s1_hdr.overlay.8.swip=0bv32, s1_hdr.overlay.8.valid=true, s1_hdr.overlay.9.swip=0bv32, s1_hdr.overlay.9.valid=false, s1_hdr.overlay.last.swip=0bv32, s1_hdr.overlay.last.valid=false, s1_hdr.tcp.ackNo=0bv32, s1_hdr.tcp.checksum=0bv16, s1_hdr.tcp.ctrl=0bv6, s1_hdr.tcp.dataOffset=0bv4, s1_hdr.tcp.dstPort=0bv16, s1_hdr.tcp.ecn=0bv3, s1_hdr.tcp.res=0bv3, s1_hdr.tcp.seqNo=0bv32, s1_hdr.tcp.srcPort=0bv16, s1_hdr.tcp.urgentPtr=0bv16, s1_hdr.tcp.valid=false, s1_hdr.tcp.window=0bv16, s1_hdr.udp.checksum=0bv16, s1_hdr.udp.dstPort=8888bv16, s1_hdr.udp.len=4bv16, s1_hdr.udp.srcPort=0bv16, s1_hdr.udp.valid=true, s1_inbox_count=0, s1_index=0bv32, s1_ipv4_route.hit=false, s1_ipv4_route.set_egress.egress_spec_1=0bv9, s1_maintain_sequence.hit=false, s1_meta.location.index=0bv16, s1_meta.my_md.failed=0bv16, s1_meta.my_md.ipaddress=167797761bv32, s1_meta.my_md.role=100bv16, s1_meta.reply_to_client_md.ipv4_dstAddr=0bv32, s1_meta.reply_to_client_md.ipv4_srcAddr=0bv32, s1_meta.sequence_md.seq=0bv16, s1_meta.sequence_md.tmp=0bv16, s1_p4b_checksum_error=false, s1_p4b_checksum_updated=false, s1_p4b_checksum_verified=false, s1_p4b_clone_e2e=false, s1_p4b_clone_i2e=false, s1_p4b_clone_i2i=false, s1_p4b_digest=false, s1_p4b_recirculate=false, s1_pkt_external=true, s1_pop_chain.hit=false, s1_pop_chain_again.hit=false, s1_read_value.hit=false, s1_sequence_reg__last0_old_value=65535bv16, s1_sequence_reg__last0_value=0bv16, s1_sequence_reg__last_index=0bv32, s1_sequence_reg__last_old_value=65535bv16, s1_sequence_reg__last_value=0bv16, s1_sequence_reg__last_write_site=2, s1_sequence_reg__next_write_site=1, s1_sequence_reg__wrote_any=true, s1_sequence_reg__wrote_index0=true, s1_standard_metadata.checksum_error=0bv1, s1_standard_metadata.deq_qdepth=0bv19, s1_standard_metadata.deq_timedelta=0bv32, s1_standard_metadata.egress_global_timestamp=0bv48, s1_standard_metadata.egress_port=3bv9, s1_standard_metadata.egress_rid=0bv16, s1_standard_metadata.egress_spec=0bv9, s1_standard_metadata.enq_qdepth=0bv19, s1_standard_metadata.enq_timestamp=0bv32, s1_standard_metadata.ingress_global_timestamp=0bv48, s1_standard_metadata.ingress_port=0bv9, s1_standard_metadata.instance_type=0bv32, s1_standard_metadata.mcast_grp=0bv16, s1_standard_metadata.packet_length=0bv32, s1_standard_metadata.parser_error=0bv1, s1_standard_metadata.priority=0bv3, s1_value=0bv16, s1_value_reg__last0_old_value=0bv128, s1_value_reg__last0_value=0bv128, s1_value_reg__last_index=0bv32, s1_value_reg__last_old_value=0bv128, s1_value_reg__last_value=0bv128, s1_value_reg__last_write_site=0, s1_value_reg__next_write_site=0, s1_value_reg__wrote_any=false, s1_value_reg__wrote_index0=false, s2_find_index.hit=true, s2_inbox_count=0, s2_meta.location.index=0bv16, s2_meta.my_md.role=101bv16, s2_p4b_clone_e2e=false, s2_p4b_clone_i2e=false, s2_p4b_clone_i2i=false, s2_p4b_recirculate=false, s2_pkt_external=false, s2_sequence_reg__last0_old_value=0bv16, s2_sequence_reg__last0_value=65535bv16, s2_sequence_reg__last_index=0bv32, s2_sequence_reg__last_old_value=0bv16, s2_sequence_reg__last_value=65535bv16, s2_sequence_reg__last_write_site=0, s2_sequence_reg__next_write_site=0, s2_sequence_reg__wrote_any=true, s2_sequence_reg__wrote_index0=true, s2_value_reg__last0_old_value=0bv128, s2_value_reg__last0_value=0bv128, s2_value_reg__last_index=0bv32, s2_value_reg__last_old_value=0bv128, s2_value_reg__last_value=0bv128, s2_value_reg__last_write_site=0, s2_value_reg__next_write_site=0, s2_value_reg__wrote_any=false, s2_value_reg__wrote_index0=false]
[L1111]              s1_sequence_reg__last_old_value := s1_sequence_reg[s1_index];
[L1112]              s1_sequence_reg[s1_index] := s1_value;
[L1113]              s1_sequence_reg__last_index := s1_index;
[L1114]              s1_sequence_reg__last_value := s1_value;
[L1115]              s1_sequence_reg__last_write_site := s1_sequence_reg__next_write_site;
[L1116]              s1_sequence_reg__wrote_any := true;
         VAL         [h1_hdr.ethernet.dstAddr=0bv48, h1_hdr.ethernet.etherType=2048bv16, h1_hdr.ethernet.srcAddr=0bv48, h1_hdr.ethernet.valid=true, h1_hdr.ipv4.diffserv=0bv8, h1_hdr.ipv4.dstAddr=167797761bv32, h1_hdr.ipv4.flags=0bv3, h1_hdr.ipv4.fragOffset=0bv13, h1_hdr.ipv4.hdrChecksum=0bv16, h1_hdr.ipv4.identification=0bv16, h1_hdr.ipv4.ihl=0bv4, h1_hdr.ipv4.protocol=17bv8, h1_hdr.ipv4.srcAddr=1bv32, h1_hdr.ipv4.totalLen=4bv16, h1_hdr.ipv4.ttl=0bv8, h1_hdr.ipv4.valid=true, h1_hdr.ipv4.version=0bv4, h1_hdr.nc_hdr.key=2024bv128, h1_hdr.nc_hdr.op=12bv8, h1_hdr.nc_hdr.sc=1bv8, h1_hdr.nc_hdr.seq=1bv16, h1_hdr.nc_hdr.valid=true, h1_hdr.nc_hdr.value=0bv128, h1_hdr.nc_hdr.vgroup=0bv16, h1_hdr.overlay.0.swip=167797761bv32, h1_hdr.overlay.0.valid=true, h1_hdr.overlay.1.swip=167797762bv32, h1_hdr.overlay.1.valid=true, h1_hdr.overlay.2.swip=0bv32, h1_hdr.overlay.2.valid=true, h1_hdr.overlay.3.swip=0bv32, h1_hdr.overlay.3.valid=true, h1_hdr.overlay.4.swip=0bv32, h1_hdr.overlay.4.valid=true, h1_hdr.overlay.5.swip=0bv32, h1_hdr.overlay.5.valid=false, h1_hdr.overlay.6.swip=0bv32, h1_hdr.overlay.6.valid=true, h1_hdr.overlay.7.swip=0bv32, h1_hdr.overlay.7.valid=false, h1_hdr.overlay.8.swip=0bv32, h1_hdr.overlay.8.valid=true, h1_hdr.overlay.9.swip=0bv32, h1_hdr.overlay.9.valid=false, h1_hdr.overlay.last.swip=0bv32, h1_hdr.overlay.last.valid=false, h1_hdr.tcp.ackNo=0bv32, h1_hdr.tcp.checksum=0bv16, h1_hdr.tcp.ctrl=0bv6, h1_hdr.tcp.dataOffset=0bv4, h1_hdr.tcp.dstPort=0bv16, h1_hdr.tcp.ecn=0bv3, h1_hdr.tcp.res=0bv3, h1_hdr.tcp.seqNo=0bv32, h1_hdr.tcp.srcPort=0bv16, h1_hdr.tcp.urgentPtr=0bv16, h1_hdr.tcp.valid=false, h1_hdr.tcp.window=0bv16, h1_hdr.udp.checksum=0bv16, h1_hdr.udp.dstPort=0bv16, h1_hdr.udp.len=4bv16, h1_hdr.udp.srcPort=0bv16, h1_hdr.udp.valid=true, h1_inbox_count=0, h1_meta.location.index=0bv16, h1_meta.my_md.failed=0bv16, h1_meta.my_md.ipaddress=0bv32, h1_meta.my_md.role=0bv16, h1_meta.reply_to_client_md.ipv4_dstAddr=0bv32, h1_meta.reply_to_client_md.ipv4_srcAddr=0bv32, h1_meta.sequence_md.seq=0bv16, h1_meta.sequence_md.tmp=0bv16, h1_pkt_external=false, h1_standard_metadata.checksum_error=0bv1, h1_standard_metadata.deq_qdepth=0bv19, h1_standard_metadata.deq_timedelta=0bv32, h1_standard_metadata.egress_global_timestamp=0bv48, h1_standard_metadata.egress_rid=0bv16, h1_standard_metadata.enq_qdepth=0bv19, h1_standard_metadata.enq_timestamp=0bv32, h1_standard_metadata.ingress_global_timestamp=0bv48, h1_standard_metadata.ingress_port=0bv9, h1_standard_metadata.instance_type=0bv32, h1_standard_metadata.mcast_grp=0bv16, h1_standard_metadata.packet_length=0bv32, h1_standard_metadata.parser_error=0bv1, h1_standard_metadata.priority=0bv3, old(s1_assign_value.hit)=false, old(s1_drop)=false, old(s1_drop_packet.hit)=false, old(s1_ethernet_set_mac.ethernet_set_mac_act.dmac)=0bv48, old(s1_ethernet_set_mac.ethernet_set_mac_act.smac)=0bv48, old(s1_ethernet_set_mac.hit)=false, old(s1_failure_recovery.hit)=false, old(s1_find_index.find_index_act.index_1)=0bv16, old(s1_find_index.hit)=true, old(s1_forward)=false, old(s1_gen_reply.gen_reply_act.message_type)=0bv8, old(s1_gen_reply.hit)=false, old(s1_get_my_address.get_my_address_act.sw_ip)=0bv32, old(s1_get_my_address.get_my_address_act.sw_role)=0bv16, old(s1_get_my_address.hit)=false, old(s1_get_next_hop.hit)=false, old(s1_get_sequence.hit)=false, old(s1_hdr.ethernet.dstAddr)=0bv48, old(s1_hdr.ethernet.srcAddr)=0bv48, old(s1_hdr.ipv4.dstAddr)=167797761bv32, old(s1_hdr.ipv4.hdrChecksum)=0bv16, old(s1_hdr.ipv4.protocol)=17bv8, old(s1_hdr.ipv4.srcAddr)=1bv32, old(s1_hdr.ipv4.totalLen)=4bv16, old(s1_hdr.ipv4.ttl)=0bv8, old(s1_hdr.nc_hdr.key)=2024bv128, old(s1_hdr.nc_hdr.op)=12bv8, old(s1_hdr.nc_hdr.sc)=1bv8, old(s1_hdr.nc_hdr.seq)=1bv16, old(s1_hdr.nc_hdr.value)=0bv128, old(s1_hdr.nc_hdr.vgroup)=0bv16, old(s1_hdr.overlay.0.swip)=167797761bv32, old(s1_hdr.overlay.0.valid)=true, old(s1_hdr.overlay.1.swip)=167797762bv32, old(s1_hdr.overlay.1.valid)=true, old(s1_hdr.overlay.2.swip)=0bv32, old(s1_hdr.overlay.2.valid)=true, old(s1_hdr.overlay.3.swip)=0bv32, old(s1_hdr.overlay.3.valid)=true, old(s1_hdr.overlay.4.swip)=0bv32, old(s1_hdr.overlay.4.valid)=true, old(s1_hdr.overlay.5.swip)=0bv32, old(s1_hdr.overlay.5.valid)=false, old(s1_hdr.overlay.6.swip)=0bv32, old(s1_hdr.overlay.6.valid)=true, old(s1_hdr.overlay.7.swip)=0bv32, old(s1_hdr.overlay.7.valid)=false, old(s1_hdr.overlay.8.swip)=0bv32, old(s1_hdr.overlay.8.valid)=true, old(s1_hdr.overlay.9.valid)=false, old(s1_hdr.udp.checksum)=0bv16, old(s1_hdr.udp.dstPort)=0bv16, old(s1_hdr.udp.len)=4bv16, old(s1_ipv4_route.hit)=false, old(s1_ipv4_route.set_egress.egress_spec_1)=0bv9, old(s1_maintain_sequence.hit)=false, old(s1_meta.location.index)=0bv16, old(s1_meta.my_md.ipaddress)=0bv32, old(s1_meta.my_md.role)=0bv16, old(s1_meta.reply_to_client_md.ipv4_dstAddr)=0bv32, old(s1_meta.reply_to_client_md.ipv4_srcAddr)=0bv32, old(s1_meta.sequence_md.seq)=0bv16, old(s1_p4b_checksum_error)=false, old(s1_p4b_checksum_updated)=false, old(s1_p4b_checksum_verified)=false, old(s1_p4b_clone_e2e)=false, old(s1_p4b_clone_i2e)=false, old(s1_p4b_clone_i2i)=false, old(s1_p4b_digest)=false, old(s1_p4b_recirculate)=false, old(s1_pop_chain.hit)=false, old(s1_pop_chain_again.hit)=false, old(s1_read_value.hit)=false, old(s1_sequence_reg__last0_old_value)=65535bv16, old(s1_sequence_reg__last0_value)=0bv16, old(s1_sequence_reg__last_index)=0bv32, old(s1_sequence_reg__last_old_value)=65535bv16, old(s1_sequence_reg__last_value)=0bv16, old(s1_sequence_reg__last_write_site)=2, old(s1_sequence_reg__next_write_site)=0, old(s1_sequence_reg__wrote_any)=true, old(s1_sequence_reg__wrote_index0)=true, old(s1_standard_metadata.egress_port)=3bv9, old(s1_standard_metadata.egress_spec)=0bv9, old(s1_value_reg__last0_old_value)=0bv128, old(s1_value_reg__last0_value)=0bv128, old(s1_value_reg__last_index)=0bv32, old(s1_value_reg__last_old_value)=0bv128, old(s1_value_reg__last_value)=0bv128, old(s1_value_reg__last_write_site)=0, old(s1_value_reg__next_write_site)=0, old(s1_value_reg__wrote_any)=false, old(s1_value_reg__wrote_index0)=false, procurator_phase=2, procurator_step=2, s1_assign_value.hit=false, s1_drop=false, s1_drop_packet.hit=false, s1_ethernet_set_mac.ethernet_set_mac_act.dmac=0bv48, s1_ethernet_set_mac.ethernet_set_mac_act.smac=0bv48, s1_ethernet_set_mac.hit=false, s1_failure_recovery.hit=false, s1_find_index.find_index_act.index_1=0bv16, s1_find_index.hit=true, s1_forward=false, s1_gen_reply.gen_reply_act.message_type=0bv8, s1_gen_reply.hit=false, s1_get_my_address.get_my_address_act.sw_ip=167797761bv32, s1_get_my_address.get_my_address_act.sw_role=100bv16, s1_get_my_address.hit=false, s1_get_next_hop.hit=false, s1_get_sequence.hit=false, s1_hdr.ethernet.dstAddr=0bv48, s1_hdr.ethernet.etherType=2048bv16, s1_hdr.ethernet.srcAddr=0bv48, s1_hdr.ethernet.valid=true, s1_hdr.ipv4.diffserv=0bv8, s1_hdr.ipv4.dstAddr=167797761bv32, s1_hdr.ipv4.flags=0bv3, s1_hdr.ipv4.fragOffset=0bv13, s1_hdr.ipv4.hdrChecksum=0bv16, s1_hdr.ipv4.identification=0bv16, s1_hdr.ipv4.ihl=0bv4, s1_hdr.ipv4.protocol=17bv8, s1_hdr.ipv4.srcAddr=1bv32, s1_hdr.ipv4.totalLen=4bv16, s1_hdr.ipv4.ttl=0bv8, s1_hdr.ipv4.valid=true, s1_hdr.ipv4.version=0bv4, s1_hdr.nc_hdr.key=2024bv128, s1_hdr.nc_hdr.op=12bv8, s1_hdr.nc_hdr.sc=1bv8, s1_hdr.nc_hdr.seq=0bv16, s1_hdr.nc_hdr.valid=true, s1_hdr.nc_hdr.value=0bv128, s1_hdr.nc_hdr.vgroup=0bv16, s1_hdr.overlay.0.swip=167797761bv32, s1_hdr.overlay.0.valid=true, s1_hdr.overlay.1.swip=167797762bv32, s1_hdr.overlay.1.valid=true, s1_hdr.overlay.2.swip=0bv32, s1_hdr.overlay.2.valid=true, s1_hdr.overlay.3.swip=0bv32, s1_hdr.overlay.3.valid=true, s1_hdr.overlay.4.swip=0bv32, s1_hdr.overlay.4.valid=true, s1_hdr.overlay.5.swip=0bv32, s1_hdr.overlay.5.valid=false, s1_hdr.overlay.6.swip=0bv32, s1_hdr.overlay.6.valid=true, s1_hdr.overlay.7.swip=0bv32, s1_hdr.overlay.7.valid=false, s1_hdr.overlay.8.swip=0bv32, s1_hdr.overlay.8.valid=true, s1_hdr.overlay.9.swip=0bv32, s1_hdr.overlay.9.valid=false, s1_hdr.overlay.last.swip=0bv32, s1_hdr.overlay.last.valid=false, s1_hdr.tcp.ackNo=0bv32, s1_hdr.tcp.checksum=0bv16, s1_hdr.tcp.ctrl=0bv6, s1_hdr.tcp.dataOffset=0bv4, s1_hdr.tcp.dstPort=0bv16, s1_hdr.tcp.ecn=0bv3, s1_hdr.tcp.res=0bv3, s1_hdr.tcp.seqNo=0bv32, s1_hdr.tcp.srcPort=0bv16, s1_hdr.tcp.urgentPtr=0bv16, s1_hdr.tcp.valid=false, s1_hdr.tcp.window=0bv16, s1_hdr.udp.checksum=0bv16, s1_hdr.udp.dstPort=8888bv16, s1_hdr.udp.len=4bv16, s1_hdr.udp.srcPort=0bv16, s1_hdr.udp.valid=true, s1_inbox_count=0, s1_index=0bv32, s1_ipv4_route.hit=false, s1_ipv4_route.set_egress.egress_spec_1=0bv9, s1_maintain_sequence.hit=false, s1_meta.location.index=0bv16, s1_meta.my_md.failed=0bv16, s1_meta.my_md.ipaddress=167797761bv32, s1_meta.my_md.role=100bv16, s1_meta.reply_to_client_md.ipv4_dstAddr=0bv32, s1_meta.reply_to_client_md.ipv4_srcAddr=0bv32, s1_meta.sequence_md.seq=0bv16, s1_meta.sequence_md.tmp=0bv16, s1_p4b_checksum_error=false, s1_p4b_checksum_updated=false, s1_p4b_checksum_verified=false, s1_p4b_clone_e2e=false, s1_p4b_clone_i2e=false, s1_p4b_clone_i2i=false, s1_p4b_digest=false, s1_p4b_recirculate=false, s1_pkt_external=true, s1_pop_chain.hit=false, s1_pop_chain_again.hit=false, s1_read_value.hit=false, s1_sequence_reg__last0_old_value=65535bv16, s1_sequence_reg__last0_value=0bv16, s1_sequence_reg__last_index=0bv32, s1_sequence_reg__last_old_value=0bv16, s1_sequence_reg__last_value=0bv16, s1_sequence_reg__last_write_site=1, s1_sequence_reg__next_write_site=1, s1_sequence_reg__wrote_any=true, s1_sequence_reg__wrote_index0=true, s1_standard_metadata.checksum_error=0bv1, s1_standard_metadata.deq_qdepth=0bv19, s1_standard_metadata.deq_timedelta=0bv32, s1_standard_metadata.egress_global_timestamp=0bv48, s1_standard_metadata.egress_port=3bv9, s1_standard_metadata.egress_rid=0bv16, s1_standard_metadata.egress_spec=0bv9, s1_standard_metadata.enq_qdepth=0bv19, s1_standard_metadata.enq_timestamp=0bv32, s1_standard_metadata.ingress_global_timestamp=0bv48, s1_standard_metadata.ingress_port=0bv9, s1_standard_metadata.instance_type=0bv32, s1_standard_metadata.mcast_grp=0bv16, s1_standard_metadata.packet_length=0bv32, s1_standard_metadata.parser_error=0bv1, s1_standard_metadata.priority=0bv3, s1_value=0bv16, s1_value_reg__last0_old_value=0bv128, s1_value_reg__last0_value=0bv128, s1_value_reg__last_index=0bv32, s1_value_reg__last_old_value=0bv128, s1_value_reg__last_value=0bv128, s1_value_reg__last_write_site=0, s1_value_reg__next_write_site=0, s1_value_reg__wrote_any=false, s1_value_reg__wrote_index0=false, s2_find_index.hit=true, s2_inbox_count=0, s2_meta.location.index=0bv16, s2_meta.my_md.role=101bv16, s2_p4b_clone_e2e=false, s2_p4b_clone_i2e=false, s2_p4b_clone_i2i=false, s2_p4b_recirculate=false, s2_pkt_external=false, s2_sequence_reg__last0_old_value=0bv16, s2_sequence_reg__last0_value=65535bv16, s2_sequence_reg__last_index=0bv32, s2_sequence_reg__last_old_value=0bv16, s2_sequence_reg__last_value=65535bv16, s2_sequence_reg__last_write_site=0, s2_sequence_reg__next_write_site=0, s2_sequence_reg__wrote_any=true, s2_sequence_reg__wrote_index0=true, s2_value_reg__last0_old_value=0bv128, s2_value_reg__last0_value=0bv128, s2_value_reg__last_index=0bv32, s2_value_reg__last_old_value=0bv128, s2_value_reg__last_value=0bv128, s2_value_reg__last_write_site=0, s2_value_reg__next_write_site=0, s2_value_reg__wrote_any=false, s2_value_reg__wrote_index0=false]
[L1117]  COND TRUE   s1_index == 0bv32
[L1118]              s1_sequence_reg__wrote_index0 := true;
[L1119]              s1_sequence_reg__last0_old_value := s1_sequence_reg__last_old_value;
[L1120]              s1_sequence_reg__last0_value := s1_value;
         VAL         [h1_hdr.ethernet.dstAddr=0bv48, h1_hdr.ethernet.etherType=2048bv16, h1_hdr.ethernet.srcAddr=0bv48, h1_hdr.ethernet.valid=true, h1_hdr.ipv4.diffserv=0bv8, h1_hdr.ipv4.dstAddr=167797761bv32, h1_hdr.ipv4.flags=0bv3, h1_hdr.ipv4.fragOffset=0bv13, h1_hdr.ipv4.hdrChecksum=0bv16, h1_hdr.ipv4.identification=0bv16, h1_hdr.ipv4.ihl=0bv4, h1_hdr.ipv4.protocol=17bv8, h1_hdr.ipv4.srcAddr=1bv32, h1_hdr.ipv4.totalLen=4bv16, h1_hdr.ipv4.ttl=0bv8, h1_hdr.ipv4.valid=true, h1_hdr.ipv4.version=0bv4, h1_hdr.nc_hdr.key=2024bv128, h1_hdr.nc_hdr.op=12bv8, h1_hdr.nc_hdr.sc=1bv8, h1_hdr.nc_hdr.seq=1bv16, h1_hdr.nc_hdr.valid=true, h1_hdr.nc_hdr.value=0bv128, h1_hdr.nc_hdr.vgroup=0bv16, h1_hdr.overlay.0.swip=167797761bv32, h1_hdr.overlay.0.valid=true, h1_hdr.overlay.1.swip=167797762bv32, h1_hdr.overlay.1.valid=true, h1_hdr.overlay.2.swip=0bv32, h1_hdr.overlay.2.valid=true, h1_hdr.overlay.3.swip=0bv32, h1_hdr.overlay.3.valid=true, h1_hdr.overlay.4.swip=0bv32, h1_hdr.overlay.4.valid=true, h1_hdr.overlay.5.swip=0bv32, h1_hdr.overlay.5.valid=false, h1_hdr.overlay.6.swip=0bv32, h1_hdr.overlay.6.valid=true, h1_hdr.overlay.7.swip=0bv32, h1_hdr.overlay.7.valid=false, h1_hdr.overlay.8.swip=0bv32, h1_hdr.overlay.8.valid=true, h1_hdr.overlay.9.swip=0bv32, h1_hdr.overlay.9.valid=false, h1_hdr.overlay.last.swip=0bv32, h1_hdr.overlay.last.valid=false, h1_hdr.tcp.ackNo=0bv32, h1_hdr.tcp.checksum=0bv16, h1_hdr.tcp.ctrl=0bv6, h1_hdr.tcp.dataOffset=0bv4, h1_hdr.tcp.dstPort=0bv16, h1_hdr.tcp.ecn=0bv3, h1_hdr.tcp.res=0bv3, h1_hdr.tcp.seqNo=0bv32, h1_hdr.tcp.srcPort=0bv16, h1_hdr.tcp.urgentPtr=0bv16, h1_hdr.tcp.valid=false, h1_hdr.tcp.window=0bv16, h1_hdr.udp.checksum=0bv16, h1_hdr.udp.dstPort=0bv16, h1_hdr.udp.len=4bv16, h1_hdr.udp.srcPort=0bv16, h1_hdr.udp.valid=true, h1_inbox_count=0, h1_meta.location.index=0bv16, h1_meta.my_md.failed=0bv16, h1_meta.my_md.ipaddress=0bv32, h1_meta.my_md.role=0bv16, h1_meta.reply_to_client_md.ipv4_dstAddr=0bv32, h1_meta.reply_to_client_md.ipv4_srcAddr=0bv32, h1_meta.sequence_md.seq=0bv16, h1_meta.sequence_md.tmp=0bv16, h1_pkt_external=false, h1_standard_metadata.checksum_error=0bv1, h1_standard_metadata.deq_qdepth=0bv19, h1_standard_metadata.deq_timedelta=0bv32, h1_standard_metadata.egress_global_timestamp=0bv48, h1_standard_metadata.egress_rid=0bv16, h1_standard_metadata.enq_qdepth=0bv19, h1_standard_metadata.enq_timestamp=0bv32, h1_standard_metadata.ingress_global_timestamp=0bv48, h1_standard_metadata.ingress_port=0bv9, h1_standard_metadata.instance_type=0bv32, h1_standard_metadata.mcast_grp=0bv16, h1_standard_metadata.packet_length=0bv32, h1_standard_metadata.parser_error=0bv1, h1_standard_metadata.priority=0bv3, old(s1_assign_value.hit)=false, old(s1_drop)=false, old(s1_drop_packet.hit)=false, old(s1_ethernet_set_mac.ethernet_set_mac_act.dmac)=0bv48, old(s1_ethernet_set_mac.ethernet_set_mac_act.smac)=0bv48, old(s1_ethernet_set_mac.hit)=false, old(s1_failure_recovery.hit)=false, old(s1_find_index.find_index_act.index_1)=0bv16, old(s1_find_index.hit)=true, old(s1_forward)=false, old(s1_gen_reply.gen_reply_act.message_type)=0bv8, old(s1_gen_reply.hit)=false, old(s1_get_my_address.get_my_address_act.sw_ip)=0bv32, old(s1_get_my_address.get_my_address_act.sw_role)=0bv16, old(s1_get_my_address.hit)=false, old(s1_get_next_hop.hit)=false, old(s1_get_sequence.hit)=false, old(s1_hdr.ethernet.dstAddr)=0bv48, old(s1_hdr.ethernet.srcAddr)=0bv48, old(s1_hdr.ipv4.dstAddr)=167797761bv32, old(s1_hdr.ipv4.hdrChecksum)=0bv16, old(s1_hdr.ipv4.protocol)=17bv8, old(s1_hdr.ipv4.srcAddr)=1bv32, old(s1_hdr.ipv4.totalLen)=4bv16, old(s1_hdr.ipv4.ttl)=0bv8, old(s1_hdr.nc_hdr.key)=2024bv128, old(s1_hdr.nc_hdr.op)=12bv8, old(s1_hdr.nc_hdr.sc)=1bv8, old(s1_hdr.nc_hdr.seq)=1bv16, old(s1_hdr.nc_hdr.value)=0bv128, old(s1_hdr.nc_hdr.vgroup)=0bv16, old(s1_hdr.overlay.0.swip)=167797761bv32, old(s1_hdr.overlay.0.valid)=true, old(s1_hdr.overlay.1.swip)=167797762bv32, old(s1_hdr.overlay.1.valid)=true, old(s1_hdr.overlay.2.swip)=0bv32, old(s1_hdr.overlay.2.valid)=true, old(s1_hdr.overlay.3.swip)=0bv32, old(s1_hdr.overlay.3.valid)=true, old(s1_hdr.overlay.4.swip)=0bv32, old(s1_hdr.overlay.4.valid)=true, old(s1_hdr.overlay.5.swip)=0bv32, old(s1_hdr.overlay.5.valid)=false, old(s1_hdr.overlay.6.swip)=0bv32, old(s1_hdr.overlay.6.valid)=true, old(s1_hdr.overlay.7.swip)=0bv32, old(s1_hdr.overlay.7.valid)=false, old(s1_hdr.overlay.8.swip)=0bv32, old(s1_hdr.overlay.8.valid)=true, old(s1_hdr.overlay.9.valid)=false, old(s1_hdr.udp.checksum)=0bv16, old(s1_hdr.udp.dstPort)=0bv16, old(s1_hdr.udp.len)=4bv16, old(s1_ipv4_route.hit)=false, old(s1_ipv4_route.set_egress.egress_spec_1)=0bv9, old(s1_maintain_sequence.hit)=false, old(s1_meta.location.index)=0bv16, old(s1_meta.my_md.ipaddress)=0bv32, old(s1_meta.my_md.role)=0bv16, old(s1_meta.reply_to_client_md.ipv4_dstAddr)=0bv32, old(s1_meta.reply_to_client_md.ipv4_srcAddr)=0bv32, old(s1_meta.sequence_md.seq)=0bv16, old(s1_p4b_checksum_error)=false, old(s1_p4b_checksum_updated)=false, old(s1_p4b_checksum_verified)=false, old(s1_p4b_clone_e2e)=false, old(s1_p4b_clone_i2e)=false, old(s1_p4b_clone_i2i)=false, old(s1_p4b_digest)=false, old(s1_p4b_recirculate)=false, old(s1_pop_chain.hit)=false, old(s1_pop_chain_again.hit)=false, old(s1_read_value.hit)=false, old(s1_sequence_reg__last0_old_value)=65535bv16, old(s1_sequence_reg__last0_value)=0bv16, old(s1_sequence_reg__last_index)=0bv32, old(s1_sequence_reg__last_old_value)=65535bv16, old(s1_sequence_reg__last_value)=0bv16, old(s1_sequence_reg__last_write_site)=2, old(s1_sequence_reg__next_write_site)=0, old(s1_sequence_reg__wrote_any)=true, old(s1_sequence_reg__wrote_index0)=true, old(s1_standard_metadata.egress_port)=3bv9, old(s1_standard_metadata.egress_spec)=0bv9, old(s1_value_reg__last0_old_value)=0bv128, old(s1_value_reg__last0_value)=0bv128, old(s1_value_reg__last_index)=0bv32, old(s1_value_reg__last_old_value)=0bv128, old(s1_value_reg__last_value)=0bv128, old(s1_value_reg__last_write_site)=0, old(s1_value_reg__next_write_site)=0, old(s1_value_reg__wrote_any)=false, old(s1_value_reg__wrote_index0)=false, procurator_phase=2, procurator_step=2, s1_assign_value.hit=false, s1_drop=false, s1_drop_packet.hit=false, s1_ethernet_set_mac.ethernet_set_mac_act.dmac=0bv48, s1_ethernet_set_mac.ethernet_set_mac_act.smac=0bv48, s1_ethernet_set_mac.hit=false, s1_failure_recovery.hit=false, s1_find_index.find_index_act.index_1=0bv16, s1_find_index.hit=true, s1_forward=false, s1_gen_reply.gen_reply_act.message_type=0bv8, s1_gen_reply.hit=false, s1_get_my_address.get_my_address_act.sw_ip=167797761bv32, s1_get_my_address.get_my_address_act.sw_role=100bv16, s1_get_my_address.hit=false, s1_get_next_hop.hit=false, s1_get_sequence.hit=false, s1_hdr.ethernet.dstAddr=0bv48, s1_hdr.ethernet.etherType=2048bv16, s1_hdr.ethernet.srcAddr=0bv48, s1_hdr.ethernet.valid=true, s1_hdr.ipv4.diffserv=0bv8, s1_hdr.ipv4.dstAddr=167797761bv32, s1_hdr.ipv4.flags=0bv3, s1_hdr.ipv4.fragOffset=0bv13, s1_hdr.ipv4.hdrChecksum=0bv16, s1_hdr.ipv4.identification=0bv16, s1_hdr.ipv4.ihl=0bv4, s1_hdr.ipv4.protocol=17bv8, s1_hdr.ipv4.srcAddr=1bv32, s1_hdr.ipv4.totalLen=4bv16, s1_hdr.ipv4.ttl=0bv8, s1_hdr.ipv4.valid=true, s1_hdr.ipv4.version=0bv4, s1_hdr.nc_hdr.key=2024bv128, s1_hdr.nc_hdr.op=12bv8, s1_hdr.nc_hdr.sc=1bv8, s1_hdr.nc_hdr.seq=0bv16, s1_hdr.nc_hdr.valid=true, s1_hdr.nc_hdr.value=0bv128, s1_hdr.nc_hdr.vgroup=0bv16, s1_hdr.overlay.0.swip=167797761bv32, s1_hdr.overlay.0.valid=true, s1_hdr.overlay.1.swip=167797762bv32, s1_hdr.overlay.1.valid=true, s1_hdr.overlay.2.swip=0bv32, s1_hdr.overlay.2.valid=true, s1_hdr.overlay.3.swip=0bv32, s1_hdr.overlay.3.valid=true, s1_hdr.overlay.4.swip=0bv32, s1_hdr.overlay.4.valid=true, s1_hdr.overlay.5.swip=0bv32, s1_hdr.overlay.5.valid=false, s1_hdr.overlay.6.swip=0bv32, s1_hdr.overlay.6.valid=true, s1_hdr.overlay.7.swip=0bv32, s1_hdr.overlay.7.valid=false, s1_hdr.overlay.8.swip=0bv32, s1_hdr.overlay.8.valid=true, s1_hdr.overlay.9.swip=0bv32, s1_hdr.overlay.9.valid=false, s1_hdr.overlay.last.swip=0bv32, s1_hdr.overlay.last.valid=false, s1_hdr.tcp.ackNo=0bv32, s1_hdr.tcp.checksum=0bv16, s1_hdr.tcp.ctrl=0bv6, s1_hdr.tcp.dataOffset=0bv4, s1_hdr.tcp.dstPort=0bv16, s1_hdr.tcp.ecn=0bv3, s1_hdr.tcp.res=0bv3, s1_hdr.tcp.seqNo=0bv32, s1_hdr.tcp.srcPort=0bv16, s1_hdr.tcp.urgentPtr=0bv16, s1_hdr.tcp.valid=false, s1_hdr.tcp.window=0bv16, s1_hdr.udp.checksum=0bv16, s1_hdr.udp.dstPort=8888bv16, s1_hdr.udp.len=4bv16, s1_hdr.udp.srcPort=0bv16, s1_hdr.udp.valid=true, s1_inbox_count=0, s1_index=0bv32, s1_ipv4_route.hit=false, s1_ipv4_route.set_egress.egress_spec_1=0bv9, s1_maintain_sequence.hit=false, s1_meta.location.index=0bv16, s1_meta.my_md.failed=0bv16, s1_meta.my_md.ipaddress=167797761bv32, s1_meta.my_md.role=100bv16, s1_meta.reply_to_client_md.ipv4_dstAddr=0bv32, s1_meta.reply_to_client_md.ipv4_srcAddr=0bv32, s1_meta.sequence_md.seq=0bv16, s1_meta.sequence_md.tmp=0bv16, s1_p4b_checksum_error=false, s1_p4b_checksum_updated=false, s1_p4b_checksum_verified=false, s1_p4b_clone_e2e=false, s1_p4b_clone_i2e=false, s1_p4b_clone_i2i=false, s1_p4b_digest=false, s1_p4b_recirculate=false, s1_pkt_external=true, s1_pop_chain.hit=false, s1_pop_chain_again.hit=false, s1_read_value.hit=false, s1_sequence_reg__last0_old_value=0bv16, s1_sequence_reg__last0_value=0bv16, s1_sequence_reg__last_index=0bv32, s1_sequence_reg__last_old_value=0bv16, s1_sequence_reg__last_value=0bv16, s1_sequence_reg__last_write_site=1, s1_sequence_reg__next_write_site=1, s1_sequence_reg__wrote_any=true, s1_sequence_reg__wrote_index0=true, s1_standard_metadata.checksum_error=0bv1, s1_standard_metadata.deq_qdepth=0bv19, s1_standard_metadata.deq_timedelta=0bv32, s1_standard_metadata.egress_global_timestamp=0bv48, s1_standard_metadata.egress_port=3bv9, s1_standard_metadata.egress_rid=0bv16, s1_standard_metadata.egress_spec=0bv9, s1_standard_metadata.enq_qdepth=0bv19, s1_standard_metadata.enq_timestamp=0bv32, s1_standard_metadata.ingress_global_timestamp=0bv48, s1_standard_metadata.ingress_port=0bv9, s1_standard_metadata.instance_type=0bv32, s1_standard_metadata.mcast_grp=0bv16, s1_standard_metadata.packet_length=0bv32, s1_standard_metadata.parser_error=0bv1, s1_standard_metadata.priority=0bv3, s1_value=0bv16, s1_value_reg__last0_old_value=0bv128, s1_value_reg__last0_value=0bv128, s1_value_reg__last_index=0bv32, s1_value_reg__last_old_value=0bv128, s1_value_reg__last_value=0bv128, s1_value_reg__last_write_site=0, s1_value_reg__next_write_site=0, s1_value_reg__wrote_any=false, s1_value_reg__wrote_index0=false, s2_find_index.hit=true, s2_inbox_count=0, s2_meta.location.index=0bv16, s2_meta.my_md.role=101bv16, s2_p4b_clone_e2e=false, s2_p4b_clone_i2e=false, s2_p4b_clone_i2i=false, s2_p4b_recirculate=false, s2_pkt_external=false, s2_sequence_reg__last0_old_value=0bv16, s2_sequence_reg__last0_value=65535bv16, s2_sequence_reg__last_index=0bv32, s2_sequence_reg__last_old_value=0bv16, s2_sequence_reg__last_value=65535bv16, s2_sequence_reg__last_write_site=0, s2_sequence_reg__next_write_site=0, s2_sequence_reg__wrote_any=true, s2_sequence_reg__wrote_index0=true, s2_value_reg__last0_old_value=0bv128, s2_value_reg__last0_value=0bv128, s2_value_reg__last_index=0bv32, s2_value_reg__last_old_value=0bv128, s2_value_reg__last_value=0bv128, s2_value_reg__last_write_site=0, s2_value_reg__next_write_site=0, s2_value_reg__wrote_any=false, s2_value_reg__wrote_index0=false]
[L540]   RET         call s1_sequence_reg.write(0bv16 ++ s1_meta.location.index, s1_hdr.nc_hdr.seq);
         VAL         [h1_hdr.ethernet.dstAddr=0bv48, h1_hdr.ethernet.etherType=2048bv16, h1_hdr.ethernet.srcAddr=0bv48, h1_hdr.ethernet.valid=true, h1_hdr.ipv4.diffserv=0bv8, h1_hdr.ipv4.dstAddr=167797761bv32, h1_hdr.ipv4.flags=0bv3, h1_hdr.ipv4.fragOffset=0bv13, h1_hdr.ipv4.hdrChecksum=0bv16, h1_hdr.ipv4.identification=0bv16, h1_hdr.ipv4.ihl=0bv4, h1_hdr.ipv4.protocol=17bv8, h1_hdr.ipv4.srcAddr=1bv32, h1_hdr.ipv4.totalLen=4bv16, h1_hdr.ipv4.ttl=0bv8, h1_hdr.ipv4.valid=true, h1_hdr.ipv4.version=0bv4, h1_hdr.nc_hdr.key=2024bv128, h1_hdr.nc_hdr.op=12bv8, h1_hdr.nc_hdr.sc=1bv8, h1_hdr.nc_hdr.seq=1bv16, h1_hdr.nc_hdr.valid=true, h1_hdr.nc_hdr.value=0bv128, h1_hdr.nc_hdr.vgroup=0bv16, h1_hdr.overlay.0.swip=167797761bv32, h1_hdr.overlay.0.valid=true, h1_hdr.overlay.1.swip=167797762bv32, h1_hdr.overlay.1.valid=true, h1_hdr.overlay.2.swip=0bv32, h1_hdr.overlay.2.valid=true, h1_hdr.overlay.3.swip=0bv32, h1_hdr.overlay.3.valid=true, h1_hdr.overlay.4.swip=0bv32, h1_hdr.overlay.4.valid=true, h1_hdr.overlay.5.swip=0bv32, h1_hdr.overlay.5.valid=false, h1_hdr.overlay.6.swip=0bv32, h1_hdr.overlay.6.valid=true, h1_hdr.overlay.7.swip=0bv32, h1_hdr.overlay.7.valid=false, h1_hdr.overlay.8.swip=0bv32, h1_hdr.overlay.8.valid=true, h1_hdr.overlay.9.swip=0bv32, h1_hdr.overlay.9.valid=false, h1_hdr.overlay.last.swip=0bv32, h1_hdr.overlay.last.valid=false, h1_hdr.tcp.ackNo=0bv32, h1_hdr.tcp.checksum=0bv16, h1_hdr.tcp.ctrl=0bv6, h1_hdr.tcp.dataOffset=0bv4, h1_hdr.tcp.dstPort=0bv16, h1_hdr.tcp.ecn=0bv3, h1_hdr.tcp.res=0bv3, h1_hdr.tcp.seqNo=0bv32, h1_hdr.tcp.srcPort=0bv16, h1_hdr.tcp.urgentPtr=0bv16, h1_hdr.tcp.valid=false, h1_hdr.tcp.window=0bv16, h1_hdr.udp.checksum=0bv16, h1_hdr.udp.dstPort=0bv16, h1_hdr.udp.len=4bv16, h1_hdr.udp.srcPort=0bv16, h1_hdr.udp.valid=true, h1_inbox_count=0, h1_meta.location.index=0bv16, h1_meta.my_md.failed=0bv16, h1_meta.my_md.ipaddress=0bv32, h1_meta.my_md.role=0bv16, h1_meta.reply_to_client_md.ipv4_dstAddr=0bv32, h1_meta.reply_to_client_md.ipv4_srcAddr=0bv32, h1_meta.sequence_md.seq=0bv16, h1_meta.sequence_md.tmp=0bv16, h1_pkt_external=false, h1_standard_metadata.checksum_error=0bv1, h1_standard_metadata.deq_qdepth=0bv19, h1_standard_metadata.deq_timedelta=0bv32, h1_standard_metadata.egress_global_timestamp=0bv48, h1_standard_metadata.egress_rid=0bv16, h1_standard_metadata.enq_qdepth=0bv19, h1_standard_metadata.enq_timestamp=0bv32, h1_standard_metadata.ingress_global_timestamp=0bv48, h1_standard_metadata.ingress_port=0bv9, h1_standard_metadata.instance_type=0bv32, h1_standard_metadata.mcast_grp=0bv16, h1_standard_metadata.packet_length=0bv32, h1_standard_metadata.parser_error=0bv1, h1_standard_metadata.priority=0bv3, old(s1_assign_value.hit)=false, old(s1_drop)=false, old(s1_drop_packet.hit)=false, old(s1_ethernet_set_mac.ethernet_set_mac_act.dmac)=0bv48, old(s1_ethernet_set_mac.ethernet_set_mac_act.smac)=0bv48, old(s1_ethernet_set_mac.hit)=false, old(s1_failure_recovery.hit)=false, old(s1_find_index.find_index_act.index_1)=0bv16, old(s1_find_index.hit)=true, old(s1_forward)=false, old(s1_gen_reply.gen_reply_act.message_type)=0bv8, old(s1_gen_reply.hit)=false, old(s1_get_my_address.get_my_address_act.sw_ip)=0bv32, old(s1_get_my_address.get_my_address_act.sw_role)=0bv16, old(s1_get_my_address.hit)=false, old(s1_get_next_hop.hit)=false, old(s1_get_sequence.hit)=false, old(s1_hdr.ethernet.dstAddr)=0bv48, old(s1_hdr.ethernet.srcAddr)=0bv48, old(s1_hdr.ipv4.dstAddr)=167797761bv32, old(s1_hdr.ipv4.hdrChecksum)=0bv16, old(s1_hdr.ipv4.protocol)=17bv8, old(s1_hdr.ipv4.srcAddr)=1bv32, old(s1_hdr.ipv4.totalLen)=4bv16, old(s1_hdr.ipv4.ttl)=0bv8, old(s1_hdr.nc_hdr.key)=2024bv128, old(s1_hdr.nc_hdr.op)=12bv8, old(s1_hdr.nc_hdr.sc)=1bv8, old(s1_hdr.nc_hdr.seq)=1bv16, old(s1_hdr.nc_hdr.value)=0bv128, old(s1_hdr.nc_hdr.vgroup)=0bv16, old(s1_hdr.overlay.0.swip)=167797761bv32, old(s1_hdr.overlay.0.valid)=true, old(s1_hdr.overlay.1.swip)=167797762bv32, old(s1_hdr.overlay.1.valid)=true, old(s1_hdr.overlay.2.swip)=0bv32, old(s1_hdr.overlay.2.valid)=true, old(s1_hdr.overlay.3.swip)=0bv32, old(s1_hdr.overlay.3.valid)=true, old(s1_hdr.overlay.4.swip)=0bv32, old(s1_hdr.overlay.4.valid)=true, old(s1_hdr.overlay.5.swip)=0bv32, old(s1_hdr.overlay.5.valid)=false, old(s1_hdr.overlay.6.swip)=0bv32, old(s1_hdr.overlay.6.valid)=true, old(s1_hdr.overlay.7.swip)=0bv32, old(s1_hdr.overlay.7.valid)=false, old(s1_hdr.overlay.8.swip)=0bv32, old(s1_hdr.overlay.8.valid)=true, old(s1_hdr.overlay.9.valid)=false, old(s1_hdr.udp.checksum)=0bv16, old(s1_hdr.udp.dstPort)=0bv16, old(s1_hdr.udp.len)=4bv16, old(s1_ipv4_route.hit)=false, old(s1_ipv4_route.set_egress.egress_spec_1)=0bv9, old(s1_maintain_sequence.hit)=false, old(s1_meta.location.index)=0bv16, old(s1_meta.my_md.ipaddress)=0bv32, old(s1_meta.my_md.role)=0bv16, old(s1_meta.reply_to_client_md.ipv4_dstAddr)=0bv32, old(s1_meta.reply_to_client_md.ipv4_srcAddr)=0bv32, old(s1_meta.sequence_md.seq)=0bv16, old(s1_p4b_checksum_error)=false, old(s1_p4b_checksum_updated)=false, old(s1_p4b_checksum_verified)=false, old(s1_p4b_clone_e2e)=false, old(s1_p4b_clone_i2e)=false, old(s1_p4b_clone_i2i)=false, old(s1_p4b_digest)=false, old(s1_p4b_recirculate)=false, old(s1_pop_chain.hit)=false, old(s1_pop_chain_again.hit)=false, old(s1_read_value.hit)=false, old(s1_sequence_reg__last0_old_value)=0bv16, old(s1_sequence_reg__last0_value)=65535bv16, old(s1_sequence_reg__last_index)=0bv32, old(s1_sequence_reg__last_old_value)=0bv16, old(s1_sequence_reg__last_value)=65535bv16, old(s1_sequence_reg__last_write_site)=0, old(s1_sequence_reg__next_write_site)=0, old(s1_sequence_reg__wrote_any)=true, old(s1_sequence_reg__wrote_index0)=true, old(s1_standard_metadata.egress_port)=3bv9, old(s1_standard_metadata.egress_spec)=0bv9, old(s1_value_reg__last0_old_value)=0bv128, old(s1_value_reg__last0_value)=0bv128, old(s1_value_reg__last_index)=0bv32, old(s1_value_reg__last_old_value)=0bv128, old(s1_value_reg__last_value)=0bv128, old(s1_value_reg__last_write_site)=0, old(s1_value_reg__next_write_site)=0, old(s1_value_reg__wrote_any)=false, old(s1_value_reg__wrote_index0)=false, procurator_phase=2, procurator_step=2, s1_assign_value.hit=false, s1_drop=false, s1_drop_packet.hit=false, s1_ethernet_set_mac.ethernet_set_mac_act.dmac=0bv48, s1_ethernet_set_mac.ethernet_set_mac_act.smac=0bv48, s1_ethernet_set_mac.hit=false, s1_failure_recovery.hit=false, s1_find_index.find_index_act.index_1=0bv16, s1_find_index.hit=true, s1_forward=false, s1_gen_reply.gen_reply_act.message_type=0bv8, s1_gen_reply.hit=false, s1_get_my_address.get_my_address_act.sw_ip=167797761bv32, s1_get_my_address.get_my_address_act.sw_role=100bv16, s1_get_my_address.hit=false, s1_get_next_hop.hit=false, s1_get_sequence.hit=false, s1_hdr.ethernet.dstAddr=0bv48, s1_hdr.ethernet.etherType=2048bv16, s1_hdr.ethernet.srcAddr=0bv48, s1_hdr.ethernet.valid=true, s1_hdr.ipv4.diffserv=0bv8, s1_hdr.ipv4.dstAddr=167797761bv32, s1_hdr.ipv4.flags=0bv3, s1_hdr.ipv4.fragOffset=0bv13, s1_hdr.ipv4.hdrChecksum=0bv16, s1_hdr.ipv4.identification=0bv16, s1_hdr.ipv4.ihl=0bv4, s1_hdr.ipv4.protocol=17bv8, s1_hdr.ipv4.srcAddr=1bv32, s1_hdr.ipv4.totalLen=4bv16, s1_hdr.ipv4.ttl=0bv8, s1_hdr.ipv4.valid=true, s1_hdr.ipv4.version=0bv4, s1_hdr.nc_hdr.key=2024bv128, s1_hdr.nc_hdr.op=12bv8, s1_hdr.nc_hdr.sc=1bv8, s1_hdr.nc_hdr.seq=0bv16, s1_hdr.nc_hdr.valid=true, s1_hdr.nc_hdr.value=0bv128, s1_hdr.nc_hdr.vgroup=0bv16, s1_hdr.overlay.0.swip=167797761bv32, s1_hdr.overlay.0.valid=true, s1_hdr.overlay.1.swip=167797762bv32, s1_hdr.overlay.1.valid=true, s1_hdr.overlay.2.swip=0bv32, s1_hdr.overlay.2.valid=true, s1_hdr.overlay.3.swip=0bv32, s1_hdr.overlay.3.valid=true, s1_hdr.overlay.4.swip=0bv32, s1_hdr.overlay.4.valid=true, s1_hdr.overlay.5.swip=0bv32, s1_hdr.overlay.5.valid=false, s1_hdr.overlay.6.swip=0bv32, s1_hdr.overlay.6.valid=true, s1_hdr.overlay.7.swip=0bv32, s1_hdr.overlay.7.valid=false, s1_hdr.overlay.8.swip=0bv32, s1_hdr.overlay.8.valid=true, s1_hdr.overlay.9.swip=0bv32, s1_hdr.overlay.9.valid=false, s1_hdr.overlay.last.swip=0bv32, s1_hdr.overlay.last.valid=false, s1_hdr.tcp.ackNo=0bv32, s1_hdr.tcp.checksum=0bv16, s1_hdr.tcp.ctrl=0bv6, s1_hdr.tcp.dataOffset=0bv4, s1_hdr.tcp.dstPort=0bv16, s1_hdr.tcp.ecn=0bv3, s1_hdr.tcp.res=0bv3, s1_hdr.tcp.seqNo=0bv32, s1_hdr.tcp.srcPort=0bv16, s1_hdr.tcp.urgentPtr=0bv16, s1_hdr.tcp.valid=false, s1_hdr.tcp.window=0bv16, s1_hdr.udp.checksum=0bv16, s1_hdr.udp.dstPort=8888bv16, s1_hdr.udp.len=4bv16, s1_hdr.udp.srcPort=0bv16, s1_hdr.udp.valid=true, s1_inbox_count=0, s1_ipv4_route.hit=false, s1_ipv4_route.set_egress.egress_spec_1=0bv9, s1_maintain_sequence.hit=false, s1_meta.location.index=0bv16, s1_meta.my_md.failed=0bv16, s1_meta.my_md.ipaddress=167797761bv32, s1_meta.my_md.role=100bv16, s1_meta.reply_to_client_md.ipv4_dstAddr=0bv32, s1_meta.reply_to_client_md.ipv4_srcAddr=0bv32, s1_meta.sequence_md.seq=0bv16, s1_meta.sequence_md.tmp=0bv16, s1_p4b_checksum_error=false, s1_p4b_checksum_updated=false, s1_p4b_checksum_verified=false, s1_p4b_clone_e2e=false, s1_p4b_clone_i2e=false, s1_p4b_clone_i2i=false, s1_p4b_digest=false, s1_p4b_recirculate=false, s1_pkt_external=true, s1_pop_chain.hit=false, s1_pop_chain_again.hit=false, s1_read_value.hit=false, s1_sequence_reg__last0_old_value=0bv16, s1_sequence_reg__last0_value=0bv16, s1_sequence_reg__last_index=0bv32, s1_sequence_reg__last_old_value=0bv16, s1_sequence_reg__last_value=0bv16, s1_sequence_reg__last_write_site=1, s1_sequence_reg__next_write_site=1, s1_sequence_reg__wrote_any=true, s1_sequence_reg__wrote_index0=true, s1_standard_metadata.checksum_error=0bv1, s1_standard_metadata.deq_qdepth=0bv19, s1_standard_metadata.deq_timedelta=0bv32, s1_standard_metadata.egress_global_timestamp=0bv48, s1_standard_metadata.egress_port=3bv9, s1_standard_metadata.egress_rid=0bv16, s1_standard_metadata.egress_spec=0bv9, s1_standard_metadata.enq_qdepth=0bv19, s1_standard_metadata.enq_timestamp=0bv32, s1_standard_metadata.ingress_global_timestamp=0bv48, s1_standard_metadata.ingress_port=0bv9, s1_standard_metadata.instance_type=0bv32, s1_standard_metadata.mcast_grp=0bv16, s1_standard_metadata.packet_length=0bv32, s1_standard_metadata.parser_error=0bv1, s1_standard_metadata.priority=0bv3, s1_value_reg__last0_old_value=0bv128, s1_value_reg__last0_value=0bv128, s1_value_reg__last_index=0bv32, s1_value_reg__last_old_value=0bv128, s1_value_reg__last_value=0bv128, s1_value_reg__last_write_site=0, s1_value_reg__next_write_site=0, s1_value_reg__wrote_any=false, s1_value_reg__wrote_index0=false, s2_find_index.hit=true, s2_inbox_count=0, s2_meta.location.index=0bv16, s2_meta.my_md.role=101bv16, s2_p4b_clone_e2e=false, s2_p4b_clone_i2e=false, s2_p4b_clone_i2i=false, s2_p4b_recirculate=false, s2_pkt_external=false, s2_sequence_reg__last0_old_value=0bv16, s2_sequence_reg__last0_value=65535bv16, s2_sequence_reg__last_index=0bv32, s2_sequence_reg__last_old_value=0bv16, s2_sequence_reg__last_value=65535bv16, s2_sequence_reg__last_write_site=0, s2_sequence_reg__next_write_site=0, s2_sequence_reg__wrote_any=true, s2_sequence_reg__wrote_index0=true, s2_value_reg__last0_old_value=0bv128, s2_value_reg__last0_value=0bv128, s2_value_reg__last_index=0bv32, s2_value_reg__last_old_value=0bv128, s2_value_reg__last_value=0bv128, s2_value_reg__last_write_site=0, s2_value_reg__next_write_site=0, s2_value_reg__wrote_any=false, s2_value_reg__wrote_index0=false]
[L542]               s1_value_reg__next_write_site := 1;
[L543]   CALL        call s1_value_reg.write(0bv16 ++ s1_meta.location.index, s1_hdr.nc_hdr.value);
[L1141]              s1_value_reg__last_old_value := s1_value_reg[s1_index];
[L1142]              s1_value_reg[s1_index] := s1_value;
[L1143]              s1_value_reg__last_index := s1_index;
[L1144]              s1_value_reg__last_value := s1_value;
[L1145]              s1_value_reg__last_write_site := s1_value_reg__next_write_site;
[L1146]              s1_value_reg__wrote_any := true;
         VAL         [h1_hdr.ethernet.dstAddr=0bv48, h1_hdr.ethernet.etherType=2048bv16, h1_hdr.ethernet.srcAddr=0bv48, h1_hdr.ethernet.valid=true, h1_hdr.ipv4.diffserv=0bv8, h1_hdr.ipv4.dstAddr=167797761bv32, h1_hdr.ipv4.flags=0bv3, h1_hdr.ipv4.fragOffset=0bv13, h1_hdr.ipv4.hdrChecksum=0bv16, h1_hdr.ipv4.identification=0bv16, h1_hdr.ipv4.ihl=0bv4, h1_hdr.ipv4.protocol=17bv8, h1_hdr.ipv4.srcAddr=1bv32, h1_hdr.ipv4.totalLen=4bv16, h1_hdr.ipv4.ttl=0bv8, h1_hdr.ipv4.valid=true, h1_hdr.ipv4.version=0bv4, h1_hdr.nc_hdr.key=2024bv128, h1_hdr.nc_hdr.op=12bv8, h1_hdr.nc_hdr.sc=1bv8, h1_hdr.nc_hdr.seq=1bv16, h1_hdr.nc_hdr.valid=true, h1_hdr.nc_hdr.value=0bv128, h1_hdr.nc_hdr.vgroup=0bv16, h1_hdr.overlay.0.swip=167797761bv32, h1_hdr.overlay.0.valid=true, h1_hdr.overlay.1.swip=167797762bv32, h1_hdr.overlay.1.valid=true, h1_hdr.overlay.2.swip=0bv32, h1_hdr.overlay.2.valid=true, h1_hdr.overlay.3.swip=0bv32, h1_hdr.overlay.3.valid=true, h1_hdr.overlay.4.swip=0bv32, h1_hdr.overlay.4.valid=true, h1_hdr.overlay.5.swip=0bv32, h1_hdr.overlay.5.valid=false, h1_hdr.overlay.6.swip=0bv32, h1_hdr.overlay.6.valid=true, h1_hdr.overlay.7.swip=0bv32, h1_hdr.overlay.7.valid=false, h1_hdr.overlay.8.swip=0bv32, h1_hdr.overlay.8.valid=true, h1_hdr.overlay.9.swip=0bv32, h1_hdr.overlay.9.valid=false, h1_hdr.overlay.last.swip=0bv32, h1_hdr.overlay.last.valid=false, h1_hdr.tcp.ackNo=0bv32, h1_hdr.tcp.checksum=0bv16, h1_hdr.tcp.ctrl=0bv6, h1_hdr.tcp.dataOffset=0bv4, h1_hdr.tcp.dstPort=0bv16, h1_hdr.tcp.ecn=0bv3, h1_hdr.tcp.res=0bv3, h1_hdr.tcp.seqNo=0bv32, h1_hdr.tcp.srcPort=0bv16, h1_hdr.tcp.urgentPtr=0bv16, h1_hdr.tcp.valid=false, h1_hdr.tcp.window=0bv16, h1_hdr.udp.checksum=0bv16, h1_hdr.udp.dstPort=0bv16, h1_hdr.udp.len=4bv16, h1_hdr.udp.srcPort=0bv16, h1_hdr.udp.valid=true, h1_inbox_count=0, h1_meta.location.index=0bv16, h1_meta.my_md.failed=0bv16, h1_meta.my_md.ipaddress=0bv32, h1_meta.my_md.role=0bv16, h1_meta.reply_to_client_md.ipv4_dstAddr=0bv32, h1_meta.reply_to_client_md.ipv4_srcAddr=0bv32, h1_meta.sequence_md.seq=0bv16, h1_meta.sequence_md.tmp=0bv16, h1_pkt_external=false, h1_standard_metadata.checksum_error=0bv1, h1_standard_metadata.deq_qdepth=0bv19, h1_standard_metadata.deq_timedelta=0bv32, h1_standard_metadata.egress_global_timestamp=0bv48, h1_standard_metadata.egress_rid=0bv16, h1_standard_metadata.enq_qdepth=0bv19, h1_standard_metadata.enq_timestamp=0bv32, h1_standard_metadata.ingress_global_timestamp=0bv48, h1_standard_metadata.ingress_port=0bv9, h1_standard_metadata.instance_type=0bv32, h1_standard_metadata.mcast_grp=0bv16, h1_standard_metadata.packet_length=0bv32, h1_standard_metadata.parser_error=0bv1, h1_standard_metadata.priority=0bv3, old(s1_assign_value.hit)=false, old(s1_drop)=false, old(s1_drop_packet.hit)=false, old(s1_ethernet_set_mac.ethernet_set_mac_act.dmac)=0bv48, old(s1_ethernet_set_mac.ethernet_set_mac_act.smac)=0bv48, old(s1_ethernet_set_mac.hit)=false, old(s1_failure_recovery.hit)=false, old(s1_find_index.find_index_act.index_1)=0bv16, old(s1_find_index.hit)=true, old(s1_forward)=false, old(s1_gen_reply.gen_reply_act.message_type)=0bv8, old(s1_gen_reply.hit)=false, old(s1_get_my_address.get_my_address_act.sw_ip)=0bv32, old(s1_get_my_address.get_my_address_act.sw_role)=0bv16, old(s1_get_my_address.hit)=false, old(s1_get_next_hop.hit)=false, old(s1_get_sequence.hit)=false, old(s1_hdr.ethernet.dstAddr)=0bv48, old(s1_hdr.ethernet.srcAddr)=0bv48, old(s1_hdr.ipv4.dstAddr)=167797761bv32, old(s1_hdr.ipv4.hdrChecksum)=0bv16, old(s1_hdr.ipv4.protocol)=17bv8, old(s1_hdr.ipv4.srcAddr)=1bv32, old(s1_hdr.ipv4.totalLen)=4bv16, old(s1_hdr.ipv4.ttl)=0bv8, old(s1_hdr.nc_hdr.key)=2024bv128, old(s1_hdr.nc_hdr.op)=12bv8, old(s1_hdr.nc_hdr.sc)=1bv8, old(s1_hdr.nc_hdr.seq)=1bv16, old(s1_hdr.nc_hdr.value)=0bv128, old(s1_hdr.nc_hdr.vgroup)=0bv16, old(s1_hdr.overlay.0.swip)=167797761bv32, old(s1_hdr.overlay.0.valid)=true, old(s1_hdr.overlay.1.swip)=167797762bv32, old(s1_hdr.overlay.1.valid)=true, old(s1_hdr.overlay.2.swip)=0bv32, old(s1_hdr.overlay.2.valid)=true, old(s1_hdr.overlay.3.swip)=0bv32, old(s1_hdr.overlay.3.valid)=true, old(s1_hdr.overlay.4.swip)=0bv32, old(s1_hdr.overlay.4.valid)=true, old(s1_hdr.overlay.5.swip)=0bv32, old(s1_hdr.overlay.5.valid)=false, old(s1_hdr.overlay.6.swip)=0bv32, old(s1_hdr.overlay.6.valid)=true, old(s1_hdr.overlay.7.swip)=0bv32, old(s1_hdr.overlay.7.valid)=false, old(s1_hdr.overlay.8.swip)=0bv32, old(s1_hdr.overlay.8.valid)=true, old(s1_hdr.overlay.9.valid)=false, old(s1_hdr.udp.checksum)=0bv16, old(s1_hdr.udp.dstPort)=0bv16, old(s1_hdr.udp.len)=4bv16, old(s1_ipv4_route.hit)=false, old(s1_ipv4_route.set_egress.egress_spec_1)=0bv9, old(s1_maintain_sequence.hit)=false, old(s1_meta.location.index)=0bv16, old(s1_meta.my_md.ipaddress)=0bv32, old(s1_meta.my_md.role)=0bv16, old(s1_meta.reply_to_client_md.ipv4_dstAddr)=0bv32, old(s1_meta.reply_to_client_md.ipv4_srcAddr)=0bv32, old(s1_meta.sequence_md.seq)=0bv16, old(s1_p4b_checksum_error)=false, old(s1_p4b_checksum_updated)=false, old(s1_p4b_checksum_verified)=false, old(s1_p4b_clone_e2e)=false, old(s1_p4b_clone_i2e)=false, old(s1_p4b_clone_i2i)=false, old(s1_p4b_digest)=false, old(s1_p4b_recirculate)=false, old(s1_pop_chain.hit)=false, old(s1_pop_chain_again.hit)=false, old(s1_read_value.hit)=false, old(s1_sequence_reg__last0_old_value)=0bv16, old(s1_sequence_reg__last0_value)=65535bv16, old(s1_sequence_reg__last_index)=0bv32, old(s1_sequence_reg__last_old_value)=0bv16, old(s1_sequence_reg__last_value)=65535bv16, old(s1_sequence_reg__last_write_site)=0, old(s1_sequence_reg__next_write_site)=0, old(s1_sequence_reg__wrote_any)=true, old(s1_sequence_reg__wrote_index0)=true, old(s1_standard_metadata.egress_port)=3bv9, old(s1_standard_metadata.egress_spec)=0bv9, old(s1_value_reg__last0_old_value)=0bv128, old(s1_value_reg__last0_value)=0bv128, old(s1_value_reg__last_index)=0bv32, old(s1_value_reg__last_old_value)=0bv128, old(s1_value_reg__last_value)=0bv128, old(s1_value_reg__last_write_site)=0, old(s1_value_reg__next_write_site)=0, old(s1_value_reg__wrote_any)=false, old(s1_value_reg__wrote_index0)=false, procurator_phase=2, procurator_step=2, s1_assign_value.hit=false, s1_drop=false, s1_drop_packet.hit=false, s1_ethernet_set_mac.ethernet_set_mac_act.dmac=0bv48, s1_ethernet_set_mac.ethernet_set_mac_act.smac=0bv48, s1_ethernet_set_mac.hit=false, s1_failure_recovery.hit=false, s1_find_index.find_index_act.index_1=0bv16, s1_find_index.hit=true, s1_forward=false, s1_gen_reply.gen_reply_act.message_type=0bv8, s1_gen_reply.hit=false, s1_get_my_address.get_my_address_act.sw_ip=167797761bv32, s1_get_my_address.get_my_address_act.sw_role=100bv16, s1_get_my_address.hit=false, s1_get_next_hop.hit=false, s1_get_sequence.hit=false, s1_hdr.ethernet.dstAddr=0bv48, s1_hdr.ethernet.etherType=2048bv16, s1_hdr.ethernet.srcAddr=0bv48, s1_hdr.ethernet.valid=true, s1_hdr.ipv4.diffserv=0bv8, s1_hdr.ipv4.dstAddr=167797761bv32, s1_hdr.ipv4.flags=0bv3, s1_hdr.ipv4.fragOffset=0bv13, s1_hdr.ipv4.hdrChecksum=0bv16, s1_hdr.ipv4.identification=0bv16, s1_hdr.ipv4.ihl=0bv4, s1_hdr.ipv4.protocol=17bv8, s1_hdr.ipv4.srcAddr=1bv32, s1_hdr.ipv4.totalLen=4bv16, s1_hdr.ipv4.ttl=0bv8, s1_hdr.ipv4.valid=true, s1_hdr.ipv4.version=0bv4, s1_hdr.nc_hdr.key=2024bv128, s1_hdr.nc_hdr.op=12bv8, s1_hdr.nc_hdr.sc=1bv8, s1_hdr.nc_hdr.seq=0bv16, s1_hdr.nc_hdr.valid=true, s1_hdr.nc_hdr.value=0bv128, s1_hdr.nc_hdr.vgroup=0bv16, s1_hdr.overlay.0.swip=167797761bv32, s1_hdr.overlay.0.valid=true, s1_hdr.overlay.1.swip=167797762bv32, s1_hdr.overlay.1.valid=true, s1_hdr.overlay.2.swip=0bv32, s1_hdr.overlay.2.valid=true, s1_hdr.overlay.3.swip=0bv32, s1_hdr.overlay.3.valid=true, s1_hdr.overlay.4.swip=0bv32, s1_hdr.overlay.4.valid=true, s1_hdr.overlay.5.swip=0bv32, s1_hdr.overlay.5.valid=false, s1_hdr.overlay.6.swip=0bv32, s1_hdr.overlay.6.valid=true, s1_hdr.overlay.7.swip=0bv32, s1_hdr.overlay.7.valid=false, s1_hdr.overlay.8.swip=0bv32, s1_hdr.overlay.8.valid=true, s1_hdr.overlay.9.swip=0bv32, s1_hdr.overlay.9.valid=false, s1_hdr.overlay.last.swip=0bv32, s1_hdr.overlay.last.valid=false, s1_hdr.tcp.ackNo=0bv32, s1_hdr.tcp.checksum=0bv16, s1_hdr.tcp.ctrl=0bv6, s1_hdr.tcp.dataOffset=0bv4, s1_hdr.tcp.dstPort=0bv16, s1_hdr.tcp.ecn=0bv3, s1_hdr.tcp.res=0bv3, s1_hdr.tcp.seqNo=0bv32, s1_hdr.tcp.srcPort=0bv16, s1_hdr.tcp.urgentPtr=0bv16, s1_hdr.tcp.valid=false, s1_hdr.tcp.window=0bv16, s1_hdr.udp.checksum=0bv16, s1_hdr.udp.dstPort=8888bv16, s1_hdr.udp.len=4bv16, s1_hdr.udp.srcPort=0bv16, s1_hdr.udp.valid=true, s1_inbox_count=0, s1_index=0bv32, s1_ipv4_route.hit=false, s1_ipv4_route.set_egress.egress_spec_1=0bv9, s1_maintain_sequence.hit=false, s1_meta.location.index=0bv16, s1_meta.my_md.failed=0bv16, s1_meta.my_md.ipaddress=167797761bv32, s1_meta.my_md.role=100bv16, s1_meta.reply_to_client_md.ipv4_dstAddr=0bv32, s1_meta.reply_to_client_md.ipv4_srcAddr=0bv32, s1_meta.sequence_md.seq=0bv16, s1_meta.sequence_md.tmp=0bv16, s1_p4b_checksum_error=false, s1_p4b_checksum_updated=false, s1_p4b_checksum_verified=false, s1_p4b_clone_e2e=false, s1_p4b_clone_i2e=false, s1_p4b_clone_i2i=false, s1_p4b_digest=false, s1_p4b_recirculate=false, s1_pkt_external=true, s1_pop_chain.hit=false, s1_pop_chain_again.hit=false, s1_read_value.hit=false, s1_sequence_reg__last0_old_value=0bv16, s1_sequence_reg__last0_value=0bv16, s1_sequence_reg__last_index=0bv32, s1_sequence_reg__last_old_value=0bv16, s1_sequence_reg__last_value=0bv16, s1_sequence_reg__last_write_site=1, s1_sequence_reg__next_write_site=1, s1_sequence_reg__wrote_any=true, s1_sequence_reg__wrote_index0=true, s1_standard_metadata.checksum_error=0bv1, s1_standard_metadata.deq_qdepth=0bv19, s1_standard_metadata.deq_timedelta=0bv32, s1_standard_metadata.egress_global_timestamp=0bv48, s1_standard_metadata.egress_port=3bv9, s1_standard_metadata.egress_rid=0bv16, s1_standard_metadata.egress_spec=0bv9, s1_standard_metadata.enq_qdepth=0bv19, s1_standard_metadata.enq_timestamp=0bv32, s1_standard_metadata.ingress_global_timestamp=0bv48, s1_standard_metadata.ingress_port=0bv9, s1_standard_metadata.instance_type=0bv32, s1_standard_metadata.mcast_grp=0bv16, s1_standard_metadata.packet_length=0bv32, s1_standard_metadata.parser_error=0bv1, s1_standard_metadata.priority=0bv3, s1_value=0bv128, s1_value_reg__last0_old_value=0bv128, s1_value_reg__last0_value=0bv128, s1_value_reg__last_index=0bv32, s1_value_reg__last_old_value=0bv128, s1_value_reg__last_value=0bv128, s1_value_reg__last_write_site=1, s1_value_reg__next_write_site=1, s1_value_reg__wrote_any=true, s1_value_reg__wrote_index0=false, s2_find_index.hit=true, s2_inbox_count=0, s2_meta.location.index=0bv16, s2_meta.my_md.role=101bv16, s2_p4b_clone_e2e=false, s2_p4b_clone_i2e=false, s2_p4b_clone_i2i=false, s2_p4b_recirculate=false, s2_pkt_external=false, s2_sequence_reg__last0_old_value=0bv16, s2_sequence_reg__last0_value=65535bv16, s2_sequence_reg__last_index=0bv32, s2_sequence_reg__last_old_value=0bv16, s2_sequence_reg__last_value=65535bv16, s2_sequence_reg__last_write_site=0, s2_sequence_reg__next_write_site=0, s2_sequence_reg__wrote_any=true, s2_sequence_reg__wrote_index0=true, s2_value_reg__last0_old_value=0bv128, s2_value_reg__last0_value=0bv128, s2_value_reg__last_index=0bv32, s2_value_reg__last_old_value=0bv128, s2_value_reg__last_value=0bv128, s2_value_reg__last_write_site=0, s2_value_reg__next_write_site=0, s2_value_reg__wrote_any=false, s2_value_reg__wrote_index0=false]
[L1147]  COND TRUE   s1_index == 0bv32
[L1148]              s1_value_reg__wrote_index0 := true;
[L1149]              s1_value_reg__last0_old_value := s1_value_reg__last_old_value;
[L1150]              s1_value_reg__last0_value := s1_value;
         VAL         [h1_hdr.ethernet.dstAddr=0bv48, h1_hdr.ethernet.etherType=2048bv16, h1_hdr.ethernet.srcAddr=0bv48, h1_hdr.ethernet.valid=true, h1_hdr.ipv4.diffserv=0bv8, h1_hdr.ipv4.dstAddr=167797761bv32, h1_hdr.ipv4.flags=0bv3, h1_hdr.ipv4.fragOffset=0bv13, h1_hdr.ipv4.hdrChecksum=0bv16, h1_hdr.ipv4.identification=0bv16, h1_hdr.ipv4.ihl=0bv4, h1_hdr.ipv4.protocol=17bv8, h1_hdr.ipv4.srcAddr=1bv32, h1_hdr.ipv4.totalLen=4bv16, h1_hdr.ipv4.ttl=0bv8, h1_hdr.ipv4.valid=true, h1_hdr.ipv4.version=0bv4, h1_hdr.nc_hdr.key=2024bv128, h1_hdr.nc_hdr.op=12bv8, h1_hdr.nc_hdr.sc=1bv8, h1_hdr.nc_hdr.seq=1bv16, h1_hdr.nc_hdr.valid=true, h1_hdr.nc_hdr.value=0bv128, h1_hdr.nc_hdr.vgroup=0bv16, h1_hdr.overlay.0.swip=167797761bv32, h1_hdr.overlay.0.valid=true, h1_hdr.overlay.1.swip=167797762bv32, h1_hdr.overlay.1.valid=true, h1_hdr.overlay.2.swip=0bv32, h1_hdr.overlay.2.valid=true, h1_hdr.overlay.3.swip=0bv32, h1_hdr.overlay.3.valid=true, h1_hdr.overlay.4.swip=0bv32, h1_hdr.overlay.4.valid=true, h1_hdr.overlay.5.swip=0bv32, h1_hdr.overlay.5.valid=false, h1_hdr.overlay.6.swip=0bv32, h1_hdr.overlay.6.valid=true, h1_hdr.overlay.7.swip=0bv32, h1_hdr.overlay.7.valid=false, h1_hdr.overlay.8.swip=0bv32, h1_hdr.overlay.8.valid=true, h1_hdr.overlay.9.swip=0bv32, h1_hdr.overlay.9.valid=false, h1_hdr.overlay.last.swip=0bv32, h1_hdr.overlay.last.valid=false, h1_hdr.tcp.ackNo=0bv32, h1_hdr.tcp.checksum=0bv16, h1_hdr.tcp.ctrl=0bv6, h1_hdr.tcp.dataOffset=0bv4, h1_hdr.tcp.dstPort=0bv16, h1_hdr.tcp.ecn=0bv3, h1_hdr.tcp.res=0bv3, h1_hdr.tcp.seqNo=0bv32, h1_hdr.tcp.srcPort=0bv16, h1_hdr.tcp.urgentPtr=0bv16, h1_hdr.tcp.valid=false, h1_hdr.tcp.window=0bv16, h1_hdr.udp.checksum=0bv16, h1_hdr.udp.dstPort=0bv16, h1_hdr.udp.len=4bv16, h1_hdr.udp.srcPort=0bv16, h1_hdr.udp.valid=true, h1_inbox_count=0, h1_meta.location.index=0bv16, h1_meta.my_md.failed=0bv16, h1_meta.my_md.ipaddress=0bv32, h1_meta.my_md.role=0bv16, h1_meta.reply_to_client_md.ipv4_dstAddr=0bv32, h1_meta.reply_to_client_md.ipv4_srcAddr=0bv32, h1_meta.sequence_md.seq=0bv16, h1_meta.sequence_md.tmp=0bv16, h1_pkt_external=false, h1_standard_metadata.checksum_error=0bv1, h1_standard_metadata.deq_qdepth=0bv19, h1_standard_metadata.deq_timedelta=0bv32, h1_standard_metadata.egress_global_timestamp=0bv48, h1_standard_metadata.egress_rid=0bv16, h1_standard_metadata.enq_qdepth=0bv19, h1_standard_metadata.enq_timestamp=0bv32, h1_standard_metadata.ingress_global_timestamp=0bv48, h1_standard_metadata.ingress_port=0bv9, h1_standard_metadata.instance_type=0bv32, h1_standard_metadata.mcast_grp=0bv16, h1_standard_metadata.packet_length=0bv32, h1_standard_metadata.parser_error=0bv1, h1_standard_metadata.priority=0bv3, old(s1_assign_value.hit)=false, old(s1_drop)=false, old(s1_drop_packet.hit)=false, old(s1_ethernet_set_mac.ethernet_set_mac_act.dmac)=0bv48, old(s1_ethernet_set_mac.ethernet_set_mac_act.smac)=0bv48, old(s1_ethernet_set_mac.hit)=false, old(s1_failure_recovery.hit)=false, old(s1_find_index.find_index_act.index_1)=0bv16, old(s1_find_index.hit)=true, old(s1_forward)=false, old(s1_gen_reply.gen_reply_act.message_type)=0bv8, old(s1_gen_reply.hit)=false, old(s1_get_my_address.get_my_address_act.sw_ip)=0bv32, old(s1_get_my_address.get_my_address_act.sw_role)=0bv16, old(s1_get_my_address.hit)=false, old(s1_get_next_hop.hit)=false, old(s1_get_sequence.hit)=false, old(s1_hdr.ethernet.dstAddr)=0bv48, old(s1_hdr.ethernet.srcAddr)=0bv48, old(s1_hdr.ipv4.dstAddr)=167797761bv32, old(s1_hdr.ipv4.hdrChecksum)=0bv16, old(s1_hdr.ipv4.protocol)=17bv8, old(s1_hdr.ipv4.srcAddr)=1bv32, old(s1_hdr.ipv4.totalLen)=4bv16, old(s1_hdr.ipv4.ttl)=0bv8, old(s1_hdr.nc_hdr.key)=2024bv128, old(s1_hdr.nc_hdr.op)=12bv8, old(s1_hdr.nc_hdr.sc)=1bv8, old(s1_hdr.nc_hdr.seq)=1bv16, old(s1_hdr.nc_hdr.value)=0bv128, old(s1_hdr.nc_hdr.vgroup)=0bv16, old(s1_hdr.overlay.0.swip)=167797761bv32, old(s1_hdr.overlay.0.valid)=true, old(s1_hdr.overlay.1.swip)=167797762bv32, old(s1_hdr.overlay.1.valid)=true, old(s1_hdr.overlay.2.swip)=0bv32, old(s1_hdr.overlay.2.valid)=true, old(s1_hdr.overlay.3.swip)=0bv32, old(s1_hdr.overlay.3.valid)=true, old(s1_hdr.overlay.4.swip)=0bv32, old(s1_hdr.overlay.4.valid)=true, old(s1_hdr.overlay.5.swip)=0bv32, old(s1_hdr.overlay.5.valid)=false, old(s1_hdr.overlay.6.swip)=0bv32, old(s1_hdr.overlay.6.valid)=true, old(s1_hdr.overlay.7.swip)=0bv32, old(s1_hdr.overlay.7.valid)=false, old(s1_hdr.overlay.8.swip)=0bv32, old(s1_hdr.overlay.8.valid)=true, old(s1_hdr.overlay.9.valid)=false, old(s1_hdr.udp.checksum)=0bv16, old(s1_hdr.udp.dstPort)=0bv16, old(s1_hdr.udp.len)=4bv16, old(s1_ipv4_route.hit)=false, old(s1_ipv4_route.set_egress.egress_spec_1)=0bv9, old(s1_maintain_sequence.hit)=false, old(s1_meta.location.index)=0bv16, old(s1_meta.my_md.ipaddress)=0bv32, old(s1_meta.my_md.role)=0bv16, old(s1_meta.reply_to_client_md.ipv4_dstAddr)=0bv32, old(s1_meta.reply_to_client_md.ipv4_srcAddr)=0bv32, old(s1_meta.sequence_md.seq)=0bv16, old(s1_p4b_checksum_error)=false, old(s1_p4b_checksum_updated)=false, old(s1_p4b_checksum_verified)=false, old(s1_p4b_clone_e2e)=false, old(s1_p4b_clone_i2e)=false, old(s1_p4b_clone_i2i)=false, old(s1_p4b_digest)=false, old(s1_p4b_recirculate)=false, old(s1_pop_chain.hit)=false, old(s1_pop_chain_again.hit)=false, old(s1_read_value.hit)=false, old(s1_sequence_reg__last0_old_value)=0bv16, old(s1_sequence_reg__last0_value)=65535bv16, old(s1_sequence_reg__last_index)=0bv32, old(s1_sequence_reg__last_old_value)=0bv16, old(s1_sequence_reg__last_value)=65535bv16, old(s1_sequence_reg__last_write_site)=0, old(s1_sequence_reg__next_write_site)=0, old(s1_sequence_reg__wrote_any)=true, old(s1_sequence_reg__wrote_index0)=true, old(s1_standard_metadata.egress_port)=3bv9, old(s1_standard_metadata.egress_spec)=0bv9, old(s1_value_reg__last0_old_value)=0bv128, old(s1_value_reg__last0_value)=0bv128, old(s1_value_reg__last_index)=0bv32, old(s1_value_reg__last_old_value)=0bv128, old(s1_value_reg__last_value)=0bv128, old(s1_value_reg__last_write_site)=0, old(s1_value_reg__next_write_site)=0, old(s1_value_reg__wrote_any)=false, old(s1_value_reg__wrote_index0)=false, procurator_phase=2, procurator_step=2, s1_assign_value.hit=false, s1_drop=false, s1_drop_packet.hit=false, s1_ethernet_set_mac.ethernet_set_mac_act.dmac=0bv48, s1_ethernet_set_mac.ethernet_set_mac_act.smac=0bv48, s1_ethernet_set_mac.hit=false, s1_failure_recovery.hit=false, s1_find_index.find_index_act.index_1=0bv16, s1_find_index.hit=true, s1_forward=false, s1_gen_reply.gen_reply_act.message_type=0bv8, s1_gen_reply.hit=false, s1_get_my_address.get_my_address_act.sw_ip=167797761bv32, s1_get_my_address.get_my_address_act.sw_role=100bv16, s1_get_my_address.hit=false, s1_get_next_hop.hit=false, s1_get_sequence.hit=false, s1_hdr.ethernet.dstAddr=0bv48, s1_hdr.ethernet.etherType=2048bv16, s1_hdr.ethernet.srcAddr=0bv48, s1_hdr.ethernet.valid=true, s1_hdr.ipv4.diffserv=0bv8, s1_hdr.ipv4.dstAddr=167797761bv32, s1_hdr.ipv4.flags=0bv3, s1_hdr.ipv4.fragOffset=0bv13, s1_hdr.ipv4.hdrChecksum=0bv16, s1_hdr.ipv4.identification=0bv16, s1_hdr.ipv4.ihl=0bv4, s1_hdr.ipv4.protocol=17bv8, s1_hdr.ipv4.srcAddr=1bv32, s1_hdr.ipv4.totalLen=4bv16, s1_hdr.ipv4.ttl=0bv8, s1_hdr.ipv4.valid=true, s1_hdr.ipv4.version=0bv4, s1_hdr.nc_hdr.key=2024bv128, s1_hdr.nc_hdr.op=12bv8, s1_hdr.nc_hdr.sc=1bv8, s1_hdr.nc_hdr.seq=0bv16, s1_hdr.nc_hdr.valid=true, s1_hdr.nc_hdr.value=0bv128, s1_hdr.nc_hdr.vgroup=0bv16, s1_hdr.overlay.0.swip=167797761bv32, s1_hdr.overlay.0.valid=true, s1_hdr.overlay.1.swip=167797762bv32, s1_hdr.overlay.1.valid=true, s1_hdr.overlay.2.swip=0bv32, s1_hdr.overlay.2.valid=true, s1_hdr.overlay.3.swip=0bv32, s1_hdr.overlay.3.valid=true, s1_hdr.overlay.4.swip=0bv32, s1_hdr.overlay.4.valid=true, s1_hdr.overlay.5.swip=0bv32, s1_hdr.overlay.5.valid=false, s1_hdr.overlay.6.swip=0bv32, s1_hdr.overlay.6.valid=true, s1_hdr.overlay.7.swip=0bv32, s1_hdr.overlay.7.valid=false, s1_hdr.overlay.8.swip=0bv32, s1_hdr.overlay.8.valid=true, s1_hdr.overlay.9.swip=0bv32, s1_hdr.overlay.9.valid=false, s1_hdr.overlay.last.swip=0bv32, s1_hdr.overlay.last.valid=false, s1_hdr.tcp.ackNo=0bv32, s1_hdr.tcp.checksum=0bv16, s1_hdr.tcp.ctrl=0bv6, s1_hdr.tcp.dataOffset=0bv4, s1_hdr.tcp.dstPort=0bv16, s1_hdr.tcp.ecn=0bv3, s1_hdr.tcp.res=0bv3, s1_hdr.tcp.seqNo=0bv32, s1_hdr.tcp.srcPort=0bv16, s1_hdr.tcp.urgentPtr=0bv16, s1_hdr.tcp.valid=false, s1_hdr.tcp.window=0bv16, s1_hdr.udp.checksum=0bv16, s1_hdr.udp.dstPort=8888bv16, s1_hdr.udp.len=4bv16, s1_hdr.udp.srcPort=0bv16, s1_hdr.udp.valid=true, s1_inbox_count=0, s1_ipv4_route.hit=false, s1_ipv4_route.set_egress.egress_spec_1=0bv9, s1_maintain_sequence.hit=false, s1_meta.location.index=0bv16, s1_meta.my_md.failed=0bv16, s1_meta.my_md.ipaddress=167797761bv32, s1_meta.my_md.role=100bv16, s1_meta.reply_to_client_md.ipv4_dstAddr=0bv32, s1_meta.reply_to_client_md.ipv4_srcAddr=0bv32, s1_meta.sequence_md.seq=0bv16, s1_meta.sequence_md.tmp=0bv16, s1_p4b_checksum_error=false, s1_p4b_checksum_updated=false, s1_p4b_checksum_verified=false, s1_p4b_clone_e2e=false, s1_p4b_clone_i2e=false, s1_p4b_clone_i2i=false, s1_p4b_digest=false, s1_p4b_recirculate=false, s1_pkt_external=true, s1_pop_chain.hit=false, s1_pop_chain_again.hit=false, s1_read_value.hit=false, s1_sequence_reg__last0_old_value=0bv16, s1_sequence_reg__last0_value=0bv16, s1_sequence_reg__last_index=0bv32, s1_sequence_reg__last_old_value=0bv16, s1_sequence_reg__last_value=0bv16, s1_sequence_reg__last_write_site=1, s1_sequence_reg__next_write_site=1, s1_sequence_reg__wrote_any=true, s1_sequence_reg__wrote_index0=true, s1_standard_metadata.checksum_error=0bv1, s1_standard_metadata.deq_qdepth=0bv19, s1_standard_metadata.deq_timedelta=0bv32, s1_standard_metadata.egress_global_timestamp=0bv48, s1_standard_metadata.egress_port=3bv9, s1_standard_metadata.egress_rid=0bv16, s1_standard_metadata.egress_spec=0bv9, s1_standard_metadata.enq_qdepth=0bv19, s1_standard_metadata.enq_timestamp=0bv32, s1_standard_metadata.ingress_global_timestamp=0bv48, s1_standard_metadata.ingress_port=0bv9, s1_standard_metadata.instance_type=0bv32, s1_standard_metadata.mcast_grp=0bv16, s1_standard_metadata.packet_length=0bv32, s1_standard_metadata.parser_error=0bv1, s1_standard_metadata.priority=0bv3, s1_value_reg__last0_old_value=0bv128, s1_value_reg__last0_value=0bv128, s1_value_reg__last_index=0bv32, s1_value_reg__last_old_value=0bv128, s1_value_reg__last_value=0bv128, s1_value_reg__last_write_site=1, s1_value_reg__next_write_site=1, s1_value_reg__wrote_any=true, s1_value_reg__wrote_index0=true, s2_find_index.hit=true, s2_inbox_count=0, s2_meta.location.index=0bv16, s2_meta.my_md.role=101bv16, s2_p4b_clone_e2e=false, s2_p4b_clone_i2e=false, s2_p4b_clone_i2i=false, s2_p4b_recirculate=false, s2_pkt_external=false, s2_sequence_reg__last0_old_value=0bv16, s2_sequence_reg__last0_value=65535bv16, s2_sequence_reg__last_index=0bv32, s2_sequence_reg__last_old_value=0bv16, s2_sequence_reg__last_value=65535bv16, s2_sequence_reg__last_write_site=0, s2_sequence_reg__next_write_site=0, s2_sequence_reg__wrote_any=true, s2_sequence_reg__wrote_index0=true, s2_value_reg__last0_old_value=0bv128, s2_value_reg__last0_value=0bv128, s2_value_reg__last_index=0bv32, s2_value_reg__last_old_value=0bv128, s2_value_reg__last_value=0bv128, s2_value_reg__last_write_site=0, s2_value_reg__next_write_site=0, s2_value_reg__wrote_any=false, s2_value_reg__wrote_index0=false]
[L543]   RET         call s1_value_reg.write(0bv16 ++ s1_meta.location.index, s1_hdr.nc_hdr.value);
[L528]   RET         call s1_assign_value_act();
[L878]   RET         call s1_assign_value.apply();
[L879]   CALL        call s1_pop_chain.apply();
[L1021]              s1_pop_chain.hit := false;
[L1022]              s1_pop_chain.action_run := s1_pop_chain.action.pop_chain_act;
         VAL         [h1_hdr.ethernet.dstAddr=0bv48, h1_hdr.ethernet.etherType=2048bv16, h1_hdr.ethernet.srcAddr=0bv48, h1_hdr.ethernet.valid=true, h1_hdr.ipv4.diffserv=0bv8, h1_hdr.ipv4.dstAddr=167797761bv32, h1_hdr.ipv4.flags=0bv3, h1_hdr.ipv4.fragOffset=0bv13, h1_hdr.ipv4.hdrChecksum=0bv16, h1_hdr.ipv4.identification=0bv16, h1_hdr.ipv4.ihl=0bv4, h1_hdr.ipv4.protocol=17bv8, h1_hdr.ipv4.srcAddr=1bv32, h1_hdr.ipv4.totalLen=4bv16, h1_hdr.ipv4.ttl=0bv8, h1_hdr.ipv4.valid=true, h1_hdr.ipv4.version=0bv4, h1_hdr.nc_hdr.key=2024bv128, h1_hdr.nc_hdr.op=12bv8, h1_hdr.nc_hdr.sc=1bv8, h1_hdr.nc_hdr.seq=1bv16, h1_hdr.nc_hdr.valid=true, h1_hdr.nc_hdr.value=0bv128, h1_hdr.nc_hdr.vgroup=0bv16, h1_hdr.overlay.0.swip=167797761bv32, h1_hdr.overlay.0.valid=true, h1_hdr.overlay.1.swip=167797762bv32, h1_hdr.overlay.1.valid=true, h1_hdr.overlay.2.swip=0bv32, h1_hdr.overlay.2.valid=true, h1_hdr.overlay.3.swip=0bv32, h1_hdr.overlay.3.valid=true, h1_hdr.overlay.4.swip=0bv32, h1_hdr.overlay.4.valid=true, h1_hdr.overlay.5.swip=0bv32, h1_hdr.overlay.5.valid=false, h1_hdr.overlay.6.swip=0bv32, h1_hdr.overlay.6.valid=true, h1_hdr.overlay.7.swip=0bv32, h1_hdr.overlay.7.valid=false, h1_hdr.overlay.8.swip=0bv32, h1_hdr.overlay.8.valid=true, h1_hdr.overlay.9.swip=0bv32, h1_hdr.overlay.9.valid=false, h1_hdr.overlay.last.swip=0bv32, h1_hdr.overlay.last.valid=false, h1_hdr.tcp.ackNo=0bv32, h1_hdr.tcp.checksum=0bv16, h1_hdr.tcp.ctrl=0bv6, h1_hdr.tcp.dataOffset=0bv4, h1_hdr.tcp.dstPort=0bv16, h1_hdr.tcp.ecn=0bv3, h1_hdr.tcp.res=0bv3, h1_hdr.tcp.seqNo=0bv32, h1_hdr.tcp.srcPort=0bv16, h1_hdr.tcp.urgentPtr=0bv16, h1_hdr.tcp.valid=false, h1_hdr.tcp.window=0bv16, h1_hdr.udp.checksum=0bv16, h1_hdr.udp.dstPort=0bv16, h1_hdr.udp.len=4bv16, h1_hdr.udp.srcPort=0bv16, h1_hdr.udp.valid=true, h1_inbox_count=0, h1_meta.location.index=0bv16, h1_meta.my_md.failed=0bv16, h1_meta.my_md.ipaddress=0bv32, h1_meta.my_md.role=0bv16, h1_meta.reply_to_client_md.ipv4_dstAddr=0bv32, h1_meta.reply_to_client_md.ipv4_srcAddr=0bv32, h1_meta.sequence_md.seq=0bv16, h1_meta.sequence_md.tmp=0bv16, h1_pkt_external=false, h1_standard_metadata.checksum_error=0bv1, h1_standard_metadata.deq_qdepth=0bv19, h1_standard_metadata.deq_timedelta=0bv32, h1_standard_metadata.egress_global_timestamp=0bv48, h1_standard_metadata.egress_rid=0bv16, h1_standard_metadata.enq_qdepth=0bv19, h1_standard_metadata.enq_timestamp=0bv32, h1_standard_metadata.ingress_global_timestamp=0bv48, h1_standard_metadata.ingress_port=0bv9, h1_standard_metadata.instance_type=0bv32, h1_standard_metadata.mcast_grp=0bv16, h1_standard_metadata.packet_length=0bv32, h1_standard_metadata.parser_error=0bv1, h1_standard_metadata.priority=0bv3, old(s1_assign_value.hit)=false, old(s1_drop)=false, old(s1_drop_packet.hit)=false, old(s1_ethernet_set_mac.ethernet_set_mac_act.dmac)=0bv48, old(s1_ethernet_set_mac.ethernet_set_mac_act.smac)=0bv48, old(s1_ethernet_set_mac.hit)=false, old(s1_failure_recovery.hit)=false, old(s1_find_index.find_index_act.index_1)=0bv16, old(s1_find_index.hit)=true, old(s1_forward)=false, old(s1_gen_reply.gen_reply_act.message_type)=0bv8, old(s1_gen_reply.hit)=false, old(s1_get_my_address.get_my_address_act.sw_ip)=0bv32, old(s1_get_my_address.get_my_address_act.sw_role)=0bv16, old(s1_get_my_address.hit)=false, old(s1_get_next_hop.hit)=false, old(s1_get_sequence.hit)=false, old(s1_hdr.ethernet.dstAddr)=0bv48, old(s1_hdr.ethernet.srcAddr)=0bv48, old(s1_hdr.ipv4.dstAddr)=167797761bv32, old(s1_hdr.ipv4.hdrChecksum)=0bv16, old(s1_hdr.ipv4.protocol)=17bv8, old(s1_hdr.ipv4.srcAddr)=1bv32, old(s1_hdr.ipv4.totalLen)=4bv16, old(s1_hdr.ipv4.ttl)=0bv8, old(s1_hdr.nc_hdr.key)=2024bv128, old(s1_hdr.nc_hdr.op)=12bv8, old(s1_hdr.nc_hdr.sc)=1bv8, old(s1_hdr.nc_hdr.seq)=1bv16, old(s1_hdr.nc_hdr.value)=0bv128, old(s1_hdr.nc_hdr.vgroup)=0bv16, old(s1_hdr.overlay.0.swip)=167797761bv32, old(s1_hdr.overlay.0.valid)=true, old(s1_hdr.overlay.1.swip)=167797762bv32, old(s1_hdr.overlay.1.valid)=true, old(s1_hdr.overlay.2.swip)=0bv32, old(s1_hdr.overlay.2.valid)=true, old(s1_hdr.overlay.3.swip)=0bv32, old(s1_hdr.overlay.3.valid)=true, old(s1_hdr.overlay.4.swip)=0bv32, old(s1_hdr.overlay.4.valid)=true, old(s1_hdr.overlay.5.swip)=0bv32, old(s1_hdr.overlay.5.valid)=false, old(s1_hdr.overlay.6.swip)=0bv32, old(s1_hdr.overlay.6.valid)=true, old(s1_hdr.overlay.7.swip)=0bv32, old(s1_hdr.overlay.7.valid)=false, old(s1_hdr.overlay.8.swip)=0bv32, old(s1_hdr.overlay.8.valid)=true, old(s1_hdr.overlay.9.valid)=false, old(s1_hdr.udp.checksum)=0bv16, old(s1_hdr.udp.dstPort)=0bv16, old(s1_hdr.udp.len)=4bv16, old(s1_ipv4_route.hit)=false, old(s1_ipv4_route.set_egress.egress_spec_1)=0bv9, old(s1_maintain_sequence.hit)=false, old(s1_meta.location.index)=0bv16, old(s1_meta.my_md.ipaddress)=0bv32, old(s1_meta.my_md.role)=0bv16, old(s1_meta.reply_to_client_md.ipv4_dstAddr)=0bv32, old(s1_meta.reply_to_client_md.ipv4_srcAddr)=0bv32, old(s1_meta.sequence_md.seq)=0bv16, old(s1_p4b_checksum_error)=false, old(s1_p4b_checksum_updated)=false, old(s1_p4b_checksum_verified)=false, old(s1_p4b_clone_e2e)=false, old(s1_p4b_clone_i2e)=false, old(s1_p4b_clone_i2i)=false, old(s1_p4b_digest)=false, old(s1_p4b_recirculate)=false, old(s1_pop_chain.hit)=false, old(s1_pop_chain_again.hit)=false, old(s1_read_value.hit)=false, old(s1_sequence_reg__last0_old_value)=0bv16, old(s1_sequence_reg__last0_value)=65535bv16, old(s1_sequence_reg__last_index)=0bv32, old(s1_sequence_reg__last_old_value)=0bv16, old(s1_sequence_reg__last_value)=65535bv16, old(s1_sequence_reg__last_write_site)=0, old(s1_sequence_reg__next_write_site)=0, old(s1_sequence_reg__wrote_any)=true, old(s1_sequence_reg__wrote_index0)=true, old(s1_standard_metadata.egress_port)=3bv9, old(s1_standard_metadata.egress_spec)=0bv9, old(s1_value_reg__last0_old_value)=0bv128, old(s1_value_reg__last0_value)=0bv128, old(s1_value_reg__last_index)=0bv32, old(s1_value_reg__last_old_value)=0bv128, old(s1_value_reg__last_value)=0bv128, old(s1_value_reg__last_write_site)=0, old(s1_value_reg__next_write_site)=0, old(s1_value_reg__wrote_any)=false, old(s1_value_reg__wrote_index0)=false, procurator_phase=2, procurator_step=2, s1_assign_value.hit=false, s1_drop=false, s1_drop_packet.hit=false, s1_ethernet_set_mac.ethernet_set_mac_act.dmac=0bv48, s1_ethernet_set_mac.ethernet_set_mac_act.smac=0bv48, s1_ethernet_set_mac.hit=false, s1_failure_recovery.hit=false, s1_find_index.find_index_act.index_1=0bv16, s1_find_index.hit=true, s1_forward=false, s1_gen_reply.gen_reply_act.message_type=0bv8, s1_gen_reply.hit=false, s1_get_my_address.get_my_address_act.sw_ip=167797761bv32, s1_get_my_address.get_my_address_act.sw_role=100bv16, s1_get_my_address.hit=false, s1_get_next_hop.hit=false, s1_get_sequence.hit=false, s1_hdr.ethernet.dstAddr=0bv48, s1_hdr.ethernet.etherType=2048bv16, s1_hdr.ethernet.srcAddr=0bv48, s1_hdr.ethernet.valid=true, s1_hdr.ipv4.diffserv=0bv8, s1_hdr.ipv4.dstAddr=167797761bv32, s1_hdr.ipv4.flags=0bv3, s1_hdr.ipv4.fragOffset=0bv13, s1_hdr.ipv4.hdrChecksum=0bv16, s1_hdr.ipv4.identification=0bv16, s1_hdr.ipv4.ihl=0bv4, s1_hdr.ipv4.protocol=17bv8, s1_hdr.ipv4.srcAddr=1bv32, s1_hdr.ipv4.totalLen=4bv16, s1_hdr.ipv4.ttl=0bv8, s1_hdr.ipv4.valid=true, s1_hdr.ipv4.version=0bv4, s1_hdr.nc_hdr.key=2024bv128, s1_hdr.nc_hdr.op=12bv8, s1_hdr.nc_hdr.sc=1bv8, s1_hdr.nc_hdr.seq=0bv16, s1_hdr.nc_hdr.valid=true, s1_hdr.nc_hdr.value=0bv128, s1_hdr.nc_hdr.vgroup=0bv16, s1_hdr.overlay.0.swip=167797761bv32, s1_hdr.overlay.0.valid=true, s1_hdr.overlay.1.swip=167797762bv32, s1_hdr.overlay.1.valid=true, s1_hdr.overlay.2.swip=0bv32, s1_hdr.overlay.2.valid=true, s1_hdr.overlay.3.swip=0bv32, s1_hdr.overlay.3.valid=true, s1_hdr.overlay.4.swip=0bv32, s1_hdr.overlay.4.valid=true, s1_hdr.overlay.5.swip=0bv32, s1_hdr.overlay.5.valid=false, s1_hdr.overlay.6.swip=0bv32, s1_hdr.overlay.6.valid=true, s1_hdr.overlay.7.swip=0bv32, s1_hdr.overlay.7.valid=false, s1_hdr.overlay.8.swip=0bv32, s1_hdr.overlay.8.valid=true, s1_hdr.overlay.9.swip=0bv32, s1_hdr.overlay.9.valid=false, s1_hdr.overlay.last.swip=0bv32, s1_hdr.overlay.last.valid=false, s1_hdr.tcp.ackNo=0bv32, s1_hdr.tcp.checksum=0bv16, s1_hdr.tcp.ctrl=0bv6, s1_hdr.tcp.dataOffset=0bv4, s1_hdr.tcp.dstPort=0bv16, s1_hdr.tcp.ecn=0bv3, s1_hdr.tcp.res=0bv3, s1_hdr.tcp.seqNo=0bv32, s1_hdr.tcp.srcPort=0bv16, s1_hdr.tcp.urgentPtr=0bv16, s1_hdr.tcp.valid=false, s1_hdr.tcp.window=0bv16, s1_hdr.udp.checksum=0bv16, s1_hdr.udp.dstPort=8888bv16, s1_hdr.udp.len=4bv16, s1_hdr.udp.srcPort=0bv16, s1_hdr.udp.valid=true, s1_inbox_count=0, s1_ipv4_route.hit=false, s1_ipv4_route.set_egress.egress_spec_1=0bv9, s1_maintain_sequence.hit=false, s1_meta.location.index=0bv16, s1_meta.my_md.failed=0bv16, s1_meta.my_md.ipaddress=167797761bv32, s1_meta.my_md.role=100bv16, s1_meta.reply_to_client_md.ipv4_dstAddr=0bv32, s1_meta.reply_to_client_md.ipv4_srcAddr=0bv32, s1_meta.sequence_md.seq=0bv16, s1_meta.sequence_md.tmp=0bv16, s1_p4b_checksum_error=false, s1_p4b_checksum_updated=false, s1_p4b_checksum_verified=false, s1_p4b_clone_e2e=false, s1_p4b_clone_i2e=false, s1_p4b_clone_i2i=false, s1_p4b_digest=false, s1_p4b_recirculate=false, s1_pkt_external=true, s1_pop_chain.hit=false, s1_pop_chain_again.hit=false, s1_read_value.hit=false, s1_sequence_reg__last0_old_value=0bv16, s1_sequence_reg__last0_value=0bv16, s1_sequence_reg__last_index=0bv32, s1_sequence_reg__last_old_value=0bv16, s1_sequence_reg__last_value=0bv16, s1_sequence_reg__last_write_site=1, s1_sequence_reg__next_write_site=1, s1_sequence_reg__wrote_any=true, s1_sequence_reg__wrote_index0=true, s1_standard_metadata.checksum_error=0bv1, s1_standard_metadata.deq_qdepth=0bv19, s1_standard_metadata.deq_timedelta=0bv32, s1_standard_metadata.egress_global_timestamp=0bv48, s1_standard_metadata.egress_port=3bv9, s1_standard_metadata.egress_rid=0bv16, s1_standard_metadata.egress_spec=0bv9, s1_standard_metadata.enq_qdepth=0bv19, s1_standard_metadata.enq_timestamp=0bv32, s1_standard_metadata.ingress_global_timestamp=0bv48, s1_standard_metadata.ingress_port=0bv9, s1_standard_metadata.instance_type=0bv32, s1_standard_metadata.mcast_grp=0bv16, s1_standard_metadata.packet_length=0bv32, s1_standard_metadata.parser_error=0bv1, s1_standard_metadata.priority=0bv3, s1_value_reg__last0_old_value=0bv128, s1_value_reg__last0_value=0bv128, s1_value_reg__last_index=0bv32, s1_value_reg__last_old_value=0bv128, s1_value_reg__last_value=0bv128, s1_value_reg__last_write_site=1, s1_value_reg__next_write_site=1, s1_value_reg__wrote_any=true, s1_value_reg__wrote_index0=true, s2_find_index.hit=true, s2_inbox_count=0, s2_meta.location.index=0bv16, s2_meta.my_md.role=101bv16, s2_p4b_clone_e2e=false, s2_p4b_clone_i2e=false, s2_p4b_clone_i2i=false, s2_p4b_recirculate=false, s2_pkt_external=false, s2_sequence_reg__last0_old_value=0bv16, s2_sequence_reg__last0_value=65535bv16, s2_sequence_reg__last_index=0bv32, s2_sequence_reg__last_old_value=0bv16, s2_sequence_reg__last_value=65535bv16, s2_sequence_reg__last_write_site=0, s2_sequence_reg__next_write_site=0, s2_sequence_reg__wrote_any=true, s2_sequence_reg__wrote_index0=true, s2_value_reg__last0_old_value=0bv128, s2_value_reg__last0_value=0bv128, s2_value_reg__last_index=0bv32, s2_value_reg__last_old_value=0bv128, s2_value_reg__last_value=0bv128, s2_value_reg__last_write_site=0, s2_value_reg__next_write_site=0, s2_value_reg__wrote_any=false, s2_value_reg__wrote_index0=false]
[L1023]  CALL        call s1_pop_chain_act();
         VAL         [h1_hdr.ethernet.dstAddr=0bv48, h1_hdr.ethernet.etherType=2048bv16, h1_hdr.ethernet.srcAddr=0bv48, h1_hdr.ethernet.valid=true, h1_hdr.ipv4.diffserv=0bv8, h1_hdr.ipv4.dstAddr=167797761bv32, h1_hdr.ipv4.flags=0bv3, h1_hdr.ipv4.fragOffset=0bv13, h1_hdr.ipv4.hdrChecksum=0bv16, h1_hdr.ipv4.identification=0bv16, h1_hdr.ipv4.ihl=0bv4, h1_hdr.ipv4.protocol=17bv8, h1_hdr.ipv4.srcAddr=1bv32, h1_hdr.ipv4.totalLen=4bv16, h1_hdr.ipv4.ttl=0bv8, h1_hdr.ipv4.valid=true, h1_hdr.ipv4.version=0bv4, h1_hdr.nc_hdr.key=2024bv128, h1_hdr.nc_hdr.op=12bv8, h1_hdr.nc_hdr.sc=1bv8, h1_hdr.nc_hdr.seq=1bv16, h1_hdr.nc_hdr.valid=true, h1_hdr.nc_hdr.value=0bv128, h1_hdr.nc_hdr.vgroup=0bv16, h1_hdr.overlay.0.swip=167797761bv32, h1_hdr.overlay.0.valid=true, h1_hdr.overlay.1.swip=167797762bv32, h1_hdr.overlay.1.valid=true, h1_hdr.overlay.2.swip=0bv32, h1_hdr.overlay.2.valid=true, h1_hdr.overlay.3.swip=0bv32, h1_hdr.overlay.3.valid=true, h1_hdr.overlay.4.swip=0bv32, h1_hdr.overlay.4.valid=true, h1_hdr.overlay.5.swip=0bv32, h1_hdr.overlay.5.valid=false, h1_hdr.overlay.6.swip=0bv32, h1_hdr.overlay.6.valid=true, h1_hdr.overlay.7.swip=0bv32, h1_hdr.overlay.7.valid=false, h1_hdr.overlay.8.swip=0bv32, h1_hdr.overlay.8.valid=true, h1_hdr.overlay.9.swip=0bv32, h1_hdr.overlay.9.valid=false, h1_hdr.overlay.last.swip=0bv32, h1_hdr.overlay.last.valid=false, h1_hdr.tcp.ackNo=0bv32, h1_hdr.tcp.checksum=0bv16, h1_hdr.tcp.ctrl=0bv6, h1_hdr.tcp.dataOffset=0bv4, h1_hdr.tcp.dstPort=0bv16, h1_hdr.tcp.ecn=0bv3, h1_hdr.tcp.res=0bv3, h1_hdr.tcp.seqNo=0bv32, h1_hdr.tcp.srcPort=0bv16, h1_hdr.tcp.urgentPtr=0bv16, h1_hdr.tcp.valid=false, h1_hdr.tcp.window=0bv16, h1_hdr.udp.checksum=0bv16, h1_hdr.udp.dstPort=0bv16, h1_hdr.udp.len=4bv16, h1_hdr.udp.srcPort=0bv16, h1_hdr.udp.valid=true, h1_inbox_count=0, h1_meta.location.index=0bv16, h1_meta.my_md.failed=0bv16, h1_meta.my_md.ipaddress=0bv32, h1_meta.my_md.role=0bv16, h1_meta.reply_to_client_md.ipv4_dstAddr=0bv32, h1_meta.reply_to_client_md.ipv4_srcAddr=0bv32, h1_meta.sequence_md.seq=0bv16, h1_meta.sequence_md.tmp=0bv16, h1_pkt_external=false, h1_standard_metadata.checksum_error=0bv1, h1_standard_metadata.deq_qdepth=0bv19, h1_standard_metadata.deq_timedelta=0bv32, h1_standard_metadata.egress_global_timestamp=0bv48, h1_standard_metadata.egress_rid=0bv16, h1_standard_metadata.enq_qdepth=0bv19, h1_standard_metadata.enq_timestamp=0bv32, h1_standard_metadata.ingress_global_timestamp=0bv48, h1_standard_metadata.ingress_port=0bv9, h1_standard_metadata.instance_type=0bv32, h1_standard_metadata.mcast_grp=0bv16, h1_standard_metadata.packet_length=0bv32, h1_standard_metadata.parser_error=0bv1, h1_standard_metadata.priority=0bv3, old(s1_assign_value.hit)=false, old(s1_drop)=false, old(s1_drop_packet.hit)=false, old(s1_ethernet_set_mac.ethernet_set_mac_act.dmac)=0bv48, old(s1_ethernet_set_mac.ethernet_set_mac_act.smac)=0bv48, old(s1_ethernet_set_mac.hit)=false, old(s1_failure_recovery.hit)=false, old(s1_find_index.find_index_act.index_1)=0bv16, old(s1_find_index.hit)=true, old(s1_forward)=false, old(s1_gen_reply.gen_reply_act.message_type)=0bv8, old(s1_gen_reply.hit)=false, old(s1_get_my_address.get_my_address_act.sw_ip)=0bv32, old(s1_get_my_address.get_my_address_act.sw_role)=0bv16, old(s1_get_my_address.hit)=false, old(s1_get_next_hop.hit)=false, old(s1_get_sequence.hit)=false, old(s1_hdr.ethernet.dstAddr)=0bv48, old(s1_hdr.ethernet.srcAddr)=0bv48, old(s1_hdr.ipv4.dstAddr)=167797761bv32, old(s1_hdr.ipv4.hdrChecksum)=0bv16, old(s1_hdr.ipv4.protocol)=17bv8, old(s1_hdr.ipv4.srcAddr)=1bv32, old(s1_hdr.ipv4.totalLen)=4bv16, old(s1_hdr.ipv4.ttl)=0bv8, old(s1_hdr.nc_hdr.key)=2024bv128, old(s1_hdr.nc_hdr.op)=12bv8, old(s1_hdr.nc_hdr.sc)=1bv8, old(s1_hdr.nc_hdr.seq)=1bv16, old(s1_hdr.nc_hdr.value)=0bv128, old(s1_hdr.nc_hdr.vgroup)=0bv16, old(s1_hdr.overlay.0.swip)=167797761bv32, old(s1_hdr.overlay.0.valid)=true, old(s1_hdr.overlay.1.swip)=167797762bv32, old(s1_hdr.overlay.1.valid)=true, old(s1_hdr.overlay.2.swip)=0bv32, old(s1_hdr.overlay.2.valid)=true, old(s1_hdr.overlay.3.swip)=0bv32, old(s1_hdr.overlay.3.valid)=true, old(s1_hdr.overlay.4.swip)=0bv32, old(s1_hdr.overlay.4.valid)=true, old(s1_hdr.overlay.5.swip)=0bv32, old(s1_hdr.overlay.5.valid)=false, old(s1_hdr.overlay.6.swip)=0bv32, old(s1_hdr.overlay.6.valid)=true, old(s1_hdr.overlay.7.swip)=0bv32, old(s1_hdr.overlay.7.valid)=false, old(s1_hdr.overlay.8.swip)=0bv32, old(s1_hdr.overlay.8.valid)=true, old(s1_hdr.overlay.9.valid)=false, old(s1_hdr.udp.checksum)=0bv16, old(s1_hdr.udp.dstPort)=0bv16, old(s1_hdr.udp.len)=4bv16, old(s1_ipv4_route.hit)=false, old(s1_ipv4_route.set_egress.egress_spec_1)=0bv9, old(s1_maintain_sequence.hit)=false, old(s1_meta.location.index)=0bv16, old(s1_meta.my_md.ipaddress)=0bv32, old(s1_meta.my_md.role)=0bv16, old(s1_meta.reply_to_client_md.ipv4_dstAddr)=0bv32, old(s1_meta.reply_to_client_md.ipv4_srcAddr)=0bv32, old(s1_meta.sequence_md.seq)=0bv16, old(s1_p4b_checksum_error)=false, old(s1_p4b_checksum_updated)=false, old(s1_p4b_checksum_verified)=false, old(s1_p4b_clone_e2e)=false, old(s1_p4b_clone_i2e)=false, old(s1_p4b_clone_i2i)=false, old(s1_p4b_digest)=false, old(s1_p4b_recirculate)=false, old(s1_pop_chain.hit)=false, old(s1_pop_chain_again.hit)=false, old(s1_read_value.hit)=false, old(s1_sequence_reg__last0_old_value)=0bv16, old(s1_sequence_reg__last0_value)=65535bv16, old(s1_sequence_reg__last_index)=0bv32, old(s1_sequence_reg__last_old_value)=0bv16, old(s1_sequence_reg__last_value)=65535bv16, old(s1_sequence_reg__last_write_site)=0, old(s1_sequence_reg__next_write_site)=0, old(s1_sequence_reg__wrote_any)=true, old(s1_sequence_reg__wrote_index0)=true, old(s1_standard_metadata.egress_port)=3bv9, old(s1_standard_metadata.egress_spec)=0bv9, old(s1_value_reg__last0_old_value)=0bv128, old(s1_value_reg__last0_value)=0bv128, old(s1_value_reg__last_index)=0bv32, old(s1_value_reg__last_old_value)=0bv128, old(s1_value_reg__last_value)=0bv128, old(s1_value_reg__last_write_site)=0, old(s1_value_reg__next_write_site)=0, old(s1_value_reg__wrote_any)=false, old(s1_value_reg__wrote_index0)=false, procurator_phase=2, procurator_step=2, s1_assign_value.hit=false, s1_drop=false, s1_drop_packet.hit=false, s1_ethernet_set_mac.ethernet_set_mac_act.dmac=0bv48, s1_ethernet_set_mac.ethernet_set_mac_act.smac=0bv48, s1_ethernet_set_mac.hit=false, s1_failure_recovery.hit=false, s1_find_index.find_index_act.index_1=0bv16, s1_find_index.hit=true, s1_forward=false, s1_gen_reply.gen_reply_act.message_type=0bv8, s1_gen_reply.hit=false, s1_get_my_address.get_my_address_act.sw_ip=167797761bv32, s1_get_my_address.get_my_address_act.sw_role=100bv16, s1_get_my_address.hit=false, s1_get_next_hop.hit=false, s1_get_sequence.hit=false, s1_hdr.ethernet.dstAddr=0bv48, s1_hdr.ethernet.etherType=2048bv16, s1_hdr.ethernet.srcAddr=0bv48, s1_hdr.ethernet.valid=true, s1_hdr.ipv4.diffserv=0bv8, s1_hdr.ipv4.dstAddr=167797761bv32, s1_hdr.ipv4.flags=0bv3, s1_hdr.ipv4.fragOffset=0bv13, s1_hdr.ipv4.hdrChecksum=0bv16, s1_hdr.ipv4.identification=0bv16, s1_hdr.ipv4.ihl=0bv4, s1_hdr.ipv4.protocol=17bv8, s1_hdr.ipv4.srcAddr=1bv32, s1_hdr.ipv4.totalLen=4bv16, s1_hdr.ipv4.ttl=0bv8, s1_hdr.ipv4.valid=true, s1_hdr.ipv4.version=0bv4, s1_hdr.nc_hdr.key=2024bv128, s1_hdr.nc_hdr.op=12bv8, s1_hdr.nc_hdr.sc=1bv8, s1_hdr.nc_hdr.seq=0bv16, s1_hdr.nc_hdr.valid=true, s1_hdr.nc_hdr.value=0bv128, s1_hdr.nc_hdr.vgroup=0bv16, s1_hdr.overlay.0.swip=167797761bv32, s1_hdr.overlay.0.valid=true, s1_hdr.overlay.1.swip=167797762bv32, s1_hdr.overlay.1.valid=true, s1_hdr.overlay.2.swip=0bv32, s1_hdr.overlay.2.valid=true, s1_hdr.overlay.3.swip=0bv32, s1_hdr.overlay.3.valid=true, s1_hdr.overlay.4.swip=0bv32, s1_hdr.overlay.4.valid=true, s1_hdr.overlay.5.swip=0bv32, s1_hdr.overlay.5.valid=false, s1_hdr.overlay.6.swip=0bv32, s1_hdr.overlay.6.valid=true, s1_hdr.overlay.7.swip=0bv32, s1_hdr.overlay.7.valid=false, s1_hdr.overlay.8.swip=0bv32, s1_hdr.overlay.8.valid=true, s1_hdr.overlay.9.swip=0bv32, s1_hdr.overlay.9.valid=false, s1_hdr.overlay.last.swip=0bv32, s1_hdr.overlay.last.valid=false, s1_hdr.tcp.ackNo=0bv32, s1_hdr.tcp.checksum=0bv16, s1_hdr.tcp.ctrl=0bv6, s1_hdr.tcp.dataOffset=0bv4, s1_hdr.tcp.dstPort=0bv16, s1_hdr.tcp.ecn=0bv3, s1_hdr.tcp.res=0bv3, s1_hdr.tcp.seqNo=0bv32, s1_hdr.tcp.srcPort=0bv16, s1_hdr.tcp.urgentPtr=0bv16, s1_hdr.tcp.valid=false, s1_hdr.tcp.window=0bv16, s1_hdr.udp.checksum=0bv16, s1_hdr.udp.dstPort=8888bv16, s1_hdr.udp.len=4bv16, s1_hdr.udp.srcPort=0bv16, s1_hdr.udp.valid=true, s1_inbox_count=0, s1_ipv4_route.hit=false, s1_ipv4_route.set_egress.egress_spec_1=0bv9, s1_maintain_sequence.hit=false, s1_meta.location.index=0bv16, s1_meta.my_md.failed=0bv16, s1_meta.my_md.ipaddress=167797761bv32, s1_meta.my_md.role=100bv16, s1_meta.reply_to_client_md.ipv4_dstAddr=0bv32, s1_meta.reply_to_client_md.ipv4_srcAddr=0bv32, s1_meta.sequence_md.seq=0bv16, s1_meta.sequence_md.tmp=0bv16, s1_p4b_checksum_error=false, s1_p4b_checksum_updated=false, s1_p4b_checksum_verified=false, s1_p4b_clone_e2e=false, s1_p4b_clone_i2e=false, s1_p4b_clone_i2i=false, s1_p4b_digest=false, s1_p4b_recirculate=false, s1_pkt_external=true, s1_pop_chain.hit=false, s1_pop_chain_again.hit=false, s1_read_value.hit=false, s1_sequence_reg__last0_old_value=0bv16, s1_sequence_reg__last0_value=0bv16, s1_sequence_reg__last_index=0bv32, s1_sequence_reg__last_old_value=0bv16, s1_sequence_reg__last_value=0bv16, s1_sequence_reg__last_write_site=1, s1_sequence_reg__next_write_site=1, s1_sequence_reg__wrote_any=true, s1_sequence_reg__wrote_index0=true, s1_standard_metadata.checksum_error=0bv1, s1_standard_metadata.deq_qdepth=0bv19, s1_standard_metadata.deq_timedelta=0bv32, s1_standard_metadata.egress_global_timestamp=0bv48, s1_standard_metadata.egress_port=3bv9, s1_standard_metadata.egress_rid=0bv16, s1_standard_metadata.egress_spec=0bv9, s1_standard_metadata.enq_qdepth=0bv19, s1_standard_metadata.enq_timestamp=0bv32, s1_standard_metadata.ingress_global_timestamp=0bv48, s1_standard_metadata.ingress_port=0bv9, s1_standard_metadata.instance_type=0bv32, s1_standard_metadata.mcast_grp=0bv16, s1_standard_metadata.packet_length=0bv32, s1_standard_metadata.parser_error=0bv1, s1_standard_metadata.priority=0bv3, s1_value_reg__last0_old_value=0bv128, s1_value_reg__last0_value=0bv128, s1_value_reg__last_index=0bv32, s1_value_reg__last_old_value=0bv128, s1_value_reg__last_value=0bv128, s1_value_reg__last_write_site=1, s1_value_reg__next_write_site=1, s1_value_reg__wrote_any=true, s1_value_reg__wrote_index0=true, s2_find_index.hit=true, s2_inbox_count=0, s2_meta.location.index=0bv16, s2_meta.my_md.role=101bv16, s2_p4b_clone_e2e=false, s2_p4b_clone_i2e=false, s2_p4b_clone_i2i=false, s2_p4b_recirculate=false, s2_pkt_external=false, s2_sequence_reg__last0_old_value=0bv16, s2_sequence_reg__last0_value=65535bv16, s2_sequence_reg__last_index=0bv32, s2_sequence_reg__last_old_value=0bv16, s2_sequence_reg__last_value=65535bv16, s2_sequence_reg__last_write_site=0, s2_sequence_reg__next_write_site=0, s2_sequence_reg__wrote_any=true, s2_sequence_reg__wrote_index0=true, s2_value_reg__last0_old_value=0bv128, s2_value_reg__last0_value=0bv128, s2_value_reg__last_index=0bv32, s2_value_reg__last_old_value=0bv128, s2_value_reg__last_value=0bv128, s2_value_reg__last_write_site=0, s2_value_reg__next_write_site=0, s2_value_reg__wrote_any=false, s2_value_reg__wrote_index0=false]
[L1033]              s1_hdr.nc_hdr.sc := add.bv8(s1_hdr.nc_hdr.sc, 255bv8);
[L1035]              s1_hdr.overlay.0.swip := s1_hdr.overlay.1.swip;
[L1036]              s1_hdr.overlay.0.valid := s1_hdr.overlay.1.valid;
[L1037]              s1_isValid[s1_hdr.overlay.0] := s1_isValid[s1_hdr.overlay.1];
[L1038]              s1_hdr.overlay.1.swip := s1_hdr.overlay.2.swip;
[L1039]              s1_hdr.overlay.1.valid := s1_hdr.overlay.2.valid;
[L1040]              s1_isValid[s1_hdr.overlay.1] := s1_isValid[s1_hdr.overlay.2];
[L1041]              s1_hdr.overlay.2.swip := s1_hdr.overlay.3.swip;
[L1042]              s1_hdr.overlay.2.valid := s1_hdr.overlay.3.valid;
[L1043]              s1_isValid[s1_hdr.overlay.2] := s1_isValid[s1_hdr.overlay.3];
[L1044]              s1_hdr.overlay.3.swip := s1_hdr.overlay.4.swip;
[L1045]              s1_hdr.overlay.3.valid := s1_hdr.overlay.4.valid;
[L1046]              s1_isValid[s1_hdr.overlay.3] := s1_isValid[s1_hdr.overlay.4];
[L1047]              s1_hdr.overlay.4.swip := s1_hdr.overlay.5.swip;
[L1048]              s1_hdr.overlay.4.valid := s1_hdr.overlay.5.valid;
[L1049]              s1_isValid[s1_hdr.overlay.4] := s1_isValid[s1_hdr.overlay.5];
[L1050]              s1_hdr.overlay.5.swip := s1_hdr.overlay.6.swip;
[L1051]              s1_hdr.overlay.5.valid := s1_hdr.overlay.6.valid;
[L1052]              s1_isValid[s1_hdr.overlay.5] := s1_isValid[s1_hdr.overlay.6];
[L1053]              s1_hdr.overlay.6.swip := s1_hdr.overlay.7.swip;
[L1054]              s1_hdr.overlay.6.valid := s1_hdr.overlay.7.valid;
[L1055]              s1_isValid[s1_hdr.overlay.6] := s1_isValid[s1_hdr.overlay.7];
[L1056]              s1_hdr.overlay.7.swip := s1_hdr.overlay.8.swip;
[L1057]              s1_hdr.overlay.7.valid := s1_hdr.overlay.8.valid;
[L1058]              s1_isValid[s1_hdr.overlay.7] := s1_isValid[s1_hdr.overlay.8];
[L1059]              s1_hdr.overlay.8.swip := s1_hdr.overlay.9.swip;
[L1060]              s1_hdr.overlay.8.valid := s1_hdr.overlay.9.valid;
[L1061]              s1_isValid[s1_hdr.overlay.8] := s1_isValid[s1_hdr.overlay.9];
[L1062]              s1_hdr.overlay.9.valid := false;
[L1063]              s1_isValid[s1_hdr.overlay.9] := false;
[L1064]              s1_hdr.udp.len := add.bv16(s1_hdr.udp.len, 65532bv16);
[L1065]              s1_hdr.ipv4.totalLen := add.bv16(s1_hdr.ipv4.totalLen, 65532bv16);
         VAL         [h1_hdr.ethernet.dstAddr=0bv48, h1_hdr.ethernet.etherType=2048bv16, h1_hdr.ethernet.srcAddr=0bv48, h1_hdr.ethernet.valid=true, h1_hdr.ipv4.diffserv=0bv8, h1_hdr.ipv4.dstAddr=167797761bv32, h1_hdr.ipv4.flags=0bv3, h1_hdr.ipv4.fragOffset=0bv13, h1_hdr.ipv4.hdrChecksum=0bv16, h1_hdr.ipv4.identification=0bv16, h1_hdr.ipv4.ihl=0bv4, h1_hdr.ipv4.protocol=17bv8, h1_hdr.ipv4.srcAddr=1bv32, h1_hdr.ipv4.totalLen=4bv16, h1_hdr.ipv4.ttl=0bv8, h1_hdr.ipv4.valid=true, h1_hdr.ipv4.version=0bv4, h1_hdr.nc_hdr.key=2024bv128, h1_hdr.nc_hdr.op=12bv8, h1_hdr.nc_hdr.sc=1bv8, h1_hdr.nc_hdr.seq=1bv16, h1_hdr.nc_hdr.valid=true, h1_hdr.nc_hdr.value=0bv128, h1_hdr.nc_hdr.vgroup=0bv16, h1_hdr.overlay.0.swip=167797761bv32, h1_hdr.overlay.0.valid=true, h1_hdr.overlay.1.swip=167797762bv32, h1_hdr.overlay.1.valid=true, h1_hdr.overlay.2.swip=0bv32, h1_hdr.overlay.2.valid=true, h1_hdr.overlay.3.swip=0bv32, h1_hdr.overlay.3.valid=true, h1_hdr.overlay.4.swip=0bv32, h1_hdr.overlay.4.valid=true, h1_hdr.overlay.5.swip=0bv32, h1_hdr.overlay.5.valid=false, h1_hdr.overlay.6.swip=0bv32, h1_hdr.overlay.6.valid=true, h1_hdr.overlay.7.swip=0bv32, h1_hdr.overlay.7.valid=false, h1_hdr.overlay.8.swip=0bv32, h1_hdr.overlay.8.valid=true, h1_hdr.overlay.9.swip=0bv32, h1_hdr.overlay.9.valid=false, h1_hdr.overlay.last.swip=0bv32, h1_hdr.overlay.last.valid=false, h1_hdr.tcp.ackNo=0bv32, h1_hdr.tcp.checksum=0bv16, h1_hdr.tcp.ctrl=0bv6, h1_hdr.tcp.dataOffset=0bv4, h1_hdr.tcp.dstPort=0bv16, h1_hdr.tcp.ecn=0bv3, h1_hdr.tcp.res=0bv3, h1_hdr.tcp.seqNo=0bv32, h1_hdr.tcp.srcPort=0bv16, h1_hdr.tcp.urgentPtr=0bv16, h1_hdr.tcp.valid=false, h1_hdr.tcp.window=0bv16, h1_hdr.udp.checksum=0bv16, h1_hdr.udp.dstPort=0bv16, h1_hdr.udp.len=4bv16, h1_hdr.udp.srcPort=0bv16, h1_hdr.udp.valid=true, h1_inbox_count=0, h1_meta.location.index=0bv16, h1_meta.my_md.failed=0bv16, h1_meta.my_md.ipaddress=0bv32, h1_meta.my_md.role=0bv16, h1_meta.reply_to_client_md.ipv4_dstAddr=0bv32, h1_meta.reply_to_client_md.ipv4_srcAddr=0bv32, h1_meta.sequence_md.seq=0bv16, h1_meta.sequence_md.tmp=0bv16, h1_pkt_external=false, h1_standard_metadata.checksum_error=0bv1, h1_standard_metadata.deq_qdepth=0bv19, h1_standard_metadata.deq_timedelta=0bv32, h1_standard_metadata.egress_global_timestamp=0bv48, h1_standard_metadata.egress_rid=0bv16, h1_standard_metadata.enq_qdepth=0bv19, h1_standard_metadata.enq_timestamp=0bv32, h1_standard_metadata.ingress_global_timestamp=0bv48, h1_standard_metadata.ingress_port=0bv9, h1_standard_metadata.instance_type=0bv32, h1_standard_metadata.mcast_grp=0bv16, h1_standard_metadata.packet_length=0bv32, h1_standard_metadata.parser_error=0bv1, h1_standard_metadata.priority=0bv3, old(s1_assign_value.hit)=false, old(s1_drop)=false, old(s1_drop_packet.hit)=false, old(s1_ethernet_set_mac.ethernet_set_mac_act.dmac)=0bv48, old(s1_ethernet_set_mac.ethernet_set_mac_act.smac)=0bv48, old(s1_ethernet_set_mac.hit)=false, old(s1_failure_recovery.hit)=false, old(s1_find_index.find_index_act.index_1)=0bv16, old(s1_find_index.hit)=true, old(s1_forward)=false, old(s1_gen_reply.gen_reply_act.message_type)=0bv8, old(s1_gen_reply.hit)=false, old(s1_get_my_address.get_my_address_act.sw_ip)=0bv32, old(s1_get_my_address.get_my_address_act.sw_role)=0bv16, old(s1_get_my_address.hit)=false, old(s1_get_next_hop.hit)=false, old(s1_get_sequence.hit)=false, old(s1_hdr.ethernet.dstAddr)=0bv48, old(s1_hdr.ethernet.srcAddr)=0bv48, old(s1_hdr.ipv4.dstAddr)=167797761bv32, old(s1_hdr.ipv4.hdrChecksum)=0bv16, old(s1_hdr.ipv4.protocol)=17bv8, old(s1_hdr.ipv4.srcAddr)=1bv32, old(s1_hdr.ipv4.totalLen)=4bv16, old(s1_hdr.ipv4.ttl)=0bv8, old(s1_hdr.nc_hdr.key)=2024bv128, old(s1_hdr.nc_hdr.op)=12bv8, old(s1_hdr.nc_hdr.sc)=1bv8, old(s1_hdr.nc_hdr.seq)=1bv16, old(s1_hdr.nc_hdr.value)=0bv128, old(s1_hdr.nc_hdr.vgroup)=0bv16, old(s1_hdr.overlay.0.swip)=167797761bv32, old(s1_hdr.overlay.0.valid)=true, old(s1_hdr.overlay.1.swip)=167797762bv32, old(s1_hdr.overlay.1.valid)=true, old(s1_hdr.overlay.2.swip)=0bv32, old(s1_hdr.overlay.2.valid)=true, old(s1_hdr.overlay.3.swip)=0bv32, old(s1_hdr.overlay.3.valid)=true, old(s1_hdr.overlay.4.swip)=0bv32, old(s1_hdr.overlay.4.valid)=true, old(s1_hdr.overlay.5.swip)=0bv32, old(s1_hdr.overlay.5.valid)=false, old(s1_hdr.overlay.6.swip)=0bv32, old(s1_hdr.overlay.6.valid)=true, old(s1_hdr.overlay.7.swip)=0bv32, old(s1_hdr.overlay.7.valid)=false, old(s1_hdr.overlay.8.swip)=0bv32, old(s1_hdr.overlay.8.valid)=true, old(s1_hdr.overlay.9.valid)=false, old(s1_hdr.udp.checksum)=0bv16, old(s1_hdr.udp.dstPort)=0bv16, old(s1_hdr.udp.len)=4bv16, old(s1_ipv4_route.hit)=false, old(s1_ipv4_route.set_egress.egress_spec_1)=0bv9, old(s1_maintain_sequence.hit)=false, old(s1_meta.location.index)=0bv16, old(s1_meta.my_md.ipaddress)=0bv32, old(s1_meta.my_md.role)=0bv16, old(s1_meta.reply_to_client_md.ipv4_dstAddr)=0bv32, old(s1_meta.reply_to_client_md.ipv4_srcAddr)=0bv32, old(s1_meta.sequence_md.seq)=0bv16, old(s1_p4b_checksum_error)=false, old(s1_p4b_checksum_updated)=false, old(s1_p4b_checksum_verified)=false, old(s1_p4b_clone_e2e)=false, old(s1_p4b_clone_i2e)=false, old(s1_p4b_clone_i2i)=false, old(s1_p4b_digest)=false, old(s1_p4b_recirculate)=false, old(s1_pop_chain.hit)=false, old(s1_pop_chain_again.hit)=false, old(s1_read_value.hit)=false, old(s1_sequence_reg__last0_old_value)=0bv16, old(s1_sequence_reg__last0_value)=65535bv16, old(s1_sequence_reg__last_index)=0bv32, old(s1_sequence_reg__last_old_value)=0bv16, old(s1_sequence_reg__last_value)=65535bv16, old(s1_sequence_reg__last_write_site)=0, old(s1_sequence_reg__next_write_site)=0, old(s1_sequence_reg__wrote_any)=true, old(s1_sequence_reg__wrote_index0)=true, old(s1_standard_metadata.egress_port)=3bv9, old(s1_standard_metadata.egress_spec)=0bv9, old(s1_value_reg__last0_old_value)=0bv128, old(s1_value_reg__last0_value)=0bv128, old(s1_value_reg__last_index)=0bv32, old(s1_value_reg__last_old_value)=0bv128, old(s1_value_reg__last_value)=0bv128, old(s1_value_reg__last_write_site)=0, old(s1_value_reg__next_write_site)=0, old(s1_value_reg__wrote_any)=false, old(s1_value_reg__wrote_index0)=false, procurator_phase=2, procurator_step=2, s1_assign_value.hit=false, s1_drop=false, s1_drop_packet.hit=false, s1_ethernet_set_mac.ethernet_set_mac_act.dmac=0bv48, s1_ethernet_set_mac.ethernet_set_mac_act.smac=0bv48, s1_ethernet_set_mac.hit=false, s1_failure_recovery.hit=false, s1_find_index.find_index_act.index_1=0bv16, s1_find_index.hit=true, s1_forward=false, s1_gen_reply.gen_reply_act.message_type=0bv8, s1_gen_reply.hit=false, s1_get_my_address.get_my_address_act.sw_ip=167797761bv32, s1_get_my_address.get_my_address_act.sw_role=100bv16, s1_get_my_address.hit=false, s1_get_next_hop.hit=false, s1_get_sequence.hit=false, s1_hdr.ethernet.dstAddr=0bv48, s1_hdr.ethernet.etherType=2048bv16, s1_hdr.ethernet.srcAddr=0bv48, s1_hdr.ethernet.valid=true, s1_hdr.ipv4.diffserv=0bv8, s1_hdr.ipv4.dstAddr=167797761bv32, s1_hdr.ipv4.flags=0bv3, s1_hdr.ipv4.fragOffset=0bv13, s1_hdr.ipv4.hdrChecksum=0bv16, s1_hdr.ipv4.identification=0bv16, s1_hdr.ipv4.ihl=0bv4, s1_hdr.ipv4.protocol=17bv8, s1_hdr.ipv4.srcAddr=1bv32, s1_hdr.ipv4.totalLen=0bv16, s1_hdr.ipv4.ttl=0bv8, s1_hdr.ipv4.valid=true, s1_hdr.ipv4.version=0bv4, s1_hdr.nc_hdr.key=2024bv128, s1_hdr.nc_hdr.op=12bv8, s1_hdr.nc_hdr.sc=0bv8, s1_hdr.nc_hdr.seq=0bv16, s1_hdr.nc_hdr.valid=true, s1_hdr.nc_hdr.value=0bv128, s1_hdr.nc_hdr.vgroup=0bv16, s1_hdr.overlay.0.swip=167797762bv32, s1_hdr.overlay.0.valid=true, s1_hdr.overlay.1.swip=0bv32, s1_hdr.overlay.1.valid=true, s1_hdr.overlay.2.swip=0bv32, s1_hdr.overlay.2.valid=true, s1_hdr.overlay.3.swip=0bv32, s1_hdr.overlay.3.valid=true, s1_hdr.overlay.4.swip=0bv32, s1_hdr.overlay.4.valid=false, s1_hdr.overlay.5.swip=0bv32, s1_hdr.overlay.5.valid=true, s1_hdr.overlay.6.swip=0bv32, s1_hdr.overlay.6.valid=false, s1_hdr.overlay.7.swip=0bv32, s1_hdr.overlay.7.valid=true, s1_hdr.overlay.8.swip=0bv32, s1_hdr.overlay.8.valid=false, s1_hdr.overlay.9.swip=0bv32, s1_hdr.overlay.9.valid=false, s1_hdr.overlay.last.swip=0bv32, s1_hdr.overlay.last.valid=false, s1_hdr.tcp.ackNo=0bv32, s1_hdr.tcp.checksum=0bv16, s1_hdr.tcp.ctrl=0bv6, s1_hdr.tcp.dataOffset=0bv4, s1_hdr.tcp.dstPort=0bv16, s1_hdr.tcp.ecn=0bv3, s1_hdr.tcp.res=0bv3, s1_hdr.tcp.seqNo=0bv32, s1_hdr.tcp.srcPort=0bv16, s1_hdr.tcp.urgentPtr=0bv16, s1_hdr.tcp.valid=false, s1_hdr.tcp.window=0bv16, s1_hdr.udp.checksum=0bv16, s1_hdr.udp.dstPort=8888bv16, s1_hdr.udp.len=0bv16, s1_hdr.udp.srcPort=0bv16, s1_hdr.udp.valid=true, s1_inbox_count=0, s1_ipv4_route.hit=false, s1_ipv4_route.set_egress.egress_spec_1=0bv9, s1_maintain_sequence.hit=false, s1_meta.location.index=0bv16, s1_meta.my_md.failed=0bv16, s1_meta.my_md.ipaddress=167797761bv32, s1_meta.my_md.role=100bv16, s1_meta.reply_to_client_md.ipv4_dstAddr=0bv32, s1_meta.reply_to_client_md.ipv4_srcAddr=0bv32, s1_meta.sequence_md.seq=0bv16, s1_meta.sequence_md.tmp=0bv16, s1_p4b_checksum_error=false, s1_p4b_checksum_updated=false, s1_p4b_checksum_verified=false, s1_p4b_clone_e2e=false, s1_p4b_clone_i2e=false, s1_p4b_clone_i2i=false, s1_p4b_digest=false, s1_p4b_recirculate=false, s1_pkt_external=true, s1_pop_chain.hit=false, s1_pop_chain_again.hit=false, s1_read_value.hit=false, s1_sequence_reg__last0_old_value=0bv16, s1_sequence_reg__last0_value=0bv16, s1_sequence_reg__last_index=0bv32, s1_sequence_reg__last_old_value=0bv16, s1_sequence_reg__last_value=0bv16, s1_sequence_reg__last_write_site=1, s1_sequence_reg__next_write_site=1, s1_sequence_reg__wrote_any=true, s1_sequence_reg__wrote_index0=true, s1_standard_metadata.checksum_error=0bv1, s1_standard_metadata.deq_qdepth=0bv19, s1_standard_metadata.deq_timedelta=0bv32, s1_standard_metadata.egress_global_timestamp=0bv48, s1_standard_metadata.egress_port=3bv9, s1_standard_metadata.egress_rid=0bv16, s1_standard_metadata.egress_spec=0bv9, s1_standard_metadata.enq_qdepth=0bv19, s1_standard_metadata.enq_timestamp=0bv32, s1_standard_metadata.ingress_global_timestamp=0bv48, s1_standard_metadata.ingress_port=0bv9, s1_standard_metadata.instance_type=0bv32, s1_standard_metadata.mcast_grp=0bv16, s1_standard_metadata.packet_length=0bv32, s1_standard_metadata.parser_error=0bv1, s1_standard_metadata.priority=0bv3, s1_value_reg__last0_old_value=0bv128, s1_value_reg__last0_value=0bv128, s1_value_reg__last_index=0bv32, s1_value_reg__last_old_value=0bv128, s1_value_reg__last_value=0bv128, s1_value_reg__last_write_site=1, s1_value_reg__next_write_site=1, s1_value_reg__wrote_any=true, s1_value_reg__wrote_index0=true, s2_find_index.hit=true, s2_inbox_count=0, s2_meta.location.index=0bv16, s2_meta.my_md.role=101bv16, s2_p4b_clone_e2e=false, s2_p4b_clone_i2e=false, s2_p4b_clone_i2i=false, s2_p4b_recirculate=false, s2_pkt_external=false, s2_sequence_reg__last0_old_value=0bv16, s2_sequence_reg__last0_value=65535bv16, s2_sequence_reg__last_index=0bv32, s2_sequence_reg__last_old_value=0bv16, s2_sequence_reg__last_value=65535bv16, s2_sequence_reg__last_write_site=0, s2_sequence_reg__next_write_site=0, s2_sequence_reg__wrote_any=true, s2_sequence_reg__wrote_index0=true, s2_value_reg__last0_old_value=0bv128, s2_value_reg__last0_value=0bv128, s2_value_reg__last_index=0bv32, s2_value_reg__last_old_value=0bv128, s2_value_reg__last_value=0bv128, s2_value_reg__last_write_site=0, s2_value_reg__next_write_site=0, s2_value_reg__wrote_any=false, s2_value_reg__wrote_index0=false]
[L1023]  RET         call s1_pop_chain_act();
         VAL         [h1_hdr.ethernet.dstAddr=0bv48, h1_hdr.ethernet.etherType=2048bv16, h1_hdr.ethernet.srcAddr=0bv48, h1_hdr.ethernet.valid=true, h1_hdr.ipv4.diffserv=0bv8, h1_hdr.ipv4.dstAddr=167797761bv32, h1_hdr.ipv4.flags=0bv3, h1_hdr.ipv4.fragOffset=0bv13, h1_hdr.ipv4.hdrChecksum=0bv16, h1_hdr.ipv4.identification=0bv16, h1_hdr.ipv4.ihl=0bv4, h1_hdr.ipv4.protocol=17bv8, h1_hdr.ipv4.srcAddr=1bv32, h1_hdr.ipv4.totalLen=4bv16, h1_hdr.ipv4.ttl=0bv8, h1_hdr.ipv4.valid=true, h1_hdr.ipv4.version=0bv4, h1_hdr.nc_hdr.key=2024bv128, h1_hdr.nc_hdr.op=12bv8, h1_hdr.nc_hdr.sc=1bv8, h1_hdr.nc_hdr.seq=1bv16, h1_hdr.nc_hdr.valid=true, h1_hdr.nc_hdr.value=0bv128, h1_hdr.nc_hdr.vgroup=0bv16, h1_hdr.overlay.0.swip=167797761bv32, h1_hdr.overlay.0.valid=true, h1_hdr.overlay.1.swip=167797762bv32, h1_hdr.overlay.1.valid=true, h1_hdr.overlay.2.swip=0bv32, h1_hdr.overlay.2.valid=true, h1_hdr.overlay.3.swip=0bv32, h1_hdr.overlay.3.valid=true, h1_hdr.overlay.4.swip=0bv32, h1_hdr.overlay.4.valid=true, h1_hdr.overlay.5.swip=0bv32, h1_hdr.overlay.5.valid=false, h1_hdr.overlay.6.swip=0bv32, h1_hdr.overlay.6.valid=true, h1_hdr.overlay.7.swip=0bv32, h1_hdr.overlay.7.valid=false, h1_hdr.overlay.8.swip=0bv32, h1_hdr.overlay.8.valid=true, h1_hdr.overlay.9.swip=0bv32, h1_hdr.overlay.9.valid=false, h1_hdr.overlay.last.swip=0bv32, h1_hdr.overlay.last.valid=false, h1_hdr.tcp.ackNo=0bv32, h1_hdr.tcp.checksum=0bv16, h1_hdr.tcp.ctrl=0bv6, h1_hdr.tcp.dataOffset=0bv4, h1_hdr.tcp.dstPort=0bv16, h1_hdr.tcp.ecn=0bv3, h1_hdr.tcp.res=0bv3, h1_hdr.tcp.seqNo=0bv32, h1_hdr.tcp.srcPort=0bv16, h1_hdr.tcp.urgentPtr=0bv16, h1_hdr.tcp.valid=false, h1_hdr.tcp.window=0bv16, h1_hdr.udp.checksum=0bv16, h1_hdr.udp.dstPort=0bv16, h1_hdr.udp.len=4bv16, h1_hdr.udp.srcPort=0bv16, h1_hdr.udp.valid=true, h1_inbox_count=0, h1_meta.location.index=0bv16, h1_meta.my_md.failed=0bv16, h1_meta.my_md.ipaddress=0bv32, h1_meta.my_md.role=0bv16, h1_meta.reply_to_client_md.ipv4_dstAddr=0bv32, h1_meta.reply_to_client_md.ipv4_srcAddr=0bv32, h1_meta.sequence_md.seq=0bv16, h1_meta.sequence_md.tmp=0bv16, h1_pkt_external=false, h1_standard_metadata.checksum_error=0bv1, h1_standard_metadata.deq_qdepth=0bv19, h1_standard_metadata.deq_timedelta=0bv32, h1_standard_metadata.egress_global_timestamp=0bv48, h1_standard_metadata.egress_rid=0bv16, h1_standard_metadata.enq_qdepth=0bv19, h1_standard_metadata.enq_timestamp=0bv32, h1_standard_metadata.ingress_global_timestamp=0bv48, h1_standard_metadata.ingress_port=0bv9, h1_standard_metadata.instance_type=0bv32, h1_standard_metadata.mcast_grp=0bv16, h1_standard_metadata.packet_length=0bv32, h1_standard_metadata.parser_error=0bv1, h1_standard_metadata.priority=0bv3, old(s1_assign_value.hit)=false, old(s1_drop)=false, old(s1_drop_packet.hit)=false, old(s1_ethernet_set_mac.ethernet_set_mac_act.dmac)=0bv48, old(s1_ethernet_set_mac.ethernet_set_mac_act.smac)=0bv48, old(s1_ethernet_set_mac.hit)=false, old(s1_failure_recovery.hit)=false, old(s1_find_index.find_index_act.index_1)=0bv16, old(s1_find_index.hit)=true, old(s1_forward)=false, old(s1_gen_reply.gen_reply_act.message_type)=0bv8, old(s1_gen_reply.hit)=false, old(s1_get_my_address.get_my_address_act.sw_ip)=0bv32, old(s1_get_my_address.get_my_address_act.sw_role)=0bv16, old(s1_get_my_address.hit)=false, old(s1_get_next_hop.hit)=false, old(s1_get_sequence.hit)=false, old(s1_hdr.ethernet.dstAddr)=0bv48, old(s1_hdr.ethernet.srcAddr)=0bv48, old(s1_hdr.ipv4.dstAddr)=167797761bv32, old(s1_hdr.ipv4.hdrChecksum)=0bv16, old(s1_hdr.ipv4.protocol)=17bv8, old(s1_hdr.ipv4.srcAddr)=1bv32, old(s1_hdr.ipv4.totalLen)=4bv16, old(s1_hdr.ipv4.ttl)=0bv8, old(s1_hdr.nc_hdr.key)=2024bv128, old(s1_hdr.nc_hdr.op)=12bv8, old(s1_hdr.nc_hdr.sc)=1bv8, old(s1_hdr.nc_hdr.seq)=1bv16, old(s1_hdr.nc_hdr.value)=0bv128, old(s1_hdr.nc_hdr.vgroup)=0bv16, old(s1_hdr.overlay.0.swip)=167797761bv32, old(s1_hdr.overlay.0.valid)=true, old(s1_hdr.overlay.1.swip)=167797762bv32, old(s1_hdr.overlay.1.valid)=true, old(s1_hdr.overlay.2.swip)=0bv32, old(s1_hdr.overlay.2.valid)=true, old(s1_hdr.overlay.3.swip)=0bv32, old(s1_hdr.overlay.3.valid)=true, old(s1_hdr.overlay.4.swip)=0bv32, old(s1_hdr.overlay.4.valid)=true, old(s1_hdr.overlay.5.swip)=0bv32, old(s1_hdr.overlay.5.valid)=false, old(s1_hdr.overlay.6.swip)=0bv32, old(s1_hdr.overlay.6.valid)=true, old(s1_hdr.overlay.7.swip)=0bv32, old(s1_hdr.overlay.7.valid)=false, old(s1_hdr.overlay.8.swip)=0bv32, old(s1_hdr.overlay.8.valid)=true, old(s1_hdr.overlay.9.valid)=false, old(s1_hdr.udp.checksum)=0bv16, old(s1_hdr.udp.dstPort)=0bv16, old(s1_hdr.udp.len)=4bv16, old(s1_ipv4_route.hit)=false, old(s1_ipv4_route.set_egress.egress_spec_1)=0bv9, old(s1_maintain_sequence.hit)=false, old(s1_meta.location.index)=0bv16, old(s1_meta.my_md.ipaddress)=0bv32, old(s1_meta.my_md.role)=0bv16, old(s1_meta.reply_to_client_md.ipv4_dstAddr)=0bv32, old(s1_meta.reply_to_client_md.ipv4_srcAddr)=0bv32, old(s1_meta.sequence_md.seq)=0bv16, old(s1_p4b_checksum_error)=false, old(s1_p4b_checksum_updated)=false, old(s1_p4b_checksum_verified)=false, old(s1_p4b_clone_e2e)=false, old(s1_p4b_clone_i2e)=false, old(s1_p4b_clone_i2i)=false, old(s1_p4b_digest)=false, old(s1_p4b_recirculate)=false, old(s1_pop_chain.hit)=false, old(s1_pop_chain_again.hit)=false, old(s1_read_value.hit)=false, old(s1_sequence_reg__last0_old_value)=0bv16, old(s1_sequence_reg__last0_value)=65535bv16, old(s1_sequence_reg__last_index)=0bv32, old(s1_sequence_reg__last_old_value)=0bv16, old(s1_sequence_reg__last_value)=65535bv16, old(s1_sequence_reg__last_write_site)=0, old(s1_sequence_reg__next_write_site)=0, old(s1_sequence_reg__wrote_any)=true, old(s1_sequence_reg__wrote_index0)=true, old(s1_standard_metadata.egress_port)=3bv9, old(s1_standard_metadata.egress_spec)=0bv9, old(s1_value_reg__last0_old_value)=0bv128, old(s1_value_reg__last0_value)=0bv128, old(s1_value_reg__last_index)=0bv32, old(s1_value_reg__last_old_value)=0bv128, old(s1_value_reg__last_value)=0bv128, old(s1_value_reg__last_write_site)=0, old(s1_value_reg__next_write_site)=0, old(s1_value_reg__wrote_any)=false, old(s1_value_reg__wrote_index0)=false, procurator_phase=2, procurator_step=2, s1_assign_value.hit=false, s1_drop=false, s1_drop_packet.hit=false, s1_ethernet_set_mac.ethernet_set_mac_act.dmac=0bv48, s1_ethernet_set_mac.ethernet_set_mac_act.smac=0bv48, s1_ethernet_set_mac.hit=false, s1_failure_recovery.hit=false, s1_find_index.find_index_act.index_1=0bv16, s1_find_index.hit=true, s1_forward=false, s1_gen_reply.gen_reply_act.message_type=0bv8, s1_gen_reply.hit=false, s1_get_my_address.get_my_address_act.sw_ip=167797761bv32, s1_get_my_address.get_my_address_act.sw_role=100bv16, s1_get_my_address.hit=false, s1_get_next_hop.hit=false, s1_get_sequence.hit=false, s1_hdr.ethernet.dstAddr=0bv48, s1_hdr.ethernet.etherType=2048bv16, s1_hdr.ethernet.srcAddr=0bv48, s1_hdr.ethernet.valid=true, s1_hdr.ipv4.diffserv=0bv8, s1_hdr.ipv4.dstAddr=167797761bv32, s1_hdr.ipv4.flags=0bv3, s1_hdr.ipv4.fragOffset=0bv13, s1_hdr.ipv4.hdrChecksum=0bv16, s1_hdr.ipv4.identification=0bv16, s1_hdr.ipv4.ihl=0bv4, s1_hdr.ipv4.protocol=17bv8, s1_hdr.ipv4.srcAddr=1bv32, s1_hdr.ipv4.totalLen=0bv16, s1_hdr.ipv4.ttl=0bv8, s1_hdr.ipv4.valid=true, s1_hdr.ipv4.version=0bv4, s1_hdr.nc_hdr.key=2024bv128, s1_hdr.nc_hdr.op=12bv8, s1_hdr.nc_hdr.sc=0bv8, s1_hdr.nc_hdr.seq=0bv16, s1_hdr.nc_hdr.valid=true, s1_hdr.nc_hdr.value=0bv128, s1_hdr.nc_hdr.vgroup=0bv16, s1_hdr.overlay.0.swip=167797762bv32, s1_hdr.overlay.0.valid=true, s1_hdr.overlay.1.swip=0bv32, s1_hdr.overlay.1.valid=true, s1_hdr.overlay.2.swip=0bv32, s1_hdr.overlay.2.valid=true, s1_hdr.overlay.3.swip=0bv32, s1_hdr.overlay.3.valid=true, s1_hdr.overlay.4.swip=0bv32, s1_hdr.overlay.4.valid=false, s1_hdr.overlay.5.swip=0bv32, s1_hdr.overlay.5.valid=true, s1_hdr.overlay.6.swip=0bv32, s1_hdr.overlay.6.valid=false, s1_hdr.overlay.7.swip=0bv32, s1_hdr.overlay.7.valid=true, s1_hdr.overlay.8.swip=0bv32, s1_hdr.overlay.8.valid=false, s1_hdr.overlay.9.swip=0bv32, s1_hdr.overlay.9.valid=false, s1_hdr.overlay.last.swip=0bv32, s1_hdr.overlay.last.valid=false, s1_hdr.tcp.ackNo=0bv32, s1_hdr.tcp.checksum=0bv16, s1_hdr.tcp.ctrl=0bv6, s1_hdr.tcp.dataOffset=0bv4, s1_hdr.tcp.dstPort=0bv16, s1_hdr.tcp.ecn=0bv3, s1_hdr.tcp.res=0bv3, s1_hdr.tcp.seqNo=0bv32, s1_hdr.tcp.srcPort=0bv16, s1_hdr.tcp.urgentPtr=0bv16, s1_hdr.tcp.valid=false, s1_hdr.tcp.window=0bv16, s1_hdr.udp.checksum=0bv16, s1_hdr.udp.dstPort=8888bv16, s1_hdr.udp.len=0bv16, s1_hdr.udp.srcPort=0bv16, s1_hdr.udp.valid=true, s1_inbox_count=0, s1_ipv4_route.hit=false, s1_ipv4_route.set_egress.egress_spec_1=0bv9, s1_maintain_sequence.hit=false, s1_meta.location.index=0bv16, s1_meta.my_md.failed=0bv16, s1_meta.my_md.ipaddress=167797761bv32, s1_meta.my_md.role=100bv16, s1_meta.reply_to_client_md.ipv4_dstAddr=0bv32, s1_meta.reply_to_client_md.ipv4_srcAddr=0bv32, s1_meta.sequence_md.seq=0bv16, s1_meta.sequence_md.tmp=0bv16, s1_p4b_checksum_error=false, s1_p4b_checksum_updated=false, s1_p4b_checksum_verified=false, s1_p4b_clone_e2e=false, s1_p4b_clone_i2e=false, s1_p4b_clone_i2i=false, s1_p4b_digest=false, s1_p4b_recirculate=false, s1_pkt_external=true, s1_pop_chain.hit=false, s1_pop_chain_again.hit=false, s1_read_value.hit=false, s1_sequence_reg__last0_old_value=0bv16, s1_sequence_reg__last0_value=0bv16, s1_sequence_reg__last_index=0bv32, s1_sequence_reg__last_old_value=0bv16, s1_sequence_reg__last_value=0bv16, s1_sequence_reg__last_write_site=1, s1_sequence_reg__next_write_site=1, s1_sequence_reg__wrote_any=true, s1_sequence_reg__wrote_index0=true, s1_standard_metadata.checksum_error=0bv1, s1_standard_metadata.deq_qdepth=0bv19, s1_standard_metadata.deq_timedelta=0bv32, s1_standard_metadata.egress_global_timestamp=0bv48, s1_standard_metadata.egress_port=3bv9, s1_standard_metadata.egress_rid=0bv16, s1_standard_metadata.egress_spec=0bv9, s1_standard_metadata.enq_qdepth=0bv19, s1_standard_metadata.enq_timestamp=0bv32, s1_standard_metadata.ingress_global_timestamp=0bv48, s1_standard_metadata.ingress_port=0bv9, s1_standard_metadata.instance_type=0bv32, s1_standard_metadata.mcast_grp=0bv16, s1_standard_metadata.packet_length=0bv32, s1_standard_metadata.parser_error=0bv1, s1_standard_metadata.priority=0bv3, s1_value_reg__last0_old_value=0bv128, s1_value_reg__last0_value=0bv128, s1_value_reg__last_index=0bv32, s1_value_reg__last_old_value=0bv128, s1_value_reg__last_value=0bv128, s1_value_reg__last_write_site=1, s1_value_reg__next_write_site=1, s1_value_reg__wrote_any=true, s1_value_reg__wrote_index0=true, s2_find_index.hit=true, s2_inbox_count=0, s2_meta.location.index=0bv16, s2_meta.my_md.role=101bv16, s2_p4b_clone_e2e=false, s2_p4b_clone_i2e=false, s2_p4b_clone_i2i=false, s2_p4b_recirculate=false, s2_pkt_external=false, s2_sequence_reg__last0_old_value=0bv16, s2_sequence_reg__last0_value=65535bv16, s2_sequence_reg__last_index=0bv32, s2_sequence_reg__last_old_value=0bv16, s2_sequence_reg__last_value=65535bv16, s2_sequence_reg__last_write_site=0, s2_sequence_reg__next_write_site=0, s2_sequence_reg__wrote_any=true, s2_sequence_reg__wrote_index0=true, s2_value_reg__last0_old_value=0bv128, s2_value_reg__last0_value=0bv128, s2_value_reg__last_index=0bv32, s2_value_reg__last_old_value=0bv128, s2_value_reg__last_value=0bv128, s2_value_reg__last_write_site=0, s2_value_reg__next_write_site=0, s2_value_reg__wrote_any=false, s2_value_reg__wrote_index0=false]
[L879]   RET         call s1_pop_chain.apply();
[L886]   COND FALSE  !(s1_meta.my_md.role == 102bv16)
[L891]   CALL        call s1_get_next_hop.apply();
[L825]               s1_get_next_hop.hit := false;
[L826]               s1_get_next_hop.action_run := s1_get_next_hop.action.get_next_hop_act;
[L827]   CALL        call s1_get_next_hop_act();
[L837]               s1_hdr.ipv4.dstAddr := s1_hdr.overlay.0.swip;
         VAL         [h1_hdr.ethernet.dstAddr=0bv48, h1_hdr.ethernet.etherType=2048bv16, h1_hdr.ethernet.srcAddr=0bv48, h1_hdr.ethernet.valid=true, h1_hdr.ipv4.diffserv=0bv8, h1_hdr.ipv4.dstAddr=167797761bv32, h1_hdr.ipv4.flags=0bv3, h1_hdr.ipv4.fragOffset=0bv13, h1_hdr.ipv4.hdrChecksum=0bv16, h1_hdr.ipv4.identification=0bv16, h1_hdr.ipv4.ihl=0bv4, h1_hdr.ipv4.protocol=17bv8, h1_hdr.ipv4.srcAddr=1bv32, h1_hdr.ipv4.totalLen=4bv16, h1_hdr.ipv4.ttl=0bv8, h1_hdr.ipv4.valid=true, h1_hdr.ipv4.version=0bv4, h1_hdr.nc_hdr.key=2024bv128, h1_hdr.nc_hdr.op=12bv8, h1_hdr.nc_hdr.sc=1bv8, h1_hdr.nc_hdr.seq=1bv16, h1_hdr.nc_hdr.valid=true, h1_hdr.nc_hdr.value=0bv128, h1_hdr.nc_hdr.vgroup=0bv16, h1_hdr.overlay.0.swip=167797761bv32, h1_hdr.overlay.0.valid=true, h1_hdr.overlay.1.swip=167797762bv32, h1_hdr.overlay.1.valid=true, h1_hdr.overlay.2.swip=0bv32, h1_hdr.overlay.2.valid=true, h1_hdr.overlay.3.swip=0bv32, h1_hdr.overlay.3.valid=true, h1_hdr.overlay.4.swip=0bv32, h1_hdr.overlay.4.valid=true, h1_hdr.overlay.5.swip=0bv32, h1_hdr.overlay.5.valid=false, h1_hdr.overlay.6.swip=0bv32, h1_hdr.overlay.6.valid=true, h1_hdr.overlay.7.swip=0bv32, h1_hdr.overlay.7.valid=false, h1_hdr.overlay.8.swip=0bv32, h1_hdr.overlay.8.valid=true, h1_hdr.overlay.9.swip=0bv32, h1_hdr.overlay.9.valid=false, h1_hdr.overlay.last.swip=0bv32, h1_hdr.overlay.last.valid=false, h1_hdr.tcp.ackNo=0bv32, h1_hdr.tcp.checksum=0bv16, h1_hdr.tcp.ctrl=0bv6, h1_hdr.tcp.dataOffset=0bv4, h1_hdr.tcp.dstPort=0bv16, h1_hdr.tcp.ecn=0bv3, h1_hdr.tcp.res=0bv3, h1_hdr.tcp.seqNo=0bv32, h1_hdr.tcp.srcPort=0bv16, h1_hdr.tcp.urgentPtr=0bv16, h1_hdr.tcp.valid=false, h1_hdr.tcp.window=0bv16, h1_hdr.udp.checksum=0bv16, h1_hdr.udp.dstPort=0bv16, h1_hdr.udp.len=4bv16, h1_hdr.udp.srcPort=0bv16, h1_hdr.udp.valid=true, h1_inbox_count=0, h1_meta.location.index=0bv16, h1_meta.my_md.failed=0bv16, h1_meta.my_md.ipaddress=0bv32, h1_meta.my_md.role=0bv16, h1_meta.reply_to_client_md.ipv4_dstAddr=0bv32, h1_meta.reply_to_client_md.ipv4_srcAddr=0bv32, h1_meta.sequence_md.seq=0bv16, h1_meta.sequence_md.tmp=0bv16, h1_pkt_external=false, h1_standard_metadata.checksum_error=0bv1, h1_standard_metadata.deq_qdepth=0bv19, h1_standard_metadata.deq_timedelta=0bv32, h1_standard_metadata.egress_global_timestamp=0bv48, h1_standard_metadata.egress_rid=0bv16, h1_standard_metadata.enq_qdepth=0bv19, h1_standard_metadata.enq_timestamp=0bv32, h1_standard_metadata.ingress_global_timestamp=0bv48, h1_standard_metadata.ingress_port=0bv9, h1_standard_metadata.instance_type=0bv32, h1_standard_metadata.mcast_grp=0bv16, h1_standard_metadata.packet_length=0bv32, h1_standard_metadata.parser_error=0bv1, h1_standard_metadata.priority=0bv3, old(s1_assign_value.hit)=false, old(s1_drop)=false, old(s1_drop_packet.hit)=false, old(s1_ethernet_set_mac.ethernet_set_mac_act.dmac)=0bv48, old(s1_ethernet_set_mac.ethernet_set_mac_act.smac)=0bv48, old(s1_ethernet_set_mac.hit)=false, old(s1_failure_recovery.hit)=false, old(s1_find_index.find_index_act.index_1)=0bv16, old(s1_find_index.hit)=true, old(s1_forward)=false, old(s1_gen_reply.gen_reply_act.message_type)=0bv8, old(s1_gen_reply.hit)=false, old(s1_get_my_address.get_my_address_act.sw_ip)=0bv32, old(s1_get_my_address.get_my_address_act.sw_role)=0bv16, old(s1_get_my_address.hit)=false, old(s1_get_next_hop.hit)=false, old(s1_get_sequence.hit)=false, old(s1_hdr.ethernet.dstAddr)=0bv48, old(s1_hdr.ethernet.srcAddr)=0bv48, old(s1_hdr.ipv4.dstAddr)=167797761bv32, old(s1_hdr.ipv4.hdrChecksum)=0bv16, old(s1_hdr.ipv4.protocol)=17bv8, old(s1_hdr.ipv4.srcAddr)=1bv32, old(s1_hdr.ipv4.totalLen)=4bv16, old(s1_hdr.ipv4.ttl)=0bv8, old(s1_hdr.nc_hdr.key)=2024bv128, old(s1_hdr.nc_hdr.op)=12bv8, old(s1_hdr.nc_hdr.sc)=1bv8, old(s1_hdr.nc_hdr.seq)=1bv16, old(s1_hdr.nc_hdr.value)=0bv128, old(s1_hdr.nc_hdr.vgroup)=0bv16, old(s1_hdr.overlay.0.swip)=167797761bv32, old(s1_hdr.overlay.0.valid)=true, old(s1_hdr.overlay.1.swip)=167797762bv32, old(s1_hdr.overlay.1.valid)=true, old(s1_hdr.overlay.2.swip)=0bv32, old(s1_hdr.overlay.2.valid)=true, old(s1_hdr.overlay.3.swip)=0bv32, old(s1_hdr.overlay.3.valid)=true, old(s1_hdr.overlay.4.swip)=0bv32, old(s1_hdr.overlay.4.valid)=true, old(s1_hdr.overlay.5.swip)=0bv32, old(s1_hdr.overlay.5.valid)=false, old(s1_hdr.overlay.6.swip)=0bv32, old(s1_hdr.overlay.6.valid)=true, old(s1_hdr.overlay.7.swip)=0bv32, old(s1_hdr.overlay.7.valid)=false, old(s1_hdr.overlay.8.swip)=0bv32, old(s1_hdr.overlay.8.valid)=true, old(s1_hdr.overlay.9.valid)=false, old(s1_hdr.udp.checksum)=0bv16, old(s1_hdr.udp.dstPort)=0bv16, old(s1_hdr.udp.len)=4bv16, old(s1_ipv4_route.hit)=false, old(s1_ipv4_route.set_egress.egress_spec_1)=0bv9, old(s1_maintain_sequence.hit)=false, old(s1_meta.location.index)=0bv16, old(s1_meta.my_md.ipaddress)=0bv32, old(s1_meta.my_md.role)=0bv16, old(s1_meta.reply_to_client_md.ipv4_dstAddr)=0bv32, old(s1_meta.reply_to_client_md.ipv4_srcAddr)=0bv32, old(s1_meta.sequence_md.seq)=0bv16, old(s1_p4b_checksum_error)=false, old(s1_p4b_checksum_updated)=false, old(s1_p4b_checksum_verified)=false, old(s1_p4b_clone_e2e)=false, old(s1_p4b_clone_i2e)=false, old(s1_p4b_clone_i2i)=false, old(s1_p4b_digest)=false, old(s1_p4b_recirculate)=false, old(s1_pop_chain.hit)=false, old(s1_pop_chain_again.hit)=false, old(s1_read_value.hit)=false, old(s1_sequence_reg__last0_old_value)=0bv16, old(s1_sequence_reg__last0_value)=65535bv16, old(s1_sequence_reg__last_index)=0bv32, old(s1_sequence_reg__last_old_value)=0bv16, old(s1_sequence_reg__last_value)=65535bv16, old(s1_sequence_reg__last_write_site)=0, old(s1_sequence_reg__next_write_site)=0, old(s1_sequence_reg__wrote_any)=true, old(s1_sequence_reg__wrote_index0)=true, old(s1_standard_metadata.egress_port)=3bv9, old(s1_standard_metadata.egress_spec)=0bv9, old(s1_value_reg__last0_old_value)=0bv128, old(s1_value_reg__last0_value)=0bv128, old(s1_value_reg__last_index)=0bv32, old(s1_value_reg__last_old_value)=0bv128, old(s1_value_reg__last_value)=0bv128, old(s1_value_reg__last_write_site)=0, old(s1_value_reg__next_write_site)=0, old(s1_value_reg__wrote_any)=false, old(s1_value_reg__wrote_index0)=false, procurator_phase=2, procurator_step=2, s1_assign_value.hit=false, s1_drop=false, s1_drop_packet.hit=false, s1_ethernet_set_mac.ethernet_set_mac_act.dmac=0bv48, s1_ethernet_set_mac.ethernet_set_mac_act.smac=0bv48, s1_ethernet_set_mac.hit=false, s1_failure_recovery.hit=false, s1_find_index.find_index_act.index_1=0bv16, s1_find_index.hit=true, s1_forward=false, s1_gen_reply.gen_reply_act.message_type=0bv8, s1_gen_reply.hit=false, s1_get_my_address.get_my_address_act.sw_ip=167797761bv32, s1_get_my_address.get_my_address_act.sw_role=100bv16, s1_get_my_address.hit=false, s1_get_next_hop.hit=false, s1_get_sequence.hit=false, s1_hdr.ethernet.dstAddr=0bv48, s1_hdr.ethernet.etherType=2048bv16, s1_hdr.ethernet.srcAddr=0bv48, s1_hdr.ethernet.valid=true, s1_hdr.ipv4.diffserv=0bv8, s1_hdr.ipv4.dstAddr=167797762bv32, s1_hdr.ipv4.flags=0bv3, s1_hdr.ipv4.fragOffset=0bv13, s1_hdr.ipv4.hdrChecksum=0bv16, s1_hdr.ipv4.identification=0bv16, s1_hdr.ipv4.ihl=0bv4, s1_hdr.ipv4.protocol=17bv8, s1_hdr.ipv4.srcAddr=1bv32, s1_hdr.ipv4.totalLen=0bv16, s1_hdr.ipv4.ttl=0bv8, s1_hdr.ipv4.valid=true, s1_hdr.ipv4.version=0bv4, s1_hdr.nc_hdr.key=2024bv128, s1_hdr.nc_hdr.op=12bv8, s1_hdr.nc_hdr.sc=0bv8, s1_hdr.nc_hdr.seq=0bv16, s1_hdr.nc_hdr.valid=true, s1_hdr.nc_hdr.value=0bv128, s1_hdr.nc_hdr.vgroup=0bv16, s1_hdr.overlay.0.swip=167797762bv32, s1_hdr.overlay.0.valid=true, s1_hdr.overlay.1.swip=0bv32, s1_hdr.overlay.1.valid=true, s1_hdr.overlay.2.swip=0bv32, s1_hdr.overlay.2.valid=true, s1_hdr.overlay.3.swip=0bv32, s1_hdr.overlay.3.valid=true, s1_hdr.overlay.4.swip=0bv32, s1_hdr.overlay.4.valid=false, s1_hdr.overlay.5.swip=0bv32, s1_hdr.overlay.5.valid=true, s1_hdr.overlay.6.swip=0bv32, s1_hdr.overlay.6.valid=false, s1_hdr.overlay.7.swip=0bv32, s1_hdr.overlay.7.valid=true, s1_hdr.overlay.8.swip=0bv32, s1_hdr.overlay.8.valid=false, s1_hdr.overlay.9.swip=0bv32, s1_hdr.overlay.9.valid=false, s1_hdr.overlay.last.swip=0bv32, s1_hdr.overlay.last.valid=false, s1_hdr.tcp.ackNo=0bv32, s1_hdr.tcp.checksum=0bv16, s1_hdr.tcp.ctrl=0bv6, s1_hdr.tcp.dataOffset=0bv4, s1_hdr.tcp.dstPort=0bv16, s1_hdr.tcp.ecn=0bv3, s1_hdr.tcp.res=0bv3, s1_hdr.tcp.seqNo=0bv32, s1_hdr.tcp.srcPort=0bv16, s1_hdr.tcp.urgentPtr=0bv16, s1_hdr.tcp.valid=false, s1_hdr.tcp.window=0bv16, s1_hdr.udp.checksum=0bv16, s1_hdr.udp.dstPort=8888bv16, s1_hdr.udp.len=0bv16, s1_hdr.udp.srcPort=0bv16, s1_hdr.udp.valid=true, s1_inbox_count=0, s1_ipv4_route.hit=false, s1_ipv4_route.set_egress.egress_spec_1=0bv9, s1_maintain_sequence.hit=false, s1_meta.location.index=0bv16, s1_meta.my_md.failed=0bv16, s1_meta.my_md.ipaddress=167797761bv32, s1_meta.my_md.role=100bv16, s1_meta.reply_to_client_md.ipv4_dstAddr=0bv32, s1_meta.reply_to_client_md.ipv4_srcAddr=0bv32, s1_meta.sequence_md.seq=0bv16, s1_meta.sequence_md.tmp=0bv16, s1_p4b_checksum_error=false, s1_p4b_checksum_updated=false, s1_p4b_checksum_verified=false, s1_p4b_clone_e2e=false, s1_p4b_clone_i2e=false, s1_p4b_clone_i2i=false, s1_p4b_digest=false, s1_p4b_recirculate=false, s1_pkt_external=true, s1_pop_chain.hit=false, s1_pop_chain_again.hit=false, s1_read_value.hit=false, s1_sequence_reg__last0_old_value=0bv16, s1_sequence_reg__last0_value=0bv16, s1_sequence_reg__last_index=0bv32, s1_sequence_reg__last_old_value=0bv16, s1_sequence_reg__last_value=0bv16, s1_sequence_reg__last_write_site=1, s1_sequence_reg__next_write_site=1, s1_sequence_reg__wrote_any=true, s1_sequence_reg__wrote_index0=true, s1_standard_metadata.checksum_error=0bv1, s1_standard_metadata.deq_qdepth=0bv19, s1_standard_metadata.deq_timedelta=0bv32, s1_standard_metadata.egress_global_timestamp=0bv48, s1_standard_metadata.egress_port=3bv9, s1_standard_metadata.egress_rid=0bv16, s1_standard_metadata.egress_spec=0bv9, s1_standard_metadata.enq_qdepth=0bv19, s1_standard_metadata.enq_timestamp=0bv32, s1_standard_metadata.ingress_global_timestamp=0bv48, s1_standard_metadata.ingress_port=0bv9, s1_standard_metadata.instance_type=0bv32, s1_standard_metadata.mcast_grp=0bv16, s1_standard_metadata.packet_length=0bv32, s1_standard_metadata.parser_error=0bv1, s1_standard_metadata.priority=0bv3, s1_value_reg__last0_old_value=0bv128, s1_value_reg__last0_value=0bv128, s1_value_reg__last_index=0bv32, s1_value_reg__last_old_value=0bv128, s1_value_reg__last_value=0bv128, s1_value_reg__last_write_site=1, s1_value_reg__next_write_site=1, s1_value_reg__wrote_any=true, s1_value_reg__wrote_index0=true, s2_find_index.hit=true, s2_inbox_count=0, s2_meta.location.index=0bv16, s2_meta.my_md.role=101bv16, s2_p4b_clone_e2e=false, s2_p4b_clone_i2e=false, s2_p4b_clone_i2i=false, s2_p4b_recirculate=false, s2_pkt_external=false, s2_sequence_reg__last0_old_value=0bv16, s2_sequence_reg__last0_value=65535bv16, s2_sequence_reg__last_index=0bv32, s2_sequence_reg__last_old_value=0bv16, s2_sequence_reg__last_value=65535bv16, s2_sequence_reg__last_write_site=0, s2_sequence_reg__next_write_site=0, s2_sequence_reg__wrote_any=true, s2_sequence_reg__wrote_index0=true, s2_value_reg__last0_old_value=0bv128, s2_value_reg__last0_value=0bv128, s2_value_reg__last_index=0bv32, s2_value_reg__last_old_value=0bv128, s2_value_reg__last_value=0bv128, s2_value_reg__last_write_site=0, s2_value_reg__next_write_site=0, s2_value_reg__wrote_any=false, s2_value_reg__wrote_index0=false]
[L827]   RET         call s1_get_next_hop_act();
[L891]   RET         call s1_get_next_hop.apply();
[L895]   COND FALSE  !(s1_isValid[s1_hdr.nc_hdr])
         VAL         [h1_hdr.ethernet.dstAddr=0bv48, h1_hdr.ethernet.etherType=2048bv16, h1_hdr.ethernet.srcAddr=0bv48, h1_hdr.ethernet.valid=true, h1_hdr.ipv4.diffserv=0bv8, h1_hdr.ipv4.dstAddr=167797761bv32, h1_hdr.ipv4.flags=0bv3, h1_hdr.ipv4.fragOffset=0bv13, h1_hdr.ipv4.hdrChecksum=0bv16, h1_hdr.ipv4.identification=0bv16, h1_hdr.ipv4.ihl=0bv4, h1_hdr.ipv4.protocol=17bv8, h1_hdr.ipv4.srcAddr=1bv32, h1_hdr.ipv4.totalLen=4bv16, h1_hdr.ipv4.ttl=0bv8, h1_hdr.ipv4.valid=true, h1_hdr.ipv4.version=0bv4, h1_hdr.nc_hdr.key=2024bv128, h1_hdr.nc_hdr.op=12bv8, h1_hdr.nc_hdr.sc=1bv8, h1_hdr.nc_hdr.seq=1bv16, h1_hdr.nc_hdr.valid=true, h1_hdr.nc_hdr.value=0bv128, h1_hdr.nc_hdr.vgroup=0bv16, h1_hdr.overlay.0.swip=167797761bv32, h1_hdr.overlay.0.valid=true, h1_hdr.overlay.1.swip=167797762bv32, h1_hdr.overlay.1.valid=true, h1_hdr.overlay.2.swip=0bv32, h1_hdr.overlay.2.valid=true, h1_hdr.overlay.3.swip=0bv32, h1_hdr.overlay.3.valid=true, h1_hdr.overlay.4.swip=0bv32, h1_hdr.overlay.4.valid=true, h1_hdr.overlay.5.swip=0bv32, h1_hdr.overlay.5.valid=false, h1_hdr.overlay.6.swip=0bv32, h1_hdr.overlay.6.valid=true, h1_hdr.overlay.7.swip=0bv32, h1_hdr.overlay.7.valid=false, h1_hdr.overlay.8.swip=0bv32, h1_hdr.overlay.8.valid=true, h1_hdr.overlay.9.swip=0bv32, h1_hdr.overlay.9.valid=false, h1_hdr.overlay.last.swip=0bv32, h1_hdr.overlay.last.valid=false, h1_hdr.tcp.ackNo=0bv32, h1_hdr.tcp.checksum=0bv16, h1_hdr.tcp.ctrl=0bv6, h1_hdr.tcp.dataOffset=0bv4, h1_hdr.tcp.dstPort=0bv16, h1_hdr.tcp.ecn=0bv3, h1_hdr.tcp.res=0bv3, h1_hdr.tcp.seqNo=0bv32, h1_hdr.tcp.srcPort=0bv16, h1_hdr.tcp.urgentPtr=0bv16, h1_hdr.tcp.valid=false, h1_hdr.tcp.window=0bv16, h1_hdr.udp.checksum=0bv16, h1_hdr.udp.dstPort=0bv16, h1_hdr.udp.len=4bv16, h1_hdr.udp.srcPort=0bv16, h1_hdr.udp.valid=true, h1_inbox_count=0, h1_meta.location.index=0bv16, h1_meta.my_md.failed=0bv16, h1_meta.my_md.ipaddress=0bv32, h1_meta.my_md.role=0bv16, h1_meta.reply_to_client_md.ipv4_dstAddr=0bv32, h1_meta.reply_to_client_md.ipv4_srcAddr=0bv32, h1_meta.sequence_md.seq=0bv16, h1_meta.sequence_md.tmp=0bv16, h1_pkt_external=false, h1_standard_metadata.checksum_error=0bv1, h1_standard_metadata.deq_qdepth=0bv19, h1_standard_metadata.deq_timedelta=0bv32, h1_standard_metadata.egress_global_timestamp=0bv48, h1_standard_metadata.egress_rid=0bv16, h1_standard_metadata.enq_qdepth=0bv19, h1_standard_metadata.enq_timestamp=0bv32, h1_standard_metadata.ingress_global_timestamp=0bv48, h1_standard_metadata.ingress_port=0bv9, h1_standard_metadata.instance_type=0bv32, h1_standard_metadata.mcast_grp=0bv16, h1_standard_metadata.packet_length=0bv32, h1_standard_metadata.parser_error=0bv1, h1_standard_metadata.priority=0bv3, old(s1_assign_value.hit)=false, old(s1_drop)=false, old(s1_drop_packet.hit)=false, old(s1_ethernet_set_mac.ethernet_set_mac_act.dmac)=0bv48, old(s1_ethernet_set_mac.ethernet_set_mac_act.smac)=0bv48, old(s1_ethernet_set_mac.hit)=false, old(s1_failure_recovery.hit)=false, old(s1_find_index.find_index_act.index_1)=0bv16, old(s1_find_index.hit)=true, old(s1_forward)=false, old(s1_gen_reply.gen_reply_act.message_type)=0bv8, old(s1_gen_reply.hit)=false, old(s1_get_my_address.get_my_address_act.sw_ip)=0bv32, old(s1_get_my_address.get_my_address_act.sw_role)=0bv16, old(s1_get_my_address.hit)=false, old(s1_get_next_hop.hit)=false, old(s1_get_sequence.hit)=false, old(s1_hdr.ethernet.dstAddr)=0bv48, old(s1_hdr.ethernet.srcAddr)=0bv48, old(s1_hdr.ipv4.dstAddr)=167797761bv32, old(s1_hdr.ipv4.hdrChecksum)=0bv16, old(s1_hdr.ipv4.protocol)=17bv8, old(s1_hdr.ipv4.srcAddr)=1bv32, old(s1_hdr.ipv4.totalLen)=4bv16, old(s1_hdr.ipv4.ttl)=0bv8, old(s1_hdr.nc_hdr.key)=2024bv128, old(s1_hdr.nc_hdr.op)=12bv8, old(s1_hdr.nc_hdr.sc)=1bv8, old(s1_hdr.nc_hdr.seq)=1bv16, old(s1_hdr.nc_hdr.value)=0bv128, old(s1_hdr.nc_hdr.vgroup)=0bv16, old(s1_hdr.overlay.0.swip)=167797761bv32, old(s1_hdr.overlay.0.valid)=true, old(s1_hdr.overlay.1.swip)=167797762bv32, old(s1_hdr.overlay.1.valid)=true, old(s1_hdr.overlay.2.swip)=0bv32, old(s1_hdr.overlay.2.valid)=true, old(s1_hdr.overlay.3.swip)=0bv32, old(s1_hdr.overlay.3.valid)=true, old(s1_hdr.overlay.4.swip)=0bv32, old(s1_hdr.overlay.4.valid)=true, old(s1_hdr.overlay.5.swip)=0bv32, old(s1_hdr.overlay.5.valid)=false, old(s1_hdr.overlay.6.swip)=0bv32, old(s1_hdr.overlay.6.valid)=true, old(s1_hdr.overlay.7.swip)=0bv32, old(s1_hdr.overlay.7.valid)=false, old(s1_hdr.overlay.8.swip)=0bv32, old(s1_hdr.overlay.8.valid)=true, old(s1_hdr.overlay.9.valid)=false, old(s1_hdr.udp.checksum)=0bv16, old(s1_hdr.udp.dstPort)=0bv16, old(s1_hdr.udp.len)=4bv16, old(s1_ipv4_route.hit)=false, old(s1_ipv4_route.set_egress.egress_spec_1)=0bv9, old(s1_maintain_sequence.hit)=false, old(s1_meta.location.index)=0bv16, old(s1_meta.my_md.ipaddress)=0bv32, old(s1_meta.my_md.role)=0bv16, old(s1_meta.reply_to_client_md.ipv4_dstAddr)=0bv32, old(s1_meta.reply_to_client_md.ipv4_srcAddr)=0bv32, old(s1_meta.sequence_md.seq)=0bv16, old(s1_p4b_checksum_error)=false, old(s1_p4b_checksum_updated)=false, old(s1_p4b_checksum_verified)=false, old(s1_p4b_clone_e2e)=false, old(s1_p4b_clone_i2e)=false, old(s1_p4b_clone_i2i)=false, old(s1_p4b_digest)=false, old(s1_p4b_recirculate)=false, old(s1_pop_chain.hit)=false, old(s1_pop_chain_again.hit)=false, old(s1_read_value.hit)=false, old(s1_sequence_reg__last0_old_value)=0bv16, old(s1_sequence_reg__last0_value)=65535bv16, old(s1_sequence_reg__last_index)=0bv32, old(s1_sequence_reg__last_old_value)=0bv16, old(s1_sequence_reg__last_value)=65535bv16, old(s1_sequence_reg__last_write_site)=0, old(s1_sequence_reg__next_write_site)=0, old(s1_sequence_reg__wrote_any)=true, old(s1_sequence_reg__wrote_index0)=true, old(s1_standard_metadata.egress_port)=3bv9, old(s1_standard_metadata.egress_spec)=0bv9, old(s1_value_reg__last0_old_value)=0bv128, old(s1_value_reg__last0_value)=0bv128, old(s1_value_reg__last_index)=0bv32, old(s1_value_reg__last_old_value)=0bv128, old(s1_value_reg__last_value)=0bv128, old(s1_value_reg__last_write_site)=0, old(s1_value_reg__next_write_site)=0, old(s1_value_reg__wrote_any)=false, old(s1_value_reg__wrote_index0)=false, procurator_phase=2, procurator_step=2, s1_assign_value.hit=false, s1_drop=false, s1_drop_packet.hit=false, s1_ethernet_set_mac.ethernet_set_mac_act.dmac=0bv48, s1_ethernet_set_mac.ethernet_set_mac_act.smac=0bv48, s1_ethernet_set_mac.hit=false, s1_failure_recovery.hit=false, s1_find_index.find_index_act.index_1=0bv16, s1_find_index.hit=true, s1_forward=false, s1_gen_reply.gen_reply_act.message_type=0bv8, s1_gen_reply.hit=false, s1_get_my_address.get_my_address_act.sw_ip=167797761bv32, s1_get_my_address.get_my_address_act.sw_role=100bv16, s1_get_my_address.hit=false, s1_get_next_hop.hit=false, s1_get_sequence.hit=false, s1_hdr.ethernet.dstAddr=0bv48, s1_hdr.ethernet.etherType=2048bv16, s1_hdr.ethernet.srcAddr=0bv48, s1_hdr.ethernet.valid=true, s1_hdr.ipv4.diffserv=0bv8, s1_hdr.ipv4.dstAddr=167797762bv32, s1_hdr.ipv4.flags=0bv3, s1_hdr.ipv4.fragOffset=0bv13, s1_hdr.ipv4.hdrChecksum=0bv16, s1_hdr.ipv4.identification=0bv16, s1_hdr.ipv4.ihl=0bv4, s1_hdr.ipv4.protocol=17bv8, s1_hdr.ipv4.srcAddr=1bv32, s1_hdr.ipv4.totalLen=0bv16, s1_hdr.ipv4.ttl=0bv8, s1_hdr.ipv4.valid=true, s1_hdr.ipv4.version=0bv4, s1_hdr.nc_hdr.key=2024bv128, s1_hdr.nc_hdr.op=12bv8, s1_hdr.nc_hdr.sc=0bv8, s1_hdr.nc_hdr.seq=0bv16, s1_hdr.nc_hdr.valid=true, s1_hdr.nc_hdr.value=0bv128, s1_hdr.nc_hdr.vgroup=0bv16, s1_hdr.overlay.0.swip=167797762bv32, s1_hdr.overlay.0.valid=true, s1_hdr.overlay.1.swip=0bv32, s1_hdr.overlay.1.valid=true, s1_hdr.overlay.2.swip=0bv32, s1_hdr.overlay.2.valid=true, s1_hdr.overlay.3.swip=0bv32, s1_hdr.overlay.3.valid=true, s1_hdr.overlay.4.swip=0bv32, s1_hdr.overlay.4.valid=false, s1_hdr.overlay.5.swip=0bv32, s1_hdr.overlay.5.valid=true, s1_hdr.overlay.6.swip=0bv32, s1_hdr.overlay.6.valid=false, s1_hdr.overlay.7.swip=0bv32, s1_hdr.overlay.7.valid=true, s1_hdr.overlay.8.swip=0bv32, s1_hdr.overlay.8.valid=false, s1_hdr.overlay.9.swip=0bv32, s1_hdr.overlay.9.valid=false, s1_hdr.overlay.last.swip=0bv32, s1_hdr.overlay.last.valid=false, s1_hdr.tcp.ackNo=0bv32, s1_hdr.tcp.checksum=0bv16, s1_hdr.tcp.ctrl=0bv6, s1_hdr.tcp.dataOffset=0bv4, s1_hdr.tcp.dstPort=0bv16, s1_hdr.tcp.ecn=0bv3, s1_hdr.tcp.res=0bv3, s1_hdr.tcp.seqNo=0bv32, s1_hdr.tcp.srcPort=0bv16, s1_hdr.tcp.urgentPtr=0bv16, s1_hdr.tcp.valid=false, s1_hdr.tcp.window=0bv16, s1_hdr.udp.checksum=0bv16, s1_hdr.udp.dstPort=8888bv16, s1_hdr.udp.len=0bv16, s1_hdr.udp.srcPort=0bv16, s1_hdr.udp.valid=true, s1_inbox_count=0, s1_ipv4_route.hit=false, s1_ipv4_route.set_egress.egress_spec_1=0bv9, s1_maintain_sequence.hit=false, s1_meta.location.index=0bv16, s1_meta.my_md.failed=0bv16, s1_meta.my_md.ipaddress=167797761bv32, s1_meta.my_md.role=100bv16, s1_meta.reply_to_client_md.ipv4_dstAddr=0bv32, s1_meta.reply_to_client_md.ipv4_srcAddr=0bv32, s1_meta.sequence_md.seq=0bv16, s1_meta.sequence_md.tmp=0bv16, s1_p4b_checksum_error=false, s1_p4b_checksum_updated=false, s1_p4b_checksum_verified=false, s1_p4b_clone_e2e=false, s1_p4b_clone_i2e=false, s1_p4b_clone_i2i=false, s1_p4b_digest=false, s1_p4b_recirculate=false, s1_pkt_external=true, s1_pop_chain.hit=false, s1_pop_chain_again.hit=false, s1_read_value.hit=false, s1_sequence_reg__last0_old_value=0bv16, s1_sequence_reg__last0_value=0bv16, s1_sequence_reg__last_index=0bv32, s1_sequence_reg__last_old_value=0bv16, s1_sequence_reg__last_value=0bv16, s1_sequence_reg__last_write_site=1, s1_sequence_reg__next_write_site=1, s1_sequence_reg__wrote_any=true, s1_sequence_reg__wrote_index0=true, s1_standard_metadata.checksum_error=0bv1, s1_standard_metadata.deq_qdepth=0bv19, s1_standard_metadata.deq_timedelta=0bv32, s1_standard_metadata.egress_global_timestamp=0bv48, s1_standard_metadata.egress_port=3bv9, s1_standard_metadata.egress_rid=0bv16, s1_standard_metadata.egress_spec=0bv9, s1_standard_metadata.enq_qdepth=0bv19, s1_standard_metadata.enq_timestamp=0bv32, s1_standard_metadata.ingress_global_timestamp=0bv48, s1_standard_metadata.ingress_port=0bv9, s1_standard_metadata.instance_type=0bv32, s1_standard_metadata.mcast_grp=0bv16, s1_standard_metadata.packet_length=0bv32, s1_standard_metadata.parser_error=0bv1, s1_standard_metadata.priority=0bv3, s1_value_reg__last0_old_value=0bv128, s1_value_reg__last0_value=0bv128, s1_value_reg__last_index=0bv32, s1_value_reg__last_old_value=0bv128, s1_value_reg__last_value=0bv128, s1_value_reg__last_write_site=1, s1_value_reg__next_write_site=1, s1_value_reg__wrote_any=true, s1_value_reg__wrote_index0=true, s2_find_index.hit=true, s2_inbox_count=0, s2_meta.location.index=0bv16, s2_meta.my_md.role=101bv16, s2_p4b_clone_e2e=false, s2_p4b_clone_i2e=false, s2_p4b_clone_i2i=false, s2_p4b_recirculate=false, s2_pkt_external=false, s2_sequence_reg__last0_old_value=0bv16, s2_sequence_reg__last0_value=65535bv16, s2_sequence_reg__last_index=0bv32, s2_sequence_reg__last_old_value=0bv16, s2_sequence_reg__last_value=65535bv16, s2_sequence_reg__last_write_site=0, s2_sequence_reg__next_write_site=0, s2_sequence_reg__wrote_any=true, s2_sequence_reg__wrote_index0=true, s2_value_reg__last0_old_value=0bv128, s2_value_reg__last0_value=0bv128, s2_value_reg__last_index=0bv32, s2_value_reg__last_old_value=0bv128, s2_value_reg__last_value=0bv128, s2_value_reg__last_write_site=0, s2_value_reg__next_write_site=0, s2_value_reg__wrote_any=false, s2_value_reg__wrote_index0=false]
[L898]   COND FALSE  !(s1_isValid[s1_hdr.tcp] || s1_isValid[s1_hdr.udp])
         VAL         [h1_hdr.ethernet.dstAddr=0bv48, h1_hdr.ethernet.etherType=2048bv16, h1_hdr.ethernet.srcAddr=0bv48, h1_hdr.ethernet.valid=true, h1_hdr.ipv4.diffserv=0bv8, h1_hdr.ipv4.dstAddr=167797761bv32, h1_hdr.ipv4.flags=0bv3, h1_hdr.ipv4.fragOffset=0bv13, h1_hdr.ipv4.hdrChecksum=0bv16, h1_hdr.ipv4.identification=0bv16, h1_hdr.ipv4.ihl=0bv4, h1_hdr.ipv4.protocol=17bv8, h1_hdr.ipv4.srcAddr=1bv32, h1_hdr.ipv4.totalLen=4bv16, h1_hdr.ipv4.ttl=0bv8, h1_hdr.ipv4.valid=true, h1_hdr.ipv4.version=0bv4, h1_hdr.nc_hdr.key=2024bv128, h1_hdr.nc_hdr.op=12bv8, h1_hdr.nc_hdr.sc=1bv8, h1_hdr.nc_hdr.seq=1bv16, h1_hdr.nc_hdr.valid=true, h1_hdr.nc_hdr.value=0bv128, h1_hdr.nc_hdr.vgroup=0bv16, h1_hdr.overlay.0.swip=167797761bv32, h1_hdr.overlay.0.valid=true, h1_hdr.overlay.1.swip=167797762bv32, h1_hdr.overlay.1.valid=true, h1_hdr.overlay.2.swip=0bv32, h1_hdr.overlay.2.valid=true, h1_hdr.overlay.3.swip=0bv32, h1_hdr.overlay.3.valid=true, h1_hdr.overlay.4.swip=0bv32, h1_hdr.overlay.4.valid=true, h1_hdr.overlay.5.swip=0bv32, h1_hdr.overlay.5.valid=false, h1_hdr.overlay.6.swip=0bv32, h1_hdr.overlay.6.valid=true, h1_hdr.overlay.7.swip=0bv32, h1_hdr.overlay.7.valid=false, h1_hdr.overlay.8.swip=0bv32, h1_hdr.overlay.8.valid=true, h1_hdr.overlay.9.swip=0bv32, h1_hdr.overlay.9.valid=false, h1_hdr.overlay.last.swip=0bv32, h1_hdr.overlay.last.valid=false, h1_hdr.tcp.ackNo=0bv32, h1_hdr.tcp.checksum=0bv16, h1_hdr.tcp.ctrl=0bv6, h1_hdr.tcp.dataOffset=0bv4, h1_hdr.tcp.dstPort=0bv16, h1_hdr.tcp.ecn=0bv3, h1_hdr.tcp.res=0bv3, h1_hdr.tcp.seqNo=0bv32, h1_hdr.tcp.srcPort=0bv16, h1_hdr.tcp.urgentPtr=0bv16, h1_hdr.tcp.valid=false, h1_hdr.tcp.window=0bv16, h1_hdr.udp.checksum=0bv16, h1_hdr.udp.dstPort=0bv16, h1_hdr.udp.len=4bv16, h1_hdr.udp.srcPort=0bv16, h1_hdr.udp.valid=true, h1_inbox_count=0, h1_meta.location.index=0bv16, h1_meta.my_md.failed=0bv16, h1_meta.my_md.ipaddress=0bv32, h1_meta.my_md.role=0bv16, h1_meta.reply_to_client_md.ipv4_dstAddr=0bv32, h1_meta.reply_to_client_md.ipv4_srcAddr=0bv32, h1_meta.sequence_md.seq=0bv16, h1_meta.sequence_md.tmp=0bv16, h1_pkt_external=false, h1_standard_metadata.checksum_error=0bv1, h1_standard_metadata.deq_qdepth=0bv19, h1_standard_metadata.deq_timedelta=0bv32, h1_standard_metadata.egress_global_timestamp=0bv48, h1_standard_metadata.egress_rid=0bv16, h1_standard_metadata.enq_qdepth=0bv19, h1_standard_metadata.enq_timestamp=0bv32, h1_standard_metadata.ingress_global_timestamp=0bv48, h1_standard_metadata.ingress_port=0bv9, h1_standard_metadata.instance_type=0bv32, h1_standard_metadata.mcast_grp=0bv16, h1_standard_metadata.packet_length=0bv32, h1_standard_metadata.parser_error=0bv1, h1_standard_metadata.priority=0bv3, old(s1_assign_value.hit)=false, old(s1_drop)=false, old(s1_drop_packet.hit)=false, old(s1_ethernet_set_mac.ethernet_set_mac_act.dmac)=0bv48, old(s1_ethernet_set_mac.ethernet_set_mac_act.smac)=0bv48, old(s1_ethernet_set_mac.hit)=false, old(s1_failure_recovery.hit)=false, old(s1_find_index.find_index_act.index_1)=0bv16, old(s1_find_index.hit)=true, old(s1_forward)=false, old(s1_gen_reply.gen_reply_act.message_type)=0bv8, old(s1_gen_reply.hit)=false, old(s1_get_my_address.get_my_address_act.sw_ip)=0bv32, old(s1_get_my_address.get_my_address_act.sw_role)=0bv16, old(s1_get_my_address.hit)=false, old(s1_get_next_hop.hit)=false, old(s1_get_sequence.hit)=false, old(s1_hdr.ethernet.dstAddr)=0bv48, old(s1_hdr.ethernet.srcAddr)=0bv48, old(s1_hdr.ipv4.dstAddr)=167797761bv32, old(s1_hdr.ipv4.hdrChecksum)=0bv16, old(s1_hdr.ipv4.protocol)=17bv8, old(s1_hdr.ipv4.srcAddr)=1bv32, old(s1_hdr.ipv4.totalLen)=4bv16, old(s1_hdr.ipv4.ttl)=0bv8, old(s1_hdr.nc_hdr.key)=2024bv128, old(s1_hdr.nc_hdr.op)=12bv8, old(s1_hdr.nc_hdr.sc)=1bv8, old(s1_hdr.nc_hdr.seq)=1bv16, old(s1_hdr.nc_hdr.value)=0bv128, old(s1_hdr.nc_hdr.vgroup)=0bv16, old(s1_hdr.overlay.0.swip)=167797761bv32, old(s1_hdr.overlay.0.valid)=true, old(s1_hdr.overlay.1.swip)=167797762bv32, old(s1_hdr.overlay.1.valid)=true, old(s1_hdr.overlay.2.swip)=0bv32, old(s1_hdr.overlay.2.valid)=true, old(s1_hdr.overlay.3.swip)=0bv32, old(s1_hdr.overlay.3.valid)=true, old(s1_hdr.overlay.4.swip)=0bv32, old(s1_hdr.overlay.4.valid)=true, old(s1_hdr.overlay.5.swip)=0bv32, old(s1_hdr.overlay.5.valid)=false, old(s1_hdr.overlay.6.swip)=0bv32, old(s1_hdr.overlay.6.valid)=true, old(s1_hdr.overlay.7.swip)=0bv32, old(s1_hdr.overlay.7.valid)=false, old(s1_hdr.overlay.8.swip)=0bv32, old(s1_hdr.overlay.8.valid)=true, old(s1_hdr.overlay.9.valid)=false, old(s1_hdr.udp.checksum)=0bv16, old(s1_hdr.udp.dstPort)=0bv16, old(s1_hdr.udp.len)=4bv16, old(s1_ipv4_route.hit)=false, old(s1_ipv4_route.set_egress.egress_spec_1)=0bv9, old(s1_maintain_sequence.hit)=false, old(s1_meta.location.index)=0bv16, old(s1_meta.my_md.ipaddress)=0bv32, old(s1_meta.my_md.role)=0bv16, old(s1_meta.reply_to_client_md.ipv4_dstAddr)=0bv32, old(s1_meta.reply_to_client_md.ipv4_srcAddr)=0bv32, old(s1_meta.sequence_md.seq)=0bv16, old(s1_p4b_checksum_error)=false, old(s1_p4b_checksum_updated)=false, old(s1_p4b_checksum_verified)=false, old(s1_p4b_clone_e2e)=false, old(s1_p4b_clone_i2e)=false, old(s1_p4b_clone_i2i)=false, old(s1_p4b_digest)=false, old(s1_p4b_recirculate)=false, old(s1_pop_chain.hit)=false, old(s1_pop_chain_again.hit)=false, old(s1_read_value.hit)=false, old(s1_sequence_reg__last0_old_value)=0bv16, old(s1_sequence_reg__last0_value)=65535bv16, old(s1_sequence_reg__last_index)=0bv32, old(s1_sequence_reg__last_old_value)=0bv16, old(s1_sequence_reg__last_value)=65535bv16, old(s1_sequence_reg__last_write_site)=0, old(s1_sequence_reg__next_write_site)=0, old(s1_sequence_reg__wrote_any)=true, old(s1_sequence_reg__wrote_index0)=true, old(s1_standard_metadata.egress_port)=3bv9, old(s1_standard_metadata.egress_spec)=0bv9, old(s1_value_reg__last0_old_value)=0bv128, old(s1_value_reg__last0_value)=0bv128, old(s1_value_reg__last_index)=0bv32, old(s1_value_reg__last_old_value)=0bv128, old(s1_value_reg__last_value)=0bv128, old(s1_value_reg__last_write_site)=0, old(s1_value_reg__next_write_site)=0, old(s1_value_reg__wrote_any)=false, old(s1_value_reg__wrote_index0)=false, procurator_phase=2, procurator_step=2, s1_assign_value.hit=false, s1_drop=false, s1_drop_packet.hit=false, s1_ethernet_set_mac.ethernet_set_mac_act.dmac=0bv48, s1_ethernet_set_mac.ethernet_set_mac_act.smac=0bv48, s1_ethernet_set_mac.hit=false, s1_failure_recovery.hit=false, s1_find_index.find_index_act.index_1=0bv16, s1_find_index.hit=true, s1_forward=false, s1_gen_reply.gen_reply_act.message_type=0bv8, s1_gen_reply.hit=false, s1_get_my_address.get_my_address_act.sw_ip=167797761bv32, s1_get_my_address.get_my_address_act.sw_role=100bv16, s1_get_my_address.hit=false, s1_get_next_hop.hit=false, s1_get_sequence.hit=false, s1_hdr.ethernet.dstAddr=0bv48, s1_hdr.ethernet.etherType=2048bv16, s1_hdr.ethernet.srcAddr=0bv48, s1_hdr.ethernet.valid=true, s1_hdr.ipv4.diffserv=0bv8, s1_hdr.ipv4.dstAddr=167797762bv32, s1_hdr.ipv4.flags=0bv3, s1_hdr.ipv4.fragOffset=0bv13, s1_hdr.ipv4.hdrChecksum=0bv16, s1_hdr.ipv4.identification=0bv16, s1_hdr.ipv4.ihl=0bv4, s1_hdr.ipv4.protocol=17bv8, s1_hdr.ipv4.srcAddr=1bv32, s1_hdr.ipv4.totalLen=0bv16, s1_hdr.ipv4.ttl=0bv8, s1_hdr.ipv4.valid=true, s1_hdr.ipv4.version=0bv4, s1_hdr.nc_hdr.key=2024bv128, s1_hdr.nc_hdr.op=12bv8, s1_hdr.nc_hdr.sc=0bv8, s1_hdr.nc_hdr.seq=0bv16, s1_hdr.nc_hdr.valid=true, s1_hdr.nc_hdr.value=0bv128, s1_hdr.nc_hdr.vgroup=0bv16, s1_hdr.overlay.0.swip=167797762bv32, s1_hdr.overlay.0.valid=true, s1_hdr.overlay.1.swip=0bv32, s1_hdr.overlay.1.valid=true, s1_hdr.overlay.2.swip=0bv32, s1_hdr.overlay.2.valid=true, s1_hdr.overlay.3.swip=0bv32, s1_hdr.overlay.3.valid=true, s1_hdr.overlay.4.swip=0bv32, s1_hdr.overlay.4.valid=false, s1_hdr.overlay.5.swip=0bv32, s1_hdr.overlay.5.valid=true, s1_hdr.overlay.6.swip=0bv32, s1_hdr.overlay.6.valid=false, s1_hdr.overlay.7.swip=0bv32, s1_hdr.overlay.7.valid=true, s1_hdr.overlay.8.swip=0bv32, s1_hdr.overlay.8.valid=false, s1_hdr.overlay.9.swip=0bv32, s1_hdr.overlay.9.valid=false, s1_hdr.overlay.last.swip=0bv32, s1_hdr.overlay.last.valid=false, s1_hdr.tcp.ackNo=0bv32, s1_hdr.tcp.checksum=0bv16, s1_hdr.tcp.ctrl=0bv6, s1_hdr.tcp.dataOffset=0bv4, s1_hdr.tcp.dstPort=0bv16, s1_hdr.tcp.ecn=0bv3, s1_hdr.tcp.res=0bv3, s1_hdr.tcp.seqNo=0bv32, s1_hdr.tcp.srcPort=0bv16, s1_hdr.tcp.urgentPtr=0bv16, s1_hdr.tcp.valid=false, s1_hdr.tcp.window=0bv16, s1_hdr.udp.checksum=0bv16, s1_hdr.udp.dstPort=8888bv16, s1_hdr.udp.len=0bv16, s1_hdr.udp.srcPort=0bv16, s1_hdr.udp.valid=true, s1_inbox_count=0, s1_ipv4_route.hit=false, s1_ipv4_route.set_egress.egress_spec_1=0bv9, s1_maintain_sequence.hit=false, s1_meta.location.index=0bv16, s1_meta.my_md.failed=0bv16, s1_meta.my_md.ipaddress=167797761bv32, s1_meta.my_md.role=100bv16, s1_meta.reply_to_client_md.ipv4_dstAddr=0bv32, s1_meta.reply_to_client_md.ipv4_srcAddr=0bv32, s1_meta.sequence_md.seq=0bv16, s1_meta.sequence_md.tmp=0bv16, s1_p4b_checksum_error=false, s1_p4b_checksum_updated=false, s1_p4b_checksum_verified=false, s1_p4b_clone_e2e=false, s1_p4b_clone_i2e=false, s1_p4b_clone_i2i=false, s1_p4b_digest=false, s1_p4b_recirculate=false, s1_pkt_external=true, s1_pop_chain.hit=false, s1_pop_chain_again.hit=false, s1_read_value.hit=false, s1_sequence_reg__last0_old_value=0bv16, s1_sequence_reg__last0_value=0bv16, s1_sequence_reg__last_index=0bv32, s1_sequence_reg__last_old_value=0bv16, s1_sequence_reg__last_value=0bv16, s1_sequence_reg__last_write_site=1, s1_sequence_reg__next_write_site=1, s1_sequence_reg__wrote_any=true, s1_sequence_reg__wrote_index0=true, s1_standard_metadata.checksum_error=0bv1, s1_standard_metadata.deq_qdepth=0bv19, s1_standard_metadata.deq_timedelta=0bv32, s1_standard_metadata.egress_global_timestamp=0bv48, s1_standard_metadata.egress_port=3bv9, s1_standard_metadata.egress_rid=0bv16, s1_standard_metadata.egress_spec=0bv9, s1_standard_metadata.enq_qdepth=0bv19, s1_standard_metadata.enq_timestamp=0bv32, s1_standard_metadata.ingress_global_timestamp=0bv48, s1_standard_metadata.ingress_port=0bv9, s1_standard_metadata.instance_type=0bv32, s1_standard_metadata.mcast_grp=0bv16, s1_standard_metadata.packet_length=0bv32, s1_standard_metadata.parser_error=0bv1, s1_standard_metadata.priority=0bv3, s1_value_reg__last0_old_value=0bv128, s1_value_reg__last0_value=0bv128, s1_value_reg__last_index=0bv32, s1_value_reg__last_old_value=0bv128, s1_value_reg__last_value=0bv128, s1_value_reg__last_write_site=1, s1_value_reg__next_write_site=1, s1_value_reg__wrote_any=true, s1_value_reg__wrote_index0=true, s2_find_index.hit=true, s2_inbox_count=0, s2_meta.location.index=0bv16, s2_meta.my_md.role=101bv16, s2_p4b_clone_e2e=false, s2_p4b_clone_i2e=false, s2_p4b_clone_i2i=false, s2_p4b_recirculate=false, s2_pkt_external=false, s2_sequence_reg__last0_old_value=0bv16, s2_sequence_reg__last0_value=65535bv16, s2_sequence_reg__last_index=0bv32, s2_sequence_reg__last_old_value=0bv16, s2_sequence_reg__last_value=65535bv16, s2_sequence_reg__last_write_site=0, s2_sequence_reg__next_write_site=0, s2_sequence_reg__wrote_any=true, s2_sequence_reg__wrote_index0=true, s2_value_reg__last0_old_value=0bv128, s2_value_reg__last0_value=0bv128, s2_value_reg__last_index=0bv32, s2_value_reg__last_old_value=0bv128, s2_value_reg__last_value=0bv128, s2_value_reg__last_write_site=0, s2_value_reg__next_write_site=0, s2_value_reg__wrote_any=false, s2_value_reg__wrote_index0=false]
[L957]   RET         call s1_ingress();
[L958]   CALL        call s1_egress();
[L583]   CALL        call s1_ethernet_set_mac.apply();
[L590]               s1_standard_metadata.egress_port := s1_standard_metadata.egress_port;
[L591]               s1_ethernet_set_mac.hit := false;
         VAL         [h1_hdr.ethernet.dstAddr=0bv48, h1_hdr.ethernet.etherType=2048bv16, h1_hdr.ethernet.srcAddr=0bv48, h1_hdr.ethernet.valid=true, h1_hdr.ipv4.diffserv=0bv8, h1_hdr.ipv4.dstAddr=167797761bv32, h1_hdr.ipv4.flags=0bv3, h1_hdr.ipv4.fragOffset=0bv13, h1_hdr.ipv4.hdrChecksum=0bv16, h1_hdr.ipv4.identification=0bv16, h1_hdr.ipv4.ihl=0bv4, h1_hdr.ipv4.protocol=17bv8, h1_hdr.ipv4.srcAddr=1bv32, h1_hdr.ipv4.totalLen=4bv16, h1_hdr.ipv4.ttl=0bv8, h1_hdr.ipv4.valid=true, h1_hdr.ipv4.version=0bv4, h1_hdr.nc_hdr.key=2024bv128, h1_hdr.nc_hdr.op=12bv8, h1_hdr.nc_hdr.sc=1bv8, h1_hdr.nc_hdr.seq=1bv16, h1_hdr.nc_hdr.valid=true, h1_hdr.nc_hdr.value=0bv128, h1_hdr.nc_hdr.vgroup=0bv16, h1_hdr.overlay.0.swip=167797761bv32, h1_hdr.overlay.0.valid=true, h1_hdr.overlay.1.swip=167797762bv32, h1_hdr.overlay.1.valid=true, h1_hdr.overlay.2.swip=0bv32, h1_hdr.overlay.2.valid=true, h1_hdr.overlay.3.swip=0bv32, h1_hdr.overlay.3.valid=true, h1_hdr.overlay.4.swip=0bv32, h1_hdr.overlay.4.valid=true, h1_hdr.overlay.5.swip=0bv32, h1_hdr.overlay.5.valid=false, h1_hdr.overlay.6.swip=0bv32, h1_hdr.overlay.6.valid=true, h1_hdr.overlay.7.swip=0bv32, h1_hdr.overlay.7.valid=false, h1_hdr.overlay.8.swip=0bv32, h1_hdr.overlay.8.valid=true, h1_hdr.overlay.9.swip=0bv32, h1_hdr.overlay.9.valid=false, h1_hdr.overlay.last.swip=0bv32, h1_hdr.overlay.last.valid=false, h1_hdr.tcp.ackNo=0bv32, h1_hdr.tcp.checksum=0bv16, h1_hdr.tcp.ctrl=0bv6, h1_hdr.tcp.dataOffset=0bv4, h1_hdr.tcp.dstPort=0bv16, h1_hdr.tcp.ecn=0bv3, h1_hdr.tcp.res=0bv3, h1_hdr.tcp.seqNo=0bv32, h1_hdr.tcp.srcPort=0bv16, h1_hdr.tcp.urgentPtr=0bv16, h1_hdr.tcp.valid=false, h1_hdr.tcp.window=0bv16, h1_hdr.udp.checksum=0bv16, h1_hdr.udp.dstPort=0bv16, h1_hdr.udp.len=4bv16, h1_hdr.udp.srcPort=0bv16, h1_hdr.udp.valid=true, h1_inbox_count=0, h1_meta.location.index=0bv16, h1_meta.my_md.failed=0bv16, h1_meta.my_md.ipaddress=0bv32, h1_meta.my_md.role=0bv16, h1_meta.reply_to_client_md.ipv4_dstAddr=0bv32, h1_meta.reply_to_client_md.ipv4_srcAddr=0bv32, h1_meta.sequence_md.seq=0bv16, h1_meta.sequence_md.tmp=0bv16, h1_pkt_external=false, h1_standard_metadata.checksum_error=0bv1, h1_standard_metadata.deq_qdepth=0bv19, h1_standard_metadata.deq_timedelta=0bv32, h1_standard_metadata.egress_global_timestamp=0bv48, h1_standard_metadata.egress_rid=0bv16, h1_standard_metadata.enq_qdepth=0bv19, h1_standard_metadata.enq_timestamp=0bv32, h1_standard_metadata.ingress_global_timestamp=0bv48, h1_standard_metadata.ingress_port=0bv9, h1_standard_metadata.instance_type=0bv32, h1_standard_metadata.mcast_grp=0bv16, h1_standard_metadata.packet_length=0bv32, h1_standard_metadata.parser_error=0bv1, h1_standard_metadata.priority=0bv3, old(s1_assign_value.hit)=false, old(s1_drop)=false, old(s1_drop_packet.hit)=false, old(s1_ethernet_set_mac.ethernet_set_mac_act.dmac)=0bv48, old(s1_ethernet_set_mac.ethernet_set_mac_act.smac)=0bv48, old(s1_ethernet_set_mac.hit)=false, old(s1_failure_recovery.hit)=false, old(s1_find_index.find_index_act.index_1)=0bv16, old(s1_find_index.hit)=true, old(s1_forward)=false, old(s1_gen_reply.gen_reply_act.message_type)=0bv8, old(s1_gen_reply.hit)=false, old(s1_get_my_address.get_my_address_act.sw_ip)=0bv32, old(s1_get_my_address.get_my_address_act.sw_role)=0bv16, old(s1_get_my_address.hit)=false, old(s1_get_next_hop.hit)=false, old(s1_get_sequence.hit)=false, old(s1_hdr.ethernet.dstAddr)=0bv48, old(s1_hdr.ethernet.srcAddr)=0bv48, old(s1_hdr.ipv4.dstAddr)=167797761bv32, old(s1_hdr.ipv4.hdrChecksum)=0bv16, old(s1_hdr.ipv4.protocol)=17bv8, old(s1_hdr.ipv4.srcAddr)=1bv32, old(s1_hdr.ipv4.totalLen)=4bv16, old(s1_hdr.ipv4.ttl)=0bv8, old(s1_hdr.nc_hdr.key)=2024bv128, old(s1_hdr.nc_hdr.op)=12bv8, old(s1_hdr.nc_hdr.sc)=1bv8, old(s1_hdr.nc_hdr.seq)=1bv16, old(s1_hdr.nc_hdr.value)=0bv128, old(s1_hdr.nc_hdr.vgroup)=0bv16, old(s1_hdr.overlay.0.swip)=167797761bv32, old(s1_hdr.overlay.0.valid)=true, old(s1_hdr.overlay.1.swip)=167797762bv32, old(s1_hdr.overlay.1.valid)=true, old(s1_hdr.overlay.2.swip)=0bv32, old(s1_hdr.overlay.2.valid)=true, old(s1_hdr.overlay.3.swip)=0bv32, old(s1_hdr.overlay.3.valid)=true, old(s1_hdr.overlay.4.swip)=0bv32, old(s1_hdr.overlay.4.valid)=true, old(s1_hdr.overlay.5.swip)=0bv32, old(s1_hdr.overlay.5.valid)=false, old(s1_hdr.overlay.6.swip)=0bv32, old(s1_hdr.overlay.6.valid)=true, old(s1_hdr.overlay.7.swip)=0bv32, old(s1_hdr.overlay.7.valid)=false, old(s1_hdr.overlay.8.swip)=0bv32, old(s1_hdr.overlay.8.valid)=true, old(s1_hdr.overlay.9.valid)=false, old(s1_hdr.udp.checksum)=0bv16, old(s1_hdr.udp.dstPort)=0bv16, old(s1_hdr.udp.len)=4bv16, old(s1_ipv4_route.hit)=false, old(s1_ipv4_route.set_egress.egress_spec_1)=0bv9, old(s1_maintain_sequence.hit)=false, old(s1_meta.location.index)=0bv16, old(s1_meta.my_md.ipaddress)=0bv32, old(s1_meta.my_md.role)=0bv16, old(s1_meta.reply_to_client_md.ipv4_dstAddr)=0bv32, old(s1_meta.reply_to_client_md.ipv4_srcAddr)=0bv32, old(s1_meta.sequence_md.seq)=0bv16, old(s1_p4b_checksum_error)=false, old(s1_p4b_checksum_updated)=false, old(s1_p4b_checksum_verified)=false, old(s1_p4b_clone_e2e)=false, old(s1_p4b_clone_i2e)=false, old(s1_p4b_clone_i2i)=false, old(s1_p4b_digest)=false, old(s1_p4b_recirculate)=false, old(s1_pop_chain.hit)=false, old(s1_pop_chain_again.hit)=false, old(s1_read_value.hit)=false, old(s1_sequence_reg__last0_old_value)=0bv16, old(s1_sequence_reg__last0_value)=65535bv16, old(s1_sequence_reg__last_index)=0bv32, old(s1_sequence_reg__last_old_value)=0bv16, old(s1_sequence_reg__last_value)=65535bv16, old(s1_sequence_reg__last_write_site)=0, old(s1_sequence_reg__next_write_site)=0, old(s1_sequence_reg__wrote_any)=true, old(s1_sequence_reg__wrote_index0)=true, old(s1_standard_metadata.egress_port)=3bv9, old(s1_standard_metadata.egress_spec)=0bv9, old(s1_value_reg__last0_old_value)=0bv128, old(s1_value_reg__last0_value)=0bv128, old(s1_value_reg__last_index)=0bv32, old(s1_value_reg__last_old_value)=0bv128, old(s1_value_reg__last_value)=0bv128, old(s1_value_reg__last_write_site)=0, old(s1_value_reg__next_write_site)=0, old(s1_value_reg__wrote_any)=false, old(s1_value_reg__wrote_index0)=false, procurator_phase=2, procurator_step=2, s1_assign_value.hit=false, s1_drop=false, s1_drop_packet.hit=false, s1_ethernet_set_mac.ethernet_set_mac_act.dmac=0bv48, s1_ethernet_set_mac.ethernet_set_mac_act.smac=0bv48, s1_ethernet_set_mac.hit=false, s1_failure_recovery.hit=false, s1_find_index.find_index_act.index_1=0bv16, s1_find_index.hit=true, s1_forward=false, s1_gen_reply.gen_reply_act.message_type=0bv8, s1_gen_reply.hit=false, s1_get_my_address.get_my_address_act.sw_ip=167797761bv32, s1_get_my_address.get_my_address_act.sw_role=100bv16, s1_get_my_address.hit=false, s1_get_next_hop.hit=false, s1_get_sequence.hit=false, s1_hdr.ethernet.dstAddr=0bv48, s1_hdr.ethernet.etherType=2048bv16, s1_hdr.ethernet.srcAddr=0bv48, s1_hdr.ethernet.valid=true, s1_hdr.ipv4.diffserv=0bv8, s1_hdr.ipv4.dstAddr=167797762bv32, s1_hdr.ipv4.flags=0bv3, s1_hdr.ipv4.fragOffset=0bv13, s1_hdr.ipv4.hdrChecksum=0bv16, s1_hdr.ipv4.identification=0bv16, s1_hdr.ipv4.ihl=0bv4, s1_hdr.ipv4.protocol=17bv8, s1_hdr.ipv4.srcAddr=1bv32, s1_hdr.ipv4.totalLen=0bv16, s1_hdr.ipv4.ttl=0bv8, s1_hdr.ipv4.valid=true, s1_hdr.ipv4.version=0bv4, s1_hdr.nc_hdr.key=2024bv128, s1_hdr.nc_hdr.op=12bv8, s1_hdr.nc_hdr.sc=0bv8, s1_hdr.nc_hdr.seq=0bv16, s1_hdr.nc_hdr.valid=true, s1_hdr.nc_hdr.value=0bv128, s1_hdr.nc_hdr.vgroup=0bv16, s1_hdr.overlay.0.swip=167797762bv32, s1_hdr.overlay.0.valid=true, s1_hdr.overlay.1.swip=0bv32, s1_hdr.overlay.1.valid=true, s1_hdr.overlay.2.swip=0bv32, s1_hdr.overlay.2.valid=true, s1_hdr.overlay.3.swip=0bv32, s1_hdr.overlay.3.valid=true, s1_hdr.overlay.4.swip=0bv32, s1_hdr.overlay.4.valid=false, s1_hdr.overlay.5.swip=0bv32, s1_hdr.overlay.5.valid=true, s1_hdr.overlay.6.swip=0bv32, s1_hdr.overlay.6.valid=false, s1_hdr.overlay.7.swip=0bv32, s1_hdr.overlay.7.valid=true, s1_hdr.overlay.8.swip=0bv32, s1_hdr.overlay.8.valid=false, s1_hdr.overlay.9.swip=0bv32, s1_hdr.overlay.9.valid=false, s1_hdr.overlay.last.swip=0bv32, s1_hdr.overlay.last.valid=false, s1_hdr.tcp.ackNo=0bv32, s1_hdr.tcp.checksum=0bv16, s1_hdr.tcp.ctrl=0bv6, s1_hdr.tcp.dataOffset=0bv4, s1_hdr.tcp.dstPort=0bv16, s1_hdr.tcp.ecn=0bv3, s1_hdr.tcp.res=0bv3, s1_hdr.tcp.seqNo=0bv32, s1_hdr.tcp.srcPort=0bv16, s1_hdr.tcp.urgentPtr=0bv16, s1_hdr.tcp.valid=false, s1_hdr.tcp.window=0bv16, s1_hdr.udp.checksum=0bv16, s1_hdr.udp.dstPort=8888bv16, s1_hdr.udp.len=0bv16, s1_hdr.udp.srcPort=0bv16, s1_hdr.udp.valid=true, s1_inbox_count=0, s1_ipv4_route.hit=false, s1_ipv4_route.set_egress.egress_spec_1=0bv9, s1_maintain_sequence.hit=false, s1_meta.location.index=0bv16, s1_meta.my_md.failed=0bv16, s1_meta.my_md.ipaddress=167797761bv32, s1_meta.my_md.role=100bv16, s1_meta.reply_to_client_md.ipv4_dstAddr=0bv32, s1_meta.reply_to_client_md.ipv4_srcAddr=0bv32, s1_meta.sequence_md.seq=0bv16, s1_meta.sequence_md.tmp=0bv16, s1_p4b_checksum_error=false, s1_p4b_checksum_updated=false, s1_p4b_checksum_verified=false, s1_p4b_clone_e2e=false, s1_p4b_clone_i2e=false, s1_p4b_clone_i2i=false, s1_p4b_digest=false, s1_p4b_recirculate=false, s1_pkt_external=true, s1_pop_chain.hit=false, s1_pop_chain_again.hit=false, s1_read_value.hit=false, s1_sequence_reg__last0_old_value=0bv16, s1_sequence_reg__last0_value=0bv16, s1_sequence_reg__last_index=0bv32, s1_sequence_reg__last_old_value=0bv16, s1_sequence_reg__last_value=0bv16, s1_sequence_reg__last_write_site=1, s1_sequence_reg__next_write_site=1, s1_sequence_reg__wrote_any=true, s1_sequence_reg__wrote_index0=true, s1_standard_metadata.checksum_error=0bv1, s1_standard_metadata.deq_qdepth=0bv19, s1_standard_metadata.deq_timedelta=0bv32, s1_standard_metadata.egress_global_timestamp=0bv48, s1_standard_metadata.egress_port=3bv9, s1_standard_metadata.egress_rid=0bv16, s1_standard_metadata.egress_spec=0bv9, s1_standard_metadata.enq_qdepth=0bv19, s1_standard_metadata.enq_timestamp=0bv32, s1_standard_metadata.ingress_global_timestamp=0bv48, s1_standard_metadata.ingress_port=0bv9, s1_standard_metadata.instance_type=0bv32, s1_standard_metadata.mcast_grp=0bv16, s1_standard_metadata.packet_length=0bv32, s1_standard_metadata.parser_error=0bv1, s1_standard_metadata.priority=0bv3, s1_value_reg__last0_old_value=0bv128, s1_value_reg__last0_value=0bv128, s1_value_reg__last_index=0bv32, s1_value_reg__last_old_value=0bv128, s1_value_reg__last_value=0bv128, s1_value_reg__last_write_site=1, s1_value_reg__next_write_site=1, s1_value_reg__wrote_any=true, s1_value_reg__wrote_index0=true, s2_find_index.hit=true, s2_inbox_count=0, s2_meta.location.index=0bv16, s2_meta.my_md.role=101bv16, s2_p4b_clone_e2e=false, s2_p4b_clone_i2e=false, s2_p4b_clone_i2i=false, s2_p4b_recirculate=false, s2_pkt_external=false, s2_sequence_reg__last0_old_value=0bv16, s2_sequence_reg__last0_value=65535bv16, s2_sequence_reg__last_index=0bv32, s2_sequence_reg__last_old_value=0bv16, s2_sequence_reg__last_value=65535bv16, s2_sequence_reg__last_write_site=0, s2_sequence_reg__next_write_site=0, s2_sequence_reg__wrote_any=true, s2_sequence_reg__wrote_index0=true, s2_value_reg__last0_old_value=0bv128, s2_value_reg__last0_value=0bv128, s2_value_reg__last_index=0bv32, s2_value_reg__last_old_value=0bv128, s2_value_reg__last_value=0bv128, s2_value_reg__last_write_site=0, s2_value_reg__next_write_site=0, s2_value_reg__wrote_any=false, s2_value_reg__wrote_index0=false]
[L592]   COND FALSE  !(s1_standard_metadata.egress_port == 1bv9)
         VAL         [h1_hdr.ethernet.dstAddr=0bv48, h1_hdr.ethernet.etherType=2048bv16, h1_hdr.ethernet.srcAddr=0bv48, h1_hdr.ethernet.valid=true, h1_hdr.ipv4.diffserv=0bv8, h1_hdr.ipv4.dstAddr=167797761bv32, h1_hdr.ipv4.flags=0bv3, h1_hdr.ipv4.fragOffset=0bv13, h1_hdr.ipv4.hdrChecksum=0bv16, h1_hdr.ipv4.identification=0bv16, h1_hdr.ipv4.ihl=0bv4, h1_hdr.ipv4.protocol=17bv8, h1_hdr.ipv4.srcAddr=1bv32, h1_hdr.ipv4.totalLen=4bv16, h1_hdr.ipv4.ttl=0bv8, h1_hdr.ipv4.valid=true, h1_hdr.ipv4.version=0bv4, h1_hdr.nc_hdr.key=2024bv128, h1_hdr.nc_hdr.op=12bv8, h1_hdr.nc_hdr.sc=1bv8, h1_hdr.nc_hdr.seq=1bv16, h1_hdr.nc_hdr.valid=true, h1_hdr.nc_hdr.value=0bv128, h1_hdr.nc_hdr.vgroup=0bv16, h1_hdr.overlay.0.swip=167797761bv32, h1_hdr.overlay.0.valid=true, h1_hdr.overlay.1.swip=167797762bv32, h1_hdr.overlay.1.valid=true, h1_hdr.overlay.2.swip=0bv32, h1_hdr.overlay.2.valid=true, h1_hdr.overlay.3.swip=0bv32, h1_hdr.overlay.3.valid=true, h1_hdr.overlay.4.swip=0bv32, h1_hdr.overlay.4.valid=true, h1_hdr.overlay.5.swip=0bv32, h1_hdr.overlay.5.valid=false, h1_hdr.overlay.6.swip=0bv32, h1_hdr.overlay.6.valid=true, h1_hdr.overlay.7.swip=0bv32, h1_hdr.overlay.7.valid=false, h1_hdr.overlay.8.swip=0bv32, h1_hdr.overlay.8.valid=true, h1_hdr.overlay.9.swip=0bv32, h1_hdr.overlay.9.valid=false, h1_hdr.overlay.last.swip=0bv32, h1_hdr.overlay.last.valid=false, h1_hdr.tcp.ackNo=0bv32, h1_hdr.tcp.checksum=0bv16, h1_hdr.tcp.ctrl=0bv6, h1_hdr.tcp.dataOffset=0bv4, h1_hdr.tcp.dstPort=0bv16, h1_hdr.tcp.ecn=0bv3, h1_hdr.tcp.res=0bv3, h1_hdr.tcp.seqNo=0bv32, h1_hdr.tcp.srcPort=0bv16, h1_hdr.tcp.urgentPtr=0bv16, h1_hdr.tcp.valid=false, h1_hdr.tcp.window=0bv16, h1_hdr.udp.checksum=0bv16, h1_hdr.udp.dstPort=0bv16, h1_hdr.udp.len=4bv16, h1_hdr.udp.srcPort=0bv16, h1_hdr.udp.valid=true, h1_inbox_count=0, h1_meta.location.index=0bv16, h1_meta.my_md.failed=0bv16, h1_meta.my_md.ipaddress=0bv32, h1_meta.my_md.role=0bv16, h1_meta.reply_to_client_md.ipv4_dstAddr=0bv32, h1_meta.reply_to_client_md.ipv4_srcAddr=0bv32, h1_meta.sequence_md.seq=0bv16, h1_meta.sequence_md.tmp=0bv16, h1_pkt_external=false, h1_standard_metadata.checksum_error=0bv1, h1_standard_metadata.deq_qdepth=0bv19, h1_standard_metadata.deq_timedelta=0bv32, h1_standard_metadata.egress_global_timestamp=0bv48, h1_standard_metadata.egress_rid=0bv16, h1_standard_metadata.enq_qdepth=0bv19, h1_standard_metadata.enq_timestamp=0bv32, h1_standard_metadata.ingress_global_timestamp=0bv48, h1_standard_metadata.ingress_port=0bv9, h1_standard_metadata.instance_type=0bv32, h1_standard_metadata.mcast_grp=0bv16, h1_standard_metadata.packet_length=0bv32, h1_standard_metadata.parser_error=0bv1, h1_standard_metadata.priority=0bv3, old(s1_assign_value.hit)=false, old(s1_drop)=false, old(s1_drop_packet.hit)=false, old(s1_ethernet_set_mac.ethernet_set_mac_act.dmac)=0bv48, old(s1_ethernet_set_mac.ethernet_set_mac_act.smac)=0bv48, old(s1_ethernet_set_mac.hit)=false, old(s1_failure_recovery.hit)=false, old(s1_find_index.find_index_act.index_1)=0bv16, old(s1_find_index.hit)=true, old(s1_forward)=false, old(s1_gen_reply.gen_reply_act.message_type)=0bv8, old(s1_gen_reply.hit)=false, old(s1_get_my_address.get_my_address_act.sw_ip)=0bv32, old(s1_get_my_address.get_my_address_act.sw_role)=0bv16, old(s1_get_my_address.hit)=false, old(s1_get_next_hop.hit)=false, old(s1_get_sequence.hit)=false, old(s1_hdr.ethernet.dstAddr)=0bv48, old(s1_hdr.ethernet.srcAddr)=0bv48, old(s1_hdr.ipv4.dstAddr)=167797761bv32, old(s1_hdr.ipv4.hdrChecksum)=0bv16, old(s1_hdr.ipv4.protocol)=17bv8, old(s1_hdr.ipv4.srcAddr)=1bv32, old(s1_hdr.ipv4.totalLen)=4bv16, old(s1_hdr.ipv4.ttl)=0bv8, old(s1_hdr.nc_hdr.key)=2024bv128, old(s1_hdr.nc_hdr.op)=12bv8, old(s1_hdr.nc_hdr.sc)=1bv8, old(s1_hdr.nc_hdr.seq)=1bv16, old(s1_hdr.nc_hdr.value)=0bv128, old(s1_hdr.nc_hdr.vgroup)=0bv16, old(s1_hdr.overlay.0.swip)=167797761bv32, old(s1_hdr.overlay.0.valid)=true, old(s1_hdr.overlay.1.swip)=167797762bv32, old(s1_hdr.overlay.1.valid)=true, old(s1_hdr.overlay.2.swip)=0bv32, old(s1_hdr.overlay.2.valid)=true, old(s1_hdr.overlay.3.swip)=0bv32, old(s1_hdr.overlay.3.valid)=true, old(s1_hdr.overlay.4.swip)=0bv32, old(s1_hdr.overlay.4.valid)=true, old(s1_hdr.overlay.5.swip)=0bv32, old(s1_hdr.overlay.5.valid)=false, old(s1_hdr.overlay.6.swip)=0bv32, old(s1_hdr.overlay.6.valid)=true, old(s1_hdr.overlay.7.swip)=0bv32, old(s1_hdr.overlay.7.valid)=false, old(s1_hdr.overlay.8.swip)=0bv32, old(s1_hdr.overlay.8.valid)=true, old(s1_hdr.overlay.9.valid)=false, old(s1_hdr.udp.checksum)=0bv16, old(s1_hdr.udp.dstPort)=0bv16, old(s1_hdr.udp.len)=4bv16, old(s1_ipv4_route.hit)=false, old(s1_ipv4_route.set_egress.egress_spec_1)=0bv9, old(s1_maintain_sequence.hit)=false, old(s1_meta.location.index)=0bv16, old(s1_meta.my_md.ipaddress)=0bv32, old(s1_meta.my_md.role)=0bv16, old(s1_meta.reply_to_client_md.ipv4_dstAddr)=0bv32, old(s1_meta.reply_to_client_md.ipv4_srcAddr)=0bv32, old(s1_meta.sequence_md.seq)=0bv16, old(s1_p4b_checksum_error)=false, old(s1_p4b_checksum_updated)=false, old(s1_p4b_checksum_verified)=false, old(s1_p4b_clone_e2e)=false, old(s1_p4b_clone_i2e)=false, old(s1_p4b_clone_i2i)=false, old(s1_p4b_digest)=false, old(s1_p4b_recirculate)=false, old(s1_pop_chain.hit)=false, old(s1_pop_chain_again.hit)=false, old(s1_read_value.hit)=false, old(s1_sequence_reg__last0_old_value)=0bv16, old(s1_sequence_reg__last0_value)=65535bv16, old(s1_sequence_reg__last_index)=0bv32, old(s1_sequence_reg__last_old_value)=0bv16, old(s1_sequence_reg__last_value)=65535bv16, old(s1_sequence_reg__last_write_site)=0, old(s1_sequence_reg__next_write_site)=0, old(s1_sequence_reg__wrote_any)=true, old(s1_sequence_reg__wrote_index0)=true, old(s1_standard_metadata.egress_port)=3bv9, old(s1_standard_metadata.egress_spec)=0bv9, old(s1_value_reg__last0_old_value)=0bv128, old(s1_value_reg__last0_value)=0bv128, old(s1_value_reg__last_index)=0bv32, old(s1_value_reg__last_old_value)=0bv128, old(s1_value_reg__last_value)=0bv128, old(s1_value_reg__last_write_site)=0, old(s1_value_reg__next_write_site)=0, old(s1_value_reg__wrote_any)=false, old(s1_value_reg__wrote_index0)=false, procurator_phase=2, procurator_step=2, s1_assign_value.hit=false, s1_drop=false, s1_drop_packet.hit=false, s1_ethernet_set_mac.ethernet_set_mac_act.dmac=0bv48, s1_ethernet_set_mac.ethernet_set_mac_act.smac=0bv48, s1_ethernet_set_mac.hit=false, s1_failure_recovery.hit=false, s1_find_index.find_index_act.index_1=0bv16, s1_find_index.hit=true, s1_forward=false, s1_gen_reply.gen_reply_act.message_type=0bv8, s1_gen_reply.hit=false, s1_get_my_address.get_my_address_act.sw_ip=167797761bv32, s1_get_my_address.get_my_address_act.sw_role=100bv16, s1_get_my_address.hit=false, s1_get_next_hop.hit=false, s1_get_sequence.hit=false, s1_hdr.ethernet.dstAddr=0bv48, s1_hdr.ethernet.etherType=2048bv16, s1_hdr.ethernet.srcAddr=0bv48, s1_hdr.ethernet.valid=true, s1_hdr.ipv4.diffserv=0bv8, s1_hdr.ipv4.dstAddr=167797762bv32, s1_hdr.ipv4.flags=0bv3, s1_hdr.ipv4.fragOffset=0bv13, s1_hdr.ipv4.hdrChecksum=0bv16, s1_hdr.ipv4.identification=0bv16, s1_hdr.ipv4.ihl=0bv4, s1_hdr.ipv4.protocol=17bv8, s1_hdr.ipv4.srcAddr=1bv32, s1_hdr.ipv4.totalLen=0bv16, s1_hdr.ipv4.ttl=0bv8, s1_hdr.ipv4.valid=true, s1_hdr.ipv4.version=0bv4, s1_hdr.nc_hdr.key=2024bv128, s1_hdr.nc_hdr.op=12bv8, s1_hdr.nc_hdr.sc=0bv8, s1_hdr.nc_hdr.seq=0bv16, s1_hdr.nc_hdr.valid=true, s1_hdr.nc_hdr.value=0bv128, s1_hdr.nc_hdr.vgroup=0bv16, s1_hdr.overlay.0.swip=167797762bv32, s1_hdr.overlay.0.valid=true, s1_hdr.overlay.1.swip=0bv32, s1_hdr.overlay.1.valid=true, s1_hdr.overlay.2.swip=0bv32, s1_hdr.overlay.2.valid=true, s1_hdr.overlay.3.swip=0bv32, s1_hdr.overlay.3.valid=true, s1_hdr.overlay.4.swip=0bv32, s1_hdr.overlay.4.valid=false, s1_hdr.overlay.5.swip=0bv32, s1_hdr.overlay.5.valid=true, s1_hdr.overlay.6.swip=0bv32, s1_hdr.overlay.6.valid=false, s1_hdr.overlay.7.swip=0bv32, s1_hdr.overlay.7.valid=true, s1_hdr.overlay.8.swip=0bv32, s1_hdr.overlay.8.valid=false, s1_hdr.overlay.9.swip=0bv32, s1_hdr.overlay.9.valid=false, s1_hdr.overlay.last.swip=0bv32, s1_hdr.overlay.last.valid=false, s1_hdr.tcp.ackNo=0bv32, s1_hdr.tcp.checksum=0bv16, s1_hdr.tcp.ctrl=0bv6, s1_hdr.tcp.dataOffset=0bv4, s1_hdr.tcp.dstPort=0bv16, s1_hdr.tcp.ecn=0bv3, s1_hdr.tcp.res=0bv3, s1_hdr.tcp.seqNo=0bv32, s1_hdr.tcp.srcPort=0bv16, s1_hdr.tcp.urgentPtr=0bv16, s1_hdr.tcp.valid=false, s1_hdr.tcp.window=0bv16, s1_hdr.udp.checksum=0bv16, s1_hdr.udp.dstPort=8888bv16, s1_hdr.udp.len=0bv16, s1_hdr.udp.srcPort=0bv16, s1_hdr.udp.valid=true, s1_inbox_count=0, s1_ipv4_route.hit=false, s1_ipv4_route.set_egress.egress_spec_1=0bv9, s1_maintain_sequence.hit=false, s1_meta.location.index=0bv16, s1_meta.my_md.failed=0bv16, s1_meta.my_md.ipaddress=167797761bv32, s1_meta.my_md.role=100bv16, s1_meta.reply_to_client_md.ipv4_dstAddr=0bv32, s1_meta.reply_to_client_md.ipv4_srcAddr=0bv32, s1_meta.sequence_md.seq=0bv16, s1_meta.sequence_md.tmp=0bv16, s1_p4b_checksum_error=false, s1_p4b_checksum_updated=false, s1_p4b_checksum_verified=false, s1_p4b_clone_e2e=false, s1_p4b_clone_i2e=false, s1_p4b_clone_i2i=false, s1_p4b_digest=false, s1_p4b_recirculate=false, s1_pkt_external=true, s1_pop_chain.hit=false, s1_pop_chain_again.hit=false, s1_read_value.hit=false, s1_sequence_reg__last0_old_value=0bv16, s1_sequence_reg__last0_value=0bv16, s1_sequence_reg__last_index=0bv32, s1_sequence_reg__last_old_value=0bv16, s1_sequence_reg__last_value=0bv16, s1_sequence_reg__last_write_site=1, s1_sequence_reg__next_write_site=1, s1_sequence_reg__wrote_any=true, s1_sequence_reg__wrote_index0=true, s1_standard_metadata.checksum_error=0bv1, s1_standard_metadata.deq_qdepth=0bv19, s1_standard_metadata.deq_timedelta=0bv32, s1_standard_metadata.egress_global_timestamp=0bv48, s1_standard_metadata.egress_port=3bv9, s1_standard_metadata.egress_rid=0bv16, s1_standard_metadata.egress_spec=0bv9, s1_standard_metadata.enq_qdepth=0bv19, s1_standard_metadata.enq_timestamp=0bv32, s1_standard_metadata.ingress_global_timestamp=0bv48, s1_standard_metadata.ingress_port=0bv9, s1_standard_metadata.instance_type=0bv32, s1_standard_metadata.mcast_grp=0bv16, s1_standard_metadata.packet_length=0bv32, s1_standard_metadata.parser_error=0bv1, s1_standard_metadata.priority=0bv3, s1_value_reg__last0_old_value=0bv128, s1_value_reg__last0_value=0bv128, s1_value_reg__last_index=0bv32, s1_value_reg__last_old_value=0bv128, s1_value_reg__last_value=0bv128, s1_value_reg__last_write_site=1, s1_value_reg__next_write_site=1, s1_value_reg__wrote_any=true, s1_value_reg__wrote_index0=true, s2_find_index.hit=true, s2_inbox_count=0, s2_meta.location.index=0bv16, s2_meta.my_md.role=101bv16, s2_p4b_clone_e2e=false, s2_p4b_clone_i2e=false, s2_p4b_clone_i2i=false, s2_p4b_recirculate=false, s2_pkt_external=false, s2_sequence_reg__last0_old_value=0bv16, s2_sequence_reg__last0_value=65535bv16, s2_sequence_reg__last_index=0bv32, s2_sequence_reg__last_old_value=0bv16, s2_sequence_reg__last_value=65535bv16, s2_sequence_reg__last_write_site=0, s2_sequence_reg__next_write_site=0, s2_sequence_reg__wrote_any=true, s2_sequence_reg__wrote_index0=true, s2_value_reg__last0_old_value=0bv128, s2_value_reg__last0_value=0bv128, s2_value_reg__last_index=0bv32, s2_value_reg__last_old_value=0bv128, s2_value_reg__last_value=0bv128, s2_value_reg__last_write_site=0, s2_value_reg__next_write_site=0, s2_value_reg__wrote_any=false, s2_value_reg__wrote_index0=false]
[L600]   COND FALSE  !(s1_standard_metadata.egress_port == 2bv9)
         VAL         [h1_hdr.ethernet.dstAddr=0bv48, h1_hdr.ethernet.etherType=2048bv16, h1_hdr.ethernet.srcAddr=0bv48, h1_hdr.ethernet.valid=true, h1_hdr.ipv4.diffserv=0bv8, h1_hdr.ipv4.dstAddr=167797761bv32, h1_hdr.ipv4.flags=0bv3, h1_hdr.ipv4.fragOffset=0bv13, h1_hdr.ipv4.hdrChecksum=0bv16, h1_hdr.ipv4.identification=0bv16, h1_hdr.ipv4.ihl=0bv4, h1_hdr.ipv4.protocol=17bv8, h1_hdr.ipv4.srcAddr=1bv32, h1_hdr.ipv4.totalLen=4bv16, h1_hdr.ipv4.ttl=0bv8, h1_hdr.ipv4.valid=true, h1_hdr.ipv4.version=0bv4, h1_hdr.nc_hdr.key=2024bv128, h1_hdr.nc_hdr.op=12bv8, h1_hdr.nc_hdr.sc=1bv8, h1_hdr.nc_hdr.seq=1bv16, h1_hdr.nc_hdr.valid=true, h1_hdr.nc_hdr.value=0bv128, h1_hdr.nc_hdr.vgroup=0bv16, h1_hdr.overlay.0.swip=167797761bv32, h1_hdr.overlay.0.valid=true, h1_hdr.overlay.1.swip=167797762bv32, h1_hdr.overlay.1.valid=true, h1_hdr.overlay.2.swip=0bv32, h1_hdr.overlay.2.valid=true, h1_hdr.overlay.3.swip=0bv32, h1_hdr.overlay.3.valid=true, h1_hdr.overlay.4.swip=0bv32, h1_hdr.overlay.4.valid=true, h1_hdr.overlay.5.swip=0bv32, h1_hdr.overlay.5.valid=false, h1_hdr.overlay.6.swip=0bv32, h1_hdr.overlay.6.valid=true, h1_hdr.overlay.7.swip=0bv32, h1_hdr.overlay.7.valid=false, h1_hdr.overlay.8.swip=0bv32, h1_hdr.overlay.8.valid=true, h1_hdr.overlay.9.swip=0bv32, h1_hdr.overlay.9.valid=false, h1_hdr.overlay.last.swip=0bv32, h1_hdr.overlay.last.valid=false, h1_hdr.tcp.ackNo=0bv32, h1_hdr.tcp.checksum=0bv16, h1_hdr.tcp.ctrl=0bv6, h1_hdr.tcp.dataOffset=0bv4, h1_hdr.tcp.dstPort=0bv16, h1_hdr.tcp.ecn=0bv3, h1_hdr.tcp.res=0bv3, h1_hdr.tcp.seqNo=0bv32, h1_hdr.tcp.srcPort=0bv16, h1_hdr.tcp.urgentPtr=0bv16, h1_hdr.tcp.valid=false, h1_hdr.tcp.window=0bv16, h1_hdr.udp.checksum=0bv16, h1_hdr.udp.dstPort=0bv16, h1_hdr.udp.len=4bv16, h1_hdr.udp.srcPort=0bv16, h1_hdr.udp.valid=true, h1_inbox_count=0, h1_meta.location.index=0bv16, h1_meta.my_md.failed=0bv16, h1_meta.my_md.ipaddress=0bv32, h1_meta.my_md.role=0bv16, h1_meta.reply_to_client_md.ipv4_dstAddr=0bv32, h1_meta.reply_to_client_md.ipv4_srcAddr=0bv32, h1_meta.sequence_md.seq=0bv16, h1_meta.sequence_md.tmp=0bv16, h1_pkt_external=false, h1_standard_metadata.checksum_error=0bv1, h1_standard_metadata.deq_qdepth=0bv19, h1_standard_metadata.deq_timedelta=0bv32, h1_standard_metadata.egress_global_timestamp=0bv48, h1_standard_metadata.egress_rid=0bv16, h1_standard_metadata.enq_qdepth=0bv19, h1_standard_metadata.enq_timestamp=0bv32, h1_standard_metadata.ingress_global_timestamp=0bv48, h1_standard_metadata.ingress_port=0bv9, h1_standard_metadata.instance_type=0bv32, h1_standard_metadata.mcast_grp=0bv16, h1_standard_metadata.packet_length=0bv32, h1_standard_metadata.parser_error=0bv1, h1_standard_metadata.priority=0bv3, old(s1_assign_value.hit)=false, old(s1_drop)=false, old(s1_drop_packet.hit)=false, old(s1_ethernet_set_mac.ethernet_set_mac_act.dmac)=0bv48, old(s1_ethernet_set_mac.ethernet_set_mac_act.smac)=0bv48, old(s1_ethernet_set_mac.hit)=false, old(s1_failure_recovery.hit)=false, old(s1_find_index.find_index_act.index_1)=0bv16, old(s1_find_index.hit)=true, old(s1_forward)=false, old(s1_gen_reply.gen_reply_act.message_type)=0bv8, old(s1_gen_reply.hit)=false, old(s1_get_my_address.get_my_address_act.sw_ip)=0bv32, old(s1_get_my_address.get_my_address_act.sw_role)=0bv16, old(s1_get_my_address.hit)=false, old(s1_get_next_hop.hit)=false, old(s1_get_sequence.hit)=false, old(s1_hdr.ethernet.dstAddr)=0bv48, old(s1_hdr.ethernet.srcAddr)=0bv48, old(s1_hdr.ipv4.dstAddr)=167797761bv32, old(s1_hdr.ipv4.hdrChecksum)=0bv16, old(s1_hdr.ipv4.protocol)=17bv8, old(s1_hdr.ipv4.srcAddr)=1bv32, old(s1_hdr.ipv4.totalLen)=4bv16, old(s1_hdr.ipv4.ttl)=0bv8, old(s1_hdr.nc_hdr.key)=2024bv128, old(s1_hdr.nc_hdr.op)=12bv8, old(s1_hdr.nc_hdr.sc)=1bv8, old(s1_hdr.nc_hdr.seq)=1bv16, old(s1_hdr.nc_hdr.value)=0bv128, old(s1_hdr.nc_hdr.vgroup)=0bv16, old(s1_hdr.overlay.0.swip)=167797761bv32, old(s1_hdr.overlay.0.valid)=true, old(s1_hdr.overlay.1.swip)=167797762bv32, old(s1_hdr.overlay.1.valid)=true, old(s1_hdr.overlay.2.swip)=0bv32, old(s1_hdr.overlay.2.valid)=true, old(s1_hdr.overlay.3.swip)=0bv32, old(s1_hdr.overlay.3.valid)=true, old(s1_hdr.overlay.4.swip)=0bv32, old(s1_hdr.overlay.4.valid)=true, old(s1_hdr.overlay.5.swip)=0bv32, old(s1_hdr.overlay.5.valid)=false, old(s1_hdr.overlay.6.swip)=0bv32, old(s1_hdr.overlay.6.valid)=true, old(s1_hdr.overlay.7.swip)=0bv32, old(s1_hdr.overlay.7.valid)=false, old(s1_hdr.overlay.8.swip)=0bv32, old(s1_hdr.overlay.8.valid)=true, old(s1_hdr.overlay.9.valid)=false, old(s1_hdr.udp.checksum)=0bv16, old(s1_hdr.udp.dstPort)=0bv16, old(s1_hdr.udp.len)=4bv16, old(s1_ipv4_route.hit)=false, old(s1_ipv4_route.set_egress.egress_spec_1)=0bv9, old(s1_maintain_sequence.hit)=false, old(s1_meta.location.index)=0bv16, old(s1_meta.my_md.ipaddress)=0bv32, old(s1_meta.my_md.role)=0bv16, old(s1_meta.reply_to_client_md.ipv4_dstAddr)=0bv32, old(s1_meta.reply_to_client_md.ipv4_srcAddr)=0bv32, old(s1_meta.sequence_md.seq)=0bv16, old(s1_p4b_checksum_error)=false, old(s1_p4b_checksum_updated)=false, old(s1_p4b_checksum_verified)=false, old(s1_p4b_clone_e2e)=false, old(s1_p4b_clone_i2e)=false, old(s1_p4b_clone_i2i)=false, old(s1_p4b_digest)=false, old(s1_p4b_recirculate)=false, old(s1_pop_chain.hit)=false, old(s1_pop_chain_again.hit)=false, old(s1_read_value.hit)=false, old(s1_sequence_reg__last0_old_value)=0bv16, old(s1_sequence_reg__last0_value)=65535bv16, old(s1_sequence_reg__last_index)=0bv32, old(s1_sequence_reg__last_old_value)=0bv16, old(s1_sequence_reg__last_value)=65535bv16, old(s1_sequence_reg__last_write_site)=0, old(s1_sequence_reg__next_write_site)=0, old(s1_sequence_reg__wrote_any)=true, old(s1_sequence_reg__wrote_index0)=true, old(s1_standard_metadata.egress_port)=3bv9, old(s1_standard_metadata.egress_spec)=0bv9, old(s1_value_reg__last0_old_value)=0bv128, old(s1_value_reg__last0_value)=0bv128, old(s1_value_reg__last_index)=0bv32, old(s1_value_reg__last_old_value)=0bv128, old(s1_value_reg__last_value)=0bv128, old(s1_value_reg__last_write_site)=0, old(s1_value_reg__next_write_site)=0, old(s1_value_reg__wrote_any)=false, old(s1_value_reg__wrote_index0)=false, procurator_phase=2, procurator_step=2, s1_assign_value.hit=false, s1_drop=false, s1_drop_packet.hit=false, s1_ethernet_set_mac.ethernet_set_mac_act.dmac=0bv48, s1_ethernet_set_mac.ethernet_set_mac_act.smac=0bv48, s1_ethernet_set_mac.hit=false, s1_failure_recovery.hit=false, s1_find_index.find_index_act.index_1=0bv16, s1_find_index.hit=true, s1_forward=false, s1_gen_reply.gen_reply_act.message_type=0bv8, s1_gen_reply.hit=false, s1_get_my_address.get_my_address_act.sw_ip=167797761bv32, s1_get_my_address.get_my_address_act.sw_role=100bv16, s1_get_my_address.hit=false, s1_get_next_hop.hit=false, s1_get_sequence.hit=false, s1_hdr.ethernet.dstAddr=0bv48, s1_hdr.ethernet.etherType=2048bv16, s1_hdr.ethernet.srcAddr=0bv48, s1_hdr.ethernet.valid=true, s1_hdr.ipv4.diffserv=0bv8, s1_hdr.ipv4.dstAddr=167797762bv32, s1_hdr.ipv4.flags=0bv3, s1_hdr.ipv4.fragOffset=0bv13, s1_hdr.ipv4.hdrChecksum=0bv16, s1_hdr.ipv4.identification=0bv16, s1_hdr.ipv4.ihl=0bv4, s1_hdr.ipv4.protocol=17bv8, s1_hdr.ipv4.srcAddr=1bv32, s1_hdr.ipv4.totalLen=0bv16, s1_hdr.ipv4.ttl=0bv8, s1_hdr.ipv4.valid=true, s1_hdr.ipv4.version=0bv4, s1_hdr.nc_hdr.key=2024bv128, s1_hdr.nc_hdr.op=12bv8, s1_hdr.nc_hdr.sc=0bv8, s1_hdr.nc_hdr.seq=0bv16, s1_hdr.nc_hdr.valid=true, s1_hdr.nc_hdr.value=0bv128, s1_hdr.nc_hdr.vgroup=0bv16, s1_hdr.overlay.0.swip=167797762bv32, s1_hdr.overlay.0.valid=true, s1_hdr.overlay.1.swip=0bv32, s1_hdr.overlay.1.valid=true, s1_hdr.overlay.2.swip=0bv32, s1_hdr.overlay.2.valid=true, s1_hdr.overlay.3.swip=0bv32, s1_hdr.overlay.3.valid=true, s1_hdr.overlay.4.swip=0bv32, s1_hdr.overlay.4.valid=false, s1_hdr.overlay.5.swip=0bv32, s1_hdr.overlay.5.valid=true, s1_hdr.overlay.6.swip=0bv32, s1_hdr.overlay.6.valid=false, s1_hdr.overlay.7.swip=0bv32, s1_hdr.overlay.7.valid=true, s1_hdr.overlay.8.swip=0bv32, s1_hdr.overlay.8.valid=false, s1_hdr.overlay.9.swip=0bv32, s1_hdr.overlay.9.valid=false, s1_hdr.overlay.last.swip=0bv32, s1_hdr.overlay.last.valid=false, s1_hdr.tcp.ackNo=0bv32, s1_hdr.tcp.checksum=0bv16, s1_hdr.tcp.ctrl=0bv6, s1_hdr.tcp.dataOffset=0bv4, s1_hdr.tcp.dstPort=0bv16, s1_hdr.tcp.ecn=0bv3, s1_hdr.tcp.res=0bv3, s1_hdr.tcp.seqNo=0bv32, s1_hdr.tcp.srcPort=0bv16, s1_hdr.tcp.urgentPtr=0bv16, s1_hdr.tcp.valid=false, s1_hdr.tcp.window=0bv16, s1_hdr.udp.checksum=0bv16, s1_hdr.udp.dstPort=8888bv16, s1_hdr.udp.len=0bv16, s1_hdr.udp.srcPort=0bv16, s1_hdr.udp.valid=true, s1_inbox_count=0, s1_ipv4_route.hit=false, s1_ipv4_route.set_egress.egress_spec_1=0bv9, s1_maintain_sequence.hit=false, s1_meta.location.index=0bv16, s1_meta.my_md.failed=0bv16, s1_meta.my_md.ipaddress=167797761bv32, s1_meta.my_md.role=100bv16, s1_meta.reply_to_client_md.ipv4_dstAddr=0bv32, s1_meta.reply_to_client_md.ipv4_srcAddr=0bv32, s1_meta.sequence_md.seq=0bv16, s1_meta.sequence_md.tmp=0bv16, s1_p4b_checksum_error=false, s1_p4b_checksum_updated=false, s1_p4b_checksum_verified=false, s1_p4b_clone_e2e=false, s1_p4b_clone_i2e=false, s1_p4b_clone_i2i=false, s1_p4b_digest=false, s1_p4b_recirculate=false, s1_pkt_external=true, s1_pop_chain.hit=false, s1_pop_chain_again.hit=false, s1_read_value.hit=false, s1_sequence_reg__last0_old_value=0bv16, s1_sequence_reg__last0_value=0bv16, s1_sequence_reg__last_index=0bv32, s1_sequence_reg__last_old_value=0bv16, s1_sequence_reg__last_value=0bv16, s1_sequence_reg__last_write_site=1, s1_sequence_reg__next_write_site=1, s1_sequence_reg__wrote_any=true, s1_sequence_reg__wrote_index0=true, s1_standard_metadata.checksum_error=0bv1, s1_standard_metadata.deq_qdepth=0bv19, s1_standard_metadata.deq_timedelta=0bv32, s1_standard_metadata.egress_global_timestamp=0bv48, s1_standard_metadata.egress_port=3bv9, s1_standard_metadata.egress_rid=0bv16, s1_standard_metadata.egress_spec=0bv9, s1_standard_metadata.enq_qdepth=0bv19, s1_standard_metadata.enq_timestamp=0bv32, s1_standard_metadata.ingress_global_timestamp=0bv48, s1_standard_metadata.ingress_port=0bv9, s1_standard_metadata.instance_type=0bv32, s1_standard_metadata.mcast_grp=0bv16, s1_standard_metadata.packet_length=0bv32, s1_standard_metadata.parser_error=0bv1, s1_standard_metadata.priority=0bv3, s1_value_reg__last0_old_value=0bv128, s1_value_reg__last0_value=0bv128, s1_value_reg__last_index=0bv32, s1_value_reg__last_old_value=0bv128, s1_value_reg__last_value=0bv128, s1_value_reg__last_write_site=1, s1_value_reg__next_write_site=1, s1_value_reg__wrote_any=true, s1_value_reg__wrote_index0=true, s2_find_index.hit=true, s2_inbox_count=0, s2_meta.location.index=0bv16, s2_meta.my_md.role=101bv16, s2_p4b_clone_e2e=false, s2_p4b_clone_i2e=false, s2_p4b_clone_i2i=false, s2_p4b_recirculate=false, s2_pkt_external=false, s2_sequence_reg__last0_old_value=0bv16, s2_sequence_reg__last0_value=65535bv16, s2_sequence_reg__last_index=0bv32, s2_sequence_reg__last_old_value=0bv16, s2_sequence_reg__last_value=65535bv16, s2_sequence_reg__last_write_site=0, s2_sequence_reg__next_write_site=0, s2_sequence_reg__wrote_any=true, s2_sequence_reg__wrote_index0=true, s2_value_reg__last0_old_value=0bv128, s2_value_reg__last0_value=0bv128, s2_value_reg__last_index=0bv32, s2_value_reg__last_old_value=0bv128, s2_value_reg__last_value=0bv128, s2_value_reg__last_write_site=0, s2_value_reg__next_write_site=0, s2_value_reg__wrote_any=false, s2_value_reg__wrote_index0=false]
[L608]   COND TRUE   !s1_ethernet_set_mac.hit
[L609]               s1_ethernet_set_mac.action_run := s1_ethernet_set_mac.action.NoAction;
[L610]   CALL        call s1_NoAction();
[L610]   RET         call s1_NoAction();
[L583]   RET         call s1_ethernet_set_mac.apply();
[L958]   RET         call s1_egress();
[L959]   CALL        call s1_computeChecksum();
[L551]               s1_p4b_checksum_updated := true;
[L552]               havoc s1_hdr.ipv4.hdrChecksum;
         VAL         [h1_hdr.ethernet.dstAddr=0bv48, h1_hdr.ethernet.etherType=2048bv16, h1_hdr.ethernet.srcAddr=0bv48, h1_hdr.ethernet.valid=true, h1_hdr.ipv4.diffserv=0bv8, h1_hdr.ipv4.dstAddr=167797761bv32, h1_hdr.ipv4.flags=0bv3, h1_hdr.ipv4.fragOffset=0bv13, h1_hdr.ipv4.hdrChecksum=0bv16, h1_hdr.ipv4.identification=0bv16, h1_hdr.ipv4.ihl=0bv4, h1_hdr.ipv4.protocol=17bv8, h1_hdr.ipv4.srcAddr=1bv32, h1_hdr.ipv4.totalLen=4bv16, h1_hdr.ipv4.ttl=0bv8, h1_hdr.ipv4.valid=true, h1_hdr.ipv4.version=0bv4, h1_hdr.nc_hdr.key=2024bv128, h1_hdr.nc_hdr.op=12bv8, h1_hdr.nc_hdr.sc=1bv8, h1_hdr.nc_hdr.seq=1bv16, h1_hdr.nc_hdr.valid=true, h1_hdr.nc_hdr.value=0bv128, h1_hdr.nc_hdr.vgroup=0bv16, h1_hdr.overlay.0.swip=167797761bv32, h1_hdr.overlay.0.valid=true, h1_hdr.overlay.1.swip=167797762bv32, h1_hdr.overlay.1.valid=true, h1_hdr.overlay.2.swip=0bv32, h1_hdr.overlay.2.valid=true, h1_hdr.overlay.3.swip=0bv32, h1_hdr.overlay.3.valid=true, h1_hdr.overlay.4.swip=0bv32, h1_hdr.overlay.4.valid=true, h1_hdr.overlay.5.swip=0bv32, h1_hdr.overlay.5.valid=false, h1_hdr.overlay.6.swip=0bv32, h1_hdr.overlay.6.valid=true, h1_hdr.overlay.7.swip=0bv32, h1_hdr.overlay.7.valid=false, h1_hdr.overlay.8.swip=0bv32, h1_hdr.overlay.8.valid=true, h1_hdr.overlay.9.swip=0bv32, h1_hdr.overlay.9.valid=false, h1_hdr.overlay.last.swip=0bv32, h1_hdr.overlay.last.valid=false, h1_hdr.tcp.ackNo=0bv32, h1_hdr.tcp.checksum=0bv16, h1_hdr.tcp.ctrl=0bv6, h1_hdr.tcp.dataOffset=0bv4, h1_hdr.tcp.dstPort=0bv16, h1_hdr.tcp.ecn=0bv3, h1_hdr.tcp.res=0bv3, h1_hdr.tcp.seqNo=0bv32, h1_hdr.tcp.srcPort=0bv16, h1_hdr.tcp.urgentPtr=0bv16, h1_hdr.tcp.valid=false, h1_hdr.tcp.window=0bv16, h1_hdr.udp.checksum=0bv16, h1_hdr.udp.dstPort=0bv16, h1_hdr.udp.len=4bv16, h1_hdr.udp.srcPort=0bv16, h1_hdr.udp.valid=true, h1_inbox_count=0, h1_meta.location.index=0bv16, h1_meta.my_md.failed=0bv16, h1_meta.my_md.ipaddress=0bv32, h1_meta.my_md.role=0bv16, h1_meta.reply_to_client_md.ipv4_dstAddr=0bv32, h1_meta.reply_to_client_md.ipv4_srcAddr=0bv32, h1_meta.sequence_md.seq=0bv16, h1_meta.sequence_md.tmp=0bv16, h1_pkt_external=false, h1_standard_metadata.checksum_error=0bv1, h1_standard_metadata.deq_qdepth=0bv19, h1_standard_metadata.deq_timedelta=0bv32, h1_standard_metadata.egress_global_timestamp=0bv48, h1_standard_metadata.egress_rid=0bv16, h1_standard_metadata.enq_qdepth=0bv19, h1_standard_metadata.enq_timestamp=0bv32, h1_standard_metadata.ingress_global_timestamp=0bv48, h1_standard_metadata.ingress_port=0bv9, h1_standard_metadata.instance_type=0bv32, h1_standard_metadata.mcast_grp=0bv16, h1_standard_metadata.packet_length=0bv32, h1_standard_metadata.parser_error=0bv1, h1_standard_metadata.priority=0bv3, old(s1_assign_value.hit)=false, old(s1_drop)=false, old(s1_drop_packet.hit)=false, old(s1_ethernet_set_mac.ethernet_set_mac_act.dmac)=0bv48, old(s1_ethernet_set_mac.ethernet_set_mac_act.smac)=0bv48, old(s1_ethernet_set_mac.hit)=false, old(s1_failure_recovery.hit)=false, old(s1_find_index.find_index_act.index_1)=0bv16, old(s1_find_index.hit)=true, old(s1_forward)=false, old(s1_gen_reply.gen_reply_act.message_type)=0bv8, old(s1_gen_reply.hit)=false, old(s1_get_my_address.get_my_address_act.sw_ip)=0bv32, old(s1_get_my_address.get_my_address_act.sw_role)=0bv16, old(s1_get_my_address.hit)=false, old(s1_get_next_hop.hit)=false, old(s1_get_sequence.hit)=false, old(s1_hdr.ethernet.dstAddr)=0bv48, old(s1_hdr.ethernet.srcAddr)=0bv48, old(s1_hdr.ipv4.dstAddr)=167797761bv32, old(s1_hdr.ipv4.hdrChecksum)=0bv16, old(s1_hdr.ipv4.protocol)=17bv8, old(s1_hdr.ipv4.srcAddr)=1bv32, old(s1_hdr.ipv4.totalLen)=4bv16, old(s1_hdr.ipv4.ttl)=0bv8, old(s1_hdr.nc_hdr.key)=2024bv128, old(s1_hdr.nc_hdr.op)=12bv8, old(s1_hdr.nc_hdr.sc)=1bv8, old(s1_hdr.nc_hdr.seq)=1bv16, old(s1_hdr.nc_hdr.value)=0bv128, old(s1_hdr.nc_hdr.vgroup)=0bv16, old(s1_hdr.overlay.0.swip)=167797761bv32, old(s1_hdr.overlay.0.valid)=true, old(s1_hdr.overlay.1.swip)=167797762bv32, old(s1_hdr.overlay.1.valid)=true, old(s1_hdr.overlay.2.swip)=0bv32, old(s1_hdr.overlay.2.valid)=true, old(s1_hdr.overlay.3.swip)=0bv32, old(s1_hdr.overlay.3.valid)=true, old(s1_hdr.overlay.4.swip)=0bv32, old(s1_hdr.overlay.4.valid)=true, old(s1_hdr.overlay.5.swip)=0bv32, old(s1_hdr.overlay.5.valid)=false, old(s1_hdr.overlay.6.swip)=0bv32, old(s1_hdr.overlay.6.valid)=true, old(s1_hdr.overlay.7.swip)=0bv32, old(s1_hdr.overlay.7.valid)=false, old(s1_hdr.overlay.8.swip)=0bv32, old(s1_hdr.overlay.8.valid)=true, old(s1_hdr.overlay.9.valid)=false, old(s1_hdr.udp.checksum)=0bv16, old(s1_hdr.udp.dstPort)=0bv16, old(s1_hdr.udp.len)=4bv16, old(s1_ipv4_route.hit)=false, old(s1_ipv4_route.set_egress.egress_spec_1)=0bv9, old(s1_maintain_sequence.hit)=false, old(s1_meta.location.index)=0bv16, old(s1_meta.my_md.ipaddress)=0bv32, old(s1_meta.my_md.role)=0bv16, old(s1_meta.reply_to_client_md.ipv4_dstAddr)=0bv32, old(s1_meta.reply_to_client_md.ipv4_srcAddr)=0bv32, old(s1_meta.sequence_md.seq)=0bv16, old(s1_p4b_checksum_error)=false, old(s1_p4b_checksum_updated)=false, old(s1_p4b_checksum_verified)=false, old(s1_p4b_clone_e2e)=false, old(s1_p4b_clone_i2e)=false, old(s1_p4b_clone_i2i)=false, old(s1_p4b_digest)=false, old(s1_p4b_recirculate)=false, old(s1_pop_chain.hit)=false, old(s1_pop_chain_again.hit)=false, old(s1_read_value.hit)=false, old(s1_sequence_reg__last0_old_value)=0bv16, old(s1_sequence_reg__last0_value)=65535bv16, old(s1_sequence_reg__last_index)=0bv32, old(s1_sequence_reg__last_old_value)=0bv16, old(s1_sequence_reg__last_value)=65535bv16, old(s1_sequence_reg__last_write_site)=0, old(s1_sequence_reg__next_write_site)=0, old(s1_sequence_reg__wrote_any)=true, old(s1_sequence_reg__wrote_index0)=true, old(s1_standard_metadata.egress_port)=3bv9, old(s1_standard_metadata.egress_spec)=0bv9, old(s1_value_reg__last0_old_value)=0bv128, old(s1_value_reg__last0_value)=0bv128, old(s1_value_reg__last_index)=0bv32, old(s1_value_reg__last_old_value)=0bv128, old(s1_value_reg__last_value)=0bv128, old(s1_value_reg__last_write_site)=0, old(s1_value_reg__next_write_site)=0, old(s1_value_reg__wrote_any)=false, old(s1_value_reg__wrote_index0)=false, procurator_phase=2, procurator_step=2, s1_assign_value.hit=false, s1_drop=false, s1_drop_packet.hit=false, s1_ethernet_set_mac.ethernet_set_mac_act.dmac=0bv48, s1_ethernet_set_mac.ethernet_set_mac_act.smac=0bv48, s1_ethernet_set_mac.hit=false, s1_failure_recovery.hit=false, s1_find_index.find_index_act.index_1=0bv16, s1_find_index.hit=true, s1_forward=false, s1_gen_reply.gen_reply_act.message_type=0bv8, s1_gen_reply.hit=false, s1_get_my_address.get_my_address_act.sw_ip=167797761bv32, s1_get_my_address.get_my_address_act.sw_role=100bv16, s1_get_my_address.hit=false, s1_get_next_hop.hit=false, s1_get_sequence.hit=false, s1_hdr.ethernet.dstAddr=0bv48, s1_hdr.ethernet.etherType=2048bv16, s1_hdr.ethernet.srcAddr=0bv48, s1_hdr.ethernet.valid=true, s1_hdr.ipv4.diffserv=0bv8, s1_hdr.ipv4.dstAddr=167797762bv32, s1_hdr.ipv4.flags=0bv3, s1_hdr.ipv4.fragOffset=0bv13, s1_hdr.ipv4.identification=0bv16, s1_hdr.ipv4.ihl=0bv4, s1_hdr.ipv4.protocol=17bv8, s1_hdr.ipv4.srcAddr=1bv32, s1_hdr.ipv4.totalLen=0bv16, s1_hdr.ipv4.ttl=0bv8, s1_hdr.ipv4.valid=true, s1_hdr.ipv4.version=0bv4, s1_hdr.nc_hdr.key=2024bv128, s1_hdr.nc_hdr.op=12bv8, s1_hdr.nc_hdr.sc=0bv8, s1_hdr.nc_hdr.seq=0bv16, s1_hdr.nc_hdr.valid=true, s1_hdr.nc_hdr.value=0bv128, s1_hdr.nc_hdr.vgroup=0bv16, s1_hdr.overlay.0.swip=167797762bv32, s1_hdr.overlay.0.valid=true, s1_hdr.overlay.1.swip=0bv32, s1_hdr.overlay.1.valid=true, s1_hdr.overlay.2.swip=0bv32, s1_hdr.overlay.2.valid=true, s1_hdr.overlay.3.swip=0bv32, s1_hdr.overlay.3.valid=true, s1_hdr.overlay.4.swip=0bv32, s1_hdr.overlay.4.valid=false, s1_hdr.overlay.5.swip=0bv32, s1_hdr.overlay.5.valid=true, s1_hdr.overlay.6.swip=0bv32, s1_hdr.overlay.6.valid=false, s1_hdr.overlay.7.swip=0bv32, s1_hdr.overlay.7.valid=true, s1_hdr.overlay.8.swip=0bv32, s1_hdr.overlay.8.valid=false, s1_hdr.overlay.9.swip=0bv32, s1_hdr.overlay.9.valid=false, s1_hdr.overlay.last.swip=0bv32, s1_hdr.overlay.last.valid=false, s1_hdr.tcp.ackNo=0bv32, s1_hdr.tcp.checksum=0bv16, s1_hdr.tcp.ctrl=0bv6, s1_hdr.tcp.dataOffset=0bv4, s1_hdr.tcp.dstPort=0bv16, s1_hdr.tcp.ecn=0bv3, s1_hdr.tcp.res=0bv3, s1_hdr.tcp.seqNo=0bv32, s1_hdr.tcp.srcPort=0bv16, s1_hdr.tcp.urgentPtr=0bv16, s1_hdr.tcp.valid=false, s1_hdr.tcp.window=0bv16, s1_hdr.udp.checksum=0bv16, s1_hdr.udp.dstPort=8888bv16, s1_hdr.udp.len=0bv16, s1_hdr.udp.srcPort=0bv16, s1_hdr.udp.valid=true, s1_inbox_count=0, s1_ipv4_route.hit=false, s1_ipv4_route.set_egress.egress_spec_1=0bv9, s1_maintain_sequence.hit=false, s1_meta.location.index=0bv16, s1_meta.my_md.failed=0bv16, s1_meta.my_md.ipaddress=167797761bv32, s1_meta.my_md.role=100bv16, s1_meta.reply_to_client_md.ipv4_dstAddr=0bv32, s1_meta.reply_to_client_md.ipv4_srcAddr=0bv32, s1_meta.sequence_md.seq=0bv16, s1_meta.sequence_md.tmp=0bv16, s1_p4b_checksum_error=false, s1_p4b_checksum_updated=true, s1_p4b_checksum_verified=false, s1_p4b_clone_e2e=false, s1_p4b_clone_i2e=false, s1_p4b_clone_i2i=false, s1_p4b_digest=false, s1_p4b_recirculate=false, s1_pkt_external=true, s1_pop_chain.hit=false, s1_pop_chain_again.hit=false, s1_read_value.hit=false, s1_sequence_reg__last0_old_value=0bv16, s1_sequence_reg__last0_value=0bv16, s1_sequence_reg__last_index=0bv32, s1_sequence_reg__last_old_value=0bv16, s1_sequence_reg__last_value=0bv16, s1_sequence_reg__last_write_site=1, s1_sequence_reg__next_write_site=1, s1_sequence_reg__wrote_any=true, s1_sequence_reg__wrote_index0=true, s1_standard_metadata.checksum_error=0bv1, s1_standard_metadata.deq_qdepth=0bv19, s1_standard_metadata.deq_timedelta=0bv32, s1_standard_metadata.egress_global_timestamp=0bv48, s1_standard_metadata.egress_port=3bv9, s1_standard_metadata.egress_rid=0bv16, s1_standard_metadata.egress_spec=0bv9, s1_standard_metadata.enq_qdepth=0bv19, s1_standard_metadata.enq_timestamp=0bv32, s1_standard_metadata.ingress_global_timestamp=0bv48, s1_standard_metadata.ingress_port=0bv9, s1_standard_metadata.instance_type=0bv32, s1_standard_metadata.mcast_grp=0bv16, s1_standard_metadata.packet_length=0bv32, s1_standard_metadata.parser_error=0bv1, s1_standard_metadata.priority=0bv3, s1_value_reg__last0_old_value=0bv128, s1_value_reg__last0_value=0bv128, s1_value_reg__last_index=0bv32, s1_value_reg__last_old_value=0bv128, s1_value_reg__last_value=0bv128, s1_value_reg__last_write_site=1, s1_value_reg__next_write_site=1, s1_value_reg__wrote_any=true, s1_value_reg__wrote_index0=true, s2_find_index.hit=true, s2_inbox_count=0, s2_meta.location.index=0bv16, s2_meta.my_md.role=101bv16, s2_p4b_clone_e2e=false, s2_p4b_clone_i2e=false, s2_p4b_clone_i2i=false, s2_p4b_recirculate=false, s2_pkt_external=false, s2_sequence_reg__last0_old_value=0bv16, s2_sequence_reg__last0_value=65535bv16, s2_sequence_reg__last_index=0bv32, s2_sequence_reg__last_old_value=0bv16, s2_sequence_reg__last_value=65535bv16, s2_sequence_reg__last_write_site=0, s2_sequence_reg__next_write_site=0, s2_sequence_reg__wrote_any=true, s2_sequence_reg__wrote_index0=true, s2_value_reg__last0_old_value=0bv128, s2_value_reg__last0_value=0bv128, s2_value_reg__last_index=0bv32, s2_value_reg__last_old_value=0bv128, s2_value_reg__last_value=0bv128, s2_value_reg__last_write_site=0, s2_value_reg__next_write_site=0, s2_value_reg__wrote_any=false, s2_value_reg__wrote_index0=false]
[L555]               s1_p4b_checksum_updated := true;
[L556]               havoc s1_hdr.udp.checksum;
         VAL         [h1_hdr.ethernet.dstAddr=0bv48, h1_hdr.ethernet.etherType=2048bv16, h1_hdr.ethernet.srcAddr=0bv48, h1_hdr.ethernet.valid=true, h1_hdr.ipv4.diffserv=0bv8, h1_hdr.ipv4.dstAddr=167797761bv32, h1_hdr.ipv4.flags=0bv3, h1_hdr.ipv4.fragOffset=0bv13, h1_hdr.ipv4.hdrChecksum=0bv16, h1_hdr.ipv4.identification=0bv16, h1_hdr.ipv4.ihl=0bv4, h1_hdr.ipv4.protocol=17bv8, h1_hdr.ipv4.srcAddr=1bv32, h1_hdr.ipv4.totalLen=4bv16, h1_hdr.ipv4.ttl=0bv8, h1_hdr.ipv4.valid=true, h1_hdr.ipv4.version=0bv4, h1_hdr.nc_hdr.key=2024bv128, h1_hdr.nc_hdr.op=12bv8, h1_hdr.nc_hdr.sc=1bv8, h1_hdr.nc_hdr.seq=1bv16, h1_hdr.nc_hdr.valid=true, h1_hdr.nc_hdr.value=0bv128, h1_hdr.nc_hdr.vgroup=0bv16, h1_hdr.overlay.0.swip=167797761bv32, h1_hdr.overlay.0.valid=true, h1_hdr.overlay.1.swip=167797762bv32, h1_hdr.overlay.1.valid=true, h1_hdr.overlay.2.swip=0bv32, h1_hdr.overlay.2.valid=true, h1_hdr.overlay.3.swip=0bv32, h1_hdr.overlay.3.valid=true, h1_hdr.overlay.4.swip=0bv32, h1_hdr.overlay.4.valid=true, h1_hdr.overlay.5.swip=0bv32, h1_hdr.overlay.5.valid=false, h1_hdr.overlay.6.swip=0bv32, h1_hdr.overlay.6.valid=true, h1_hdr.overlay.7.swip=0bv32, h1_hdr.overlay.7.valid=false, h1_hdr.overlay.8.swip=0bv32, h1_hdr.overlay.8.valid=true, h1_hdr.overlay.9.swip=0bv32, h1_hdr.overlay.9.valid=false, h1_hdr.overlay.last.swip=0bv32, h1_hdr.overlay.last.valid=false, h1_hdr.tcp.ackNo=0bv32, h1_hdr.tcp.checksum=0bv16, h1_hdr.tcp.ctrl=0bv6, h1_hdr.tcp.dataOffset=0bv4, h1_hdr.tcp.dstPort=0bv16, h1_hdr.tcp.ecn=0bv3, h1_hdr.tcp.res=0bv3, h1_hdr.tcp.seqNo=0bv32, h1_hdr.tcp.srcPort=0bv16, h1_hdr.tcp.urgentPtr=0bv16, h1_hdr.tcp.valid=false, h1_hdr.tcp.window=0bv16, h1_hdr.udp.checksum=0bv16, h1_hdr.udp.dstPort=0bv16, h1_hdr.udp.len=4bv16, h1_hdr.udp.srcPort=0bv16, h1_hdr.udp.valid=true, h1_inbox_count=0, h1_meta.location.index=0bv16, h1_meta.my_md.failed=0bv16, h1_meta.my_md.ipaddress=0bv32, h1_meta.my_md.role=0bv16, h1_meta.reply_to_client_md.ipv4_dstAddr=0bv32, h1_meta.reply_to_client_md.ipv4_srcAddr=0bv32, h1_meta.sequence_md.seq=0bv16, h1_meta.sequence_md.tmp=0bv16, h1_pkt_external=false, h1_standard_metadata.checksum_error=0bv1, h1_standard_metadata.deq_qdepth=0bv19, h1_standard_metadata.deq_timedelta=0bv32, h1_standard_metadata.egress_global_timestamp=0bv48, h1_standard_metadata.egress_rid=0bv16, h1_standard_metadata.enq_qdepth=0bv19, h1_standard_metadata.enq_timestamp=0bv32, h1_standard_metadata.ingress_global_timestamp=0bv48, h1_standard_metadata.ingress_port=0bv9, h1_standard_metadata.instance_type=0bv32, h1_standard_metadata.mcast_grp=0bv16, h1_standard_metadata.packet_length=0bv32, h1_standard_metadata.parser_error=0bv1, h1_standard_metadata.priority=0bv3, old(s1_assign_value.hit)=false, old(s1_drop)=false, old(s1_drop_packet.hit)=false, old(s1_ethernet_set_mac.ethernet_set_mac_act.dmac)=0bv48, old(s1_ethernet_set_mac.ethernet_set_mac_act.smac)=0bv48, old(s1_ethernet_set_mac.hit)=false, old(s1_failure_recovery.hit)=false, old(s1_find_index.find_index_act.index_1)=0bv16, old(s1_find_index.hit)=true, old(s1_forward)=false, old(s1_gen_reply.gen_reply_act.message_type)=0bv8, old(s1_gen_reply.hit)=false, old(s1_get_my_address.get_my_address_act.sw_ip)=0bv32, old(s1_get_my_address.get_my_address_act.sw_role)=0bv16, old(s1_get_my_address.hit)=false, old(s1_get_next_hop.hit)=false, old(s1_get_sequence.hit)=false, old(s1_hdr.ethernet.dstAddr)=0bv48, old(s1_hdr.ethernet.srcAddr)=0bv48, old(s1_hdr.ipv4.dstAddr)=167797761bv32, old(s1_hdr.ipv4.hdrChecksum)=0bv16, old(s1_hdr.ipv4.protocol)=17bv8, old(s1_hdr.ipv4.srcAddr)=1bv32, old(s1_hdr.ipv4.totalLen)=4bv16, old(s1_hdr.ipv4.ttl)=0bv8, old(s1_hdr.nc_hdr.key)=2024bv128, old(s1_hdr.nc_hdr.op)=12bv8, old(s1_hdr.nc_hdr.sc)=1bv8, old(s1_hdr.nc_hdr.seq)=1bv16, old(s1_hdr.nc_hdr.value)=0bv128, old(s1_hdr.nc_hdr.vgroup)=0bv16, old(s1_hdr.overlay.0.swip)=167797761bv32, old(s1_hdr.overlay.0.valid)=true, old(s1_hdr.overlay.1.swip)=167797762bv32, old(s1_hdr.overlay.1.valid)=true, old(s1_hdr.overlay.2.swip)=0bv32, old(s1_hdr.overlay.2.valid)=true, old(s1_hdr.overlay.3.swip)=0bv32, old(s1_hdr.overlay.3.valid)=true, old(s1_hdr.overlay.4.swip)=0bv32, old(s1_hdr.overlay.4.valid)=true, old(s1_hdr.overlay.5.swip)=0bv32, old(s1_hdr.overlay.5.valid)=false, old(s1_hdr.overlay.6.swip)=0bv32, old(s1_hdr.overlay.6.valid)=true, old(s1_hdr.overlay.7.swip)=0bv32, old(s1_hdr.overlay.7.valid)=false, old(s1_hdr.overlay.8.swip)=0bv32, old(s1_hdr.overlay.8.valid)=true, old(s1_hdr.overlay.9.valid)=false, old(s1_hdr.udp.checksum)=0bv16, old(s1_hdr.udp.dstPort)=0bv16, old(s1_hdr.udp.len)=4bv16, old(s1_ipv4_route.hit)=false, old(s1_ipv4_route.set_egress.egress_spec_1)=0bv9, old(s1_maintain_sequence.hit)=false, old(s1_meta.location.index)=0bv16, old(s1_meta.my_md.ipaddress)=0bv32, old(s1_meta.my_md.role)=0bv16, old(s1_meta.reply_to_client_md.ipv4_dstAddr)=0bv32, old(s1_meta.reply_to_client_md.ipv4_srcAddr)=0bv32, old(s1_meta.sequence_md.seq)=0bv16, old(s1_p4b_checksum_error)=false, old(s1_p4b_checksum_updated)=false, old(s1_p4b_checksum_verified)=false, old(s1_p4b_clone_e2e)=false, old(s1_p4b_clone_i2e)=false, old(s1_p4b_clone_i2i)=false, old(s1_p4b_digest)=false, old(s1_p4b_recirculate)=false, old(s1_pop_chain.hit)=false, old(s1_pop_chain_again.hit)=false, old(s1_read_value.hit)=false, old(s1_sequence_reg__last0_old_value)=0bv16, old(s1_sequence_reg__last0_value)=65535bv16, old(s1_sequence_reg__last_index)=0bv32, old(s1_sequence_reg__last_old_value)=0bv16, old(s1_sequence_reg__last_value)=65535bv16, old(s1_sequence_reg__last_write_site)=0, old(s1_sequence_reg__next_write_site)=0, old(s1_sequence_reg__wrote_any)=true, old(s1_sequence_reg__wrote_index0)=true, old(s1_standard_metadata.egress_port)=3bv9, old(s1_standard_metadata.egress_spec)=0bv9, old(s1_value_reg__last0_old_value)=0bv128, old(s1_value_reg__last0_value)=0bv128, old(s1_value_reg__last_index)=0bv32, old(s1_value_reg__last_old_value)=0bv128, old(s1_value_reg__last_value)=0bv128, old(s1_value_reg__last_write_site)=0, old(s1_value_reg__next_write_site)=0, old(s1_value_reg__wrote_any)=false, old(s1_value_reg__wrote_index0)=false, procurator_phase=2, procurator_step=2, s1_assign_value.hit=false, s1_drop=false, s1_drop_packet.hit=false, s1_ethernet_set_mac.ethernet_set_mac_act.dmac=0bv48, s1_ethernet_set_mac.ethernet_set_mac_act.smac=0bv48, s1_ethernet_set_mac.hit=false, s1_failure_recovery.hit=false, s1_find_index.find_index_act.index_1=0bv16, s1_find_index.hit=true, s1_forward=false, s1_gen_reply.gen_reply_act.message_type=0bv8, s1_gen_reply.hit=false, s1_get_my_address.get_my_address_act.sw_ip=167797761bv32, s1_get_my_address.get_my_address_act.sw_role=100bv16, s1_get_my_address.hit=false, s1_get_next_hop.hit=false, s1_get_sequence.hit=false, s1_hdr.ethernet.dstAddr=0bv48, s1_hdr.ethernet.etherType=2048bv16, s1_hdr.ethernet.srcAddr=0bv48, s1_hdr.ethernet.valid=true, s1_hdr.ipv4.diffserv=0bv8, s1_hdr.ipv4.dstAddr=167797762bv32, s1_hdr.ipv4.flags=0bv3, s1_hdr.ipv4.fragOffset=0bv13, s1_hdr.ipv4.identification=0bv16, s1_hdr.ipv4.ihl=0bv4, s1_hdr.ipv4.protocol=17bv8, s1_hdr.ipv4.srcAddr=1bv32, s1_hdr.ipv4.totalLen=0bv16, s1_hdr.ipv4.ttl=0bv8, s1_hdr.ipv4.valid=true, s1_hdr.ipv4.version=0bv4, s1_hdr.nc_hdr.key=2024bv128, s1_hdr.nc_hdr.op=12bv8, s1_hdr.nc_hdr.sc=0bv8, s1_hdr.nc_hdr.seq=0bv16, s1_hdr.nc_hdr.valid=true, s1_hdr.nc_hdr.value=0bv128, s1_hdr.nc_hdr.vgroup=0bv16, s1_hdr.overlay.0.swip=167797762bv32, s1_hdr.overlay.0.valid=true, s1_hdr.overlay.1.swip=0bv32, s1_hdr.overlay.1.valid=true, s1_hdr.overlay.2.swip=0bv32, s1_hdr.overlay.2.valid=true, s1_hdr.overlay.3.swip=0bv32, s1_hdr.overlay.3.valid=true, s1_hdr.overlay.4.swip=0bv32, s1_hdr.overlay.4.valid=false, s1_hdr.overlay.5.swip=0bv32, s1_hdr.overlay.5.valid=true, s1_hdr.overlay.6.swip=0bv32, s1_hdr.overlay.6.valid=false, s1_hdr.overlay.7.swip=0bv32, s1_hdr.overlay.7.valid=true, s1_hdr.overlay.8.swip=0bv32, s1_hdr.overlay.8.valid=false, s1_hdr.overlay.9.swip=0bv32, s1_hdr.overlay.9.valid=false, s1_hdr.overlay.last.swip=0bv32, s1_hdr.overlay.last.valid=false, s1_hdr.tcp.ackNo=0bv32, s1_hdr.tcp.checksum=0bv16, s1_hdr.tcp.ctrl=0bv6, s1_hdr.tcp.dataOffset=0bv4, s1_hdr.tcp.dstPort=0bv16, s1_hdr.tcp.ecn=0bv3, s1_hdr.tcp.res=0bv3, s1_hdr.tcp.seqNo=0bv32, s1_hdr.tcp.srcPort=0bv16, s1_hdr.tcp.urgentPtr=0bv16, s1_hdr.tcp.valid=false, s1_hdr.tcp.window=0bv16, s1_hdr.udp.dstPort=8888bv16, s1_hdr.udp.len=0bv16, s1_hdr.udp.srcPort=0bv16, s1_hdr.udp.valid=true, s1_inbox_count=0, s1_ipv4_route.hit=false, s1_ipv4_route.set_egress.egress_spec_1=0bv9, s1_maintain_sequence.hit=false, s1_meta.location.index=0bv16, s1_meta.my_md.failed=0bv16, s1_meta.my_md.ipaddress=167797761bv32, s1_meta.my_md.role=100bv16, s1_meta.reply_to_client_md.ipv4_dstAddr=0bv32, s1_meta.reply_to_client_md.ipv4_srcAddr=0bv32, s1_meta.sequence_md.seq=0bv16, s1_meta.sequence_md.tmp=0bv16, s1_p4b_checksum_error=false, s1_p4b_checksum_updated=true, s1_p4b_checksum_verified=false, s1_p4b_clone_e2e=false, s1_p4b_clone_i2e=false, s1_p4b_clone_i2i=false, s1_p4b_digest=false, s1_p4b_recirculate=false, s1_pkt_external=true, s1_pop_chain.hit=false, s1_pop_chain_again.hit=false, s1_read_value.hit=false, s1_sequence_reg__last0_old_value=0bv16, s1_sequence_reg__last0_value=0bv16, s1_sequence_reg__last_index=0bv32, s1_sequence_reg__last_old_value=0bv16, s1_sequence_reg__last_value=0bv16, s1_sequence_reg__last_write_site=1, s1_sequence_reg__next_write_site=1, s1_sequence_reg__wrote_any=true, s1_sequence_reg__wrote_index0=true, s1_standard_metadata.checksum_error=0bv1, s1_standard_metadata.deq_qdepth=0bv19, s1_standard_metadata.deq_timedelta=0bv32, s1_standard_metadata.egress_global_timestamp=0bv48, s1_standard_metadata.egress_port=3bv9, s1_standard_metadata.egress_rid=0bv16, s1_standard_metadata.egress_spec=0bv9, s1_standard_metadata.enq_qdepth=0bv19, s1_standard_metadata.enq_timestamp=0bv32, s1_standard_metadata.ingress_global_timestamp=0bv48, s1_standard_metadata.ingress_port=0bv9, s1_standard_metadata.instance_type=0bv32, s1_standard_metadata.mcast_grp=0bv16, s1_standard_metadata.packet_length=0bv32, s1_standard_metadata.parser_error=0bv1, s1_standard_metadata.priority=0bv3, s1_value_reg__last0_old_value=0bv128, s1_value_reg__last0_value=0bv128, s1_value_reg__last_index=0bv32, s1_value_reg__last_old_value=0bv128, s1_value_reg__last_value=0bv128, s1_value_reg__last_write_site=1, s1_value_reg__next_write_site=1, s1_value_reg__wrote_any=true, s1_value_reg__wrote_index0=true, s2_find_index.hit=true, s2_inbox_count=0, s2_meta.location.index=0bv16, s2_meta.my_md.role=101bv16, s2_p4b_clone_e2e=false, s2_p4b_clone_i2e=false, s2_p4b_clone_i2i=false, s2_p4b_recirculate=false, s2_pkt_external=false, s2_sequence_reg__last0_old_value=0bv16, s2_sequence_reg__last0_value=65535bv16, s2_sequence_reg__last_index=0bv32, s2_sequence_reg__last_old_value=0bv16, s2_sequence_reg__last_value=65535bv16, s2_sequence_reg__last_write_site=0, s2_sequence_reg__next_write_site=0, s2_sequence_reg__wrote_any=true, s2_sequence_reg__wrote_index0=true, s2_value_reg__last0_old_value=0bv128, s2_value_reg__last0_value=0bv128, s2_value_reg__last_index=0bv32, s2_value_reg__last_old_value=0bv128, s2_value_reg__last_value=0bv128, s2_value_reg__last_write_site=0, s2_value_reg__next_write_site=0, s2_value_reg__wrote_any=false, s2_value_reg__wrote_index0=false]
[L959]   RET         call s1_computeChecksum();
[L960]   COND TRUE   s1_forward == false
[L961]               s1_drop := true;
         VAL         [h1_hdr.ethernet.dstAddr=0bv48, h1_hdr.ethernet.etherType=2048bv16, h1_hdr.ethernet.srcAddr=0bv48, h1_hdr.ethernet.valid=true, h1_hdr.ipv4.diffserv=0bv8, h1_hdr.ipv4.dstAddr=167797761bv32, h1_hdr.ipv4.flags=0bv3, h1_hdr.ipv4.fragOffset=0bv13, h1_hdr.ipv4.hdrChecksum=0bv16, h1_hdr.ipv4.identification=0bv16, h1_hdr.ipv4.ihl=0bv4, h1_hdr.ipv4.protocol=17bv8, h1_hdr.ipv4.srcAddr=1bv32, h1_hdr.ipv4.totalLen=4bv16, h1_hdr.ipv4.ttl=0bv8, h1_hdr.ipv4.valid=true, h1_hdr.ipv4.version=0bv4, h1_hdr.nc_hdr.key=2024bv128, h1_hdr.nc_hdr.op=12bv8, h1_hdr.nc_hdr.sc=1bv8, h1_hdr.nc_hdr.seq=1bv16, h1_hdr.nc_hdr.valid=true, h1_hdr.nc_hdr.value=0bv128, h1_hdr.nc_hdr.vgroup=0bv16, h1_hdr.overlay.0.swip=167797761bv32, h1_hdr.overlay.0.valid=true, h1_hdr.overlay.1.swip=167797762bv32, h1_hdr.overlay.1.valid=true, h1_hdr.overlay.2.swip=0bv32, h1_hdr.overlay.2.valid=true, h1_hdr.overlay.3.swip=0bv32, h1_hdr.overlay.3.valid=true, h1_hdr.overlay.4.swip=0bv32, h1_hdr.overlay.4.valid=true, h1_hdr.overlay.5.swip=0bv32, h1_hdr.overlay.5.valid=false, h1_hdr.overlay.6.swip=0bv32, h1_hdr.overlay.6.valid=true, h1_hdr.overlay.7.swip=0bv32, h1_hdr.overlay.7.valid=false, h1_hdr.overlay.8.swip=0bv32, h1_hdr.overlay.8.valid=true, h1_hdr.overlay.9.swip=0bv32, h1_hdr.overlay.9.valid=false, h1_hdr.overlay.last.swip=0bv32, h1_hdr.overlay.last.valid=false, h1_hdr.tcp.ackNo=0bv32, h1_hdr.tcp.checksum=0bv16, h1_hdr.tcp.ctrl=0bv6, h1_hdr.tcp.dataOffset=0bv4, h1_hdr.tcp.dstPort=0bv16, h1_hdr.tcp.ecn=0bv3, h1_hdr.tcp.res=0bv3, h1_hdr.tcp.seqNo=0bv32, h1_hdr.tcp.srcPort=0bv16, h1_hdr.tcp.urgentPtr=0bv16, h1_hdr.tcp.valid=false, h1_hdr.tcp.window=0bv16, h1_hdr.udp.checksum=0bv16, h1_hdr.udp.dstPort=0bv16, h1_hdr.udp.len=4bv16, h1_hdr.udp.srcPort=0bv16, h1_hdr.udp.valid=true, h1_inbox_count=0, h1_meta.location.index=0bv16, h1_meta.my_md.failed=0bv16, h1_meta.my_md.ipaddress=0bv32, h1_meta.my_md.role=0bv16, h1_meta.reply_to_client_md.ipv4_dstAddr=0bv32, h1_meta.reply_to_client_md.ipv4_srcAddr=0bv32, h1_meta.sequence_md.seq=0bv16, h1_meta.sequence_md.tmp=0bv16, h1_pkt_external=false, h1_standard_metadata.checksum_error=0bv1, h1_standard_metadata.deq_qdepth=0bv19, h1_standard_metadata.deq_timedelta=0bv32, h1_standard_metadata.egress_global_timestamp=0bv48, h1_standard_metadata.egress_rid=0bv16, h1_standard_metadata.enq_qdepth=0bv19, h1_standard_metadata.enq_timestamp=0bv32, h1_standard_metadata.ingress_global_timestamp=0bv48, h1_standard_metadata.ingress_port=0bv9, h1_standard_metadata.instance_type=0bv32, h1_standard_metadata.mcast_grp=0bv16, h1_standard_metadata.packet_length=0bv32, h1_standard_metadata.parser_error=0bv1, h1_standard_metadata.priority=0bv3, old(s1_assign_value.hit)=false, old(s1_drop)=false, old(s1_drop_packet.hit)=false, old(s1_ethernet_set_mac.ethernet_set_mac_act.dmac)=0bv48, old(s1_ethernet_set_mac.ethernet_set_mac_act.smac)=0bv48, old(s1_ethernet_set_mac.hit)=false, old(s1_failure_recovery.hit)=false, old(s1_find_index.find_index_act.index_1)=0bv16, old(s1_find_index.hit)=true, old(s1_forward)=false, old(s1_gen_reply.gen_reply_act.message_type)=0bv8, old(s1_gen_reply.hit)=false, old(s1_get_my_address.get_my_address_act.sw_ip)=0bv32, old(s1_get_my_address.get_my_address_act.sw_role)=0bv16, old(s1_get_my_address.hit)=false, old(s1_get_next_hop.hit)=false, old(s1_get_sequence.hit)=false, old(s1_hdr.ethernet.dstAddr)=0bv48, old(s1_hdr.ethernet.srcAddr)=0bv48, old(s1_hdr.ipv4.dstAddr)=167797761bv32, old(s1_hdr.ipv4.hdrChecksum)=0bv16, old(s1_hdr.ipv4.protocol)=17bv8, old(s1_hdr.ipv4.srcAddr)=1bv32, old(s1_hdr.ipv4.totalLen)=4bv16, old(s1_hdr.ipv4.ttl)=0bv8, old(s1_hdr.nc_hdr.key)=2024bv128, old(s1_hdr.nc_hdr.op)=12bv8, old(s1_hdr.nc_hdr.sc)=1bv8, old(s1_hdr.nc_hdr.seq)=1bv16, old(s1_hdr.nc_hdr.value)=0bv128, old(s1_hdr.nc_hdr.vgroup)=0bv16, old(s1_hdr.overlay.0.swip)=167797761bv32, old(s1_hdr.overlay.0.valid)=true, old(s1_hdr.overlay.1.swip)=167797762bv32, old(s1_hdr.overlay.1.valid)=true, old(s1_hdr.overlay.2.swip)=0bv32, old(s1_hdr.overlay.2.valid)=true, old(s1_hdr.overlay.3.swip)=0bv32, old(s1_hdr.overlay.3.valid)=true, old(s1_hdr.overlay.4.swip)=0bv32, old(s1_hdr.overlay.4.valid)=true, old(s1_hdr.overlay.5.swip)=0bv32, old(s1_hdr.overlay.5.valid)=false, old(s1_hdr.overlay.6.swip)=0bv32, old(s1_hdr.overlay.6.valid)=true, old(s1_hdr.overlay.7.swip)=0bv32, old(s1_hdr.overlay.7.valid)=false, old(s1_hdr.overlay.8.swip)=0bv32, old(s1_hdr.overlay.8.valid)=true, old(s1_hdr.overlay.9.valid)=false, old(s1_hdr.udp.checksum)=0bv16, old(s1_hdr.udp.dstPort)=0bv16, old(s1_hdr.udp.len)=4bv16, old(s1_ipv4_route.hit)=false, old(s1_ipv4_route.set_egress.egress_spec_1)=0bv9, old(s1_maintain_sequence.hit)=false, old(s1_meta.location.index)=0bv16, old(s1_meta.my_md.ipaddress)=0bv32, old(s1_meta.my_md.role)=0bv16, old(s1_meta.reply_to_client_md.ipv4_dstAddr)=0bv32, old(s1_meta.reply_to_client_md.ipv4_srcAddr)=0bv32, old(s1_meta.sequence_md.seq)=0bv16, old(s1_p4b_checksum_error)=false, old(s1_p4b_checksum_updated)=false, old(s1_p4b_checksum_verified)=false, old(s1_p4b_clone_e2e)=false, old(s1_p4b_clone_i2e)=false, old(s1_p4b_clone_i2i)=false, old(s1_p4b_digest)=false, old(s1_p4b_recirculate)=false, old(s1_pop_chain.hit)=false, old(s1_pop_chain_again.hit)=false, old(s1_read_value.hit)=false, old(s1_sequence_reg__last0_old_value)=0bv16, old(s1_sequence_reg__last0_value)=65535bv16, old(s1_sequence_reg__last_index)=0bv32, old(s1_sequence_reg__last_old_value)=0bv16, old(s1_sequence_reg__last_value)=65535bv16, old(s1_sequence_reg__last_write_site)=0, old(s1_sequence_reg__next_write_site)=0, old(s1_sequence_reg__wrote_any)=true, old(s1_sequence_reg__wrote_index0)=true, old(s1_standard_metadata.egress_port)=3bv9, old(s1_standard_metadata.egress_spec)=0bv9, old(s1_value_reg__last0_old_value)=0bv128, old(s1_value_reg__last0_value)=0bv128, old(s1_value_reg__last_index)=0bv32, old(s1_value_reg__last_old_value)=0bv128, old(s1_value_reg__last_value)=0bv128, old(s1_value_reg__last_write_site)=0, old(s1_value_reg__next_write_site)=0, old(s1_value_reg__wrote_any)=false, old(s1_value_reg__wrote_index0)=false, procurator_phase=2, procurator_step=2, s1_assign_value.hit=false, s1_drop=true, s1_drop_packet.hit=false, s1_ethernet_set_mac.ethernet_set_mac_act.dmac=0bv48, s1_ethernet_set_mac.ethernet_set_mac_act.smac=0bv48, s1_ethernet_set_mac.hit=false, s1_failure_recovery.hit=false, s1_find_index.find_index_act.index_1=0bv16, s1_find_index.hit=true, s1_forward=false, s1_gen_reply.gen_reply_act.message_type=0bv8, s1_gen_reply.hit=false, s1_get_my_address.get_my_address_act.sw_ip=167797761bv32, s1_get_my_address.get_my_address_act.sw_role=100bv16, s1_get_my_address.hit=false, s1_get_next_hop.hit=false, s1_get_sequence.hit=false, s1_hdr.ethernet.dstAddr=0bv48, s1_hdr.ethernet.etherType=2048bv16, s1_hdr.ethernet.srcAddr=0bv48, s1_hdr.ethernet.valid=true, s1_hdr.ipv4.diffserv=0bv8, s1_hdr.ipv4.dstAddr=167797762bv32, s1_hdr.ipv4.flags=0bv3, s1_hdr.ipv4.fragOffset=0bv13, s1_hdr.ipv4.identification=0bv16, s1_hdr.ipv4.ihl=0bv4, s1_hdr.ipv4.protocol=17bv8, s1_hdr.ipv4.srcAddr=1bv32, s1_hdr.ipv4.totalLen=0bv16, s1_hdr.ipv4.ttl=0bv8, s1_hdr.ipv4.valid=true, s1_hdr.ipv4.version=0bv4, s1_hdr.nc_hdr.key=2024bv128, s1_hdr.nc_hdr.op=12bv8, s1_hdr.nc_hdr.sc=0bv8, s1_hdr.nc_hdr.seq=0bv16, s1_hdr.nc_hdr.valid=true, s1_hdr.nc_hdr.value=0bv128, s1_hdr.nc_hdr.vgroup=0bv16, s1_hdr.overlay.0.swip=167797762bv32, s1_hdr.overlay.0.valid=true, s1_hdr.overlay.1.swip=0bv32, s1_hdr.overlay.1.valid=true, s1_hdr.overlay.2.swip=0bv32, s1_hdr.overlay.2.valid=true, s1_hdr.overlay.3.swip=0bv32, s1_hdr.overlay.3.valid=true, s1_hdr.overlay.4.swip=0bv32, s1_hdr.overlay.4.valid=false, s1_hdr.overlay.5.swip=0bv32, s1_hdr.overlay.5.valid=true, s1_hdr.overlay.6.swip=0bv32, s1_hdr.overlay.6.valid=false, s1_hdr.overlay.7.swip=0bv32, s1_hdr.overlay.7.valid=true, s1_hdr.overlay.8.swip=0bv32, s1_hdr.overlay.8.valid=false, s1_hdr.overlay.9.swip=0bv32, s1_hdr.overlay.9.valid=false, s1_hdr.overlay.last.swip=0bv32, s1_hdr.overlay.last.valid=false, s1_hdr.tcp.ackNo=0bv32, s1_hdr.tcp.checksum=0bv16, s1_hdr.tcp.ctrl=0bv6, s1_hdr.tcp.dataOffset=0bv4, s1_hdr.tcp.dstPort=0bv16, s1_hdr.tcp.ecn=0bv3, s1_hdr.tcp.res=0bv3, s1_hdr.tcp.seqNo=0bv32, s1_hdr.tcp.srcPort=0bv16, s1_hdr.tcp.urgentPtr=0bv16, s1_hdr.tcp.valid=false, s1_hdr.tcp.window=0bv16, s1_hdr.udp.dstPort=8888bv16, s1_hdr.udp.len=0bv16, s1_hdr.udp.srcPort=0bv16, s1_hdr.udp.valid=true, s1_inbox_count=0, s1_ipv4_route.hit=false, s1_ipv4_route.set_egress.egress_spec_1=0bv9, s1_maintain_sequence.hit=false, s1_meta.location.index=0bv16, s1_meta.my_md.failed=0bv16, s1_meta.my_md.ipaddress=167797761bv32, s1_meta.my_md.role=100bv16, s1_meta.reply_to_client_md.ipv4_dstAddr=0bv32, s1_meta.reply_to_client_md.ipv4_srcAddr=0bv32, s1_meta.sequence_md.seq=0bv16, s1_meta.sequence_md.tmp=0bv16, s1_p4b_checksum_error=false, s1_p4b_checksum_updated=true, s1_p4b_checksum_verified=false, s1_p4b_clone_e2e=false, s1_p4b_clone_i2e=false, s1_p4b_clone_i2i=false, s1_p4b_digest=false, s1_p4b_recirculate=false, s1_pkt_external=true, s1_pop_chain.hit=false, s1_pop_chain_again.hit=false, s1_read_value.hit=false, s1_sequence_reg__last0_old_value=0bv16, s1_sequence_reg__last0_value=0bv16, s1_sequence_reg__last_index=0bv32, s1_sequence_reg__last_old_value=0bv16, s1_sequence_reg__last_value=0bv16, s1_sequence_reg__last_write_site=1, s1_sequence_reg__next_write_site=1, s1_sequence_reg__wrote_any=true, s1_sequence_reg__wrote_index0=true, s1_standard_metadata.checksum_error=0bv1, s1_standard_metadata.deq_qdepth=0bv19, s1_standard_metadata.deq_timedelta=0bv32, s1_standard_metadata.egress_global_timestamp=0bv48, s1_standard_metadata.egress_port=3bv9, s1_standard_metadata.egress_rid=0bv16, s1_standard_metadata.egress_spec=0bv9, s1_standard_metadata.enq_qdepth=0bv19, s1_standard_metadata.enq_timestamp=0bv32, s1_standard_metadata.ingress_global_timestamp=0bv48, s1_standard_metadata.ingress_port=0bv9, s1_standard_metadata.instance_type=0bv32, s1_standard_metadata.mcast_grp=0bv16, s1_standard_metadata.packet_length=0bv32, s1_standard_metadata.parser_error=0bv1, s1_standard_metadata.priority=0bv3, s1_value_reg__last0_old_value=0bv128, s1_value_reg__last0_value=0bv128, s1_value_reg__last_index=0bv32, s1_value_reg__last_old_value=0bv128, s1_value_reg__last_value=0bv128, s1_value_reg__last_write_site=1, s1_value_reg__next_write_site=1, s1_value_reg__wrote_any=true, s1_value_reg__wrote_index0=true, s2_find_index.hit=true, s2_inbox_count=0, s2_meta.location.index=0bv16, s2_meta.my_md.role=101bv16, s2_p4b_clone_e2e=false, s2_p4b_clone_i2e=false, s2_p4b_clone_i2i=false, s2_p4b_recirculate=false, s2_pkt_external=false, s2_sequence_reg__last0_old_value=0bv16, s2_sequence_reg__last0_value=65535bv16, s2_sequence_reg__last_index=0bv32, s2_sequence_reg__last_old_value=0bv16, s2_sequence_reg__last_value=65535bv16, s2_sequence_reg__last_write_site=0, s2_sequence_reg__next_write_site=0, s2_sequence_reg__wrote_any=true, s2_sequence_reg__wrote_index0=true, s2_value_reg__last0_old_value=0bv128, s2_value_reg__last0_value=0bv128, s2_value_reg__last_index=0bv32, s2_value_reg__last_old_value=0bv128, s2_value_reg__last_value=0bv128, s2_value_reg__last_write_site=0, s2_value_reg__next_write_site=0, s2_value_reg__wrote_any=false, s2_value_reg__wrote_index0=false]
[L975]   RET         call s1_main();
[L3210]  RET         call s1_mainProcedure();
         VAL         [h1_hdr.ethernet.dstAddr=0bv48, h1_hdr.ethernet.etherType=2048bv16, h1_hdr.ethernet.srcAddr=0bv48, h1_hdr.ethernet.valid=true, h1_hdr.ipv4.diffserv=0bv8, h1_hdr.ipv4.dstAddr=167797761bv32, h1_hdr.ipv4.flags=0bv3, h1_hdr.ipv4.fragOffset=0bv13, h1_hdr.ipv4.hdrChecksum=0bv16, h1_hdr.ipv4.identification=0bv16, h1_hdr.ipv4.ihl=0bv4, h1_hdr.ipv4.protocol=17bv8, h1_hdr.ipv4.srcAddr=1bv32, h1_hdr.ipv4.totalLen=4bv16, h1_hdr.ipv4.ttl=0bv8, h1_hdr.ipv4.valid=true, h1_hdr.ipv4.version=0bv4, h1_hdr.nc_hdr.key=2024bv128, h1_hdr.nc_hdr.op=12bv8, h1_hdr.nc_hdr.sc=1bv8, h1_hdr.nc_hdr.seq=1bv16, h1_hdr.nc_hdr.valid=true, h1_hdr.nc_hdr.value=0bv128, h1_hdr.nc_hdr.vgroup=0bv16, h1_hdr.overlay.0.swip=167797761bv32, h1_hdr.overlay.0.valid=true, h1_hdr.overlay.1.swip=167797762bv32, h1_hdr.overlay.1.valid=true, h1_hdr.overlay.2.swip=0bv32, h1_hdr.overlay.2.valid=true, h1_hdr.overlay.3.swip=0bv32, h1_hdr.overlay.3.valid=true, h1_hdr.overlay.4.swip=0bv32, h1_hdr.overlay.4.valid=true, h1_hdr.overlay.5.swip=0bv32, h1_hdr.overlay.5.valid=false, h1_hdr.overlay.6.swip=0bv32, h1_hdr.overlay.6.valid=true, h1_hdr.overlay.7.swip=0bv32, h1_hdr.overlay.7.valid=false, h1_hdr.overlay.8.swip=0bv32, h1_hdr.overlay.8.valid=true, h1_hdr.overlay.9.swip=0bv32, h1_hdr.overlay.9.valid=false, h1_hdr.overlay.last.swip=0bv32, h1_hdr.overlay.last.valid=false, h1_hdr.tcp.ackNo=0bv32, h1_hdr.tcp.checksum=0bv16, h1_hdr.tcp.ctrl=0bv6, h1_hdr.tcp.dataOffset=0bv4, h1_hdr.tcp.dstPort=0bv16, h1_hdr.tcp.ecn=0bv3, h1_hdr.tcp.res=0bv3, h1_hdr.tcp.seqNo=0bv32, h1_hdr.tcp.srcPort=0bv16, h1_hdr.tcp.urgentPtr=0bv16, h1_hdr.tcp.valid=false, h1_hdr.tcp.window=0bv16, h1_hdr.udp.checksum=0bv16, h1_hdr.udp.dstPort=0bv16, h1_hdr.udp.len=4bv16, h1_hdr.udp.srcPort=0bv16, h1_hdr.udp.valid=true, h1_inbox_count=0, h1_meta.location.index=0bv16, h1_meta.my_md.failed=0bv16, h1_meta.my_md.ipaddress=0bv32, h1_meta.my_md.role=0bv16, h1_meta.reply_to_client_md.ipv4_dstAddr=0bv32, h1_meta.reply_to_client_md.ipv4_srcAddr=0bv32, h1_meta.sequence_md.seq=0bv16, h1_meta.sequence_md.tmp=0bv16, h1_pkt_external=false, h1_standard_metadata.checksum_error=0bv1, h1_standard_metadata.deq_qdepth=0bv19, h1_standard_metadata.deq_timedelta=0bv32, h1_standard_metadata.egress_global_timestamp=0bv48, h1_standard_metadata.egress_rid=0bv16, h1_standard_metadata.enq_qdepth=0bv19, h1_standard_metadata.enq_timestamp=0bv32, h1_standard_metadata.ingress_global_timestamp=0bv48, h1_standard_metadata.ingress_port=0bv9, h1_standard_metadata.instance_type=0bv32, h1_standard_metadata.mcast_grp=0bv16, h1_standard_metadata.packet_length=0bv32, h1_standard_metadata.parser_error=0bv1, h1_standard_metadata.priority=0bv3, procurator_phase=2, procurator_step=2, s1_assign_value.hit=false, s1_drop=true, s1_drop_packet.hit=false, s1_ethernet_set_mac.ethernet_set_mac_act.dmac=0bv48, s1_ethernet_set_mac.ethernet_set_mac_act.smac=0bv48, s1_ethernet_set_mac.hit=false, s1_failure_recovery.hit=false, s1_find_index.find_index_act.index_1=0bv16, s1_find_index.hit=true, s1_forward=false, s1_gen_reply.gen_reply_act.message_type=0bv8, s1_gen_reply.hit=false, s1_get_my_address.get_my_address_act.sw_ip=167797761bv32, s1_get_my_address.get_my_address_act.sw_role=100bv16, s1_get_my_address.hit=false, s1_get_next_hop.hit=false, s1_get_sequence.hit=false, s1_hdr.ethernet.dstAddr=0bv48, s1_hdr.ethernet.etherType=2048bv16, s1_hdr.ethernet.srcAddr=0bv48, s1_hdr.ethernet.valid=true, s1_hdr.ipv4.diffserv=0bv8, s1_hdr.ipv4.dstAddr=167797762bv32, s1_hdr.ipv4.flags=0bv3, s1_hdr.ipv4.fragOffset=0bv13, s1_hdr.ipv4.identification=0bv16, s1_hdr.ipv4.ihl=0bv4, s1_hdr.ipv4.protocol=17bv8, s1_hdr.ipv4.srcAddr=1bv32, s1_hdr.ipv4.totalLen=0bv16, s1_hdr.ipv4.ttl=0bv8, s1_hdr.ipv4.valid=true, s1_hdr.ipv4.version=0bv4, s1_hdr.nc_hdr.key=2024bv128, s1_hdr.nc_hdr.op=12bv8, s1_hdr.nc_hdr.sc=0bv8, s1_hdr.nc_hdr.seq=0bv16, s1_hdr.nc_hdr.valid=true, s1_hdr.nc_hdr.value=0bv128, s1_hdr.nc_hdr.vgroup=0bv16, s1_hdr.overlay.0.swip=167797762bv32, s1_hdr.overlay.0.valid=true, s1_hdr.overlay.1.swip=0bv32, s1_hdr.overlay.1.valid=true, s1_hdr.overlay.2.swip=0bv32, s1_hdr.overlay.2.valid=true, s1_hdr.overlay.3.swip=0bv32, s1_hdr.overlay.3.valid=true, s1_hdr.overlay.4.swip=0bv32, s1_hdr.overlay.4.valid=false, s1_hdr.overlay.5.swip=0bv32, s1_hdr.overlay.5.valid=true, s1_hdr.overlay.6.swip=0bv32, s1_hdr.overlay.6.valid=false, s1_hdr.overlay.7.swip=0bv32, s1_hdr.overlay.7.valid=true, s1_hdr.overlay.8.swip=0bv32, s1_hdr.overlay.8.valid=false, s1_hdr.overlay.9.swip=0bv32, s1_hdr.overlay.9.valid=false, s1_hdr.overlay.last.swip=0bv32, s1_hdr.overlay.last.valid=false, s1_hdr.tcp.ackNo=0bv32, s1_hdr.tcp.checksum=0bv16, s1_hdr.tcp.ctrl=0bv6, s1_hdr.tcp.dataOffset=0bv4, s1_hdr.tcp.dstPort=0bv16, s1_hdr.tcp.ecn=0bv3, s1_hdr.tcp.res=0bv3, s1_hdr.tcp.seqNo=0bv32, s1_hdr.tcp.srcPort=0bv16, s1_hdr.tcp.urgentPtr=0bv16, s1_hdr.tcp.valid=false, s1_hdr.tcp.window=0bv16, s1_hdr.udp.dstPort=8888bv16, s1_hdr.udp.len=0bv16, s1_hdr.udp.srcPort=0bv16, s1_hdr.udp.valid=true, s1_inbox_count=0, s1_ipv4_route.hit=false, s1_ipv4_route.set_egress.egress_spec_1=0bv9, s1_maintain_sequence.hit=false, s1_meta.location.index=0bv16, s1_meta.my_md.failed=0bv16, s1_meta.my_md.ipaddress=167797761bv32, s1_meta.my_md.role=100bv16, s1_meta.reply_to_client_md.ipv4_dstAddr=0bv32, s1_meta.reply_to_client_md.ipv4_srcAddr=0bv32, s1_meta.sequence_md.seq=0bv16, s1_meta.sequence_md.tmp=0bv16, s1_p4b_checksum_error=false, s1_p4b_checksum_updated=true, s1_p4b_checksum_verified=false, s1_p4b_clone_e2e=false, s1_p4b_clone_i2e=false, s1_p4b_clone_i2i=false, s1_p4b_digest=false, s1_p4b_recirculate=false, s1_pkt_external=true, s1_pop_chain.hit=false, s1_pop_chain_again.hit=false, s1_read_value.hit=false, s1_sequence_reg__last0_old_value=0bv16, s1_sequence_reg__last0_value=0bv16, s1_sequence_reg__last_index=0bv32, s1_sequence_reg__last_old_value=0bv16, s1_sequence_reg__last_value=0bv16, s1_sequence_reg__last_write_site=1, s1_sequence_reg__next_write_site=1, s1_sequence_reg__wrote_any=true, s1_sequence_reg__wrote_index0=true, s1_standard_metadata.checksum_error=0bv1, s1_standard_metadata.deq_qdepth=0bv19, s1_standard_metadata.deq_timedelta=0bv32, s1_standard_metadata.egress_global_timestamp=0bv48, s1_standard_metadata.egress_port=3bv9, s1_standard_metadata.egress_rid=0bv16, s1_standard_metadata.egress_spec=0bv9, s1_standard_metadata.enq_qdepth=0bv19, s1_standard_metadata.enq_timestamp=0bv32, s1_standard_metadata.ingress_global_timestamp=0bv48, s1_standard_metadata.ingress_port=0bv9, s1_standard_metadata.instance_type=0bv32, s1_standard_metadata.mcast_grp=0bv16, s1_standard_metadata.packet_length=0bv32, s1_standard_metadata.parser_error=0bv1, s1_standard_metadata.priority=0bv3, s1_value_reg__last0_old_value=0bv128, s1_value_reg__last0_value=0bv128, s1_value_reg__last_index=0bv32, s1_value_reg__last_old_value=0bv128, s1_value_reg__last_value=0bv128, s1_value_reg__last_write_site=1, s1_value_reg__next_write_site=1, s1_value_reg__wrote_any=true, s1_value_reg__wrote_index0=true, s2_find_index.hit=true, s2_inbox_count=0, s2_meta.location.index=0bv16, s2_meta.my_md.role=101bv16, s2_p4b_clone_e2e=false, s2_p4b_clone_i2e=false, s2_p4b_clone_i2i=false, s2_p4b_recirculate=false, s2_pkt_external=false, s2_sequence_reg__last0_old_value=0bv16, s2_sequence_reg__last0_value=65535bv16, s2_sequence_reg__last_index=0bv32, s2_sequence_reg__last_old_value=0bv16, s2_sequence_reg__last_value=65535bv16, s2_sequence_reg__last_write_site=0, s2_sequence_reg__next_write_site=0, s2_sequence_reg__wrote_any=true, s2_sequence_reg__wrote_index0=true, s2_value_reg__last0_old_value=0bv128, s2_value_reg__last0_value=0bv128, s2_value_reg__last_index=0bv32, s2_value_reg__last_old_value=0bv128, s2_value_reg__last_value=0bv128, s2_value_reg__last_write_site=0, s2_value_reg__next_write_site=0, s2_value_reg__wrote_any=false, s2_value_reg__wrote_index0=false]
[L3211]  COND FALSE  !(s1_p4b_clone_i2e)
         VAL         [h1_hdr.ethernet.dstAddr=0bv48, h1_hdr.ethernet.etherType=2048bv16, h1_hdr.ethernet.srcAddr=0bv48, h1_hdr.ethernet.valid=true, h1_hdr.ipv4.diffserv=0bv8, h1_hdr.ipv4.dstAddr=167797761bv32, h1_hdr.ipv4.flags=0bv3, h1_hdr.ipv4.fragOffset=0bv13, h1_hdr.ipv4.hdrChecksum=0bv16, h1_hdr.ipv4.identification=0bv16, h1_hdr.ipv4.ihl=0bv4, h1_hdr.ipv4.protocol=17bv8, h1_hdr.ipv4.srcAddr=1bv32, h1_hdr.ipv4.totalLen=4bv16, h1_hdr.ipv4.ttl=0bv8, h1_hdr.ipv4.valid=true, h1_hdr.ipv4.version=0bv4, h1_hdr.nc_hdr.key=2024bv128, h1_hdr.nc_hdr.op=12bv8, h1_hdr.nc_hdr.sc=1bv8, h1_hdr.nc_hdr.seq=1bv16, h1_hdr.nc_hdr.valid=true, h1_hdr.nc_hdr.value=0bv128, h1_hdr.nc_hdr.vgroup=0bv16, h1_hdr.overlay.0.swip=167797761bv32, h1_hdr.overlay.0.valid=true, h1_hdr.overlay.1.swip=167797762bv32, h1_hdr.overlay.1.valid=true, h1_hdr.overlay.2.swip=0bv32, h1_hdr.overlay.2.valid=true, h1_hdr.overlay.3.swip=0bv32, h1_hdr.overlay.3.valid=true, h1_hdr.overlay.4.swip=0bv32, h1_hdr.overlay.4.valid=true, h1_hdr.overlay.5.swip=0bv32, h1_hdr.overlay.5.valid=false, h1_hdr.overlay.6.swip=0bv32, h1_hdr.overlay.6.valid=true, h1_hdr.overlay.7.swip=0bv32, h1_hdr.overlay.7.valid=false, h1_hdr.overlay.8.swip=0bv32, h1_hdr.overlay.8.valid=true, h1_hdr.overlay.9.swip=0bv32, h1_hdr.overlay.9.valid=false, h1_hdr.overlay.last.swip=0bv32, h1_hdr.overlay.last.valid=false, h1_hdr.tcp.ackNo=0bv32, h1_hdr.tcp.checksum=0bv16, h1_hdr.tcp.ctrl=0bv6, h1_hdr.tcp.dataOffset=0bv4, h1_hdr.tcp.dstPort=0bv16, h1_hdr.tcp.ecn=0bv3, h1_hdr.tcp.res=0bv3, h1_hdr.tcp.seqNo=0bv32, h1_hdr.tcp.srcPort=0bv16, h1_hdr.tcp.urgentPtr=0bv16, h1_hdr.tcp.valid=false, h1_hdr.tcp.window=0bv16, h1_hdr.udp.checksum=0bv16, h1_hdr.udp.dstPort=0bv16, h1_hdr.udp.len=4bv16, h1_hdr.udp.srcPort=0bv16, h1_hdr.udp.valid=true, h1_inbox_count=0, h1_meta.location.index=0bv16, h1_meta.my_md.failed=0bv16, h1_meta.my_md.ipaddress=0bv32, h1_meta.my_md.role=0bv16, h1_meta.reply_to_client_md.ipv4_dstAddr=0bv32, h1_meta.reply_to_client_md.ipv4_srcAddr=0bv32, h1_meta.sequence_md.seq=0bv16, h1_meta.sequence_md.tmp=0bv16, h1_pkt_external=false, h1_standard_metadata.checksum_error=0bv1, h1_standard_metadata.deq_qdepth=0bv19, h1_standard_metadata.deq_timedelta=0bv32, h1_standard_metadata.egress_global_timestamp=0bv48, h1_standard_metadata.egress_rid=0bv16, h1_standard_metadata.enq_qdepth=0bv19, h1_standard_metadata.enq_timestamp=0bv32, h1_standard_metadata.ingress_global_timestamp=0bv48, h1_standard_metadata.ingress_port=0bv9, h1_standard_metadata.instance_type=0bv32, h1_standard_metadata.mcast_grp=0bv16, h1_standard_metadata.packet_length=0bv32, h1_standard_metadata.parser_error=0bv1, h1_standard_metadata.priority=0bv3, procurator_phase=2, procurator_step=2, s1_assign_value.hit=false, s1_drop=true, s1_drop_packet.hit=false, s1_ethernet_set_mac.ethernet_set_mac_act.dmac=0bv48, s1_ethernet_set_mac.ethernet_set_mac_act.smac=0bv48, s1_ethernet_set_mac.hit=false, s1_failure_recovery.hit=false, s1_find_index.find_index_act.index_1=0bv16, s1_find_index.hit=true, s1_forward=false, s1_gen_reply.gen_reply_act.message_type=0bv8, s1_gen_reply.hit=false, s1_get_my_address.get_my_address_act.sw_ip=167797761bv32, s1_get_my_address.get_my_address_act.sw_role=100bv16, s1_get_my_address.hit=false, s1_get_next_hop.hit=false, s1_get_sequence.hit=false, s1_hdr.ethernet.dstAddr=0bv48, s1_hdr.ethernet.etherType=2048bv16, s1_hdr.ethernet.srcAddr=0bv48, s1_hdr.ethernet.valid=true, s1_hdr.ipv4.diffserv=0bv8, s1_hdr.ipv4.dstAddr=167797762bv32, s1_hdr.ipv4.flags=0bv3, s1_hdr.ipv4.fragOffset=0bv13, s1_hdr.ipv4.identification=0bv16, s1_hdr.ipv4.ihl=0bv4, s1_hdr.ipv4.protocol=17bv8, s1_hdr.ipv4.srcAddr=1bv32, s1_hdr.ipv4.totalLen=0bv16, s1_hdr.ipv4.ttl=0bv8, s1_hdr.ipv4.valid=true, s1_hdr.ipv4.version=0bv4, s1_hdr.nc_hdr.key=2024bv128, s1_hdr.nc_hdr.op=12bv8, s1_hdr.nc_hdr.sc=0bv8, s1_hdr.nc_hdr.seq=0bv16, s1_hdr.nc_hdr.valid=true, s1_hdr.nc_hdr.value=0bv128, s1_hdr.nc_hdr.vgroup=0bv16, s1_hdr.overlay.0.swip=167797762bv32, s1_hdr.overlay.0.valid=true, s1_hdr.overlay.1.swip=0bv32, s1_hdr.overlay.1.valid=true, s1_hdr.overlay.2.swip=0bv32, s1_hdr.overlay.2.valid=true, s1_hdr.overlay.3.swip=0bv32, s1_hdr.overlay.3.valid=true, s1_hdr.overlay.4.swip=0bv32, s1_hdr.overlay.4.valid=false, s1_hdr.overlay.5.swip=0bv32, s1_hdr.overlay.5.valid=true, s1_hdr.overlay.6.swip=0bv32, s1_hdr.overlay.6.valid=false, s1_hdr.overlay.7.swip=0bv32, s1_hdr.overlay.7.valid=true, s1_hdr.overlay.8.swip=0bv32, s1_hdr.overlay.8.valid=false, s1_hdr.overlay.9.swip=0bv32, s1_hdr.overlay.9.valid=false, s1_hdr.overlay.last.swip=0bv32, s1_hdr.overlay.last.valid=false, s1_hdr.tcp.ackNo=0bv32, s1_hdr.tcp.checksum=0bv16, s1_hdr.tcp.ctrl=0bv6, s1_hdr.tcp.dataOffset=0bv4, s1_hdr.tcp.dstPort=0bv16, s1_hdr.tcp.ecn=0bv3, s1_hdr.tcp.res=0bv3, s1_hdr.tcp.seqNo=0bv32, s1_hdr.tcp.srcPort=0bv16, s1_hdr.tcp.urgentPtr=0bv16, s1_hdr.tcp.valid=false, s1_hdr.tcp.window=0bv16, s1_hdr.udp.dstPort=8888bv16, s1_hdr.udp.len=0bv16, s1_hdr.udp.srcPort=0bv16, s1_hdr.udp.valid=true, s1_inbox_count=0, s1_ipv4_route.hit=false, s1_ipv4_route.set_egress.egress_spec_1=0bv9, s1_maintain_sequence.hit=false, s1_meta.location.index=0bv16, s1_meta.my_md.failed=0bv16, s1_meta.my_md.ipaddress=167797761bv32, s1_meta.my_md.role=100bv16, s1_meta.reply_to_client_md.ipv4_dstAddr=0bv32, s1_meta.reply_to_client_md.ipv4_srcAddr=0bv32, s1_meta.sequence_md.seq=0bv16, s1_meta.sequence_md.tmp=0bv16, s1_p4b_checksum_error=false, s1_p4b_checksum_updated=true, s1_p4b_checksum_verified=false, s1_p4b_clone_e2e=false, s1_p4b_clone_i2e=false, s1_p4b_clone_i2i=false, s1_p4b_digest=false, s1_p4b_recirculate=false, s1_pkt_external=true, s1_pop_chain.hit=false, s1_pop_chain_again.hit=false, s1_read_value.hit=false, s1_sequence_reg__last0_old_value=0bv16, s1_sequence_reg__last0_value=0bv16, s1_sequence_reg__last_index=0bv32, s1_sequence_reg__last_old_value=0bv16, s1_sequence_reg__last_value=0bv16, s1_sequence_reg__last_write_site=1, s1_sequence_reg__next_write_site=1, s1_sequence_reg__wrote_any=true, s1_sequence_reg__wrote_index0=true, s1_standard_metadata.checksum_error=0bv1, s1_standard_metadata.deq_qdepth=0bv19, s1_standard_metadata.deq_timedelta=0bv32, s1_standard_metadata.egress_global_timestamp=0bv48, s1_standard_metadata.egress_port=3bv9, s1_standard_metadata.egress_rid=0bv16, s1_standard_metadata.egress_spec=0bv9, s1_standard_metadata.enq_qdepth=0bv19, s1_standard_metadata.enq_timestamp=0bv32, s1_standard_metadata.ingress_global_timestamp=0bv48, s1_standard_metadata.ingress_port=0bv9, s1_standard_metadata.instance_type=0bv32, s1_standard_metadata.mcast_grp=0bv16, s1_standard_metadata.packet_length=0bv32, s1_standard_metadata.parser_error=0bv1, s1_standard_metadata.priority=0bv3, s1_value_reg__last0_old_value=0bv128, s1_value_reg__last0_value=0bv128, s1_value_reg__last_index=0bv32, s1_value_reg__last_old_value=0bv128, s1_value_reg__last_value=0bv128, s1_value_reg__last_write_site=1, s1_value_reg__next_write_site=1, s1_value_reg__wrote_any=true, s1_value_reg__wrote_index0=true, s2_find_index.hit=true, s2_inbox_count=0, s2_meta.location.index=0bv16, s2_meta.my_md.role=101bv16, s2_p4b_clone_e2e=false, s2_p4b_clone_i2e=false, s2_p4b_clone_i2i=false, s2_p4b_recirculate=false, s2_pkt_external=false, s2_sequence_reg__last0_old_value=0bv16, s2_sequence_reg__last0_value=65535bv16, s2_sequence_reg__last_index=0bv32, s2_sequence_reg__last_old_value=0bv16, s2_sequence_reg__last_value=65535bv16, s2_sequence_reg__last_write_site=0, s2_sequence_reg__next_write_site=0, s2_sequence_reg__wrote_any=true, s2_sequence_reg__wrote_index0=true, s2_value_reg__last0_old_value=0bv128, s2_value_reg__last0_value=0bv128, s2_value_reg__last_index=0bv32, s2_value_reg__last_old_value=0bv128, s2_value_reg__last_value=0bv128, s2_value_reg__last_write_site=0, s2_value_reg__next_write_site=0, s2_value_reg__wrote_any=false, s2_value_reg__wrote_index0=false]
[L3216]              s1_p4b_clone_i2e := false;
         VAL         [h1_hdr.ethernet.dstAddr=0bv48, h1_hdr.ethernet.etherType=2048bv16, h1_hdr.ethernet.srcAddr=0bv48, h1_hdr.ethernet.valid=true, h1_hdr.ipv4.diffserv=0bv8, h1_hdr.ipv4.dstAddr=167797761bv32, h1_hdr.ipv4.flags=0bv3, h1_hdr.ipv4.fragOffset=0bv13, h1_hdr.ipv4.hdrChecksum=0bv16, h1_hdr.ipv4.identification=0bv16, h1_hdr.ipv4.ihl=0bv4, h1_hdr.ipv4.protocol=17bv8, h1_hdr.ipv4.srcAddr=1bv32, h1_hdr.ipv4.totalLen=4bv16, h1_hdr.ipv4.ttl=0bv8, h1_hdr.ipv4.valid=true, h1_hdr.ipv4.version=0bv4, h1_hdr.nc_hdr.key=2024bv128, h1_hdr.nc_hdr.op=12bv8, h1_hdr.nc_hdr.sc=1bv8, h1_hdr.nc_hdr.seq=1bv16, h1_hdr.nc_hdr.valid=true, h1_hdr.nc_hdr.value=0bv128, h1_hdr.nc_hdr.vgroup=0bv16, h1_hdr.overlay.0.swip=167797761bv32, h1_hdr.overlay.0.valid=true, h1_hdr.overlay.1.swip=167797762bv32, h1_hdr.overlay.1.valid=true, h1_hdr.overlay.2.swip=0bv32, h1_hdr.overlay.2.valid=true, h1_hdr.overlay.3.swip=0bv32, h1_hdr.overlay.3.valid=true, h1_hdr.overlay.4.swip=0bv32, h1_hdr.overlay.4.valid=true, h1_hdr.overlay.5.swip=0bv32, h1_hdr.overlay.5.valid=false, h1_hdr.overlay.6.swip=0bv32, h1_hdr.overlay.6.valid=true, h1_hdr.overlay.7.swip=0bv32, h1_hdr.overlay.7.valid=false, h1_hdr.overlay.8.swip=0bv32, h1_hdr.overlay.8.valid=true, h1_hdr.overlay.9.swip=0bv32, h1_hdr.overlay.9.valid=false, h1_hdr.overlay.last.swip=0bv32, h1_hdr.overlay.last.valid=false, h1_hdr.tcp.ackNo=0bv32, h1_hdr.tcp.checksum=0bv16, h1_hdr.tcp.ctrl=0bv6, h1_hdr.tcp.dataOffset=0bv4, h1_hdr.tcp.dstPort=0bv16, h1_hdr.tcp.ecn=0bv3, h1_hdr.tcp.res=0bv3, h1_hdr.tcp.seqNo=0bv32, h1_hdr.tcp.srcPort=0bv16, h1_hdr.tcp.urgentPtr=0bv16, h1_hdr.tcp.valid=false, h1_hdr.tcp.window=0bv16, h1_hdr.udp.checksum=0bv16, h1_hdr.udp.dstPort=0bv16, h1_hdr.udp.len=4bv16, h1_hdr.udp.srcPort=0bv16, h1_hdr.udp.valid=true, h1_inbox_count=0, h1_meta.location.index=0bv16, h1_meta.my_md.failed=0bv16, h1_meta.my_md.ipaddress=0bv32, h1_meta.my_md.role=0bv16, h1_meta.reply_to_client_md.ipv4_dstAddr=0bv32, h1_meta.reply_to_client_md.ipv4_srcAddr=0bv32, h1_meta.sequence_md.seq=0bv16, h1_meta.sequence_md.tmp=0bv16, h1_pkt_external=false, h1_standard_metadata.checksum_error=0bv1, h1_standard_metadata.deq_qdepth=0bv19, h1_standard_metadata.deq_timedelta=0bv32, h1_standard_metadata.egress_global_timestamp=0bv48, h1_standard_metadata.egress_rid=0bv16, h1_standard_metadata.enq_qdepth=0bv19, h1_standard_metadata.enq_timestamp=0bv32, h1_standard_metadata.ingress_global_timestamp=0bv48, h1_standard_metadata.ingress_port=0bv9, h1_standard_metadata.instance_type=0bv32, h1_standard_metadata.mcast_grp=0bv16, h1_standard_metadata.packet_length=0bv32, h1_standard_metadata.parser_error=0bv1, h1_standard_metadata.priority=0bv3, procurator_phase=2, procurator_step=2, s1_assign_value.hit=false, s1_drop=true, s1_drop_packet.hit=false, s1_ethernet_set_mac.ethernet_set_mac_act.dmac=0bv48, s1_ethernet_set_mac.ethernet_set_mac_act.smac=0bv48, s1_ethernet_set_mac.hit=false, s1_failure_recovery.hit=false, s1_find_index.find_index_act.index_1=0bv16, s1_find_index.hit=true, s1_forward=false, s1_gen_reply.gen_reply_act.message_type=0bv8, s1_gen_reply.hit=false, s1_get_my_address.get_my_address_act.sw_ip=167797761bv32, s1_get_my_address.get_my_address_act.sw_role=100bv16, s1_get_my_address.hit=false, s1_get_next_hop.hit=false, s1_get_sequence.hit=false, s1_hdr.ethernet.dstAddr=0bv48, s1_hdr.ethernet.etherType=2048bv16, s1_hdr.ethernet.srcAddr=0bv48, s1_hdr.ethernet.valid=true, s1_hdr.ipv4.diffserv=0bv8, s1_hdr.ipv4.dstAddr=167797762bv32, s1_hdr.ipv4.flags=0bv3, s1_hdr.ipv4.fragOffset=0bv13, s1_hdr.ipv4.identification=0bv16, s1_hdr.ipv4.ihl=0bv4, s1_hdr.ipv4.protocol=17bv8, s1_hdr.ipv4.srcAddr=1bv32, s1_hdr.ipv4.totalLen=0bv16, s1_hdr.ipv4.ttl=0bv8, s1_hdr.ipv4.valid=true, s1_hdr.ipv4.version=0bv4, s1_hdr.nc_hdr.key=2024bv128, s1_hdr.nc_hdr.op=12bv8, s1_hdr.nc_hdr.sc=0bv8, s1_hdr.nc_hdr.seq=0bv16, s1_hdr.nc_hdr.valid=true, s1_hdr.nc_hdr.value=0bv128, s1_hdr.nc_hdr.vgroup=0bv16, s1_hdr.overlay.0.swip=167797762bv32, s1_hdr.overlay.0.valid=true, s1_hdr.overlay.1.swip=0bv32, s1_hdr.overlay.1.valid=true, s1_hdr.overlay.2.swip=0bv32, s1_hdr.overlay.2.valid=true, s1_hdr.overlay.3.swip=0bv32, s1_hdr.overlay.3.valid=true, s1_hdr.overlay.4.swip=0bv32, s1_hdr.overlay.4.valid=false, s1_hdr.overlay.5.swip=0bv32, s1_hdr.overlay.5.valid=true, s1_hdr.overlay.6.swip=0bv32, s1_hdr.overlay.6.valid=false, s1_hdr.overlay.7.swip=0bv32, s1_hdr.overlay.7.valid=true, s1_hdr.overlay.8.swip=0bv32, s1_hdr.overlay.8.valid=false, s1_hdr.overlay.9.swip=0bv32, s1_hdr.overlay.9.valid=false, s1_hdr.overlay.last.swip=0bv32, s1_hdr.overlay.last.valid=false, s1_hdr.tcp.ackNo=0bv32, s1_hdr.tcp.checksum=0bv16, s1_hdr.tcp.ctrl=0bv6, s1_hdr.tcp.dataOffset=0bv4, s1_hdr.tcp.dstPort=0bv16, s1_hdr.tcp.ecn=0bv3, s1_hdr.tcp.res=0bv3, s1_hdr.tcp.seqNo=0bv32, s1_hdr.tcp.srcPort=0bv16, s1_hdr.tcp.urgentPtr=0bv16, s1_hdr.tcp.valid=false, s1_hdr.tcp.window=0bv16, s1_hdr.udp.dstPort=8888bv16, s1_hdr.udp.len=0bv16, s1_hdr.udp.srcPort=0bv16, s1_hdr.udp.valid=true, s1_inbox_count=0, s1_ipv4_route.hit=false, s1_ipv4_route.set_egress.egress_spec_1=0bv9, s1_maintain_sequence.hit=false, s1_meta.location.index=0bv16, s1_meta.my_md.failed=0bv16, s1_meta.my_md.ipaddress=167797761bv32, s1_meta.my_md.role=100bv16, s1_meta.reply_to_client_md.ipv4_dstAddr=0bv32, s1_meta.reply_to_client_md.ipv4_srcAddr=0bv32, s1_meta.sequence_md.seq=0bv16, s1_meta.sequence_md.tmp=0bv16, s1_p4b_checksum_error=false, s1_p4b_checksum_updated=true, s1_p4b_checksum_verified=false, s1_p4b_clone_e2e=false, s1_p4b_clone_i2e=false, s1_p4b_clone_i2i=false, s1_p4b_digest=false, s1_p4b_recirculate=false, s1_pkt_external=true, s1_pop_chain.hit=false, s1_pop_chain_again.hit=false, s1_read_value.hit=false, s1_sequence_reg__last0_old_value=0bv16, s1_sequence_reg__last0_value=0bv16, s1_sequence_reg__last_index=0bv32, s1_sequence_reg__last_old_value=0bv16, s1_sequence_reg__last_value=0bv16, s1_sequence_reg__last_write_site=1, s1_sequence_reg__next_write_site=1, s1_sequence_reg__wrote_any=true, s1_sequence_reg__wrote_index0=true, s1_standard_metadata.checksum_error=0bv1, s1_standard_metadata.deq_qdepth=0bv19, s1_standard_metadata.deq_timedelta=0bv32, s1_standard_metadata.egress_global_timestamp=0bv48, s1_standard_metadata.egress_port=3bv9, s1_standard_metadata.egress_rid=0bv16, s1_standard_metadata.egress_spec=0bv9, s1_standard_metadata.enq_qdepth=0bv19, s1_standard_metadata.enq_timestamp=0bv32, s1_standard_metadata.ingress_global_timestamp=0bv48, s1_standard_metadata.ingress_port=0bv9, s1_standard_metadata.instance_type=0bv32, s1_standard_metadata.mcast_grp=0bv16, s1_standard_metadata.packet_length=0bv32, s1_standard_metadata.parser_error=0bv1, s1_standard_metadata.priority=0bv3, s1_value_reg__last0_old_value=0bv128, s1_value_reg__last0_value=0bv128, s1_value_reg__last_index=0bv32, s1_value_reg__last_old_value=0bv128, s1_value_reg__last_value=0bv128, s1_value_reg__last_write_site=1, s1_value_reg__next_write_site=1, s1_value_reg__wrote_any=true, s1_value_reg__wrote_index0=true, s2_find_index.hit=true, s2_inbox_count=0, s2_meta.location.index=0bv16, s2_meta.my_md.role=101bv16, s2_p4b_clone_e2e=false, s2_p4b_clone_i2e=false, s2_p4b_clone_i2i=false, s2_p4b_recirculate=false, s2_pkt_external=false, s2_sequence_reg__last0_old_value=0bv16, s2_sequence_reg__last0_value=65535bv16, s2_sequence_reg__last_index=0bv32, s2_sequence_reg__last_old_value=0bv16, s2_sequence_reg__last_value=65535bv16, s2_sequence_reg__last_write_site=0, s2_sequence_reg__next_write_site=0, s2_sequence_reg__wrote_any=true, s2_sequence_reg__wrote_index0=true, s2_value_reg__last0_old_value=0bv128, s2_value_reg__last0_value=0bv128, s2_value_reg__last_index=0bv32, s2_value_reg__last_old_value=0bv128, s2_value_reg__last_value=0bv128, s2_value_reg__last_write_site=0, s2_value_reg__next_write_site=0, s2_value_reg__wrote_any=false, s2_value_reg__wrote_index0=false]
[L3217]  COND FALSE  !(s1_p4b_clone_e2e)
         VAL         [h1_hdr.ethernet.dstAddr=0bv48, h1_hdr.ethernet.etherType=2048bv16, h1_hdr.ethernet.srcAddr=0bv48, h1_hdr.ethernet.valid=true, h1_hdr.ipv4.diffserv=0bv8, h1_hdr.ipv4.dstAddr=167797761bv32, h1_hdr.ipv4.flags=0bv3, h1_hdr.ipv4.fragOffset=0bv13, h1_hdr.ipv4.hdrChecksum=0bv16, h1_hdr.ipv4.identification=0bv16, h1_hdr.ipv4.ihl=0bv4, h1_hdr.ipv4.protocol=17bv8, h1_hdr.ipv4.srcAddr=1bv32, h1_hdr.ipv4.totalLen=4bv16, h1_hdr.ipv4.ttl=0bv8, h1_hdr.ipv4.valid=true, h1_hdr.ipv4.version=0bv4, h1_hdr.nc_hdr.key=2024bv128, h1_hdr.nc_hdr.op=12bv8, h1_hdr.nc_hdr.sc=1bv8, h1_hdr.nc_hdr.seq=1bv16, h1_hdr.nc_hdr.valid=true, h1_hdr.nc_hdr.value=0bv128, h1_hdr.nc_hdr.vgroup=0bv16, h1_hdr.overlay.0.swip=167797761bv32, h1_hdr.overlay.0.valid=true, h1_hdr.overlay.1.swip=167797762bv32, h1_hdr.overlay.1.valid=true, h1_hdr.overlay.2.swip=0bv32, h1_hdr.overlay.2.valid=true, h1_hdr.overlay.3.swip=0bv32, h1_hdr.overlay.3.valid=true, h1_hdr.overlay.4.swip=0bv32, h1_hdr.overlay.4.valid=true, h1_hdr.overlay.5.swip=0bv32, h1_hdr.overlay.5.valid=false, h1_hdr.overlay.6.swip=0bv32, h1_hdr.overlay.6.valid=true, h1_hdr.overlay.7.swip=0bv32, h1_hdr.overlay.7.valid=false, h1_hdr.overlay.8.swip=0bv32, h1_hdr.overlay.8.valid=true, h1_hdr.overlay.9.swip=0bv32, h1_hdr.overlay.9.valid=false, h1_hdr.overlay.last.swip=0bv32, h1_hdr.overlay.last.valid=false, h1_hdr.tcp.ackNo=0bv32, h1_hdr.tcp.checksum=0bv16, h1_hdr.tcp.ctrl=0bv6, h1_hdr.tcp.dataOffset=0bv4, h1_hdr.tcp.dstPort=0bv16, h1_hdr.tcp.ecn=0bv3, h1_hdr.tcp.res=0bv3, h1_hdr.tcp.seqNo=0bv32, h1_hdr.tcp.srcPort=0bv16, h1_hdr.tcp.urgentPtr=0bv16, h1_hdr.tcp.valid=false, h1_hdr.tcp.window=0bv16, h1_hdr.udp.checksum=0bv16, h1_hdr.udp.dstPort=0bv16, h1_hdr.udp.len=4bv16, h1_hdr.udp.srcPort=0bv16, h1_hdr.udp.valid=true, h1_inbox_count=0, h1_meta.location.index=0bv16, h1_meta.my_md.failed=0bv16, h1_meta.my_md.ipaddress=0bv32, h1_meta.my_md.role=0bv16, h1_meta.reply_to_client_md.ipv4_dstAddr=0bv32, h1_meta.reply_to_client_md.ipv4_srcAddr=0bv32, h1_meta.sequence_md.seq=0bv16, h1_meta.sequence_md.tmp=0bv16, h1_pkt_external=false, h1_standard_metadata.checksum_error=0bv1, h1_standard_metadata.deq_qdepth=0bv19, h1_standard_metadata.deq_timedelta=0bv32, h1_standard_metadata.egress_global_timestamp=0bv48, h1_standard_metadata.egress_rid=0bv16, h1_standard_metadata.enq_qdepth=0bv19, h1_standard_metadata.enq_timestamp=0bv32, h1_standard_metadata.ingress_global_timestamp=0bv48, h1_standard_metadata.ingress_port=0bv9, h1_standard_metadata.instance_type=0bv32, h1_standard_metadata.mcast_grp=0bv16, h1_standard_metadata.packet_length=0bv32, h1_standard_metadata.parser_error=0bv1, h1_standard_metadata.priority=0bv3, procurator_phase=2, procurator_step=2, s1_assign_value.hit=false, s1_drop=true, s1_drop_packet.hit=false, s1_ethernet_set_mac.ethernet_set_mac_act.dmac=0bv48, s1_ethernet_set_mac.ethernet_set_mac_act.smac=0bv48, s1_ethernet_set_mac.hit=false, s1_failure_recovery.hit=false, s1_find_index.find_index_act.index_1=0bv16, s1_find_index.hit=true, s1_forward=false, s1_gen_reply.gen_reply_act.message_type=0bv8, s1_gen_reply.hit=false, s1_get_my_address.get_my_address_act.sw_ip=167797761bv32, s1_get_my_address.get_my_address_act.sw_role=100bv16, s1_get_my_address.hit=false, s1_get_next_hop.hit=false, s1_get_sequence.hit=false, s1_hdr.ethernet.dstAddr=0bv48, s1_hdr.ethernet.etherType=2048bv16, s1_hdr.ethernet.srcAddr=0bv48, s1_hdr.ethernet.valid=true, s1_hdr.ipv4.diffserv=0bv8, s1_hdr.ipv4.dstAddr=167797762bv32, s1_hdr.ipv4.flags=0bv3, s1_hdr.ipv4.fragOffset=0bv13, s1_hdr.ipv4.identification=0bv16, s1_hdr.ipv4.ihl=0bv4, s1_hdr.ipv4.protocol=17bv8, s1_hdr.ipv4.srcAddr=1bv32, s1_hdr.ipv4.totalLen=0bv16, s1_hdr.ipv4.ttl=0bv8, s1_hdr.ipv4.valid=true, s1_hdr.ipv4.version=0bv4, s1_hdr.nc_hdr.key=2024bv128, s1_hdr.nc_hdr.op=12bv8, s1_hdr.nc_hdr.sc=0bv8, s1_hdr.nc_hdr.seq=0bv16, s1_hdr.nc_hdr.valid=true, s1_hdr.nc_hdr.value=0bv128, s1_hdr.nc_hdr.vgroup=0bv16, s1_hdr.overlay.0.swip=167797762bv32, s1_hdr.overlay.0.valid=true, s1_hdr.overlay.1.swip=0bv32, s1_hdr.overlay.1.valid=true, s1_hdr.overlay.2.swip=0bv32, s1_hdr.overlay.2.valid=true, s1_hdr.overlay.3.swip=0bv32, s1_hdr.overlay.3.valid=true, s1_hdr.overlay.4.swip=0bv32, s1_hdr.overlay.4.valid=false, s1_hdr.overlay.5.swip=0bv32, s1_hdr.overlay.5.valid=true, s1_hdr.overlay.6.swip=0bv32, s1_hdr.overlay.6.valid=false, s1_hdr.overlay.7.swip=0bv32, s1_hdr.overlay.7.valid=true, s1_hdr.overlay.8.swip=0bv32, s1_hdr.overlay.8.valid=false, s1_hdr.overlay.9.swip=0bv32, s1_hdr.overlay.9.valid=false, s1_hdr.overlay.last.swip=0bv32, s1_hdr.overlay.last.valid=false, s1_hdr.tcp.ackNo=0bv32, s1_hdr.tcp.checksum=0bv16, s1_hdr.tcp.ctrl=0bv6, s1_hdr.tcp.dataOffset=0bv4, s1_hdr.tcp.dstPort=0bv16, s1_hdr.tcp.ecn=0bv3, s1_hdr.tcp.res=0bv3, s1_hdr.tcp.seqNo=0bv32, s1_hdr.tcp.srcPort=0bv16, s1_hdr.tcp.urgentPtr=0bv16, s1_hdr.tcp.valid=false, s1_hdr.tcp.window=0bv16, s1_hdr.udp.dstPort=8888bv16, s1_hdr.udp.len=0bv16, s1_hdr.udp.srcPort=0bv16, s1_hdr.udp.valid=true, s1_inbox_count=0, s1_ipv4_route.hit=false, s1_ipv4_route.set_egress.egress_spec_1=0bv9, s1_maintain_sequence.hit=false, s1_meta.location.index=0bv16, s1_meta.my_md.failed=0bv16, s1_meta.my_md.ipaddress=167797761bv32, s1_meta.my_md.role=100bv16, s1_meta.reply_to_client_md.ipv4_dstAddr=0bv32, s1_meta.reply_to_client_md.ipv4_srcAddr=0bv32, s1_meta.sequence_md.seq=0bv16, s1_meta.sequence_md.tmp=0bv16, s1_p4b_checksum_error=false, s1_p4b_checksum_updated=true, s1_p4b_checksum_verified=false, s1_p4b_clone_e2e=false, s1_p4b_clone_i2e=false, s1_p4b_clone_i2i=false, s1_p4b_digest=false, s1_p4b_recirculate=false, s1_pkt_external=true, s1_pop_chain.hit=false, s1_pop_chain_again.hit=false, s1_read_value.hit=false, s1_sequence_reg__last0_old_value=0bv16, s1_sequence_reg__last0_value=0bv16, s1_sequence_reg__last_index=0bv32, s1_sequence_reg__last_old_value=0bv16, s1_sequence_reg__last_value=0bv16, s1_sequence_reg__last_write_site=1, s1_sequence_reg__next_write_site=1, s1_sequence_reg__wrote_any=true, s1_sequence_reg__wrote_index0=true, s1_standard_metadata.checksum_error=0bv1, s1_standard_metadata.deq_qdepth=0bv19, s1_standard_metadata.deq_timedelta=0bv32, s1_standard_metadata.egress_global_timestamp=0bv48, s1_standard_metadata.egress_port=3bv9, s1_standard_metadata.egress_rid=0bv16, s1_standard_metadata.egress_spec=0bv9, s1_standard_metadata.enq_qdepth=0bv19, s1_standard_metadata.enq_timestamp=0bv32, s1_standard_metadata.ingress_global_timestamp=0bv48, s1_standard_metadata.ingress_port=0bv9, s1_standard_metadata.instance_type=0bv32, s1_standard_metadata.mcast_grp=0bv16, s1_standard_metadata.packet_length=0bv32, s1_standard_metadata.parser_error=0bv1, s1_standard_metadata.priority=0bv3, s1_value_reg__last0_old_value=0bv128, s1_value_reg__last0_value=0bv128, s1_value_reg__last_index=0bv32, s1_value_reg__last_old_value=0bv128, s1_value_reg__last_value=0bv128, s1_value_reg__last_write_site=1, s1_value_reg__next_write_site=1, s1_value_reg__wrote_any=true, s1_value_reg__wrote_index0=true, s2_find_index.hit=true, s2_inbox_count=0, s2_meta.location.index=0bv16, s2_meta.my_md.role=101bv16, s2_p4b_clone_e2e=false, s2_p4b_clone_i2e=false, s2_p4b_clone_i2i=false, s2_p4b_recirculate=false, s2_pkt_external=false, s2_sequence_reg__last0_old_value=0bv16, s2_sequence_reg__last0_value=65535bv16, s2_sequence_reg__last_index=0bv32, s2_sequence_reg__last_old_value=0bv16, s2_sequence_reg__last_value=65535bv16, s2_sequence_reg__last_write_site=0, s2_sequence_reg__next_write_site=0, s2_sequence_reg__wrote_any=true, s2_sequence_reg__wrote_index0=true, s2_value_reg__last0_old_value=0bv128, s2_value_reg__last0_value=0bv128, s2_value_reg__last_index=0bv32, s2_value_reg__last_old_value=0bv128, s2_value_reg__last_value=0bv128, s2_value_reg__last_write_site=0, s2_value_reg__next_write_site=0, s2_value_reg__wrote_any=false, s2_value_reg__wrote_index0=false]
[L3222]              s1_p4b_clone_e2e := false;
         VAL         [h1_hdr.ethernet.dstAddr=0bv48, h1_hdr.ethernet.etherType=2048bv16, h1_hdr.ethernet.srcAddr=0bv48, h1_hdr.ethernet.valid=true, h1_hdr.ipv4.diffserv=0bv8, h1_hdr.ipv4.dstAddr=167797761bv32, h1_hdr.ipv4.flags=0bv3, h1_hdr.ipv4.fragOffset=0bv13, h1_hdr.ipv4.hdrChecksum=0bv16, h1_hdr.ipv4.identification=0bv16, h1_hdr.ipv4.ihl=0bv4, h1_hdr.ipv4.protocol=17bv8, h1_hdr.ipv4.srcAddr=1bv32, h1_hdr.ipv4.totalLen=4bv16, h1_hdr.ipv4.ttl=0bv8, h1_hdr.ipv4.valid=true, h1_hdr.ipv4.version=0bv4, h1_hdr.nc_hdr.key=2024bv128, h1_hdr.nc_hdr.op=12bv8, h1_hdr.nc_hdr.sc=1bv8, h1_hdr.nc_hdr.seq=1bv16, h1_hdr.nc_hdr.valid=true, h1_hdr.nc_hdr.value=0bv128, h1_hdr.nc_hdr.vgroup=0bv16, h1_hdr.overlay.0.swip=167797761bv32, h1_hdr.overlay.0.valid=true, h1_hdr.overlay.1.swip=167797762bv32, h1_hdr.overlay.1.valid=true, h1_hdr.overlay.2.swip=0bv32, h1_hdr.overlay.2.valid=true, h1_hdr.overlay.3.swip=0bv32, h1_hdr.overlay.3.valid=true, h1_hdr.overlay.4.swip=0bv32, h1_hdr.overlay.4.valid=true, h1_hdr.overlay.5.swip=0bv32, h1_hdr.overlay.5.valid=false, h1_hdr.overlay.6.swip=0bv32, h1_hdr.overlay.6.valid=true, h1_hdr.overlay.7.swip=0bv32, h1_hdr.overlay.7.valid=false, h1_hdr.overlay.8.swip=0bv32, h1_hdr.overlay.8.valid=true, h1_hdr.overlay.9.swip=0bv32, h1_hdr.overlay.9.valid=false, h1_hdr.overlay.last.swip=0bv32, h1_hdr.overlay.last.valid=false, h1_hdr.tcp.ackNo=0bv32, h1_hdr.tcp.checksum=0bv16, h1_hdr.tcp.ctrl=0bv6, h1_hdr.tcp.dataOffset=0bv4, h1_hdr.tcp.dstPort=0bv16, h1_hdr.tcp.ecn=0bv3, h1_hdr.tcp.res=0bv3, h1_hdr.tcp.seqNo=0bv32, h1_hdr.tcp.srcPort=0bv16, h1_hdr.tcp.urgentPtr=0bv16, h1_hdr.tcp.valid=false, h1_hdr.tcp.window=0bv16, h1_hdr.udp.checksum=0bv16, h1_hdr.udp.dstPort=0bv16, h1_hdr.udp.len=4bv16, h1_hdr.udp.srcPort=0bv16, h1_hdr.udp.valid=true, h1_inbox_count=0, h1_meta.location.index=0bv16, h1_meta.my_md.failed=0bv16, h1_meta.my_md.ipaddress=0bv32, h1_meta.my_md.role=0bv16, h1_meta.reply_to_client_md.ipv4_dstAddr=0bv32, h1_meta.reply_to_client_md.ipv4_srcAddr=0bv32, h1_meta.sequence_md.seq=0bv16, h1_meta.sequence_md.tmp=0bv16, h1_pkt_external=false, h1_standard_metadata.checksum_error=0bv1, h1_standard_metadata.deq_qdepth=0bv19, h1_standard_metadata.deq_timedelta=0bv32, h1_standard_metadata.egress_global_timestamp=0bv48, h1_standard_metadata.egress_rid=0bv16, h1_standard_metadata.enq_qdepth=0bv19, h1_standard_metadata.enq_timestamp=0bv32, h1_standard_metadata.ingress_global_timestamp=0bv48, h1_standard_metadata.ingress_port=0bv9, h1_standard_metadata.instance_type=0bv32, h1_standard_metadata.mcast_grp=0bv16, h1_standard_metadata.packet_length=0bv32, h1_standard_metadata.parser_error=0bv1, h1_standard_metadata.priority=0bv3, procurator_phase=2, procurator_step=2, s1_assign_value.hit=false, s1_drop=true, s1_drop_packet.hit=false, s1_ethernet_set_mac.ethernet_set_mac_act.dmac=0bv48, s1_ethernet_set_mac.ethernet_set_mac_act.smac=0bv48, s1_ethernet_set_mac.hit=false, s1_failure_recovery.hit=false, s1_find_index.find_index_act.index_1=0bv16, s1_find_index.hit=true, s1_forward=false, s1_gen_reply.gen_reply_act.message_type=0bv8, s1_gen_reply.hit=false, s1_get_my_address.get_my_address_act.sw_ip=167797761bv32, s1_get_my_address.get_my_address_act.sw_role=100bv16, s1_get_my_address.hit=false, s1_get_next_hop.hit=false, s1_get_sequence.hit=false, s1_hdr.ethernet.dstAddr=0bv48, s1_hdr.ethernet.etherType=2048bv16, s1_hdr.ethernet.srcAddr=0bv48, s1_hdr.ethernet.valid=true, s1_hdr.ipv4.diffserv=0bv8, s1_hdr.ipv4.dstAddr=167797762bv32, s1_hdr.ipv4.flags=0bv3, s1_hdr.ipv4.fragOffset=0bv13, s1_hdr.ipv4.identification=0bv16, s1_hdr.ipv4.ihl=0bv4, s1_hdr.ipv4.protocol=17bv8, s1_hdr.ipv4.srcAddr=1bv32, s1_hdr.ipv4.totalLen=0bv16, s1_hdr.ipv4.ttl=0bv8, s1_hdr.ipv4.valid=true, s1_hdr.ipv4.version=0bv4, s1_hdr.nc_hdr.key=2024bv128, s1_hdr.nc_hdr.op=12bv8, s1_hdr.nc_hdr.sc=0bv8, s1_hdr.nc_hdr.seq=0bv16, s1_hdr.nc_hdr.valid=true, s1_hdr.nc_hdr.value=0bv128, s1_hdr.nc_hdr.vgroup=0bv16, s1_hdr.overlay.0.swip=167797762bv32, s1_hdr.overlay.0.valid=true, s1_hdr.overlay.1.swip=0bv32, s1_hdr.overlay.1.valid=true, s1_hdr.overlay.2.swip=0bv32, s1_hdr.overlay.2.valid=true, s1_hdr.overlay.3.swip=0bv32, s1_hdr.overlay.3.valid=true, s1_hdr.overlay.4.swip=0bv32, s1_hdr.overlay.4.valid=false, s1_hdr.overlay.5.swip=0bv32, s1_hdr.overlay.5.valid=true, s1_hdr.overlay.6.swip=0bv32, s1_hdr.overlay.6.valid=false, s1_hdr.overlay.7.swip=0bv32, s1_hdr.overlay.7.valid=true, s1_hdr.overlay.8.swip=0bv32, s1_hdr.overlay.8.valid=false, s1_hdr.overlay.9.swip=0bv32, s1_hdr.overlay.9.valid=false, s1_hdr.overlay.last.swip=0bv32, s1_hdr.overlay.last.valid=false, s1_hdr.tcp.ackNo=0bv32, s1_hdr.tcp.checksum=0bv16, s1_hdr.tcp.ctrl=0bv6, s1_hdr.tcp.dataOffset=0bv4, s1_hdr.tcp.dstPort=0bv16, s1_hdr.tcp.ecn=0bv3, s1_hdr.tcp.res=0bv3, s1_hdr.tcp.seqNo=0bv32, s1_hdr.tcp.srcPort=0bv16, s1_hdr.tcp.urgentPtr=0bv16, s1_hdr.tcp.valid=false, s1_hdr.tcp.window=0bv16, s1_hdr.udp.dstPort=8888bv16, s1_hdr.udp.len=0bv16, s1_hdr.udp.srcPort=0bv16, s1_hdr.udp.valid=true, s1_inbox_count=0, s1_ipv4_route.hit=false, s1_ipv4_route.set_egress.egress_spec_1=0bv9, s1_maintain_sequence.hit=false, s1_meta.location.index=0bv16, s1_meta.my_md.failed=0bv16, s1_meta.my_md.ipaddress=167797761bv32, s1_meta.my_md.role=100bv16, s1_meta.reply_to_client_md.ipv4_dstAddr=0bv32, s1_meta.reply_to_client_md.ipv4_srcAddr=0bv32, s1_meta.sequence_md.seq=0bv16, s1_meta.sequence_md.tmp=0bv16, s1_p4b_checksum_error=false, s1_p4b_checksum_updated=true, s1_p4b_checksum_verified=false, s1_p4b_clone_e2e=false, s1_p4b_clone_i2e=false, s1_p4b_clone_i2i=false, s1_p4b_digest=false, s1_p4b_recirculate=false, s1_pkt_external=true, s1_pop_chain.hit=false, s1_pop_chain_again.hit=false, s1_read_value.hit=false, s1_sequence_reg__last0_old_value=0bv16, s1_sequence_reg__last0_value=0bv16, s1_sequence_reg__last_index=0bv32, s1_sequence_reg__last_old_value=0bv16, s1_sequence_reg__last_value=0bv16, s1_sequence_reg__last_write_site=1, s1_sequence_reg__next_write_site=1, s1_sequence_reg__wrote_any=true, s1_sequence_reg__wrote_index0=true, s1_standard_metadata.checksum_error=0bv1, s1_standard_metadata.deq_qdepth=0bv19, s1_standard_metadata.deq_timedelta=0bv32, s1_standard_metadata.egress_global_timestamp=0bv48, s1_standard_metadata.egress_port=3bv9, s1_standard_metadata.egress_rid=0bv16, s1_standard_metadata.egress_spec=0bv9, s1_standard_metadata.enq_qdepth=0bv19, s1_standard_metadata.enq_timestamp=0bv32, s1_standard_metadata.ingress_global_timestamp=0bv48, s1_standard_metadata.ingress_port=0bv9, s1_standard_metadata.instance_type=0bv32, s1_standard_metadata.mcast_grp=0bv16, s1_standard_metadata.packet_length=0bv32, s1_standard_metadata.parser_error=0bv1, s1_standard_metadata.priority=0bv3, s1_value_reg__last0_old_value=0bv128, s1_value_reg__last0_value=0bv128, s1_value_reg__last_index=0bv32, s1_value_reg__last_old_value=0bv128, s1_value_reg__last_value=0bv128, s1_value_reg__last_write_site=1, s1_value_reg__next_write_site=1, s1_value_reg__wrote_any=true, s1_value_reg__wrote_index0=true, s2_find_index.hit=true, s2_inbox_count=0, s2_meta.location.index=0bv16, s2_meta.my_md.role=101bv16, s2_p4b_clone_e2e=false, s2_p4b_clone_i2e=false, s2_p4b_clone_i2i=false, s2_p4b_recirculate=false, s2_pkt_external=false, s2_sequence_reg__last0_old_value=0bv16, s2_sequence_reg__last0_value=65535bv16, s2_sequence_reg__last_index=0bv32, s2_sequence_reg__last_old_value=0bv16, s2_sequence_reg__last_value=65535bv16, s2_sequence_reg__last_write_site=0, s2_sequence_reg__next_write_site=0, s2_sequence_reg__wrote_any=true, s2_sequence_reg__wrote_index0=true, s2_value_reg__last0_old_value=0bv128, s2_value_reg__last0_value=0bv128, s2_value_reg__last_index=0bv32, s2_value_reg__last_old_value=0bv128, s2_value_reg__last_value=0bv128, s2_value_reg__last_write_site=0, s2_value_reg__next_write_site=0, s2_value_reg__wrote_any=false, s2_value_reg__wrote_index0=false]
[L3223]  COND FALSE  !(s1_p4b_clone_i2i)
         VAL         [h1_hdr.ethernet.dstAddr=0bv48, h1_hdr.ethernet.etherType=2048bv16, h1_hdr.ethernet.srcAddr=0bv48, h1_hdr.ethernet.valid=true, h1_hdr.ipv4.diffserv=0bv8, h1_hdr.ipv4.dstAddr=167797761bv32, h1_hdr.ipv4.flags=0bv3, h1_hdr.ipv4.fragOffset=0bv13, h1_hdr.ipv4.hdrChecksum=0bv16, h1_hdr.ipv4.identification=0bv16, h1_hdr.ipv4.ihl=0bv4, h1_hdr.ipv4.protocol=17bv8, h1_hdr.ipv4.srcAddr=1bv32, h1_hdr.ipv4.totalLen=4bv16, h1_hdr.ipv4.ttl=0bv8, h1_hdr.ipv4.valid=true, h1_hdr.ipv4.version=0bv4, h1_hdr.nc_hdr.key=2024bv128, h1_hdr.nc_hdr.op=12bv8, h1_hdr.nc_hdr.sc=1bv8, h1_hdr.nc_hdr.seq=1bv16, h1_hdr.nc_hdr.valid=true, h1_hdr.nc_hdr.value=0bv128, h1_hdr.nc_hdr.vgroup=0bv16, h1_hdr.overlay.0.swip=167797761bv32, h1_hdr.overlay.0.valid=true, h1_hdr.overlay.1.swip=167797762bv32, h1_hdr.overlay.1.valid=true, h1_hdr.overlay.2.swip=0bv32, h1_hdr.overlay.2.valid=true, h1_hdr.overlay.3.swip=0bv32, h1_hdr.overlay.3.valid=true, h1_hdr.overlay.4.swip=0bv32, h1_hdr.overlay.4.valid=true, h1_hdr.overlay.5.swip=0bv32, h1_hdr.overlay.5.valid=false, h1_hdr.overlay.6.swip=0bv32, h1_hdr.overlay.6.valid=true, h1_hdr.overlay.7.swip=0bv32, h1_hdr.overlay.7.valid=false, h1_hdr.overlay.8.swip=0bv32, h1_hdr.overlay.8.valid=true, h1_hdr.overlay.9.swip=0bv32, h1_hdr.overlay.9.valid=false, h1_hdr.overlay.last.swip=0bv32, h1_hdr.overlay.last.valid=false, h1_hdr.tcp.ackNo=0bv32, h1_hdr.tcp.checksum=0bv16, h1_hdr.tcp.ctrl=0bv6, h1_hdr.tcp.dataOffset=0bv4, h1_hdr.tcp.dstPort=0bv16, h1_hdr.tcp.ecn=0bv3, h1_hdr.tcp.res=0bv3, h1_hdr.tcp.seqNo=0bv32, h1_hdr.tcp.srcPort=0bv16, h1_hdr.tcp.urgentPtr=0bv16, h1_hdr.tcp.valid=false, h1_hdr.tcp.window=0bv16, h1_hdr.udp.checksum=0bv16, h1_hdr.udp.dstPort=0bv16, h1_hdr.udp.len=4bv16, h1_hdr.udp.srcPort=0bv16, h1_hdr.udp.valid=true, h1_inbox_count=0, h1_meta.location.index=0bv16, h1_meta.my_md.failed=0bv16, h1_meta.my_md.ipaddress=0bv32, h1_meta.my_md.role=0bv16, h1_meta.reply_to_client_md.ipv4_dstAddr=0bv32, h1_meta.reply_to_client_md.ipv4_srcAddr=0bv32, h1_meta.sequence_md.seq=0bv16, h1_meta.sequence_md.tmp=0bv16, h1_pkt_external=false, h1_standard_metadata.checksum_error=0bv1, h1_standard_metadata.deq_qdepth=0bv19, h1_standard_metadata.deq_timedelta=0bv32, h1_standard_metadata.egress_global_timestamp=0bv48, h1_standard_metadata.egress_rid=0bv16, h1_standard_metadata.enq_qdepth=0bv19, h1_standard_metadata.enq_timestamp=0bv32, h1_standard_metadata.ingress_global_timestamp=0bv48, h1_standard_metadata.ingress_port=0bv9, h1_standard_metadata.instance_type=0bv32, h1_standard_metadata.mcast_grp=0bv16, h1_standard_metadata.packet_length=0bv32, h1_standard_metadata.parser_error=0bv1, h1_standard_metadata.priority=0bv3, procurator_phase=2, procurator_step=2, s1_assign_value.hit=false, s1_drop=true, s1_drop_packet.hit=false, s1_ethernet_set_mac.ethernet_set_mac_act.dmac=0bv48, s1_ethernet_set_mac.ethernet_set_mac_act.smac=0bv48, s1_ethernet_set_mac.hit=false, s1_failure_recovery.hit=false, s1_find_index.find_index_act.index_1=0bv16, s1_find_index.hit=true, s1_forward=false, s1_gen_reply.gen_reply_act.message_type=0bv8, s1_gen_reply.hit=false, s1_get_my_address.get_my_address_act.sw_ip=167797761bv32, s1_get_my_address.get_my_address_act.sw_role=100bv16, s1_get_my_address.hit=false, s1_get_next_hop.hit=false, s1_get_sequence.hit=false, s1_hdr.ethernet.dstAddr=0bv48, s1_hdr.ethernet.etherType=2048bv16, s1_hdr.ethernet.srcAddr=0bv48, s1_hdr.ethernet.valid=true, s1_hdr.ipv4.diffserv=0bv8, s1_hdr.ipv4.dstAddr=167797762bv32, s1_hdr.ipv4.flags=0bv3, s1_hdr.ipv4.fragOffset=0bv13, s1_hdr.ipv4.identification=0bv16, s1_hdr.ipv4.ihl=0bv4, s1_hdr.ipv4.protocol=17bv8, s1_hdr.ipv4.srcAddr=1bv32, s1_hdr.ipv4.totalLen=0bv16, s1_hdr.ipv4.ttl=0bv8, s1_hdr.ipv4.valid=true, s1_hdr.ipv4.version=0bv4, s1_hdr.nc_hdr.key=2024bv128, s1_hdr.nc_hdr.op=12bv8, s1_hdr.nc_hdr.sc=0bv8, s1_hdr.nc_hdr.seq=0bv16, s1_hdr.nc_hdr.valid=true, s1_hdr.nc_hdr.value=0bv128, s1_hdr.nc_hdr.vgroup=0bv16, s1_hdr.overlay.0.swip=167797762bv32, s1_hdr.overlay.0.valid=true, s1_hdr.overlay.1.swip=0bv32, s1_hdr.overlay.1.valid=true, s1_hdr.overlay.2.swip=0bv32, s1_hdr.overlay.2.valid=true, s1_hdr.overlay.3.swip=0bv32, s1_hdr.overlay.3.valid=true, s1_hdr.overlay.4.swip=0bv32, s1_hdr.overlay.4.valid=false, s1_hdr.overlay.5.swip=0bv32, s1_hdr.overlay.5.valid=true, s1_hdr.overlay.6.swip=0bv32, s1_hdr.overlay.6.valid=false, s1_hdr.overlay.7.swip=0bv32, s1_hdr.overlay.7.valid=true, s1_hdr.overlay.8.swip=0bv32, s1_hdr.overlay.8.valid=false, s1_hdr.overlay.9.swip=0bv32, s1_hdr.overlay.9.valid=false, s1_hdr.overlay.last.swip=0bv32, s1_hdr.overlay.last.valid=false, s1_hdr.tcp.ackNo=0bv32, s1_hdr.tcp.checksum=0bv16, s1_hdr.tcp.ctrl=0bv6, s1_hdr.tcp.dataOffset=0bv4, s1_hdr.tcp.dstPort=0bv16, s1_hdr.tcp.ecn=0bv3, s1_hdr.tcp.res=0bv3, s1_hdr.tcp.seqNo=0bv32, s1_hdr.tcp.srcPort=0bv16, s1_hdr.tcp.urgentPtr=0bv16, s1_hdr.tcp.valid=false, s1_hdr.tcp.window=0bv16, s1_hdr.udp.dstPort=8888bv16, s1_hdr.udp.len=0bv16, s1_hdr.udp.srcPort=0bv16, s1_hdr.udp.valid=true, s1_inbox_count=0, s1_ipv4_route.hit=false, s1_ipv4_route.set_egress.egress_spec_1=0bv9, s1_maintain_sequence.hit=false, s1_meta.location.index=0bv16, s1_meta.my_md.failed=0bv16, s1_meta.my_md.ipaddress=167797761bv32, s1_meta.my_md.role=100bv16, s1_meta.reply_to_client_md.ipv4_dstAddr=0bv32, s1_meta.reply_to_client_md.ipv4_srcAddr=0bv32, s1_meta.sequence_md.seq=0bv16, s1_meta.sequence_md.tmp=0bv16, s1_p4b_checksum_error=false, s1_p4b_checksum_updated=true, s1_p4b_checksum_verified=false, s1_p4b_clone_e2e=false, s1_p4b_clone_i2e=false, s1_p4b_clone_i2i=false, s1_p4b_digest=false, s1_p4b_recirculate=false, s1_pkt_external=true, s1_pop_chain.hit=false, s1_pop_chain_again.hit=false, s1_read_value.hit=false, s1_sequence_reg__last0_old_value=0bv16, s1_sequence_reg__last0_value=0bv16, s1_sequence_reg__last_index=0bv32, s1_sequence_reg__last_old_value=0bv16, s1_sequence_reg__last_value=0bv16, s1_sequence_reg__last_write_site=1, s1_sequence_reg__next_write_site=1, s1_sequence_reg__wrote_any=true, s1_sequence_reg__wrote_index0=true, s1_standard_metadata.checksum_error=0bv1, s1_standard_metadata.deq_qdepth=0bv19, s1_standard_metadata.deq_timedelta=0bv32, s1_standard_metadata.egress_global_timestamp=0bv48, s1_standard_metadata.egress_port=3bv9, s1_standard_metadata.egress_rid=0bv16, s1_standard_metadata.egress_spec=0bv9, s1_standard_metadata.enq_qdepth=0bv19, s1_standard_metadata.enq_timestamp=0bv32, s1_standard_metadata.ingress_global_timestamp=0bv48, s1_standard_metadata.ingress_port=0bv9, s1_standard_metadata.instance_type=0bv32, s1_standard_metadata.mcast_grp=0bv16, s1_standard_metadata.packet_length=0bv32, s1_standard_metadata.parser_error=0bv1, s1_standard_metadata.priority=0bv3, s1_value_reg__last0_old_value=0bv128, s1_value_reg__last0_value=0bv128, s1_value_reg__last_index=0bv32, s1_value_reg__last_old_value=0bv128, s1_value_reg__last_value=0bv128, s1_value_reg__last_write_site=1, s1_value_reg__next_write_site=1, s1_value_reg__wrote_any=true, s1_value_reg__wrote_index0=true, s2_find_index.hit=true, s2_inbox_count=0, s2_meta.location.index=0bv16, s2_meta.my_md.role=101bv16, s2_p4b_clone_e2e=false, s2_p4b_clone_i2e=false, s2_p4b_clone_i2i=false, s2_p4b_recirculate=false, s2_pkt_external=false, s2_sequence_reg__last0_old_value=0bv16, s2_sequence_reg__last0_value=65535bv16, s2_sequence_reg__last_index=0bv32, s2_sequence_reg__last_old_value=0bv16, s2_sequence_reg__last_value=65535bv16, s2_sequence_reg__last_write_site=0, s2_sequence_reg__next_write_site=0, s2_sequence_reg__wrote_any=true, s2_sequence_reg__wrote_index0=true, s2_value_reg__last0_old_value=0bv128, s2_value_reg__last0_value=0bv128, s2_value_reg__last_index=0bv32, s2_value_reg__last_old_value=0bv128, s2_value_reg__last_value=0bv128, s2_value_reg__last_write_site=0, s2_value_reg__next_write_site=0, s2_value_reg__wrote_any=false, s2_value_reg__wrote_index0=false]
[L3228]              s1_p4b_clone_i2i := false;
         VAL         [h1_hdr.ethernet.dstAddr=0bv48, h1_hdr.ethernet.etherType=2048bv16, h1_hdr.ethernet.srcAddr=0bv48, h1_hdr.ethernet.valid=true, h1_hdr.ipv4.diffserv=0bv8, h1_hdr.ipv4.dstAddr=167797761bv32, h1_hdr.ipv4.flags=0bv3, h1_hdr.ipv4.fragOffset=0bv13, h1_hdr.ipv4.hdrChecksum=0bv16, h1_hdr.ipv4.identification=0bv16, h1_hdr.ipv4.ihl=0bv4, h1_hdr.ipv4.protocol=17bv8, h1_hdr.ipv4.srcAddr=1bv32, h1_hdr.ipv4.totalLen=4bv16, h1_hdr.ipv4.ttl=0bv8, h1_hdr.ipv4.valid=true, h1_hdr.ipv4.version=0bv4, h1_hdr.nc_hdr.key=2024bv128, h1_hdr.nc_hdr.op=12bv8, h1_hdr.nc_hdr.sc=1bv8, h1_hdr.nc_hdr.seq=1bv16, h1_hdr.nc_hdr.valid=true, h1_hdr.nc_hdr.value=0bv128, h1_hdr.nc_hdr.vgroup=0bv16, h1_hdr.overlay.0.swip=167797761bv32, h1_hdr.overlay.0.valid=true, h1_hdr.overlay.1.swip=167797762bv32, h1_hdr.overlay.1.valid=true, h1_hdr.overlay.2.swip=0bv32, h1_hdr.overlay.2.valid=true, h1_hdr.overlay.3.swip=0bv32, h1_hdr.overlay.3.valid=true, h1_hdr.overlay.4.swip=0bv32, h1_hdr.overlay.4.valid=true, h1_hdr.overlay.5.swip=0bv32, h1_hdr.overlay.5.valid=false, h1_hdr.overlay.6.swip=0bv32, h1_hdr.overlay.6.valid=true, h1_hdr.overlay.7.swip=0bv32, h1_hdr.overlay.7.valid=false, h1_hdr.overlay.8.swip=0bv32, h1_hdr.overlay.8.valid=true, h1_hdr.overlay.9.swip=0bv32, h1_hdr.overlay.9.valid=false, h1_hdr.overlay.last.swip=0bv32, h1_hdr.overlay.last.valid=false, h1_hdr.tcp.ackNo=0bv32, h1_hdr.tcp.checksum=0bv16, h1_hdr.tcp.ctrl=0bv6, h1_hdr.tcp.dataOffset=0bv4, h1_hdr.tcp.dstPort=0bv16, h1_hdr.tcp.ecn=0bv3, h1_hdr.tcp.res=0bv3, h1_hdr.tcp.seqNo=0bv32, h1_hdr.tcp.srcPort=0bv16, h1_hdr.tcp.urgentPtr=0bv16, h1_hdr.tcp.valid=false, h1_hdr.tcp.window=0bv16, h1_hdr.udp.checksum=0bv16, h1_hdr.udp.dstPort=0bv16, h1_hdr.udp.len=4bv16, h1_hdr.udp.srcPort=0bv16, h1_hdr.udp.valid=true, h1_inbox_count=0, h1_meta.location.index=0bv16, h1_meta.my_md.failed=0bv16, h1_meta.my_md.ipaddress=0bv32, h1_meta.my_md.role=0bv16, h1_meta.reply_to_client_md.ipv4_dstAddr=0bv32, h1_meta.reply_to_client_md.ipv4_srcAddr=0bv32, h1_meta.sequence_md.seq=0bv16, h1_meta.sequence_md.tmp=0bv16, h1_pkt_external=false, h1_standard_metadata.checksum_error=0bv1, h1_standard_metadata.deq_qdepth=0bv19, h1_standard_metadata.deq_timedelta=0bv32, h1_standard_metadata.egress_global_timestamp=0bv48, h1_standard_metadata.egress_rid=0bv16, h1_standard_metadata.enq_qdepth=0bv19, h1_standard_metadata.enq_timestamp=0bv32, h1_standard_metadata.ingress_global_timestamp=0bv48, h1_standard_metadata.ingress_port=0bv9, h1_standard_metadata.instance_type=0bv32, h1_standard_metadata.mcast_grp=0bv16, h1_standard_metadata.packet_length=0bv32, h1_standard_metadata.parser_error=0bv1, h1_standard_metadata.priority=0bv3, procurator_phase=2, procurator_step=2, s1_assign_value.hit=false, s1_drop=true, s1_drop_packet.hit=false, s1_ethernet_set_mac.ethernet_set_mac_act.dmac=0bv48, s1_ethernet_set_mac.ethernet_set_mac_act.smac=0bv48, s1_ethernet_set_mac.hit=false, s1_failure_recovery.hit=false, s1_find_index.find_index_act.index_1=0bv16, s1_find_index.hit=true, s1_forward=false, s1_gen_reply.gen_reply_act.message_type=0bv8, s1_gen_reply.hit=false, s1_get_my_address.get_my_address_act.sw_ip=167797761bv32, s1_get_my_address.get_my_address_act.sw_role=100bv16, s1_get_my_address.hit=false, s1_get_next_hop.hit=false, s1_get_sequence.hit=false, s1_hdr.ethernet.dstAddr=0bv48, s1_hdr.ethernet.etherType=2048bv16, s1_hdr.ethernet.srcAddr=0bv48, s1_hdr.ethernet.valid=true, s1_hdr.ipv4.diffserv=0bv8, s1_hdr.ipv4.dstAddr=167797762bv32, s1_hdr.ipv4.flags=0bv3, s1_hdr.ipv4.fragOffset=0bv13, s1_hdr.ipv4.identification=0bv16, s1_hdr.ipv4.ihl=0bv4, s1_hdr.ipv4.protocol=17bv8, s1_hdr.ipv4.srcAddr=1bv32, s1_hdr.ipv4.totalLen=0bv16, s1_hdr.ipv4.ttl=0bv8, s1_hdr.ipv4.valid=true, s1_hdr.ipv4.version=0bv4, s1_hdr.nc_hdr.key=2024bv128, s1_hdr.nc_hdr.op=12bv8, s1_hdr.nc_hdr.sc=0bv8, s1_hdr.nc_hdr.seq=0bv16, s1_hdr.nc_hdr.valid=true, s1_hdr.nc_hdr.value=0bv128, s1_hdr.nc_hdr.vgroup=0bv16, s1_hdr.overlay.0.swip=167797762bv32, s1_hdr.overlay.0.valid=true, s1_hdr.overlay.1.swip=0bv32, s1_hdr.overlay.1.valid=true, s1_hdr.overlay.2.swip=0bv32, s1_hdr.overlay.2.valid=true, s1_hdr.overlay.3.swip=0bv32, s1_hdr.overlay.3.valid=true, s1_hdr.overlay.4.swip=0bv32, s1_hdr.overlay.4.valid=false, s1_hdr.overlay.5.swip=0bv32, s1_hdr.overlay.5.valid=true, s1_hdr.overlay.6.swip=0bv32, s1_hdr.overlay.6.valid=false, s1_hdr.overlay.7.swip=0bv32, s1_hdr.overlay.7.valid=true, s1_hdr.overlay.8.swip=0bv32, s1_hdr.overlay.8.valid=false, s1_hdr.overlay.9.swip=0bv32, s1_hdr.overlay.9.valid=false, s1_hdr.overlay.last.swip=0bv32, s1_hdr.overlay.last.valid=false, s1_hdr.tcp.ackNo=0bv32, s1_hdr.tcp.checksum=0bv16, s1_hdr.tcp.ctrl=0bv6, s1_hdr.tcp.dataOffset=0bv4, s1_hdr.tcp.dstPort=0bv16, s1_hdr.tcp.ecn=0bv3, s1_hdr.tcp.res=0bv3, s1_hdr.tcp.seqNo=0bv32, s1_hdr.tcp.srcPort=0bv16, s1_hdr.tcp.urgentPtr=0bv16, s1_hdr.tcp.valid=false, s1_hdr.tcp.window=0bv16, s1_hdr.udp.dstPort=8888bv16, s1_hdr.udp.len=0bv16, s1_hdr.udp.srcPort=0bv16, s1_hdr.udp.valid=true, s1_inbox_count=0, s1_ipv4_route.hit=false, s1_ipv4_route.set_egress.egress_spec_1=0bv9, s1_maintain_sequence.hit=false, s1_meta.location.index=0bv16, s1_meta.my_md.failed=0bv16, s1_meta.my_md.ipaddress=167797761bv32, s1_meta.my_md.role=100bv16, s1_meta.reply_to_client_md.ipv4_dstAddr=0bv32, s1_meta.reply_to_client_md.ipv4_srcAddr=0bv32, s1_meta.sequence_md.seq=0bv16, s1_meta.sequence_md.tmp=0bv16, s1_p4b_checksum_error=false, s1_p4b_checksum_updated=true, s1_p4b_checksum_verified=false, s1_p4b_clone_e2e=false, s1_p4b_clone_i2e=false, s1_p4b_clone_i2i=false, s1_p4b_digest=false, s1_p4b_recirculate=false, s1_pkt_external=true, s1_pop_chain.hit=false, s1_pop_chain_again.hit=false, s1_read_value.hit=false, s1_sequence_reg__last0_old_value=0bv16, s1_sequence_reg__last0_value=0bv16, s1_sequence_reg__last_index=0bv32, s1_sequence_reg__last_old_value=0bv16, s1_sequence_reg__last_value=0bv16, s1_sequence_reg__last_write_site=1, s1_sequence_reg__next_write_site=1, s1_sequence_reg__wrote_any=true, s1_sequence_reg__wrote_index0=true, s1_standard_metadata.checksum_error=0bv1, s1_standard_metadata.deq_qdepth=0bv19, s1_standard_metadata.deq_timedelta=0bv32, s1_standard_metadata.egress_global_timestamp=0bv48, s1_standard_metadata.egress_port=3bv9, s1_standard_metadata.egress_rid=0bv16, s1_standard_metadata.egress_spec=0bv9, s1_standard_metadata.enq_qdepth=0bv19, s1_standard_metadata.enq_timestamp=0bv32, s1_standard_metadata.ingress_global_timestamp=0bv48, s1_standard_metadata.ingress_port=0bv9, s1_standard_metadata.instance_type=0bv32, s1_standard_metadata.mcast_grp=0bv16, s1_standard_metadata.packet_length=0bv32, s1_standard_metadata.parser_error=0bv1, s1_standard_metadata.priority=0bv3, s1_value_reg__last0_old_value=0bv128, s1_value_reg__last0_value=0bv128, s1_value_reg__last_index=0bv32, s1_value_reg__last_old_value=0bv128, s1_value_reg__last_value=0bv128, s1_value_reg__last_write_site=1, s1_value_reg__next_write_site=1, s1_value_reg__wrote_any=true, s1_value_reg__wrote_index0=true, s2_find_index.hit=true, s2_inbox_count=0, s2_meta.location.index=0bv16, s2_meta.my_md.role=101bv16, s2_p4b_clone_e2e=false, s2_p4b_clone_i2e=false, s2_p4b_clone_i2i=false, s2_p4b_recirculate=false, s2_pkt_external=false, s2_sequence_reg__last0_old_value=0bv16, s2_sequence_reg__last0_value=65535bv16, s2_sequence_reg__last_index=0bv32, s2_sequence_reg__last_old_value=0bv16, s2_sequence_reg__last_value=65535bv16, s2_sequence_reg__last_write_site=0, s2_sequence_reg__next_write_site=0, s2_sequence_reg__wrote_any=true, s2_sequence_reg__wrote_index0=true, s2_value_reg__last0_old_value=0bv128, s2_value_reg__last0_value=0bv128, s2_value_reg__last_index=0bv32, s2_value_reg__last_old_value=0bv128, s2_value_reg__last_value=0bv128, s2_value_reg__last_write_site=0, s2_value_reg__next_write_site=0, s2_value_reg__wrote_any=false, s2_value_reg__wrote_index0=false]
[L3229]  COND FALSE  !(s1_p4b_recirculate)
         VAL         [h1_hdr.ethernet.dstAddr=0bv48, h1_hdr.ethernet.etherType=2048bv16, h1_hdr.ethernet.srcAddr=0bv48, h1_hdr.ethernet.valid=true, h1_hdr.ipv4.diffserv=0bv8, h1_hdr.ipv4.dstAddr=167797761bv32, h1_hdr.ipv4.flags=0bv3, h1_hdr.ipv4.fragOffset=0bv13, h1_hdr.ipv4.hdrChecksum=0bv16, h1_hdr.ipv4.identification=0bv16, h1_hdr.ipv4.ihl=0bv4, h1_hdr.ipv4.protocol=17bv8, h1_hdr.ipv4.srcAddr=1bv32, h1_hdr.ipv4.totalLen=4bv16, h1_hdr.ipv4.ttl=0bv8, h1_hdr.ipv4.valid=true, h1_hdr.ipv4.version=0bv4, h1_hdr.nc_hdr.key=2024bv128, h1_hdr.nc_hdr.op=12bv8, h1_hdr.nc_hdr.sc=1bv8, h1_hdr.nc_hdr.seq=1bv16, h1_hdr.nc_hdr.valid=true, h1_hdr.nc_hdr.value=0bv128, h1_hdr.nc_hdr.vgroup=0bv16, h1_hdr.overlay.0.swip=167797761bv32, h1_hdr.overlay.0.valid=true, h1_hdr.overlay.1.swip=167797762bv32, h1_hdr.overlay.1.valid=true, h1_hdr.overlay.2.swip=0bv32, h1_hdr.overlay.2.valid=true, h1_hdr.overlay.3.swip=0bv32, h1_hdr.overlay.3.valid=true, h1_hdr.overlay.4.swip=0bv32, h1_hdr.overlay.4.valid=true, h1_hdr.overlay.5.swip=0bv32, h1_hdr.overlay.5.valid=false, h1_hdr.overlay.6.swip=0bv32, h1_hdr.overlay.6.valid=true, h1_hdr.overlay.7.swip=0bv32, h1_hdr.overlay.7.valid=false, h1_hdr.overlay.8.swip=0bv32, h1_hdr.overlay.8.valid=true, h1_hdr.overlay.9.swip=0bv32, h1_hdr.overlay.9.valid=false, h1_hdr.overlay.last.swip=0bv32, h1_hdr.overlay.last.valid=false, h1_hdr.tcp.ackNo=0bv32, h1_hdr.tcp.checksum=0bv16, h1_hdr.tcp.ctrl=0bv6, h1_hdr.tcp.dataOffset=0bv4, h1_hdr.tcp.dstPort=0bv16, h1_hdr.tcp.ecn=0bv3, h1_hdr.tcp.res=0bv3, h1_hdr.tcp.seqNo=0bv32, h1_hdr.tcp.srcPort=0bv16, h1_hdr.tcp.urgentPtr=0bv16, h1_hdr.tcp.valid=false, h1_hdr.tcp.window=0bv16, h1_hdr.udp.checksum=0bv16, h1_hdr.udp.dstPort=0bv16, h1_hdr.udp.len=4bv16, h1_hdr.udp.srcPort=0bv16, h1_hdr.udp.valid=true, h1_inbox_count=0, h1_meta.location.index=0bv16, h1_meta.my_md.failed=0bv16, h1_meta.my_md.ipaddress=0bv32, h1_meta.my_md.role=0bv16, h1_meta.reply_to_client_md.ipv4_dstAddr=0bv32, h1_meta.reply_to_client_md.ipv4_srcAddr=0bv32, h1_meta.sequence_md.seq=0bv16, h1_meta.sequence_md.tmp=0bv16, h1_pkt_external=false, h1_standard_metadata.checksum_error=0bv1, h1_standard_metadata.deq_qdepth=0bv19, h1_standard_metadata.deq_timedelta=0bv32, h1_standard_metadata.egress_global_timestamp=0bv48, h1_standard_metadata.egress_rid=0bv16, h1_standard_metadata.enq_qdepth=0bv19, h1_standard_metadata.enq_timestamp=0bv32, h1_standard_metadata.ingress_global_timestamp=0bv48, h1_standard_metadata.ingress_port=0bv9, h1_standard_metadata.instance_type=0bv32, h1_standard_metadata.mcast_grp=0bv16, h1_standard_metadata.packet_length=0bv32, h1_standard_metadata.parser_error=0bv1, h1_standard_metadata.priority=0bv3, procurator_phase=2, procurator_step=2, s1_assign_value.hit=false, s1_drop=true, s1_drop_packet.hit=false, s1_ethernet_set_mac.ethernet_set_mac_act.dmac=0bv48, s1_ethernet_set_mac.ethernet_set_mac_act.smac=0bv48, s1_ethernet_set_mac.hit=false, s1_failure_recovery.hit=false, s1_find_index.find_index_act.index_1=0bv16, s1_find_index.hit=true, s1_forward=false, s1_gen_reply.gen_reply_act.message_type=0bv8, s1_gen_reply.hit=false, s1_get_my_address.get_my_address_act.sw_ip=167797761bv32, s1_get_my_address.get_my_address_act.sw_role=100bv16, s1_get_my_address.hit=false, s1_get_next_hop.hit=false, s1_get_sequence.hit=false, s1_hdr.ethernet.dstAddr=0bv48, s1_hdr.ethernet.etherType=2048bv16, s1_hdr.ethernet.srcAddr=0bv48, s1_hdr.ethernet.valid=true, s1_hdr.ipv4.diffserv=0bv8, s1_hdr.ipv4.dstAddr=167797762bv32, s1_hdr.ipv4.flags=0bv3, s1_hdr.ipv4.fragOffset=0bv13, s1_hdr.ipv4.identification=0bv16, s1_hdr.ipv4.ihl=0bv4, s1_hdr.ipv4.protocol=17bv8, s1_hdr.ipv4.srcAddr=1bv32, s1_hdr.ipv4.totalLen=0bv16, s1_hdr.ipv4.ttl=0bv8, s1_hdr.ipv4.valid=true, s1_hdr.ipv4.version=0bv4, s1_hdr.nc_hdr.key=2024bv128, s1_hdr.nc_hdr.op=12bv8, s1_hdr.nc_hdr.sc=0bv8, s1_hdr.nc_hdr.seq=0bv16, s1_hdr.nc_hdr.valid=true, s1_hdr.nc_hdr.value=0bv128, s1_hdr.nc_hdr.vgroup=0bv16, s1_hdr.overlay.0.swip=167797762bv32, s1_hdr.overlay.0.valid=true, s1_hdr.overlay.1.swip=0bv32, s1_hdr.overlay.1.valid=true, s1_hdr.overlay.2.swip=0bv32, s1_hdr.overlay.2.valid=true, s1_hdr.overlay.3.swip=0bv32, s1_hdr.overlay.3.valid=true, s1_hdr.overlay.4.swip=0bv32, s1_hdr.overlay.4.valid=false, s1_hdr.overlay.5.swip=0bv32, s1_hdr.overlay.5.valid=true, s1_hdr.overlay.6.swip=0bv32, s1_hdr.overlay.6.valid=false, s1_hdr.overlay.7.swip=0bv32, s1_hdr.overlay.7.valid=true, s1_hdr.overlay.8.swip=0bv32, s1_hdr.overlay.8.valid=false, s1_hdr.overlay.9.swip=0bv32, s1_hdr.overlay.9.valid=false, s1_hdr.overlay.last.swip=0bv32, s1_hdr.overlay.last.valid=false, s1_hdr.tcp.ackNo=0bv32, s1_hdr.tcp.checksum=0bv16, s1_hdr.tcp.ctrl=0bv6, s1_hdr.tcp.dataOffset=0bv4, s1_hdr.tcp.dstPort=0bv16, s1_hdr.tcp.ecn=0bv3, s1_hdr.tcp.res=0bv3, s1_hdr.tcp.seqNo=0bv32, s1_hdr.tcp.srcPort=0bv16, s1_hdr.tcp.urgentPtr=0bv16, s1_hdr.tcp.valid=false, s1_hdr.tcp.window=0bv16, s1_hdr.udp.dstPort=8888bv16, s1_hdr.udp.len=0bv16, s1_hdr.udp.srcPort=0bv16, s1_hdr.udp.valid=true, s1_inbox_count=0, s1_ipv4_route.hit=false, s1_ipv4_route.set_egress.egress_spec_1=0bv9, s1_maintain_sequence.hit=false, s1_meta.location.index=0bv16, s1_meta.my_md.failed=0bv16, s1_meta.my_md.ipaddress=167797761bv32, s1_meta.my_md.role=100bv16, s1_meta.reply_to_client_md.ipv4_dstAddr=0bv32, s1_meta.reply_to_client_md.ipv4_srcAddr=0bv32, s1_meta.sequence_md.seq=0bv16, s1_meta.sequence_md.tmp=0bv16, s1_p4b_checksum_error=false, s1_p4b_checksum_updated=true, s1_p4b_checksum_verified=false, s1_p4b_clone_e2e=false, s1_p4b_clone_i2e=false, s1_p4b_clone_i2i=false, s1_p4b_digest=false, s1_p4b_recirculate=false, s1_pkt_external=true, s1_pop_chain.hit=false, s1_pop_chain_again.hit=false, s1_read_value.hit=false, s1_sequence_reg__last0_old_value=0bv16, s1_sequence_reg__last0_value=0bv16, s1_sequence_reg__last_index=0bv32, s1_sequence_reg__last_old_value=0bv16, s1_sequence_reg__last_value=0bv16, s1_sequence_reg__last_write_site=1, s1_sequence_reg__next_write_site=1, s1_sequence_reg__wrote_any=true, s1_sequence_reg__wrote_index0=true, s1_standard_metadata.checksum_error=0bv1, s1_standard_metadata.deq_qdepth=0bv19, s1_standard_metadata.deq_timedelta=0bv32, s1_standard_metadata.egress_global_timestamp=0bv48, s1_standard_metadata.egress_port=3bv9, s1_standard_metadata.egress_rid=0bv16, s1_standard_metadata.egress_spec=0bv9, s1_standard_metadata.enq_qdepth=0bv19, s1_standard_metadata.enq_timestamp=0bv32, s1_standard_metadata.ingress_global_timestamp=0bv48, s1_standard_metadata.ingress_port=0bv9, s1_standard_metadata.instance_type=0bv32, s1_standard_metadata.mcast_grp=0bv16, s1_standard_metadata.packet_length=0bv32, s1_standard_metadata.parser_error=0bv1, s1_standard_metadata.priority=0bv3, s1_value_reg__last0_old_value=0bv128, s1_value_reg__last0_value=0bv128, s1_value_reg__last_index=0bv32, s1_value_reg__last_old_value=0bv128, s1_value_reg__last_value=0bv128, s1_value_reg__last_write_site=1, s1_value_reg__next_write_site=1, s1_value_reg__wrote_any=true, s1_value_reg__wrote_index0=true, s2_find_index.hit=true, s2_inbox_count=0, s2_meta.location.index=0bv16, s2_meta.my_md.role=101bv16, s2_p4b_clone_e2e=false, s2_p4b_clone_i2e=false, s2_p4b_clone_i2i=false, s2_p4b_recirculate=false, s2_pkt_external=false, s2_sequence_reg__last0_old_value=0bv16, s2_sequence_reg__last0_value=65535bv16, s2_sequence_reg__last_index=0bv32, s2_sequence_reg__last_old_value=0bv16, s2_sequence_reg__last_value=65535bv16, s2_sequence_reg__last_write_site=0, s2_sequence_reg__next_write_site=0, s2_sequence_reg__wrote_any=true, s2_sequence_reg__wrote_index0=true, s2_value_reg__last0_old_value=0bv128, s2_value_reg__last0_value=0bv128, s2_value_reg__last_index=0bv32, s2_value_reg__last_old_value=0bv128, s2_value_reg__last_value=0bv128, s2_value_reg__last_write_site=0, s2_value_reg__next_write_site=0, s2_value_reg__wrote_any=false, s2_value_reg__wrote_index0=false]
[L3234]              s1_p4b_recirculate := false;
         VAL         [h1_hdr.ethernet.dstAddr=0bv48, h1_hdr.ethernet.etherType=2048bv16, h1_hdr.ethernet.srcAddr=0bv48, h1_hdr.ethernet.valid=true, h1_hdr.ipv4.diffserv=0bv8, h1_hdr.ipv4.dstAddr=167797761bv32, h1_hdr.ipv4.flags=0bv3, h1_hdr.ipv4.fragOffset=0bv13, h1_hdr.ipv4.hdrChecksum=0bv16, h1_hdr.ipv4.identification=0bv16, h1_hdr.ipv4.ihl=0bv4, h1_hdr.ipv4.protocol=17bv8, h1_hdr.ipv4.srcAddr=1bv32, h1_hdr.ipv4.totalLen=4bv16, h1_hdr.ipv4.ttl=0bv8, h1_hdr.ipv4.valid=true, h1_hdr.ipv4.version=0bv4, h1_hdr.nc_hdr.key=2024bv128, h1_hdr.nc_hdr.op=12bv8, h1_hdr.nc_hdr.sc=1bv8, h1_hdr.nc_hdr.seq=1bv16, h1_hdr.nc_hdr.valid=true, h1_hdr.nc_hdr.value=0bv128, h1_hdr.nc_hdr.vgroup=0bv16, h1_hdr.overlay.0.swip=167797761bv32, h1_hdr.overlay.0.valid=true, h1_hdr.overlay.1.swip=167797762bv32, h1_hdr.overlay.1.valid=true, h1_hdr.overlay.2.swip=0bv32, h1_hdr.overlay.2.valid=true, h1_hdr.overlay.3.swip=0bv32, h1_hdr.overlay.3.valid=true, h1_hdr.overlay.4.swip=0bv32, h1_hdr.overlay.4.valid=true, h1_hdr.overlay.5.swip=0bv32, h1_hdr.overlay.5.valid=false, h1_hdr.overlay.6.swip=0bv32, h1_hdr.overlay.6.valid=true, h1_hdr.overlay.7.swip=0bv32, h1_hdr.overlay.7.valid=false, h1_hdr.overlay.8.swip=0bv32, h1_hdr.overlay.8.valid=true, h1_hdr.overlay.9.swip=0bv32, h1_hdr.overlay.9.valid=false, h1_hdr.overlay.last.swip=0bv32, h1_hdr.overlay.last.valid=false, h1_hdr.tcp.ackNo=0bv32, h1_hdr.tcp.checksum=0bv16, h1_hdr.tcp.ctrl=0bv6, h1_hdr.tcp.dataOffset=0bv4, h1_hdr.tcp.dstPort=0bv16, h1_hdr.tcp.ecn=0bv3, h1_hdr.tcp.res=0bv3, h1_hdr.tcp.seqNo=0bv32, h1_hdr.tcp.srcPort=0bv16, h1_hdr.tcp.urgentPtr=0bv16, h1_hdr.tcp.valid=false, h1_hdr.tcp.window=0bv16, h1_hdr.udp.checksum=0bv16, h1_hdr.udp.dstPort=0bv16, h1_hdr.udp.len=4bv16, h1_hdr.udp.srcPort=0bv16, h1_hdr.udp.valid=true, h1_inbox_count=0, h1_meta.location.index=0bv16, h1_meta.my_md.failed=0bv16, h1_meta.my_md.ipaddress=0bv32, h1_meta.my_md.role=0bv16, h1_meta.reply_to_client_md.ipv4_dstAddr=0bv32, h1_meta.reply_to_client_md.ipv4_srcAddr=0bv32, h1_meta.sequence_md.seq=0bv16, h1_meta.sequence_md.tmp=0bv16, h1_pkt_external=false, h1_standard_metadata.checksum_error=0bv1, h1_standard_metadata.deq_qdepth=0bv19, h1_standard_metadata.deq_timedelta=0bv32, h1_standard_metadata.egress_global_timestamp=0bv48, h1_standard_metadata.egress_rid=0bv16, h1_standard_metadata.enq_qdepth=0bv19, h1_standard_metadata.enq_timestamp=0bv32, h1_standard_metadata.ingress_global_timestamp=0bv48, h1_standard_metadata.ingress_port=0bv9, h1_standard_metadata.instance_type=0bv32, h1_standard_metadata.mcast_grp=0bv16, h1_standard_metadata.packet_length=0bv32, h1_standard_metadata.parser_error=0bv1, h1_standard_metadata.priority=0bv3, procurator_phase=2, procurator_step=2, s1_assign_value.hit=false, s1_drop=true, s1_drop_packet.hit=false, s1_ethernet_set_mac.ethernet_set_mac_act.dmac=0bv48, s1_ethernet_set_mac.ethernet_set_mac_act.smac=0bv48, s1_ethernet_set_mac.hit=false, s1_failure_recovery.hit=false, s1_find_index.find_index_act.index_1=0bv16, s1_find_index.hit=true, s1_forward=false, s1_gen_reply.gen_reply_act.message_type=0bv8, s1_gen_reply.hit=false, s1_get_my_address.get_my_address_act.sw_ip=167797761bv32, s1_get_my_address.get_my_address_act.sw_role=100bv16, s1_get_my_address.hit=false, s1_get_next_hop.hit=false, s1_get_sequence.hit=false, s1_hdr.ethernet.dstAddr=0bv48, s1_hdr.ethernet.etherType=2048bv16, s1_hdr.ethernet.srcAddr=0bv48, s1_hdr.ethernet.valid=true, s1_hdr.ipv4.diffserv=0bv8, s1_hdr.ipv4.dstAddr=167797762bv32, s1_hdr.ipv4.flags=0bv3, s1_hdr.ipv4.fragOffset=0bv13, s1_hdr.ipv4.identification=0bv16, s1_hdr.ipv4.ihl=0bv4, s1_hdr.ipv4.protocol=17bv8, s1_hdr.ipv4.srcAddr=1bv32, s1_hdr.ipv4.totalLen=0bv16, s1_hdr.ipv4.ttl=0bv8, s1_hdr.ipv4.valid=true, s1_hdr.ipv4.version=0bv4, s1_hdr.nc_hdr.key=2024bv128, s1_hdr.nc_hdr.op=12bv8, s1_hdr.nc_hdr.sc=0bv8, s1_hdr.nc_hdr.seq=0bv16, s1_hdr.nc_hdr.valid=true, s1_hdr.nc_hdr.value=0bv128, s1_hdr.nc_hdr.vgroup=0bv16, s1_hdr.overlay.0.swip=167797762bv32, s1_hdr.overlay.0.valid=true, s1_hdr.overlay.1.swip=0bv32, s1_hdr.overlay.1.valid=true, s1_hdr.overlay.2.swip=0bv32, s1_hdr.overlay.2.valid=true, s1_hdr.overlay.3.swip=0bv32, s1_hdr.overlay.3.valid=true, s1_hdr.overlay.4.swip=0bv32, s1_hdr.overlay.4.valid=false, s1_hdr.overlay.5.swip=0bv32, s1_hdr.overlay.5.valid=true, s1_hdr.overlay.6.swip=0bv32, s1_hdr.overlay.6.valid=false, s1_hdr.overlay.7.swip=0bv32, s1_hdr.overlay.7.valid=true, s1_hdr.overlay.8.swip=0bv32, s1_hdr.overlay.8.valid=false, s1_hdr.overlay.9.swip=0bv32, s1_hdr.overlay.9.valid=false, s1_hdr.overlay.last.swip=0bv32, s1_hdr.overlay.last.valid=false, s1_hdr.tcp.ackNo=0bv32, s1_hdr.tcp.checksum=0bv16, s1_hdr.tcp.ctrl=0bv6, s1_hdr.tcp.dataOffset=0bv4, s1_hdr.tcp.dstPort=0bv16, s1_hdr.tcp.ecn=0bv3, s1_hdr.tcp.res=0bv3, s1_hdr.tcp.seqNo=0bv32, s1_hdr.tcp.srcPort=0bv16, s1_hdr.tcp.urgentPtr=0bv16, s1_hdr.tcp.valid=false, s1_hdr.tcp.window=0bv16, s1_hdr.udp.dstPort=8888bv16, s1_hdr.udp.len=0bv16, s1_hdr.udp.srcPort=0bv16, s1_hdr.udp.valid=true, s1_inbox_count=0, s1_ipv4_route.hit=false, s1_ipv4_route.set_egress.egress_spec_1=0bv9, s1_maintain_sequence.hit=false, s1_meta.location.index=0bv16, s1_meta.my_md.failed=0bv16, s1_meta.my_md.ipaddress=167797761bv32, s1_meta.my_md.role=100bv16, s1_meta.reply_to_client_md.ipv4_dstAddr=0bv32, s1_meta.reply_to_client_md.ipv4_srcAddr=0bv32, s1_meta.sequence_md.seq=0bv16, s1_meta.sequence_md.tmp=0bv16, s1_p4b_checksum_error=false, s1_p4b_checksum_updated=true, s1_p4b_checksum_verified=false, s1_p4b_clone_e2e=false, s1_p4b_clone_i2e=false, s1_p4b_clone_i2i=false, s1_p4b_digest=false, s1_p4b_recirculate=false, s1_pkt_external=true, s1_pop_chain.hit=false, s1_pop_chain_again.hit=false, s1_read_value.hit=false, s1_sequence_reg__last0_old_value=0bv16, s1_sequence_reg__last0_value=0bv16, s1_sequence_reg__last_index=0bv32, s1_sequence_reg__last_old_value=0bv16, s1_sequence_reg__last_value=0bv16, s1_sequence_reg__last_write_site=1, s1_sequence_reg__next_write_site=1, s1_sequence_reg__wrote_any=true, s1_sequence_reg__wrote_index0=true, s1_standard_metadata.checksum_error=0bv1, s1_standard_metadata.deq_qdepth=0bv19, s1_standard_metadata.deq_timedelta=0bv32, s1_standard_metadata.egress_global_timestamp=0bv48, s1_standard_metadata.egress_port=3bv9, s1_standard_metadata.egress_rid=0bv16, s1_standard_metadata.egress_spec=0bv9, s1_standard_metadata.enq_qdepth=0bv19, s1_standard_metadata.enq_timestamp=0bv32, s1_standard_metadata.ingress_global_timestamp=0bv48, s1_standard_metadata.ingress_port=0bv9, s1_standard_metadata.instance_type=0bv32, s1_standard_metadata.mcast_grp=0bv16, s1_standard_metadata.packet_length=0bv32, s1_standard_metadata.parser_error=0bv1, s1_standard_metadata.priority=0bv3, s1_value_reg__last0_old_value=0bv128, s1_value_reg__last0_value=0bv128, s1_value_reg__last_index=0bv32, s1_value_reg__last_old_value=0bv128, s1_value_reg__last_value=0bv128, s1_value_reg__last_write_site=1, s1_value_reg__next_write_site=1, s1_value_reg__wrote_any=true, s1_value_reg__wrote_index0=true, s2_find_index.hit=true, s2_inbox_count=0, s2_meta.location.index=0bv16, s2_meta.my_md.role=101bv16, s2_p4b_clone_e2e=false, s2_p4b_clone_i2e=false, s2_p4b_clone_i2i=false, s2_p4b_recirculate=false, s2_pkt_external=false, s2_sequence_reg__last0_old_value=0bv16, s2_sequence_reg__last0_value=65535bv16, s2_sequence_reg__last_index=0bv32, s2_sequence_reg__last_old_value=0bv16, s2_sequence_reg__last_value=65535bv16, s2_sequence_reg__last_write_site=0, s2_sequence_reg__next_write_site=0, s2_sequence_reg__wrote_any=true, s2_sequence_reg__wrote_index0=true, s2_value_reg__last0_old_value=0bv128, s2_value_reg__last0_value=0bv128, s2_value_reg__last_index=0bv32, s2_value_reg__last_old_value=0bv128, s2_value_reg__last_value=0bv128, s2_value_reg__last_write_site=0, s2_value_reg__next_write_site=0, s2_value_reg__wrote_any=false, s2_value_reg__wrote_index0=false]
[L3235]  CALL        call s1_Forward();
         VAL         [h1_hdr.ethernet.dstAddr=0bv48, h1_hdr.ethernet.etherType=2048bv16, h1_hdr.ethernet.srcAddr=0bv48, h1_hdr.ethernet.valid=true, h1_hdr.ipv4.diffserv=0bv8, h1_hdr.ipv4.dstAddr=167797761bv32, h1_hdr.ipv4.flags=0bv3, h1_hdr.ipv4.fragOffset=0bv13, h1_hdr.ipv4.hdrChecksum=0bv16, h1_hdr.ipv4.identification=0bv16, h1_hdr.ipv4.ihl=0bv4, h1_hdr.ipv4.protocol=17bv8, h1_hdr.ipv4.srcAddr=1bv32, h1_hdr.ipv4.totalLen=4bv16, h1_hdr.ipv4.ttl=0bv8, h1_hdr.ipv4.valid=true, h1_hdr.ipv4.version=0bv4, h1_hdr.nc_hdr.key=2024bv128, h1_hdr.nc_hdr.op=12bv8, h1_hdr.nc_hdr.sc=1bv8, h1_hdr.nc_hdr.seq=1bv16, h1_hdr.nc_hdr.valid=true, h1_hdr.nc_hdr.value=0bv128, h1_hdr.nc_hdr.vgroup=0bv16, h1_hdr.overlay.0.swip=167797761bv32, h1_hdr.overlay.0.valid=true, h1_hdr.overlay.1.swip=167797762bv32, h1_hdr.overlay.1.valid=true, h1_hdr.overlay.2.swip=0bv32, h1_hdr.overlay.2.valid=true, h1_hdr.overlay.3.swip=0bv32, h1_hdr.overlay.3.valid=true, h1_hdr.overlay.4.swip=0bv32, h1_hdr.overlay.4.valid=true, h1_hdr.overlay.5.swip=0bv32, h1_hdr.overlay.5.valid=false, h1_hdr.overlay.6.swip=0bv32, h1_hdr.overlay.6.valid=true, h1_hdr.overlay.7.swip=0bv32, h1_hdr.overlay.7.valid=false, h1_hdr.overlay.8.swip=0bv32, h1_hdr.overlay.8.valid=true, h1_hdr.overlay.9.swip=0bv32, h1_hdr.overlay.9.valid=false, h1_hdr.overlay.last.swip=0bv32, h1_hdr.overlay.last.valid=false, h1_hdr.tcp.ackNo=0bv32, h1_hdr.tcp.checksum=0bv16, h1_hdr.tcp.ctrl=0bv6, h1_hdr.tcp.dataOffset=0bv4, h1_hdr.tcp.dstPort=0bv16, h1_hdr.tcp.ecn=0bv3, h1_hdr.tcp.res=0bv3, h1_hdr.tcp.seqNo=0bv32, h1_hdr.tcp.srcPort=0bv16, h1_hdr.tcp.urgentPtr=0bv16, h1_hdr.tcp.valid=false, h1_hdr.tcp.window=0bv16, h1_hdr.udp.checksum=0bv16, h1_hdr.udp.dstPort=0bv16, h1_hdr.udp.len=4bv16, h1_hdr.udp.srcPort=0bv16, h1_hdr.udp.valid=true, h1_inbox_count=0, h1_meta.location.index=0bv16, h1_meta.my_md.failed=0bv16, h1_meta.my_md.ipaddress=0bv32, h1_meta.my_md.role=0bv16, h1_meta.reply_to_client_md.ipv4_dstAddr=0bv32, h1_meta.reply_to_client_md.ipv4_srcAddr=0bv32, h1_meta.sequence_md.seq=0bv16, h1_meta.sequence_md.tmp=0bv16, h1_pkt_external=false, h1_standard_metadata.checksum_error=0bv1, h1_standard_metadata.deq_qdepth=0bv19, h1_standard_metadata.deq_timedelta=0bv32, h1_standard_metadata.egress_global_timestamp=0bv48, h1_standard_metadata.egress_rid=0bv16, h1_standard_metadata.enq_qdepth=0bv19, h1_standard_metadata.enq_timestamp=0bv32, h1_standard_metadata.ingress_global_timestamp=0bv48, h1_standard_metadata.ingress_port=0bv9, h1_standard_metadata.instance_type=0bv32, h1_standard_metadata.mcast_grp=0bv16, h1_standard_metadata.packet_length=0bv32, h1_standard_metadata.parser_error=0bv1, h1_standard_metadata.priority=0bv3, old(s2_hdr.ethernet.dstAddr)=0bv48, old(s2_hdr.ethernet.etherType)=0bv16, old(s2_hdr.ethernet.srcAddr)=0bv48, old(s2_hdr.ethernet.valid)=false, old(s2_hdr.ipv4.diffserv)=0bv8, old(s2_hdr.ipv4.dstAddr)=0bv32, old(s2_hdr.ipv4.flags)=0bv3, old(s2_hdr.ipv4.fragOffset)=0bv13, old(s2_hdr.ipv4.hdrChecksum)=0bv16, old(s2_hdr.ipv4.identification)=0bv16, old(s2_hdr.ipv4.ihl)=0bv4, old(s2_hdr.ipv4.protocol)=0bv8, old(s2_hdr.ipv4.srcAddr)=0bv32, old(s2_hdr.ipv4.totalLen)=0bv16, old(s2_hdr.ipv4.ttl)=0bv8, old(s2_hdr.ipv4.valid)=false, old(s2_hdr.ipv4.version)=0bv4, old(s2_hdr.nc_hdr.key)=0bv128, old(s2_hdr.nc_hdr.op)=0bv8, old(s2_hdr.nc_hdr.sc)=0bv8, old(s2_hdr.nc_hdr.seq)=0bv16, old(s2_hdr.nc_hdr.valid)=false, old(s2_hdr.nc_hdr.value)=0bv128, old(s2_hdr.nc_hdr.vgroup)=0bv16, old(s2_hdr.overlay.0.swip)=0bv32, old(s2_hdr.overlay.0.valid)=false, old(s2_hdr.overlay.1.swip)=0bv32, old(s2_hdr.overlay.1.valid)=false, old(s2_hdr.overlay.2.swip)=0bv32, old(s2_hdr.overlay.2.valid)=false, old(s2_hdr.overlay.3.swip)=0bv32, old(s2_hdr.overlay.3.valid)=false, old(s2_hdr.overlay.4.swip)=0bv32, old(s2_hdr.overlay.4.valid)=false, old(s2_hdr.overlay.5.swip)=0bv32, old(s2_hdr.overlay.5.valid)=false, old(s2_hdr.overlay.6.swip)=0bv32, old(s2_hdr.overlay.6.valid)=false, old(s2_hdr.overlay.7.swip)=0bv32, old(s2_hdr.overlay.7.valid)=false, old(s2_hdr.overlay.8.swip)=0bv32, old(s2_hdr.overlay.8.valid)=false, old(s2_hdr.overlay.9.swip)=0bv32, old(s2_hdr.overlay.9.valid)=false, old(s2_hdr.overlay.last.swip)=0bv32, old(s2_hdr.overlay.last.valid)=false, old(s2_hdr.tcp.ackNo)=0bv32, old(s2_hdr.tcp.checksum)=0bv16, old(s2_hdr.tcp.ctrl)=0bv6, old(s2_hdr.tcp.dataOffset)=0bv4, old(s2_hdr.tcp.dstPort)=0bv16, old(s2_hdr.tcp.ecn)=0bv3, old(s2_hdr.tcp.res)=0bv3, old(s2_hdr.tcp.seqNo)=0bv32, old(s2_hdr.tcp.srcPort)=0bv16, old(s2_hdr.tcp.urgentPtr)=0bv16, old(s2_hdr.tcp.valid)=false, old(s2_hdr.tcp.window)=0bv16, old(s2_hdr.udp.checksum)=0bv16, old(s2_hdr.udp.dstPort)=0bv16, old(s2_hdr.udp.len)=0bv16, old(s2_hdr.udp.srcPort)=0bv16, old(s2_hdr.udp.valid)=false, old(s2_inbox_count)=0, old(s2_pkt_external)=false, procurator_phase=2, procurator_step=2, s1_assign_value.hit=false, s1_drop=true, s1_drop_packet.hit=false, s1_ethernet_set_mac.ethernet_set_mac_act.dmac=0bv48, s1_ethernet_set_mac.ethernet_set_mac_act.smac=0bv48, s1_ethernet_set_mac.hit=false, s1_failure_recovery.hit=false, s1_find_index.find_index_act.index_1=0bv16, s1_find_index.hit=true, s1_forward=false, s1_gen_reply.gen_reply_act.message_type=0bv8, s1_gen_reply.hit=false, s1_get_my_address.get_my_address_act.sw_ip=167797761bv32, s1_get_my_address.get_my_address_act.sw_role=100bv16, s1_get_my_address.hit=false, s1_get_next_hop.hit=false, s1_get_sequence.hit=false, s1_hdr.ethernet.dstAddr=0bv48, s1_hdr.ethernet.etherType=2048bv16, s1_hdr.ethernet.srcAddr=0bv48, s1_hdr.ethernet.valid=true, s1_hdr.ipv4.diffserv=0bv8, s1_hdr.ipv4.dstAddr=167797762bv32, s1_hdr.ipv4.flags=0bv3, s1_hdr.ipv4.fragOffset=0bv13, s1_hdr.ipv4.identification=0bv16, s1_hdr.ipv4.ihl=0bv4, s1_hdr.ipv4.protocol=17bv8, s1_hdr.ipv4.srcAddr=1bv32, s1_hdr.ipv4.totalLen=0bv16, s1_hdr.ipv4.ttl=0bv8, s1_hdr.ipv4.valid=true, s1_hdr.ipv4.version=0bv4, s1_hdr.nc_hdr.key=2024bv128, s1_hdr.nc_hdr.op=12bv8, s1_hdr.nc_hdr.sc=0bv8, s1_hdr.nc_hdr.seq=0bv16, s1_hdr.nc_hdr.valid=true, s1_hdr.nc_hdr.value=0bv128, s1_hdr.nc_hdr.vgroup=0bv16, s1_hdr.overlay.0.swip=167797762bv32, s1_hdr.overlay.0.valid=true, s1_hdr.overlay.1.swip=0bv32, s1_hdr.overlay.1.valid=true, s1_hdr.overlay.2.swip=0bv32, s1_hdr.overlay.2.valid=true, s1_hdr.overlay.3.swip=0bv32, s1_hdr.overlay.3.valid=true, s1_hdr.overlay.4.swip=0bv32, s1_hdr.overlay.4.valid=false, s1_hdr.overlay.5.swip=0bv32, s1_hdr.overlay.5.valid=true, s1_hdr.overlay.6.swip=0bv32, s1_hdr.overlay.6.valid=false, s1_hdr.overlay.7.swip=0bv32, s1_hdr.overlay.7.valid=true, s1_hdr.overlay.8.swip=0bv32, s1_hdr.overlay.8.valid=false, s1_hdr.overlay.9.swip=0bv32, s1_hdr.overlay.9.valid=false, s1_hdr.overlay.last.swip=0bv32, s1_hdr.overlay.last.valid=false, s1_hdr.tcp.ackNo=0bv32, s1_hdr.tcp.checksum=0bv16, s1_hdr.tcp.ctrl=0bv6, s1_hdr.tcp.dataOffset=0bv4, s1_hdr.tcp.dstPort=0bv16, s1_hdr.tcp.ecn=0bv3, s1_hdr.tcp.res=0bv3, s1_hdr.tcp.seqNo=0bv32, s1_hdr.tcp.srcPort=0bv16, s1_hdr.tcp.urgentPtr=0bv16, s1_hdr.tcp.valid=false, s1_hdr.tcp.window=0bv16, s1_hdr.udp.dstPort=8888bv16, s1_hdr.udp.len=0bv16, s1_hdr.udp.srcPort=0bv16, s1_hdr.udp.valid=true, s1_inbox_count=0, s1_ipv4_route.hit=false, s1_ipv4_route.set_egress.egress_spec_1=0bv9, s1_maintain_sequence.hit=false, s1_meta.location.index=0bv16, s1_meta.my_md.failed=0bv16, s1_meta.my_md.ipaddress=167797761bv32, s1_meta.my_md.role=100bv16, s1_meta.reply_to_client_md.ipv4_dstAddr=0bv32, s1_meta.reply_to_client_md.ipv4_srcAddr=0bv32, s1_meta.sequence_md.seq=0bv16, s1_meta.sequence_md.tmp=0bv16, s1_p4b_checksum_error=false, s1_p4b_checksum_updated=true, s1_p4b_checksum_verified=false, s1_p4b_clone_e2e=false, s1_p4b_clone_i2e=false, s1_p4b_clone_i2i=false, s1_p4b_digest=false, s1_p4b_recirculate=false, s1_pkt_external=true, s1_pop_chain.hit=false, s1_pop_chain_again.hit=false, s1_read_value.hit=false, s1_sequence_reg__last0_old_value=0bv16, s1_sequence_reg__last0_value=0bv16, s1_sequence_reg__last_index=0bv32, s1_sequence_reg__last_old_value=0bv16, s1_sequence_reg__last_value=0bv16, s1_sequence_reg__last_write_site=1, s1_sequence_reg__next_write_site=1, s1_sequence_reg__wrote_any=true, s1_sequence_reg__wrote_index0=true, s1_standard_metadata.checksum_error=0bv1, s1_standard_metadata.deq_qdepth=0bv19, s1_standard_metadata.deq_timedelta=0bv32, s1_standard_metadata.egress_global_timestamp=0bv48, s1_standard_metadata.egress_port=3bv9, s1_standard_metadata.egress_rid=0bv16, s1_standard_metadata.egress_spec=0bv9, s1_standard_metadata.enq_qdepth=0bv19, s1_standard_metadata.enq_timestamp=0bv32, s1_standard_metadata.ingress_global_timestamp=0bv48, s1_standard_metadata.ingress_port=0bv9, s1_standard_metadata.instance_type=0bv32, s1_standard_metadata.mcast_grp=0bv16, s1_standard_metadata.packet_length=0bv32, s1_standard_metadata.parser_error=0bv1, s1_standard_metadata.priority=0bv3, s1_value_reg__last0_old_value=0bv128, s1_value_reg__last0_value=0bv128, s1_value_reg__last_index=0bv32, s1_value_reg__last_old_value=0bv128, s1_value_reg__last_value=0bv128, s1_value_reg__last_write_site=1, s1_value_reg__next_write_site=1, s1_value_reg__wrote_any=true, s1_value_reg__wrote_index0=true, s2_find_index.hit=true, s2_hdr.ethernet.dstAddr=0bv48, s2_hdr.ethernet.etherType=0bv16, s2_hdr.ethernet.srcAddr=0bv48, s2_hdr.ethernet.valid=false, s2_hdr.ipv4.diffserv=0bv8, s2_hdr.ipv4.dstAddr=0bv32, s2_hdr.ipv4.flags=0bv3, s2_hdr.ipv4.fragOffset=0bv13, s2_hdr.ipv4.hdrChecksum=0bv16, s2_hdr.ipv4.identification=0bv16, s2_hdr.ipv4.ihl=0bv4, s2_hdr.ipv4.protocol=0bv8, s2_hdr.ipv4.srcAddr=0bv32, s2_hdr.ipv4.totalLen=0bv16, s2_hdr.ipv4.ttl=0bv8, s2_hdr.ipv4.valid=false, s2_hdr.ipv4.version=0bv4, s2_hdr.nc_hdr.key=0bv128, s2_hdr.nc_hdr.op=0bv8, s2_hdr.nc_hdr.sc=0bv8, s2_hdr.nc_hdr.seq=0bv16, s2_hdr.nc_hdr.valid=false, s2_hdr.nc_hdr.value=0bv128, s2_hdr.nc_hdr.vgroup=0bv16, s2_hdr.overlay.0.swip=0bv32, s2_hdr.overlay.0.valid=false, s2_hdr.overlay.1.swip=0bv32, s2_hdr.overlay.1.valid=false, s2_hdr.overlay.2.swip=0bv32, s2_hdr.overlay.2.valid=false, s2_hdr.overlay.3.swip=0bv32, s2_hdr.overlay.3.valid=false, s2_hdr.overlay.4.swip=0bv32, s2_hdr.overlay.4.valid=false, s2_hdr.overlay.5.swip=0bv32, s2_hdr.overlay.5.valid=false, s2_hdr.overlay.6.swip=0bv32, s2_hdr.overlay.6.valid=false, s2_hdr.overlay.7.swip=0bv32, s2_hdr.overlay.7.valid=false, s2_hdr.overlay.8.swip=0bv32, s2_hdr.overlay.8.valid=false, s2_hdr.overlay.9.swip=0bv32, s2_hdr.overlay.9.valid=false, s2_hdr.overlay.last.swip=0bv32, s2_hdr.overlay.last.valid=false, s2_hdr.tcp.ackNo=0bv32, s2_hdr.tcp.checksum=0bv16, s2_hdr.tcp.ctrl=0bv6, s2_hdr.tcp.dataOffset=0bv4, s2_hdr.tcp.dstPort=0bv16, s2_hdr.tcp.ecn=0bv3, s2_hdr.tcp.res=0bv3, s2_hdr.tcp.seqNo=0bv32, s2_hdr.tcp.srcPort=0bv16, s2_hdr.tcp.urgentPtr=0bv16, s2_hdr.tcp.valid=false, s2_hdr.tcp.window=0bv16, s2_hdr.udp.checksum=0bv16, s2_hdr.udp.dstPort=0bv16, s2_hdr.udp.len=0bv16, s2_hdr.udp.srcPort=0bv16, s2_hdr.udp.valid=false, s2_inbox_count=0, s2_meta.location.index=0bv16, s2_meta.my_md.role=101bv16, s2_p4b_clone_e2e=false, s2_p4b_clone_i2e=false, s2_p4b_clone_i2i=false, s2_p4b_recirculate=false, s2_pkt_external=false, s2_sequence_reg__last0_old_value=0bv16, s2_sequence_reg__last0_value=65535bv16, s2_sequence_reg__last_index=0bv32, s2_sequence_reg__last_old_value=0bv16, s2_sequence_reg__last_value=65535bv16, s2_sequence_reg__last_write_site=0, s2_sequence_reg__next_write_site=0, s2_sequence_reg__wrote_any=true, s2_sequence_reg__wrote_index0=true, s2_value_reg__last0_old_value=0bv128, s2_value_reg__last0_value=0bv128, s2_value_reg__last_index=0bv32, s2_value_reg__last_old_value=0bv128, s2_value_reg__last_value=0bv128, s2_value_reg__last_write_site=0, s2_value_reg__next_write_site=0, s2_value_reg__wrote_any=false, s2_value_reg__wrote_index0=false]
[L2532]  COND FALSE  !(s1_standard_metadata.egress_port == 0bv9)
[L2537]  CALL        call s1__enqueue_s2();
[L2317]              assume s2_inbox_count < 1;
[L2318]              s2_hdr.ethernet.valid := s1_hdr.ethernet.valid;
[L2319]              s2_hdr.ethernet.dstAddr := s1_hdr.ethernet.dstAddr;
[L2320]              s2_hdr.ethernet.srcAddr := s1_hdr.ethernet.srcAddr;
[L2321]              s2_hdr.ethernet.etherType := s1_hdr.ethernet.etherType;
[L2322]              s2_hdr.ipv4.valid := s1_hdr.ipv4.valid;
[L2323]              s2_hdr.ipv4.version := s1_hdr.ipv4.version;
[L2324]              s2_hdr.ipv4.ihl := s1_hdr.ipv4.ihl;
[L2325]              s2_hdr.ipv4.diffserv := s1_hdr.ipv4.diffserv;
[L2326]              s2_hdr.ipv4.totalLen := s1_hdr.ipv4.totalLen;
[L2327]              s2_hdr.ipv4.identification := s1_hdr.ipv4.identification;
[L2328]              s2_hdr.ipv4.flags := s1_hdr.ipv4.flags;
[L2329]              s2_hdr.ipv4.fragOffset := s1_hdr.ipv4.fragOffset;
[L2330]              s2_hdr.ipv4.ttl := s1_hdr.ipv4.ttl;
[L2331]              s2_hdr.ipv4.protocol := s1_hdr.ipv4.protocol;
[L2332]              s2_hdr.ipv4.hdrChecksum := s1_hdr.ipv4.hdrChecksum;
[L2333]              s2_hdr.ipv4.srcAddr := s1_hdr.ipv4.srcAddr;
[L2334]              s2_hdr.ipv4.dstAddr := s1_hdr.ipv4.dstAddr;
[L2335]              s2_hdr.nc_hdr.valid := s1_hdr.nc_hdr.valid;
[L2336]              s2_hdr.nc_hdr.op := s1_hdr.nc_hdr.op;
[L2337]              s2_hdr.nc_hdr.sc := s1_hdr.nc_hdr.sc;
[L2338]              s2_hdr.nc_hdr.seq := s1_hdr.nc_hdr.seq;
[L2339]              s2_hdr.nc_hdr.key := s1_hdr.nc_hdr.key;
[L2340]              s2_hdr.nc_hdr.value := s1_hdr.nc_hdr.value;
[L2341]              s2_hdr.nc_hdr.vgroup := s1_hdr.nc_hdr.vgroup;
[L2342]              s2_hdr.tcp.valid := s1_hdr.tcp.valid;
[L2343]              s2_hdr.tcp.srcPort := s1_hdr.tcp.srcPort;
[L2344]              s2_hdr.tcp.dstPort := s1_hdr.tcp.dstPort;
[L2345]              s2_hdr.tcp.seqNo := s1_hdr.tcp.seqNo;
[L2346]              s2_hdr.tcp.ackNo := s1_hdr.tcp.ackNo;
[L2347]              s2_hdr.tcp.dataOffset := s1_hdr.tcp.dataOffset;
[L2348]              s2_hdr.tcp.res := s1_hdr.tcp.res;
[L2349]              s2_hdr.tcp.ecn := s1_hdr.tcp.ecn;
[L2350]              s2_hdr.tcp.ctrl := s1_hdr.tcp.ctrl;
[L2351]              s2_hdr.tcp.window := s1_hdr.tcp.window;
[L2352]              s2_hdr.tcp.checksum := s1_hdr.tcp.checksum;
[L2353]              s2_hdr.tcp.urgentPtr := s1_hdr.tcp.urgentPtr;
[L2354]              s2_hdr.udp.valid := s1_hdr.udp.valid;
[L2355]              s2_hdr.udp.srcPort := s1_hdr.udp.srcPort;
[L2356]              s2_hdr.udp.dstPort := s1_hdr.udp.dstPort;
[L2357]              s2_hdr.udp.len := s1_hdr.udp.len;
[L2358]              s2_hdr.udp.checksum := s1_hdr.udp.checksum;
[L2359]              s2_hdr.overlay.last.valid := s1_hdr.overlay.last.valid;
[L2360]              s2_hdr.overlay.last.swip := s1_hdr.overlay.last.swip;
[L2361]              s2_hdr.overlay.0.valid := s1_hdr.overlay.0.valid;
[L2362]              s2_hdr.overlay.0.swip := s1_hdr.overlay.0.swip;
[L2363]              s2_hdr.overlay.1.valid := s1_hdr.overlay.1.valid;
[L2364]              s2_hdr.overlay.1.swip := s1_hdr.overlay.1.swip;
[L2365]              s2_hdr.overlay.2.valid := s1_hdr.overlay.2.valid;
[L2366]              s2_hdr.overlay.2.swip := s1_hdr.overlay.2.swip;
[L2367]              s2_hdr.overlay.3.valid := s1_hdr.overlay.3.valid;
[L2368]              s2_hdr.overlay.3.swip := s1_hdr.overlay.3.swip;
[L2369]              s2_hdr.overlay.4.valid := s1_hdr.overlay.4.valid;
[L2370]              s2_hdr.overlay.4.swip := s1_hdr.overlay.4.swip;
[L2371]              s2_hdr.overlay.5.valid := s1_hdr.overlay.5.valid;
[L2372]              s2_hdr.overlay.5.swip := s1_hdr.overlay.5.swip;
[L2373]              s2_hdr.overlay.6.valid := s1_hdr.overlay.6.valid;
[L2374]              s2_hdr.overlay.6.swip := s1_hdr.overlay.6.swip;
[L2375]              s2_hdr.overlay.7.valid := s1_hdr.overlay.7.valid;
[L2376]              s2_hdr.overlay.7.swip := s1_hdr.overlay.7.swip;
[L2377]              s2_hdr.overlay.8.valid := s1_hdr.overlay.8.valid;
[L2378]              s2_hdr.overlay.8.swip := s1_hdr.overlay.8.swip;
[L2379]              s2_hdr.overlay.9.valid := s1_hdr.overlay.9.valid;
[L2380]              s2_hdr.overlay.9.swip := s1_hdr.overlay.9.swip;
[L2381]              s2_pkt_external := false;
[L2382]              s2_inbox_count := s2_inbox_count + 1;
         VAL         [h1_hdr.ethernet.dstAddr=0bv48, h1_hdr.ethernet.etherType=2048bv16, h1_hdr.ethernet.srcAddr=0bv48, h1_hdr.ethernet.valid=true, h1_hdr.ipv4.diffserv=0bv8, h1_hdr.ipv4.dstAddr=167797761bv32, h1_hdr.ipv4.flags=0bv3, h1_hdr.ipv4.fragOffset=0bv13, h1_hdr.ipv4.hdrChecksum=0bv16, h1_hdr.ipv4.identification=0bv16, h1_hdr.ipv4.ihl=0bv4, h1_hdr.ipv4.protocol=17bv8, h1_hdr.ipv4.srcAddr=1bv32, h1_hdr.ipv4.totalLen=4bv16, h1_hdr.ipv4.ttl=0bv8, h1_hdr.ipv4.valid=true, h1_hdr.ipv4.version=0bv4, h1_hdr.nc_hdr.key=2024bv128, h1_hdr.nc_hdr.op=12bv8, h1_hdr.nc_hdr.sc=1bv8, h1_hdr.nc_hdr.seq=1bv16, h1_hdr.nc_hdr.valid=true, h1_hdr.nc_hdr.value=0bv128, h1_hdr.nc_hdr.vgroup=0bv16, h1_hdr.overlay.0.swip=167797761bv32, h1_hdr.overlay.0.valid=true, h1_hdr.overlay.1.swip=167797762bv32, h1_hdr.overlay.1.valid=true, h1_hdr.overlay.2.swip=0bv32, h1_hdr.overlay.2.valid=true, h1_hdr.overlay.3.swip=0bv32, h1_hdr.overlay.3.valid=true, h1_hdr.overlay.4.swip=0bv32, h1_hdr.overlay.4.valid=true, h1_hdr.overlay.5.swip=0bv32, h1_hdr.overlay.5.valid=false, h1_hdr.overlay.6.swip=0bv32, h1_hdr.overlay.6.valid=true, h1_hdr.overlay.7.swip=0bv32, h1_hdr.overlay.7.valid=false, h1_hdr.overlay.8.swip=0bv32, h1_hdr.overlay.8.valid=true, h1_hdr.overlay.9.swip=0bv32, h1_hdr.overlay.9.valid=false, h1_hdr.overlay.last.swip=0bv32, h1_hdr.overlay.last.valid=false, h1_hdr.tcp.ackNo=0bv32, h1_hdr.tcp.checksum=0bv16, h1_hdr.tcp.ctrl=0bv6, h1_hdr.tcp.dataOffset=0bv4, h1_hdr.tcp.dstPort=0bv16, h1_hdr.tcp.ecn=0bv3, h1_hdr.tcp.res=0bv3, h1_hdr.tcp.seqNo=0bv32, h1_hdr.tcp.srcPort=0bv16, h1_hdr.tcp.urgentPtr=0bv16, h1_hdr.tcp.valid=false, h1_hdr.tcp.window=0bv16, h1_hdr.udp.checksum=0bv16, h1_hdr.udp.dstPort=0bv16, h1_hdr.udp.len=4bv16, h1_hdr.udp.srcPort=0bv16, h1_hdr.udp.valid=true, h1_inbox_count=0, h1_meta.location.index=0bv16, h1_meta.my_md.failed=0bv16, h1_meta.my_md.ipaddress=0bv32, h1_meta.my_md.role=0bv16, h1_meta.reply_to_client_md.ipv4_dstAddr=0bv32, h1_meta.reply_to_client_md.ipv4_srcAddr=0bv32, h1_meta.sequence_md.seq=0bv16, h1_meta.sequence_md.tmp=0bv16, h1_pkt_external=false, h1_standard_metadata.checksum_error=0bv1, h1_standard_metadata.deq_qdepth=0bv19, h1_standard_metadata.deq_timedelta=0bv32, h1_standard_metadata.egress_global_timestamp=0bv48, h1_standard_metadata.egress_rid=0bv16, h1_standard_metadata.enq_qdepth=0bv19, h1_standard_metadata.enq_timestamp=0bv32, h1_standard_metadata.ingress_global_timestamp=0bv48, h1_standard_metadata.ingress_port=0bv9, h1_standard_metadata.instance_type=0bv32, h1_standard_metadata.mcast_grp=0bv16, h1_standard_metadata.packet_length=0bv32, h1_standard_metadata.parser_error=0bv1, h1_standard_metadata.priority=0bv3, old(s2_hdr.ethernet.dstAddr)=0bv48, old(s2_hdr.ethernet.etherType)=0bv16, old(s2_hdr.ethernet.srcAddr)=0bv48, old(s2_hdr.ethernet.valid)=false, old(s2_hdr.ipv4.diffserv)=0bv8, old(s2_hdr.ipv4.dstAddr)=0bv32, old(s2_hdr.ipv4.flags)=0bv3, old(s2_hdr.ipv4.fragOffset)=0bv13, old(s2_hdr.ipv4.hdrChecksum)=0bv16, old(s2_hdr.ipv4.identification)=0bv16, old(s2_hdr.ipv4.ihl)=0bv4, old(s2_hdr.ipv4.protocol)=0bv8, old(s2_hdr.ipv4.srcAddr)=0bv32, old(s2_hdr.ipv4.totalLen)=0bv16, old(s2_hdr.ipv4.ttl)=0bv8, old(s2_hdr.ipv4.valid)=false, old(s2_hdr.ipv4.version)=0bv4, old(s2_hdr.nc_hdr.key)=0bv128, old(s2_hdr.nc_hdr.op)=0bv8, old(s2_hdr.nc_hdr.sc)=0bv8, old(s2_hdr.nc_hdr.seq)=0bv16, old(s2_hdr.nc_hdr.valid)=false, old(s2_hdr.nc_hdr.value)=0bv128, old(s2_hdr.nc_hdr.vgroup)=0bv16, old(s2_hdr.overlay.0.swip)=0bv32, old(s2_hdr.overlay.0.valid)=false, old(s2_hdr.overlay.1.swip)=0bv32, old(s2_hdr.overlay.1.valid)=false, old(s2_hdr.overlay.2.swip)=0bv32, old(s2_hdr.overlay.2.valid)=false, old(s2_hdr.overlay.3.swip)=0bv32, old(s2_hdr.overlay.3.valid)=false, old(s2_hdr.overlay.4.swip)=0bv32, old(s2_hdr.overlay.4.valid)=false, old(s2_hdr.overlay.5.swip)=0bv32, old(s2_hdr.overlay.5.valid)=false, old(s2_hdr.overlay.6.swip)=0bv32, old(s2_hdr.overlay.6.valid)=false, old(s2_hdr.overlay.7.swip)=0bv32, old(s2_hdr.overlay.7.valid)=false, old(s2_hdr.overlay.8.swip)=0bv32, old(s2_hdr.overlay.8.valid)=false, old(s2_hdr.overlay.9.swip)=0bv32, old(s2_hdr.overlay.9.valid)=false, old(s2_hdr.overlay.last.swip)=0bv32, old(s2_hdr.overlay.last.valid)=false, old(s2_hdr.tcp.ackNo)=0bv32, old(s2_hdr.tcp.checksum)=0bv16, old(s2_hdr.tcp.ctrl)=0bv6, old(s2_hdr.tcp.dataOffset)=0bv4, old(s2_hdr.tcp.dstPort)=0bv16, old(s2_hdr.tcp.ecn)=0bv3, old(s2_hdr.tcp.res)=0bv3, old(s2_hdr.tcp.seqNo)=0bv32, old(s2_hdr.tcp.srcPort)=0bv16, old(s2_hdr.tcp.urgentPtr)=0bv16, old(s2_hdr.tcp.valid)=false, old(s2_hdr.tcp.window)=0bv16, old(s2_hdr.udp.checksum)=0bv16, old(s2_hdr.udp.dstPort)=0bv16, old(s2_hdr.udp.len)=0bv16, old(s2_hdr.udp.srcPort)=0bv16, old(s2_hdr.udp.valid)=false, old(s2_inbox_count)=0, old(s2_pkt_external)=false, procurator_phase=2, procurator_step=2, s1_assign_value.hit=false, s1_drop=true, s1_drop_packet.hit=false, s1_ethernet_set_mac.ethernet_set_mac_act.dmac=0bv48, s1_ethernet_set_mac.ethernet_set_mac_act.smac=0bv48, s1_ethernet_set_mac.hit=false, s1_failure_recovery.hit=false, s1_find_index.find_index_act.index_1=0bv16, s1_find_index.hit=true, s1_forward=false, s1_gen_reply.gen_reply_act.message_type=0bv8, s1_gen_reply.hit=false, s1_get_my_address.get_my_address_act.sw_ip=167797761bv32, s1_get_my_address.get_my_address_act.sw_role=100bv16, s1_get_my_address.hit=false, s1_get_next_hop.hit=false, s1_get_sequence.hit=false, s1_hdr.ethernet.dstAddr=0bv48, s1_hdr.ethernet.etherType=2048bv16, s1_hdr.ethernet.srcAddr=0bv48, s1_hdr.ethernet.valid=true, s1_hdr.ipv4.diffserv=0bv8, s1_hdr.ipv4.dstAddr=167797762bv32, s1_hdr.ipv4.flags=0bv3, s1_hdr.ipv4.fragOffset=0bv13, s1_hdr.ipv4.hdrChecksum=0bv16, s1_hdr.ipv4.identification=0bv16, s1_hdr.ipv4.ihl=0bv4, s1_hdr.ipv4.protocol=17bv8, s1_hdr.ipv4.srcAddr=1bv32, s1_hdr.ipv4.totalLen=0bv16, s1_hdr.ipv4.ttl=0bv8, s1_hdr.ipv4.valid=true, s1_hdr.ipv4.version=0bv4, s1_hdr.nc_hdr.key=2024bv128, s1_hdr.nc_hdr.op=12bv8, s1_hdr.nc_hdr.sc=0bv8, s1_hdr.nc_hdr.seq=0bv16, s1_hdr.nc_hdr.valid=true, s1_hdr.nc_hdr.value=0bv128, s1_hdr.nc_hdr.vgroup=0bv16, s1_hdr.overlay.0.swip=167797762bv32, s1_hdr.overlay.0.valid=true, s1_hdr.overlay.1.swip=0bv32, s1_hdr.overlay.1.valid=true, s1_hdr.overlay.2.swip=0bv32, s1_hdr.overlay.2.valid=true, s1_hdr.overlay.3.swip=0bv32, s1_hdr.overlay.3.valid=true, s1_hdr.overlay.4.swip=0bv32, s1_hdr.overlay.4.valid=false, s1_hdr.overlay.5.swip=0bv32, s1_hdr.overlay.5.valid=true, s1_hdr.overlay.6.swip=0bv32, s1_hdr.overlay.6.valid=false, s1_hdr.overlay.7.swip=0bv32, s1_hdr.overlay.7.valid=true, s1_hdr.overlay.8.swip=0bv32, s1_hdr.overlay.8.valid=false, s1_hdr.overlay.9.swip=0bv32, s1_hdr.overlay.9.valid=false, s1_hdr.overlay.last.swip=0bv32, s1_hdr.overlay.last.valid=false, s1_hdr.tcp.ackNo=0bv32, s1_hdr.tcp.checksum=0bv16, s1_hdr.tcp.ctrl=0bv6, s1_hdr.tcp.dataOffset=0bv4, s1_hdr.tcp.dstPort=0bv16, s1_hdr.tcp.ecn=0bv3, s1_hdr.tcp.res=0bv3, s1_hdr.tcp.seqNo=0bv32, s1_hdr.tcp.srcPort=0bv16, s1_hdr.tcp.urgentPtr=0bv16, s1_hdr.tcp.valid=false, s1_hdr.tcp.window=0bv16, s1_hdr.udp.checksum=0bv16, s1_hdr.udp.dstPort=8888bv16, s1_hdr.udp.len=0bv16, s1_hdr.udp.srcPort=0bv16, s1_hdr.udp.valid=true, s1_inbox_count=0, s1_ipv4_route.hit=false, s1_ipv4_route.set_egress.egress_spec_1=0bv9, s1_maintain_sequence.hit=false, s1_meta.location.index=0bv16, s1_meta.my_md.failed=0bv16, s1_meta.my_md.ipaddress=167797761bv32, s1_meta.my_md.role=100bv16, s1_meta.reply_to_client_md.ipv4_dstAddr=0bv32, s1_meta.reply_to_client_md.ipv4_srcAddr=0bv32, s1_meta.sequence_md.seq=0bv16, s1_meta.sequence_md.tmp=0bv16, s1_p4b_checksum_error=false, s1_p4b_checksum_updated=true, s1_p4b_checksum_verified=false, s1_p4b_clone_e2e=false, s1_p4b_clone_i2e=false, s1_p4b_clone_i2i=false, s1_p4b_digest=false, s1_p4b_recirculate=false, s1_pkt_external=true, s1_pop_chain.hit=false, s1_pop_chain_again.hit=false, s1_read_value.hit=false, s1_sequence_reg__last0_old_value=0bv16, s1_sequence_reg__last0_value=0bv16, s1_sequence_reg__last_index=0bv32, s1_sequence_reg__last_old_value=0bv16, s1_sequence_reg__last_value=0bv16, s1_sequence_reg__last_write_site=1, s1_sequence_reg__next_write_site=1, s1_sequence_reg__wrote_any=true, s1_sequence_reg__wrote_index0=true, s1_standard_metadata.checksum_error=0bv1, s1_standard_metadata.deq_qdepth=0bv19, s1_standard_metadata.deq_timedelta=0bv32, s1_standard_metadata.egress_global_timestamp=0bv48, s1_standard_metadata.egress_port=3bv9, s1_standard_metadata.egress_rid=0bv16, s1_standard_metadata.egress_spec=0bv9, s1_standard_metadata.enq_qdepth=0bv19, s1_standard_metadata.enq_timestamp=0bv32, s1_standard_metadata.ingress_global_timestamp=0bv48, s1_standard_metadata.ingress_port=0bv9, s1_standard_metadata.instance_type=0bv32, s1_standard_metadata.mcast_grp=0bv16, s1_standard_metadata.packet_length=0bv32, s1_standard_metadata.parser_error=0bv1, s1_standard_metadata.priority=0bv3, s1_value_reg__last0_old_value=0bv128, s1_value_reg__last0_value=0bv128, s1_value_reg__last_index=0bv32, s1_value_reg__last_old_value=0bv128, s1_value_reg__last_value=0bv128, s1_value_reg__last_write_site=1, s1_value_reg__next_write_site=1, s1_value_reg__wrote_any=true, s1_value_reg__wrote_index0=true, s2_find_index.hit=true, s2_hdr.ethernet.dstAddr=0bv48, s2_hdr.ethernet.etherType=2048bv16, s2_hdr.ethernet.srcAddr=0bv48, s2_hdr.ethernet.valid=true, s2_hdr.ipv4.diffserv=0bv8, s2_hdr.ipv4.dstAddr=167797762bv32, s2_hdr.ipv4.flags=0bv3, s2_hdr.ipv4.fragOffset=0bv13, s2_hdr.ipv4.hdrChecksum=0bv16, s2_hdr.ipv4.identification=0bv16, s2_hdr.ipv4.ihl=0bv4, s2_hdr.ipv4.protocol=17bv8, s2_hdr.ipv4.srcAddr=1bv32, s2_hdr.ipv4.totalLen=0bv16, s2_hdr.ipv4.ttl=0bv8, s2_hdr.ipv4.valid=true, s2_hdr.ipv4.version=0bv4, s2_hdr.nc_hdr.key=2024bv128, s2_hdr.nc_hdr.op=12bv8, s2_hdr.nc_hdr.sc=0bv8, s2_hdr.nc_hdr.seq=0bv16, s2_hdr.nc_hdr.valid=true, s2_hdr.nc_hdr.value=0bv128, s2_hdr.nc_hdr.vgroup=0bv16, s2_hdr.overlay.0.swip=167797762bv32, s2_hdr.overlay.0.valid=true, s2_hdr.overlay.1.swip=0bv32, s2_hdr.overlay.1.valid=true, s2_hdr.overlay.2.swip=0bv32, s2_hdr.overlay.2.valid=true, s2_hdr.overlay.3.swip=0bv32, s2_hdr.overlay.3.valid=true, s2_hdr.overlay.4.swip=0bv32, s2_hdr.overlay.4.valid=false, s2_hdr.overlay.5.swip=0bv32, s2_hdr.overlay.5.valid=true, s2_hdr.overlay.6.swip=0bv32, s2_hdr.overlay.6.valid=false, s2_hdr.overlay.7.swip=0bv32, s2_hdr.overlay.7.valid=true, s2_hdr.overlay.8.swip=0bv32, s2_hdr.overlay.8.valid=false, s2_hdr.overlay.9.swip=0bv32, s2_hdr.overlay.9.valid=false, s2_hdr.overlay.last.swip=0bv32, s2_hdr.overlay.last.valid=false, s2_hdr.tcp.ackNo=0bv32, s2_hdr.tcp.checksum=0bv16, s2_hdr.tcp.ctrl=0bv6, s2_hdr.tcp.dataOffset=0bv4, s2_hdr.tcp.dstPort=0bv16, s2_hdr.tcp.ecn=0bv3, s2_hdr.tcp.res=0bv3, s2_hdr.tcp.seqNo=0bv32, s2_hdr.tcp.srcPort=0bv16, s2_hdr.tcp.urgentPtr=0bv16, s2_hdr.tcp.valid=false, s2_hdr.tcp.window=0bv16, s2_hdr.udp.checksum=0bv16, s2_hdr.udp.dstPort=8888bv16, s2_hdr.udp.len=0bv16, s2_hdr.udp.srcPort=0bv16, s2_hdr.udp.valid=true, s2_inbox_count=1, s2_meta.location.index=0bv16, s2_meta.my_md.role=101bv16, s2_p4b_clone_e2e=false, s2_p4b_clone_i2e=false, s2_p4b_clone_i2i=false, s2_p4b_recirculate=false, s2_pkt_external=false, s2_sequence_reg__last0_old_value=0bv16, s2_sequence_reg__last0_value=65535bv16, s2_sequence_reg__last_index=0bv32, s2_sequence_reg__last_old_value=0bv16, s2_sequence_reg__last_value=65535bv16, s2_sequence_reg__last_write_site=0, s2_sequence_reg__next_write_site=0, s2_sequence_reg__wrote_any=true, s2_sequence_reg__wrote_index0=true, s2_value_reg__last0_old_value=0bv128, s2_value_reg__last0_value=0bv128, s2_value_reg__last_index=0bv32, s2_value_reg__last_old_value=0bv128, s2_value_reg__last_value=0bv128, s2_value_reg__last_write_site=0, s2_value_reg__next_write_site=0, s2_value_reg__wrote_any=false, s2_value_reg__wrote_index0=false]
[L2537]  RET         call s1__enqueue_s2();
[L3235]  RET         call s1_Forward();
         VAL         [h1_hdr.ethernet.dstAddr=0bv48, h1_hdr.ethernet.etherType=2048bv16, h1_hdr.ethernet.srcAddr=0bv48, h1_hdr.ethernet.valid=true, h1_hdr.ipv4.diffserv=0bv8, h1_hdr.ipv4.dstAddr=167797761bv32, h1_hdr.ipv4.flags=0bv3, h1_hdr.ipv4.fragOffset=0bv13, h1_hdr.ipv4.hdrChecksum=0bv16, h1_hdr.ipv4.identification=0bv16, h1_hdr.ipv4.ihl=0bv4, h1_hdr.ipv4.protocol=17bv8, h1_hdr.ipv4.srcAddr=1bv32, h1_hdr.ipv4.totalLen=4bv16, h1_hdr.ipv4.ttl=0bv8, h1_hdr.ipv4.valid=true, h1_hdr.ipv4.version=0bv4, h1_hdr.nc_hdr.key=2024bv128, h1_hdr.nc_hdr.op=12bv8, h1_hdr.nc_hdr.sc=1bv8, h1_hdr.nc_hdr.seq=1bv16, h1_hdr.nc_hdr.valid=true, h1_hdr.nc_hdr.value=0bv128, h1_hdr.nc_hdr.vgroup=0bv16, h1_hdr.overlay.0.swip=167797761bv32, h1_hdr.overlay.0.valid=true, h1_hdr.overlay.1.swip=167797762bv32, h1_hdr.overlay.1.valid=true, h1_hdr.overlay.2.swip=0bv32, h1_hdr.overlay.2.valid=true, h1_hdr.overlay.3.swip=0bv32, h1_hdr.overlay.3.valid=true, h1_hdr.overlay.4.swip=0bv32, h1_hdr.overlay.4.valid=true, h1_hdr.overlay.5.swip=0bv32, h1_hdr.overlay.5.valid=false, h1_hdr.overlay.6.swip=0bv32, h1_hdr.overlay.6.valid=true, h1_hdr.overlay.7.swip=0bv32, h1_hdr.overlay.7.valid=false, h1_hdr.overlay.8.swip=0bv32, h1_hdr.overlay.8.valid=true, h1_hdr.overlay.9.swip=0bv32, h1_hdr.overlay.9.valid=false, h1_hdr.overlay.last.swip=0bv32, h1_hdr.overlay.last.valid=false, h1_hdr.tcp.ackNo=0bv32, h1_hdr.tcp.checksum=0bv16, h1_hdr.tcp.ctrl=0bv6, h1_hdr.tcp.dataOffset=0bv4, h1_hdr.tcp.dstPort=0bv16, h1_hdr.tcp.ecn=0bv3, h1_hdr.tcp.res=0bv3, h1_hdr.tcp.seqNo=0bv32, h1_hdr.tcp.srcPort=0bv16, h1_hdr.tcp.urgentPtr=0bv16, h1_hdr.tcp.valid=false, h1_hdr.tcp.window=0bv16, h1_hdr.udp.checksum=0bv16, h1_hdr.udp.dstPort=0bv16, h1_hdr.udp.len=4bv16, h1_hdr.udp.srcPort=0bv16, h1_hdr.udp.valid=true, h1_inbox_count=0, h1_meta.location.index=0bv16, h1_meta.my_md.failed=0bv16, h1_meta.my_md.ipaddress=0bv32, h1_meta.my_md.role=0bv16, h1_meta.reply_to_client_md.ipv4_dstAddr=0bv32, h1_meta.reply_to_client_md.ipv4_srcAddr=0bv32, h1_meta.sequence_md.seq=0bv16, h1_meta.sequence_md.tmp=0bv16, h1_pkt_external=false, h1_standard_metadata.checksum_error=0bv1, h1_standard_metadata.deq_qdepth=0bv19, h1_standard_metadata.deq_timedelta=0bv32, h1_standard_metadata.egress_global_timestamp=0bv48, h1_standard_metadata.egress_rid=0bv16, h1_standard_metadata.enq_qdepth=0bv19, h1_standard_metadata.enq_timestamp=0bv32, h1_standard_metadata.ingress_global_timestamp=0bv48, h1_standard_metadata.ingress_port=0bv9, h1_standard_metadata.instance_type=0bv32, h1_standard_metadata.mcast_grp=0bv16, h1_standard_metadata.packet_length=0bv32, h1_standard_metadata.parser_error=0bv1, h1_standard_metadata.priority=0bv3, procurator_phase=2, procurator_step=2, s1_assign_value.hit=false, s1_drop=true, s1_drop_packet.hit=false, s1_ethernet_set_mac.ethernet_set_mac_act.dmac=0bv48, s1_ethernet_set_mac.ethernet_set_mac_act.smac=0bv48, s1_ethernet_set_mac.hit=false, s1_failure_recovery.hit=false, s1_find_index.find_index_act.index_1=0bv16, s1_find_index.hit=true, s1_forward=false, s1_gen_reply.gen_reply_act.message_type=0bv8, s1_gen_reply.hit=false, s1_get_my_address.get_my_address_act.sw_ip=167797761bv32, s1_get_my_address.get_my_address_act.sw_role=100bv16, s1_get_my_address.hit=false, s1_get_next_hop.hit=false, s1_get_sequence.hit=false, s1_hdr.ethernet.dstAddr=0bv48, s1_hdr.ethernet.etherType=2048bv16, s1_hdr.ethernet.srcAddr=0bv48, s1_hdr.ethernet.valid=true, s1_hdr.ipv4.diffserv=0bv8, s1_hdr.ipv4.dstAddr=167797762bv32, s1_hdr.ipv4.flags=0bv3, s1_hdr.ipv4.fragOffset=0bv13, s1_hdr.ipv4.hdrChecksum=0bv16, s1_hdr.ipv4.identification=0bv16, s1_hdr.ipv4.ihl=0bv4, s1_hdr.ipv4.protocol=17bv8, s1_hdr.ipv4.srcAddr=1bv32, s1_hdr.ipv4.totalLen=0bv16, s1_hdr.ipv4.ttl=0bv8, s1_hdr.ipv4.valid=true, s1_hdr.ipv4.version=0bv4, s1_hdr.nc_hdr.key=2024bv128, s1_hdr.nc_hdr.op=12bv8, s1_hdr.nc_hdr.sc=0bv8, s1_hdr.nc_hdr.seq=0bv16, s1_hdr.nc_hdr.valid=true, s1_hdr.nc_hdr.value=0bv128, s1_hdr.nc_hdr.vgroup=0bv16, s1_hdr.overlay.0.swip=167797762bv32, s1_hdr.overlay.0.valid=true, s1_hdr.overlay.1.swip=0bv32, s1_hdr.overlay.1.valid=true, s1_hdr.overlay.2.swip=0bv32, s1_hdr.overlay.2.valid=true, s1_hdr.overlay.3.swip=0bv32, s1_hdr.overlay.3.valid=true, s1_hdr.overlay.4.swip=0bv32, s1_hdr.overlay.4.valid=false, s1_hdr.overlay.5.swip=0bv32, s1_hdr.overlay.5.valid=true, s1_hdr.overlay.6.swip=0bv32, s1_hdr.overlay.6.valid=false, s1_hdr.overlay.7.swip=0bv32, s1_hdr.overlay.7.valid=true, s1_hdr.overlay.8.swip=0bv32, s1_hdr.overlay.8.valid=false, s1_hdr.overlay.9.swip=0bv32, s1_hdr.overlay.9.valid=false, s1_hdr.overlay.last.swip=0bv32, s1_hdr.overlay.last.valid=false, s1_hdr.tcp.ackNo=0bv32, s1_hdr.tcp.checksum=0bv16, s1_hdr.tcp.ctrl=0bv6, s1_hdr.tcp.dataOffset=0bv4, s1_hdr.tcp.dstPort=0bv16, s1_hdr.tcp.ecn=0bv3, s1_hdr.tcp.res=0bv3, s1_hdr.tcp.seqNo=0bv32, s1_hdr.tcp.srcPort=0bv16, s1_hdr.tcp.urgentPtr=0bv16, s1_hdr.tcp.valid=false, s1_hdr.tcp.window=0bv16, s1_hdr.udp.checksum=0bv16, s1_hdr.udp.dstPort=8888bv16, s1_hdr.udp.len=0bv16, s1_hdr.udp.srcPort=0bv16, s1_hdr.udp.valid=true, s1_inbox_count=0, s1_ipv4_route.hit=false, s1_ipv4_route.set_egress.egress_spec_1=0bv9, s1_maintain_sequence.hit=false, s1_meta.location.index=0bv16, s1_meta.my_md.failed=0bv16, s1_meta.my_md.ipaddress=167797761bv32, s1_meta.my_md.role=100bv16, s1_meta.reply_to_client_md.ipv4_dstAddr=0bv32, s1_meta.reply_to_client_md.ipv4_srcAddr=0bv32, s1_meta.sequence_md.seq=0bv16, s1_meta.sequence_md.tmp=0bv16, s1_p4b_checksum_error=false, s1_p4b_checksum_updated=true, s1_p4b_checksum_verified=false, s1_p4b_clone_e2e=false, s1_p4b_clone_i2e=false, s1_p4b_clone_i2i=false, s1_p4b_digest=false, s1_p4b_recirculate=false, s1_pkt_external=true, s1_pop_chain.hit=false, s1_pop_chain_again.hit=false, s1_read_value.hit=false, s1_sequence_reg__last0_old_value=0bv16, s1_sequence_reg__last0_value=0bv16, s1_sequence_reg__last_index=0bv32, s1_sequence_reg__last_old_value=0bv16, s1_sequence_reg__last_value=0bv16, s1_sequence_reg__last_write_site=1, s1_sequence_reg__next_write_site=1, s1_sequence_reg__wrote_any=true, s1_sequence_reg__wrote_index0=true, s1_standard_metadata.checksum_error=0bv1, s1_standard_metadata.deq_qdepth=0bv19, s1_standard_metadata.deq_timedelta=0bv32, s1_standard_metadata.egress_global_timestamp=0bv48, s1_standard_metadata.egress_port=3bv9, s1_standard_metadata.egress_rid=0bv16, s1_standard_metadata.egress_spec=0bv9, s1_standard_metadata.enq_qdepth=0bv19, s1_standard_metadata.enq_timestamp=0bv32, s1_standard_metadata.ingress_global_timestamp=0bv48, s1_standard_metadata.ingress_port=0bv9, s1_standard_metadata.instance_type=0bv32, s1_standard_metadata.mcast_grp=0bv16, s1_standard_metadata.packet_length=0bv32, s1_standard_metadata.parser_error=0bv1, s1_standard_metadata.priority=0bv3, s1_value_reg__last0_old_value=0bv128, s1_value_reg__last0_value=0bv128, s1_value_reg__last_index=0bv32, s1_value_reg__last_old_value=0bv128, s1_value_reg__last_value=0bv128, s1_value_reg__last_write_site=1, s1_value_reg__next_write_site=1, s1_value_reg__wrote_any=true, s1_value_reg__wrote_index0=true, s2_find_index.hit=true, s2_hdr.ethernet.dstAddr=0bv48, s2_hdr.ethernet.etherType=2048bv16, s2_hdr.ethernet.srcAddr=0bv48, s2_hdr.ethernet.valid=true, s2_hdr.ipv4.diffserv=0bv8, s2_hdr.ipv4.dstAddr=167797762bv32, s2_hdr.ipv4.flags=0bv3, s2_hdr.ipv4.fragOffset=0bv13, s2_hdr.ipv4.hdrChecksum=0bv16, s2_hdr.ipv4.identification=0bv16, s2_hdr.ipv4.ihl=0bv4, s2_hdr.ipv4.protocol=17bv8, s2_hdr.ipv4.srcAddr=1bv32, s2_hdr.ipv4.totalLen=0bv16, s2_hdr.ipv4.ttl=0bv8, s2_hdr.ipv4.valid=true, s2_hdr.ipv4.version=0bv4, s2_hdr.nc_hdr.key=2024bv128, s2_hdr.nc_hdr.op=12bv8, s2_hdr.nc_hdr.sc=0bv8, s2_hdr.nc_hdr.seq=0bv16, s2_hdr.nc_hdr.valid=true, s2_hdr.nc_hdr.value=0bv128, s2_hdr.nc_hdr.vgroup=0bv16, s2_hdr.overlay.0.swip=167797762bv32, s2_hdr.overlay.0.valid=true, s2_hdr.overlay.1.swip=0bv32, s2_hdr.overlay.1.valid=true, s2_hdr.overlay.2.swip=0bv32, s2_hdr.overlay.2.valid=true, s2_hdr.overlay.3.swip=0bv32, s2_hdr.overlay.3.valid=true, s2_hdr.overlay.4.swip=0bv32, s2_hdr.overlay.4.valid=false, s2_hdr.overlay.5.swip=0bv32, s2_hdr.overlay.5.valid=true, s2_hdr.overlay.6.swip=0bv32, s2_hdr.overlay.6.valid=false, s2_hdr.overlay.7.swip=0bv32, s2_hdr.overlay.7.valid=true, s2_hdr.overlay.8.swip=0bv32, s2_hdr.overlay.8.valid=false, s2_hdr.overlay.9.swip=0bv32, s2_hdr.overlay.9.valid=false, s2_hdr.overlay.last.swip=0bv32, s2_hdr.overlay.last.valid=false, s2_hdr.tcp.ackNo=0bv32, s2_hdr.tcp.checksum=0bv16, s2_hdr.tcp.ctrl=0bv6, s2_hdr.tcp.dataOffset=0bv4, s2_hdr.tcp.dstPort=0bv16, s2_hdr.tcp.ecn=0bv3, s2_hdr.tcp.res=0bv3, s2_hdr.tcp.seqNo=0bv32, s2_hdr.tcp.srcPort=0bv16, s2_hdr.tcp.urgentPtr=0bv16, s2_hdr.tcp.valid=false, s2_hdr.tcp.window=0bv16, s2_hdr.udp.checksum=0bv16, s2_hdr.udp.dstPort=8888bv16, s2_hdr.udp.len=0bv16, s2_hdr.udp.srcPort=0bv16, s2_hdr.udp.valid=true, s2_inbox_count=1, s2_meta.location.index=0bv16, s2_meta.my_md.role=101bv16, s2_p4b_clone_e2e=false, s2_p4b_clone_i2e=false, s2_p4b_clone_i2i=false, s2_p4b_recirculate=false, s2_pkt_external=false, s2_sequence_reg__last0_old_value=0bv16, s2_sequence_reg__last0_value=65535bv16, s2_sequence_reg__last_index=0bv32, s2_sequence_reg__last_old_value=0bv16, s2_sequence_reg__last_value=65535bv16, s2_sequence_reg__last_write_site=0, s2_sequence_reg__next_write_site=0, s2_sequence_reg__wrote_any=true, s2_sequence_reg__wrote_index0=true, s2_value_reg__last0_old_value=0bv128, s2_value_reg__last0_value=0bv128, s2_value_reg__last_index=0bv32, s2_value_reg__last_old_value=0bv128, s2_value_reg__last_value=0bv128, s2_value_reg__last_write_site=0, s2_value_reg__next_write_site=0, s2_value_reg__wrote_any=false, s2_value_reg__wrote_index0=false]
[L3237]              s1_sequence_reg__dbg0 := s1_sequence_reg[0bv32];
[L3238]              s1_sequence_reg__last_index__dbg := s1_sequence_reg__last_index;
[L3239]              s1_sequence_reg__last_value__dbg := s1_sequence_reg__last_value;
[L3240]              s1_sequence_reg__last_old_value__dbg := s1_sequence_reg__last_old_value;
[L3241]              s1_sequence_reg__wrote_any__dbg := s1_sequence_reg__wrote_any;
[L3242]              s1_sequence_reg__wrote_index0__dbg := s1_sequence_reg__wrote_index0;
[L3243]              s1_sequence_reg__last0_old_value__dbg := s1_sequence_reg__last0_old_value;
[L3244]              s1_sequence_reg__last0_value__dbg := s1_sequence_reg__last0_value;
[L3245]              s1_value_reg__dbg0 := s1_value_reg[0bv32];
[L3246]              s1_value_reg__last_index__dbg := s1_value_reg__last_index;
[L3247]              s1_value_reg__last_value__dbg := s1_value_reg__last_value;
[L3248]              s1_value_reg__last_old_value__dbg := s1_value_reg__last_old_value;
[L3249]              s1_value_reg__wrote_any__dbg := s1_value_reg__wrote_any;
[L3250]              s1_value_reg__wrote_index0__dbg := s1_value_reg__wrote_index0;
[L3251]              s1_value_reg__last0_old_value__dbg := s1_value_reg__last0_old_value;
[L3252]              s1_value_reg__last0_value__dbg := s1_value_reg__last0_value;
[L3253]              s2_sequence_reg__dbg0 := s2_sequence_reg[0bv32];
[L3254]              s2_sequence_reg__last_index__dbg := s2_sequence_reg__last_index;
[L3255]              s2_sequence_reg__last_value__dbg := s2_sequence_reg__last_value;
[L3256]              s2_sequence_reg__last_old_value__dbg := s2_sequence_reg__last_old_value;
[L3257]              s2_sequence_reg__wrote_any__dbg := s2_sequence_reg__wrote_any;
[L3258]              s2_sequence_reg__wrote_index0__dbg := s2_sequence_reg__wrote_index0;
[L3259]              s2_sequence_reg__last0_old_value__dbg := s2_sequence_reg__last0_old_value;
[L3260]              s2_sequence_reg__last0_value__dbg := s2_sequence_reg__last0_value;
[L3261]              s2_value_reg__dbg0 := s2_value_reg[0bv32];
[L3262]              s2_value_reg__last_index__dbg := s2_value_reg__last_index;
[L3263]              s2_value_reg__last_value__dbg := s2_value_reg__last_value;
[L3264]              s2_value_reg__last_old_value__dbg := s2_value_reg__last_old_value;
[L3265]              s2_value_reg__wrote_any__dbg := s2_value_reg__wrote_any;
[L3266]              s2_value_reg__wrote_index0__dbg := s2_value_reg__wrote_index0;
[L3267]              s2_value_reg__last0_old_value__dbg := s2_value_reg__last0_old_value;
[L3268]              s2_value_reg__last0_value__dbg := s2_value_reg__last0_value;
         VAL         [h1_hdr.ethernet.dstAddr=0bv48, h1_hdr.ethernet.etherType=2048bv16, h1_hdr.ethernet.srcAddr=0bv48, h1_hdr.ethernet.valid=true, h1_hdr.ipv4.diffserv=0bv8, h1_hdr.ipv4.dstAddr=167797761bv32, h1_hdr.ipv4.flags=0bv3, h1_hdr.ipv4.fragOffset=0bv13, h1_hdr.ipv4.hdrChecksum=0bv16, h1_hdr.ipv4.identification=0bv16, h1_hdr.ipv4.ihl=0bv4, h1_hdr.ipv4.protocol=17bv8, h1_hdr.ipv4.srcAddr=1bv32, h1_hdr.ipv4.totalLen=4bv16, h1_hdr.ipv4.ttl=0bv8, h1_hdr.ipv4.valid=true, h1_hdr.ipv4.version=0bv4, h1_hdr.nc_hdr.key=2024bv128, h1_hdr.nc_hdr.op=12bv8, h1_hdr.nc_hdr.sc=1bv8, h1_hdr.nc_hdr.seq=1bv16, h1_hdr.nc_hdr.valid=true, h1_hdr.nc_hdr.value=0bv128, h1_hdr.nc_hdr.vgroup=0bv16, h1_hdr.overlay.0.swip=167797761bv32, h1_hdr.overlay.0.valid=true, h1_hdr.overlay.1.swip=167797762bv32, h1_hdr.overlay.1.valid=true, h1_hdr.overlay.2.swip=0bv32, h1_hdr.overlay.2.valid=true, h1_hdr.overlay.3.swip=0bv32, h1_hdr.overlay.3.valid=true, h1_hdr.overlay.4.swip=0bv32, h1_hdr.overlay.4.valid=true, h1_hdr.overlay.5.swip=0bv32, h1_hdr.overlay.5.valid=false, h1_hdr.overlay.6.swip=0bv32, h1_hdr.overlay.6.valid=true, h1_hdr.overlay.7.swip=0bv32, h1_hdr.overlay.7.valid=false, h1_hdr.overlay.8.swip=0bv32, h1_hdr.overlay.8.valid=true, h1_hdr.overlay.9.swip=0bv32, h1_hdr.overlay.9.valid=false, h1_hdr.overlay.last.swip=0bv32, h1_hdr.overlay.last.valid=false, h1_hdr.tcp.ackNo=0bv32, h1_hdr.tcp.checksum=0bv16, h1_hdr.tcp.ctrl=0bv6, h1_hdr.tcp.dataOffset=0bv4, h1_hdr.tcp.dstPort=0bv16, h1_hdr.tcp.ecn=0bv3, h1_hdr.tcp.res=0bv3, h1_hdr.tcp.seqNo=0bv32, h1_hdr.tcp.srcPort=0bv16, h1_hdr.tcp.urgentPtr=0bv16, h1_hdr.tcp.valid=false, h1_hdr.tcp.window=0bv16, h1_hdr.udp.checksum=0bv16, h1_hdr.udp.dstPort=0bv16, h1_hdr.udp.len=4bv16, h1_hdr.udp.srcPort=0bv16, h1_hdr.udp.valid=true, h1_inbox_count=0, h1_meta.location.index=0bv16, h1_meta.my_md.failed=0bv16, h1_meta.my_md.ipaddress=0bv32, h1_meta.my_md.role=0bv16, h1_meta.reply_to_client_md.ipv4_dstAddr=0bv32, h1_meta.reply_to_client_md.ipv4_srcAddr=0bv32, h1_meta.sequence_md.seq=0bv16, h1_meta.sequence_md.tmp=0bv16, h1_pkt_external=false, h1_standard_metadata.checksum_error=0bv1, h1_standard_metadata.deq_qdepth=0bv19, h1_standard_metadata.deq_timedelta=0bv32, h1_standard_metadata.egress_global_timestamp=0bv48, h1_standard_metadata.egress_rid=0bv16, h1_standard_metadata.enq_qdepth=0bv19, h1_standard_metadata.enq_timestamp=0bv32, h1_standard_metadata.ingress_global_timestamp=0bv48, h1_standard_metadata.ingress_port=0bv9, h1_standard_metadata.instance_type=0bv32, h1_standard_metadata.mcast_grp=0bv16, h1_standard_metadata.packet_length=0bv32, h1_standard_metadata.parser_error=0bv1, h1_standard_metadata.priority=0bv3, procurator_phase=2, procurator_step=2, s1_assign_value.hit=false, s1_drop=true, s1_drop_packet.hit=false, s1_ethernet_set_mac.ethernet_set_mac_act.dmac=0bv48, s1_ethernet_set_mac.ethernet_set_mac_act.smac=0bv48, s1_ethernet_set_mac.hit=false, s1_failure_recovery.hit=false, s1_find_index.find_index_act.index_1=0bv16, s1_find_index.hit=true, s1_forward=false, s1_gen_reply.gen_reply_act.message_type=0bv8, s1_gen_reply.hit=false, s1_get_my_address.get_my_address_act.sw_ip=167797761bv32, s1_get_my_address.get_my_address_act.sw_role=100bv16, s1_get_my_address.hit=false, s1_get_next_hop.hit=false, s1_get_sequence.hit=false, s1_hdr.ethernet.dstAddr=0bv48, s1_hdr.ethernet.etherType=2048bv16, s1_hdr.ethernet.srcAddr=0bv48, s1_hdr.ethernet.valid=true, s1_hdr.ipv4.diffserv=0bv8, s1_hdr.ipv4.dstAddr=167797762bv32, s1_hdr.ipv4.flags=0bv3, s1_hdr.ipv4.fragOffset=0bv13, s1_hdr.ipv4.hdrChecksum=0bv16, s1_hdr.ipv4.identification=0bv16, s1_hdr.ipv4.ihl=0bv4, s1_hdr.ipv4.protocol=17bv8, s1_hdr.ipv4.srcAddr=1bv32, s1_hdr.ipv4.totalLen=0bv16, s1_hdr.ipv4.ttl=0bv8, s1_hdr.ipv4.valid=true, s1_hdr.ipv4.version=0bv4, s1_hdr.nc_hdr.key=2024bv128, s1_hdr.nc_hdr.op=12bv8, s1_hdr.nc_hdr.sc=0bv8, s1_hdr.nc_hdr.seq=0bv16, s1_hdr.nc_hdr.valid=true, s1_hdr.nc_hdr.value=0bv128, s1_hdr.nc_hdr.vgroup=0bv16, s1_hdr.overlay.0.swip=167797762bv32, s1_hdr.overlay.0.valid=true, s1_hdr.overlay.1.swip=0bv32, s1_hdr.overlay.1.valid=true, s1_hdr.overlay.2.swip=0bv32, s1_hdr.overlay.2.valid=true, s1_hdr.overlay.3.swip=0bv32, s1_hdr.overlay.3.valid=true, s1_hdr.overlay.4.swip=0bv32, s1_hdr.overlay.4.valid=false, s1_hdr.overlay.5.swip=0bv32, s1_hdr.overlay.5.valid=true, s1_hdr.overlay.6.swip=0bv32, s1_hdr.overlay.6.valid=false, s1_hdr.overlay.7.swip=0bv32, s1_hdr.overlay.7.valid=true, s1_hdr.overlay.8.swip=0bv32, s1_hdr.overlay.8.valid=false, s1_hdr.overlay.9.swip=0bv32, s1_hdr.overlay.9.valid=false, s1_hdr.overlay.last.swip=0bv32, s1_hdr.overlay.last.valid=false, s1_hdr.tcp.ackNo=0bv32, s1_hdr.tcp.checksum=0bv16, s1_hdr.tcp.ctrl=0bv6, s1_hdr.tcp.dataOffset=0bv4, s1_hdr.tcp.dstPort=0bv16, s1_hdr.tcp.ecn=0bv3, s1_hdr.tcp.res=0bv3, s1_hdr.tcp.seqNo=0bv32, s1_hdr.tcp.srcPort=0bv16, s1_hdr.tcp.urgentPtr=0bv16, s1_hdr.tcp.valid=false, s1_hdr.tcp.window=0bv16, s1_hdr.udp.checksum=0bv16, s1_hdr.udp.dstPort=8888bv16, s1_hdr.udp.len=0bv16, s1_hdr.udp.srcPort=0bv16, s1_hdr.udp.valid=true, s1_inbox_count=0, s1_ipv4_route.hit=false, s1_ipv4_route.set_egress.egress_spec_1=0bv9, s1_maintain_sequence.hit=false, s1_meta.location.index=0bv16, s1_meta.my_md.failed=0bv16, s1_meta.my_md.ipaddress=167797761bv32, s1_meta.my_md.role=100bv16, s1_meta.reply_to_client_md.ipv4_dstAddr=0bv32, s1_meta.reply_to_client_md.ipv4_srcAddr=0bv32, s1_meta.sequence_md.seq=0bv16, s1_meta.sequence_md.tmp=0bv16, s1_p4b_checksum_error=false, s1_p4b_checksum_updated=true, s1_p4b_checksum_verified=false, s1_p4b_clone_e2e=false, s1_p4b_clone_i2e=false, s1_p4b_clone_i2i=false, s1_p4b_digest=false, s1_p4b_recirculate=false, s1_pkt_external=true, s1_pop_chain.hit=false, s1_pop_chain_again.hit=false, s1_read_value.hit=false, s1_sequence_reg__dbg0=0bv16, s1_sequence_reg__last0_old_value=0bv16, s1_sequence_reg__last0_old_value__dbg=0bv16, s1_sequence_reg__last0_value=0bv16, s1_sequence_reg__last0_value__dbg=0bv16, s1_sequence_reg__last_index=0bv32, s1_sequence_reg__last_index__dbg=0bv32, s1_sequence_reg__last_old_value=0bv16, s1_sequence_reg__last_old_value__dbg=0bv16, s1_sequence_reg__last_value=0bv16, s1_sequence_reg__last_value__dbg=0bv16, s1_sequence_reg__last_write_site=1, s1_sequence_reg__next_write_site=1, s1_sequence_reg__wrote_any=true, s1_sequence_reg__wrote_any__dbg=true, s1_sequence_reg__wrote_index0=true, s1_sequence_reg__wrote_index0__dbg=true, s1_standard_metadata.checksum_error=0bv1, s1_standard_metadata.deq_qdepth=0bv19, s1_standard_metadata.deq_timedelta=0bv32, s1_standard_metadata.egress_global_timestamp=0bv48, s1_standard_metadata.egress_port=3bv9, s1_standard_metadata.egress_rid=0bv16, s1_standard_metadata.egress_spec=0bv9, s1_standard_metadata.enq_qdepth=0bv19, s1_standard_metadata.enq_timestamp=0bv32, s1_standard_metadata.ingress_global_timestamp=0bv48, s1_standard_metadata.ingress_port=0bv9, s1_standard_metadata.instance_type=0bv32, s1_standard_metadata.mcast_grp=0bv16, s1_standard_metadata.packet_length=0bv32, s1_standard_metadata.parser_error=0bv1, s1_standard_metadata.priority=0bv3, s1_value_reg__dbg0=0bv128, s1_value_reg__last0_old_value=0bv128, s1_value_reg__last0_old_value__dbg=0bv128, s1_value_reg__last0_value=0bv128, s1_value_reg__last0_value__dbg=0bv128, s1_value_reg__last_index=0bv32, s1_value_reg__last_index__dbg=0bv32, s1_value_reg__last_old_value=0bv128, s1_value_reg__last_old_value__dbg=0bv128, s1_value_reg__last_value=0bv128, s1_value_reg__last_value__dbg=0bv128, s1_value_reg__last_write_site=1, s1_value_reg__next_write_site=1, s1_value_reg__wrote_any=true, s1_value_reg__wrote_any__dbg=true, s1_value_reg__wrote_index0=true, s1_value_reg__wrote_index0__dbg=true, s2_find_index.hit=true, s2_hdr.ethernet.dstAddr=0bv48, s2_hdr.ethernet.etherType=2048bv16, s2_hdr.ethernet.srcAddr=0bv48, s2_hdr.ethernet.valid=true, s2_hdr.ipv4.diffserv=0bv8, s2_hdr.ipv4.dstAddr=167797762bv32, s2_hdr.ipv4.flags=0bv3, s2_hdr.ipv4.fragOffset=0bv13, s2_hdr.ipv4.hdrChecksum=0bv16, s2_hdr.ipv4.identification=0bv16, s2_hdr.ipv4.ihl=0bv4, s2_hdr.ipv4.protocol=17bv8, s2_hdr.ipv4.srcAddr=1bv32, s2_hdr.ipv4.totalLen=0bv16, s2_hdr.ipv4.ttl=0bv8, s2_hdr.ipv4.valid=true, s2_hdr.ipv4.version=0bv4, s2_hdr.nc_hdr.key=2024bv128, s2_hdr.nc_hdr.op=12bv8, s2_hdr.nc_hdr.sc=0bv8, s2_hdr.nc_hdr.seq=0bv16, s2_hdr.nc_hdr.valid=true, s2_hdr.nc_hdr.value=0bv128, s2_hdr.nc_hdr.vgroup=0bv16, s2_hdr.overlay.0.swip=167797762bv32, s2_hdr.overlay.0.valid=true, s2_hdr.overlay.1.swip=0bv32, s2_hdr.overlay.1.valid=true, s2_hdr.overlay.2.swip=0bv32, s2_hdr.overlay.2.valid=true, s2_hdr.overlay.3.swip=0bv32, s2_hdr.overlay.3.valid=true, s2_hdr.overlay.4.swip=0bv32, s2_hdr.overlay.4.valid=false, s2_hdr.overlay.5.swip=0bv32, s2_hdr.overlay.5.valid=true, s2_hdr.overlay.6.swip=0bv32, s2_hdr.overlay.6.valid=false, s2_hdr.overlay.7.swip=0bv32, s2_hdr.overlay.7.valid=true, s2_hdr.overlay.8.swip=0bv32, s2_hdr.overlay.8.valid=false, s2_hdr.overlay.9.swip=0bv32, s2_hdr.overlay.9.valid=false, s2_hdr.overlay.last.swip=0bv32, s2_hdr.overlay.last.valid=false, s2_hdr.tcp.ackNo=0bv32, s2_hdr.tcp.checksum=0bv16, s2_hdr.tcp.ctrl=0bv6, s2_hdr.tcp.dataOffset=0bv4, s2_hdr.tcp.dstPort=0bv16, s2_hdr.tcp.ecn=0bv3, s2_hdr.tcp.res=0bv3, s2_hdr.tcp.seqNo=0bv32, s2_hdr.tcp.srcPort=0bv16, s2_hdr.tcp.urgentPtr=0bv16, s2_hdr.tcp.valid=false, s2_hdr.tcp.window=0bv16, s2_hdr.udp.checksum=0bv16, s2_hdr.udp.dstPort=8888bv16, s2_hdr.udp.len=0bv16, s2_hdr.udp.srcPort=0bv16, s2_hdr.udp.valid=true, s2_inbox_count=1, s2_meta.location.index=0bv16, s2_meta.my_md.role=101bv16, s2_p4b_clone_e2e=false, s2_p4b_clone_i2e=false, s2_p4b_clone_i2i=false, s2_p4b_recirculate=false, s2_pkt_external=false, s2_sequence_reg__dbg0=65535bv16, s2_sequence_reg__last0_old_value=0bv16, s2_sequence_reg__last0_old_value__dbg=0bv16, s2_sequence_reg__last0_value=65535bv16, s2_sequence_reg__last0_value__dbg=65535bv16, s2_sequence_reg__last_index=0bv32, s2_sequence_reg__last_index__dbg=0bv32, s2_sequence_reg__last_old_value=0bv16, s2_sequence_reg__last_old_value__dbg=0bv16, s2_sequence_reg__last_value=65535bv16, s2_sequence_reg__last_value__dbg=65535bv16, s2_sequence_reg__last_write_site=0, s2_sequence_reg__next_write_site=0, s2_sequence_reg__wrote_any=true, s2_sequence_reg__wrote_any__dbg=true, s2_sequence_reg__wrote_index0=true, s2_sequence_reg__wrote_index0__dbg=true, s2_value_reg__dbg0=0bv128, s2_value_reg__last0_old_value=0bv128, s2_value_reg__last0_old_value__dbg=0bv128, s2_value_reg__last0_value=0bv128, s2_value_reg__last0_value__dbg=0bv128, s2_value_reg__last_index=0bv32, s2_value_reg__last_index__dbg=0bv32, s2_value_reg__last_old_value=0bv128, s2_value_reg__last_old_value__dbg=0bv128, s2_value_reg__last_value=0bv128, s2_value_reg__last_value__dbg=0bv128, s2_value_reg__last_write_site=0, s2_value_reg__next_write_site=0, s2_value_reg__wrote_any=false, s2_value_reg__wrote_any__dbg=false, s2_value_reg__wrote_index0=false, s2_value_reg__wrote_index0__dbg=false]
[L3270]  CALL        call __wraparound_assert(bvule.bv16$builtin(s2_sequence_reg__dbg0, s1_sequence_reg__dbg0));
         VAL         [cond=false, h1_hdr.ethernet.dstAddr=0bv48, h1_hdr.ethernet.etherType=2048bv16, h1_hdr.ethernet.srcAddr=0bv48, h1_hdr.ethernet.valid=true, h1_hdr.ipv4.diffserv=0bv8, h1_hdr.ipv4.dstAddr=167797761bv32, h1_hdr.ipv4.flags=0bv3, h1_hdr.ipv4.fragOffset=0bv13, h1_hdr.ipv4.hdrChecksum=0bv16, h1_hdr.ipv4.identification=0bv16, h1_hdr.ipv4.ihl=0bv4, h1_hdr.ipv4.protocol=17bv8, h1_hdr.ipv4.srcAddr=1bv32, h1_hdr.ipv4.totalLen=4bv16, h1_hdr.ipv4.ttl=0bv8, h1_hdr.ipv4.valid=true, h1_hdr.ipv4.version=0bv4, h1_hdr.nc_hdr.key=2024bv128, h1_hdr.nc_hdr.op=12bv8, h1_hdr.nc_hdr.sc=1bv8, h1_hdr.nc_hdr.seq=1bv16, h1_hdr.nc_hdr.valid=true, h1_hdr.nc_hdr.value=0bv128, h1_hdr.nc_hdr.vgroup=0bv16, h1_hdr.overlay.0.swip=167797761bv32, h1_hdr.overlay.0.valid=true, h1_hdr.overlay.1.swip=167797762bv32, h1_hdr.overlay.1.valid=true, h1_hdr.overlay.2.swip=0bv32, h1_hdr.overlay.2.valid=true, h1_hdr.overlay.3.swip=0bv32, h1_hdr.overlay.3.valid=true, h1_hdr.overlay.4.swip=0bv32, h1_hdr.overlay.4.valid=true, h1_hdr.overlay.5.swip=0bv32, h1_hdr.overlay.5.valid=false, h1_hdr.overlay.6.swip=0bv32, h1_hdr.overlay.6.valid=true, h1_hdr.overlay.7.swip=0bv32, h1_hdr.overlay.7.valid=false, h1_hdr.overlay.8.swip=0bv32, h1_hdr.overlay.8.valid=true, h1_hdr.overlay.9.swip=0bv32, h1_hdr.overlay.9.valid=false, h1_hdr.overlay.last.swip=0bv32, h1_hdr.overlay.last.valid=false, h1_hdr.tcp.ackNo=0bv32, h1_hdr.tcp.checksum=0bv16, h1_hdr.tcp.ctrl=0bv6, h1_hdr.tcp.dataOffset=0bv4, h1_hdr.tcp.dstPort=0bv16, h1_hdr.tcp.ecn=0bv3, h1_hdr.tcp.res=0bv3, h1_hdr.tcp.seqNo=0bv32, h1_hdr.tcp.srcPort=0bv16, h1_hdr.tcp.urgentPtr=0bv16, h1_hdr.tcp.valid=false, h1_hdr.tcp.window=0bv16, h1_hdr.udp.checksum=0bv16, h1_hdr.udp.dstPort=0bv16, h1_hdr.udp.len=4bv16, h1_hdr.udp.srcPort=0bv16, h1_hdr.udp.valid=true, h1_inbox_count=0, h1_meta.location.index=0bv16, h1_meta.my_md.failed=0bv16, h1_meta.my_md.ipaddress=0bv32, h1_meta.my_md.role=0bv16, h1_meta.reply_to_client_md.ipv4_dstAddr=0bv32, h1_meta.reply_to_client_md.ipv4_srcAddr=0bv32, h1_meta.sequence_md.seq=0bv16, h1_meta.sequence_md.tmp=0bv16, h1_pkt_external=false, h1_standard_metadata.checksum_error=0bv1, h1_standard_metadata.deq_qdepth=0bv19, h1_standard_metadata.deq_timedelta=0bv32, h1_standard_metadata.egress_global_timestamp=0bv48, h1_standard_metadata.egress_rid=0bv16, h1_standard_metadata.enq_qdepth=0bv19, h1_standard_metadata.enq_timestamp=0bv32, h1_standard_metadata.ingress_global_timestamp=0bv48, h1_standard_metadata.ingress_port=0bv9, h1_standard_metadata.instance_type=0bv32, h1_standard_metadata.mcast_grp=0bv16, h1_standard_metadata.packet_length=0bv32, h1_standard_metadata.parser_error=0bv1, h1_standard_metadata.priority=0bv3, procurator_phase=2, procurator_step=2, s1_assign_value.hit=false, s1_drop=true, s1_drop_packet.hit=false, s1_ethernet_set_mac.ethernet_set_mac_act.dmac=0bv48, s1_ethernet_set_mac.ethernet_set_mac_act.smac=0bv48, s1_ethernet_set_mac.hit=false, s1_failure_recovery.hit=false, s1_find_index.find_index_act.index_1=0bv16, s1_find_index.hit=true, s1_forward=false, s1_gen_reply.gen_reply_act.message_type=0bv8, s1_gen_reply.hit=false, s1_get_my_address.get_my_address_act.sw_ip=167797761bv32, s1_get_my_address.get_my_address_act.sw_role=100bv16, s1_get_my_address.hit=false, s1_get_next_hop.hit=false, s1_get_sequence.hit=false, s1_hdr.ethernet.dstAddr=0bv48, s1_hdr.ethernet.etherType=2048bv16, s1_hdr.ethernet.srcAddr=0bv48, s1_hdr.ethernet.valid=true, s1_hdr.ipv4.diffserv=0bv8, s1_hdr.ipv4.dstAddr=167797762bv32, s1_hdr.ipv4.flags=0bv3, s1_hdr.ipv4.fragOffset=0bv13, s1_hdr.ipv4.hdrChecksum=0bv16, s1_hdr.ipv4.identification=0bv16, s1_hdr.ipv4.ihl=0bv4, s1_hdr.ipv4.protocol=17bv8, s1_hdr.ipv4.srcAddr=1bv32, s1_hdr.ipv4.totalLen=0bv16, s1_hdr.ipv4.ttl=0bv8, s1_hdr.ipv4.valid=true, s1_hdr.ipv4.version=0bv4, s1_hdr.nc_hdr.key=2024bv128, s1_hdr.nc_hdr.op=12bv8, s1_hdr.nc_hdr.sc=0bv8, s1_hdr.nc_hdr.seq=0bv16, s1_hdr.nc_hdr.valid=true, s1_hdr.nc_hdr.value=0bv128, s1_hdr.nc_hdr.vgroup=0bv16, s1_hdr.overlay.0.swip=167797762bv32, s1_hdr.overlay.0.valid=true, s1_hdr.overlay.1.swip=0bv32, s1_hdr.overlay.1.valid=true, s1_hdr.overlay.2.swip=0bv32, s1_hdr.overlay.2.valid=true, s1_hdr.overlay.3.swip=0bv32, s1_hdr.overlay.3.valid=true, s1_hdr.overlay.4.swip=0bv32, s1_hdr.overlay.4.valid=false, s1_hdr.overlay.5.swip=0bv32, s1_hdr.overlay.5.valid=true, s1_hdr.overlay.6.swip=0bv32, s1_hdr.overlay.6.valid=false, s1_hdr.overlay.7.swip=0bv32, s1_hdr.overlay.7.valid=true, s1_hdr.overlay.8.swip=0bv32, s1_hdr.overlay.8.valid=false, s1_hdr.overlay.9.swip=0bv32, s1_hdr.overlay.9.valid=false, s1_hdr.overlay.last.swip=0bv32, s1_hdr.overlay.last.valid=false, s1_hdr.tcp.ackNo=0bv32, s1_hdr.tcp.checksum=0bv16, s1_hdr.tcp.ctrl=0bv6, s1_hdr.tcp.dataOffset=0bv4, s1_hdr.tcp.dstPort=0bv16, s1_hdr.tcp.ecn=0bv3, s1_hdr.tcp.res=0bv3, s1_hdr.tcp.seqNo=0bv32, s1_hdr.tcp.srcPort=0bv16, s1_hdr.tcp.urgentPtr=0bv16, s1_hdr.tcp.valid=false, s1_hdr.tcp.window=0bv16, s1_hdr.udp.checksum=0bv16, s1_hdr.udp.dstPort=8888bv16, s1_hdr.udp.len=0bv16, s1_hdr.udp.srcPort=0bv16, s1_hdr.udp.valid=true, s1_inbox_count=0, s1_ipv4_route.hit=false, s1_ipv4_route.set_egress.egress_spec_1=0bv9, s1_maintain_sequence.hit=false, s1_meta.location.index=0bv16, s1_meta.my_md.failed=0bv16, s1_meta.my_md.ipaddress=167797761bv32, s1_meta.my_md.role=100bv16, s1_meta.reply_to_client_md.ipv4_dstAddr=0bv32, s1_meta.reply_to_client_md.ipv4_srcAddr=0bv32, s1_meta.sequence_md.seq=0bv16, s1_meta.sequence_md.tmp=0bv16, s1_p4b_checksum_error=false, s1_p4b_checksum_updated=true, s1_p4b_checksum_verified=false, s1_p4b_clone_e2e=false, s1_p4b_clone_i2e=false, s1_p4b_clone_i2i=false, s1_p4b_digest=false, s1_p4b_recirculate=false, s1_pkt_external=true, s1_pop_chain.hit=false, s1_pop_chain_again.hit=false, s1_read_value.hit=false, s1_sequence_reg__dbg0=0bv16, s1_sequence_reg__last0_old_value=0bv16, s1_sequence_reg__last0_old_value__dbg=0bv16, s1_sequence_reg__last0_value=0bv16, s1_sequence_reg__last0_value__dbg=0bv16, s1_sequence_reg__last_index=0bv32, s1_sequence_reg__last_index__dbg=0bv32, s1_sequence_reg__last_old_value=0bv16, s1_sequence_reg__last_old_value__dbg=0bv16, s1_sequence_reg__last_value=0bv16, s1_sequence_reg__last_value__dbg=0bv16, s1_sequence_reg__last_write_site=1, s1_sequence_reg__next_write_site=1, s1_sequence_reg__wrote_any=true, s1_sequence_reg__wrote_any__dbg=true, s1_sequence_reg__wrote_index0=true, s1_sequence_reg__wrote_index0__dbg=true, s1_standard_metadata.checksum_error=0bv1, s1_standard_metadata.deq_qdepth=0bv19, s1_standard_metadata.deq_timedelta=0bv32, s1_standard_metadata.egress_global_timestamp=0bv48, s1_standard_metadata.egress_port=3bv9, s1_standard_metadata.egress_rid=0bv16, s1_standard_metadata.egress_spec=0bv9, s1_standard_metadata.enq_qdepth=0bv19, s1_standard_metadata.enq_timestamp=0bv32, s1_standard_metadata.ingress_global_timestamp=0bv48, s1_standard_metadata.ingress_port=0bv9, s1_standard_metadata.instance_type=0bv32, s1_standard_metadata.mcast_grp=0bv16, s1_standard_metadata.packet_length=0bv32, s1_standard_metadata.parser_error=0bv1, s1_standard_metadata.priority=0bv3, s1_value_reg__dbg0=0bv128, s1_value_reg__last0_old_value=0bv128, s1_value_reg__last0_old_value__dbg=0bv128, s1_value_reg__last0_value=0bv128, s1_value_reg__last0_value__dbg=0bv128, s1_value_reg__last_index=0bv32, s1_value_reg__last_index__dbg=0bv32, s1_value_reg__last_old_value=0bv128, s1_value_reg__last_old_value__dbg=0bv128, s1_value_reg__last_value=0bv128, s1_value_reg__last_value__dbg=0bv128, s1_value_reg__last_write_site=1, s1_value_reg__next_write_site=1, s1_value_reg__wrote_any=true, s1_value_reg__wrote_any__dbg=true, s1_value_reg__wrote_index0=true, s1_value_reg__wrote_index0__dbg=true, s2_find_index.hit=true, s2_hdr.ethernet.dstAddr=0bv48, s2_hdr.ethernet.etherType=2048bv16, s2_hdr.ethernet.srcAddr=0bv48, s2_hdr.ethernet.valid=true, s2_hdr.ipv4.diffserv=0bv8, s2_hdr.ipv4.dstAddr=167797762bv32, s2_hdr.ipv4.flags=0bv3, s2_hdr.ipv4.fragOffset=0bv13, s2_hdr.ipv4.hdrChecksum=0bv16, s2_hdr.ipv4.identification=0bv16, s2_hdr.ipv4.ihl=0bv4, s2_hdr.ipv4.protocol=17bv8, s2_hdr.ipv4.srcAddr=1bv32, s2_hdr.ipv4.totalLen=0bv16, s2_hdr.ipv4.ttl=0bv8, s2_hdr.ipv4.valid=true, s2_hdr.ipv4.version=0bv4, s2_hdr.nc_hdr.key=2024bv128, s2_hdr.nc_hdr.op=12bv8, s2_hdr.nc_hdr.sc=0bv8, s2_hdr.nc_hdr.seq=0bv16, s2_hdr.nc_hdr.valid=true, s2_hdr.nc_hdr.value=0bv128, s2_hdr.nc_hdr.vgroup=0bv16, s2_hdr.overlay.0.swip=167797762bv32, s2_hdr.overlay.0.valid=true, s2_hdr.overlay.1.swip=0bv32, s2_hdr.overlay.1.valid=true, s2_hdr.overlay.2.swip=0bv32, s2_hdr.overlay.2.valid=true, s2_hdr.overlay.3.swip=0bv32, s2_hdr.overlay.3.valid=true, s2_hdr.overlay.4.swip=0bv32, s2_hdr.overlay.4.valid=false, s2_hdr.overlay.5.swip=0bv32, s2_hdr.overlay.5.valid=true, s2_hdr.overlay.6.swip=0bv32, s2_hdr.overlay.6.valid=false, s2_hdr.overlay.7.swip=0bv32, s2_hdr.overlay.7.valid=true, s2_hdr.overlay.8.swip=0bv32, s2_hdr.overlay.8.valid=false, s2_hdr.overlay.9.swip=0bv32, s2_hdr.overlay.9.valid=false, s2_hdr.overlay.last.swip=0bv32, s2_hdr.overlay.last.valid=false, s2_hdr.tcp.ackNo=0bv32, s2_hdr.tcp.checksum=0bv16, s2_hdr.tcp.ctrl=0bv6, s2_hdr.tcp.dataOffset=0bv4, s2_hdr.tcp.dstPort=0bv16, s2_hdr.tcp.ecn=0bv3, s2_hdr.tcp.res=0bv3, s2_hdr.tcp.seqNo=0bv32, s2_hdr.tcp.srcPort=0bv16, s2_hdr.tcp.urgentPtr=0bv16, s2_hdr.tcp.valid=false, s2_hdr.tcp.window=0bv16, s2_hdr.udp.checksum=0bv16, s2_hdr.udp.dstPort=8888bv16, s2_hdr.udp.len=0bv16, s2_hdr.udp.srcPort=0bv16, s2_hdr.udp.valid=true, s2_inbox_count=1, s2_meta.location.index=0bv16, s2_meta.my_md.role=101bv16, s2_p4b_clone_e2e=false, s2_p4b_clone_i2e=false, s2_p4b_clone_i2i=false, s2_p4b_recirculate=false, s2_pkt_external=false, s2_sequence_reg__dbg0=65535bv16, s2_sequence_reg__last0_old_value=0bv16, s2_sequence_reg__last0_old_value__dbg=0bv16, s2_sequence_reg__last0_value=65535bv16, s2_sequence_reg__last0_value__dbg=65535bv16, s2_sequence_reg__last_index=0bv32, s2_sequence_reg__last_index__dbg=0bv32, s2_sequence_reg__last_old_value=0bv16, s2_sequence_reg__last_old_value__dbg=0bv16, s2_sequence_reg__last_value=65535bv16, s2_sequence_reg__last_value__dbg=65535bv16, s2_sequence_reg__last_write_site=0, s2_sequence_reg__next_write_site=0, s2_sequence_reg__wrote_any=true, s2_sequence_reg__wrote_any__dbg=true, s2_sequence_reg__wrote_index0=true, s2_sequence_reg__wrote_index0__dbg=true, s2_value_reg__dbg0=0bv128, s2_value_reg__last0_old_value=0bv128, s2_value_reg__last0_old_value__dbg=0bv128, s2_value_reg__last0_value=0bv128, s2_value_reg__last0_value__dbg=0bv128, s2_value_reg__last_index=0bv32, s2_value_reg__last_index__dbg=0bv32, s2_value_reg__last_old_value=0bv128, s2_value_reg__last_old_value__dbg=0bv128, s2_value_reg__last_value=0bv128, s2_value_reg__last_value__dbg=0bv128, s2_value_reg__last_write_site=0, s2_value_reg__next_write_site=0, s2_value_reg__wrote_any=false, s2_value_reg__wrote_any__dbg=false, s2_value_reg__wrote_index0=false, s2_value_reg__wrote_index0__dbg=false]
[L3356]  COND TRUE   s1_sequence_reg__last0_value != 65535bv16 || s2_sequence_reg__last0_value != 65535bv16
         VAL         [cond=false, h1_hdr.ethernet.dstAddr=0bv48, h1_hdr.ethernet.etherType=2048bv16, h1_hdr.ethernet.srcAddr=0bv48, h1_hdr.ethernet.valid=true, h1_hdr.ipv4.diffserv=0bv8, h1_hdr.ipv4.dstAddr=167797761bv32, h1_hdr.ipv4.flags=0bv3, h1_hdr.ipv4.fragOffset=0bv13, h1_hdr.ipv4.hdrChecksum=0bv16, h1_hdr.ipv4.identification=0bv16, h1_hdr.ipv4.ihl=0bv4, h1_hdr.ipv4.protocol=17bv8, h1_hdr.ipv4.srcAddr=1bv32, h1_hdr.ipv4.totalLen=4bv16, h1_hdr.ipv4.ttl=0bv8, h1_hdr.ipv4.valid=true, h1_hdr.ipv4.version=0bv4, h1_hdr.nc_hdr.key=2024bv128, h1_hdr.nc_hdr.op=12bv8, h1_hdr.nc_hdr.sc=1bv8, h1_hdr.nc_hdr.seq=1bv16, h1_hdr.nc_hdr.valid=true, h1_hdr.nc_hdr.value=0bv128, h1_hdr.nc_hdr.vgroup=0bv16, h1_hdr.overlay.0.swip=167797761bv32, h1_hdr.overlay.0.valid=true, h1_hdr.overlay.1.swip=167797762bv32, h1_hdr.overlay.1.valid=true, h1_hdr.overlay.2.swip=0bv32, h1_hdr.overlay.2.valid=true, h1_hdr.overlay.3.swip=0bv32, h1_hdr.overlay.3.valid=true, h1_hdr.overlay.4.swip=0bv32, h1_hdr.overlay.4.valid=true, h1_hdr.overlay.5.swip=0bv32, h1_hdr.overlay.5.valid=false, h1_hdr.overlay.6.swip=0bv32, h1_hdr.overlay.6.valid=true, h1_hdr.overlay.7.swip=0bv32, h1_hdr.overlay.7.valid=false, h1_hdr.overlay.8.swip=0bv32, h1_hdr.overlay.8.valid=true, h1_hdr.overlay.9.swip=0bv32, h1_hdr.overlay.9.valid=false, h1_hdr.overlay.last.swip=0bv32, h1_hdr.overlay.last.valid=false, h1_hdr.tcp.ackNo=0bv32, h1_hdr.tcp.checksum=0bv16, h1_hdr.tcp.ctrl=0bv6, h1_hdr.tcp.dataOffset=0bv4, h1_hdr.tcp.dstPort=0bv16, h1_hdr.tcp.ecn=0bv3, h1_hdr.tcp.res=0bv3, h1_hdr.tcp.seqNo=0bv32, h1_hdr.tcp.srcPort=0bv16, h1_hdr.tcp.urgentPtr=0bv16, h1_hdr.tcp.valid=false, h1_hdr.tcp.window=0bv16, h1_hdr.udp.checksum=0bv16, h1_hdr.udp.dstPort=0bv16, h1_hdr.udp.len=4bv16, h1_hdr.udp.srcPort=0bv16, h1_hdr.udp.valid=true, h1_inbox_count=0, h1_meta.location.index=0bv16, h1_meta.my_md.failed=0bv16, h1_meta.my_md.ipaddress=0bv32, h1_meta.my_md.role=0bv16, h1_meta.reply_to_client_md.ipv4_dstAddr=0bv32, h1_meta.reply_to_client_md.ipv4_srcAddr=0bv32, h1_meta.sequence_md.seq=0bv16, h1_meta.sequence_md.tmp=0bv16, h1_pkt_external=false, h1_standard_metadata.checksum_error=0bv1, h1_standard_metadata.deq_qdepth=0bv19, h1_standard_metadata.deq_timedelta=0bv32, h1_standard_metadata.egress_global_timestamp=0bv48, h1_standard_metadata.egress_rid=0bv16, h1_standard_metadata.enq_qdepth=0bv19, h1_standard_metadata.enq_timestamp=0bv32, h1_standard_metadata.ingress_global_timestamp=0bv48, h1_standard_metadata.ingress_port=0bv9, h1_standard_metadata.instance_type=0bv32, h1_standard_metadata.mcast_grp=0bv16, h1_standard_metadata.packet_length=0bv32, h1_standard_metadata.parser_error=0bv1, h1_standard_metadata.priority=0bv3, procurator_phase=2, procurator_step=2, s1_assign_value.hit=false, s1_drop=true, s1_drop_packet.hit=false, s1_ethernet_set_mac.ethernet_set_mac_act.dmac=0bv48, s1_ethernet_set_mac.ethernet_set_mac_act.smac=0bv48, s1_ethernet_set_mac.hit=false, s1_failure_recovery.hit=false, s1_find_index.find_index_act.index_1=0bv16, s1_find_index.hit=true, s1_forward=false, s1_gen_reply.gen_reply_act.message_type=0bv8, s1_gen_reply.hit=false, s1_get_my_address.get_my_address_act.sw_ip=167797761bv32, s1_get_my_address.get_my_address_act.sw_role=100bv16, s1_get_my_address.hit=false, s1_get_next_hop.hit=false, s1_get_sequence.hit=false, s1_hdr.ethernet.dstAddr=0bv48, s1_hdr.ethernet.etherType=2048bv16, s1_hdr.ethernet.srcAddr=0bv48, s1_hdr.ethernet.valid=true, s1_hdr.ipv4.diffserv=0bv8, s1_hdr.ipv4.dstAddr=167797762bv32, s1_hdr.ipv4.flags=0bv3, s1_hdr.ipv4.fragOffset=0bv13, s1_hdr.ipv4.hdrChecksum=0bv16, s1_hdr.ipv4.identification=0bv16, s1_hdr.ipv4.ihl=0bv4, s1_hdr.ipv4.protocol=17bv8, s1_hdr.ipv4.srcAddr=1bv32, s1_hdr.ipv4.totalLen=0bv16, s1_hdr.ipv4.ttl=0bv8, s1_hdr.ipv4.valid=true, s1_hdr.ipv4.version=0bv4, s1_hdr.nc_hdr.key=2024bv128, s1_hdr.nc_hdr.op=12bv8, s1_hdr.nc_hdr.sc=0bv8, s1_hdr.nc_hdr.seq=0bv16, s1_hdr.nc_hdr.valid=true, s1_hdr.nc_hdr.value=0bv128, s1_hdr.nc_hdr.vgroup=0bv16, s1_hdr.overlay.0.swip=167797762bv32, s1_hdr.overlay.0.valid=true, s1_hdr.overlay.1.swip=0bv32, s1_hdr.overlay.1.valid=true, s1_hdr.overlay.2.swip=0bv32, s1_hdr.overlay.2.valid=true, s1_hdr.overlay.3.swip=0bv32, s1_hdr.overlay.3.valid=true, s1_hdr.overlay.4.swip=0bv32, s1_hdr.overlay.4.valid=false, s1_hdr.overlay.5.swip=0bv32, s1_hdr.overlay.5.valid=true, s1_hdr.overlay.6.swip=0bv32, s1_hdr.overlay.6.valid=false, s1_hdr.overlay.7.swip=0bv32, s1_hdr.overlay.7.valid=true, s1_hdr.overlay.8.swip=0bv32, s1_hdr.overlay.8.valid=false, s1_hdr.overlay.9.swip=0bv32, s1_hdr.overlay.9.valid=false, s1_hdr.overlay.last.swip=0bv32, s1_hdr.overlay.last.valid=false, s1_hdr.tcp.ackNo=0bv32, s1_hdr.tcp.checksum=0bv16, s1_hdr.tcp.ctrl=0bv6, s1_hdr.tcp.dataOffset=0bv4, s1_hdr.tcp.dstPort=0bv16, s1_hdr.tcp.ecn=0bv3, s1_hdr.tcp.res=0bv3, s1_hdr.tcp.seqNo=0bv32, s1_hdr.tcp.srcPort=0bv16, s1_hdr.tcp.urgentPtr=0bv16, s1_hdr.tcp.valid=false, s1_hdr.tcp.window=0bv16, s1_hdr.udp.checksum=0bv16, s1_hdr.udp.dstPort=8888bv16, s1_hdr.udp.len=0bv16, s1_hdr.udp.srcPort=0bv16, s1_hdr.udp.valid=true, s1_inbox_count=0, s1_ipv4_route.hit=false, s1_ipv4_route.set_egress.egress_spec_1=0bv9, s1_maintain_sequence.hit=false, s1_meta.location.index=0bv16, s1_meta.my_md.failed=0bv16, s1_meta.my_md.ipaddress=167797761bv32, s1_meta.my_md.role=100bv16, s1_meta.reply_to_client_md.ipv4_dstAddr=0bv32, s1_meta.reply_to_client_md.ipv4_srcAddr=0bv32, s1_meta.sequence_md.seq=0bv16, s1_meta.sequence_md.tmp=0bv16, s1_p4b_checksum_error=false, s1_p4b_checksum_updated=true, s1_p4b_checksum_verified=false, s1_p4b_clone_e2e=false, s1_p4b_clone_i2e=false, s1_p4b_clone_i2i=false, s1_p4b_digest=false, s1_p4b_recirculate=false, s1_pkt_external=true, s1_pop_chain.hit=false, s1_pop_chain_again.hit=false, s1_read_value.hit=false, s1_sequence_reg__dbg0=0bv16, s1_sequence_reg__last0_old_value=0bv16, s1_sequence_reg__last0_old_value__dbg=0bv16, s1_sequence_reg__last0_value=0bv16, s1_sequence_reg__last0_value__dbg=0bv16, s1_sequence_reg__last_index=0bv32, s1_sequence_reg__last_index__dbg=0bv32, s1_sequence_reg__last_old_value=0bv16, s1_sequence_reg__last_old_value__dbg=0bv16, s1_sequence_reg__last_value=0bv16, s1_sequence_reg__last_value__dbg=0bv16, s1_sequence_reg__last_write_site=1, s1_sequence_reg__next_write_site=1, s1_sequence_reg__wrote_any=true, s1_sequence_reg__wrote_any__dbg=true, s1_sequence_reg__wrote_index0=true, s1_sequence_reg__wrote_index0__dbg=true, s1_standard_metadata.checksum_error=0bv1, s1_standard_metadata.deq_qdepth=0bv19, s1_standard_metadata.deq_timedelta=0bv32, s1_standard_metadata.egress_global_timestamp=0bv48, s1_standard_metadata.egress_port=3bv9, s1_standard_metadata.egress_rid=0bv16, s1_standard_metadata.egress_spec=0bv9, s1_standard_metadata.enq_qdepth=0bv19, s1_standard_metadata.enq_timestamp=0bv32, s1_standard_metadata.ingress_global_timestamp=0bv48, s1_standard_metadata.ingress_port=0bv9, s1_standard_metadata.instance_type=0bv32, s1_standard_metadata.mcast_grp=0bv16, s1_standard_metadata.packet_length=0bv32, s1_standard_metadata.parser_error=0bv1, s1_standard_metadata.priority=0bv3, s1_value_reg__dbg0=0bv128, s1_value_reg__last0_old_value=0bv128, s1_value_reg__last0_old_value__dbg=0bv128, s1_value_reg__last0_value=0bv128, s1_value_reg__last0_value__dbg=0bv128, s1_value_reg__last_index=0bv32, s1_value_reg__last_index__dbg=0bv32, s1_value_reg__last_old_value=0bv128, s1_value_reg__last_old_value__dbg=0bv128, s1_value_reg__last_value=0bv128, s1_value_reg__last_value__dbg=0bv128, s1_value_reg__last_write_site=1, s1_value_reg__next_write_site=1, s1_value_reg__wrote_any=true, s1_value_reg__wrote_any__dbg=true, s1_value_reg__wrote_index0=true, s1_value_reg__wrote_index0__dbg=true, s2_find_index.hit=true, s2_hdr.ethernet.dstAddr=0bv48, s2_hdr.ethernet.etherType=2048bv16, s2_hdr.ethernet.srcAddr=0bv48, s2_hdr.ethernet.valid=true, s2_hdr.ipv4.diffserv=0bv8, s2_hdr.ipv4.dstAddr=167797762bv32, s2_hdr.ipv4.flags=0bv3, s2_hdr.ipv4.fragOffset=0bv13, s2_hdr.ipv4.hdrChecksum=0bv16, s2_hdr.ipv4.identification=0bv16, s2_hdr.ipv4.ihl=0bv4, s2_hdr.ipv4.protocol=17bv8, s2_hdr.ipv4.srcAddr=1bv32, s2_hdr.ipv4.totalLen=0bv16, s2_hdr.ipv4.ttl=0bv8, s2_hdr.ipv4.valid=true, s2_hdr.ipv4.version=0bv4, s2_hdr.nc_hdr.key=2024bv128, s2_hdr.nc_hdr.op=12bv8, s2_hdr.nc_hdr.sc=0bv8, s2_hdr.nc_hdr.seq=0bv16, s2_hdr.nc_hdr.valid=true, s2_hdr.nc_hdr.value=0bv128, s2_hdr.nc_hdr.vgroup=0bv16, s2_hdr.overlay.0.swip=167797762bv32, s2_hdr.overlay.0.valid=true, s2_hdr.overlay.1.swip=0bv32, s2_hdr.overlay.1.valid=true, s2_hdr.overlay.2.swip=0bv32, s2_hdr.overlay.2.valid=true, s2_hdr.overlay.3.swip=0bv32, s2_hdr.overlay.3.valid=true, s2_hdr.overlay.4.swip=0bv32, s2_hdr.overlay.4.valid=false, s2_hdr.overlay.5.swip=0bv32, s2_hdr.overlay.5.valid=true, s2_hdr.overlay.6.swip=0bv32, s2_hdr.overlay.6.valid=false, s2_hdr.overlay.7.swip=0bv32, s2_hdr.overlay.7.valid=true, s2_hdr.overlay.8.swip=0bv32, s2_hdr.overlay.8.valid=false, s2_hdr.overlay.9.swip=0bv32, s2_hdr.overlay.9.valid=false, s2_hdr.overlay.last.swip=0bv32, s2_hdr.overlay.last.valid=false, s2_hdr.tcp.ackNo=0bv32, s2_hdr.tcp.checksum=0bv16, s2_hdr.tcp.ctrl=0bv6, s2_hdr.tcp.dataOffset=0bv4, s2_hdr.tcp.dstPort=0bv16, s2_hdr.tcp.ecn=0bv3, s2_hdr.tcp.res=0bv3, s2_hdr.tcp.seqNo=0bv32, s2_hdr.tcp.srcPort=0bv16, s2_hdr.tcp.urgentPtr=0bv16, s2_hdr.tcp.valid=false, s2_hdr.tcp.window=0bv16, s2_hdr.udp.checksum=0bv16, s2_hdr.udp.dstPort=8888bv16, s2_hdr.udp.len=0bv16, s2_hdr.udp.srcPort=0bv16, s2_hdr.udp.valid=true, s2_inbox_count=1, s2_meta.location.index=0bv16, s2_meta.my_md.role=101bv16, s2_p4b_clone_e2e=false, s2_p4b_clone_i2e=false, s2_p4b_clone_i2i=false, s2_p4b_recirculate=false, s2_pkt_external=false, s2_sequence_reg__dbg0=65535bv16, s2_sequence_reg__last0_old_value=0bv16, s2_sequence_reg__last0_old_value__dbg=0bv16, s2_sequence_reg__last0_value=65535bv16, s2_sequence_reg__last0_value__dbg=65535bv16, s2_sequence_reg__last_index=0bv32, s2_sequence_reg__last_index__dbg=0bv32, s2_sequence_reg__last_old_value=0bv16, s2_sequence_reg__last_old_value__dbg=0bv16, s2_sequence_reg__last_value=65535bv16, s2_sequence_reg__last_value__dbg=65535bv16, s2_sequence_reg__last_write_site=0, s2_sequence_reg__next_write_site=0, s2_sequence_reg__wrote_any=true, s2_sequence_reg__wrote_any__dbg=true, s2_sequence_reg__wrote_index0=true, s2_sequence_reg__wrote_index0__dbg=true, s2_value_reg__dbg0=0bv128, s2_value_reg__last0_old_value=0bv128, s2_value_reg__last0_old_value__dbg=0bv128, s2_value_reg__last0_value=0bv128, s2_value_reg__last0_value__dbg=0bv128, s2_value_reg__last_index=0bv32, s2_value_reg__last_index__dbg=0bv32, s2_value_reg__last_old_value=0bv128, s2_value_reg__last_old_value__dbg=0bv128, s2_value_reg__last_value=0bv128, s2_value_reg__last_value__dbg=0bv128, s2_value_reg__last_write_site=0, s2_value_reg__next_write_site=0, s2_value_reg__wrote_any=false, s2_value_reg__wrote_any__dbg=false, s2_value_reg__wrote_index0=false, s2_value_reg__wrote_index0__dbg=false]
[L3357]              assert cond;
         VAL         [cond=false, h1_hdr.ethernet.dstAddr=0bv48, h1_hdr.ethernet.etherType=2048bv16, h1_hdr.ethernet.srcAddr=0bv48, h1_hdr.ethernet.valid=true, h1_hdr.ipv4.diffserv=0bv8, h1_hdr.ipv4.dstAddr=167797761bv32, h1_hdr.ipv4.flags=0bv3, h1_hdr.ipv4.fragOffset=0bv13, h1_hdr.ipv4.hdrChecksum=0bv16, h1_hdr.ipv4.identification=0bv16, h1_hdr.ipv4.ihl=0bv4, h1_hdr.ipv4.protocol=17bv8, h1_hdr.ipv4.srcAddr=1bv32, h1_hdr.ipv4.totalLen=4bv16, h1_hdr.ipv4.ttl=0bv8, h1_hdr.ipv4.valid=true, h1_hdr.ipv4.version=0bv4, h1_hdr.nc_hdr.key=2024bv128, h1_hdr.nc_hdr.op=12bv8, h1_hdr.nc_hdr.sc=1bv8, h1_hdr.nc_hdr.seq=1bv16, h1_hdr.nc_hdr.valid=true, h1_hdr.nc_hdr.value=0bv128, h1_hdr.nc_hdr.vgroup=0bv16, h1_hdr.overlay.0.swip=167797761bv32, h1_hdr.overlay.0.valid=true, h1_hdr.overlay.1.swip=167797762bv32, h1_hdr.overlay.1.valid=true, h1_hdr.overlay.2.swip=0bv32, h1_hdr.overlay.2.valid=true, h1_hdr.overlay.3.swip=0bv32, h1_hdr.overlay.3.valid=true, h1_hdr.overlay.4.swip=0bv32, h1_hdr.overlay.4.valid=true, h1_hdr.overlay.5.swip=0bv32, h1_hdr.overlay.5.valid=false, h1_hdr.overlay.6.swip=0bv32, h1_hdr.overlay.6.valid=true, h1_hdr.overlay.7.swip=0bv32, h1_hdr.overlay.7.valid=false, h1_hdr.overlay.8.swip=0bv32, h1_hdr.overlay.8.valid=true, h1_hdr.overlay.9.swip=0bv32, h1_hdr.overlay.9.valid=false, h1_hdr.overlay.last.swip=0bv32, h1_hdr.overlay.last.valid=false, h1_hdr.tcp.ackNo=0bv32, h1_hdr.tcp.checksum=0bv16, h1_hdr.tcp.ctrl=0bv6, h1_hdr.tcp.dataOffset=0bv4, h1_hdr.tcp.dstPort=0bv16, h1_hdr.tcp.ecn=0bv3, h1_hdr.tcp.res=0bv3, h1_hdr.tcp.seqNo=0bv32, h1_hdr.tcp.srcPort=0bv16, h1_hdr.tcp.urgentPtr=0bv16, h1_hdr.tcp.valid=false, h1_hdr.tcp.window=0bv16, h1_hdr.udp.checksum=0bv16, h1_hdr.udp.dstPort=0bv16, h1_hdr.udp.len=4bv16, h1_hdr.udp.srcPort=0bv16, h1_hdr.udp.valid=true, h1_inbox_count=0, h1_meta.location.index=0bv16, h1_meta.my_md.failed=0bv16, h1_meta.my_md.ipaddress=0bv32, h1_meta.my_md.role=0bv16, h1_meta.reply_to_client_md.ipv4_dstAddr=0bv32, h1_meta.reply_to_client_md.ipv4_srcAddr=0bv32, h1_meta.sequence_md.seq=0bv16, h1_meta.sequence_md.tmp=0bv16, h1_pkt_external=false, h1_standard_metadata.checksum_error=0bv1, h1_standard_metadata.deq_qdepth=0bv19, h1_standard_metadata.deq_timedelta=0bv32, h1_standard_metadata.egress_global_timestamp=0bv48, h1_standard_metadata.egress_rid=0bv16, h1_standard_metadata.enq_qdepth=0bv19, h1_standard_metadata.enq_timestamp=0bv32, h1_standard_metadata.ingress_global_timestamp=0bv48, h1_standard_metadata.ingress_port=0bv9, h1_standard_metadata.instance_type=0bv32, h1_standard_metadata.mcast_grp=0bv16, h1_standard_metadata.packet_length=0bv32, h1_standard_metadata.parser_error=0bv1, h1_standard_metadata.priority=0bv3, procurator_phase=2, procurator_step=2, s1_assign_value.hit=false, s1_drop=true, s1_drop_packet.hit=false, s1_ethernet_set_mac.ethernet_set_mac_act.dmac=0bv48, s1_ethernet_set_mac.ethernet_set_mac_act.smac=0bv48, s1_ethernet_set_mac.hit=false, s1_failure_recovery.hit=false, s1_find_index.find_index_act.index_1=0bv16, s1_find_index.hit=true, s1_forward=false, s1_gen_reply.gen_reply_act.message_type=0bv8, s1_gen_reply.hit=false, s1_get_my_address.get_my_address_act.sw_ip=167797761bv32, s1_get_my_address.get_my_address_act.sw_role=100bv16, s1_get_my_address.hit=false, s1_get_next_hop.hit=false, s1_get_sequence.hit=false, s1_hdr.ethernet.dstAddr=0bv48, s1_hdr.ethernet.etherType=2048bv16, s1_hdr.ethernet.srcAddr=0bv48, s1_hdr.ethernet.valid=true, s1_hdr.ipv4.diffserv=0bv8, s1_hdr.ipv4.dstAddr=167797762bv32, s1_hdr.ipv4.flags=0bv3, s1_hdr.ipv4.fragOffset=0bv13, s1_hdr.ipv4.hdrChecksum=0bv16, s1_hdr.ipv4.identification=0bv16, s1_hdr.ipv4.ihl=0bv4, s1_hdr.ipv4.protocol=17bv8, s1_hdr.ipv4.srcAddr=1bv32, s1_hdr.ipv4.totalLen=0bv16, s1_hdr.ipv4.ttl=0bv8, s1_hdr.ipv4.valid=true, s1_hdr.ipv4.version=0bv4, s1_hdr.nc_hdr.key=2024bv128, s1_hdr.nc_hdr.op=12bv8, s1_hdr.nc_hdr.sc=0bv8, s1_hdr.nc_hdr.seq=0bv16, s1_hdr.nc_hdr.valid=true, s1_hdr.nc_hdr.value=0bv128, s1_hdr.nc_hdr.vgroup=0bv16, s1_hdr.overlay.0.swip=167797762bv32, s1_hdr.overlay.0.valid=true, s1_hdr.overlay.1.swip=0bv32, s1_hdr.overlay.1.valid=true, s1_hdr.overlay.2.swip=0bv32, s1_hdr.overlay.2.valid=true, s1_hdr.overlay.3.swip=0bv32, s1_hdr.overlay.3.valid=true, s1_hdr.overlay.4.swip=0bv32, s1_hdr.overlay.4.valid=false, s1_hdr.overlay.5.swip=0bv32, s1_hdr.overlay.5.valid=true, s1_hdr.overlay.6.swip=0bv32, s1_hdr.overlay.6.valid=false, s1_hdr.overlay.7.swip=0bv32, s1_hdr.overlay.7.valid=true, s1_hdr.overlay.8.swip=0bv32, s1_hdr.overlay.8.valid=false, s1_hdr.overlay.9.swip=0bv32, s1_hdr.overlay.9.valid=false, s1_hdr.overlay.last.swip=0bv32, s1_hdr.overlay.last.valid=false, s1_hdr.tcp.ackNo=0bv32, s1_hdr.tcp.checksum=0bv16, s1_hdr.tcp.ctrl=0bv6, s1_hdr.tcp.dataOffset=0bv4, s1_hdr.tcp.dstPort=0bv16, s1_hdr.tcp.ecn=0bv3, s1_hdr.tcp.res=0bv3, s1_hdr.tcp.seqNo=0bv32, s1_hdr.tcp.srcPort=0bv16, s1_hdr.tcp.urgentPtr=0bv16, s1_hdr.tcp.valid=false, s1_hdr.tcp.window=0bv16, s1_hdr.udp.checksum=0bv16, s1_hdr.udp.dstPort=8888bv16, s1_hdr.udp.len=0bv16, s1_hdr.udp.srcPort=0bv16, s1_hdr.udp.valid=true, s1_inbox_count=0, s1_ipv4_route.hit=false, s1_ipv4_route.set_egress.egress_spec_1=0bv9, s1_maintain_sequence.hit=false, s1_meta.location.index=0bv16, s1_meta.my_md.failed=0bv16, s1_meta.my_md.ipaddress=167797761bv32, s1_meta.my_md.role=100bv16, s1_meta.reply_to_client_md.ipv4_dstAddr=0bv32, s1_meta.reply_to_client_md.ipv4_srcAddr=0bv32, s1_meta.sequence_md.seq=0bv16, s1_meta.sequence_md.tmp=0bv16, s1_p4b_checksum_error=false, s1_p4b_checksum_updated=true, s1_p4b_checksum_verified=false, s1_p4b_clone_e2e=false, s1_p4b_clone_i2e=false, s1_p4b_clone_i2i=false, s1_p4b_digest=false, s1_p4b_recirculate=false, s1_pkt_external=true, s1_pop_chain.hit=false, s1_pop_chain_again.hit=false, s1_read_value.hit=false, s1_sequence_reg__dbg0=0bv16, s1_sequence_reg__last0_old_value=0bv16, s1_sequence_reg__last0_old_value__dbg=0bv16, s1_sequence_reg__last0_value=0bv16, s1_sequence_reg__last0_value__dbg=0bv16, s1_sequence_reg__last_index=0bv32, s1_sequence_reg__last_index__dbg=0bv32, s1_sequence_reg__last_old_value=0bv16, s1_sequence_reg__last_old_value__dbg=0bv16, s1_sequence_reg__last_value=0bv16, s1_sequence_reg__last_value__dbg=0bv16, s1_sequence_reg__last_write_site=1, s1_sequence_reg__next_write_site=1, s1_sequence_reg__wrote_any=true, s1_sequence_reg__wrote_any__dbg=true, s1_sequence_reg__wrote_index0=true, s1_sequence_reg__wrote_index0__dbg=true, s1_standard_metadata.checksum_error=0bv1, s1_standard_metadata.deq_qdepth=0bv19, s1_standard_metadata.deq_timedelta=0bv32, s1_standard_metadata.egress_global_timestamp=0bv48, s1_standard_metadata.egress_port=3bv9, s1_standard_metadata.egress_rid=0bv16, s1_standard_metadata.egress_spec=0bv9, s1_standard_metadata.enq_qdepth=0bv19, s1_standard_metadata.enq_timestamp=0bv32, s1_standard_metadata.ingress_global_timestamp=0bv48, s1_standard_metadata.ingress_port=0bv9, s1_standard_metadata.instance_type=0bv32, s1_standard_metadata.mcast_grp=0bv16, s1_standard_metadata.packet_length=0bv32, s1_standard_metadata.parser_error=0bv1, s1_standard_metadata.priority=0bv3, s1_value_reg__dbg0=0bv128, s1_value_reg__last0_old_value=0bv128, s1_value_reg__last0_old_value__dbg=0bv128, s1_value_reg__last0_value=0bv128, s1_value_reg__last0_value__dbg=0bv128, s1_value_reg__last_index=0bv32, s1_value_reg__last_index__dbg=0bv32, s1_value_reg__last_old_value=0bv128, s1_value_reg__last_old_value__dbg=0bv128, s1_value_reg__last_value=0bv128, s1_value_reg__last_value__dbg=0bv128, s1_value_reg__last_write_site=1, s1_value_reg__next_write_site=1, s1_value_reg__wrote_any=true, s1_value_reg__wrote_any__dbg=true, s1_value_reg__wrote_index0=true, s1_value_reg__wrote_index0__dbg=true, s2_find_index.hit=true, s2_hdr.ethernet.dstAddr=0bv48, s2_hdr.ethernet.etherType=2048bv16, s2_hdr.ethernet.srcAddr=0bv48, s2_hdr.ethernet.valid=true, s2_hdr.ipv4.diffserv=0bv8, s2_hdr.ipv4.dstAddr=167797762bv32, s2_hdr.ipv4.flags=0bv3, s2_hdr.ipv4.fragOffset=0bv13, s2_hdr.ipv4.hdrChecksum=0bv16, s2_hdr.ipv4.identification=0bv16, s2_hdr.ipv4.ihl=0bv4, s2_hdr.ipv4.protocol=17bv8, s2_hdr.ipv4.srcAddr=1bv32, s2_hdr.ipv4.totalLen=0bv16, s2_hdr.ipv4.ttl=0bv8, s2_hdr.ipv4.valid=true, s2_hdr.ipv4.version=0bv4, s2_hdr.nc_hdr.key=2024bv128, s2_hdr.nc_hdr.op=12bv8, s2_hdr.nc_hdr.sc=0bv8, s2_hdr.nc_hdr.seq=0bv16, s2_hdr.nc_hdr.valid=true, s2_hdr.nc_hdr.value=0bv128, s2_hdr.nc_hdr.vgroup=0bv16, s2_hdr.overlay.0.swip=167797762bv32, s2_hdr.overlay.0.valid=true, s2_hdr.overlay.1.swip=0bv32, s2_hdr.overlay.1.valid=true, s2_hdr.overlay.2.swip=0bv32, s2_hdr.overlay.2.valid=true, s2_hdr.overlay.3.swip=0bv32, s2_hdr.overlay.3.valid=true, s2_hdr.overlay.4.swip=0bv32, s2_hdr.overlay.4.valid=false, s2_hdr.overlay.5.swip=0bv32, s2_hdr.overlay.5.valid=true, s2_hdr.overlay.6.swip=0bv32, s2_hdr.overlay.6.valid=false, s2_hdr.overlay.7.swip=0bv32, s2_hdr.overlay.7.valid=true, s2_hdr.overlay.8.swip=0bv32, s2_hdr.overlay.8.valid=false, s2_hdr.overlay.9.swip=0bv32, s2_hdr.overlay.9.valid=false, s2_hdr.overlay.last.swip=0bv32, s2_hdr.overlay.last.valid=false, s2_hdr.tcp.ackNo=0bv32, s2_hdr.tcp.checksum=0bv16, s2_hdr.tcp.ctrl=0bv6, s2_hdr.tcp.dataOffset=0bv4, s2_hdr.tcp.dstPort=0bv16, s2_hdr.tcp.ecn=0bv3, s2_hdr.tcp.res=0bv3, s2_hdr.tcp.seqNo=0bv32, s2_hdr.tcp.srcPort=0bv16, s2_hdr.tcp.urgentPtr=0bv16, s2_hdr.tcp.valid=false, s2_hdr.tcp.window=0bv16, s2_hdr.udp.checksum=0bv16, s2_hdr.udp.dstPort=8888bv16, s2_hdr.udp.len=0bv16, s2_hdr.udp.srcPort=0bv16, s2_hdr.udp.valid=true, s2_inbox_count=1, s2_meta.location.index=0bv16, s2_meta.my_md.role=101bv16, s2_p4b_clone_e2e=false, s2_p4b_clone_i2e=false, s2_p4b_clone_i2i=false, s2_p4b_recirculate=false, s2_pkt_external=false, s2_sequence_reg__dbg0=65535bv16, s2_sequence_reg__last0_old_value=0bv16, s2_sequence_reg__last0_old_value__dbg=0bv16, s2_sequence_reg__last0_value=65535bv16, s2_sequence_reg__last0_value__dbg=65535bv16, s2_sequence_reg__last_index=0bv32, s2_sequence_reg__last_index__dbg=0bv32, s2_sequence_reg__last_old_value=0bv16, s2_sequence_reg__last_old_value__dbg=0bv16, s2_sequence_reg__last_value=65535bv16, s2_sequence_reg__last_value__dbg=65535bv16, s2_sequence_reg__last_write_site=0, s2_sequence_reg__next_write_site=0, s2_sequence_reg__wrote_any=true, s2_sequence_reg__wrote_any__dbg=true, s2_sequence_reg__wrote_index0=true, s2_sequence_reg__wrote_index0__dbg=true, s2_value_reg__dbg0=0bv128, s2_value_reg__last0_old_value=0bv128, s2_value_reg__last0_old_value__dbg=0bv128, s2_value_reg__last0_value=0bv128, s2_value_reg__last0_value__dbg=0bv128, s2_value_reg__last_index=0bv32, s2_value_reg__last_index__dbg=0bv32, s2_value_reg__last_old_value=0bv128, s2_value_reg__last_old_value__dbg=0bv128, s2_value_reg__last_value=0bv128, s2_value_reg__last_value__dbg=0bv128, s2_value_reg__last_write_site=0, s2_value_reg__next_write_site=0, s2_value_reg__wrote_any=false, s2_value_reg__wrote_any__dbg=false, s2_value_reg__wrote_index0=false, s2_value_reg__wrote_index0__dbg=false]

  - StatisticsResult: Ultimate Automizer benchmark data
    CFG has 18 procedures, 290 locations, 451 edges, 1 error locations. Started 1 CEGAR loops. OverallTime: 28.0s, OverallIterations: 21, TraceHistogramMax: 2, PathProgramHistogramMax: 1, EmptinessCheckTime: 0.1s, AutomataDifference: 9.8s, DeadEndRemovalTime: 0.0s, HoareAnnotationTime: 0.0s, InitialAbstractionConstructionTime: 0.0s, HoareTripleCheckerStatistics: 0 mSolverCounterUnknown, 7585 SdHoareTripleChecker+Valid, 8.0s IncrementalHoareTripleChecker+Time, 0 mSdLazyCounter, 7543 mSDsluCounter, 13950 SdHoareTripleChecker+Invalid, 7.1s Time, 0 mProtectedAction, 0 SdHoareTripleChecker+Unchecked, 0 IncrementalHoareTripleChecker+Unchecked, 5804 mSDsCounter, 793 IncrementalHoareTripleChecker+Valid, 0 mProtectedPredicate, 3259 IncrementalHoareTripleChecker+Invalid, 4052 SdHoareTripleChecker+Unknown, 0 mSolverCounterNotChecked, 793 mSolverCounterUnsat, 8146 mSDtfsCounter, 3259 mSolverCounterSat, 0.1s SdHoareTripleChecker+Time, 0 IncrementalHoareTripleChecker+Unknown, PredicateUnifierStatistics: 0 DeclaredPredicates, 2953 GetRequests, 2900 SyntacticMatches, 0 SemanticMatches, 53 ConstructedPredicates, 0 IntricatePredicates, 0 DeprecatedPredicates, 56 ImplicationChecksByTransitivity, 0.5s Time, 0.0s BasicInterpolantAutomatonTime, BiggestAbstraction: size=1241occurred in iteration=9, InterpolantAutomatonStates: 83, traceCheckStatistics: No data available, InterpolantConsolidationStatistics: No data available, PathInvariantsStatistics: No data available, 0/0 InterpolantCoveringCapability, TotalInterpolationStatistics: No data available, 0.0s DumpTime, AutomataMinimizationStatistics: 1.8s AutomataMinimizationTime, 20 MinimizatonAttempts, 1986 StatesRemovedByMinimization, 9 NontrivialMinimizations, HoareAnnotationStatistics: No data available, RefinementEngineStatistics: TRACE_CHECK: 1.5s SsaConstructionTime, 1.8s SatisfiabilityAnalysisTime, 5.1s InterpolantComputationTime, 1586 NumberOfCodeBlocks, 1586 NumberOfCodeBlocksAsserted, 21 NumberOfCheckSat, 2934 ConstructedInterpolants, 0 QuantifiedInterpolants, 6312 SizeOfPredicates, 64 NumberOfNonLiveVariables, 12727 ConjunctsInSsa, 54 ConjunctsInUnsatCore, 40 InterpolantComputations, 40 PerfectInterpolantSequences, 48/48 InterpolantCoveringCapability, INVARIANT_SYNTHESIS: No data available, INTERPOLANT_CONSOLIDATION: No data available, ABSTRACT_INTERPRETATION: No data available, PDR: No data available, ACCELERATED_INTERPOLATION: No data available, SIFA: No data available, ReuseStatistics: No data available, ConComCheckerStatistics: No data available
RESULT: Ultimate proved your program to be incorrect!
[2026-07-04 07:18:54,092 INFO  L546       MonitoredProcess]: [MP /usr/bin/z3 SMTLIB2_COMPLIANT=true -memory:2024 -smt2 -in -t:2000 (1)] Ended with exit code 0
Received shutdown request...
