[RUN] taskset -c 0 nice -n 19 ionice -c 3 timeout 960 /home/smy/p4-verify-camera-ready/.tmp/orphan-worktree-20260703-gemcutter/UGemCutter-linux/Ultimate --launcher.ini /home/smy/p4-verify-camera-ready/.tmp/procurator/verify/netchain_wraparound_bug/20260704-071815-3352/wraparound/target.00.s1_sequence_reg/ultimate-home/netchain_wraparound_bug.cegis.00/closure/Ultimate.launcher.ini --core.toolchain.timeout.in.seconds=900 -tc /home/smy/p4-verify-camera-ready/src/dslc/toolchain/ultimate/toolchains/ClosureCheck-ReachSafety.xml -s /home/smy/p4-verify-camera-ready/src/dslc/toolchain/ultimate/settings/gemcutter/base/ReachSafety-32bit-GemCutter-ALL-no-por.epf -i /home/smy/p4-verify-camera-ready/.tmp/procurator/verify/netchain_wraparound_bug/20260704-071815-3352/wraparound/target.00.s1_sequence_reg/netchain_wraparound_bug.cegis.00.closure_check.bpl
Picked up JAVA_TOOL_OPTIONS: -Duser.home=/home/smy/p4-verify-camera-ready/.tmp/procurator/verify/netchain_wraparound_bug/20260704-071815-3352/wraparound/target.00.s1_sequence_reg/ultimate-home/netchain_wraparound_bug.cegis.00/closure
WARNING: A terminally deprecated method in sun.misc.Unsafe has been called
WARNING: sun.misc.Unsafe::staticFieldOffset has been called by org.eclipse.osgi.internal.url.MultiplexingFactory (file:/home/smy/p4-verify-camera-ready/.tmp/orphan-worktree-20260703-gemcutter/UGemCutter-linux/plugins/org.eclipse.osgi_3.20.0.v20240509-1421.jar)
WARNING: Please consider reporting this to the maintainers of class org.eclipse.osgi.internal.url.MultiplexingFactory
WARNING: sun.misc.Unsafe::staticFieldOffset will be removed in a future release
WARNING: A restricted method in java.lang.Runtime has been called
WARNING: java.lang.Runtime::load has been called by org.eclipse.equinox.launcher.JNIBridge in an unnamed module (file:/home/smy/p4-verify-camera-ready/.tmp/orphan-worktree-20260703-gemcutter/UGemCutter-linux/plugins/org.eclipse.equinox.launcher_1.6.800.v20240513-1750.jar)
WARNING: Use --enable-native-access=ALL-UNNAMED to avoid a warning for callers in this module
WARNING: Restricted methods will be blocked in a future release unless native access is enabled

This is Ultimate 0.3.1-dev-35a8436538
[2026-07-04 07:18:57,072 INFO  L188        SettingsManager]: Resetting all preferences to default values...
[2026-07-04 07:18:57,173 INFO  L114        SettingsManager]: Loading settings from /home/smy/p4-verify-camera-ready/src/dslc/toolchain/ultimate/settings/gemcutter/base/ReachSafety-32bit-GemCutter-ALL-no-por.epf
[2026-07-04 07:18:57,180 WARN  L101        SettingsManager]: Preference file contains the following unknown settings:
[2026-07-04 07:18:57,180 WARN  L103        SettingsManager]:   * de.uni_freiburg.informatik.ultimate.core.Log level for class
[2026-07-04 07:18:57,219 INFO  L130        SettingsManager]: Preferences different from defaults after loading the file:
[2026-07-04 07:18:57,219 INFO  L151        SettingsManager]: Preferences of UltimateCore differ from their defaults:
[2026-07-04 07:18:57,219 INFO  L153        SettingsManager]:  * Log level for class=de.uni_freiburg.informatik.ultimate.lib.smtlibutils.quantifier.QuantifierPusher=ERROR;
[2026-07-04 07:18:57,221 INFO  L151        SettingsManager]: Preferences of Boogie Procedure Inliner differ from their defaults:
[2026-07-04 07:18:57,222 INFO  L153        SettingsManager]:  * Ignore calls to procedures called more than once=ONLY_FOR_SEQUENTIAL_PROGRAMS
[2026-07-04 07:18:57,222 INFO  L151        SettingsManager]: Preferences of BlockEncodingV2 differ from their defaults:
[2026-07-04 07:18:57,222 INFO  L153        SettingsManager]:  * Create parallel compositions if possible=false
[2026-07-04 07:18:57,223 INFO  L153        SettingsManager]:  * Use SBE=true
[2026-07-04 07:18:57,227 INFO  L151        SettingsManager]: Preferences of CACSL2BoogieTranslator differ from their defaults:
[2026-07-04 07:18:57,227 INFO  L153        SettingsManager]:  * sizeof long=4
[2026-07-04 07:18:57,227 INFO  L153        SettingsManager]:  * Overapproximate operations on floating types=true
[2026-07-04 07:18:57,227 INFO  L153        SettingsManager]:  * sizeof POINTER=4
[2026-07-04 07:18:57,227 INFO  L153        SettingsManager]:  * Check division by zero=IGNORE
[2026-07-04 07:18:57,227 INFO  L153        SettingsManager]:  * If two pointers are subtracted or compared they have the same base address=IGNORE
[2026-07-04 07:18:57,227 INFO  L153        SettingsManager]:  * Pointer dereference validity=IGNORE
[2026-07-04 07:18:57,227 INFO  L153        SettingsManager]:  * sizeof long double=12
[2026-07-04 07:18:57,227 INFO  L153        SettingsManager]:  * Check if freed pointer was valid=false
[2026-07-04 07:18:57,227 INFO  L153        SettingsManager]:  * Use constant arrays=true
[2026-07-04 07:18:57,227 INFO  L151        SettingsManager]: Preferences of RCFGBuilder differ from their defaults:
[2026-07-04 07:18:57,227 INFO  L153        SettingsManager]:  * Size of a code block=SequenceOfStatements
[2026-07-04 07:18:57,227 INFO  L153        SettingsManager]:  * SMT solver=External_DefaultMode
[2026-07-04 07:18:57,227 INFO  L153        SettingsManager]:  * Command for external solver=z3 SMTLIB2_COMPLIANT=true -memory:2024 -smt2 -in -t:2000
[2026-07-04 07:18:57,228 INFO  L151        SettingsManager]: Preferences of TraceAbstraction differ from their defaults:
[2026-07-04 07:18:57,228 INFO  L153        SettingsManager]:  * Compute Interpolants along a Counterexample=FPandBP
[2026-07-04 07:18:57,228 INFO  L153        SettingsManager]:  * Positions where we compute the Hoare Annotation=LoopHeads
[2026-07-04 07:18:57,228 INFO  L153        SettingsManager]:  * DFS Order used in POR=LOOP_LOCKSTEP
[2026-07-04 07:18:57,228 INFO  L153        SettingsManager]:  * Command for external solver=z3 SMTLIB2_COMPLIANT=true -memory:2024 -smt2 -in
[2026-07-04 07:18:57,228 INFO  L153        SettingsManager]:  * Automaton type used in concurrency analysis=PARTIAL_ORDER_FA
[2026-07-04 07:18:57,228 INFO  L153        SettingsManager]:  * CEGAR restart behaviour=ONE_CEGAR_PER_THREAD_INSTANCE
[2026-07-04 07:18:57,228 INFO  L153        SettingsManager]:  * SMT solver=External_ModelsAndUnsatCoreMode
Applying setting for plugin de.uni_freiburg.informatik.ultimate.core: Toolchain timeout in seconds -> 900
[2026-07-04 07:18:57,728 INFO  L75    nceAwareModelManager]: Repository-Root is: /tmp
[2026-07-04 07:18:57,743 INFO  L261   ainManager$Toolchain]: [Toolchain 1]: Applicable parser(s) successfully (re)initialized
[2026-07-04 07:18:57,749 INFO  L217   ainManager$Toolchain]: [Toolchain 1]: Toolchain selected.
[2026-07-04 07:18:57,752 INFO  L270        PluginConnector]: Initializing Boogie PL CUP Parser...
[2026-07-04 07:18:57,757 INFO  L274        PluginConnector]: Boogie PL CUP Parser initialized
[2026-07-04 07:18:57,758 INFO  L431   ainManager$Toolchain]: [Toolchain 1]: Parsing single file: /home/smy/p4-verify-camera-ready/.tmp/procurator/verify/netchain_wraparound_bug/20260704-071815-3352/wraparound/target.00.s1_sequence_reg/netchain_wraparound_bug.cegis.00.closure_check.bpl
[2026-07-04 07:18:57,758 INFO  L110           BoogieParser]: Parsing: '/home/smy/p4-verify-camera-ready/.tmp/procurator/verify/netchain_wraparound_bug/20260704-071815-3352/wraparound/target.00.s1_sequence_reg/netchain_wraparound_bug.cegis.00.closure_check.bpl'
[2026-07-04 07:18:57,861 INFO  L299   ainManager$Toolchain]: ####################### [Toolchain 1] #######################
[2026-07-04 07:18:57,862 INFO  L133        ToolchainWalker]: Walking toolchain with 4 elements.
[2026-07-04 07:18:57,870 INFO  L112        PluginConnector]: ------------------------Boogie Procedure Inliner----------------------------
[2026-07-04 07:18:57,870 INFO  L270        PluginConnector]: Initializing Boogie Procedure Inliner...
[2026-07-04 07:18:57,870 INFO  L274        PluginConnector]: Boogie Procedure Inliner initialized
[2026-07-04 07:18:57,877 INFO  L184        PluginConnector]: Executing the observer TypeChecker from plugin Boogie Procedure Inliner for "netchain_wraparound_bug.cegis.00.closure_check.bpl de.uni_freiburg.informatik.ultimate.boogie.parser AST 04.07 07:18:57" (1/1) ...
[2026-07-04 07:18:57,920 INFO  L184        PluginConnector]: Executing the observer Inliner from plugin Boogie Procedure Inliner for "netchain_wraparound_bug.cegis.00.closure_check.bpl de.uni_freiburg.informatik.ultimate.boogie.parser AST 04.07 07:18:57" (1/1) ...
[2026-07-04 07:18:57,979 INFO  L138                Inliner]: procedures = 130, calls = 97, calls flagged for inlining = 69, calls inlined = 69, statements flattened = 1085
[2026-07-04 07:18:57,980 INFO  L131        PluginConnector]: ------------------------ END Boogie Procedure Inliner----------------------------
[2026-07-04 07:18:57,993 INFO  L112        PluginConnector]: ------------------------Boogie Preprocessor----------------------------
[2026-07-04 07:18:57,993 INFO  L270        PluginConnector]: Initializing Boogie Preprocessor...
[2026-07-04 07:18:57,993 INFO  L274        PluginConnector]: Boogie Preprocessor initialized
[2026-07-04 07:18:58,001 INFO  L184        PluginConnector]: Executing the observer EnsureBoogieModelObserver from plugin Boogie Preprocessor for "netchain_wraparound_bug.cegis.00.closure_check.bpl de.uni_freiburg.informatik.ultimate.boogie.parser AST 04.07 07:18:57" (1/1) ...
[2026-07-04 07:18:58,002 INFO  L184        PluginConnector]: Executing the observer TypeChecker from plugin Boogie Preprocessor for "netchain_wraparound_bug.cegis.00.closure_check.bpl de.uni_freiburg.informatik.ultimate.boogie.parser AST 04.07 07:18:57" (1/1) ...
[2026-07-04 07:18:58,015 INFO  L184        PluginConnector]: Executing the observer ConstExpander from plugin Boogie Preprocessor for "netchain_wraparound_bug.cegis.00.closure_check.bpl de.uni_freiburg.informatik.ultimate.boogie.parser AST 04.07 07:18:57" (1/1) ...
[2026-07-04 07:18:58,016 INFO  L184        PluginConnector]: Executing the observer StructExpander from plugin Boogie Preprocessor for "netchain_wraparound_bug.cegis.00.closure_check.bpl de.uni_freiburg.informatik.ultimate.boogie.parser AST 04.07 07:18:57" (1/1) ...
[2026-07-04 07:18:58,046 INFO  L184        PluginConnector]: Executing the observer ReplaceArrayAssignments from plugin Boogie Preprocessor for "netchain_wraparound_bug.cegis.00.closure_check.bpl de.uni_freiburg.informatik.ultimate.boogie.parser AST 04.07 07:18:57" (1/1) ...
[2026-07-04 07:18:58,057 INFO  L184        PluginConnector]: Executing the observer UnstructureCode from plugin Boogie Preprocessor for "netchain_wraparound_bug.cegis.00.closure_check.bpl de.uni_freiburg.informatik.ultimate.boogie.parser AST 04.07 07:18:57" (1/1) ...
[2026-07-04 07:18:58,061 INFO  L184        PluginConnector]: Executing the observer FunctionInliner from plugin Boogie Preprocessor for "netchain_wraparound_bug.cegis.00.closure_check.bpl de.uni_freiburg.informatik.ultimate.boogie.parser AST 04.07 07:18:57" (1/1) ...
[2026-07-04 07:18:58,083 INFO  L184        PluginConnector]: Executing the observer LTLStepAnnotator from plugin Boogie Preprocessor for "netchain_wraparound_bug.cegis.00.closure_check.bpl de.uni_freiburg.informatik.ultimate.boogie.parser AST 04.07 07:18:57" (1/1) ...
[2026-07-04 07:18:58,093 INFO  L184        PluginConnector]: Executing the observer BoogieSymbolTableConstructor from plugin Boogie Preprocessor for "netchain_wraparound_bug.cegis.00.closure_check.bpl de.uni_freiburg.informatik.ultimate.boogie.parser AST 04.07 07:18:57" (1/1) ...
[2026-07-04 07:18:58,117 INFO  L131        PluginConnector]: ------------------------ END Boogie Preprocessor----------------------------
[2026-07-04 07:18:58,118 INFO  L112        PluginConnector]: ------------------------RCFGBuilder----------------------------
[2026-07-04 07:18:58,118 INFO  L270        PluginConnector]: Initializing RCFGBuilder...
[2026-07-04 07:18:58,118 INFO  L274        PluginConnector]: RCFGBuilder initialized
[2026-07-04 07:18:58,119 INFO  L184        PluginConnector]: Executing the observer RCFGBuilderObserver from plugin RCFGBuilder for "netchain_wraparound_bug.cegis.00.closure_check.bpl de.uni_freiburg.informatik.ultimate.boogie.parser AST 04.07 07:18:57" (1/1) ...
[2026-07-04 07:18:58,131 INFO  L173          SolverBuilder]: Constructing external solver with command: z3 SMTLIB2_COMPLIANT=true -memory:2024 -smt2 -in -t:2000
[2026-07-04 07:18:58,155 INFO  L189       MonitoredProcess]: No working directory specified, using /usr/bin/z3
[2026-07-04 07:18:58,184 INFO  L229       MonitoredProcess]: Starting monitored process 1 with /usr/bin/z3 SMTLIB2_COMPLIANT=true -memory:2024 -smt2 -in -t:2000 (exit command is (exit), workingDir is null)
[2026-07-04 07:18:58,194 INFO  L327       MonitoredProcess]: [MP /usr/bin/z3 SMTLIB2_COMPLIANT=true -memory:2024 -smt2 -in -t:2000 (1)] Waiting until timeout for monitored process
[2026-07-04 07:18:58,265 INFO  L124     BoogieDeclarations]: Specification and implementation of procedure s1_Forward given in one single declaration
[2026-07-04 07:18:58,265 INFO  L130     BoogieDeclarations]: Found specification of procedure s1_Forward
[2026-07-04 07:18:58,265 INFO  L138     BoogieDeclarations]: Found implementation of procedure s1_Forward
[2026-07-04 07:18:58,266 INFO  L130     BoogieDeclarations]: Found specification of procedure s2_mark_to_drop
[2026-07-04 07:18:58,266 INFO  L130     BoogieDeclarations]: Found specification of procedure s1_packet_in.extract
[2026-07-04 07:18:58,266 INFO  L124     BoogieDeclarations]: Specification and implementation of procedure s2_Forward given in one single declaration
[2026-07-04 07:18:58,266 INFO  L130     BoogieDeclarations]: Found specification of procedure s2_Forward
[2026-07-04 07:18:58,266 INFO  L138     BoogieDeclarations]: Found implementation of procedure s2_Forward
[2026-07-04 07:18:58,266 INFO  L124     BoogieDeclarations]: Specification and implementation of procedure s1_pop_chain_act given in one single declaration
[2026-07-04 07:18:58,266 INFO  L130     BoogieDeclarations]: Found specification of procedure s1_pop_chain_act
[2026-07-04 07:18:58,266 INFO  L138     BoogieDeclarations]: Found implementation of procedure s1_pop_chain_act
[2026-07-04 07:18:58,266 INFO  L124     BoogieDeclarations]: Specification and implementation of procedure s2_pop_chain_act given in one single declaration
[2026-07-04 07:18:58,266 INFO  L130     BoogieDeclarations]: Found specification of procedure s2_pop_chain_act
[2026-07-04 07:18:58,266 INFO  L138     BoogieDeclarations]: Found implementation of procedure s2_pop_chain_act
[2026-07-04 07:18:58,266 INFO  L130     BoogieDeclarations]: Found specification of procedure s1_reject
[2026-07-04 07:18:58,266 INFO  L130     BoogieDeclarations]: Found specification of procedure s1_packet_in.extract.headers.overlay.next
[2026-07-04 07:18:58,266 INFO  L130     BoogieDeclarations]: Found specification of procedure s1_mark_to_drop
[2026-07-04 07:18:58,266 INFO  L124     BoogieDeclarations]: Specification and implementation of procedure s2_mainProcedure given in one single declaration
[2026-07-04 07:18:58,266 INFO  L130     BoogieDeclarations]: Found specification of procedure s2_mainProcedure
[2026-07-04 07:18:58,266 INFO  L138     BoogieDeclarations]: Found implementation of procedure s2_mainProcedure
[2026-07-04 07:18:58,266 INFO  L130     BoogieDeclarations]: Found specification of procedure s2_packet_in.extract.headers.overlay.next
[2026-07-04 07:18:58,266 INFO  L124     BoogieDeclarations]: Specification and implementation of procedure s1_mainProcedure given in one single declaration
[2026-07-04 07:18:58,266 INFO  L130     BoogieDeclarations]: Found specification of procedure s1_mainProcedure
[2026-07-04 07:18:58,266 INFO  L138     BoogieDeclarations]: Found implementation of procedure s1_mainProcedure
[2026-07-04 07:18:58,266 INFO  L130     BoogieDeclarations]: Found specification of procedure s2_reject
[2026-07-04 07:18:58,267 INFO  L130     BoogieDeclarations]: Found specification of procedure s2_packet_in.extract
[2026-07-04 07:18:58,267 INFO  L124     BoogieDeclarations]: Specification and implementation of procedure ULTIMATE.start given in one single declaration
[2026-07-04 07:18:58,267 INFO  L130     BoogieDeclarations]: Found specification of procedure ULTIMATE.start
[2026-07-04 07:18:58,267 INFO  L138     BoogieDeclarations]: Found implementation of procedure ULTIMATE.start
[2026-07-04 07:18:58,637 INFO  L234             CfgBuilder]: Building ICFG
[2026-07-04 07:18:58,642 INFO  L260             CfgBuilder]: Building CFG for each procedure with an implementation
[2026-07-04 07:18:59,588 INFO  L?                        ?]: Removed 9 outVars from TransFormulas that were not future-live.
[2026-07-04 07:18:59,588 INFO  L283             CfgBuilder]: Performing block encoding
[2026-07-04 07:18:59,603 INFO  L89      LargeBlockEncoding]: Applying CFG Large Block Encoding to ICFG that has 7 procedures, 202 locations, 295 edges, 0 initial locations, 0 loop locations, and 1 error locations.
[2026-07-04 07:18:59,632 INFO  L139     LargeBlockEncoding]: LargeBlockEncoding completed in 42 ms, with 0 straightline sequential compositions, 0 parallel compositions, 0 1:n/n:1 sequential compositions and 0 complex sequential compositions.
[2026-07-04 07:18:59,641 INFO  L307             CfgBuilder]: Using the 1 location(s) as analysis (start of procedure ULTIMATE.start)
[2026-07-04 07:18:59,641 INFO  L312             CfgBuilder]: Removed 6 assume(true) statements.
[2026-07-04 07:18:59,642 INFO  L314             CfgBuilder]: Constructed ICFG has 7 procedures, 202 locations, 295 edges, 1 initial locations, 0 loop locations, and 1 error locations.
[2026-07-04 07:18:59,642 INFO  L201        PluginConnector]: Adding new model netchain_wraparound_bug.cegis.00.closure_check.bpl de.uni_freiburg.informatik.ultimate.plugins.generator.rcfgbuilder CFG 04.07 07:18:59 BoogieIcfgContainer
[2026-07-04 07:18:59,642 INFO  L131        PluginConnector]: ------------------------ END RCFGBuilder----------------------------
[2026-07-04 07:18:59,644 INFO  L112        PluginConnector]: ------------------------TraceAbstraction----------------------------
[2026-07-04 07:18:59,644 INFO  L270        PluginConnector]: Initializing TraceAbstraction...
[2026-07-04 07:18:59,647 INFO  L274        PluginConnector]: TraceAbstraction initialized
[2026-07-04 07:18:59,648 INFO  L184        PluginConnector]: Executing the observer TraceAbstractionObserver from plugin TraceAbstraction for "netchain_wraparound_bug.cegis.00.closure_check.bpl de.uni_freiburg.informatik.ultimate.boogie.parser AST 04.07 07:18:57" (1/2) ...
[2026-07-04 07:18:59,648 INFO  L204        PluginConnector]: Invalid model from TraceAbstraction for observer de.uni_freiburg.informatik.ultimate.plugins.generator.traceabstraction.TraceAbstractionObserver@4536cb91 and model type netchain_wraparound_bug.cegis.00.closure_check.bpl de.uni_freiburg.informatik.ultimate.plugins.generator.traceabstraction AST 04.07 07:18:59, skipping insertion in model container
[2026-07-04 07:18:59,648 INFO  L184        PluginConnector]: Executing the observer TraceAbstractionObserver from plugin TraceAbstraction for "netchain_wraparound_bug.cegis.00.closure_check.bpl de.uni_freiburg.informatik.ultimate.plugins.generator.rcfgbuilder CFG 04.07 07:18:59" (2/2) ...
[2026-07-04 07:18:59,651 INFO  L128   eAbstractionObserver]: Analyzing ICFG netchain_wraparound_bug.cegis.00.closure_check.bpl
[2026-07-04 07:18:59,659 INFO  L217   ceAbstractionStarter]: Automizer settings: Hoare:LoopHeads NWA Interpolation:FPandBP Determinization: PREDICATE_ABSTRACTION
[2026-07-04 07:18:59,660 INFO  L151   ceAbstractionStarter]: Applying trace abstraction to ICFG netchain_wraparound_bug.cegis.00.closure_check.bpl that has 7 procedures, 202 locations, 295 edges, 1 initial locations, 0 loop locations, and 1 error locations.
[2026-07-04 07:18:59,660 WARN  L366   ceAbstractionStarter]: Program is not concurrent. Changing CEGAR restart behaviour to ONLY_ONE_CEGAR
[2026-07-04 07:18:59,769 INFO  L344      AbstractCegarLoop]: ======== Iteration 0 == of CEGAR loop == AllErrorsAtOnce ========
[2026-07-04 07:18:59,784 INFO  L345      AbstractCegarLoop]: Settings: SEPARATE_VIOLATION_CHECK=true, mInterprocedural=true, mMaxIterations=1000000, mWatchIteration=1000000, mArtifact=RCFG, mInterpolation=FPandBP, mInterpolantAutomaton=STRAIGHT_LINE, mDumpAutomata=false, mAutomataFormat=ATS_NUMERATE, mDumpPath=., mDeterminiation=PREDICATE_ABSTRACTION, mMinimize=MINIMIZE_SEVPA, mAutomataTypeConcurrency=PARTIAL_ORDER_FA, mHoareTripleChecks=INCREMENTAL, mHoareAnnotationPositions=LoopHeads, mDumpOnlyReuseAutomata=false, mLimitTraceHistogram=0, mErrorLocTimeLimit=0, mLimitPathProgramCount=0, mCollectInterpolantStatistics=true, mHeuristicEmptinessCheck=false, mHeuristicEmptinessCheckAStarHeuristic=ZERO, mHeuristicEmptinessCheckAStarHeuristicRandomSeed=1337, mHeuristicEmptinessCheckSmtFeatureScoringMethod=DAGSIZE, mSMTFeatureExtraction=false, mSMTFeatureExtractionDumpPath=., mOverrideInterpolantAutomaton=false, mMcrInterpolantMethod=WP, mPorIndependenceSettings=[Lde.uni_freiburg.informatik.ultimate.lib.tracecheckerutils.partialorder.independence.IndependenceSettings;@a156241, mLbeIndependenceSettings=[IndependenceType=SEMANTIC, AbstractionType=NONE, UseConditional=false, UseSemiCommutativity=true, Solver=Z3, SolverTimeout=1000ms]
[2026-07-04 07:18:59,784 INFO  L346      AbstractCegarLoop]: Starting to check reachability of 1 error locations.
[2026-07-04 07:18:59,798 INFO  L278                IsEmpty]: Start isEmpty. Operand  has 202 states, 188 states have (on average 1.4734042553191489) internal successors, (277), 190 states have internal predecessors, (277), 6 states have call successors, (6), 6 states have call predecessors, (6), 6 states have return successors, (6), 6 states have call predecessors, (6), 6 states have call successors, (6)
[2026-07-04 07:18:59,810 INFO  L284                IsEmpty]: Finished isEmpty. Found accepting run of length 37
[2026-07-04 07:18:59,810 INFO  L199           NwaCegarLoop]: Found error trace
[2026-07-04 07:18:59,810 INFO  L207           NwaCegarLoop]: trace histogram [1, 1, 1, 1, 1, 1, 1, 1, 1, 1, 1, 1, 1, 1, 1, 1, 1, 1, 1, 1, 1, 1, 1, 1, 1, 1, 1, 1, 1, 1, 1, 1, 1, 1, 1, 1]
[2026-07-04 07:18:59,810 INFO  L408      AbstractCegarLoop]: === Iteration 1 === Targeting ULTIMATE.startErr0ASSERT_VIOLATIONASSERT === [ULTIMATE.startErr0ASSERT_VIOLATIONASSERT] ===
[2026-07-04 07:18:59,817 INFO  L156       PredicateUnifier]: Initialized classic predicate unifier
[2026-07-04 07:18:59,817 INFO  L85        PathProgramCache]: Analyzing trace with hash 1961044804, now seen corresponding path program 1 times
[2026-07-04 07:18:59,828 INFO  L118   FreeRefinementEngine]: Executing refinement strategy FIXED_PREFERENCES
[2026-07-04 07:18:59,829 INFO  L324   FreeRefinementEngine]: Using trace check IpTcStrategyModulePreferences [1498285966]
[2026-07-04 07:18:59,829 INFO  L97    rtionOrderModulation]: Keeping assertion order NOT_INCREMENTALLY
[2026-07-04 07:18:59,830 INFO  L173          SolverBuilder]: Constructing external solver with command: z3 SMTLIB2_COMPLIANT=true -memory:2024 -smt2 -in
[2026-07-04 07:18:59,832 INFO  L189       MonitoredProcess]: No working directory specified, using /usr/bin/z3
[2026-07-04 07:18:59,840 INFO  L229       MonitoredProcess]: Starting monitored process 2 with /usr/bin/z3 SMTLIB2_COMPLIANT=true -memory:2024 -smt2 -in (exit command is (exit), workingDir is null)
[2026-07-04 07:18:59,847 INFO  L327       MonitoredProcess]: [MP /usr/bin/z3 SMTLIB2_COMPLIANT=true -memory:2024 -smt2 -in (2)] Waiting until timeout for monitored process
[2026-07-04 07:19:00,332 INFO  L108    AnnotateAndAsserter]: Assert order NOT_INCREMENTALLY partitioned 36 statements into 1 equivalence classes.
[2026-07-04 07:19:00,461 INFO  L111    AnnotateAndAsserter]: Assert order NOT_INCREMENTALLY issued 1 check-sat command(s) and asserted 36 of 36 statements.
[2026-07-04 07:19:00,461 INFO  L114    AnnotateAndAsserter]: Assert order NOT_INCREMENTALLY issued 1 check-sat command(s)
[2026-07-04 07:19:00,461 INFO  L115    AnnotateAndAsserter]: Conjunction of SSA is unsat
[2026-07-04 07:19:00,467 INFO  L256         TraceCheckSpWp]: Trace formula consists of 634 conjuncts, 2 conjuncts are in the unsatisfiable core
[2026-07-04 07:19:00,477 INFO  L279         TraceCheckSpWp]: Computing forward predicates...
[2026-07-04 07:19:00,523 INFO  L134       CoverageAnalysis]: Checked inductivity of 0 backedges. 0 proven. 0 refuted. 0 times theorem prover too weak. 0 trivial. 0 not checked.
[2026-07-04 07:19:00,524 INFO  L312         TraceCheckSpWp]: Computing backward predicates...
[2026-07-04 07:19:00,636 INFO  L134       CoverageAnalysis]: Checked inductivity of 0 backedges. 0 proven. 0 refuted. 0 times theorem prover too weak. 0 trivial. 0 not checked.
[2026-07-04 07:19:00,636 INFO  L136   FreeRefinementEngine]: Strategy FIXED_PREFERENCES found an infeasible trace
[2026-07-04 07:19:00,637 INFO  L324   FreeRefinementEngine]: Using interpolant generator IpTcStrategyModulePreferences [1498285966]
[2026-07-04 07:19:00,637 INFO  L158   FreeRefinementEngine]: IpTcStrategyModulePreferences [1498285966] provided 2 perfect and 0 imperfect interpolant sequences
[2026-07-04 07:19:00,637 INFO  L185   FreeRefinementEngine]: Found 2 perfect and 0 imperfect interpolant sequences.
[2026-07-04 07:19:00,638 INFO  L198   FreeRefinementEngine]: Number of different interpolants: perfect sequences [3, 4] imperfect sequences [] total 4
[2026-07-04 07:19:00,639 INFO  L121   tionRefinementEngine]: Using interpolant automaton builder IpAbStrategyModuleStraightlineAll [1352919158]
[2026-07-04 07:19:00,639 INFO  L85    oduleStraightlineAll]: Using 2 perfect interpolants to construct interpolant automaton
[2026-07-04 07:19:00,654 INFO  L567      AbstractCegarLoop]: INTERPOLANT automaton has 4 states
[2026-07-04 07:19:00,654 INFO  L100   FreeRefinementEngine]: Using predicate unifier PredicateUnifier provided by strategy FIXED_PREFERENCES
[2026-07-04 07:19:00,679 INFO  L144   InterpolantAutomaton]: Constructing interpolant automaton starting with 4 interpolants.
[2026-07-04 07:19:00,679 INFO  L146   InterpolantAutomaton]: CoverageRelationStatistics Valid=5, Invalid=7, Unknown=0, NotChecked=0, Total=12
[2026-07-04 07:19:00,690 INFO  L87              Difference]: Start difference. First operand  has 202 states, 188 states have (on average 1.4734042553191489) internal successors, (277), 190 states have internal predecessors, (277), 6 states have call successors, (6), 6 states have call predecessors, (6), 6 states have return successors, (6), 6 states have call predecessors, (6), 6 states have call successors, (6) Second operand  has 4 states, 4 states have (on average 13.5) internal successors, (54), 4 states have internal predecessors, (54), 2 states have call successors, (4), 3 states have call predecessors, (4), 3 states have return successors, (4), 1 states have call predecessors, (4), 2 states have call successors, (4)
[2026-07-04 07:19:00,962 INFO  L144             Difference]: Subtrahend was deterministic. Have not used determinization.
[2026-07-04 07:19:00,962 INFO  L93              Difference]: Finished difference Result 402 states and 577 transitions.
[2026-07-04 07:19:00,965 INFO  L140   InterpolantAutomaton]: Switched to read-only mode: deterministic interpolant automaton has 3 states. 
[2026-07-04 07:19:00,968 INFO  L79                 Accepts]: Start accepts. Automaton has  has 4 states, 4 states have (on average 13.5) internal successors, (54), 4 states have internal predecessors, (54), 2 states have call successors, (4), 3 states have call predecessors, (4), 3 states have return successors, (4), 1 states have call predecessors, (4), 2 states have call successors, (4) Word has length 36
[2026-07-04 07:19:00,968 INFO  L85                 Accepts]: Finished accepts. some prefix is accepted.
[2026-07-04 07:19:00,979 INFO  L225             Difference]: With dead ends: 402
[2026-07-04 07:19:00,979 INFO  L226             Difference]: Without dead ends: 198
[2026-07-04 07:19:00,985 INFO  L425           NwaCegarLoop]: 0 DeclaredPredicates, 70 GetRequests, 68 SyntacticMatches, 0 SemanticMatches, 2 ConstructedPredicates, 0 IntricatePredicates, 0 DeprecatedPredicates, 0 ImplicationChecksByTransitivity, 0.0s TimeCoverageRelationStatistics Valid=5, Invalid=7, Unknown=0, NotChecked=0, Total=12
[2026-07-04 07:19:00,987 INFO  L426           NwaCegarLoop]: 280 mSDtfsCounter, 274 mSDsluCounter, 271 mSDsCounter, 0 mSdLazyCounter, 17 mSolverCounterSat, 0 mSolverCounterUnsat, 0 mSolverCounterUnknown, 0 mSolverCounterNotChecked, 0.2s Time, 0 mProtectedPredicate, 0 mProtectedAction, 274 SdHoareTripleChecker+Valid, 551 SdHoareTripleChecker+Invalid, 17 SdHoareTripleChecker+Unknown, 0 SdHoareTripleChecker+Unchecked, 0.0s SdHoareTripleChecker+Time, 0 IncrementalHoareTripleChecker+Valid, 17 IncrementalHoareTripleChecker+Invalid, 0 IncrementalHoareTripleChecker+Unknown, 0 IncrementalHoareTripleChecker+Unchecked, 0.2s IncrementalHoareTripleChecker+Time
[2026-07-04 07:19:00,987 INFO  L427           NwaCegarLoop]: SdHoareTripleChecker [274 Valid, 551 Invalid, 17 Unknown, 0 Unchecked, 0.0s Time], IncrementalHoareTripleChecker [0 Valid, 17 Invalid, 0 Unknown, 0 Unchecked, 0.2s Time]
[2026-07-04 07:19:01,008 INFO  L82        GeneralOperation]: Start minimizeSevpa. Operand 198 states.
[2026-07-04 07:19:01,048 INFO  L88        GeneralOperation]: Finished minimizeSevpa. Reduced states from 198 to 198.
[2026-07-04 07:19:01,051 INFO  L82        GeneralOperation]: Start removeUnreachable. Operand  has 198 states, 185 states have (on average 1.4378378378378378) internal successors, (266), 186 states have internal predecessors, (266), 6 states have call successors, (6), 6 states have call predecessors, (6), 6 states have return successors, (6), 6 states have call predecessors, (6), 6 states have call successors, (6)
[2026-07-04 07:19:01,054 INFO  L88        GeneralOperation]: Finished removeUnreachable. Reduced from 198 states to 198 states and 278 transitions.
[2026-07-04 07:19:01,055 INFO  L79                 Accepts]: Start accepts. Automaton has 198 states and 278 transitions. Word has length 36
[2026-07-04 07:19:01,055 INFO  L85                 Accepts]: Finished accepts. word is rejected.
[2026-07-04 07:19:01,055 INFO  L490      AbstractCegarLoop]: Abstraction has 198 states and 278 transitions.
[2026-07-04 07:19:01,055 INFO  L491      AbstractCegarLoop]: INTERPOLANT automaton has  has 4 states, 4 states have (on average 13.5) internal successors, (54), 4 states have internal predecessors, (54), 2 states have call successors, (4), 3 states have call predecessors, (4), 3 states have return successors, (4), 1 states have call predecessors, (4), 2 states have call successors, (4)
[2026-07-04 07:19:01,055 INFO  L278                IsEmpty]: Start isEmpty. Operand 198 states and 278 transitions.
[2026-07-04 07:19:01,056 INFO  L284                IsEmpty]: Finished isEmpty. Found accepting run of length 39
[2026-07-04 07:19:01,056 INFO  L199           NwaCegarLoop]: Found error trace
[2026-07-04 07:19:01,056 INFO  L207           NwaCegarLoop]: trace histogram [1, 1, 1, 1, 1, 1, 1, 1, 1, 1, 1, 1, 1, 1, 1, 1, 1, 1, 1, 1, 1, 1, 1, 1, 1, 1, 1, 1, 1, 1, 1, 1, 1, 1, 1, 1, 1, 1]
[2026-07-04 07:19:01,073 INFO  L534       MonitoredProcess]: [MP /usr/bin/z3 SMTLIB2_COMPLIANT=true -memory:2024 -smt2 -in (2)] Forceful destruction successful, exit code 0
[2026-07-04 07:19:01,262 WARN  L471      AbstractCegarLoop]: Destroyed unattended storables created during the last iteration: 2 /usr/bin/z3 SMTLIB2_COMPLIANT=true -memory:2024 -smt2 -in
[2026-07-04 07:19:01,262 INFO  L408      AbstractCegarLoop]: === Iteration 2 === Targeting ULTIMATE.startErr0ASSERT_VIOLATIONASSERT === [ULTIMATE.startErr0ASSERT_VIOLATIONASSERT] ===
[2026-07-04 07:19:01,263 INFO  L156       PredicateUnifier]: Initialized classic predicate unifier
[2026-07-04 07:19:01,263 INFO  L85        PathProgramCache]: Analyzing trace with hash 2135339070, now seen corresponding path program 1 times
[2026-07-04 07:19:01,263 INFO  L118   FreeRefinementEngine]: Executing refinement strategy FIXED_PREFERENCES
[2026-07-04 07:19:01,264 INFO  L324   FreeRefinementEngine]: Using trace check IpTcStrategyModulePreferences [990040562]
[2026-07-04 07:19:01,264 INFO  L97    rtionOrderModulation]: Keeping assertion order NOT_INCREMENTALLY
[2026-07-04 07:19:01,264 INFO  L173          SolverBuilder]: Constructing external solver with command: z3 SMTLIB2_COMPLIANT=true -memory:2024 -smt2 -in
[2026-07-04 07:19:01,265 INFO  L189       MonitoredProcess]: No working directory specified, using /usr/bin/z3
[2026-07-04 07:19:01,269 INFO  L229       MonitoredProcess]: Starting monitored process 3 with /usr/bin/z3 SMTLIB2_COMPLIANT=true -memory:2024 -smt2 -in (exit command is (exit), workingDir is null)
[2026-07-04 07:19:01,270 INFO  L327       MonitoredProcess]: [MP /usr/bin/z3 SMTLIB2_COMPLIANT=true -memory:2024 -smt2 -in (3)] Waiting until timeout for monitored process
[2026-07-04 07:19:01,493 INFO  L108    AnnotateAndAsserter]: Assert order NOT_INCREMENTALLY partitioned 38 statements into 1 equivalence classes.
[2026-07-04 07:19:01,573 INFO  L111    AnnotateAndAsserter]: Assert order NOT_INCREMENTALLY issued 1 check-sat command(s) and asserted 38 of 38 statements.
[2026-07-04 07:19:01,573 INFO  L114    AnnotateAndAsserter]: Assert order NOT_INCREMENTALLY issued 1 check-sat command(s)
[2026-07-04 07:19:01,573 INFO  L115    AnnotateAndAsserter]: Conjunction of SSA is unsat
[2026-07-04 07:19:01,581 INFO  L256         TraceCheckSpWp]: Trace formula consists of 638 conjuncts, 2 conjuncts are in the unsatisfiable core
[2026-07-04 07:19:01,582 INFO  L279         TraceCheckSpWp]: Computing forward predicates...
[2026-07-04 07:19:01,601 INFO  L134       CoverageAnalysis]: Checked inductivity of 0 backedges. 0 proven. 0 refuted. 0 times theorem prover too weak. 0 trivial. 0 not checked.
[2026-07-04 07:19:01,601 INFO  L312         TraceCheckSpWp]: Computing backward predicates...
[2026-07-04 07:19:01,612 INFO  L134       CoverageAnalysis]: Checked inductivity of 0 backedges. 0 proven. 0 refuted. 0 times theorem prover too weak. 0 trivial. 0 not checked.
[2026-07-04 07:19:01,612 INFO  L136   FreeRefinementEngine]: Strategy FIXED_PREFERENCES found an infeasible trace
[2026-07-04 07:19:01,612 INFO  L324   FreeRefinementEngine]: Using interpolant generator IpTcStrategyModulePreferences [990040562]
[2026-07-04 07:19:01,613 INFO  L158   FreeRefinementEngine]: IpTcStrategyModulePreferences [990040562] provided 2 perfect and 0 imperfect interpolant sequences
[2026-07-04 07:19:01,613 INFO  L185   FreeRefinementEngine]: Found 2 perfect and 0 imperfect interpolant sequences.
[2026-07-04 07:19:01,613 INFO  L198   FreeRefinementEngine]: Number of different interpolants: perfect sequences [3, 3] imperfect sequences [] total 3
[2026-07-04 07:19:01,613 INFO  L121   tionRefinementEngine]: Using interpolant automaton builder IpAbStrategyModuleStraightlineAll [267863229]
[2026-07-04 07:19:01,613 INFO  L85    oduleStraightlineAll]: Using 2 perfect interpolants to construct interpolant automaton
[2026-07-04 07:19:01,614 INFO  L567      AbstractCegarLoop]: INTERPOLANT automaton has 3 states
[2026-07-04 07:19:01,614 INFO  L100   FreeRefinementEngine]: Using predicate unifier PredicateUnifier provided by strategy FIXED_PREFERENCES
[2026-07-04 07:19:01,614 INFO  L144   InterpolantAutomaton]: Constructing interpolant automaton starting with 3 interpolants.
[2026-07-04 07:19:01,614 INFO  L146   InterpolantAutomaton]: CoverageRelationStatistics Valid=3, Invalid=3, Unknown=0, NotChecked=0, Total=6
[2026-07-04 07:19:01,614 INFO  L87              Difference]: Start difference. First operand 198 states and 278 transitions. Second operand  has 3 states, 3 states have (on average 12.0) internal successors, (36), 3 states have internal predecessors, (36), 2 states have call successors, (3), 2 states have call predecessors, (3), 2 states have return successors, (3), 1 states have call predecessors, (3), 2 states have call successors, (3)
[2026-07-04 07:19:01,654 INFO  L144             Difference]: Subtrahend was deterministic. Have not used determinization.
[2026-07-04 07:19:01,654 INFO  L93              Difference]: Finished difference Result 378 states and 531 transitions.
[2026-07-04 07:19:01,661 INFO  L140   InterpolantAutomaton]: Switched to read-only mode: deterministic interpolant automaton has 3 states. 
[2026-07-04 07:19:01,661 INFO  L79                 Accepts]: Start accepts. Automaton has  has 3 states, 3 states have (on average 12.0) internal successors, (36), 3 states have internal predecessors, (36), 2 states have call successors, (3), 2 states have call predecessors, (3), 2 states have return successors, (3), 1 states have call predecessors, (3), 2 states have call successors, (3) Word has length 38
[2026-07-04 07:19:01,661 INFO  L85                 Accepts]: Finished accepts. some prefix is accepted.
[2026-07-04 07:19:01,662 INFO  L225             Difference]: With dead ends: 378
[2026-07-04 07:19:01,663 INFO  L226             Difference]: Without dead ends: 197
[2026-07-04 07:19:01,663 INFO  L425           NwaCegarLoop]: 0 DeclaredPredicates, 74 GetRequests, 73 SyntacticMatches, 0 SemanticMatches, 1 ConstructedPredicates, 0 IntricatePredicates, 0 DeprecatedPredicates, 0 ImplicationChecksByTransitivity, 0.0s TimeCoverageRelationStatistics Valid=3, Invalid=3, Unknown=0, NotChecked=0, Total=6
[2026-07-04 07:19:01,663 INFO  L426           NwaCegarLoop]: 273 mSDtfsCounter, 269 mSDsluCounter, 4 mSDsCounter, 0 mSdLazyCounter, 2 mSolverCounterSat, 2 mSolverCounterUnsat, 0 mSolverCounterUnknown, 0 mSolverCounterNotChecked, 0.0s Time, 0 mProtectedPredicate, 0 mProtectedAction, 269 SdHoareTripleChecker+Valid, 277 SdHoareTripleChecker+Invalid, 4 SdHoareTripleChecker+Unknown, 0 SdHoareTripleChecker+Unchecked, 0.0s SdHoareTripleChecker+Time, 2 IncrementalHoareTripleChecker+Valid, 2 IncrementalHoareTripleChecker+Invalid, 0 IncrementalHoareTripleChecker+Unknown, 0 IncrementalHoareTripleChecker+Unchecked, 0.0s IncrementalHoareTripleChecker+Time
[2026-07-04 07:19:01,663 INFO  L427           NwaCegarLoop]: SdHoareTripleChecker [269 Valid, 277 Invalid, 4 Unknown, 0 Unchecked, 0.0s Time], IncrementalHoareTripleChecker [2 Valid, 2 Invalid, 0 Unknown, 0 Unchecked, 0.0s Time]
[2026-07-04 07:19:01,664 INFO  L82        GeneralOperation]: Start minimizeSevpa. Operand 197 states.
[2026-07-04 07:19:01,673 INFO  L88        GeneralOperation]: Finished minimizeSevpa. Reduced states from 197 to 197.
[2026-07-04 07:19:01,681 INFO  L82        GeneralOperation]: Start removeUnreachable. Operand  has 197 states, 184 states have (on average 1.4293478260869565) internal successors, (263), 185 states have internal predecessors, (263), 6 states have call successors, (6), 6 states have call predecessors, (6), 6 states have return successors, (6), 6 states have call predecessors, (6), 6 states have call successors, (6)
[2026-07-04 07:19:01,682 INFO  L88        GeneralOperation]: Finished removeUnreachable. Reduced from 197 states to 197 states and 275 transitions.
[2026-07-04 07:19:01,682 INFO  L79                 Accepts]: Start accepts. Automaton has 197 states and 275 transitions. Word has length 38
[2026-07-04 07:19:01,682 INFO  L85                 Accepts]: Finished accepts. word is rejected.
[2026-07-04 07:19:01,682 INFO  L490      AbstractCegarLoop]: Abstraction has 197 states and 275 transitions.
[2026-07-04 07:19:01,682 INFO  L491      AbstractCegarLoop]: INTERPOLANT automaton has  has 3 states, 3 states have (on average 12.0) internal successors, (36), 3 states have internal predecessors, (36), 2 states have call successors, (3), 2 states have call predecessors, (3), 2 states have return successors, (3), 1 states have call predecessors, (3), 2 states have call successors, (3)
[2026-07-04 07:19:01,682 INFO  L278                IsEmpty]: Start isEmpty. Operand 197 states and 275 transitions.
[2026-07-04 07:19:01,682 INFO  L284                IsEmpty]: Finished isEmpty. Found accepting run of length 41
[2026-07-04 07:19:01,682 INFO  L199           NwaCegarLoop]: Found error trace
[2026-07-04 07:19:01,683 INFO  L207           NwaCegarLoop]: trace histogram [1, 1, 1, 1, 1, 1, 1, 1, 1, 1, 1, 1, 1, 1, 1, 1, 1, 1, 1, 1, 1, 1, 1, 1, 1, 1, 1, 1, 1, 1, 1, 1, 1, 1, 1, 1, 1, 1, 1, 1]
[2026-07-04 07:19:01,691 INFO  L546       MonitoredProcess]: [MP /usr/bin/z3 SMTLIB2_COMPLIANT=true -memory:2024 -smt2 -in (3)] Ended with exit code 0
[2026-07-04 07:19:01,883 WARN  L471      AbstractCegarLoop]: Destroyed unattended storables created during the last iteration: 3 /usr/bin/z3 SMTLIB2_COMPLIANT=true -memory:2024 -smt2 -in
[2026-07-04 07:19:01,883 INFO  L408      AbstractCegarLoop]: === Iteration 3 === Targeting ULTIMATE.startErr0ASSERT_VIOLATIONASSERT === [ULTIMATE.startErr0ASSERT_VIOLATIONASSERT] ===
[2026-07-04 07:19:01,885 INFO  L156       PredicateUnifier]: Initialized classic predicate unifier
[2026-07-04 07:19:01,885 INFO  L85        PathProgramCache]: Analyzing trace with hash 1956091672, now seen corresponding path program 1 times
[2026-07-04 07:19:01,886 INFO  L118   FreeRefinementEngine]: Executing refinement strategy FIXED_PREFERENCES
[2026-07-04 07:19:01,886 INFO  L324   FreeRefinementEngine]: Using trace check IpTcStrategyModulePreferences [1436485379]
[2026-07-04 07:19:01,886 INFO  L97    rtionOrderModulation]: Keeping assertion order NOT_INCREMENTALLY
[2026-07-04 07:19:01,886 INFO  L173          SolverBuilder]: Constructing external solver with command: z3 SMTLIB2_COMPLIANT=true -memory:2024 -smt2 -in
[2026-07-04 07:19:01,892 INFO  L189       MonitoredProcess]: No working directory specified, using /usr/bin/z3
[2026-07-04 07:19:01,895 INFO  L229       MonitoredProcess]: Starting monitored process 4 with /usr/bin/z3 SMTLIB2_COMPLIANT=true -memory:2024 -smt2 -in (exit command is (exit), workingDir is null)
[2026-07-04 07:19:01,896 INFO  L327       MonitoredProcess]: [MP /usr/bin/z3 SMTLIB2_COMPLIANT=true -memory:2024 -smt2 -in (4)] Waiting until timeout for monitored process
[2026-07-04 07:19:02,114 INFO  L108    AnnotateAndAsserter]: Assert order NOT_INCREMENTALLY partitioned 40 statements into 1 equivalence classes.
[2026-07-04 07:19:02,188 INFO  L111    AnnotateAndAsserter]: Assert order NOT_INCREMENTALLY issued 1 check-sat command(s) and asserted 40 of 40 statements.
[2026-07-04 07:19:02,188 INFO  L114    AnnotateAndAsserter]: Assert order NOT_INCREMENTALLY issued 1 check-sat command(s)
[2026-07-04 07:19:02,188 INFO  L115    AnnotateAndAsserter]: Conjunction of SSA is unsat
[2026-07-04 07:19:02,197 INFO  L256         TraceCheckSpWp]: Trace formula consists of 641 conjuncts, 2 conjuncts are in the unsatisfiable core
[2026-07-04 07:19:02,206 INFO  L279         TraceCheckSpWp]: Computing forward predicates...
[2026-07-04 07:19:02,216 INFO  L134       CoverageAnalysis]: Checked inductivity of 0 backedges. 0 proven. 0 refuted. 0 times theorem prover too weak. 0 trivial. 0 not checked.
[2026-07-04 07:19:02,216 INFO  L312         TraceCheckSpWp]: Computing backward predicates...
[2026-07-04 07:19:02,239 INFO  L134       CoverageAnalysis]: Checked inductivity of 0 backedges. 0 proven. 0 refuted. 0 times theorem prover too weak. 0 trivial. 0 not checked.
[2026-07-04 07:19:02,239 INFO  L136   FreeRefinementEngine]: Strategy FIXED_PREFERENCES found an infeasible trace
[2026-07-04 07:19:02,239 INFO  L324   FreeRefinementEngine]: Using interpolant generator IpTcStrategyModulePreferences [1436485379]
[2026-07-04 07:19:02,239 INFO  L158   FreeRefinementEngine]: IpTcStrategyModulePreferences [1436485379] provided 2 perfect and 0 imperfect interpolant sequences
[2026-07-04 07:19:02,239 INFO  L185   FreeRefinementEngine]: Found 2 perfect and 0 imperfect interpolant sequences.
[2026-07-04 07:19:02,239 INFO  L198   FreeRefinementEngine]: Number of different interpolants: perfect sequences [3, 3] imperfect sequences [] total 3
[2026-07-04 07:19:02,239 INFO  L121   tionRefinementEngine]: Using interpolant automaton builder IpAbStrategyModuleStraightlineAll [966638208]
[2026-07-04 07:19:02,239 INFO  L85    oduleStraightlineAll]: Using 2 perfect interpolants to construct interpolant automaton
[2026-07-04 07:19:02,239 INFO  L567      AbstractCegarLoop]: INTERPOLANT automaton has 3 states
[2026-07-04 07:19:02,239 INFO  L100   FreeRefinementEngine]: Using predicate unifier PredicateUnifier provided by strategy FIXED_PREFERENCES
[2026-07-04 07:19:02,240 INFO  L144   InterpolantAutomaton]: Constructing interpolant automaton starting with 3 interpolants.
[2026-07-04 07:19:02,240 INFO  L146   InterpolantAutomaton]: CoverageRelationStatistics Valid=3, Invalid=3, Unknown=0, NotChecked=0, Total=6
[2026-07-04 07:19:02,240 INFO  L87              Difference]: Start difference. First operand 197 states and 275 transitions. Second operand  has 3 states, 3 states have (on average 12.666666666666666) internal successors, (38), 3 states have internal predecessors, (38), 2 states have call successors, (3), 2 states have call predecessors, (3), 2 states have return successors, (3), 1 states have call predecessors, (3), 2 states have call successors, (3)
[2026-07-04 07:19:02,298 INFO  L144             Difference]: Subtrahend was deterministic. Have not used determinization.
[2026-07-04 07:19:02,299 INFO  L93              Difference]: Finished difference Result 513 states and 721 transitions.
[2026-07-04 07:19:02,305 INFO  L140   InterpolantAutomaton]: Switched to read-only mode: deterministic interpolant automaton has 3 states. 
[2026-07-04 07:19:02,305 INFO  L79                 Accepts]: Start accepts. Automaton has  has 3 states, 3 states have (on average 12.666666666666666) internal successors, (38), 3 states have internal predecessors, (38), 2 states have call successors, (3), 2 states have call predecessors, (3), 2 states have return successors, (3), 1 states have call predecessors, (3), 2 states have call successors, (3) Word has length 40
[2026-07-04 07:19:02,305 INFO  L85                 Accepts]: Finished accepts. some prefix is accepted.
[2026-07-04 07:19:02,307 INFO  L225             Difference]: With dead ends: 513
[2026-07-04 07:19:02,307 INFO  L226             Difference]: Without dead ends: 329
[2026-07-04 07:19:02,308 INFO  L425           NwaCegarLoop]: 0 DeclaredPredicates, 78 GetRequests, 77 SyntacticMatches, 0 SemanticMatches, 1 ConstructedPredicates, 0 IntricatePredicates, 0 DeprecatedPredicates, 0 ImplicationChecksByTransitivity, 0.0s TimeCoverageRelationStatistics Valid=3, Invalid=3, Unknown=0, NotChecked=0, Total=6
[2026-07-04 07:19:02,308 INFO  L426           NwaCegarLoop]: 272 mSDtfsCounter, 259 mSDsluCounter, 195 mSDsCounter, 0 mSdLazyCounter, 6 mSolverCounterSat, 1 mSolverCounterUnsat, 0 mSolverCounterUnknown, 0 mSolverCounterNotChecked, 0.0s Time, 0 mProtectedPredicate, 0 mProtectedAction, 259 SdHoareTripleChecker+Valid, 467 SdHoareTripleChecker+Invalid, 7 SdHoareTripleChecker+Unknown, 0 SdHoareTripleChecker+Unchecked, 0.0s SdHoareTripleChecker+Time, 1 IncrementalHoareTripleChecker+Valid, 6 IncrementalHoareTripleChecker+Invalid, 0 IncrementalHoareTripleChecker+Unknown, 0 IncrementalHoareTripleChecker+Unchecked, 0.0s IncrementalHoareTripleChecker+Time
[2026-07-04 07:19:02,308 INFO  L427           NwaCegarLoop]: SdHoareTripleChecker [259 Valid, 467 Invalid, 7 Unknown, 0 Unchecked, 0.0s Time], IncrementalHoareTripleChecker [1 Valid, 6 Invalid, 0 Unknown, 0 Unchecked, 0.0s Time]
[2026-07-04 07:19:02,309 INFO  L82        GeneralOperation]: Start minimizeSevpa. Operand 329 states.
[2026-07-04 07:19:02,331 INFO  L88        GeneralOperation]: Finished minimizeSevpa. Reduced states from 329 to 197.
[2026-07-04 07:19:02,332 INFO  L82        GeneralOperation]: Start removeUnreachable. Operand  has 197 states, 184 states have (on average 1.4184782608695652) internal successors, (261), 185 states have internal predecessors, (261), 6 states have call successors, (6), 6 states have call predecessors, (6), 6 states have return successors, (6), 6 states have call predecessors, (6), 6 states have call successors, (6)
[2026-07-04 07:19:02,332 INFO  L88        GeneralOperation]: Finished removeUnreachable. Reduced from 197 states to 197 states and 273 transitions.
[2026-07-04 07:19:02,332 INFO  L79                 Accepts]: Start accepts. Automaton has 197 states and 273 transitions. Word has length 40
[2026-07-04 07:19:02,332 INFO  L85                 Accepts]: Finished accepts. word is rejected.
[2026-07-04 07:19:02,332 INFO  L490      AbstractCegarLoop]: Abstraction has 197 states and 273 transitions.
[2026-07-04 07:19:02,333 INFO  L491      AbstractCegarLoop]: INTERPOLANT automaton has  has 3 states, 3 states have (on average 12.666666666666666) internal successors, (38), 3 states have internal predecessors, (38), 2 states have call successors, (3), 2 states have call predecessors, (3), 2 states have return successors, (3), 1 states have call predecessors, (3), 2 states have call successors, (3)
[2026-07-04 07:19:02,333 INFO  L278                IsEmpty]: Start isEmpty. Operand 197 states and 273 transitions.
[2026-07-04 07:19:02,335 INFO  L284                IsEmpty]: Finished isEmpty. Found accepting run of length 45
[2026-07-04 07:19:02,335 INFO  L199           NwaCegarLoop]: Found error trace
[2026-07-04 07:19:02,335 INFO  L207           NwaCegarLoop]: trace histogram [1, 1, 1, 1, 1, 1, 1, 1, 1, 1, 1, 1, 1, 1, 1, 1, 1, 1, 1, 1, 1, 1, 1, 1, 1, 1, 1, 1, 1, 1, 1, 1, 1, 1, 1, 1, 1, 1, 1, 1, 1, 1, 1, 1]
[2026-07-04 07:19:02,350 INFO  L546       MonitoredProcess]: [MP /usr/bin/z3 SMTLIB2_COMPLIANT=true -memory:2024 -smt2 -in (4)] Ended with exit code 0
[2026-07-04 07:19:02,536 WARN  L471      AbstractCegarLoop]: Destroyed unattended storables created during the last iteration: 4 /usr/bin/z3 SMTLIB2_COMPLIANT=true -memory:2024 -smt2 -in
[2026-07-04 07:19:02,536 INFO  L408      AbstractCegarLoop]: === Iteration 4 === Targeting ULTIMATE.startErr0ASSERT_VIOLATIONASSERT === [ULTIMATE.startErr0ASSERT_VIOLATIONASSERT] ===
[2026-07-04 07:19:02,537 INFO  L156       PredicateUnifier]: Initialized classic predicate unifier
[2026-07-04 07:19:02,537 INFO  L85        PathProgramCache]: Analyzing trace with hash 1398465717, now seen corresponding path program 1 times
[2026-07-04 07:19:02,537 INFO  L118   FreeRefinementEngine]: Executing refinement strategy FIXED_PREFERENCES
[2026-07-04 07:19:02,537 INFO  L324   FreeRefinementEngine]: Using trace check IpTcStrategyModulePreferences [1624859240]
[2026-07-04 07:19:02,537 INFO  L97    rtionOrderModulation]: Keeping assertion order NOT_INCREMENTALLY
[2026-07-04 07:19:02,537 INFO  L173          SolverBuilder]: Constructing external solver with command: z3 SMTLIB2_COMPLIANT=true -memory:2024 -smt2 -in
[2026-07-04 07:19:02,538 INFO  L189       MonitoredProcess]: No working directory specified, using /usr/bin/z3
[2026-07-04 07:19:02,549 INFO  L229       MonitoredProcess]: Starting monitored process 5 with /usr/bin/z3 SMTLIB2_COMPLIANT=true -memory:2024 -smt2 -in (exit command is (exit), workingDir is null)
[2026-07-04 07:19:02,551 INFO  L327       MonitoredProcess]: [MP /usr/bin/z3 SMTLIB2_COMPLIANT=true -memory:2024 -smt2 -in (5)] Waiting until timeout for monitored process
[2026-07-04 07:19:02,762 INFO  L108    AnnotateAndAsserter]: Assert order NOT_INCREMENTALLY partitioned 44 statements into 1 equivalence classes.
[2026-07-04 07:19:02,845 INFO  L111    AnnotateAndAsserter]: Assert order NOT_INCREMENTALLY issued 1 check-sat command(s) and asserted 44 of 44 statements.
[2026-07-04 07:19:02,846 INFO  L114    AnnotateAndAsserter]: Assert order NOT_INCREMENTALLY issued 1 check-sat command(s)
[2026-07-04 07:19:02,846 INFO  L115    AnnotateAndAsserter]: Conjunction of SSA is unsat
[2026-07-04 07:19:02,854 INFO  L256         TraceCheckSpWp]: Trace formula consists of 646 conjuncts, 2 conjuncts are in the unsatisfiable core
[2026-07-04 07:19:02,858 INFO  L279         TraceCheckSpWp]: Computing forward predicates...
[2026-07-04 07:19:02,886 INFO  L134       CoverageAnalysis]: Checked inductivity of 0 backedges. 0 proven. 0 refuted. 0 times theorem prover too weak. 0 trivial. 0 not checked.
[2026-07-04 07:19:02,886 INFO  L312         TraceCheckSpWp]: Computing backward predicates...
[2026-07-04 07:19:02,958 INFO  L134       CoverageAnalysis]: Checked inductivity of 0 backedges. 0 proven. 0 refuted. 0 times theorem prover too weak. 0 trivial. 0 not checked.
[2026-07-04 07:19:02,958 INFO  L136   FreeRefinementEngine]: Strategy FIXED_PREFERENCES found an infeasible trace
[2026-07-04 07:19:02,958 INFO  L324   FreeRefinementEngine]: Using interpolant generator IpTcStrategyModulePreferences [1624859240]
[2026-07-04 07:19:02,959 INFO  L158   FreeRefinementEngine]: IpTcStrategyModulePreferences [1624859240] provided 2 perfect and 0 imperfect interpolant sequences
[2026-07-04 07:19:02,959 INFO  L185   FreeRefinementEngine]: Found 2 perfect and 0 imperfect interpolant sequences.
[2026-07-04 07:19:02,959 INFO  L198   FreeRefinementEngine]: Number of different interpolants: perfect sequences [3, 3] imperfect sequences [] total 3
[2026-07-04 07:19:02,959 INFO  L121   tionRefinementEngine]: Using interpolant automaton builder IpAbStrategyModuleStraightlineAll [1923526906]
[2026-07-04 07:19:02,959 INFO  L85    oduleStraightlineAll]: Using 2 perfect interpolants to construct interpolant automaton
[2026-07-04 07:19:02,959 INFO  L567      AbstractCegarLoop]: INTERPOLANT automaton has 3 states
[2026-07-04 07:19:02,959 INFO  L100   FreeRefinementEngine]: Using predicate unifier PredicateUnifier provided by strategy FIXED_PREFERENCES
[2026-07-04 07:19:02,959 INFO  L144   InterpolantAutomaton]: Constructing interpolant automaton starting with 3 interpolants.
[2026-07-04 07:19:02,959 INFO  L146   InterpolantAutomaton]: CoverageRelationStatistics Valid=3, Invalid=3, Unknown=0, NotChecked=0, Total=6
[2026-07-04 07:19:02,959 INFO  L87              Difference]: Start difference. First operand 197 states and 273 transitions. Second operand  has 3 states, 3 states have (on average 14.0) internal successors, (42), 3 states have internal predecessors, (42), 2 states have call successors, (3), 2 states have call predecessors, (3), 2 states have return successors, (3), 1 states have call predecessors, (3), 2 states have call successors, (3)
[2026-07-04 07:19:03,051 INFO  L144             Difference]: Subtrahend was deterministic. Have not used determinization.
[2026-07-04 07:19:03,051 INFO  L93              Difference]: Finished difference Result 467 states and 655 transitions.
[2026-07-04 07:19:03,057 INFO  L140   InterpolantAutomaton]: Switched to read-only mode: deterministic interpolant automaton has 3 states. 
[2026-07-04 07:19:03,057 INFO  L79                 Accepts]: Start accepts. Automaton has  has 3 states, 3 states have (on average 14.0) internal successors, (42), 3 states have internal predecessors, (42), 2 states have call successors, (3), 2 states have call predecessors, (3), 2 states have return successors, (3), 1 states have call predecessors, (3), 2 states have call successors, (3) Word has length 44
[2026-07-04 07:19:03,057 INFO  L85                 Accepts]: Finished accepts. some prefix is accepted.
[2026-07-04 07:19:03,058 INFO  L225             Difference]: With dead ends: 467
[2026-07-04 07:19:03,058 INFO  L226             Difference]: Without dead ends: 336
[2026-07-04 07:19:03,059 INFO  L425           NwaCegarLoop]: 0 DeclaredPredicates, 86 GetRequests, 85 SyntacticMatches, 0 SemanticMatches, 1 ConstructedPredicates, 0 IntricatePredicates, 0 DeprecatedPredicates, 0 ImplicationChecksByTransitivity, 0.0s TimeCoverageRelationStatistics Valid=3, Invalid=3, Unknown=0, NotChecked=0, Total=6
[2026-07-04 07:19:03,059 INFO  L426           NwaCegarLoop]: 267 mSDtfsCounter, 245 mSDsluCounter, 207 mSDsCounter, 0 mSdLazyCounter, 14 mSolverCounterSat, 2 mSolverCounterUnsat, 0 mSolverCounterUnknown, 0 mSolverCounterNotChecked, 0.1s Time, 0 mProtectedPredicate, 0 mProtectedAction, 245 SdHoareTripleChecker+Valid, 474 SdHoareTripleChecker+Invalid, 16 SdHoareTripleChecker+Unknown, 0 SdHoareTripleChecker+Unchecked, 0.0s SdHoareTripleChecker+Time, 2 IncrementalHoareTripleChecker+Valid, 14 IncrementalHoareTripleChecker+Invalid, 0 IncrementalHoareTripleChecker+Unknown, 0 IncrementalHoareTripleChecker+Unchecked, 0.1s IncrementalHoareTripleChecker+Time
[2026-07-04 07:19:03,059 INFO  L427           NwaCegarLoop]: SdHoareTripleChecker [245 Valid, 474 Invalid, 16 Unknown, 0 Unchecked, 0.0s Time], IncrementalHoareTripleChecker [2 Valid, 14 Invalid, 0 Unknown, 0 Unchecked, 0.1s Time]
[2026-07-04 07:19:03,060 INFO  L82        GeneralOperation]: Start minimizeSevpa. Operand 336 states.
[2026-07-04 07:19:03,074 INFO  L88        GeneralOperation]: Finished minimizeSevpa. Reduced states from 336 to 208.
[2026-07-04 07:19:03,074 INFO  L82        GeneralOperation]: Start removeUnreachable. Operand  has 208 states, 195 states have (on average 1.4102564102564104) internal successors, (275), 196 states have internal predecessors, (275), 6 states have call successors, (6), 6 states have call predecessors, (6), 6 states have return successors, (6), 6 states have call predecessors, (6), 6 states have call successors, (6)
[2026-07-04 07:19:03,075 INFO  L88        GeneralOperation]: Finished removeUnreachable. Reduced from 208 states to 208 states and 287 transitions.
[2026-07-04 07:19:03,075 INFO  L79                 Accepts]: Start accepts. Automaton has 208 states and 287 transitions. Word has length 44
[2026-07-04 07:19:03,075 INFO  L85                 Accepts]: Finished accepts. word is rejected.
[2026-07-04 07:19:03,075 INFO  L490      AbstractCegarLoop]: Abstraction has 208 states and 287 transitions.
[2026-07-04 07:19:03,075 INFO  L491      AbstractCegarLoop]: INTERPOLANT automaton has  has 3 states, 3 states have (on average 14.0) internal successors, (42), 3 states have internal predecessors, (42), 2 states have call successors, (3), 2 states have call predecessors, (3), 2 states have return successors, (3), 1 states have call predecessors, (3), 2 states have call successors, (3)
[2026-07-04 07:19:03,075 INFO  L278                IsEmpty]: Start isEmpty. Operand 208 states and 287 transitions.
[2026-07-04 07:19:03,076 INFO  L284                IsEmpty]: Finished isEmpty. Found accepting run of length 49
[2026-07-04 07:19:03,076 INFO  L199           NwaCegarLoop]: Found error trace
[2026-07-04 07:19:03,076 INFO  L207           NwaCegarLoop]: trace histogram [1, 1, 1, 1, 1, 1, 1, 1, 1, 1, 1, 1, 1, 1, 1, 1, 1, 1, 1, 1, 1, 1, 1, 1, 1, 1, 1, 1, 1, 1, 1, 1, 1, 1, 1, 1, 1, 1, 1, 1, 1, 1, 1, 1, 1, 1, 1, 1]
[2026-07-04 07:19:03,099 INFO  L546       MonitoredProcess]: [MP /usr/bin/z3 SMTLIB2_COMPLIANT=true -memory:2024 -smt2 -in (5)] Ended with exit code 0
[2026-07-04 07:19:03,285 WARN  L471      AbstractCegarLoop]: Destroyed unattended storables created during the last iteration: 5 /usr/bin/z3 SMTLIB2_COMPLIANT=true -memory:2024 -smt2 -in
[2026-07-04 07:19:03,286 INFO  L408      AbstractCegarLoop]: === Iteration 5 === Targeting ULTIMATE.startErr0ASSERT_VIOLATIONASSERT === [ULTIMATE.startErr0ASSERT_VIOLATIONASSERT] ===
[2026-07-04 07:19:03,287 INFO  L156       PredicateUnifier]: Initialized classic predicate unifier
[2026-07-04 07:19:03,287 INFO  L85        PathProgramCache]: Analyzing trace with hash 1640726516, now seen corresponding path program 1 times
[2026-07-04 07:19:03,287 INFO  L118   FreeRefinementEngine]: Executing refinement strategy FIXED_PREFERENCES
[2026-07-04 07:19:03,287 INFO  L324   FreeRefinementEngine]: Using trace check IpTcStrategyModulePreferences [409954680]
[2026-07-04 07:19:03,287 INFO  L97    rtionOrderModulation]: Keeping assertion order NOT_INCREMENTALLY
[2026-07-04 07:19:03,287 INFO  L173          SolverBuilder]: Constructing external solver with command: z3 SMTLIB2_COMPLIANT=true -memory:2024 -smt2 -in
[2026-07-04 07:19:03,289 INFO  L189       MonitoredProcess]: No working directory specified, using /usr/bin/z3
[2026-07-04 07:19:03,293 INFO  L229       MonitoredProcess]: Starting monitored process 6 with /usr/bin/z3 SMTLIB2_COMPLIANT=true -memory:2024 -smt2 -in (exit command is (exit), workingDir is null)
[2026-07-04 07:19:03,296 INFO  L327       MonitoredProcess]: [MP /usr/bin/z3 SMTLIB2_COMPLIANT=true -memory:2024 -smt2 -in (6)] Waiting until timeout for monitored process
[2026-07-04 07:19:03,543 INFO  L108    AnnotateAndAsserter]: Assert order NOT_INCREMENTALLY partitioned 48 statements into 1 equivalence classes.
[2026-07-04 07:19:03,616 INFO  L111    AnnotateAndAsserter]: Assert order NOT_INCREMENTALLY issued 1 check-sat command(s) and asserted 48 of 48 statements.
[2026-07-04 07:19:03,616 INFO  L114    AnnotateAndAsserter]: Assert order NOT_INCREMENTALLY issued 1 check-sat command(s)
[2026-07-04 07:19:03,616 INFO  L115    AnnotateAndAsserter]: Conjunction of SSA is unsat
[2026-07-04 07:19:03,621 INFO  L256         TraceCheckSpWp]: Trace formula consists of 662 conjuncts, 4 conjuncts are in the unsatisfiable core
[2026-07-04 07:19:03,622 INFO  L279         TraceCheckSpWp]: Computing forward predicates...
[2026-07-04 07:19:03,907 INFO  L134       CoverageAnalysis]: Checked inductivity of 0 backedges. 0 proven. 0 refuted. 0 times theorem prover too weak. 0 trivial. 0 not checked.
[2026-07-04 07:19:03,907 INFO  L312         TraceCheckSpWp]: Computing backward predicates...
[2026-07-04 07:19:04,107 INFO  L134       CoverageAnalysis]: Checked inductivity of 0 backedges. 0 proven. 0 refuted. 0 times theorem prover too weak. 0 trivial. 0 not checked.
[2026-07-04 07:19:04,107 INFO  L136   FreeRefinementEngine]: Strategy FIXED_PREFERENCES found an infeasible trace
[2026-07-04 07:19:04,107 INFO  L324   FreeRefinementEngine]: Using interpolant generator IpTcStrategyModulePreferences [409954680]
[2026-07-04 07:19:04,107 INFO  L158   FreeRefinementEngine]: IpTcStrategyModulePreferences [409954680] provided 2 perfect and 0 imperfect interpolant sequences
[2026-07-04 07:19:04,107 INFO  L185   FreeRefinementEngine]: Found 2 perfect and 0 imperfect interpolant sequences.
[2026-07-04 07:19:04,108 INFO  L198   FreeRefinementEngine]: Number of different interpolants: perfect sequences [5, 5] imperfect sequences [] total 8
[2026-07-04 07:19:04,108 INFO  L121   tionRefinementEngine]: Using interpolant automaton builder IpAbStrategyModuleStraightlineAll [777779675]
[2026-07-04 07:19:04,108 INFO  L85    oduleStraightlineAll]: Using 2 perfect interpolants to construct interpolant automaton
[2026-07-04 07:19:04,108 INFO  L567      AbstractCegarLoop]: INTERPOLANT automaton has 8 states
[2026-07-04 07:19:04,108 INFO  L100   FreeRefinementEngine]: Using predicate unifier PredicateUnifier provided by strategy FIXED_PREFERENCES
[2026-07-04 07:19:04,108 INFO  L144   InterpolantAutomaton]: Constructing interpolant automaton starting with 8 interpolants.
[2026-07-04 07:19:04,108 INFO  L146   InterpolantAutomaton]: CoverageRelationStatistics Valid=21, Invalid=35, Unknown=0, NotChecked=0, Total=56
[2026-07-04 07:19:04,108 INFO  L87              Difference]: Start difference. First operand 208 states and 287 transitions. Second operand  has 8 states, 6 states have (on average 13.166666666666666) internal successors, (79), 8 states have internal predecessors, (79), 3 states have call successors, (4), 4 states have call predecessors, (4), 4 states have return successors, (4), 1 states have call predecessors, (4), 3 states have call successors, (4)
[2026-07-04 07:19:05,330 INFO  L144             Difference]: Subtrahend was deterministic. Have not used determinization.
[2026-07-04 07:19:05,330 INFO  L93              Difference]: Finished difference Result 525 states and 732 transitions.
[2026-07-04 07:19:05,331 INFO  L140   InterpolantAutomaton]: Switched to read-only mode: deterministic interpolant automaton has 6 states. 
[2026-07-04 07:19:05,331 INFO  L79                 Accepts]: Start accepts. Automaton has  has 8 states, 6 states have (on average 13.166666666666666) internal successors, (79), 8 states have internal predecessors, (79), 3 states have call successors, (4), 4 states have call predecessors, (4), 4 states have return successors, (4), 1 states have call predecessors, (4), 3 states have call successors, (4) Word has length 48
[2026-07-04 07:19:05,331 INFO  L85                 Accepts]: Finished accepts. some prefix is accepted.
[2026-07-04 07:19:05,332 INFO  L225             Difference]: With dead ends: 525
[2026-07-04 07:19:05,332 INFO  L226             Difference]: Without dead ends: 334
[2026-07-04 07:19:05,333 INFO  L425           NwaCegarLoop]: 0 DeclaredPredicates, 98 GetRequests, 90 SyntacticMatches, 0 SemanticMatches, 8 ConstructedPredicates, 0 IntricatePredicates, 0 DeprecatedPredicates, 6 ImplicationChecksByTransitivity, 0.1s TimeCoverageRelationStatistics Valid=33, Invalid=57, Unknown=0, NotChecked=0, Total=90
[2026-07-04 07:19:05,333 INFO  L426           NwaCegarLoop]: 114 mSDtfsCounter, 1190 mSDsluCounter, 303 mSDsCounter, 0 mSdLazyCounter, 600 mSolverCounterSat, 50 mSolverCounterUnsat, 0 mSolverCounterUnknown, 0 mSolverCounterNotChecked, 1.0s Time, 0 mProtectedPredicate, 0 mProtectedAction, 1196 SdHoareTripleChecker+Valid, 417 SdHoareTripleChecker+Invalid, 650 SdHoareTripleChecker+Unknown, 0 SdHoareTripleChecker+Unchecked, 0.0s SdHoareTripleChecker+Time, 50 IncrementalHoareTripleChecker+Valid, 600 IncrementalHoareTripleChecker+Invalid, 0 IncrementalHoareTripleChecker+Unknown, 0 IncrementalHoareTripleChecker+Unchecked, 1.1s IncrementalHoareTripleChecker+Time
[2026-07-04 07:19:05,333 INFO  L427           NwaCegarLoop]: SdHoareTripleChecker [1196 Valid, 417 Invalid, 650 Unknown, 0 Unchecked, 0.0s Time], IncrementalHoareTripleChecker [50 Valid, 600 Invalid, 0 Unknown, 0 Unchecked, 1.1s Time]
[2026-07-04 07:19:05,334 INFO  L82        GeneralOperation]: Start minimizeSevpa. Operand 334 states.
[2026-07-04 07:19:05,351 INFO  L88        GeneralOperation]: Finished minimizeSevpa. Reduced states from 334 to 202.
[2026-07-04 07:19:05,352 INFO  L82        GeneralOperation]: Start removeUnreachable. Operand  has 202 states, 189 states have (on average 1.3703703703703705) internal successors, (259), 190 states have internal predecessors, (259), 6 states have call successors, (6), 6 states have call predecessors, (6), 6 states have return successors, (6), 6 states have call predecessors, (6), 6 states have call successors, (6)
[2026-07-04 07:19:05,352 INFO  L88        GeneralOperation]: Finished removeUnreachable. Reduced from 202 states to 202 states and 271 transitions.
[2026-07-04 07:19:05,352 INFO  L79                 Accepts]: Start accepts. Automaton has 202 states and 271 transitions. Word has length 48
[2026-07-04 07:19:05,352 INFO  L85                 Accepts]: Finished accepts. word is rejected.
[2026-07-04 07:19:05,353 INFO  L490      AbstractCegarLoop]: Abstraction has 202 states and 271 transitions.
[2026-07-04 07:19:05,353 INFO  L491      AbstractCegarLoop]: INTERPOLANT automaton has  has 8 states, 6 states have (on average 13.166666666666666) internal successors, (79), 8 states have internal predecessors, (79), 3 states have call successors, (4), 4 states have call predecessors, (4), 4 states have return successors, (4), 1 states have call predecessors, (4), 3 states have call successors, (4)
[2026-07-04 07:19:05,353 INFO  L278                IsEmpty]: Start isEmpty. Operand 202 states and 271 transitions.
[2026-07-04 07:19:05,359 INFO  L284                IsEmpty]: Finished isEmpty. Found accepting run of length 49
[2026-07-04 07:19:05,359 INFO  L199           NwaCegarLoop]: Found error trace
[2026-07-04 07:19:05,359 INFO  L207           NwaCegarLoop]: trace histogram [1, 1, 1, 1, 1, 1, 1, 1, 1, 1, 1, 1, 1, 1, 1, 1, 1, 1, 1, 1, 1, 1, 1, 1, 1, 1, 1, 1, 1, 1, 1, 1, 1, 1, 1, 1, 1, 1, 1, 1, 1, 1, 1, 1, 1, 1, 1, 1]
[2026-07-04 07:19:05,371 INFO  L546       MonitoredProcess]: [MP /usr/bin/z3 SMTLIB2_COMPLIANT=true -memory:2024 -smt2 -in (6)] Ended with exit code 0
[2026-07-04 07:19:05,561 WARN  L471      AbstractCegarLoop]: Destroyed unattended storables created during the last iteration: 6 /usr/bin/z3 SMTLIB2_COMPLIANT=true -memory:2024 -smt2 -in
[2026-07-04 07:19:05,561 INFO  L408      AbstractCegarLoop]: === Iteration 6 === Targeting ULTIMATE.startErr0ASSERT_VIOLATIONASSERT === [ULTIMATE.startErr0ASSERT_VIOLATIONASSERT] ===
[2026-07-04 07:19:05,562 INFO  L156       PredicateUnifier]: Initialized classic predicate unifier
[2026-07-04 07:19:05,562 INFO  L85        PathProgramCache]: Analyzing trace with hash 1915486130, now seen corresponding path program 1 times
[2026-07-04 07:19:05,562 INFO  L118   FreeRefinementEngine]: Executing refinement strategy FIXED_PREFERENCES
[2026-07-04 07:19:05,562 INFO  L324   FreeRefinementEngine]: Using trace check IpTcStrategyModulePreferences [1586168674]
[2026-07-04 07:19:05,562 INFO  L97    rtionOrderModulation]: Keeping assertion order NOT_INCREMENTALLY
[2026-07-04 07:19:05,563 INFO  L173          SolverBuilder]: Constructing external solver with command: z3 SMTLIB2_COMPLIANT=true -memory:2024 -smt2 -in
[2026-07-04 07:19:05,565 INFO  L189       MonitoredProcess]: No working directory specified, using /usr/bin/z3
[2026-07-04 07:19:05,566 INFO  L229       MonitoredProcess]: Starting monitored process 7 with /usr/bin/z3 SMTLIB2_COMPLIANT=true -memory:2024 -smt2 -in (exit command is (exit), workingDir is null)
[2026-07-04 07:19:05,568 INFO  L327       MonitoredProcess]: [MP /usr/bin/z3 SMTLIB2_COMPLIANT=true -memory:2024 -smt2 -in (7)] Waiting until timeout for monitored process
[2026-07-04 07:19:05,748 INFO  L108    AnnotateAndAsserter]: Assert order NOT_INCREMENTALLY partitioned 48 statements into 1 equivalence classes.
[2026-07-04 07:19:05,823 INFO  L111    AnnotateAndAsserter]: Assert order NOT_INCREMENTALLY issued 1 check-sat command(s) and asserted 48 of 48 statements.
[2026-07-04 07:19:05,823 INFO  L114    AnnotateAndAsserter]: Assert order NOT_INCREMENTALLY issued 1 check-sat command(s)
[2026-07-04 07:19:05,823 INFO  L115    AnnotateAndAsserter]: Conjunction of SSA is unsat
[2026-07-04 07:19:05,833 INFO  L256         TraceCheckSpWp]: Trace formula consists of 662 conjuncts, 6 conjuncts are in the unsatisfiable core
[2026-07-04 07:19:05,835 INFO  L279         TraceCheckSpWp]: Computing forward predicates...
[2026-07-04 07:19:05,950 INFO  L134       CoverageAnalysis]: Checked inductivity of 0 backedges. 0 proven. 0 refuted. 0 times theorem prover too weak. 0 trivial. 0 not checked.
[2026-07-04 07:19:05,950 INFO  L312         TraceCheckSpWp]: Computing backward predicates...
[2026-07-04 07:19:06,172 INFO  L134       CoverageAnalysis]: Checked inductivity of 0 backedges. 0 proven. 0 refuted. 0 times theorem prover too weak. 0 trivial. 0 not checked.
[2026-07-04 07:19:06,172 INFO  L136   FreeRefinementEngine]: Strategy FIXED_PREFERENCES found an infeasible trace
[2026-07-04 07:19:06,172 INFO  L324   FreeRefinementEngine]: Using interpolant generator IpTcStrategyModulePreferences [1586168674]
[2026-07-04 07:19:06,172 INFO  L158   FreeRefinementEngine]: IpTcStrategyModulePreferences [1586168674] provided 2 perfect and 0 imperfect interpolant sequences
[2026-07-04 07:19:06,172 INFO  L185   FreeRefinementEngine]: Found 2 perfect and 0 imperfect interpolant sequences.
[2026-07-04 07:19:06,172 INFO  L198   FreeRefinementEngine]: Number of different interpolants: perfect sequences [6, 6] imperfect sequences [] total 8
[2026-07-04 07:19:06,172 INFO  L121   tionRefinementEngine]: Using interpolant automaton builder IpAbStrategyModuleStraightlineAll [810992794]
[2026-07-04 07:19:06,172 INFO  L85    oduleStraightlineAll]: Using 2 perfect interpolants to construct interpolant automaton
[2026-07-04 07:19:06,173 INFO  L567      AbstractCegarLoop]: INTERPOLANT automaton has 8 states
[2026-07-04 07:19:06,173 INFO  L100   FreeRefinementEngine]: Using predicate unifier PredicateUnifier provided by strategy FIXED_PREFERENCES
[2026-07-04 07:19:06,173 INFO  L144   InterpolantAutomaton]: Constructing interpolant automaton starting with 8 interpolants.
[2026-07-04 07:19:06,173 INFO  L146   InterpolantAutomaton]: CoverageRelationStatistics Valid=20, Invalid=36, Unknown=0, NotChecked=0, Total=56
[2026-07-04 07:19:06,173 INFO  L87              Difference]: Start difference. First operand 202 states and 271 transitions. Second operand  has 8 states, 7 states have (on average 9.142857142857142) internal successors, (64), 8 states have internal predecessors, (64), 2 states have call successors, (4), 4 states have call predecessors, (4), 3 states have return successors, (3), 1 states have call predecessors, (3), 2 states have call successors, (3)
[2026-07-04 07:19:06,922 INFO  L144             Difference]: Subtrahend was deterministic. Have not used determinization.
[2026-07-04 07:19:06,922 INFO  L93              Difference]: Finished difference Result 333 states and 455 transitions.
[2026-07-04 07:19:06,922 INFO  L140   InterpolantAutomaton]: Switched to read-only mode: deterministic interpolant automaton has 6 states. 
[2026-07-04 07:19:06,922 INFO  L79                 Accepts]: Start accepts. Automaton has  has 8 states, 7 states have (on average 9.142857142857142) internal successors, (64), 8 states have internal predecessors, (64), 2 states have call successors, (4), 4 states have call predecessors, (4), 3 states have return successors, (3), 1 states have call predecessors, (3), 2 states have call successors, (3) Word has length 48
[2026-07-04 07:19:06,922 INFO  L85                 Accepts]: Finished accepts. some prefix is accepted.
[2026-07-04 07:19:06,923 INFO  L225             Difference]: With dead ends: 333
[2026-07-04 07:19:06,923 INFO  L226             Difference]: Without dead ends: 202
[2026-07-04 07:19:06,924 INFO  L425           NwaCegarLoop]: 0 DeclaredPredicates, 96 GetRequests, 88 SyntacticMatches, 0 SemanticMatches, 8 ConstructedPredicates, 0 IntricatePredicates, 0 DeprecatedPredicates, 4 ImplicationChecksByTransitivity, 0.1s TimeCoverageRelationStatistics Valid=33, Invalid=57, Unknown=0, NotChecked=0, Total=90
[2026-07-04 07:19:06,924 INFO  L426           NwaCegarLoop]: 121 mSDtfsCounter, 329 mSDsluCounter, 222 mSDsCounter, 0 mSdLazyCounter, 486 mSolverCounterSat, 12 mSolverCounterUnsat, 0 mSolverCounterUnknown, 0 mSolverCounterNotChecked, 0.6s Time, 0 mProtectedPredicate, 0 mProtectedAction, 330 SdHoareTripleChecker+Valid, 343 SdHoareTripleChecker+Invalid, 498 SdHoareTripleChecker+Unknown, 0 SdHoareTripleChecker+Unchecked, 0.0s SdHoareTripleChecker+Time, 12 IncrementalHoareTripleChecker+Valid, 486 IncrementalHoareTripleChecker+Invalid, 0 IncrementalHoareTripleChecker+Unknown, 0 IncrementalHoareTripleChecker+Unchecked, 0.7s IncrementalHoareTripleChecker+Time
[2026-07-04 07:19:06,924 INFO  L427           NwaCegarLoop]: SdHoareTripleChecker [330 Valid, 343 Invalid, 498 Unknown, 0 Unchecked, 0.0s Time], IncrementalHoareTripleChecker [12 Valid, 486 Invalid, 0 Unknown, 0 Unchecked, 0.7s Time]
[2026-07-04 07:19:06,924 INFO  L82        GeneralOperation]: Start minimizeSevpa. Operand 202 states.
[2026-07-04 07:19:06,941 INFO  L88        GeneralOperation]: Finished minimizeSevpa. Reduced states from 202 to 202.
[2026-07-04 07:19:06,941 INFO  L82        GeneralOperation]: Start removeUnreachable. Operand  has 202 states, 189 states have (on average 1.3650793650793651) internal successors, (258), 190 states have internal predecessors, (258), 6 states have call successors, (6), 6 states have call predecessors, (6), 6 states have return successors, (6), 6 states have call predecessors, (6), 6 states have call successors, (6)
[2026-07-04 07:19:06,942 INFO  L88        GeneralOperation]: Finished removeUnreachable. Reduced from 202 states to 202 states and 270 transitions.
[2026-07-04 07:19:06,942 INFO  L79                 Accepts]: Start accepts. Automaton has 202 states and 270 transitions. Word has length 48
[2026-07-04 07:19:06,942 INFO  L85                 Accepts]: Finished accepts. word is rejected.
[2026-07-04 07:19:06,942 INFO  L490      AbstractCegarLoop]: Abstraction has 202 states and 270 transitions.
[2026-07-04 07:19:06,942 INFO  L491      AbstractCegarLoop]: INTERPOLANT automaton has  has 8 states, 7 states have (on average 9.142857142857142) internal successors, (64), 8 states have internal predecessors, (64), 2 states have call successors, (4), 4 states have call predecessors, (4), 3 states have return successors, (3), 1 states have call predecessors, (3), 2 states have call successors, (3)
[2026-07-04 07:19:06,942 INFO  L278                IsEmpty]: Start isEmpty. Operand 202 states and 270 transitions.
[2026-07-04 07:19:06,943 INFO  L284                IsEmpty]: Finished isEmpty. Found accepting run of length 62
[2026-07-04 07:19:06,943 INFO  L199           NwaCegarLoop]: Found error trace
[2026-07-04 07:19:06,943 INFO  L207           NwaCegarLoop]: trace histogram [1, 1, 1, 1, 1, 1, 1, 1, 1, 1, 1, 1, 1, 1, 1, 1, 1, 1, 1, 1, 1, 1, 1, 1, 1, 1, 1, 1, 1, 1, 1, 1, 1, 1, 1, 1, 1, 1, 1, 1, 1, 1, 1, 1, 1, 1, 1, 1, 1, 1, 1, 1, 1, 1, 1, 1, 1, 1, 1, 1, 1]
[2026-07-04 07:19:06,961 INFO  L546       MonitoredProcess]: [MP /usr/bin/z3 SMTLIB2_COMPLIANT=true -memory:2024 -smt2 -in (7)] Ended with exit code 0
[2026-07-04 07:19:07,149 WARN  L471      AbstractCegarLoop]: Destroyed unattended storables created during the last iteration: 7 /usr/bin/z3 SMTLIB2_COMPLIANT=true -memory:2024 -smt2 -in
[2026-07-04 07:19:07,150 INFO  L408      AbstractCegarLoop]: === Iteration 7 === Targeting ULTIMATE.startErr0ASSERT_VIOLATIONASSERT === [ULTIMATE.startErr0ASSERT_VIOLATIONASSERT] ===
[2026-07-04 07:19:07,150 INFO  L156       PredicateUnifier]: Initialized classic predicate unifier
[2026-07-04 07:19:07,150 INFO  L85        PathProgramCache]: Analyzing trace with hash 1194492945, now seen corresponding path program 1 times
[2026-07-04 07:19:07,150 INFO  L118   FreeRefinementEngine]: Executing refinement strategy FIXED_PREFERENCES
[2026-07-04 07:19:07,150 INFO  L324   FreeRefinementEngine]: Using trace check IpTcStrategyModulePreferences [681929389]
[2026-07-04 07:19:07,150 INFO  L97    rtionOrderModulation]: Keeping assertion order NOT_INCREMENTALLY
[2026-07-04 07:19:07,150 INFO  L173          SolverBuilder]: Constructing external solver with command: z3 SMTLIB2_COMPLIANT=true -memory:2024 -smt2 -in
[2026-07-04 07:19:07,152 INFO  L189       MonitoredProcess]: No working directory specified, using /usr/bin/z3
[2026-07-04 07:19:07,160 INFO  L229       MonitoredProcess]: Starting monitored process 8 with /usr/bin/z3 SMTLIB2_COMPLIANT=true -memory:2024 -smt2 -in (exit command is (exit), workingDir is null)
[2026-07-04 07:19:07,161 INFO  L327       MonitoredProcess]: [MP /usr/bin/z3 SMTLIB2_COMPLIANT=true -memory:2024 -smt2 -in (8)] Waiting until timeout for monitored process
[2026-07-04 07:19:07,375 INFO  L108    AnnotateAndAsserter]: Assert order NOT_INCREMENTALLY partitioned 61 statements into 1 equivalence classes.
[2026-07-04 07:19:07,461 INFO  L111    AnnotateAndAsserter]: Assert order NOT_INCREMENTALLY issued 1 check-sat command(s) and asserted 61 of 61 statements.
[2026-07-04 07:19:07,461 INFO  L114    AnnotateAndAsserter]: Assert order NOT_INCREMENTALLY issued 1 check-sat command(s)
[2026-07-04 07:19:07,461 INFO  L115    AnnotateAndAsserter]: Conjunction of SSA is unsat
[2026-07-04 07:19:07,465 INFO  L256         TraceCheckSpWp]: Trace formula consists of 690 conjuncts, 3 conjuncts are in the unsatisfiable core
[2026-07-04 07:19:07,466 INFO  L279         TraceCheckSpWp]: Computing forward predicates...
[2026-07-04 07:19:07,501 INFO  L134       CoverageAnalysis]: Checked inductivity of 0 backedges. 0 proven. 0 refuted. 0 times theorem prover too weak. 0 trivial. 0 not checked.
[2026-07-04 07:19:07,502 INFO  L312         TraceCheckSpWp]: Computing backward predicates...
[2026-07-04 07:19:07,532 INFO  L134       CoverageAnalysis]: Checked inductivity of 0 backedges. 0 proven. 0 refuted. 0 times theorem prover too weak. 0 trivial. 0 not checked.
[2026-07-04 07:19:07,532 INFO  L136   FreeRefinementEngine]: Strategy FIXED_PREFERENCES found an infeasible trace
[2026-07-04 07:19:07,532 INFO  L324   FreeRefinementEngine]: Using interpolant generator IpTcStrategyModulePreferences [681929389]
[2026-07-04 07:19:07,532 INFO  L158   FreeRefinementEngine]: IpTcStrategyModulePreferences [681929389] provided 2 perfect and 0 imperfect interpolant sequences
[2026-07-04 07:19:07,532 INFO  L185   FreeRefinementEngine]: Found 2 perfect and 0 imperfect interpolant sequences.
[2026-07-04 07:19:07,532 INFO  L198   FreeRefinementEngine]: Number of different interpolants: perfect sequences [3, 3] imperfect sequences [] total 3
[2026-07-04 07:19:07,537 INFO  L121   tionRefinementEngine]: Using interpolant automaton builder IpAbStrategyModuleStraightlineAll [1757155784]
[2026-07-04 07:19:07,537 INFO  L85    oduleStraightlineAll]: Using 2 perfect interpolants to construct interpolant automaton
[2026-07-04 07:19:07,537 INFO  L567      AbstractCegarLoop]: INTERPOLANT automaton has 3 states
[2026-07-04 07:19:07,537 INFO  L100   FreeRefinementEngine]: Using predicate unifier PredicateUnifier provided by strategy FIXED_PREFERENCES
[2026-07-04 07:19:07,537 INFO  L144   InterpolantAutomaton]: Constructing interpolant automaton starting with 3 interpolants.
[2026-07-04 07:19:07,537 INFO  L146   InterpolantAutomaton]: CoverageRelationStatistics Valid=3, Invalid=3, Unknown=0, NotChecked=0, Total=6
[2026-07-04 07:19:07,538 INFO  L87              Difference]: Start difference. First operand 202 states and 270 transitions. Second operand  has 3 states, 3 states have (on average 19.666666666666668) internal successors, (59), 3 states have internal predecessors, (59), 2 states have call successors, (3), 2 states have call predecessors, (3), 2 states have return successors, (3), 1 states have call predecessors, (3), 2 states have call successors, (3)
[2026-07-04 07:19:07,568 INFO  L144             Difference]: Subtrahend was deterministic. Have not used determinization.
[2026-07-04 07:19:07,568 INFO  L93              Difference]: Finished difference Result 347 states and 473 transitions.
[2026-07-04 07:19:07,573 INFO  L140   InterpolantAutomaton]: Switched to read-only mode: deterministic interpolant automaton has 3 states. 
[2026-07-04 07:19:07,573 INFO  L79                 Accepts]: Start accepts. Automaton has  has 3 states, 3 states have (on average 19.666666666666668) internal successors, (59), 3 states have internal predecessors, (59), 2 states have call successors, (3), 2 states have call predecessors, (3), 2 states have return successors, (3), 1 states have call predecessors, (3), 2 states have call successors, (3) Word has length 61
[2026-07-04 07:19:07,573 INFO  L85                 Accepts]: Finished accepts. some prefix is accepted.
[2026-07-04 07:19:07,574 INFO  L225             Difference]: With dead ends: 347
[2026-07-04 07:19:07,574 INFO  L226             Difference]: Without dead ends: 186
[2026-07-04 07:19:07,575 INFO  L425           NwaCegarLoop]: 0 DeclaredPredicates, 120 GetRequests, 119 SyntacticMatches, 0 SemanticMatches, 1 ConstructedPredicates, 0 IntricatePredicates, 0 DeprecatedPredicates, 0 ImplicationChecksByTransitivity, 0.0s TimeCoverageRelationStatistics Valid=3, Invalid=3, Unknown=0, NotChecked=0, Total=6
[2026-07-04 07:19:07,579 INFO  L426           NwaCegarLoop]: 247 mSDtfsCounter, 219 mSDsluCounter, 21 mSDsCounter, 0 mSdLazyCounter, 4 mSolverCounterSat, 2 mSolverCounterUnsat, 0 mSolverCounterUnknown, 0 mSolverCounterNotChecked, 0.0s Time, 0 mProtectedPredicate, 0 mProtectedAction, 219 SdHoareTripleChecker+Valid, 268 SdHoareTripleChecker+Invalid, 6 SdHoareTripleChecker+Unknown, 0 SdHoareTripleChecker+Unchecked, 0.0s SdHoareTripleChecker+Time, 2 IncrementalHoareTripleChecker+Valid, 4 IncrementalHoareTripleChecker+Invalid, 0 IncrementalHoareTripleChecker+Unknown, 0 IncrementalHoareTripleChecker+Unchecked, 0.0s IncrementalHoareTripleChecker+Time
[2026-07-04 07:19:07,579 INFO  L427           NwaCegarLoop]: SdHoareTripleChecker [219 Valid, 268 Invalid, 6 Unknown, 0 Unchecked, 0.0s Time], IncrementalHoareTripleChecker [2 Valid, 4 Invalid, 0 Unknown, 0 Unchecked, 0.0s Time]
[2026-07-04 07:19:07,580 INFO  L82        GeneralOperation]: Start minimizeSevpa. Operand 186 states.
[2026-07-04 07:19:07,594 INFO  L88        GeneralOperation]: Finished minimizeSevpa. Reduced states from 186 to 186.
[2026-07-04 07:19:07,594 INFO  L82        GeneralOperation]: Start removeUnreachable. Operand  has 186 states, 173 states have (on average 1.3757225433526012) internal successors, (238), 174 states have internal predecessors, (238), 6 states have call successors, (6), 6 states have call predecessors, (6), 6 states have return successors, (6), 6 states have call predecessors, (6), 6 states have call successors, (6)
[2026-07-04 07:19:07,595 INFO  L88        GeneralOperation]: Finished removeUnreachable. Reduced from 186 states to 186 states and 250 transitions.
[2026-07-04 07:19:07,595 INFO  L79                 Accepts]: Start accepts. Automaton has 186 states and 250 transitions. Word has length 61
[2026-07-04 07:19:07,595 INFO  L85                 Accepts]: Finished accepts. word is rejected.
[2026-07-04 07:19:07,595 INFO  L490      AbstractCegarLoop]: Abstraction has 186 states and 250 transitions.
[2026-07-04 07:19:07,595 INFO  L491      AbstractCegarLoop]: INTERPOLANT automaton has  has 3 states, 3 states have (on average 19.666666666666668) internal successors, (59), 3 states have internal predecessors, (59), 2 states have call successors, (3), 2 states have call predecessors, (3), 2 states have return successors, (3), 1 states have call predecessors, (3), 2 states have call successors, (3)
[2026-07-04 07:19:07,595 INFO  L278                IsEmpty]: Start isEmpty. Operand 186 states and 250 transitions.
[2026-07-04 07:19:07,595 INFO  L284                IsEmpty]: Finished isEmpty. Found accepting run of length 72
[2026-07-04 07:19:07,596 INFO  L199           NwaCegarLoop]: Found error trace
[2026-07-04 07:19:07,596 INFO  L207           NwaCegarLoop]: trace histogram [1, 1, 1, 1, 1, 1, 1, 1, 1, 1, 1, 1, 1, 1, 1, 1, 1, 1, 1, 1, 1, 1, 1, 1, 1, 1, 1, 1, 1, 1, 1, 1, 1, 1, 1, 1, 1, 1, 1, 1, 1, 1, 1, 1, 1, 1, 1, 1, 1, 1, 1, 1, 1, 1, 1, 1, 1, 1, 1, 1, 1, 1, 1, 1, 1, 1, 1, 1, 1, 1, 1]
[2026-07-04 07:19:07,612 INFO  L546       MonitoredProcess]: [MP /usr/bin/z3 SMTLIB2_COMPLIANT=true -memory:2024 -smt2 -in (8)] Ended with exit code 0
[2026-07-04 07:19:07,797 WARN  L471      AbstractCegarLoop]: Destroyed unattended storables created during the last iteration: 8 /usr/bin/z3 SMTLIB2_COMPLIANT=true -memory:2024 -smt2 -in
[2026-07-04 07:19:07,797 INFO  L408      AbstractCegarLoop]: === Iteration 8 === Targeting ULTIMATE.startErr0ASSERT_VIOLATIONASSERT === [ULTIMATE.startErr0ASSERT_VIOLATIONASSERT] ===
[2026-07-04 07:19:07,797 INFO  L156       PredicateUnifier]: Initialized classic predicate unifier
[2026-07-04 07:19:07,797 INFO  L85        PathProgramCache]: Analyzing trace with hash -1908188942, now seen corresponding path program 1 times
[2026-07-04 07:19:07,797 INFO  L118   FreeRefinementEngine]: Executing refinement strategy FIXED_PREFERENCES
[2026-07-04 07:19:07,797 INFO  L324   FreeRefinementEngine]: Using trace check IpTcStrategyModulePreferences [368215755]
[2026-07-04 07:19:07,797 INFO  L97    rtionOrderModulation]: Keeping assertion order NOT_INCREMENTALLY
[2026-07-04 07:19:07,797 INFO  L173          SolverBuilder]: Constructing external solver with command: z3 SMTLIB2_COMPLIANT=true -memory:2024 -smt2 -in
[2026-07-04 07:19:07,799 INFO  L189       MonitoredProcess]: No working directory specified, using /usr/bin/z3
[2026-07-04 07:19:07,803 INFO  L229       MonitoredProcess]: Starting monitored process 9 with /usr/bin/z3 SMTLIB2_COMPLIANT=true -memory:2024 -smt2 -in (exit command is (exit), workingDir is null)
[2026-07-04 07:19:07,804 INFO  L327       MonitoredProcess]: [MP /usr/bin/z3 SMTLIB2_COMPLIANT=true -memory:2024 -smt2 -in (9)] Waiting until timeout for monitored process
[2026-07-04 07:19:07,970 INFO  L108    AnnotateAndAsserter]: Assert order NOT_INCREMENTALLY partitioned 71 statements into 1 equivalence classes.
[2026-07-04 07:19:08,054 INFO  L111    AnnotateAndAsserter]: Assert order NOT_INCREMENTALLY issued 1 check-sat command(s) and asserted 71 of 71 statements.
[2026-07-04 07:19:08,054 INFO  L114    AnnotateAndAsserter]: Assert order NOT_INCREMENTALLY issued 1 check-sat command(s)
[2026-07-04 07:19:08,054 INFO  L115    AnnotateAndAsserter]: Conjunction of SSA is unsat
[2026-07-04 07:19:08,065 INFO  L256         TraceCheckSpWp]: Trace formula consists of 813 conjuncts, 2 conjuncts are in the unsatisfiable core
[2026-07-04 07:19:08,073 INFO  L279         TraceCheckSpWp]: Computing forward predicates...
[2026-07-04 07:19:08,106 INFO  L134       CoverageAnalysis]: Checked inductivity of 0 backedges. 0 proven. 0 refuted. 0 times theorem prover too weak. 0 trivial. 0 not checked.
[2026-07-04 07:19:08,106 INFO  L312         TraceCheckSpWp]: Computing backward predicates...
[2026-07-04 07:19:08,178 INFO  L134       CoverageAnalysis]: Checked inductivity of 0 backedges. 0 proven. 0 refuted. 0 times theorem prover too weak. 0 trivial. 0 not checked.
[2026-07-04 07:19:08,178 INFO  L136   FreeRefinementEngine]: Strategy FIXED_PREFERENCES found an infeasible trace
[2026-07-04 07:19:08,178 INFO  L324   FreeRefinementEngine]: Using interpolant generator IpTcStrategyModulePreferences [368215755]
[2026-07-04 07:19:08,178 INFO  L158   FreeRefinementEngine]: IpTcStrategyModulePreferences [368215755] provided 2 perfect and 0 imperfect interpolant sequences
[2026-07-04 07:19:08,178 INFO  L185   FreeRefinementEngine]: Found 2 perfect and 0 imperfect interpolant sequences.
[2026-07-04 07:19:08,178 INFO  L198   FreeRefinementEngine]: Number of different interpolants: perfect sequences [3, 4] imperfect sequences [] total 5
[2026-07-04 07:19:08,178 INFO  L121   tionRefinementEngine]: Using interpolant automaton builder IpAbStrategyModuleStraightlineAll [172977736]
[2026-07-04 07:19:08,178 INFO  L85    oduleStraightlineAll]: Using 2 perfect interpolants to construct interpolant automaton
[2026-07-04 07:19:08,178 INFO  L567      AbstractCegarLoop]: INTERPOLANT automaton has 5 states
[2026-07-04 07:19:08,178 INFO  L100   FreeRefinementEngine]: Using predicate unifier PredicateUnifier provided by strategy FIXED_PREFERENCES
[2026-07-04 07:19:08,178 INFO  L144   InterpolantAutomaton]: Constructing interpolant automaton starting with 5 interpolants.
[2026-07-04 07:19:08,178 INFO  L146   InterpolantAutomaton]: CoverageRelationStatistics Valid=8, Invalid=12, Unknown=0, NotChecked=0, Total=20
[2026-07-04 07:19:08,178 INFO  L87              Difference]: Start difference. First operand 186 states and 250 transitions. Second operand  has 5 states, 5 states have (on average 15.4) internal successors, (77), 5 states have internal predecessors, (77), 3 states have call successors, (4), 2 states have call predecessors, (4), 5 states have return successors, (5), 4 states have call predecessors, (5), 3 states have call successors, (5)
[2026-07-04 07:19:08,414 INFO  L144             Difference]: Subtrahend was deterministic. Have not used determinization.
[2026-07-04 07:19:08,415 INFO  L93              Difference]: Finished difference Result 420 states and 575 transitions.
[2026-07-04 07:19:08,415 INFO  L140   InterpolantAutomaton]: Switched to read-only mode: deterministic interpolant automaton has 4 states. 
[2026-07-04 07:19:08,415 INFO  L79                 Accepts]: Start accepts. Automaton has  has 5 states, 5 states have (on average 15.4) internal successors, (77), 5 states have internal predecessors, (77), 3 states have call successors, (4), 2 states have call predecessors, (4), 5 states have return successors, (5), 4 states have call predecessors, (5), 3 states have call successors, (5) Word has length 71
[2026-07-04 07:19:08,415 INFO  L85                 Accepts]: Finished accepts. some prefix is accepted.
[2026-07-04 07:19:08,417 INFO  L225             Difference]: With dead ends: 420
[2026-07-04 07:19:08,417 INFO  L226             Difference]: Without dead ends: 303
[2026-07-04 07:19:08,417 INFO  L425           NwaCegarLoop]: 0 DeclaredPredicates, 140 GetRequests, 137 SyntacticMatches, 0 SemanticMatches, 3 ConstructedPredicates, 0 IntricatePredicates, 0 DeprecatedPredicates, 1 ImplicationChecksByTransitivity, 0.0s TimeCoverageRelationStatistics Valid=8, Invalid=12, Unknown=0, NotChecked=0, Total=20
[2026-07-04 07:19:08,417 INFO  L426           NwaCegarLoop]: 243 mSDtfsCounter, 512 mSDsluCounter, 450 mSDsCounter, 0 mSdLazyCounter, 53 mSolverCounterSat, 21 mSolverCounterUnsat, 0 mSolverCounterUnknown, 0 mSolverCounterNotChecked, 0.2s Time, 0 mProtectedPredicate, 0 mProtectedAction, 512 SdHoareTripleChecker+Valid, 693 SdHoareTripleChecker+Invalid, 74 SdHoareTripleChecker+Unknown, 0 SdHoareTripleChecker+Unchecked, 0.0s SdHoareTripleChecker+Time, 21 IncrementalHoareTripleChecker+Valid, 53 IncrementalHoareTripleChecker+Invalid, 0 IncrementalHoareTripleChecker+Unknown, 0 IncrementalHoareTripleChecker+Unchecked, 0.2s IncrementalHoareTripleChecker+Time
[2026-07-04 07:19:08,417 INFO  L427           NwaCegarLoop]: SdHoareTripleChecker [512 Valid, 693 Invalid, 74 Unknown, 0 Unchecked, 0.0s Time], IncrementalHoareTripleChecker [21 Valid, 53 Invalid, 0 Unknown, 0 Unchecked, 0.2s Time]
[2026-07-04 07:19:08,418 INFO  L82        GeneralOperation]: Start minimizeSevpa. Operand 303 states.
[2026-07-04 07:19:08,430 INFO  L88        GeneralOperation]: Finished minimizeSevpa. Reduced states from 303 to 189.
[2026-07-04 07:19:08,431 INFO  L82        GeneralOperation]: Start removeUnreachable. Operand  has 189 states, 176 states have (on average 1.3636363636363635) internal successors, (240), 177 states have internal predecessors, (240), 6 states have call successors, (6), 6 states have call predecessors, (6), 6 states have return successors, (6), 6 states have call predecessors, (6), 6 states have call successors, (6)
[2026-07-04 07:19:08,437 INFO  L88        GeneralOperation]: Finished removeUnreachable. Reduced from 189 states to 189 states and 252 transitions.
[2026-07-04 07:19:08,437 INFO  L79                 Accepts]: Start accepts. Automaton has 189 states and 252 transitions. Word has length 71
[2026-07-04 07:19:08,438 INFO  L85                 Accepts]: Finished accepts. word is rejected.
[2026-07-04 07:19:08,438 INFO  L490      AbstractCegarLoop]: Abstraction has 189 states and 252 transitions.
[2026-07-04 07:19:08,438 INFO  L491      AbstractCegarLoop]: INTERPOLANT automaton has  has 5 states, 5 states have (on average 15.4) internal successors, (77), 5 states have internal predecessors, (77), 3 states have call successors, (4), 2 states have call predecessors, (4), 5 states have return successors, (5), 4 states have call predecessors, (5), 3 states have call successors, (5)
[2026-07-04 07:19:08,438 INFO  L278                IsEmpty]: Start isEmpty. Operand 189 states and 252 transitions.
[2026-07-04 07:19:08,438 INFO  L284                IsEmpty]: Finished isEmpty. Found accepting run of length 73
[2026-07-04 07:19:08,438 INFO  L199           NwaCegarLoop]: Found error trace
[2026-07-04 07:19:08,438 INFO  L207           NwaCegarLoop]: trace histogram [1, 1, 1, 1, 1, 1, 1, 1, 1, 1, 1, 1, 1, 1, 1, 1, 1, 1, 1, 1, 1, 1, 1, 1, 1, 1, 1, 1, 1, 1, 1, 1, 1, 1, 1, 1, 1, 1, 1, 1, 1, 1, 1, 1, 1, 1, 1, 1, 1, 1, 1, 1, 1, 1, 1, 1, 1, 1, 1, 1, 1, 1, 1, 1, 1, 1, 1, 1, 1, 1, 1, 1]
[2026-07-04 07:19:08,451 INFO  L546       MonitoredProcess]: [MP /usr/bin/z3 SMTLIB2_COMPLIANT=true -memory:2024 -smt2 -in (9)] Ended with exit code 0
[2026-07-04 07:19:08,642 WARN  L471      AbstractCegarLoop]: Destroyed unattended storables created during the last iteration: 9 /usr/bin/z3 SMTLIB2_COMPLIANT=true -memory:2024 -smt2 -in
[2026-07-04 07:19:08,642 INFO  L408      AbstractCegarLoop]: === Iteration 9 === Targeting ULTIMATE.startErr0ASSERT_VIOLATIONASSERT === [ULTIMATE.startErr0ASSERT_VIOLATIONASSERT] ===
[2026-07-04 07:19:08,642 INFO  L156       PredicateUnifier]: Initialized classic predicate unifier
[2026-07-04 07:19:08,643 INFO  L85        PathProgramCache]: Analyzing trace with hash 625165071, now seen corresponding path program 1 times
[2026-07-04 07:19:08,643 INFO  L118   FreeRefinementEngine]: Executing refinement strategy FIXED_PREFERENCES
[2026-07-04 07:19:08,643 INFO  L324   FreeRefinementEngine]: Using trace check IpTcStrategyModulePreferences [1856596546]
[2026-07-04 07:19:08,643 INFO  L97    rtionOrderModulation]: Keeping assertion order NOT_INCREMENTALLY
[2026-07-04 07:19:08,643 INFO  L173          SolverBuilder]: Constructing external solver with command: z3 SMTLIB2_COMPLIANT=true -memory:2024 -smt2 -in
[2026-07-04 07:19:08,644 INFO  L189       MonitoredProcess]: No working directory specified, using /usr/bin/z3
[2026-07-04 07:19:08,647 INFO  L229       MonitoredProcess]: Starting monitored process 10 with /usr/bin/z3 SMTLIB2_COMPLIANT=true -memory:2024 -smt2 -in (exit command is (exit), workingDir is null)
[2026-07-04 07:19:08,648 INFO  L327       MonitoredProcess]: [MP /usr/bin/z3 SMTLIB2_COMPLIANT=true -memory:2024 -smt2 -in (10)] Waiting until timeout for monitored process
[2026-07-04 07:19:08,812 INFO  L108    AnnotateAndAsserter]: Assert order NOT_INCREMENTALLY partitioned 72 statements into 1 equivalence classes.
[2026-07-04 07:19:08,914 INFO  L111    AnnotateAndAsserter]: Assert order NOT_INCREMENTALLY issued 1 check-sat command(s) and asserted 72 of 72 statements.
[2026-07-04 07:19:08,914 INFO  L114    AnnotateAndAsserter]: Assert order NOT_INCREMENTALLY issued 1 check-sat command(s)
[2026-07-04 07:19:08,914 INFO  L115    AnnotateAndAsserter]: Conjunction of SSA is unsat
[2026-07-04 07:19:08,925 INFO  L256         TraceCheckSpWp]: Trace formula consists of 881 conjuncts, 5 conjuncts are in the unsatisfiable core
[2026-07-04 07:19:08,927 INFO  L279         TraceCheckSpWp]: Computing forward predicates...
[2026-07-04 07:19:09,125 INFO  L134       CoverageAnalysis]: Checked inductivity of 0 backedges. 0 proven. 0 refuted. 0 times theorem prover too weak. 0 trivial. 0 not checked.
[2026-07-04 07:19:09,125 INFO  L312         TraceCheckSpWp]: Computing backward predicates...
[2026-07-04 07:19:09,251 INFO  L134       CoverageAnalysis]: Checked inductivity of 0 backedges. 0 proven. 0 refuted. 0 times theorem prover too weak. 0 trivial. 0 not checked.
[2026-07-04 07:19:09,251 INFO  L136   FreeRefinementEngine]: Strategy FIXED_PREFERENCES found an infeasible trace
[2026-07-04 07:19:09,251 INFO  L324   FreeRefinementEngine]: Using interpolant generator IpTcStrategyModulePreferences [1856596546]
[2026-07-04 07:19:09,251 INFO  L158   FreeRefinementEngine]: IpTcStrategyModulePreferences [1856596546] provided 2 perfect and 0 imperfect interpolant sequences
[2026-07-04 07:19:09,251 INFO  L185   FreeRefinementEngine]: Found 2 perfect and 0 imperfect interpolant sequences.
[2026-07-04 07:19:09,251 INFO  L198   FreeRefinementEngine]: Number of different interpolants: perfect sequences [5, 6] imperfect sequences [] total 8
[2026-07-04 07:19:09,251 INFO  L121   tionRefinementEngine]: Using interpolant automaton builder IpAbStrategyModuleStraightlineAll [1272194737]
[2026-07-04 07:19:09,252 INFO  L85    oduleStraightlineAll]: Using 2 perfect interpolants to construct interpolant automaton
[2026-07-04 07:19:09,252 INFO  L567      AbstractCegarLoop]: INTERPOLANT automaton has 8 states
[2026-07-04 07:19:09,252 INFO  L100   FreeRefinementEngine]: Using predicate unifier PredicateUnifier provided by strategy FIXED_PREFERENCES
[2026-07-04 07:19:09,252 INFO  L144   InterpolantAutomaton]: Constructing interpolant automaton starting with 8 interpolants.
[2026-07-04 07:19:09,252 INFO  L146   InterpolantAutomaton]: CoverageRelationStatistics Valid=22, Invalid=34, Unknown=0, NotChecked=0, Total=56
[2026-07-04 07:19:09,252 INFO  L87              Difference]: Start difference. First operand 189 states and 252 transitions. Second operand  has 8 states, 8 states have (on average 15.25) internal successors, (122), 6 states have internal predecessors, (122), 2 states have call successors, (6), 4 states have call predecessors, (6), 4 states have return successors, (6), 3 states have call predecessors, (6), 2 states have call successors, (6)
[2026-07-04 07:19:10,276 INFO  L144             Difference]: Subtrahend was deterministic. Have not used determinization.
[2026-07-04 07:19:10,276 INFO  L93              Difference]: Finished difference Result 192 states and 254 transitions.
[2026-07-04 07:19:10,276 INFO  L140   InterpolantAutomaton]: Switched to read-only mode: deterministic interpolant automaton has 6 states. 
[2026-07-04 07:19:10,276 INFO  L79                 Accepts]: Start accepts. Automaton has  has 8 states, 8 states have (on average 15.25) internal successors, (122), 6 states have internal predecessors, (122), 2 states have call successors, (6), 4 states have call predecessors, (6), 4 states have return successors, (6), 3 states have call predecessors, (6), 2 states have call successors, (6) Word has length 72
[2026-07-04 07:19:10,278 INFO  L85                 Accepts]: Finished accepts. some prefix is accepted.
[2026-07-04 07:19:10,286 INFO  L225             Difference]: With dead ends: 192
[2026-07-04 07:19:10,286 INFO  L226             Difference]: Without dead ends: 189
[2026-07-04 07:19:10,286 INFO  L425           NwaCegarLoop]: 0 DeclaredPredicates, 145 GetRequests, 135 SyntacticMatches, 2 SemanticMatches, 8 ConstructedPredicates, 0 IntricatePredicates, 0 DeprecatedPredicates, 9 ImplicationChecksByTransitivity, 0.1s TimeCoverageRelationStatistics Valid=36, Invalid=54, Unknown=0, NotChecked=0, Total=90
[2026-07-04 07:19:10,286 INFO  L426           NwaCegarLoop]: 14 mSDtfsCounter, 402 mSDsluCounter, 19 mSDsCounter, 0 mSdLazyCounter, 716 mSolverCounterSat, 14 mSolverCounterUnsat, 0 mSolverCounterUnknown, 0 mSolverCounterNotChecked, 0.9s Time, 0 mProtectedPredicate, 0 mProtectedAction, 404 SdHoareTripleChecker+Valid, 33 SdHoareTripleChecker+Invalid, 730 SdHoareTripleChecker+Unknown, 0 SdHoareTripleChecker+Unchecked, 0.0s SdHoareTripleChecker+Time, 14 IncrementalHoareTripleChecker+Valid, 716 IncrementalHoareTripleChecker+Invalid, 0 IncrementalHoareTripleChecker+Unknown, 0 IncrementalHoareTripleChecker+Unchecked, 1.0s IncrementalHoareTripleChecker+Time
[2026-07-04 07:19:10,287 INFO  L427           NwaCegarLoop]: SdHoareTripleChecker [404 Valid, 33 Invalid, 730 Unknown, 0 Unchecked, 0.0s Time], IncrementalHoareTripleChecker [14 Valid, 716 Invalid, 0 Unknown, 0 Unchecked, 1.0s Time]
[2026-07-04 07:19:10,287 INFO  L82        GeneralOperation]: Start minimizeSevpa. Operand 189 states.
[2026-07-04 07:19:10,302 INFO  L88        GeneralOperation]: Finished minimizeSevpa. Reduced states from 189 to 189.
[2026-07-04 07:19:10,303 INFO  L82        GeneralOperation]: Start removeUnreachable. Operand  has 189 states, 176 states have (on average 1.3579545454545454) internal successors, (239), 176 states have internal predecessors, (239), 6 states have call successors, (6), 6 states have call predecessors, (6), 6 states have return successors, (6), 6 states have call predecessors, (6), 6 states have call successors, (6)
[2026-07-04 07:19:10,303 INFO  L88        GeneralOperation]: Finished removeUnreachable. Reduced from 189 states to 189 states and 251 transitions.
[2026-07-04 07:19:10,303 INFO  L79                 Accepts]: Start accepts. Automaton has 189 states and 251 transitions. Word has length 72
[2026-07-04 07:19:10,305 INFO  L85                 Accepts]: Finished accepts. word is rejected.
[2026-07-04 07:19:10,305 INFO  L490      AbstractCegarLoop]: Abstraction has 189 states and 251 transitions.
[2026-07-04 07:19:10,305 INFO  L491      AbstractCegarLoop]: INTERPOLANT automaton has  has 8 states, 8 states have (on average 15.25) internal successors, (122), 6 states have internal predecessors, (122), 2 states have call successors, (6), 4 states have call predecessors, (6), 4 states have return successors, (6), 3 states have call predecessors, (6), 2 states have call successors, (6)
[2026-07-04 07:19:10,305 INFO  L278                IsEmpty]: Start isEmpty. Operand 189 states and 251 transitions.
[2026-07-04 07:19:10,307 INFO  L284                IsEmpty]: Finished isEmpty. Found accepting run of length 100
[2026-07-04 07:19:10,307 INFO  L199           NwaCegarLoop]: Found error trace
[2026-07-04 07:19:10,307 INFO  L207           NwaCegarLoop]: trace histogram [1, 1, 1, 1, 1, 1, 1, 1, 1, 1, 1, 1, 1, 1, 1, 1, 1, 1, 1, 1, 1, 1, 1, 1, 1, 1, 1, 1, 1, 1, 1, 1, 1, 1, 1, 1, 1, 1, 1, 1, 1, 1, 1, 1, 1, 1, 1, 1, 1, 1, 1, 1, 1, 1, 1, 1, 1, 1, 1, 1, 1, 1, 1, 1, 1, 1, 1, 1, 1, 1, 1, 1, 1, 1, 1, 1, 1, 1, 1, 1, 1, 1, 1, 1, 1, 1, 1, 1, 1, 1, 1, 1, 1, 1, 1, 1, 1, 1, 1]
[2026-07-04 07:19:10,322 INFO  L546       MonitoredProcess]: [MP /usr/bin/z3 SMTLIB2_COMPLIANT=true -memory:2024 -smt2 -in (10)] Ended with exit code 0
[2026-07-04 07:19:10,511 WARN  L471      AbstractCegarLoop]: Destroyed unattended storables created during the last iteration: 10 /usr/bin/z3 SMTLIB2_COMPLIANT=true -memory:2024 -smt2 -in
[2026-07-04 07:19:10,511 INFO  L408      AbstractCegarLoop]: === Iteration 10 === Targeting ULTIMATE.startErr0ASSERT_VIOLATIONASSERT === [ULTIMATE.startErr0ASSERT_VIOLATIONASSERT] ===
[2026-07-04 07:19:10,512 INFO  L156       PredicateUnifier]: Initialized classic predicate unifier
[2026-07-04 07:19:10,512 INFO  L85        PathProgramCache]: Analyzing trace with hash -2025337882, now seen corresponding path program 1 times
[2026-07-04 07:19:10,512 INFO  L118   FreeRefinementEngine]: Executing refinement strategy FIXED_PREFERENCES
[2026-07-04 07:19:10,512 INFO  L324   FreeRefinementEngine]: Using trace check IpTcStrategyModulePreferences [2021076152]
[2026-07-04 07:19:10,512 INFO  L97    rtionOrderModulation]: Keeping assertion order NOT_INCREMENTALLY
[2026-07-04 07:19:10,512 INFO  L173          SolverBuilder]: Constructing external solver with command: z3 SMTLIB2_COMPLIANT=true -memory:2024 -smt2 -in
[2026-07-04 07:19:10,514 INFO  L189       MonitoredProcess]: No working directory specified, using /usr/bin/z3
[2026-07-04 07:19:10,516 INFO  L229       MonitoredProcess]: Starting monitored process 11 with /usr/bin/z3 SMTLIB2_COMPLIANT=true -memory:2024 -smt2 -in (exit command is (exit), workingDir is null)
[2026-07-04 07:19:10,518 INFO  L327       MonitoredProcess]: [MP /usr/bin/z3 SMTLIB2_COMPLIANT=true -memory:2024 -smt2 -in (11)] Waiting until timeout for monitored process
[2026-07-04 07:19:10,696 INFO  L108    AnnotateAndAsserter]: Assert order NOT_INCREMENTALLY partitioned 99 statements into 1 equivalence classes.
[2026-07-04 07:19:10,811 INFO  L111    AnnotateAndAsserter]: Assert order NOT_INCREMENTALLY issued 1 check-sat command(s) and asserted 99 of 99 statements.
[2026-07-04 07:19:10,811 INFO  L114    AnnotateAndAsserter]: Assert order NOT_INCREMENTALLY issued 1 check-sat command(s)
[2026-07-04 07:19:10,811 INFO  L115    AnnotateAndAsserter]: Conjunction of SSA is unsat
[2026-07-04 07:19:10,821 INFO  L256         TraceCheckSpWp]: Trace formula consists of 1161 conjuncts, 3 conjuncts are in the unsatisfiable core
[2026-07-04 07:19:10,825 INFO  L279         TraceCheckSpWp]: Computing forward predicates...
[2026-07-04 07:19:09,366 INFO  L134       CoverageAnalysis]: Checked inductivity of 0 backedges. 0 proven. 0 refuted. 0 times theorem prover too weak. 0 trivial. 0 not checked.
[2026-07-04 07:19:09,366 INFO  L312         TraceCheckSpWp]: Computing backward predicates...
[2026-07-04 07:19:09,525 INFO  L134       CoverageAnalysis]: Checked inductivity of 0 backedges. 0 proven. 0 refuted. 0 times theorem prover too weak. 0 trivial. 0 not checked.
[2026-07-04 07:19:09,526 INFO  L136   FreeRefinementEngine]: Strategy FIXED_PREFERENCES found an infeasible trace
[2026-07-04 07:19:09,526 INFO  L324   FreeRefinementEngine]: Using interpolant generator IpTcStrategyModulePreferences [2021076152]
[2026-07-04 07:19:09,526 INFO  L158   FreeRefinementEngine]: IpTcStrategyModulePreferences [2021076152] provided 2 perfect and 0 imperfect interpolant sequences
[2026-07-04 07:19:09,526 INFO  L185   FreeRefinementEngine]: Found 2 perfect and 0 imperfect interpolant sequences.
[2026-07-04 07:19:09,526 INFO  L198   FreeRefinementEngine]: Number of different interpolants: perfect sequences [5, 6] imperfect sequences [] total 7
[2026-07-04 07:19:09,526 INFO  L121   tionRefinementEngine]: Using interpolant automaton builder IpAbStrategyModuleStraightlineAll [578036425]
[2026-07-04 07:19:09,526 INFO  L85    oduleStraightlineAll]: Using 2 perfect interpolants to construct interpolant automaton
[2026-07-04 07:19:09,530 INFO  L567      AbstractCegarLoop]: INTERPOLANT automaton has 7 states
[2026-07-04 07:19:09,530 INFO  L100   FreeRefinementEngine]: Using predicate unifier PredicateUnifier provided by strategy FIXED_PREFERENCES
[2026-07-04 07:19:09,530 INFO  L144   InterpolantAutomaton]: Constructing interpolant automaton starting with 7 interpolants.
[2026-07-04 07:19:09,531 INFO  L146   InterpolantAutomaton]: CoverageRelationStatistics Valid=15, Invalid=27, Unknown=0, NotChecked=0, Total=42
[2026-07-04 07:19:09,531 INFO  L87              Difference]: Start difference. First operand 189 states and 251 transitions. Second operand  has 7 states, 7 states have (on average 23.857142857142858) internal successors, (167), 7 states have internal predecessors, (167), 4 states have call successors, (10), 4 states have call predecessors, (10), 6 states have return successors, (10), 4 states have call predecessors, (10), 4 states have call successors, (10)
[2026-07-04 07:19:09,660 INFO  L144             Difference]: Subtrahend was deterministic. Have not used determinization.
[2026-07-04 07:19:09,660 INFO  L93              Difference]: Finished difference Result 273 states and 367 transitions.
[2026-07-04 07:19:09,660 INFO  L140   InterpolantAutomaton]: Switched to read-only mode: deterministic interpolant automaton has 4 states. 
[2026-07-04 07:19:09,661 INFO  L79                 Accepts]: Start accepts. Automaton has  has 7 states, 7 states have (on average 23.857142857142858) internal successors, (167), 7 states have internal predecessors, (167), 4 states have call successors, (10), 4 states have call predecessors, (10), 6 states have return successors, (10), 4 states have call predecessors, (10), 4 states have call successors, (10) Word has length 99
[2026-07-04 07:19:09,666 INFO  L85                 Accepts]: Finished accepts. some prefix is accepted.
[2026-07-04 07:19:09,668 INFO  L225             Difference]: With dead ends: 273
[2026-07-04 07:19:09,668 INFO  L226             Difference]: Without dead ends: 189
[2026-07-04 07:19:09,668 INFO  L425           NwaCegarLoop]: 0 DeclaredPredicates, 196 GetRequests, 191 SyntacticMatches, 0 SemanticMatches, 5 ConstructedPredicates, 0 IntricatePredicates, 0 DeprecatedPredicates, 4 ImplicationChecksByTransitivity, 0.0s TimeCoverageRelationStatistics Valid=15, Invalid=27, Unknown=0, NotChecked=0, Total=42
[2026-07-04 07:19:09,674 INFO  L426           NwaCegarLoop]: 244 mSDtfsCounter, 308 mSDsluCounter, 443 mSDsCounter, 0 mSdLazyCounter, 21 mSolverCounterSat, 5 mSolverCounterUnsat, 0 mSolverCounterUnknown, 0 mSolverCounterNotChecked, 0.1s Time, 0 mProtectedPredicate, 0 mProtectedAction, 308 SdHoareTripleChecker+Valid, 687 SdHoareTripleChecker+Invalid, 26 SdHoareTripleChecker+Unknown, 0 SdHoareTripleChecker+Unchecked, 0.0s SdHoareTripleChecker+Time, 5 IncrementalHoareTripleChecker+Valid, 21 IncrementalHoareTripleChecker+Invalid, 0 IncrementalHoareTripleChecker+Unknown, 0 IncrementalHoareTripleChecker+Unchecked, 0.1s IncrementalHoareTripleChecker+Time
[2026-07-04 07:19:09,674 INFO  L427           NwaCegarLoop]: SdHoareTripleChecker [308 Valid, 687 Invalid, 26 Unknown, 0 Unchecked, 0.0s Time], IncrementalHoareTripleChecker [5 Valid, 21 Invalid, 0 Unknown, 0 Unchecked, 0.1s Time]
[2026-07-04 07:19:09,674 INFO  L82        GeneralOperation]: Start minimizeSevpa. Operand 189 states.
[2026-07-04 07:19:09,687 INFO  L88        GeneralOperation]: Finished minimizeSevpa. Reduced states from 189 to 189.
[2026-07-04 07:19:09,687 INFO  L82        GeneralOperation]: Start removeUnreachable. Operand  has 189 states, 176 states have (on average 1.3522727272727273) internal successors, (238), 176 states have internal predecessors, (238), 6 states have call successors, (6), 6 states have call predecessors, (6), 6 states have return successors, (6), 6 states have call predecessors, (6), 6 states have call successors, (6)
[2026-07-04 07:19:09,688 INFO  L88        GeneralOperation]: Finished removeUnreachable. Reduced from 189 states to 189 states and 250 transitions.
[2026-07-04 07:19:09,688 INFO  L79                 Accepts]: Start accepts. Automaton has 189 states and 250 transitions. Word has length 99
[2026-07-04 07:19:09,688 INFO  L85                 Accepts]: Finished accepts. word is rejected.
[2026-07-04 07:19:09,688 INFO  L490      AbstractCegarLoop]: Abstraction has 189 states and 250 transitions.
[2026-07-04 07:19:09,688 INFO  L491      AbstractCegarLoop]: INTERPOLANT automaton has  has 7 states, 7 states have (on average 23.857142857142858) internal successors, (167), 7 states have internal predecessors, (167), 4 states have call successors, (10), 4 states have call predecessors, (10), 6 states have return successors, (10), 4 states have call predecessors, (10), 4 states have call successors, (10)
[2026-07-04 07:19:09,688 INFO  L278                IsEmpty]: Start isEmpty. Operand 189 states and 250 transitions.
[2026-07-04 07:19:09,689 INFO  L284                IsEmpty]: Finished isEmpty. Found accepting run of length 102
[2026-07-04 07:19:09,689 INFO  L199           NwaCegarLoop]: Found error trace
[2026-07-04 07:19:09,689 INFO  L207           NwaCegarLoop]: trace histogram [1, 1, 1, 1, 1, 1, 1, 1, 1, 1, 1, 1, 1, 1, 1, 1, 1, 1, 1, 1, 1, 1, 1, 1, 1, 1, 1, 1, 1, 1, 1, 1, 1, 1, 1, 1, 1, 1, 1, 1, 1, 1, 1, 1, 1, 1, 1, 1, 1, 1, 1, 1, 1, 1, 1, 1, 1, 1, 1, 1, 1, 1, 1, 1, 1, 1, 1, 1, 1, 1, 1, 1, 1, 1, 1, 1, 1, 1, 1, 1, 1, 1, 1, 1, 1, 1, 1, 1, 1, 1, 1, 1, 1, 1, 1, 1, 1, 1, 1, 1, 1]
[2026-07-04 07:19:09,707 INFO  L546       MonitoredProcess]: [MP /usr/bin/z3 SMTLIB2_COMPLIANT=true -memory:2024 -smt2 -in (11)] Ended with exit code 0
[2026-07-04 07:19:09,893 WARN  L471      AbstractCegarLoop]: Destroyed unattended storables created during the last iteration: 11 /usr/bin/z3 SMTLIB2_COMPLIANT=true -memory:2024 -smt2 -in
[2026-07-04 07:19:09,894 INFO  L408      AbstractCegarLoop]: === Iteration 11 === Targeting ULTIMATE.startErr0ASSERT_VIOLATIONASSERT === [ULTIMATE.startErr0ASSERT_VIOLATIONASSERT] ===
[2026-07-04 07:19:09,894 INFO  L156       PredicateUnifier]: Initialized classic predicate unifier
[2026-07-04 07:19:09,894 INFO  L85        PathProgramCache]: Analyzing trace with hash 1663207296, now seen corresponding path program 1 times
[2026-07-04 07:19:09,894 INFO  L118   FreeRefinementEngine]: Executing refinement strategy FIXED_PREFERENCES
[2026-07-04 07:19:09,894 INFO  L324   FreeRefinementEngine]: Using trace check IpTcStrategyModulePreferences [1495851162]
[2026-07-04 07:19:09,894 INFO  L97    rtionOrderModulation]: Keeping assertion order NOT_INCREMENTALLY
[2026-07-04 07:19:09,895 INFO  L173          SolverBuilder]: Constructing external solver with command: z3 SMTLIB2_COMPLIANT=true -memory:2024 -smt2 -in
[2026-07-04 07:19:09,896 INFO  L189       MonitoredProcess]: No working directory specified, using /usr/bin/z3
[2026-07-04 07:19:09,898 INFO  L229       MonitoredProcess]: Starting monitored process 12 with /usr/bin/z3 SMTLIB2_COMPLIANT=true -memory:2024 -smt2 -in (exit command is (exit), workingDir is null)
[2026-07-04 07:19:09,900 INFO  L327       MonitoredProcess]: [MP /usr/bin/z3 SMTLIB2_COMPLIANT=true -memory:2024 -smt2 -in (12)] Waiting until timeout for monitored process
[2026-07-04 07:19:10,068 INFO  L108    AnnotateAndAsserter]: Assert order NOT_INCREMENTALLY partitioned 101 statements into 1 equivalence classes.
[2026-07-04 07:19:10,156 INFO  L111    AnnotateAndAsserter]: Assert order NOT_INCREMENTALLY issued 1 check-sat command(s) and asserted 101 of 101 statements.
[2026-07-04 07:19:10,157 INFO  L114    AnnotateAndAsserter]: Assert order NOT_INCREMENTALLY issued 1 check-sat command(s)
[2026-07-04 07:19:10,157 INFO  L115    AnnotateAndAsserter]: Conjunction of SSA is unsat
[2026-07-04 07:19:10,162 INFO  L256         TraceCheckSpWp]: Trace formula consists of 1165 conjuncts, 2 conjuncts are in the unsatisfiable core
[2026-07-04 07:19:10,164 INFO  L279         TraceCheckSpWp]: Computing forward predicates...
[2026-07-04 07:19:10,202 INFO  L134       CoverageAnalysis]: Checked inductivity of 0 backedges. 0 proven. 0 refuted. 0 times theorem prover too weak. 0 trivial. 0 not checked.
[2026-07-04 07:19:10,202 INFO  L312         TraceCheckSpWp]: Computing backward predicates...
[2026-07-04 07:19:10,239 INFO  L134       CoverageAnalysis]: Checked inductivity of 0 backedges. 0 proven. 0 refuted. 0 times theorem prover too weak. 0 trivial. 0 not checked.
[2026-07-04 07:19:10,239 INFO  L136   FreeRefinementEngine]: Strategy FIXED_PREFERENCES found an infeasible trace
[2026-07-04 07:19:10,239 INFO  L324   FreeRefinementEngine]: Using interpolant generator IpTcStrategyModulePreferences [1495851162]
[2026-07-04 07:19:10,239 INFO  L158   FreeRefinementEngine]: IpTcStrategyModulePreferences [1495851162] provided 2 perfect and 0 imperfect interpolant sequences
[2026-07-04 07:19:10,239 INFO  L185   FreeRefinementEngine]: Found 2 perfect and 0 imperfect interpolant sequences.
[2026-07-04 07:19:10,240 INFO  L198   FreeRefinementEngine]: Number of different interpolants: perfect sequences [3, 3] imperfect sequences [] total 3
[2026-07-04 07:19:10,240 INFO  L121   tionRefinementEngine]: Using interpolant automaton builder IpAbStrategyModuleStraightlineAll [1463840672]
[2026-07-04 07:19:10,240 INFO  L85    oduleStraightlineAll]: Using 2 perfect interpolants to construct interpolant automaton
[2026-07-04 07:19:10,240 INFO  L567      AbstractCegarLoop]: INTERPOLANT automaton has 3 states
[2026-07-04 07:19:10,240 INFO  L100   FreeRefinementEngine]: Using predicate unifier PredicateUnifier provided by strategy FIXED_PREFERENCES
[2026-07-04 07:19:10,240 INFO  L144   InterpolantAutomaton]: Constructing interpolant automaton starting with 3 interpolants.
[2026-07-04 07:19:10,240 INFO  L146   InterpolantAutomaton]: CoverageRelationStatistics Valid=3, Invalid=3, Unknown=0, NotChecked=0, Total=6
[2026-07-04 07:19:10,240 INFO  L87              Difference]: Start difference. First operand 189 states and 250 transitions. Second operand  has 3 states, 3 states have (on average 31.0) internal successors, (93), 3 states have internal predecessors, (93), 2 states have call successors, (6), 2 states have call predecessors, (6), 2 states have return successors, (6), 2 states have call predecessors, (6), 2 states have call successors, (6)
[2026-07-04 07:19:10,270 INFO  L144             Difference]: Subtrahend was deterministic. Have not used determinization.
[2026-07-04 07:19:10,270 INFO  L93              Difference]: Finished difference Result 273 states and 366 transitions.
[2026-07-04 07:19:10,272 INFO  L140   InterpolantAutomaton]: Switched to read-only mode: deterministic interpolant automaton has 3 states. 
[2026-07-04 07:19:10,272 INFO  L79                 Accepts]: Start accepts. Automaton has  has 3 states, 3 states have (on average 31.0) internal successors, (93), 3 states have internal predecessors, (93), 2 states have call successors, (6), 2 states have call predecessors, (6), 2 states have return successors, (6), 2 states have call predecessors, (6), 2 states have call successors, (6) Word has length 101
[2026-07-04 07:19:10,272 INFO  L85                 Accepts]: Finished accepts. some prefix is accepted.
[2026-07-04 07:19:10,273 INFO  L225             Difference]: With dead ends: 273
[2026-07-04 07:19:10,273 INFO  L226             Difference]: Without dead ends: 188
[2026-07-04 07:19:10,273 INFO  L425           NwaCegarLoop]: 0 DeclaredPredicates, 200 GetRequests, 199 SyntacticMatches, 0 SemanticMatches, 1 ConstructedPredicates, 0 IntricatePredicates, 0 DeprecatedPredicates, 0 ImplicationChecksByTransitivity, 0.0s TimeCoverageRelationStatistics Valid=3, Invalid=3, Unknown=0, NotChecked=0, Total=6
[2026-07-04 07:19:10,273 INFO  L426           NwaCegarLoop]: 243 mSDtfsCounter, 128 mSDsluCounter, 114 mSDsCounter, 0 mSdLazyCounter, 2 mSolverCounterSat, 1 mSolverCounterUnsat, 0 mSolverCounterUnknown, 0 mSolverCounterNotChecked, 0.0s Time, 0 mProtectedPredicate, 0 mProtectedAction, 128 SdHoareTripleChecker+Valid, 357 SdHoareTripleChecker+Invalid, 3 SdHoareTripleChecker+Unknown, 0 SdHoareTripleChecker+Unchecked, 0.0s SdHoareTripleChecker+Time, 1 IncrementalHoareTripleChecker+Valid, 2 IncrementalHoareTripleChecker+Invalid, 0 IncrementalHoareTripleChecker+Unknown, 0 IncrementalHoareTripleChecker+Unchecked, 0.0s IncrementalHoareTripleChecker+Time
[2026-07-04 07:19:10,273 INFO  L427           NwaCegarLoop]: SdHoareTripleChecker [128 Valid, 357 Invalid, 3 Unknown, 0 Unchecked, 0.0s Time], IncrementalHoareTripleChecker [1 Valid, 2 Invalid, 0 Unknown, 0 Unchecked, 0.0s Time]
[2026-07-04 07:19:10,274 INFO  L82        GeneralOperation]: Start minimizeSevpa. Operand 188 states.
[2026-07-04 07:19:10,289 INFO  L88        GeneralOperation]: Finished minimizeSevpa. Reduced states from 188 to 188.
[2026-07-04 07:19:10,289 INFO  L82        GeneralOperation]: Start removeUnreachable. Operand  has 188 states, 175 states have (on average 1.3428571428571427) internal successors, (235), 175 states have internal predecessors, (235), 6 states have call successors, (6), 6 states have call predecessors, (6), 6 states have return successors, (6), 6 states have call predecessors, (6), 6 states have call successors, (6)
[2026-07-04 07:19:10,289 INFO  L88        GeneralOperation]: Finished removeUnreachable. Reduced from 188 states to 188 states and 247 transitions.
[2026-07-04 07:19:10,290 INFO  L79                 Accepts]: Start accepts. Automaton has 188 states and 247 transitions. Word has length 101
[2026-07-04 07:19:10,290 INFO  L85                 Accepts]: Finished accepts. word is rejected.
[2026-07-04 07:19:10,290 INFO  L490      AbstractCegarLoop]: Abstraction has 188 states and 247 transitions.
[2026-07-04 07:19:10,290 INFO  L491      AbstractCegarLoop]: INTERPOLANT automaton has  has 3 states, 3 states have (on average 31.0) internal successors, (93), 3 states have internal predecessors, (93), 2 states have call successors, (6), 2 states have call predecessors, (6), 2 states have return successors, (6), 2 states have call predecessors, (6), 2 states have call successors, (6)
[2026-07-04 07:19:10,290 INFO  L278                IsEmpty]: Start isEmpty. Operand 188 states and 247 transitions.
[2026-07-04 07:19:10,290 INFO  L284                IsEmpty]: Finished isEmpty. Found accepting run of length 104
[2026-07-04 07:19:10,291 INFO  L199           NwaCegarLoop]: Found error trace
[2026-07-04 07:19:10,291 INFO  L207           NwaCegarLoop]: trace histogram [1, 1, 1, 1, 1, 1, 1, 1, 1, 1, 1, 1, 1, 1, 1, 1, 1, 1, 1, 1, 1, 1, 1, 1, 1, 1, 1, 1, 1, 1, 1, 1, 1, 1, 1, 1, 1, 1, 1, 1, 1, 1, 1, 1, 1, 1, 1, 1, 1, 1, 1, 1, 1, 1, 1, 1, 1, 1, 1, 1, 1, 1, 1, 1, 1, 1, 1, 1, 1, 1, 1, 1, 1, 1, 1, 1, 1, 1, 1, 1, 1, 1, 1, 1, 1, 1, 1, 1, 1, 1, 1, 1, 1, 1, 1, 1, 1, 1, 1, 1, 1, 1, 1]
[2026-07-04 07:19:10,309 INFO  L546       MonitoredProcess]: [MP /usr/bin/z3 SMTLIB2_COMPLIANT=true -memory:2024 -smt2 -in (12)] Ended with exit code 0
[2026-07-04 07:19:10,500 WARN  L471      AbstractCegarLoop]: Destroyed unattended storables created during the last iteration: 12 /usr/bin/z3 SMTLIB2_COMPLIANT=true -memory:2024 -smt2 -in
[2026-07-04 07:19:10,501 INFO  L408      AbstractCegarLoop]: === Iteration 12 === Targeting ULTIMATE.startErr0ASSERT_VIOLATIONASSERT === [ULTIMATE.startErr0ASSERT_VIOLATIONASSERT] ===
[2026-07-04 07:19:10,501 INFO  L156       PredicateUnifier]: Initialized classic predicate unifier
[2026-07-04 07:19:10,501 INFO  L85        PathProgramCache]: Analyzing trace with hash 1728713978, now seen corresponding path program 1 times
[2026-07-04 07:19:10,501 INFO  L118   FreeRefinementEngine]: Executing refinement strategy FIXED_PREFERENCES
[2026-07-04 07:19:10,501 INFO  L324   FreeRefinementEngine]: Using trace check IpTcStrategyModulePreferences [305383005]
[2026-07-04 07:19:10,501 INFO  L97    rtionOrderModulation]: Keeping assertion order NOT_INCREMENTALLY
[2026-07-04 07:19:10,501 INFO  L173          SolverBuilder]: Constructing external solver with command: z3 SMTLIB2_COMPLIANT=true -memory:2024 -smt2 -in
[2026-07-04 07:19:10,503 INFO  L189       MonitoredProcess]: No working directory specified, using /usr/bin/z3
[2026-07-04 07:19:10,507 INFO  L229       MonitoredProcess]: Starting monitored process 13 with /usr/bin/z3 SMTLIB2_COMPLIANT=true -memory:2024 -smt2 -in (exit command is (exit), workingDir is null)
[2026-07-04 07:19:10,509 INFO  L327       MonitoredProcess]: [MP /usr/bin/z3 SMTLIB2_COMPLIANT=true -memory:2024 -smt2 -in (13)] Waiting until timeout for monitored process
[2026-07-04 07:19:10,661 INFO  L108    AnnotateAndAsserter]: Assert order NOT_INCREMENTALLY partitioned 103 statements into 1 equivalence classes.
[2026-07-04 07:19:10,735 INFO  L111    AnnotateAndAsserter]: Assert order NOT_INCREMENTALLY issued 1 check-sat command(s) and asserted 103 of 103 statements.
[2026-07-04 07:19:10,735 INFO  L114    AnnotateAndAsserter]: Assert order NOT_INCREMENTALLY issued 1 check-sat command(s)
[2026-07-04 07:19:10,735 INFO  L115    AnnotateAndAsserter]: Conjunction of SSA is unsat
[2026-07-04 07:19:10,741 INFO  L256         TraceCheckSpWp]: Trace formula consists of 1168 conjuncts, 2 conjuncts are in the unsatisfiable core
[2026-07-04 07:19:10,751 INFO  L279         TraceCheckSpWp]: Computing forward predicates...
[2026-07-04 07:19:10,762 INFO  L134       CoverageAnalysis]: Checked inductivity of 0 backedges. 0 proven. 0 refuted. 0 times theorem prover too weak. 0 trivial. 0 not checked.
[2026-07-04 07:19:10,762 INFO  L312         TraceCheckSpWp]: Computing backward predicates...
[2026-07-04 07:19:10,801 INFO  L134       CoverageAnalysis]: Checked inductivity of 0 backedges. 0 proven. 0 refuted. 0 times theorem prover too weak. 0 trivial. 0 not checked.
[2026-07-04 07:19:10,801 INFO  L136   FreeRefinementEngine]: Strategy FIXED_PREFERENCES found an infeasible trace
[2026-07-04 07:19:10,801 INFO  L324   FreeRefinementEngine]: Using interpolant generator IpTcStrategyModulePreferences [305383005]
[2026-07-04 07:19:10,801 INFO  L158   FreeRefinementEngine]: IpTcStrategyModulePreferences [305383005] provided 2 perfect and 0 imperfect interpolant sequences
[2026-07-04 07:19:10,801 INFO  L185   FreeRefinementEngine]: Found 2 perfect and 0 imperfect interpolant sequences.
[2026-07-04 07:19:10,801 INFO  L198   FreeRefinementEngine]: Number of different interpolants: perfect sequences [3, 3] imperfect sequences [] total 3
[2026-07-04 07:19:10,801 INFO  L121   tionRefinementEngine]: Using interpolant automaton builder IpAbStrategyModuleStraightlineAll [319215401]
[2026-07-04 07:19:10,801 INFO  L85    oduleStraightlineAll]: Using 2 perfect interpolants to construct interpolant automaton
[2026-07-04 07:19:10,802 INFO  L567      AbstractCegarLoop]: INTERPOLANT automaton has 3 states
[2026-07-04 07:19:10,802 INFO  L100   FreeRefinementEngine]: Using predicate unifier PredicateUnifier provided by strategy FIXED_PREFERENCES
[2026-07-04 07:19:10,802 INFO  L144   InterpolantAutomaton]: Constructing interpolant automaton starting with 3 interpolants.
[2026-07-04 07:19:10,802 INFO  L146   InterpolantAutomaton]: CoverageRelationStatistics Valid=3, Invalid=3, Unknown=0, NotChecked=0, Total=6
[2026-07-04 07:19:10,802 INFO  L87              Difference]: Start difference. First operand 188 states and 247 transitions. Second operand  has 3 states, 3 states have (on average 31.666666666666668) internal successors, (95), 3 states have internal predecessors, (95), 2 states have call successors, (6), 2 states have call predecessors, (6), 2 states have return successors, (6), 2 states have call predecessors, (6), 2 states have call successors, (6)
[2026-07-04 07:19:10,831 INFO  L144             Difference]: Subtrahend was deterministic. Have not used determinization.
[2026-07-04 07:19:10,831 INFO  L93              Difference]: Finished difference Result 312 states and 419 transitions.
[2026-07-04 07:19:10,838 INFO  L140   InterpolantAutomaton]: Switched to read-only mode: deterministic interpolant automaton has 3 states. 
[2026-07-04 07:19:10,838 INFO  L79                 Accepts]: Start accepts. Automaton has  has 3 states, 3 states have (on average 31.666666666666668) internal successors, (95), 3 states have internal predecessors, (95), 2 states have call successors, (6), 2 states have call predecessors, (6), 2 states have return successors, (6), 2 states have call predecessors, (6), 2 states have call successors, (6) Word has length 103
[2026-07-04 07:19:10,838 INFO  L85                 Accepts]: Finished accepts. some prefix is accepted.
[2026-07-04 07:19:10,839 INFO  L225             Difference]: With dead ends: 312
[2026-07-04 07:19:10,839 INFO  L226             Difference]: Without dead ends: 224
[2026-07-04 07:19:10,839 INFO  L425           NwaCegarLoop]: 0 DeclaredPredicates, 204 GetRequests, 203 SyntacticMatches, 0 SemanticMatches, 1 ConstructedPredicates, 0 IntricatePredicates, 0 DeprecatedPredicates, 0 ImplicationChecksByTransitivity, 0.0s TimeCoverageRelationStatistics Valid=3, Invalid=3, Unknown=0, NotChecked=0, Total=6
[2026-07-04 07:19:10,840 INFO  L426           NwaCegarLoop]: 242 mSDtfsCounter, 122 mSDsluCounter, 165 mSDsCounter, 0 mSdLazyCounter, 4 mSolverCounterSat, 1 mSolverCounterUnsat, 0 mSolverCounterUnknown, 0 mSolverCounterNotChecked, 0.0s Time, 0 mProtectedPredicate, 0 mProtectedAction, 122 SdHoareTripleChecker+Valid, 407 SdHoareTripleChecker+Invalid, 5 SdHoareTripleChecker+Unknown, 0 SdHoareTripleChecker+Unchecked, 0.0s SdHoareTripleChecker+Time, 1 IncrementalHoareTripleChecker+Valid, 4 IncrementalHoareTripleChecker+Invalid, 0 IncrementalHoareTripleChecker+Unknown, 0 IncrementalHoareTripleChecker+Unchecked, 0.0s IncrementalHoareTripleChecker+Time
[2026-07-04 07:19:10,840 INFO  L427           NwaCegarLoop]: SdHoareTripleChecker [122 Valid, 407 Invalid, 5 Unknown, 0 Unchecked, 0.0s Time], IncrementalHoareTripleChecker [1 Valid, 4 Invalid, 0 Unknown, 0 Unchecked, 0.0s Time]
[2026-07-04 07:19:10,840 INFO  L82        GeneralOperation]: Start minimizeSevpa. Operand 224 states.
[2026-07-04 07:19:10,846 INFO  L88        GeneralOperation]: Finished minimizeSevpa. Reduced states from 224 to 188.
[2026-07-04 07:19:10,846 INFO  L82        GeneralOperation]: Start removeUnreachable. Operand  has 188 states, 175 states have (on average 1.3314285714285714) internal successors, (233), 175 states have internal predecessors, (233), 6 states have call successors, (6), 6 states have call predecessors, (6), 6 states have return successors, (6), 6 states have call predecessors, (6), 6 states have call successors, (6)
[2026-07-04 07:19:10,847 INFO  L88        GeneralOperation]: Finished removeUnreachable. Reduced from 188 states to 188 states and 245 transitions.
[2026-07-04 07:19:10,847 INFO  L79                 Accepts]: Start accepts. Automaton has 188 states and 245 transitions. Word has length 103
[2026-07-04 07:19:10,854 INFO  L85                 Accepts]: Finished accepts. word is rejected.
[2026-07-04 07:19:10,854 INFO  L490      AbstractCegarLoop]: Abstraction has 188 states and 245 transitions.
[2026-07-04 07:19:10,854 INFO  L491      AbstractCegarLoop]: INTERPOLANT automaton has  has 3 states, 3 states have (on average 31.666666666666668) internal successors, (95), 3 states have internal predecessors, (95), 2 states have call successors, (6), 2 states have call predecessors, (6), 2 states have return successors, (6), 2 states have call predecessors, (6), 2 states have call successors, (6)
[2026-07-04 07:19:10,854 INFO  L278                IsEmpty]: Start isEmpty. Operand 188 states and 245 transitions.
[2026-07-04 07:19:10,855 INFO  L284                IsEmpty]: Finished isEmpty. Found accepting run of length 108
[2026-07-04 07:19:10,855 INFO  L199           NwaCegarLoop]: Found error trace
[2026-07-04 07:19:10,855 INFO  L207           NwaCegarLoop]: trace histogram [1, 1, 1, 1, 1, 1, 1, 1, 1, 1, 1, 1, 1, 1, 1, 1, 1, 1, 1, 1, 1, 1, 1, 1, 1, 1, 1, 1, 1, 1, 1, 1, 1, 1, 1, 1, 1, 1, 1, 1, 1, 1, 1, 1, 1, 1, 1, 1, 1, 1, 1, 1, 1, 1, 1, 1, 1, 1, 1, 1, 1, 1, 1, 1, 1, 1, 1, 1, 1, 1, 1, 1, 1, 1, 1, 1, 1, 1, 1, 1, 1, 1, 1, 1, 1, 1, 1, 1, 1, 1, 1, 1, 1, 1, 1, 1, 1, 1, 1, 1, 1, 1, 1, 1, 1, 1, 1]
[2026-07-04 07:19:10,874 INFO  L546       MonitoredProcess]: [MP /usr/bin/z3 SMTLIB2_COMPLIANT=true -memory:2024 -smt2 -in (13)] Ended with exit code 0
[2026-07-04 07:19:11,058 WARN  L471      AbstractCegarLoop]: Destroyed unattended storables created during the last iteration: 13 /usr/bin/z3 SMTLIB2_COMPLIANT=true -memory:2024 -smt2 -in
[2026-07-04 07:19:11,058 INFO  L408      AbstractCegarLoop]: === Iteration 13 === Targeting ULTIMATE.startErr0ASSERT_VIOLATIONASSERT === [ULTIMATE.startErr0ASSERT_VIOLATIONASSERT] ===
[2026-07-04 07:19:11,059 INFO  L156       PredicateUnifier]: Initialized classic predicate unifier
[2026-07-04 07:19:11,059 INFO  L85        PathProgramCache]: Analyzing trace with hash 1787274325, now seen corresponding path program 1 times
[2026-07-04 07:19:11,059 INFO  L118   FreeRefinementEngine]: Executing refinement strategy FIXED_PREFERENCES
[2026-07-04 07:19:11,059 INFO  L324   FreeRefinementEngine]: Using trace check IpTcStrategyModulePreferences [1505779098]
[2026-07-04 07:19:11,059 INFO  L97    rtionOrderModulation]: Keeping assertion order NOT_INCREMENTALLY
[2026-07-04 07:19:11,059 INFO  L173          SolverBuilder]: Constructing external solver with command: z3 SMTLIB2_COMPLIANT=true -memory:2024 -smt2 -in
[2026-07-04 07:19:11,060 INFO  L189       MonitoredProcess]: No working directory specified, using /usr/bin/z3
[2026-07-04 07:19:11,066 INFO  L229       MonitoredProcess]: Starting monitored process 14 with /usr/bin/z3 SMTLIB2_COMPLIANT=true -memory:2024 -smt2 -in (exit command is (exit), workingDir is null)
[2026-07-04 07:19:11,071 INFO  L327       MonitoredProcess]: [MP /usr/bin/z3 SMTLIB2_COMPLIANT=true -memory:2024 -smt2 -in (14)] Waiting until timeout for monitored process
[2026-07-04 07:19:11,315 INFO  L108    AnnotateAndAsserter]: Assert order NOT_INCREMENTALLY partitioned 107 statements into 1 equivalence classes.
[2026-07-04 07:19:11,456 INFO  L111    AnnotateAndAsserter]: Assert order NOT_INCREMENTALLY issued 1 check-sat command(s) and asserted 107 of 107 statements.
[2026-07-04 07:19:11,456 INFO  L114    AnnotateAndAsserter]: Assert order NOT_INCREMENTALLY issued 1 check-sat command(s)
[2026-07-04 07:19:11,456 INFO  L115    AnnotateAndAsserter]: Conjunction of SSA is unsat
[2026-07-04 07:19:11,468 INFO  L256         TraceCheckSpWp]: Trace formula consists of 1173 conjuncts, 2 conjuncts are in the unsatisfiable core
[2026-07-04 07:19:11,471 INFO  L279         TraceCheckSpWp]: Computing forward predicates...
[2026-07-04 07:19:11,488 INFO  L134       CoverageAnalysis]: Checked inductivity of 0 backedges. 0 proven. 0 refuted. 0 times theorem prover too weak. 0 trivial. 0 not checked.
[2026-07-04 07:19:11,488 INFO  L312         TraceCheckSpWp]: Computing backward predicates...
[2026-07-04 07:19:11,544 INFO  L134       CoverageAnalysis]: Checked inductivity of 0 backedges. 0 proven. 0 refuted. 0 times theorem prover too weak. 0 trivial. 0 not checked.
[2026-07-04 07:19:11,544 INFO  L136   FreeRefinementEngine]: Strategy FIXED_PREFERENCES found an infeasible trace
[2026-07-04 07:19:11,544 INFO  L324   FreeRefinementEngine]: Using interpolant generator IpTcStrategyModulePreferences [1505779098]
[2026-07-04 07:19:11,544 INFO  L158   FreeRefinementEngine]: IpTcStrategyModulePreferences [1505779098] provided 2 perfect and 0 imperfect interpolant sequences
[2026-07-04 07:19:11,544 INFO  L185   FreeRefinementEngine]: Found 2 perfect and 0 imperfect interpolant sequences.
[2026-07-04 07:19:11,544 INFO  L198   FreeRefinementEngine]: Number of different interpolants: perfect sequences [3, 3] imperfect sequences [] total 3
[2026-07-04 07:19:11,544 INFO  L121   tionRefinementEngine]: Using interpolant automaton builder IpAbStrategyModuleStraightlineAll [178557265]
[2026-07-04 07:19:11,544 INFO  L85    oduleStraightlineAll]: Using 2 perfect interpolants to construct interpolant automaton
[2026-07-04 07:19:11,544 INFO  L567      AbstractCegarLoop]: INTERPOLANT automaton has 3 states
[2026-07-04 07:19:11,544 INFO  L100   FreeRefinementEngine]: Using predicate unifier PredicateUnifier provided by strategy FIXED_PREFERENCES
[2026-07-04 07:19:11,545 INFO  L144   InterpolantAutomaton]: Constructing interpolant automaton starting with 3 interpolants.
[2026-07-04 07:19:11,545 INFO  L146   InterpolantAutomaton]: CoverageRelationStatistics Valid=3, Invalid=3, Unknown=0, NotChecked=0, Total=6
[2026-07-04 07:19:11,545 INFO  L87              Difference]: Start difference. First operand 188 states and 245 transitions. Second operand  has 3 states, 3 states have (on average 33.0) internal successors, (99), 3 states have internal predecessors, (99), 2 states have call successors, (6), 2 states have call predecessors, (6), 2 states have return successors, (6), 2 states have call predecessors, (6), 2 states have call successors, (6)
[2026-07-04 07:19:11,615 INFO  L144             Difference]: Subtrahend was deterministic. Have not used determinization.
[2026-07-04 07:19:11,615 INFO  L93              Difference]: Finished difference Result 266 states and 353 transitions.
[2026-07-04 07:19:11,615 INFO  L140   InterpolantAutomaton]: Switched to read-only mode: deterministic interpolant automaton has 3 states. 
[2026-07-04 07:19:11,615 INFO  L79                 Accepts]: Start accepts. Automaton has  has 3 states, 3 states have (on average 33.0) internal successors, (99), 3 states have internal predecessors, (99), 2 states have call successors, (6), 2 states have call predecessors, (6), 2 states have return successors, (6), 2 states have call predecessors, (6), 2 states have call successors, (6) Word has length 107
[2026-07-04 07:19:11,616 INFO  L85                 Accepts]: Finished accepts. some prefix is accepted.
[2026-07-04 07:19:11,622 INFO  L225             Difference]: With dead ends: 266
[2026-07-04 07:19:11,622 INFO  L226             Difference]: Without dead ends: 231
[2026-07-04 07:19:11,622 INFO  L425           NwaCegarLoop]: 0 DeclaredPredicates, 212 GetRequests, 211 SyntacticMatches, 0 SemanticMatches, 1 ConstructedPredicates, 0 IntricatePredicates, 0 DeprecatedPredicates, 0 ImplicationChecksByTransitivity, 0.0s TimeCoverageRelationStatistics Valid=3, Invalid=3, Unknown=0, NotChecked=0, Total=6
[2026-07-04 07:19:11,623 INFO  L426           NwaCegarLoop]: 236 mSDtfsCounter, 108 mSDsluCounter, 176 mSDsCounter, 0 mSdLazyCounter, 14 mSolverCounterSat, 2 mSolverCounterUnsat, 0 mSolverCounterUnknown, 0 mSolverCounterNotChecked, 0.0s Time, 0 mProtectedPredicate, 0 mProtectedAction, 108 SdHoareTripleChecker+Valid, 412 SdHoareTripleChecker+Invalid, 16 SdHoareTripleChecker+Unknown, 0 SdHoareTripleChecker+Unchecked, 0.0s SdHoareTripleChecker+Time, 2 IncrementalHoareTripleChecker+Valid, 14 IncrementalHoareTripleChecker+Invalid, 0 IncrementalHoareTripleChecker+Unknown, 0 IncrementalHoareTripleChecker+Unchecked, 0.0s IncrementalHoareTripleChecker+Time
[2026-07-04 07:19:11,623 INFO  L427           NwaCegarLoop]: SdHoareTripleChecker [108 Valid, 412 Invalid, 16 Unknown, 0 Unchecked, 0.0s Time], IncrementalHoareTripleChecker [2 Valid, 14 Invalid, 0 Unknown, 0 Unchecked, 0.0s Time]
[2026-07-04 07:19:11,623 INFO  L82        GeneralOperation]: Start minimizeSevpa. Operand 231 states.
[2026-07-04 07:19:11,635 INFO  L88        GeneralOperation]: Finished minimizeSevpa. Reduced states from 231 to 199.
[2026-07-04 07:19:11,635 INFO  L82        GeneralOperation]: Start removeUnreachable. Operand  has 199 states, 186 states have (on average 1.3279569892473118) internal successors, (247), 186 states have internal predecessors, (247), 6 states have call successors, (6), 6 states have call predecessors, (6), 6 states have return successors, (6), 6 states have call predecessors, (6), 6 states have call successors, (6)
[2026-07-04 07:19:11,636 INFO  L88        GeneralOperation]: Finished removeUnreachable. Reduced from 199 states to 199 states and 259 transitions.
[2026-07-04 07:19:11,636 INFO  L79                 Accepts]: Start accepts. Automaton has 199 states and 259 transitions. Word has length 107
[2026-07-04 07:19:11,636 INFO  L85                 Accepts]: Finished accepts. word is rejected.
[2026-07-04 07:19:11,636 INFO  L490      AbstractCegarLoop]: Abstraction has 199 states and 259 transitions.
[2026-07-04 07:19:11,636 INFO  L491      AbstractCegarLoop]: INTERPOLANT automaton has  has 3 states, 3 states have (on average 33.0) internal successors, (99), 3 states have internal predecessors, (99), 2 states have call successors, (6), 2 states have call predecessors, (6), 2 states have return successors, (6), 2 states have call predecessors, (6), 2 states have call successors, (6)
[2026-07-04 07:19:11,636 INFO  L278                IsEmpty]: Start isEmpty. Operand 199 states and 259 transitions.
[2026-07-04 07:19:11,637 INFO  L284                IsEmpty]: Finished isEmpty. Found accepting run of length 112
[2026-07-04 07:19:11,637 INFO  L199           NwaCegarLoop]: Found error trace
[2026-07-04 07:19:11,637 INFO  L207           NwaCegarLoop]: trace histogram [1, 1, 1, 1, 1, 1, 1, 1, 1, 1, 1, 1, 1, 1, 1, 1, 1, 1, 1, 1, 1, 1, 1, 1, 1, 1, 1, 1, 1, 1, 1, 1, 1, 1, 1, 1, 1, 1, 1, 1, 1, 1, 1, 1, 1, 1, 1, 1, 1, 1, 1, 1, 1, 1, 1, 1, 1, 1, 1, 1, 1, 1, 1, 1, 1, 1, 1, 1, 1, 1, 1, 1, 1, 1, 1, 1, 1, 1, 1, 1, 1, 1, 1, 1, 1, 1, 1, 1, 1, 1, 1, 1, 1, 1, 1, 1, 1, 1, 1, 1, 1, 1, 1, 1, 1, 1, 1, 1, 1, 1, 1]
[2026-07-04 07:19:11,655 INFO  L546       MonitoredProcess]: [MP /usr/bin/z3 SMTLIB2_COMPLIANT=true -memory:2024 -smt2 -in (14)] Ended with exit code 0
[2026-07-04 07:19:11,839 WARN  L471      AbstractCegarLoop]: Destroyed unattended storables created during the last iteration: 14 /usr/bin/z3 SMTLIB2_COMPLIANT=true -memory:2024 -smt2 -in
[2026-07-04 07:19:11,839 INFO  L408      AbstractCegarLoop]: === Iteration 14 === Targeting ULTIMATE.startErr0ASSERT_VIOLATIONASSERT === [ULTIMATE.startErr0ASSERT_VIOLATIONASSERT] ===
[2026-07-04 07:19:11,840 INFO  L156       PredicateUnifier]: Initialized classic predicate unifier
[2026-07-04 07:19:11,840 INFO  L85        PathProgramCache]: Analyzing trace with hash -321164140, now seen corresponding path program 1 times
[2026-07-04 07:19:11,840 INFO  L118   FreeRefinementEngine]: Executing refinement strategy FIXED_PREFERENCES
[2026-07-04 07:19:11,840 INFO  L324   FreeRefinementEngine]: Using trace check IpTcStrategyModulePreferences [21609047]
[2026-07-04 07:19:11,840 INFO  L97    rtionOrderModulation]: Keeping assertion order NOT_INCREMENTALLY
[2026-07-04 07:19:11,840 INFO  L173          SolverBuilder]: Constructing external solver with command: z3 SMTLIB2_COMPLIANT=true -memory:2024 -smt2 -in
[2026-07-04 07:19:11,841 INFO  L189       MonitoredProcess]: No working directory specified, using /usr/bin/z3
[2026-07-04 07:19:11,843 INFO  L229       MonitoredProcess]: Starting monitored process 15 with /usr/bin/z3 SMTLIB2_COMPLIANT=true -memory:2024 -smt2 -in (exit command is (exit), workingDir is null)
[2026-07-04 07:19:11,846 INFO  L327       MonitoredProcess]: [MP /usr/bin/z3 SMTLIB2_COMPLIANT=true -memory:2024 -smt2 -in (15)] Waiting until timeout for monitored process
[2026-07-04 07:19:12,035 INFO  L108    AnnotateAndAsserter]: Assert order NOT_INCREMENTALLY partitioned 111 statements into 1 equivalence classes.
[2026-07-04 07:19:12,110 INFO  L111    AnnotateAndAsserter]: Assert order NOT_INCREMENTALLY issued 1 check-sat command(s) and asserted 111 of 111 statements.
[2026-07-04 07:19:12,110 INFO  L114    AnnotateAndAsserter]: Assert order NOT_INCREMENTALLY issued 1 check-sat command(s)
[2026-07-04 07:19:12,110 INFO  L115    AnnotateAndAsserter]: Conjunction of SSA is unsat
[2026-07-04 07:19:12,118 INFO  L256         TraceCheckSpWp]: Trace formula consists of 1189 conjuncts, 13 conjuncts are in the unsatisfiable core
[2026-07-04 07:19:12,125 INFO  L279         TraceCheckSpWp]: Computing forward predicates...
[2026-07-04 07:19:12,454 INFO  L134       CoverageAnalysis]: Checked inductivity of 0 backedges. 0 proven. 0 refuted. 0 times theorem prover too weak. 0 trivial. 0 not checked.
[2026-07-04 07:19:12,454 INFO  L312         TraceCheckSpWp]: Computing backward predicates...
[2026-07-04 07:19:13,110 INFO  L134       CoverageAnalysis]: Checked inductivity of 0 backedges. 0 proven. 0 refuted. 0 times theorem prover too weak. 0 trivial. 0 not checked.
[2026-07-04 07:19:13,114 INFO  L136   FreeRefinementEngine]: Strategy FIXED_PREFERENCES found an infeasible trace
[2026-07-04 07:19:13,114 INFO  L324   FreeRefinementEngine]: Using interpolant generator IpTcStrategyModulePreferences [21609047]
[2026-07-04 07:19:13,114 INFO  L158   FreeRefinementEngine]: IpTcStrategyModulePreferences [21609047] provided 2 perfect and 0 imperfect interpolant sequences
[2026-07-04 07:19:13,114 INFO  L185   FreeRefinementEngine]: Found 2 perfect and 0 imperfect interpolant sequences.
[2026-07-04 07:19:13,114 INFO  L198   FreeRefinementEngine]: Number of different interpolants: perfect sequences [12, 12] imperfect sequences [] total 18
[2026-07-04 07:19:13,114 INFO  L121   tionRefinementEngine]: Using interpolant automaton builder IpAbStrategyModuleStraightlineAll [1911541750]
[2026-07-04 07:19:13,114 INFO  L85    oduleStraightlineAll]: Using 2 perfect interpolants to construct interpolant automaton
[2026-07-04 07:19:13,114 INFO  L567      AbstractCegarLoop]: INTERPOLANT automaton has 18 states
[2026-07-04 07:19:13,114 INFO  L100   FreeRefinementEngine]: Using predicate unifier PredicateUnifier provided by strategy FIXED_PREFERENCES
[2026-07-04 07:19:13,115 INFO  L144   InterpolantAutomaton]: Constructing interpolant automaton starting with 18 interpolants.
[2026-07-04 07:19:13,115 INFO  L146   InterpolantAutomaton]: CoverageRelationStatistics Valid=51, Invalid=255, Unknown=0, NotChecked=0, Total=306
[2026-07-04 07:19:13,115 INFO  L87              Difference]: Start difference. First operand 199 states and 259 transitions. Second operand  has 18 states, 17 states have (on average 10.411764705882353) internal successors, (177), 18 states have internal predecessors, (177), 6 states have call successors, (10), 7 states have call predecessors, (10), 9 states have return successors, (9), 5 states have call predecessors, (9), 6 states have call successors, (9)
[2026-07-04 07:19:17,411 INFO  L144             Difference]: Subtrahend was deterministic. Have not used determinization.
[2026-07-04 07:19:17,411 INFO  L93              Difference]: Finished difference Result 454 states and 599 transitions.
[2026-07-04 07:19:17,412 INFO  L140   InterpolantAutomaton]: Switched to read-only mode: deterministic interpolant automaton has 23 states. 
[2026-07-04 07:19:17,412 INFO  L79                 Accepts]: Start accepts. Automaton has  has 18 states, 17 states have (on average 10.411764705882353) internal successors, (177), 18 states have internal predecessors, (177), 6 states have call successors, (10), 7 states have call predecessors, (10), 9 states have return successors, (9), 5 states have call predecessors, (9), 6 states have call successors, (9) Word has length 111
[2026-07-04 07:19:17,412 INFO  L85                 Accepts]: Finished accepts. some prefix is accepted.
[2026-07-04 07:19:17,414 INFO  L225             Difference]: With dead ends: 454
[2026-07-04 07:19:17,414 INFO  L226             Difference]: Without dead ends: 419
[2026-07-04 07:19:17,415 INFO  L425           NwaCegarLoop]: 0 DeclaredPredicates, 245 GetRequests, 208 SyntacticMatches, 0 SemanticMatches, 37 ConstructedPredicates, 0 IntricatePredicates, 0 DeprecatedPredicates, 238 ImplicationChecksByTransitivity, 0.7s TimeCoverageRelationStatistics Valid=296, Invalid=1186, Unknown=0, NotChecked=0, Total=1482
[2026-07-04 07:19:17,415 INFO  L426           NwaCegarLoop]: 32 mSDtfsCounter, 1361 mSDsluCounter, 167 mSDsCounter, 0 mSdLazyCounter, 3295 mSolverCounterSat, 89 mSolverCounterUnsat, 0 mSolverCounterUnknown, 0 mSolverCounterNotChecked, 3.4s Time, 0 mProtectedPredicate, 0 mProtectedAction, 1361 SdHoareTripleChecker+Valid, 199 SdHoareTripleChecker+Invalid, 3384 SdHoareTripleChecker+Unknown, 0 SdHoareTripleChecker+Unchecked, 0.0s SdHoareTripleChecker+Time, 89 IncrementalHoareTripleChecker+Valid, 3295 IncrementalHoareTripleChecker+Invalid, 0 IncrementalHoareTripleChecker+Unknown, 0 IncrementalHoareTripleChecker+Unchecked, 3.8s IncrementalHoareTripleChecker+Time
[2026-07-04 07:19:17,415 INFO  L427           NwaCegarLoop]: SdHoareTripleChecker [1361 Valid, 199 Invalid, 3384 Unknown, 0 Unchecked, 0.0s Time], IncrementalHoareTripleChecker [89 Valid, 3295 Invalid, 0 Unknown, 0 Unchecked, 3.8s Time]
[2026-07-04 07:19:17,415 INFO  L82        GeneralOperation]: Start minimizeSevpa. Operand 419 states.
[2026-07-04 07:19:17,435 INFO  L88        GeneralOperation]: Finished minimizeSevpa. Reduced states from 419 to 211.
[2026-07-04 07:19:17,436 INFO  L82        GeneralOperation]: Start removeUnreachable. Operand  has 211 states, 198 states have (on average 1.3131313131313131) internal successors, (260), 198 states have internal predecessors, (260), 6 states have call successors, (6), 6 states have call predecessors, (6), 6 states have return successors, (6), 6 states have call predecessors, (6), 6 states have call successors, (6)
[2026-07-04 07:19:17,439 INFO  L88        GeneralOperation]: Finished removeUnreachable. Reduced from 211 states to 211 states and 272 transitions.
[2026-07-04 07:19:17,439 INFO  L79                 Accepts]: Start accepts. Automaton has 211 states and 272 transitions. Word has length 111
[2026-07-04 07:19:17,439 INFO  L85                 Accepts]: Finished accepts. word is rejected.
[2026-07-04 07:19:17,439 INFO  L490      AbstractCegarLoop]: Abstraction has 211 states and 272 transitions.
[2026-07-04 07:19:17,439 INFO  L491      AbstractCegarLoop]: INTERPOLANT automaton has  has 18 states, 17 states have (on average 10.411764705882353) internal successors, (177), 18 states have internal predecessors, (177), 6 states have call successors, (10), 7 states have call predecessors, (10), 9 states have return successors, (9), 5 states have call predecessors, (9), 6 states have call successors, (9)
[2026-07-04 07:19:17,439 INFO  L278                IsEmpty]: Start isEmpty. Operand 211 states and 272 transitions.
[2026-07-04 07:19:17,439 INFO  L284                IsEmpty]: Finished isEmpty. Found accepting run of length 121
[2026-07-04 07:19:17,439 INFO  L199           NwaCegarLoop]: Found error trace
[2026-07-04 07:19:17,439 INFO  L207           NwaCegarLoop]: trace histogram [1, 1, 1, 1, 1, 1, 1, 1, 1, 1, 1, 1, 1, 1, 1, 1, 1, 1, 1, 1, 1, 1, 1, 1, 1, 1, 1, 1, 1, 1, 1, 1, 1, 1, 1, 1, 1, 1, 1, 1, 1, 1, 1, 1, 1, 1, 1, 1, 1, 1, 1, 1, 1, 1, 1, 1, 1, 1, 1, 1, 1, 1, 1, 1, 1, 1, 1, 1, 1, 1, 1, 1, 1, 1, 1, 1, 1, 1, 1, 1, 1, 1, 1, 1, 1, 1, 1, 1, 1, 1, 1, 1, 1, 1, 1, 1, 1, 1, 1, 1, 1, 1, 1, 1, 1, 1, 1, 1, 1, 1, 1, 1, 1, 1, 1, 1, 1, 1, 1, 1]
[2026-07-04 07:19:17,456 INFO  L546       MonitoredProcess]: [MP /usr/bin/z3 SMTLIB2_COMPLIANT=true -memory:2024 -smt2 -in (15)] Ended with exit code 0
[2026-07-04 07:19:17,641 WARN  L471      AbstractCegarLoop]: Destroyed unattended storables created during the last iteration: 15 /usr/bin/z3 SMTLIB2_COMPLIANT=true -memory:2024 -smt2 -in
[2026-07-04 07:19:17,641 INFO  L408      AbstractCegarLoop]: === Iteration 15 === Targeting ULTIMATE.startErr0ASSERT_VIOLATIONASSERT === [ULTIMATE.startErr0ASSERT_VIOLATIONASSERT] ===
[2026-07-04 07:19:17,641 INFO  L156       PredicateUnifier]: Initialized classic predicate unifier
[2026-07-04 07:19:17,641 INFO  L85        PathProgramCache]: Analyzing trace with hash 502534815, now seen corresponding path program 1 times
[2026-07-04 07:19:17,642 INFO  L118   FreeRefinementEngine]: Executing refinement strategy FIXED_PREFERENCES
[2026-07-04 07:19:17,642 INFO  L324   FreeRefinementEngine]: Using trace check IpTcStrategyModulePreferences [2063574242]
[2026-07-04 07:19:17,642 INFO  L97    rtionOrderModulation]: Keeping assertion order NOT_INCREMENTALLY
[2026-07-04 07:19:17,642 INFO  L173          SolverBuilder]: Constructing external solver with command: z3 SMTLIB2_COMPLIANT=true -memory:2024 -smt2 -in
[2026-07-04 07:19:17,643 INFO  L189       MonitoredProcess]: No working directory specified, using /usr/bin/z3
[2026-07-04 07:19:17,645 INFO  L229       MonitoredProcess]: Starting monitored process 16 with /usr/bin/z3 SMTLIB2_COMPLIANT=true -memory:2024 -smt2 -in (exit command is (exit), workingDir is null)
[2026-07-04 07:19:17,647 INFO  L327       MonitoredProcess]: [MP /usr/bin/z3 SMTLIB2_COMPLIANT=true -memory:2024 -smt2 -in (16)] Waiting until timeout for monitored process
[2026-07-04 07:19:17,792 INFO  L108    AnnotateAndAsserter]: Assert order NOT_INCREMENTALLY partitioned 120 statements into 1 equivalence classes.
[2026-07-04 07:19:17,864 INFO  L111    AnnotateAndAsserter]: Assert order NOT_INCREMENTALLY issued 1 check-sat command(s) and asserted 120 of 120 statements.
[2026-07-04 07:19:17,864 INFO  L114    AnnotateAndAsserter]: Assert order NOT_INCREMENTALLY issued 1 check-sat command(s)
[2026-07-04 07:19:17,864 INFO  L115    AnnotateAndAsserter]: Conjunction of SSA is unsat
[2026-07-04 07:19:17,871 INFO  L256         TraceCheckSpWp]: Trace formula consists of 1209 conjuncts, 2 conjuncts are in the unsatisfiable core
[2026-07-04 07:19:17,873 INFO  L279         TraceCheckSpWp]: Computing forward predicates...
[2026-07-04 07:19:17,912 INFO  L134       CoverageAnalysis]: Checked inductivity of 0 backedges. 0 proven. 0 refuted. 0 times theorem prover too weak. 0 trivial. 0 not checked.
[2026-07-04 07:19:17,912 INFO  L312         TraceCheckSpWp]: Computing backward predicates...
[2026-07-04 07:19:17,956 INFO  L134       CoverageAnalysis]: Checked inductivity of 0 backedges. 0 proven. 0 refuted. 0 times theorem prover too weak. 0 trivial. 0 not checked.
[2026-07-04 07:19:17,956 INFO  L136   FreeRefinementEngine]: Strategy FIXED_PREFERENCES found an infeasible trace
[2026-07-04 07:19:17,956 INFO  L324   FreeRefinementEngine]: Using interpolant generator IpTcStrategyModulePreferences [2063574242]
[2026-07-04 07:19:17,956 INFO  L158   FreeRefinementEngine]: IpTcStrategyModulePreferences [2063574242] provided 2 perfect and 0 imperfect interpolant sequences
[2026-07-04 07:19:17,956 INFO  L185   FreeRefinementEngine]: Found 2 perfect and 0 imperfect interpolant sequences.
[2026-07-04 07:19:17,956 INFO  L198   FreeRefinementEngine]: Number of different interpolants: perfect sequences [3, 3] imperfect sequences [] total 3
[2026-07-04 07:19:17,956 INFO  L121   tionRefinementEngine]: Using interpolant automaton builder IpAbStrategyModuleStraightlineAll [620441931]
[2026-07-04 07:19:17,956 INFO  L85    oduleStraightlineAll]: Using 2 perfect interpolants to construct interpolant automaton
[2026-07-04 07:19:17,957 INFO  L567      AbstractCegarLoop]: INTERPOLANT automaton has 3 states
[2026-07-04 07:19:17,957 INFO  L100   FreeRefinementEngine]: Using predicate unifier PredicateUnifier provided by strategy FIXED_PREFERENCES
[2026-07-04 07:19:17,959 INFO  L144   InterpolantAutomaton]: Constructing interpolant automaton starting with 3 interpolants.
[2026-07-04 07:19:17,959 INFO  L146   InterpolantAutomaton]: CoverageRelationStatistics Valid=3, Invalid=3, Unknown=0, NotChecked=0, Total=6
[2026-07-04 07:19:17,959 INFO  L87              Difference]: Start difference. First operand 211 states and 272 transitions. Second operand  has 3 states, 3 states have (on average 37.333333333333336) internal successors, (112), 3 states have internal predecessors, (112), 2 states have call successors, (6), 2 states have call predecessors, (6), 2 states have return successors, (6), 2 states have call predecessors, (6), 2 states have call successors, (6)
[2026-07-04 07:19:18,002 INFO  L144             Difference]: Subtrahend was deterministic. Have not used determinization.
[2026-07-04 07:19:18,002 INFO  L93              Difference]: Finished difference Result 332 states and 435 transitions.
[2026-07-04 07:19:18,003 INFO  L140   InterpolantAutomaton]: Switched to read-only mode: deterministic interpolant automaton has 3 states. 
[2026-07-04 07:19:18,003 INFO  L79                 Accepts]: Start accepts. Automaton has  has 3 states, 3 states have (on average 37.333333333333336) internal successors, (112), 3 states have internal predecessors, (112), 2 states have call successors, (6), 2 states have call predecessors, (6), 2 states have return successors, (6), 2 states have call predecessors, (6), 2 states have call successors, (6) Word has length 120
[2026-07-04 07:19:18,003 INFO  L85                 Accepts]: Finished accepts. some prefix is accepted.
[2026-07-04 07:19:18,008 INFO  L225             Difference]: With dead ends: 332
[2026-07-04 07:19:18,008 INFO  L226             Difference]: Without dead ends: 269
[2026-07-04 07:19:18,009 INFO  L425           NwaCegarLoop]: 0 DeclaredPredicates, 238 GetRequests, 237 SyntacticMatches, 0 SemanticMatches, 1 ConstructedPredicates, 0 IntricatePredicates, 0 DeprecatedPredicates, 0 ImplicationChecksByTransitivity, 0.0s TimeCoverageRelationStatistics Valid=3, Invalid=3, Unknown=0, NotChecked=0, Total=6
[2026-07-04 07:19:18,010 INFO  L426           NwaCegarLoop]: 290 mSDtfsCounter, 90 mSDsluCounter, 204 mSDsCounter, 0 mSdLazyCounter, 17 mSolverCounterSat, 5 mSolverCounterUnsat, 0 mSolverCounterUnknown, 0 mSolverCounterNotChecked, 0.0s Time, 0 mProtectedPredicate, 0 mProtectedAction, 90 SdHoareTripleChecker+Valid, 494 SdHoareTripleChecker+Invalid, 22 SdHoareTripleChecker+Unknown, 0 SdHoareTripleChecker+Unchecked, 0.0s SdHoareTripleChecker+Time, 5 IncrementalHoareTripleChecker+Valid, 17 IncrementalHoareTripleChecker+Invalid, 0 IncrementalHoareTripleChecker+Unknown, 0 IncrementalHoareTripleChecker+Unchecked, 0.0s IncrementalHoareTripleChecker+Time
[2026-07-04 07:19:18,011 INFO  L427           NwaCegarLoop]: SdHoareTripleChecker [90 Valid, 494 Invalid, 22 Unknown, 0 Unchecked, 0.0s Time], IncrementalHoareTripleChecker [5 Valid, 17 Invalid, 0 Unknown, 0 Unchecked, 0.0s Time]
[2026-07-04 07:19:18,011 INFO  L82        GeneralOperation]: Start minimizeSevpa. Operand 269 states.
[2026-07-04 07:19:18,026 INFO  L88        GeneralOperation]: Finished minimizeSevpa. Reduced states from 269 to 231.
[2026-07-04 07:19:18,027 INFO  L82        GeneralOperation]: Start removeUnreachable. Operand  has 231 states, 218 states have (on average 1.298165137614679) internal successors, (283), 218 states have internal predecessors, (283), 6 states have call successors, (6), 6 states have call predecessors, (6), 6 states have return successors, (6), 6 states have call predecessors, (6), 6 states have call successors, (6)
[2026-07-04 07:19:18,034 INFO  L88        GeneralOperation]: Finished removeUnreachable. Reduced from 231 states to 231 states and 295 transitions.
[2026-07-04 07:19:18,034 INFO  L79                 Accepts]: Start accepts. Automaton has 231 states and 295 transitions. Word has length 120
[2026-07-04 07:19:18,035 INFO  L85                 Accepts]: Finished accepts. word is rejected.
[2026-07-04 07:19:18,035 INFO  L490      AbstractCegarLoop]: Abstraction has 231 states and 295 transitions.
[2026-07-04 07:19:18,035 INFO  L491      AbstractCegarLoop]: INTERPOLANT automaton has  has 3 states, 3 states have (on average 37.333333333333336) internal successors, (112), 3 states have internal predecessors, (112), 2 states have call successors, (6), 2 states have call predecessors, (6), 2 states have return successors, (6), 2 states have call predecessors, (6), 2 states have call successors, (6)
[2026-07-04 07:19:18,035 INFO  L278                IsEmpty]: Start isEmpty. Operand 231 states and 295 transitions.
[2026-07-04 07:19:18,036 INFO  L284                IsEmpty]: Finished isEmpty. Found accepting run of length 121
[2026-07-04 07:19:18,036 INFO  L199           NwaCegarLoop]: Found error trace
[2026-07-04 07:19:18,036 INFO  L207           NwaCegarLoop]: trace histogram [1, 1, 1, 1, 1, 1, 1, 1, 1, 1, 1, 1, 1, 1, 1, 1, 1, 1, 1, 1, 1, 1, 1, 1, 1, 1, 1, 1, 1, 1, 1, 1, 1, 1, 1, 1, 1, 1, 1, 1, 1, 1, 1, 1, 1, 1, 1, 1, 1, 1, 1, 1, 1, 1, 1, 1, 1, 1, 1, 1, 1, 1, 1, 1, 1, 1, 1, 1, 1, 1, 1, 1, 1, 1, 1, 1, 1, 1, 1, 1, 1, 1, 1, 1, 1, 1, 1, 1, 1, 1, 1, 1, 1, 1, 1, 1, 1, 1, 1, 1, 1, 1, 1, 1, 1, 1, 1, 1, 1, 1, 1, 1, 1, 1, 1, 1, 1, 1, 1, 1]
[2026-07-04 07:19:18,048 INFO  L546       MonitoredProcess]: [MP /usr/bin/z3 SMTLIB2_COMPLIANT=true -memory:2024 -smt2 -in (16)] Ended with exit code 0
[2026-07-04 07:19:18,239 WARN  L471      AbstractCegarLoop]: Destroyed unattended storables created during the last iteration: 16 /usr/bin/z3 SMTLIB2_COMPLIANT=true -memory:2024 -smt2 -in
[2026-07-04 07:19:18,239 INFO  L408      AbstractCegarLoop]: === Iteration 16 === Targeting ULTIMATE.startErr0ASSERT_VIOLATIONASSERT === [ULTIMATE.startErr0ASSERT_VIOLATIONASSERT] ===
[2026-07-04 07:19:18,239 INFO  L156       PredicateUnifier]: Initialized classic predicate unifier
[2026-07-04 07:19:18,239 INFO  L85        PathProgramCache]: Analyzing trace with hash -1342832351, now seen corresponding path program 1 times
[2026-07-04 07:19:18,239 INFO  L118   FreeRefinementEngine]: Executing refinement strategy FIXED_PREFERENCES
[2026-07-04 07:19:18,240 INFO  L324   FreeRefinementEngine]: Using trace check IpTcStrategyModulePreferences [349544392]
[2026-07-04 07:19:18,240 INFO  L97    rtionOrderModulation]: Keeping assertion order NOT_INCREMENTALLY
[2026-07-04 07:19:18,240 INFO  L173          SolverBuilder]: Constructing external solver with command: z3 SMTLIB2_COMPLIANT=true -memory:2024 -smt2 -in
[2026-07-04 07:19:18,242 INFO  L189       MonitoredProcess]: No working directory specified, using /usr/bin/z3
[2026-07-04 07:19:18,247 INFO  L229       MonitoredProcess]: Starting monitored process 17 with /usr/bin/z3 SMTLIB2_COMPLIANT=true -memory:2024 -smt2 -in (exit command is (exit), workingDir is null)
[2026-07-04 07:19:18,249 INFO  L327       MonitoredProcess]: [MP /usr/bin/z3 SMTLIB2_COMPLIANT=true -memory:2024 -smt2 -in (17)] Waiting until timeout for monitored process
[2026-07-04 07:19:18,381 INFO  L108    AnnotateAndAsserter]: Assert order NOT_INCREMENTALLY partitioned 120 statements into 1 equivalence classes.
[2026-07-04 07:19:18,449 INFO  L111    AnnotateAndAsserter]: Assert order NOT_INCREMENTALLY issued 1 check-sat command(s) and asserted 120 of 120 statements.
[2026-07-04 07:19:18,449 INFO  L114    AnnotateAndAsserter]: Assert order NOT_INCREMENTALLY issued 1 check-sat command(s)
[2026-07-04 07:19:18,449 INFO  L115    AnnotateAndAsserter]: Conjunction of SSA is unsat
[2026-07-04 07:19:18,455 INFO  L256         TraceCheckSpWp]: Trace formula consists of 1210 conjuncts, 7 conjuncts are in the unsatisfiable core
[2026-07-04 07:19:18,457 INFO  L279         TraceCheckSpWp]: Computing forward predicates...
[2026-07-04 07:19:18,685 INFO  L134       CoverageAnalysis]: Checked inductivity of 0 backedges. 0 proven. 0 refuted. 0 times theorem prover too weak. 0 trivial. 0 not checked.
[2026-07-04 07:19:18,685 INFO  L312         TraceCheckSpWp]: Computing backward predicates...
[2026-07-04 07:19:19,029 INFO  L134       CoverageAnalysis]: Checked inductivity of 0 backedges. 0 proven. 0 refuted. 0 times theorem prover too weak. 0 trivial. 0 not checked.
[2026-07-04 07:19:19,029 INFO  L136   FreeRefinementEngine]: Strategy FIXED_PREFERENCES found an infeasible trace
[2026-07-04 07:19:19,029 INFO  L324   FreeRefinementEngine]: Using interpolant generator IpTcStrategyModulePreferences [349544392]
[2026-07-04 07:19:19,029 INFO  L158   FreeRefinementEngine]: IpTcStrategyModulePreferences [349544392] provided 2 perfect and 0 imperfect interpolant sequences
[2026-07-04 07:19:19,029 INFO  L185   FreeRefinementEngine]: Found 2 perfect and 0 imperfect interpolant sequences.
[2026-07-04 07:19:19,029 INFO  L198   FreeRefinementEngine]: Number of different interpolants: perfect sequences [8, 8] imperfect sequences [] total 12
[2026-07-04 07:19:19,029 INFO  L121   tionRefinementEngine]: Using interpolant automaton builder IpAbStrategyModuleStraightlineAll [865348926]
[2026-07-04 07:19:19,029 INFO  L85    oduleStraightlineAll]: Using 2 perfect interpolants to construct interpolant automaton
[2026-07-04 07:19:19,034 INFO  L567      AbstractCegarLoop]: INTERPOLANT automaton has 12 states
[2026-07-04 07:19:19,034 INFO  L100   FreeRefinementEngine]: Using predicate unifier PredicateUnifier provided by strategy FIXED_PREFERENCES
[2026-07-04 07:19:19,034 INFO  L144   InterpolantAutomaton]: Constructing interpolant automaton starting with 12 interpolants.
[2026-07-04 07:19:19,034 INFO  L146   InterpolantAutomaton]: CoverageRelationStatistics Valid=35, Invalid=97, Unknown=0, NotChecked=0, Total=132
[2026-07-04 07:19:19,035 INFO  L87              Difference]: Start difference. First operand 231 states and 295 transitions. Second operand  has 12 states, 12 states have (on average 17.25) internal successors, (207), 12 states have internal predecessors, (207), 5 states have call successors, (10), 7 states have call predecessors, (10), 8 states have return successors, (10), 5 states have call predecessors, (10), 5 states have call successors, (10)
[2026-07-04 07:19:19,832 INFO  L144             Difference]: Subtrahend was deterministic. Have not used determinization.
[2026-07-04 07:19:19,836 INFO  L93              Difference]: Finished difference Result 337 states and 434 transitions.
[2026-07-04 07:19:19,836 INFO  L140   InterpolantAutomaton]: Switched to read-only mode: deterministic interpolant automaton has 8 states. 
[2026-07-04 07:19:19,837 INFO  L79                 Accepts]: Start accepts. Automaton has  has 12 states, 12 states have (on average 17.25) internal successors, (207), 12 states have internal predecessors, (207), 5 states have call successors, (10), 7 states have call predecessors, (10), 8 states have return successors, (10), 5 states have call predecessors, (10), 5 states have call successors, (10) Word has length 120
[2026-07-04 07:19:19,837 INFO  L85                 Accepts]: Finished accepts. some prefix is accepted.
[2026-07-04 07:19:19,837 INFO  L225             Difference]: With dead ends: 337
[2026-07-04 07:19:19,837 INFO  L226             Difference]: Without dead ends: 229
[2026-07-04 07:19:19,838 INFO  L425           NwaCegarLoop]: 0 DeclaredPredicates, 244 GetRequests, 230 SyntacticMatches, 0 SemanticMatches, 14 ConstructedPredicates, 0 IntricatePredicates, 0 DeprecatedPredicates, 28 ImplicationChecksByTransitivity, 0.1s TimeCoverageRelationStatistics Valid=71, Invalid=169, Unknown=0, NotChecked=0, Total=240
[2026-07-04 07:19:19,838 INFO  L426           NwaCegarLoop]: 15 mSDtfsCounter, 954 mSDsluCounter, 44 mSDsCounter, 0 mSdLazyCounter, 832 mSolverCounterSat, 43 mSolverCounterUnsat, 0 mSolverCounterUnknown, 0 mSolverCounterNotChecked, 0.7s Time, 0 mProtectedPredicate, 0 mProtectedAction, 957 SdHoareTripleChecker+Valid, 59 SdHoareTripleChecker+Invalid, 875 SdHoareTripleChecker+Unknown, 0 SdHoareTripleChecker+Unchecked, 0.0s SdHoareTripleChecker+Time, 43 IncrementalHoareTripleChecker+Valid, 832 IncrementalHoareTripleChecker+Invalid, 0 IncrementalHoareTripleChecker+Unknown, 0 IncrementalHoareTripleChecker+Unchecked, 0.7s IncrementalHoareTripleChecker+Time
[2026-07-04 07:19:19,838 INFO  L427           NwaCegarLoop]: SdHoareTripleChecker [957 Valid, 59 Invalid, 875 Unknown, 0 Unchecked, 0.0s Time], IncrementalHoareTripleChecker [43 Valid, 832 Invalid, 0 Unknown, 0 Unchecked, 0.7s Time]
[2026-07-04 07:19:19,838 INFO  L82        GeneralOperation]: Start minimizeSevpa. Operand 229 states.
[2026-07-04 07:19:19,852 INFO  L88        GeneralOperation]: Finished minimizeSevpa. Reduced states from 229 to 193.
[2026-07-04 07:19:19,853 INFO  L82        GeneralOperation]: Start removeUnreachable. Operand  has 193 states, 180 states have (on average 1.2777777777777777) internal successors, (230), 180 states have internal predecessors, (230), 6 states have call successors, (6), 6 states have call predecessors, (6), 6 states have return successors, (6), 6 states have call predecessors, (6), 6 states have call successors, (6)
[2026-07-04 07:19:19,853 INFO  L88        GeneralOperation]: Finished removeUnreachable. Reduced from 193 states to 193 states and 242 transitions.
[2026-07-04 07:19:19,853 INFO  L79                 Accepts]: Start accepts. Automaton has 193 states and 242 transitions. Word has length 120
[2026-07-04 07:19:19,853 INFO  L85                 Accepts]: Finished accepts. word is rejected.
[2026-07-04 07:19:19,853 INFO  L490      AbstractCegarLoop]: Abstraction has 193 states and 242 transitions.
[2026-07-04 07:19:19,854 INFO  L491      AbstractCegarLoop]: INTERPOLANT automaton has  has 12 states, 12 states have (on average 17.25) internal successors, (207), 12 states have internal predecessors, (207), 5 states have call successors, (10), 7 states have call predecessors, (10), 8 states have return successors, (10), 5 states have call predecessors, (10), 5 states have call successors, (10)
[2026-07-04 07:19:19,862 INFO  L278                IsEmpty]: Start isEmpty. Operand 193 states and 242 transitions.
[2026-07-04 07:19:19,862 INFO  L284                IsEmpty]: Finished isEmpty. Found accepting run of length 125
[2026-07-04 07:19:19,862 INFO  L199           NwaCegarLoop]: Found error trace
[2026-07-04 07:19:19,863 INFO  L207           NwaCegarLoop]: trace histogram [1, 1, 1, 1, 1, 1, 1, 1, 1, 1, 1, 1, 1, 1, 1, 1, 1, 1, 1, 1, 1, 1, 1, 1, 1, 1, 1, 1, 1, 1, 1, 1, 1, 1, 1, 1, 1, 1, 1, 1, 1, 1, 1, 1, 1, 1, 1, 1, 1, 1, 1, 1, 1, 1, 1, 1, 1, 1, 1, 1, 1, 1, 1, 1, 1, 1, 1, 1, 1, 1, 1, 1, 1, 1, 1, 1, 1, 1, 1, 1, 1, 1, 1, 1, 1, 1, 1, 1, 1, 1, 1, 1, 1, 1, 1, 1, 1, 1, 1, 1, 1, 1, 1, 1, 1, 1, 1, 1, 1, 1, 1, 1, 1, 1, 1, 1, 1, 1, 1, 1, 1, 1, 1, 1]
[2026-07-04 07:19:19,877 INFO  L546       MonitoredProcess]: [MP /usr/bin/z3 SMTLIB2_COMPLIANT=true -memory:2024 -smt2 -in (17)] Ended with exit code 0
[2026-07-04 07:19:20,063 WARN  L471      AbstractCegarLoop]: Destroyed unattended storables created during the last iteration: 17 /usr/bin/z3 SMTLIB2_COMPLIANT=true -memory:2024 -smt2 -in
[2026-07-04 07:19:20,064 INFO  L408      AbstractCegarLoop]: === Iteration 17 === Targeting ULTIMATE.startErr0ASSERT_VIOLATIONASSERT === [ULTIMATE.startErr0ASSERT_VIOLATIONASSERT] ===
[2026-07-04 07:19:20,064 INFO  L156       PredicateUnifier]: Initialized classic predicate unifier
[2026-07-04 07:19:20,064 INFO  L85        PathProgramCache]: Analyzing trace with hash -1477483404, now seen corresponding path program 1 times
[2026-07-04 07:19:20,064 INFO  L118   FreeRefinementEngine]: Executing refinement strategy FIXED_PREFERENCES
[2026-07-04 07:19:20,064 INFO  L324   FreeRefinementEngine]: Using trace check IpTcStrategyModulePreferences [1792348146]
[2026-07-04 07:19:20,064 INFO  L97    rtionOrderModulation]: Keeping assertion order NOT_INCREMENTALLY
[2026-07-04 07:19:20,064 INFO  L173          SolverBuilder]: Constructing external solver with command: z3 SMTLIB2_COMPLIANT=true -memory:2024 -smt2 -in
[2026-07-04 07:19:20,066 INFO  L189       MonitoredProcess]: No working directory specified, using /usr/bin/z3
[2026-07-04 07:19:20,070 INFO  L229       MonitoredProcess]: Starting monitored process 18 with /usr/bin/z3 SMTLIB2_COMPLIANT=true -memory:2024 -smt2 -in (exit command is (exit), workingDir is null)
[2026-07-04 07:19:20,071 INFO  L327       MonitoredProcess]: [MP /usr/bin/z3 SMTLIB2_COMPLIANT=true -memory:2024 -smt2 -in (18)] Waiting until timeout for monitored process
[2026-07-04 07:19:20,222 INFO  L108    AnnotateAndAsserter]: Assert order NOT_INCREMENTALLY partitioned 124 statements into 1 equivalence classes.
[2026-07-04 07:19:20,321 INFO  L111    AnnotateAndAsserter]: Assert order NOT_INCREMENTALLY issued 1 check-sat command(s) and asserted 124 of 124 statements.
[2026-07-04 07:19:20,321 INFO  L114    AnnotateAndAsserter]: Assert order NOT_INCREMENTALLY issued 1 check-sat command(s)
[2026-07-04 07:19:20,321 INFO  L115    AnnotateAndAsserter]: Conjunction of SSA is unsat
[2026-07-04 07:19:20,328 INFO  L256         TraceCheckSpWp]: Trace formula consists of 1217 conjuncts, 2 conjuncts are in the unsatisfiable core
[2026-07-04 07:19:20,331 INFO  L279         TraceCheckSpWp]: Computing forward predicates...
[2026-07-04 07:19:20,367 INFO  L134       CoverageAnalysis]: Checked inductivity of 0 backedges. 0 proven. 0 refuted. 0 times theorem prover too weak. 0 trivial. 0 not checked.
[2026-07-04 07:19:20,367 INFO  L312         TraceCheckSpWp]: Computing backward predicates...
[2026-07-04 07:19:20,420 INFO  L134       CoverageAnalysis]: Checked inductivity of 0 backedges. 0 proven. 0 refuted. 0 times theorem prover too weak. 0 trivial. 0 not checked.
[2026-07-04 07:19:20,420 INFO  L136   FreeRefinementEngine]: Strategy FIXED_PREFERENCES found an infeasible trace
[2026-07-04 07:19:20,421 INFO  L324   FreeRefinementEngine]: Using interpolant generator IpTcStrategyModulePreferences [1792348146]
[2026-07-04 07:19:20,421 INFO  L158   FreeRefinementEngine]: IpTcStrategyModulePreferences [1792348146] provided 2 perfect and 0 imperfect interpolant sequences
[2026-07-04 07:19:20,421 INFO  L185   FreeRefinementEngine]: Found 2 perfect and 0 imperfect interpolant sequences.
[2026-07-04 07:19:20,421 INFO  L198   FreeRefinementEngine]: Number of different interpolants: perfect sequences [3, 4] imperfect sequences [] total 5
[2026-07-04 07:19:20,426 INFO  L121   tionRefinementEngine]: Using interpolant automaton builder IpAbStrategyModuleStraightlineAll [851256752]
[2026-07-04 07:19:20,426 INFO  L85    oduleStraightlineAll]: Using 2 perfect interpolants to construct interpolant automaton
[2026-07-04 07:19:20,426 INFO  L567      AbstractCegarLoop]: INTERPOLANT automaton has 5 states
[2026-07-04 07:19:20,426 INFO  L100   FreeRefinementEngine]: Using predicate unifier PredicateUnifier provided by strategy FIXED_PREFERENCES
[2026-07-04 07:19:20,426 INFO  L144   InterpolantAutomaton]: Constructing interpolant automaton starting with 5 interpolants.
[2026-07-04 07:19:20,426 INFO  L146   InterpolantAutomaton]: CoverageRelationStatistics Valid=8, Invalid=12, Unknown=0, NotChecked=0, Total=20
[2026-07-04 07:19:20,427 INFO  L87              Difference]: Start difference. First operand 193 states and 242 transitions. Second operand  has 5 states, 5 states have (on average 25.2) internal successors, (126), 5 states have internal predecessors, (126), 3 states have call successors, (6), 2 states have call predecessors, (6), 5 states have return successors, (7), 4 states have call predecessors, (7), 3 states have call successors, (7)
[2026-07-04 07:19:20,512 INFO  L144             Difference]: Subtrahend was deterministic. Have not used determinization.
[2026-07-04 07:19:20,512 INFO  L93              Difference]: Finished difference Result 258 states and 321 transitions.
[2026-07-04 07:19:20,513 INFO  L140   InterpolantAutomaton]: Switched to read-only mode: deterministic interpolant automaton has 5 states. 
[2026-07-04 07:19:20,513 INFO  L79                 Accepts]: Start accepts. Automaton has  has 5 states, 5 states have (on average 25.2) internal successors, (126), 5 states have internal predecessors, (126), 3 states have call successors, (6), 2 states have call predecessors, (6), 5 states have return successors, (7), 4 states have call predecessors, (7), 3 states have call successors, (7) Word has length 124
[2026-07-04 07:19:20,513 INFO  L85                 Accepts]: Finished accepts. some prefix is accepted.
[2026-07-04 07:19:20,515 INFO  L225             Difference]: With dead ends: 258
[2026-07-04 07:19:20,515 INFO  L226             Difference]: Without dead ends: 237
[2026-07-04 07:19:20,515 INFO  L425           NwaCegarLoop]: 0 DeclaredPredicates, 246 GetRequests, 243 SyntacticMatches, 0 SemanticMatches, 3 ConstructedPredicates, 0 IntricatePredicates, 0 DeprecatedPredicates, 1 ImplicationChecksByTransitivity, 0.0s TimeCoverageRelationStatistics Valid=8, Invalid=12, Unknown=0, NotChecked=0, Total=20
[2026-07-04 07:19:20,516 INFO  L426           NwaCegarLoop]: 235 mSDtfsCounter, 31 mSDsluCounter, 446 mSDsCounter, 0 mSdLazyCounter, 51 mSolverCounterSat, 17 mSolverCounterUnsat, 0 mSolverCounterUnknown, 0 mSolverCounterNotChecked, 0.1s Time, 0 mProtectedPredicate, 0 mProtectedAction, 31 SdHoareTripleChecker+Valid, 681 SdHoareTripleChecker+Invalid, 68 SdHoareTripleChecker+Unknown, 0 SdHoareTripleChecker+Unchecked, 0.0s SdHoareTripleChecker+Time, 17 IncrementalHoareTripleChecker+Valid, 51 IncrementalHoareTripleChecker+Invalid, 0 IncrementalHoareTripleChecker+Unknown, 0 IncrementalHoareTripleChecker+Unchecked, 0.1s IncrementalHoareTripleChecker+Time
[2026-07-04 07:19:20,516 INFO  L427           NwaCegarLoop]: SdHoareTripleChecker [31 Valid, 681 Invalid, 68 Unknown, 0 Unchecked, 0.0s Time], IncrementalHoareTripleChecker [17 Valid, 51 Invalid, 0 Unknown, 0 Unchecked, 0.1s Time]
[2026-07-04 07:19:20,516 INFO  L82        GeneralOperation]: Start minimizeSevpa. Operand 237 states.
[2026-07-04 07:19:20,540 INFO  L88        GeneralOperation]: Finished minimizeSevpa. Reduced states from 237 to 231.
[2026-07-04 07:19:20,544 INFO  L82        GeneralOperation]: Start removeUnreachable. Operand  has 231 states, 212 states have (on average 1.2641509433962264) internal successors, (268), 214 states have internal predecessors, (268), 8 states have call successors, (8), 8 states have call predecessors, (8), 10 states have return successors, (11), 8 states have call predecessors, (11), 8 states have call successors, (11)
[2026-07-04 07:19:20,545 INFO  L88        GeneralOperation]: Finished removeUnreachable. Reduced from 231 states to 231 states and 287 transitions.
[2026-07-04 07:19:20,545 INFO  L79                 Accepts]: Start accepts. Automaton has 231 states and 287 transitions. Word has length 124
[2026-07-04 07:19:20,545 INFO  L85                 Accepts]: Finished accepts. word is rejected.
[2026-07-04 07:19:20,545 INFO  L490      AbstractCegarLoop]: Abstraction has 231 states and 287 transitions.
[2026-07-04 07:19:20,545 INFO  L491      AbstractCegarLoop]: INTERPOLANT automaton has  has 5 states, 5 states have (on average 25.2) internal successors, (126), 5 states have internal predecessors, (126), 3 states have call successors, (6), 2 states have call predecessors, (6), 5 states have return successors, (7), 4 states have call predecessors, (7), 3 states have call successors, (7)
[2026-07-04 07:19:20,545 INFO  L278                IsEmpty]: Start isEmpty. Operand 231 states and 287 transitions.
[2026-07-04 07:19:20,546 INFO  L284                IsEmpty]: Finished isEmpty. Found accepting run of length 125
[2026-07-04 07:19:20,546 INFO  L199           NwaCegarLoop]: Found error trace
[2026-07-04 07:19:20,547 INFO  L207           NwaCegarLoop]: trace histogram [1, 1, 1, 1, 1, 1, 1, 1, 1, 1, 1, 1, 1, 1, 1, 1, 1, 1, 1, 1, 1, 1, 1, 1, 1, 1, 1, 1, 1, 1, 1, 1, 1, 1, 1, 1, 1, 1, 1, 1, 1, 1, 1, 1, 1, 1, 1, 1, 1, 1, 1, 1, 1, 1, 1, 1, 1, 1, 1, 1, 1, 1, 1, 1, 1, 1, 1, 1, 1, 1, 1, 1, 1, 1, 1, 1, 1, 1, 1, 1, 1, 1, 1, 1, 1, 1, 1, 1, 1, 1, 1, 1, 1, 1, 1, 1, 1, 1, 1, 1, 1, 1, 1, 1, 1, 1, 1, 1, 1, 1, 1, 1, 1, 1, 1, 1, 1, 1, 1, 1, 1, 1, 1, 1]
[2026-07-04 07:19:20,562 INFO  L546       MonitoredProcess]: [MP /usr/bin/z3 SMTLIB2_COMPLIANT=true -memory:2024 -smt2 -in (18)] Ended with exit code 0
[2026-07-04 07:19:20,748 WARN  L471      AbstractCegarLoop]: Destroyed unattended storables created during the last iteration: 18 /usr/bin/z3 SMTLIB2_COMPLIANT=true -memory:2024 -smt2 -in
[2026-07-04 07:19:20,748 INFO  L408      AbstractCegarLoop]: === Iteration 18 === Targeting ULTIMATE.startErr0ASSERT_VIOLATIONASSERT === [ULTIMATE.startErr0ASSERT_VIOLATIONASSERT] ===
[2026-07-04 07:19:20,749 INFO  L156       PredicateUnifier]: Initialized classic predicate unifier
[2026-07-04 07:19:20,749 INFO  L85        PathProgramCache]: Analyzing trace with hash -1476559883, now seen corresponding path program 1 times
[2026-07-04 07:19:20,749 INFO  L118   FreeRefinementEngine]: Executing refinement strategy FIXED_PREFERENCES
[2026-07-04 07:19:20,749 INFO  L324   FreeRefinementEngine]: Using trace check IpTcStrategyModulePreferences [1600351734]
[2026-07-04 07:19:20,749 INFO  L97    rtionOrderModulation]: Keeping assertion order NOT_INCREMENTALLY
[2026-07-04 07:19:20,749 INFO  L173          SolverBuilder]: Constructing external solver with command: z3 SMTLIB2_COMPLIANT=true -memory:2024 -smt2 -in
[2026-07-04 07:19:20,750 INFO  L189       MonitoredProcess]: No working directory specified, using /usr/bin/z3
[2026-07-04 07:19:20,751 INFO  L229       MonitoredProcess]: Starting monitored process 19 with /usr/bin/z3 SMTLIB2_COMPLIANT=true -memory:2024 -smt2 -in (exit command is (exit), workingDir is null)
[2026-07-04 07:19:20,754 INFO  L327       MonitoredProcess]: [MP /usr/bin/z3 SMTLIB2_COMPLIANT=true -memory:2024 -smt2 -in (19)] Waiting until timeout for monitored process
[2026-07-04 07:19:20,921 INFO  L108    AnnotateAndAsserter]: Assert order NOT_INCREMENTALLY partitioned 124 statements into 1 equivalence classes.
[2026-07-04 07:19:21,015 INFO  L111    AnnotateAndAsserter]: Assert order NOT_INCREMENTALLY issued 1 check-sat command(s) and asserted 124 of 124 statements.
[2026-07-04 07:19:21,015 INFO  L114    AnnotateAndAsserter]: Assert order NOT_INCREMENTALLY issued 1 check-sat command(s)
[2026-07-04 07:19:21,015 INFO  L115    AnnotateAndAsserter]: Conjunction of SSA is unsat
[2026-07-04 07:19:21,021 INFO  L256         TraceCheckSpWp]: Trace formula consists of 1217 conjuncts, 23 conjuncts are in the unsatisfiable core
[2026-07-04 07:19:21,026 INFO  L279         TraceCheckSpWp]: Computing forward predicates...
[2026-07-04 07:19:21,047 INFO  L354             Elim1Store]: Elim1 eliminated variable of array dimension 1, 1 stores, 0 select indices, 0 select index equivalence classes, 0 disjoint index pairs (out of 0 index pairs), introduced 0 new quantified variables, introduced 0 case distinctions, treesize of input 6 treesize of output 5
[2026-07-04 07:19:21,074 INFO  L354             Elim1Store]: Elim1 eliminated variable of array dimension 1, 1 stores, 0 select indices, 0 select index equivalence classes, 0 disjoint index pairs (out of 0 index pairs), introduced 0 new quantified variables, introduced 0 case distinctions, treesize of input 8 treesize of output 7
[2026-07-04 07:19:21,099 INFO  L354             Elim1Store]: Elim1 eliminated variable of array dimension 1, 0 stores, 1 select indices, 1 select index equivalence classes, 0 disjoint index pairs (out of 0 index pairs), introduced 1 new quantified variables, introduced 0 case distinctions, treesize of input 13 treesize of output 9
[2026-07-04 07:19:21,437 INFO  L354             Elim1Store]: Elim1 eliminated variable of array dimension 1, 0 stores, 1 select indices, 1 select index equivalence classes, 0 disjoint index pairs (out of 0 index pairs), introduced 1 new quantified variables, introduced 0 case distinctions, treesize of input 9 treesize of output 5
[2026-07-04 07:19:21,612 INFO  L172   IndexEqualityManager]: detected equality via solver
[2026-07-04 07:19:21,613 INFO  L354             Elim1Store]: Elim1 eliminated variable of array dimension 1, 0 stores, 2 select indices, 2 select index equivalence classes, 0 disjoint index pairs (out of 1 index pairs), introduced 1 new quantified variables, introduced 0 case distinctions, treesize of input 22 treesize of output 14
[2026-07-04 07:19:21,763 INFO  L354             Elim1Store]: Elim1 eliminated variable of array dimension 1, 0 stores, 1 select indices, 1 select index equivalence classes, 0 disjoint index pairs (out of 0 index pairs), introduced 1 new quantified variables, introduced 0 case distinctions, treesize of input 5 treesize of output 3
[2026-07-04 07:19:22,359 INFO  L172   IndexEqualityManager]: detected equality via solver
[2026-07-04 07:19:22,360 INFO  L354             Elim1Store]: Elim1 eliminated variable of array dimension 1, 0 stores, 2 select indices, 2 select index equivalence classes, 0 disjoint index pairs (out of 1 index pairs), introduced 1 new quantified variables, introduced 0 case distinctions, treesize of input 18 treesize of output 10
[2026-07-04 07:19:22,367 INFO  L134       CoverageAnalysis]: Checked inductivity of 0 backedges. 0 proven. 0 refuted. 0 times theorem prover too weak. 0 trivial. 0 not checked.
[2026-07-04 07:19:22,367 INFO  L312         TraceCheckSpWp]: Computing backward predicates...
[2026-07-04 07:19:23,570 INFO  L189   IndexEqualityManager]: detected not equals via solver
[2026-07-04 07:19:23,634 INFO  L134       CoverageAnalysis]: Checked inductivity of 0 backedges. 0 proven. 0 refuted. 0 times theorem prover too weak. 0 trivial. 0 not checked.
[2026-07-04 07:19:23,634 INFO  L136   FreeRefinementEngine]: Strategy FIXED_PREFERENCES found an infeasible trace
[2026-07-04 07:19:23,634 INFO  L324   FreeRefinementEngine]: Using interpolant generator IpTcStrategyModulePreferences [1600351734]
[2026-07-04 07:19:23,634 INFO  L158   FreeRefinementEngine]: IpTcStrategyModulePreferences [1600351734] provided 2 perfect and 0 imperfect interpolant sequences
[2026-07-04 07:19:23,634 INFO  L185   FreeRefinementEngine]: Found 2 perfect and 0 imperfect interpolant sequences.
[2026-07-04 07:19:23,634 INFO  L198   FreeRefinementEngine]: Number of different interpolants: perfect sequences [16, 16] imperfect sequences [] total 31
[2026-07-04 07:19:23,634 INFO  L121   tionRefinementEngine]: Using interpolant automaton builder IpAbStrategyModuleStraightlineAll [1980194499]
[2026-07-04 07:19:23,634 INFO  L85    oduleStraightlineAll]: Using 2 perfect interpolants to construct interpolant automaton
[2026-07-04 07:19:23,634 INFO  L567      AbstractCegarLoop]: INTERPOLANT automaton has 31 states
[2026-07-04 07:19:23,634 INFO  L100   FreeRefinementEngine]: Using predicate unifier PredicateUnifier provided by strategy FIXED_PREFERENCES
[2026-07-04 07:19:23,635 INFO  L144   InterpolantAutomaton]: Constructing interpolant automaton starting with 31 interpolants.
[2026-07-04 07:19:23,635 INFO  L146   InterpolantAutomaton]: CoverageRelationStatistics Valid=116, Invalid=814, Unknown=0, NotChecked=0, Total=930
[2026-07-04 07:19:23,635 INFO  L87              Difference]: Start difference. First operand 231 states and 287 transitions. Second operand  has 31 states, 31 states have (on average 7.258064516129032) internal successors, (225), 31 states have internal predecessors, (225), 9 states have call successors, (10), 8 states have call predecessors, (10), 9 states have return successors, (10), 7 states have call predecessors, (10), 9 states have call successors, (10)
[2026-07-04 07:19:31,228 INFO  L144             Difference]: Subtrahend was deterministic. Have not used determinization.
[2026-07-04 07:19:31,228 INFO  L93              Difference]: Finished difference Result 1006 states and 1277 transitions.
[2026-07-04 07:19:31,229 INFO  L140   InterpolantAutomaton]: Switched to read-only mode: deterministic interpolant automaton has 34 states. 
[2026-07-04 07:19:31,230 INFO  L79                 Accepts]: Start accepts. Automaton has  has 31 states, 31 states have (on average 7.258064516129032) internal successors, (225), 31 states have internal predecessors, (225), 9 states have call successors, (10), 8 states have call predecessors, (10), 9 states have return successors, (10), 7 states have call predecessors, (10), 9 states have call successors, (10) Word has length 124
[2026-07-04 07:19:31,230 INFO  L85                 Accepts]: Finished accepts. some prefix is accepted.
[2026-07-04 07:19:31,242 INFO  L225             Difference]: With dead ends: 1006
[2026-07-04 07:19:31,242 INFO  L226             Difference]: Without dead ends: 813
[2026-07-04 07:19:31,243 INFO  L425           NwaCegarLoop]: 0 DeclaredPredicates, 280 GetRequests, 222 SyntacticMatches, 0 SemanticMatches, 58 ConstructedPredicates, 0 IntricatePredicates, 0 DeprecatedPredicates, 799 ImplicationChecksByTransitivity, 2.1s TimeCoverageRelationStatistics Valid=493, Invalid=3047, Unknown=0, NotChecked=0, Total=3540
[2026-07-04 07:19:31,243 INFO  L426           NwaCegarLoop]: 20 mSDtfsCounter, 2003 mSDsluCounter, 199 mSDsCounter, 0 mSdLazyCounter, 4395 mSolverCounterSat, 103 mSolverCounterUnsat, 0 mSolverCounterUnknown, 0 mSolverCounterNotChecked, 5.7s Time, 0 mProtectedPredicate, 0 mProtectedAction, 2006 SdHoareTripleChecker+Valid, 219 SdHoareTripleChecker+Invalid, 4498 SdHoareTripleChecker+Unknown, 0 SdHoareTripleChecker+Unchecked, 0.1s SdHoareTripleChecker+Time, 103 IncrementalHoareTripleChecker+Valid, 4395 IncrementalHoareTripleChecker+Invalid, 0 IncrementalHoareTripleChecker+Unknown, 0 IncrementalHoareTripleChecker+Unchecked, 6.2s IncrementalHoareTripleChecker+Time
[2026-07-04 07:19:31,243 INFO  L427           NwaCegarLoop]: SdHoareTripleChecker [2006 Valid, 219 Invalid, 4498 Unknown, 0 Unchecked, 0.1s Time], IncrementalHoareTripleChecker [103 Valid, 4395 Invalid, 0 Unknown, 0 Unchecked, 6.2s Time]
[2026-07-04 07:19:31,244 INFO  L82        GeneralOperation]: Start minimizeSevpa. Operand 813 states.
[2026-07-04 07:19:31,292 INFO  L88        GeneralOperation]: Finished minimizeSevpa. Reduced states from 813 to 505.
[2026-07-04 07:19:31,293 INFO  L82        GeneralOperation]: Start removeUnreachable. Operand  has 505 states, 471 states have (on average 1.2696390658174097) internal successors, (598), 479 states have internal predecessors, (598), 13 states have call successors, (13), 12 states have call predecessors, (13), 20 states have return successors, (25), 13 states have call predecessors, (25), 13 states have call successors, (25)
[2026-07-04 07:19:31,295 INFO  L88        GeneralOperation]: Finished removeUnreachable. Reduced from 505 states to 505 states and 636 transitions.
[2026-07-04 07:19:31,295 INFO  L79                 Accepts]: Start accepts. Automaton has 505 states and 636 transitions. Word has length 124
[2026-07-04 07:19:31,295 INFO  L85                 Accepts]: Finished accepts. word is rejected.
[2026-07-04 07:19:31,295 INFO  L490      AbstractCegarLoop]: Abstraction has 505 states and 636 transitions.
[2026-07-04 07:19:31,295 INFO  L491      AbstractCegarLoop]: INTERPOLANT automaton has  has 31 states, 31 states have (on average 7.258064516129032) internal successors, (225), 31 states have internal predecessors, (225), 9 states have call successors, (10), 8 states have call predecessors, (10), 9 states have return successors, (10), 7 states have call predecessors, (10), 9 states have call successors, (10)
[2026-07-04 07:19:31,295 INFO  L278                IsEmpty]: Start isEmpty. Operand 505 states and 636 transitions.
[2026-07-04 07:19:31,296 INFO  L284                IsEmpty]: Finished isEmpty. Found accepting run of length 126
[2026-07-04 07:19:31,296 INFO  L199           NwaCegarLoop]: Found error trace
[2026-07-04 07:19:31,296 INFO  L207           NwaCegarLoop]: trace histogram [1, 1, 1, 1, 1, 1, 1, 1, 1, 1, 1, 1, 1, 1, 1, 1, 1, 1, 1, 1, 1, 1, 1, 1, 1, 1, 1, 1, 1, 1, 1, 1, 1, 1, 1, 1, 1, 1, 1, 1, 1, 1, 1, 1, 1, 1, 1, 1, 1, 1, 1, 1, 1, 1, 1, 1, 1, 1, 1, 1, 1, 1, 1, 1, 1, 1, 1, 1, 1, 1, 1, 1, 1, 1, 1, 1, 1, 1, 1, 1, 1, 1, 1, 1, 1, 1, 1, 1, 1, 1, 1, 1, 1, 1, 1, 1, 1, 1, 1, 1, 1, 1, 1, 1, 1, 1, 1, 1, 1, 1, 1, 1, 1, 1, 1, 1, 1, 1, 1, 1, 1, 1, 1, 1, 1]
[2026-07-04 07:19:31,317 INFO  L546       MonitoredProcess]: [MP /usr/bin/z3 SMTLIB2_COMPLIANT=true -memory:2024 -smt2 -in (19)] Ended with exit code 0
[2026-07-04 07:19:31,499 WARN  L471      AbstractCegarLoop]: Destroyed unattended storables created during the last iteration: 19 /usr/bin/z3 SMTLIB2_COMPLIANT=true -memory:2024 -smt2 -in
[2026-07-04 07:19:31,499 INFO  L408      AbstractCegarLoop]: === Iteration 19 === Targeting ULTIMATE.startErr0ASSERT_VIOLATIONASSERT === [ULTIMATE.startErr0ASSERT_VIOLATIONASSERT] ===
[2026-07-04 07:19:31,501 INFO  L156       PredicateUnifier]: Initialized classic predicate unifier
[2026-07-04 07:19:31,501 INFO  L85        PathProgramCache]: Analyzing trace with hash 1597236248, now seen corresponding path program 1 times
[2026-07-04 07:19:31,501 INFO  L118   FreeRefinementEngine]: Executing refinement strategy FIXED_PREFERENCES
[2026-07-04 07:19:31,501 INFO  L324   FreeRefinementEngine]: Using trace check IpTcStrategyModulePreferences [1542812965]
[2026-07-04 07:19:31,501 INFO  L97    rtionOrderModulation]: Keeping assertion order NOT_INCREMENTALLY
[2026-07-04 07:19:31,501 INFO  L173          SolverBuilder]: Constructing external solver with command: z3 SMTLIB2_COMPLIANT=true -memory:2024 -smt2 -in
[2026-07-04 07:19:31,502 INFO  L189       MonitoredProcess]: No working directory specified, using /usr/bin/z3
[2026-07-04 07:19:31,504 INFO  L229       MonitoredProcess]: Starting monitored process 20 with /usr/bin/z3 SMTLIB2_COMPLIANT=true -memory:2024 -smt2 -in (exit command is (exit), workingDir is null)
[2026-07-04 07:19:31,506 INFO  L327       MonitoredProcess]: [MP /usr/bin/z3 SMTLIB2_COMPLIANT=true -memory:2024 -smt2 -in (20)] Waiting until timeout for monitored process
[2026-07-04 07:19:31,691 INFO  L108    AnnotateAndAsserter]: Assert order NOT_INCREMENTALLY partitioned 125 statements into 1 equivalence classes.
[2026-07-04 07:19:31,779 INFO  L111    AnnotateAndAsserter]: Assert order NOT_INCREMENTALLY issued 1 check-sat command(s) and asserted 125 of 125 statements.
[2026-07-04 07:19:31,779 INFO  L114    AnnotateAndAsserter]: Assert order NOT_INCREMENTALLY issued 1 check-sat command(s)
[2026-07-04 07:19:31,779 INFO  L115    AnnotateAndAsserter]: Conjunction of SSA is unsat
[2026-07-04 07:19:31,784 INFO  L256         TraceCheckSpWp]: Trace formula consists of 1218 conjuncts, 6 conjuncts are in the unsatisfiable core
[2026-07-04 07:19:31,786 INFO  L279         TraceCheckSpWp]: Computing forward predicates...
[2026-07-04 07:19:32,030 INFO  L134       CoverageAnalysis]: Checked inductivity of 0 backedges. 0 proven. 0 refuted. 0 times theorem prover too weak. 0 trivial. 0 not checked.
[2026-07-04 07:19:32,030 INFO  L312         TraceCheckSpWp]: Computing backward predicates...
[2026-07-04 07:19:32,295 INFO  L134       CoverageAnalysis]: Checked inductivity of 0 backedges. 0 proven. 0 refuted. 0 times theorem prover too weak. 0 trivial. 0 not checked.
[2026-07-04 07:19:32,295 INFO  L136   FreeRefinementEngine]: Strategy FIXED_PREFERENCES found an infeasible trace
[2026-07-04 07:19:32,295 INFO  L324   FreeRefinementEngine]: Using interpolant generator IpTcStrategyModulePreferences [1542812965]
[2026-07-04 07:19:32,295 INFO  L158   FreeRefinementEngine]: IpTcStrategyModulePreferences [1542812965] provided 2 perfect and 0 imperfect interpolant sequences
[2026-07-04 07:19:32,295 INFO  L185   FreeRefinementEngine]: Found 2 perfect and 0 imperfect interpolant sequences.
[2026-07-04 07:19:32,295 INFO  L198   FreeRefinementEngine]: Number of different interpolants: perfect sequences [6, 5] imperfect sequences [] total 8
[2026-07-04 07:19:32,296 INFO  L121   tionRefinementEngine]: Using interpolant automaton builder IpAbStrategyModuleStraightlineAll [784966005]
[2026-07-04 07:19:32,296 INFO  L85    oduleStraightlineAll]: Using 2 perfect interpolants to construct interpolant automaton
[2026-07-04 07:19:32,296 INFO  L567      AbstractCegarLoop]: INTERPOLANT automaton has 8 states
[2026-07-04 07:19:32,296 INFO  L100   FreeRefinementEngine]: Using predicate unifier PredicateUnifier provided by strategy FIXED_PREFERENCES
[2026-07-04 07:19:32,297 INFO  L144   InterpolantAutomaton]: Constructing interpolant automaton starting with 8 interpolants.
[2026-07-04 07:19:32,297 INFO  L146   InterpolantAutomaton]: CoverageRelationStatistics Valid=20, Invalid=36, Unknown=0, NotChecked=0, Total=56
[2026-07-04 07:19:32,297 INFO  L87              Difference]: Start difference. First operand 505 states and 636 transitions. Second operand  has 8 states, 7 states have (on average 31.285714285714285) internal successors, (219), 8 states have internal predecessors, (219), 4 states have call successors, (10), 5 states have call predecessors, (10), 5 states have return successors, (10), 3 states have call predecessors, (10), 4 states have call successors, (10)
[2026-07-04 07:19:32,933 INFO  L144             Difference]: Subtrahend was deterministic. Have not used determinization.
[2026-07-04 07:19:32,933 INFO  L93              Difference]: Finished difference Result 612 states and 766 transitions.
[2026-07-04 07:19:32,934 INFO  L140   InterpolantAutomaton]: Switched to read-only mode: deterministic interpolant automaton has 4 states. 
[2026-07-04 07:19:32,934 INFO  L79                 Accepts]: Start accepts. Automaton has  has 8 states, 7 states have (on average 31.285714285714285) internal successors, (219), 8 states have internal predecessors, (219), 4 states have call successors, (10), 5 states have call predecessors, (10), 5 states have return successors, (10), 3 states have call predecessors, (10), 4 states have call successors, (10) Word has length 125
[2026-07-04 07:19:32,934 INFO  L85                 Accepts]: Finished accepts. some prefix is accepted.
[2026-07-04 07:19:32,935 INFO  L225             Difference]: With dead ends: 612
[2026-07-04 07:19:32,935 INFO  L226             Difference]: Without dead ends: 317
[2026-07-04 07:19:32,935 INFO  L425           NwaCegarLoop]: 0 DeclaredPredicates, 250 GetRequests, 243 SyntacticMatches, 0 SemanticMatches, 7 ConstructedPredicates, 0 IntricatePredicates, 0 DeprecatedPredicates, 4 ImplicationChecksByTransitivity, 0.1s TimeCoverageRelationStatistics Valid=25, Invalid=47, Unknown=0, NotChecked=0, Total=72
[2026-07-04 07:19:32,935 INFO  L426           NwaCegarLoop]: 90 mSDtfsCounter, 378 mSDsluCounter, 183 mSDsCounter, 0 mSdLazyCounter, 388 mSolverCounterSat, 19 mSolverCounterUnsat, 0 mSolverCounterUnknown, 0 mSolverCounterNotChecked, 0.5s Time, 0 mProtectedPredicate, 0 mProtectedAction, 381 SdHoareTripleChecker+Valid, 273 SdHoareTripleChecker+Invalid, 407 SdHoareTripleChecker+Unknown, 0 SdHoareTripleChecker+Unchecked, 0.0s SdHoareTripleChecker+Time, 19 IncrementalHoareTripleChecker+Valid, 388 IncrementalHoareTripleChecker+Invalid, 0 IncrementalHoareTripleChecker+Unknown, 0 IncrementalHoareTripleChecker+Unchecked, 0.6s IncrementalHoareTripleChecker+Time
[2026-07-04 07:19:32,936 INFO  L427           NwaCegarLoop]: SdHoareTripleChecker [381 Valid, 273 Invalid, 407 Unknown, 0 Unchecked, 0.0s Time], IncrementalHoareTripleChecker [19 Valid, 388 Invalid, 0 Unknown, 0 Unchecked, 0.6s Time]
[2026-07-04 07:19:32,936 INFO  L82        GeneralOperation]: Start minimizeSevpa. Operand 317 states.
[2026-07-04 07:19:32,970 INFO  L88        GeneralOperation]: Finished minimizeSevpa. Reduced states from 317 to 232.
[2026-07-04 07:19:32,971 INFO  L82        GeneralOperation]: Start removeUnreachable. Operand  has 232 states, 213 states have (on average 1.2253521126760563) internal successors, (261), 215 states have internal predecessors, (261), 8 states have call successors, (8), 8 states have call predecessors, (8), 10 states have return successors, (11), 8 states have call predecessors, (11), 8 states have call successors, (11)
[2026-07-04 07:19:32,971 INFO  L88        GeneralOperation]: Finished removeUnreachable. Reduced from 232 states to 232 states and 280 transitions.
[2026-07-04 07:19:32,971 INFO  L79                 Accepts]: Start accepts. Automaton has 232 states and 280 transitions. Word has length 125
[2026-07-04 07:19:32,971 INFO  L85                 Accepts]: Finished accepts. word is rejected.
[2026-07-04 07:19:32,971 INFO  L490      AbstractCegarLoop]: Abstraction has 232 states and 280 transitions.
[2026-07-04 07:19:32,972 INFO  L491      AbstractCegarLoop]: INTERPOLANT automaton has  has 8 states, 7 states have (on average 31.285714285714285) internal successors, (219), 8 states have internal predecessors, (219), 4 states have call successors, (10), 5 states have call predecessors, (10), 5 states have return successors, (10), 3 states have call predecessors, (10), 4 states have call successors, (10)
[2026-07-04 07:19:32,972 INFO  L278                IsEmpty]: Start isEmpty. Operand 232 states and 280 transitions.
[2026-07-04 07:19:32,972 INFO  L284                IsEmpty]: Finished isEmpty. Found accepting run of length 126
[2026-07-04 07:19:32,972 INFO  L199           NwaCegarLoop]: Found error trace
[2026-07-04 07:19:32,973 INFO  L207           NwaCegarLoop]: trace histogram [1, 1, 1, 1, 1, 1, 1, 1, 1, 1, 1, 1, 1, 1, 1, 1, 1, 1, 1, 1, 1, 1, 1, 1, 1, 1, 1, 1, 1, 1, 1, 1, 1, 1, 1, 1, 1, 1, 1, 1, 1, 1, 1, 1, 1, 1, 1, 1, 1, 1, 1, 1, 1, 1, 1, 1, 1, 1, 1, 1, 1, 1, 1, 1, 1, 1, 1, 1, 1, 1, 1, 1, 1, 1, 1, 1, 1, 1, 1, 1, 1, 1, 1, 1, 1, 1, 1, 1, 1, 1, 1, 1, 1, 1, 1, 1, 1, 1, 1, 1, 1, 1, 1, 1, 1, 1, 1, 1, 1, 1, 1, 1, 1, 1, 1, 1, 1, 1, 1, 1, 1, 1, 1, 1, 1]
[2026-07-04 07:19:32,984 INFO  L546       MonitoredProcess]: [MP /usr/bin/z3 SMTLIB2_COMPLIANT=true -memory:2024 -smt2 -in (20)] Ended with exit code 0
[2026-07-04 07:19:33,178 WARN  L471      AbstractCegarLoop]: Destroyed unattended storables created during the last iteration: 20 /usr/bin/z3 SMTLIB2_COMPLIANT=true -memory:2024 -smt2 -in
[2026-07-04 07:19:33,179 INFO  L408      AbstractCegarLoop]: === Iteration 20 === Targeting ULTIMATE.startErr0ASSERT_VIOLATIONASSERT === [ULTIMATE.startErr0ASSERT_VIOLATIONASSERT] ===
[2026-07-04 07:19:33,180 INFO  L156       PredicateUnifier]: Initialized classic predicate unifier
[2026-07-04 07:19:33,180 INFO  L85        PathProgramCache]: Analyzing trace with hash -956969839, now seen corresponding path program 1 times
[2026-07-04 07:19:33,180 INFO  L118   FreeRefinementEngine]: Executing refinement strategy FIXED_PREFERENCES
[2026-07-04 07:19:33,180 INFO  L324   FreeRefinementEngine]: Using trace check IpTcStrategyModulePreferences [421200486]
[2026-07-04 07:19:33,180 INFO  L97    rtionOrderModulation]: Keeping assertion order NOT_INCREMENTALLY
[2026-07-04 07:19:33,180 INFO  L173          SolverBuilder]: Constructing external solver with command: z3 SMTLIB2_COMPLIANT=true -memory:2024 -smt2 -in
[2026-07-04 07:19:33,181 INFO  L189       MonitoredProcess]: No working directory specified, using /usr/bin/z3
[2026-07-04 07:19:33,183 INFO  L229       MonitoredProcess]: Starting monitored process 21 with /usr/bin/z3 SMTLIB2_COMPLIANT=true -memory:2024 -smt2 -in (exit command is (exit), workingDir is null)
[2026-07-04 07:19:33,185 INFO  L327       MonitoredProcess]: [MP /usr/bin/z3 SMTLIB2_COMPLIANT=true -memory:2024 -smt2 -in (21)] Waiting until timeout for monitored process
[2026-07-04 07:19:33,327 INFO  L108    AnnotateAndAsserter]: Assert order NOT_INCREMENTALLY partitioned 125 statements into 1 equivalence classes.
[2026-07-04 07:19:33,407 INFO  L111    AnnotateAndAsserter]: Assert order NOT_INCREMENTALLY issued 1 check-sat command(s) and asserted 125 of 125 statements.
[2026-07-04 07:19:33,407 INFO  L114    AnnotateAndAsserter]: Assert order NOT_INCREMENTALLY issued 1 check-sat command(s)
[2026-07-04 07:19:33,407 INFO  L115    AnnotateAndAsserter]: Conjunction of SSA is unsat
[2026-07-04 07:19:33,412 INFO  L256         TraceCheckSpWp]: Trace formula consists of 1218 conjuncts, 11 conjuncts are in the unsatisfiable core
[2026-07-04 07:19:33,414 INFO  L279         TraceCheckSpWp]: Computing forward predicates...
[2026-07-04 07:19:33,784 INFO  L134       CoverageAnalysis]: Checked inductivity of 0 backedges. 0 proven. 0 refuted. 0 times theorem prover too weak. 0 trivial. 0 not checked.
[2026-07-04 07:19:33,785 INFO  L312         TraceCheckSpWp]: Computing backward predicates...
[2026-07-04 07:19:34,342 INFO  L134       CoverageAnalysis]: Checked inductivity of 0 backedges. 0 proven. 0 refuted. 0 times theorem prover too weak. 0 trivial. 0 not checked.
[2026-07-04 07:19:34,342 INFO  L136   FreeRefinementEngine]: Strategy FIXED_PREFERENCES found an infeasible trace
[2026-07-04 07:19:34,342 INFO  L324   FreeRefinementEngine]: Using interpolant generator IpTcStrategyModulePreferences [421200486]
[2026-07-04 07:19:34,342 INFO  L158   FreeRefinementEngine]: IpTcStrategyModulePreferences [421200486] provided 2 perfect and 0 imperfect interpolant sequences
[2026-07-04 07:19:34,342 INFO  L185   FreeRefinementEngine]: Found 2 perfect and 0 imperfect interpolant sequences.
[2026-07-04 07:19:34,342 INFO  L198   FreeRefinementEngine]: Number of different interpolants: perfect sequences [8, 8] imperfect sequences [] total 12
[2026-07-04 07:19:34,342 INFO  L121   tionRefinementEngine]: Using interpolant automaton builder IpAbStrategyModuleStraightlineAll [2129324838]
[2026-07-04 07:19:34,342 INFO  L85    oduleStraightlineAll]: Using 2 perfect interpolants to construct interpolant automaton
[2026-07-04 07:19:34,343 INFO  L567      AbstractCegarLoop]: INTERPOLANT automaton has 12 states
[2026-07-04 07:19:34,343 INFO  L100   FreeRefinementEngine]: Using predicate unifier PredicateUnifier provided by strategy FIXED_PREFERENCES
[2026-07-04 07:19:34,343 INFO  L144   InterpolantAutomaton]: Constructing interpolant automaton starting with 12 interpolants.
[2026-07-04 07:19:34,343 INFO  L146   InterpolantAutomaton]: CoverageRelationStatistics Valid=35, Invalid=97, Unknown=0, NotChecked=0, Total=132
[2026-07-04 07:19:34,343 INFO  L87              Difference]: Start difference. First operand 232 states and 280 transitions. Second operand  has 12 states, 12 states have (on average 18.083333333333332) internal successors, (217), 12 states have internal predecessors, (217), 5 states have call successors, (10), 7 states have call predecessors, (10), 8 states have return successors, (10), 5 states have call predecessors, (10), 5 states have call successors, (10)
[2026-07-04 07:19:35,249 INFO  L144             Difference]: Subtrahend was deterministic. Have not used determinization.
[2026-07-04 07:19:35,250 INFO  L93              Difference]: Finished difference Result 339 states and 413 transitions.
[2026-07-04 07:19:35,250 INFO  L140   InterpolantAutomaton]: Switched to read-only mode: deterministic interpolant automaton has 7 states. 
[2026-07-04 07:19:35,250 INFO  L79                 Accepts]: Start accepts. Automaton has  has 12 states, 12 states have (on average 18.083333333333332) internal successors, (217), 12 states have internal predecessors, (217), 5 states have call successors, (10), 7 states have call predecessors, (10), 8 states have return successors, (10), 5 states have call predecessors, (10), 5 states have call successors, (10) Word has length 125
[2026-07-04 07:19:35,250 INFO  L85                 Accepts]: Finished accepts. some prefix is accepted.
[2026-07-04 07:19:35,255 INFO  L225             Difference]: With dead ends: 339
[2026-07-04 07:19:35,255 INFO  L226             Difference]: Without dead ends: 220
[2026-07-04 07:19:35,256 INFO  L425           NwaCegarLoop]: 0 DeclaredPredicates, 253 GetRequests, 240 SyntacticMatches, 0 SemanticMatches, 13 ConstructedPredicates, 0 IntricatePredicates, 0 DeprecatedPredicates, 23 ImplicationChecksByTransitivity, 0.1s TimeCoverageRelationStatistics Valid=63, Invalid=147, Unknown=0, NotChecked=0, Total=210
[2026-07-04 07:19:35,256 INFO  L426           NwaCegarLoop]: 15 mSDtfsCounter, 545 mSDsluCounter, 48 mSDsCounter, 0 mSdLazyCounter, 641 mSolverCounterSat, 28 mSolverCounterUnsat, 0 mSolverCounterUnknown, 0 mSolverCounterNotChecked, 0.8s Time, 0 mProtectedPredicate, 0 mProtectedAction, 546 SdHoareTripleChecker+Valid, 63 SdHoareTripleChecker+Invalid, 669 SdHoareTripleChecker+Unknown, 0 SdHoareTripleChecker+Unchecked, 0.0s SdHoareTripleChecker+Time, 28 IncrementalHoareTripleChecker+Valid, 641 IncrementalHoareTripleChecker+Invalid, 0 IncrementalHoareTripleChecker+Unknown, 0 IncrementalHoareTripleChecker+Unchecked, 0.8s IncrementalHoareTripleChecker+Time
[2026-07-04 07:19:35,256 INFO  L427           NwaCegarLoop]: SdHoareTripleChecker [546 Valid, 63 Invalid, 669 Unknown, 0 Unchecked, 0.0s Time], IncrementalHoareTripleChecker [28 Valid, 641 Invalid, 0 Unknown, 0 Unchecked, 0.8s Time]
[2026-07-04 07:19:35,259 INFO  L82        GeneralOperation]: Start minimizeSevpa. Operand 220 states.
[2026-07-04 07:19:35,291 INFO  L88        GeneralOperation]: Finished minimizeSevpa. Reduced states from 220 to 220.
[2026-07-04 07:19:35,291 INFO  L82        GeneralOperation]: Start removeUnreachable. Operand  has 220 states, 201 states have (on average 1.2039800995024876) internal successors, (242), 203 states have internal predecessors, (242), 8 states have call successors, (8), 8 states have call predecessors, (8), 10 states have return successors, (11), 8 states have call predecessors, (11), 8 states have call successors, (11)
[2026-07-04 07:19:35,292 INFO  L88        GeneralOperation]: Finished removeUnreachable. Reduced from 220 states to 220 states and 261 transitions.
[2026-07-04 07:19:35,292 INFO  L79                 Accepts]: Start accepts. Automaton has 220 states and 261 transitions. Word has length 125
[2026-07-04 07:19:35,292 INFO  L85                 Accepts]: Finished accepts. word is rejected.
[2026-07-04 07:19:35,292 INFO  L490      AbstractCegarLoop]: Abstraction has 220 states and 261 transitions.
[2026-07-04 07:19:35,293 INFO  L491      AbstractCegarLoop]: INTERPOLANT automaton has  has 12 states, 12 states have (on average 18.083333333333332) internal successors, (217), 12 states have internal predecessors, (217), 5 states have call successors, (10), 7 states have call predecessors, (10), 8 states have return successors, (10), 5 states have call predecessors, (10), 5 states have call successors, (10)
[2026-07-04 07:19:35,293 INFO  L278                IsEmpty]: Start isEmpty. Operand 220 states and 261 transitions.
[2026-07-04 07:19:35,293 INFO  L284                IsEmpty]: Finished isEmpty. Found accepting run of length 129
[2026-07-04 07:19:35,293 INFO  L199           NwaCegarLoop]: Found error trace
[2026-07-04 07:19:35,293 INFO  L207           NwaCegarLoop]: trace histogram [1, 1, 1, 1, 1, 1, 1, 1, 1, 1, 1, 1, 1, 1, 1, 1, 1, 1, 1, 1, 1, 1, 1, 1, 1, 1, 1, 1, 1, 1, 1, 1, 1, 1, 1, 1, 1, 1, 1, 1, 1, 1, 1, 1, 1, 1, 1, 1, 1, 1, 1, 1, 1, 1, 1, 1, 1, 1, 1, 1, 1, 1, 1, 1, 1, 1, 1, 1, 1, 1, 1, 1, 1, 1, 1, 1, 1, 1, 1, 1, 1, 1, 1, 1, 1, 1, 1, 1, 1, 1, 1, 1, 1, 1, 1, 1, 1, 1, 1, 1, 1, 1, 1, 1, 1, 1, 1, 1, 1, 1, 1, 1, 1, 1, 1, 1, 1, 1, 1, 1, 1, 1, 1, 1, 1, 1, 1, 1]
[2026-07-04 07:19:35,314 INFO  L534       MonitoredProcess]: [MP /usr/bin/z3 SMTLIB2_COMPLIANT=true -memory:2024 -smt2 -in (21)] Forceful destruction successful, exit code 0
[2026-07-04 07:19:35,499 WARN  L471      AbstractCegarLoop]: Destroyed unattended storables created during the last iteration: 21 /usr/bin/z3 SMTLIB2_COMPLIANT=true -memory:2024 -smt2 -in
[2026-07-04 07:19:35,500 INFO  L408      AbstractCegarLoop]: === Iteration 21 === Targeting ULTIMATE.startErr0ASSERT_VIOLATIONASSERT === [ULTIMATE.startErr0ASSERT_VIOLATIONASSERT] ===
[2026-07-04 07:19:35,500 INFO  L156       PredicateUnifier]: Initialized classic predicate unifier
[2026-07-04 07:19:35,500 INFO  L85        PathProgramCache]: Analyzing trace with hash 1358006380, now seen corresponding path program 1 times
[2026-07-04 07:19:35,500 INFO  L118   FreeRefinementEngine]: Executing refinement strategy FIXED_PREFERENCES
[2026-07-04 07:19:35,500 INFO  L324   FreeRefinementEngine]: Using trace check IpTcStrategyModulePreferences [151942344]
[2026-07-04 07:19:35,500 INFO  L97    rtionOrderModulation]: Keeping assertion order NOT_INCREMENTALLY
[2026-07-04 07:19:35,500 INFO  L173          SolverBuilder]: Constructing external solver with command: z3 SMTLIB2_COMPLIANT=true -memory:2024 -smt2 -in
[2026-07-04 07:19:35,502 INFO  L189       MonitoredProcess]: No working directory specified, using /usr/bin/z3
[2026-07-04 07:19:35,503 INFO  L229       MonitoredProcess]: Starting monitored process 22 with /usr/bin/z3 SMTLIB2_COMPLIANT=true -memory:2024 -smt2 -in (exit command is (exit), workingDir is null)
[2026-07-04 07:19:35,505 INFO  L327       MonitoredProcess]: [MP /usr/bin/z3 SMTLIB2_COMPLIANT=true -memory:2024 -smt2 -in (22)] Waiting until timeout for monitored process
[2026-07-04 07:19:35,657 INFO  L108    AnnotateAndAsserter]: Assert order NOT_INCREMENTALLY partitioned 128 statements into 1 equivalence classes.
[2026-07-04 07:19:35,728 INFO  L111    AnnotateAndAsserter]: Assert order NOT_INCREMENTALLY issued 1 check-sat command(s) and asserted 128 of 128 statements.
[2026-07-04 07:19:35,728 INFO  L114    AnnotateAndAsserter]: Assert order NOT_INCREMENTALLY issued 1 check-sat command(s)
[2026-07-04 07:19:35,728 INFO  L115    AnnotateAndAsserter]: Conjunction of SSA is unsat
[2026-07-04 07:19:35,733 INFO  L256         TraceCheckSpWp]: Trace formula consists of 1234 conjuncts, 2 conjuncts are in the unsatisfiable core
[2026-07-04 07:19:35,735 INFO  L279         TraceCheckSpWp]: Computing forward predicates...
[2026-07-04 07:19:35,746 INFO  L134       CoverageAnalysis]: Checked inductivity of 0 backedges. 0 proven. 0 refuted. 0 times theorem prover too weak. 0 trivial. 0 not checked.
[2026-07-04 07:19:35,746 INFO  L312         TraceCheckSpWp]: Computing backward predicates...
[2026-07-04 07:19:35,769 INFO  L134       CoverageAnalysis]: Checked inductivity of 0 backedges. 0 proven. 0 refuted. 0 times theorem prover too weak. 0 trivial. 0 not checked.
[2026-07-04 07:19:35,769 INFO  L136   FreeRefinementEngine]: Strategy FIXED_PREFERENCES found an infeasible trace
[2026-07-04 07:19:35,769 INFO  L324   FreeRefinementEngine]: Using interpolant generator IpTcStrategyModulePreferences [151942344]
[2026-07-04 07:19:35,769 INFO  L158   FreeRefinementEngine]: IpTcStrategyModulePreferences [151942344] provided 2 perfect and 0 imperfect interpolant sequences
[2026-07-04 07:19:35,769 INFO  L185   FreeRefinementEngine]: Found 2 perfect and 0 imperfect interpolant sequences.
[2026-07-04 07:19:35,769 INFO  L198   FreeRefinementEngine]: Number of different interpolants: perfect sequences [3, 3] imperfect sequences [] total 3
[2026-07-04 07:19:35,769 INFO  L121   tionRefinementEngine]: Using interpolant automaton builder IpAbStrategyModuleStraightlineAll [1605237170]
[2026-07-04 07:19:35,769 INFO  L85    oduleStraightlineAll]: Using 2 perfect interpolants to construct interpolant automaton
[2026-07-04 07:19:35,770 INFO  L567      AbstractCegarLoop]: INTERPOLANT automaton has 3 states
[2026-07-04 07:19:35,770 INFO  L100   FreeRefinementEngine]: Using predicate unifier PredicateUnifier provided by strategy FIXED_PREFERENCES
[2026-07-04 07:19:35,770 INFO  L144   InterpolantAutomaton]: Constructing interpolant automaton starting with 3 interpolants.
[2026-07-04 07:19:35,770 INFO  L146   InterpolantAutomaton]: CoverageRelationStatistics Valid=3, Invalid=3, Unknown=0, NotChecked=0, Total=6
[2026-07-04 07:19:35,771 INFO  L87              Difference]: Start difference. First operand 220 states and 261 transitions. Second operand  has 3 states, 3 states have (on average 40.0) internal successors, (120), 3 states have internal predecessors, (120), 2 states have call successors, (6), 2 states have call predecessors, (6), 2 states have return successors, (6), 2 states have call predecessors, (6), 2 states have call successors, (6)
[2026-07-04 07:19:35,840 INFO  L144             Difference]: Subtrahend was deterministic. Have not used determinization.
[2026-07-04 07:19:35,841 INFO  L93              Difference]: Finished difference Result 384 states and 468 transitions.
[2026-07-04 07:19:35,846 INFO  L140   InterpolantAutomaton]: Switched to read-only mode: deterministic interpolant automaton has 3 states. 
[2026-07-04 07:19:35,846 INFO  L79                 Accepts]: Start accepts. Automaton has  has 3 states, 3 states have (on average 40.0) internal successors, (120), 3 states have internal predecessors, (120), 2 states have call successors, (6), 2 states have call predecessors, (6), 2 states have return successors, (6), 2 states have call predecessors, (6), 2 states have call successors, (6) Word has length 128
[2026-07-04 07:19:35,846 INFO  L85                 Accepts]: Finished accepts. some prefix is accepted.
[2026-07-04 07:19:35,847 INFO  L225             Difference]: With dead ends: 384
[2026-07-04 07:19:35,847 INFO  L226             Difference]: Without dead ends: 295
[2026-07-04 07:19:35,847 INFO  L425           NwaCegarLoop]: 0 DeclaredPredicates, 254 GetRequests, 253 SyntacticMatches, 0 SemanticMatches, 1 ConstructedPredicates, 0 IntricatePredicates, 0 DeprecatedPredicates, 0 ImplicationChecksByTransitivity, 0.0s TimeCoverageRelationStatistics Valid=3, Invalid=3, Unknown=0, NotChecked=0, Total=6
[2026-07-04 07:19:35,848 INFO  L426           NwaCegarLoop]: 261 mSDtfsCounter, 65 mSDsluCounter, 187 mSDsCounter, 0 mSdLazyCounter, 8 mSolverCounterSat, 1 mSolverCounterUnsat, 0 mSolverCounterUnknown, 0 mSolverCounterNotChecked, 0.0s Time, 0 mProtectedPredicate, 0 mProtectedAction, 65 SdHoareTripleChecker+Valid, 448 SdHoareTripleChecker+Invalid, 9 SdHoareTripleChecker+Unknown, 0 SdHoareTripleChecker+Unchecked, 0.0s SdHoareTripleChecker+Time, 1 IncrementalHoareTripleChecker+Valid, 8 IncrementalHoareTripleChecker+Invalid, 0 IncrementalHoareTripleChecker+Unknown, 0 IncrementalHoareTripleChecker+Unchecked, 0.0s IncrementalHoareTripleChecker+Time
[2026-07-04 07:19:35,848 INFO  L427           NwaCegarLoop]: SdHoareTripleChecker [65 Valid, 448 Invalid, 9 Unknown, 0 Unchecked, 0.0s Time], IncrementalHoareTripleChecker [1 Valid, 8 Invalid, 0 Unknown, 0 Unchecked, 0.0s Time]
[2026-07-04 07:19:35,849 INFO  L82        GeneralOperation]: Start minimizeSevpa. Operand 295 states.
[2026-07-04 07:19:35,881 INFO  L88        GeneralOperation]: Finished minimizeSevpa. Reduced states from 295 to 220.
[2026-07-04 07:19:35,881 INFO  L82        GeneralOperation]: Start removeUnreachable. Operand  has 220 states, 199 states have (on average 1.2060301507537687) internal successors, (240), 201 states have internal predecessors, (240), 9 states have call successors, (9), 9 states have call predecessors, (9), 11 states have return successors, (12), 9 states have call predecessors, (12), 9 states have call successors, (12)
[2026-07-04 07:19:35,886 INFO  L88        GeneralOperation]: Finished removeUnreachable. Reduced from 220 states to 220 states and 261 transitions.
[2026-07-04 07:19:35,886 INFO  L79                 Accepts]: Start accepts. Automaton has 220 states and 261 transitions. Word has length 128
[2026-07-04 07:19:35,887 INFO  L85                 Accepts]: Finished accepts. word is rejected.
[2026-07-04 07:19:35,887 INFO  L490      AbstractCegarLoop]: Abstraction has 220 states and 261 transitions.
[2026-07-04 07:19:35,887 INFO  L491      AbstractCegarLoop]: INTERPOLANT automaton has  has 3 states, 3 states have (on average 40.0) internal successors, (120), 3 states have internal predecessors, (120), 2 states have call successors, (6), 2 states have call predecessors, (6), 2 states have return successors, (6), 2 states have call predecessors, (6), 2 states have call successors, (6)
[2026-07-04 07:19:35,894 INFO  L278                IsEmpty]: Start isEmpty. Operand 220 states and 261 transitions.
[2026-07-04 07:19:35,894 INFO  L284                IsEmpty]: Finished isEmpty. Found accepting run of length 131
[2026-07-04 07:19:35,894 INFO  L199           NwaCegarLoop]: Found error trace
[2026-07-04 07:19:35,894 INFO  L207           NwaCegarLoop]: trace histogram [1, 1, 1, 1, 1, 1, 1, 1, 1, 1, 1, 1, 1, 1, 1, 1, 1, 1, 1, 1, 1, 1, 1, 1, 1, 1, 1, 1, 1, 1, 1, 1, 1, 1, 1, 1, 1, 1, 1, 1, 1, 1, 1, 1, 1, 1, 1, 1, 1, 1, 1, 1, 1, 1, 1, 1, 1, 1, 1, 1, 1, 1, 1, 1, 1, 1, 1, 1, 1, 1, 1, 1, 1, 1, 1, 1, 1, 1, 1, 1, 1, 1, 1, 1, 1, 1, 1, 1, 1, 1, 1, 1, 1, 1, 1, 1, 1, 1, 1, 1, 1, 1, 1, 1, 1, 1, 1, 1, 1, 1, 1, 1, 1, 1, 1, 1, 1, 1, 1, 1, 1, 1, 1, 1, 1, 1, 1, 1, 1, 1]
[2026-07-04 07:19:35,906 INFO  L546       MonitoredProcess]: [MP /usr/bin/z3 SMTLIB2_COMPLIANT=true -memory:2024 -smt2 -in (22)] Ended with exit code 0
[2026-07-04 07:19:36,097 WARN  L471      AbstractCegarLoop]: Destroyed unattended storables created during the last iteration: 22 /usr/bin/z3 SMTLIB2_COMPLIANT=true -memory:2024 -smt2 -in
[2026-07-04 07:19:36,097 INFO  L408      AbstractCegarLoop]: === Iteration 22 === Targeting ULTIMATE.startErr0ASSERT_VIOLATIONASSERT === [ULTIMATE.startErr0ASSERT_VIOLATIONASSERT] ===
[2026-07-04 07:19:36,098 INFO  L156       PredicateUnifier]: Initialized classic predicate unifier
[2026-07-04 07:19:36,098 INFO  L85        PathProgramCache]: Analyzing trace with hash -1991515969, now seen corresponding path program 1 times
[2026-07-04 07:19:36,098 INFO  L118   FreeRefinementEngine]: Executing refinement strategy FIXED_PREFERENCES
[2026-07-04 07:19:36,098 INFO  L324   FreeRefinementEngine]: Using trace check IpTcStrategyModulePreferences [1841361142]
[2026-07-04 07:19:36,098 INFO  L97    rtionOrderModulation]: Keeping assertion order NOT_INCREMENTALLY
[2026-07-04 07:19:36,098 INFO  L173          SolverBuilder]: Constructing external solver with command: z3 SMTLIB2_COMPLIANT=true -memory:2024 -smt2 -in
[2026-07-04 07:19:36,100 INFO  L189       MonitoredProcess]: No working directory specified, using /usr/bin/z3
[2026-07-04 07:19:36,101 INFO  L229       MonitoredProcess]: Starting monitored process 23 with /usr/bin/z3 SMTLIB2_COMPLIANT=true -memory:2024 -smt2 -in (exit command is (exit), workingDir is null)
[2026-07-04 07:19:36,104 INFO  L327       MonitoredProcess]: [MP /usr/bin/z3 SMTLIB2_COMPLIANT=true -memory:2024 -smt2 -in (23)] Waiting until timeout for monitored process
[2026-07-04 07:19:36,301 INFO  L108    AnnotateAndAsserter]: Assert order NOT_INCREMENTALLY partitioned 130 statements into 1 equivalence classes.
[2026-07-04 07:19:36,411 INFO  L111    AnnotateAndAsserter]: Assert order NOT_INCREMENTALLY issued 1 check-sat command(s) and asserted 130 of 130 statements.
[2026-07-04 07:19:36,411 INFO  L114    AnnotateAndAsserter]: Assert order NOT_INCREMENTALLY issued 1 check-sat command(s)
[2026-07-04 07:19:36,412 INFO  L115    AnnotateAndAsserter]: Conjunction of SSA is unsat
[2026-07-04 07:19:36,419 INFO  L256         TraceCheckSpWp]: Trace formula consists of 1317 conjuncts, 2 conjuncts are in the unsatisfiable core
[2026-07-04 07:19:36,423 INFO  L279         TraceCheckSpWp]: Computing forward predicates...
[2026-07-04 07:19:36,443 INFO  L134       CoverageAnalysis]: Checked inductivity of 0 backedges. 0 proven. 0 refuted. 0 times theorem prover too weak. 0 trivial. 0 not checked.
[2026-07-04 07:19:36,443 INFO  L312         TraceCheckSpWp]: Computing backward predicates...
[2026-07-04 07:19:36,501 INFO  L134       CoverageAnalysis]: Checked inductivity of 0 backedges. 0 proven. 0 refuted. 0 times theorem prover too weak. 0 trivial. 0 not checked.
[2026-07-04 07:19:36,501 INFO  L136   FreeRefinementEngine]: Strategy FIXED_PREFERENCES found an infeasible trace
[2026-07-04 07:19:36,501 INFO  L324   FreeRefinementEngine]: Using interpolant generator IpTcStrategyModulePreferences [1841361142]
[2026-07-04 07:19:36,501 INFO  L158   FreeRefinementEngine]: IpTcStrategyModulePreferences [1841361142] provided 2 perfect and 0 imperfect interpolant sequences
[2026-07-04 07:19:36,501 INFO  L185   FreeRefinementEngine]: Found 2 perfect and 0 imperfect interpolant sequences.
[2026-07-04 07:19:36,501 INFO  L198   FreeRefinementEngine]: Number of different interpolants: perfect sequences [3, 3] imperfect sequences [] total 3
[2026-07-04 07:19:36,501 INFO  L121   tionRefinementEngine]: Using interpolant automaton builder IpAbStrategyModuleStraightlineAll [758253995]
[2026-07-04 07:19:36,501 INFO  L85    oduleStraightlineAll]: Using 2 perfect interpolants to construct interpolant automaton
[2026-07-04 07:19:36,502 INFO  L567      AbstractCegarLoop]: INTERPOLANT automaton has 3 states
[2026-07-04 07:19:36,502 INFO  L100   FreeRefinementEngine]: Using predicate unifier PredicateUnifier provided by strategy FIXED_PREFERENCES
[2026-07-04 07:19:36,502 INFO  L144   InterpolantAutomaton]: Constructing interpolant automaton starting with 3 interpolants.
[2026-07-04 07:19:36,502 INFO  L146   InterpolantAutomaton]: CoverageRelationStatistics Valid=3, Invalid=3, Unknown=0, NotChecked=0, Total=6
[2026-07-04 07:19:36,502 INFO  L87              Difference]: Start difference. First operand 220 states and 261 transitions. Second operand  has 3 states, 3 states have (on average 40.666666666666664) internal successors, (122), 3 states have internal predecessors, (122), 2 states have call successors, (8), 2 states have call predecessors, (8), 2 states have return successors, (8), 2 states have call predecessors, (8), 2 states have call successors, (8)
[2026-07-04 07:19:36,606 INFO  L144             Difference]: Subtrahend was deterministic. Have not used determinization.
[2026-07-04 07:19:36,610 INFO  L93              Difference]: Finished difference Result 423 states and 510 transitions.
[2026-07-04 07:19:36,612 INFO  L140   InterpolantAutomaton]: Switched to read-only mode: deterministic interpolant automaton has 3 states. 
[2026-07-04 07:19:36,613 INFO  L79                 Accepts]: Start accepts. Automaton has  has 3 states, 3 states have (on average 40.666666666666664) internal successors, (122), 3 states have internal predecessors, (122), 2 states have call successors, (8), 2 states have call predecessors, (8), 2 states have return successors, (8), 2 states have call predecessors, (8), 2 states have call successors, (8) Word has length 130
[2026-07-04 07:19:36,613 INFO  L85                 Accepts]: Finished accepts. some prefix is accepted.
[2026-07-04 07:19:36,618 INFO  L225             Difference]: With dead ends: 423
[2026-07-04 07:19:36,618 INFO  L226             Difference]: Without dead ends: 325
[2026-07-04 07:19:36,619 INFO  L425           NwaCegarLoop]: 0 DeclaredPredicates, 258 GetRequests, 257 SyntacticMatches, 0 SemanticMatches, 1 ConstructedPredicates, 0 IntricatePredicates, 0 DeprecatedPredicates, 0 ImplicationChecksByTransitivity, 0.0s TimeCoverageRelationStatistics Valid=3, Invalid=3, Unknown=0, NotChecked=0, Total=6
[2026-07-04 07:19:36,620 INFO  L426           NwaCegarLoop]: 196 mSDtfsCounter, 69 mSDsluCounter, 186 mSDsCounter, 0 mSdLazyCounter, 15 mSolverCounterSat, 3 mSolverCounterUnsat, 0 mSolverCounterUnknown, 0 mSolverCounterNotChecked, 0.1s Time, 0 mProtectedPredicate, 0 mProtectedAction, 69 SdHoareTripleChecker+Valid, 382 SdHoareTripleChecker+Invalid, 18 SdHoareTripleChecker+Unknown, 0 SdHoareTripleChecker+Unchecked, 0.0s SdHoareTripleChecker+Time, 3 IncrementalHoareTripleChecker+Valid, 15 IncrementalHoareTripleChecker+Invalid, 0 IncrementalHoareTripleChecker+Unknown, 0 IncrementalHoareTripleChecker+Unchecked, 0.1s IncrementalHoareTripleChecker+Time
[2026-07-04 07:19:36,620 INFO  L427           NwaCegarLoop]: SdHoareTripleChecker [69 Valid, 382 Invalid, 18 Unknown, 0 Unchecked, 0.0s Time], IncrementalHoareTripleChecker [3 Valid, 15 Invalid, 0 Unknown, 0 Unchecked, 0.1s Time]
[2026-07-04 07:19:36,621 INFO  L82        GeneralOperation]: Start minimizeSevpa. Operand 325 states.
[2026-07-04 07:19:36,659 INFO  L88        GeneralOperation]: Finished minimizeSevpa. Reduced states from 325 to 229.
[2026-07-04 07:19:36,661 INFO  L82        GeneralOperation]: Start removeUnreachable. Operand  has 229 states, 208 states have (on average 1.1971153846153846) internal successors, (249), 210 states have internal predecessors, (249), 9 states have call successors, (9), 9 states have call predecessors, (9), 11 states have return successors, (12), 9 states have call predecessors, (12), 9 states have call successors, (12)
[2026-07-04 07:19:36,662 INFO  L88        GeneralOperation]: Finished removeUnreachable. Reduced from 229 states to 229 states and 270 transitions.
[2026-07-04 07:19:36,666 INFO  L79                 Accepts]: Start accepts. Automaton has 229 states and 270 transitions. Word has length 130
[2026-07-04 07:19:36,666 INFO  L85                 Accepts]: Finished accepts. word is rejected.
[2026-07-04 07:19:36,666 INFO  L490      AbstractCegarLoop]: Abstraction has 229 states and 270 transitions.
[2026-07-04 07:19:36,666 INFO  L491      AbstractCegarLoop]: INTERPOLANT automaton has  has 3 states, 3 states have (on average 40.666666666666664) internal successors, (122), 3 states have internal predecessors, (122), 2 states have call successors, (8), 2 states have call predecessors, (8), 2 states have return successors, (8), 2 states have call predecessors, (8), 2 states have call successors, (8)
[2026-07-04 07:19:36,666 INFO  L278                IsEmpty]: Start isEmpty. Operand 229 states and 270 transitions.
[2026-07-04 07:19:36,667 INFO  L284                IsEmpty]: Finished isEmpty. Found accepting run of length 131
[2026-07-04 07:19:36,667 INFO  L199           NwaCegarLoop]: Found error trace
[2026-07-04 07:19:36,667 INFO  L207           NwaCegarLoop]: trace histogram [1, 1, 1, 1, 1, 1, 1, 1, 1, 1, 1, 1, 1, 1, 1, 1, 1, 1, 1, 1, 1, 1, 1, 1, 1, 1, 1, 1, 1, 1, 1, 1, 1, 1, 1, 1, 1, 1, 1, 1, 1, 1, 1, 1, 1, 1, 1, 1, 1, 1, 1, 1, 1, 1, 1, 1, 1, 1, 1, 1, 1, 1, 1, 1, 1, 1, 1, 1, 1, 1, 1, 1, 1, 1, 1, 1, 1, 1, 1, 1, 1, 1, 1, 1, 1, 1, 1, 1, 1, 1, 1, 1, 1, 1, 1, 1, 1, 1, 1, 1, 1, 1, 1, 1, 1, 1, 1, 1, 1, 1, 1, 1, 1, 1, 1, 1, 1, 1, 1, 1, 1, 1, 1, 1, 1, 1, 1, 1, 1, 1]
[2026-07-04 07:19:36,683 INFO  L546       MonitoredProcess]: [MP /usr/bin/z3 SMTLIB2_COMPLIANT=true -memory:2024 -smt2 -in (23)] Ended with exit code 0
[2026-07-04 07:19:36,867 WARN  L471      AbstractCegarLoop]: Destroyed unattended storables created during the last iteration: 23 /usr/bin/z3 SMTLIB2_COMPLIANT=true -memory:2024 -smt2 -in
[2026-07-04 07:19:36,867 INFO  L408      AbstractCegarLoop]: === Iteration 23 === Targeting ULTIMATE.startErr0ASSERT_VIOLATIONASSERT === [ULTIMATE.startErr0ASSERT_VIOLATIONASSERT] ===
[2026-07-04 07:19:36,868 INFO  L156       PredicateUnifier]: Initialized classic predicate unifier
[2026-07-04 07:19:36,868 INFO  L85        PathProgramCache]: Analyzing trace with hash -1289916095, now seen corresponding path program 1 times
[2026-07-04 07:19:36,868 INFO  L118   FreeRefinementEngine]: Executing refinement strategy FIXED_PREFERENCES
[2026-07-04 07:19:36,868 INFO  L324   FreeRefinementEngine]: Using trace check IpTcStrategyModulePreferences [104516034]
[2026-07-04 07:19:36,868 INFO  L97    rtionOrderModulation]: Keeping assertion order NOT_INCREMENTALLY
[2026-07-04 07:19:36,868 INFO  L173          SolverBuilder]: Constructing external solver with command: z3 SMTLIB2_COMPLIANT=true -memory:2024 -smt2 -in
[2026-07-04 07:19:36,870 INFO  L189       MonitoredProcess]: No working directory specified, using /usr/bin/z3
[2026-07-04 07:19:36,874 INFO  L229       MonitoredProcess]: Starting monitored process 24 with /usr/bin/z3 SMTLIB2_COMPLIANT=true -memory:2024 -smt2 -in (exit command is (exit), workingDir is null)
[2026-07-04 07:19:36,875 INFO  L327       MonitoredProcess]: [MP /usr/bin/z3 SMTLIB2_COMPLIANT=true -memory:2024 -smt2 -in (24)] Waiting until timeout for monitored process
[2026-07-04 07:19:37,067 INFO  L108    AnnotateAndAsserter]: Assert order NOT_INCREMENTALLY partitioned 130 statements into 1 equivalence classes.
[2026-07-04 07:19:37,204 INFO  L111    AnnotateAndAsserter]: Assert order NOT_INCREMENTALLY issued 1 check-sat command(s) and asserted 130 of 130 statements.
[2026-07-04 07:19:37,204 INFO  L114    AnnotateAndAsserter]: Assert order NOT_INCREMENTALLY issued 1 check-sat command(s)
[2026-07-04 07:19:37,204 INFO  L115    AnnotateAndAsserter]: Conjunction of SSA is unsat
[2026-07-04 07:19:37,213 INFO  L256         TraceCheckSpWp]: Trace formula consists of 1314 conjuncts, 3 conjuncts are in the unsatisfiable core
[2026-07-04 07:19:37,215 INFO  L279         TraceCheckSpWp]: Computing forward predicates...
[2026-07-04 07:19:37,236 INFO  L134       CoverageAnalysis]: Checked inductivity of 0 backedges. 0 proven. 0 refuted. 0 times theorem prover too weak. 0 trivial. 0 not checked.
[2026-07-04 07:19:37,236 INFO  L312         TraceCheckSpWp]: Computing backward predicates...
[2026-07-04 07:19:37,289 INFO  L134       CoverageAnalysis]: Checked inductivity of 0 backedges. 0 proven. 0 refuted. 0 times theorem prover too weak. 0 trivial. 0 not checked.
[2026-07-04 07:19:37,289 INFO  L136   FreeRefinementEngine]: Strategy FIXED_PREFERENCES found an infeasible trace
[2026-07-04 07:19:37,289 INFO  L324   FreeRefinementEngine]: Using interpolant generator IpTcStrategyModulePreferences [104516034]
[2026-07-04 07:19:37,289 INFO  L158   FreeRefinementEngine]: IpTcStrategyModulePreferences [104516034] provided 2 perfect and 0 imperfect interpolant sequences
[2026-07-04 07:19:37,289 INFO  L185   FreeRefinementEngine]: Found 2 perfect and 0 imperfect interpolant sequences.
[2026-07-04 07:19:37,289 INFO  L198   FreeRefinementEngine]: Number of different interpolants: perfect sequences [3, 3] imperfect sequences [] total 3
[2026-07-04 07:19:37,289 INFO  L121   tionRefinementEngine]: Using interpolant automaton builder IpAbStrategyModuleStraightlineAll [1128982936]
[2026-07-04 07:19:37,289 INFO  L85    oduleStraightlineAll]: Using 2 perfect interpolants to construct interpolant automaton
[2026-07-04 07:19:37,289 INFO  L567      AbstractCegarLoop]: INTERPOLANT automaton has 3 states
[2026-07-04 07:19:37,289 INFO  L100   FreeRefinementEngine]: Using predicate unifier PredicateUnifier provided by strategy FIXED_PREFERENCES
[2026-07-04 07:19:37,290 INFO  L144   InterpolantAutomaton]: Constructing interpolant automaton starting with 3 interpolants.
[2026-07-04 07:19:37,290 INFO  L146   InterpolantAutomaton]: CoverageRelationStatistics Valid=3, Invalid=3, Unknown=0, NotChecked=0, Total=6
[2026-07-04 07:19:37,290 INFO  L87              Difference]: Start difference. First operand 229 states and 270 transitions. Second operand  has 3 states, 3 states have (on average 40.666666666666664) internal successors, (122), 3 states have internal predecessors, (122), 2 states have call successors, (8), 2 states have call predecessors, (8), 2 states have return successors, (8), 2 states have call predecessors, (8), 2 states have call successors, (8)
[2026-07-04 07:19:37,333 INFO  L144             Difference]: Subtrahend was deterministic. Have not used determinization.
[2026-07-04 07:19:37,333 INFO  L93              Difference]: Finished difference Result 325 states and 387 transitions.
[2026-07-04 07:19:37,338 INFO  L140   InterpolantAutomaton]: Switched to read-only mode: deterministic interpolant automaton has 3 states. 
[2026-07-04 07:19:37,338 INFO  L79                 Accepts]: Start accepts. Automaton has  has 3 states, 3 states have (on average 40.666666666666664) internal successors, (122), 3 states have internal predecessors, (122), 2 states have call successors, (8), 2 states have call predecessors, (8), 2 states have return successors, (8), 2 states have call predecessors, (8), 2 states have call successors, (8) Word has length 130
[2026-07-04 07:19:37,338 INFO  L85                 Accepts]: Finished accepts. some prefix is accepted.
[2026-07-04 07:19:37,339 INFO  L225             Difference]: With dead ends: 325
[2026-07-04 07:19:37,339 INFO  L226             Difference]: Without dead ends: 220
[2026-07-04 07:19:37,340 INFO  L425           NwaCegarLoop]: 0 DeclaredPredicates, 258 GetRequests, 256 SyntacticMatches, 1 SemanticMatches, 1 ConstructedPredicates, 0 IntricatePredicates, 0 DeprecatedPredicates, 0 ImplicationChecksByTransitivity, 0.0s TimeCoverageRelationStatistics Valid=3, Invalid=3, Unknown=0, NotChecked=0, Total=6
[2026-07-04 07:19:37,340 INFO  L426           NwaCegarLoop]: 188 mSDtfsCounter, 183 mSDsluCounter, 4 mSDsCounter, 0 mSdLazyCounter, 8 mSolverCounterSat, 3 mSolverCounterUnsat, 0 mSolverCounterUnknown, 0 mSolverCounterNotChecked, 0.0s Time, 0 mProtectedPredicate, 0 mProtectedAction, 183 SdHoareTripleChecker+Valid, 192 SdHoareTripleChecker+Invalid, 11 SdHoareTripleChecker+Unknown, 0 SdHoareTripleChecker+Unchecked, 0.0s SdHoareTripleChecker+Time, 3 IncrementalHoareTripleChecker+Valid, 8 IncrementalHoareTripleChecker+Invalid, 0 IncrementalHoareTripleChecker+Unknown, 0 IncrementalHoareTripleChecker+Unchecked, 0.0s IncrementalHoareTripleChecker+Time
[2026-07-04 07:19:37,340 INFO  L427           NwaCegarLoop]: SdHoareTripleChecker [183 Valid, 192 Invalid, 11 Unknown, 0 Unchecked, 0.0s Time], IncrementalHoareTripleChecker [3 Valid, 8 Invalid, 0 Unknown, 0 Unchecked, 0.0s Time]
[2026-07-04 07:19:37,340 INFO  L82        GeneralOperation]: Start minimizeSevpa. Operand 220 states.
[2026-07-04 07:19:37,406 INFO  L88        GeneralOperation]: Finished minimizeSevpa. Reduced states from 220 to 220.
[2026-07-04 07:19:37,406 INFO  L82        GeneralOperation]: Start removeUnreachable. Operand  has 220 states, 199 states have (on average 1.1809045226130652) internal successors, (235), 201 states have internal predecessors, (235), 9 states have call successors, (9), 9 states have call predecessors, (9), 11 states have return successors, (12), 9 states have call predecessors, (12), 9 states have call successors, (12)
[2026-07-04 07:19:37,407 INFO  L88        GeneralOperation]: Finished removeUnreachable. Reduced from 220 states to 220 states and 256 transitions.
[2026-07-04 07:19:37,408 INFO  L79                 Accepts]: Start accepts. Automaton has 220 states and 256 transitions. Word has length 130
[2026-07-04 07:19:37,408 INFO  L85                 Accepts]: Finished accepts. word is rejected.
[2026-07-04 07:19:37,408 INFO  L490      AbstractCegarLoop]: Abstraction has 220 states and 256 transitions.
[2026-07-04 07:19:37,408 INFO  L491      AbstractCegarLoop]: INTERPOLANT automaton has  has 3 states, 3 states have (on average 40.666666666666664) internal successors, (122), 3 states have internal predecessors, (122), 2 states have call successors, (8), 2 states have call predecessors, (8), 2 states have return successors, (8), 2 states have call predecessors, (8), 2 states have call successors, (8)
[2026-07-04 07:19:37,408 INFO  L278                IsEmpty]: Start isEmpty. Operand 220 states and 256 transitions.
[2026-07-04 07:19:37,409 INFO  L284                IsEmpty]: Finished isEmpty. Found accepting run of length 131
[2026-07-04 07:19:37,409 INFO  L199           NwaCegarLoop]: Found error trace
[2026-07-04 07:19:37,409 INFO  L207           NwaCegarLoop]: trace histogram [1, 1, 1, 1, 1, 1, 1, 1, 1, 1, 1, 1, 1, 1, 1, 1, 1, 1, 1, 1, 1, 1, 1, 1, 1, 1, 1, 1, 1, 1, 1, 1, 1, 1, 1, 1, 1, 1, 1, 1, 1, 1, 1, 1, 1, 1, 1, 1, 1, 1, 1, 1, 1, 1, 1, 1, 1, 1, 1, 1, 1, 1, 1, 1, 1, 1, 1, 1, 1, 1, 1, 1, 1, 1, 1, 1, 1, 1, 1, 1, 1, 1, 1, 1, 1, 1, 1, 1, 1, 1, 1, 1, 1, 1, 1, 1, 1, 1, 1, 1, 1, 1, 1, 1, 1, 1, 1, 1, 1, 1, 1, 1, 1, 1, 1, 1, 1, 1, 1, 1, 1, 1, 1, 1, 1, 1, 1, 1, 1, 1]
[2026-07-04 07:19:37,428 INFO  L546       MonitoredProcess]: [MP /usr/bin/z3 SMTLIB2_COMPLIANT=true -memory:2024 -smt2 -in (24)] Ended with exit code 0
[2026-07-04 07:19:37,616 WARN  L471      AbstractCegarLoop]: Destroyed unattended storables created during the last iteration: 24 /usr/bin/z3 SMTLIB2_COMPLIANT=true -memory:2024 -smt2 -in
[2026-07-04 07:19:37,616 INFO  L408      AbstractCegarLoop]: === Iteration 24 === Targeting ULTIMATE.startErr0ASSERT_VIOLATIONASSERT === [ULTIMATE.startErr0ASSERT_VIOLATIONASSERT] ===
[2026-07-04 07:19:37,616 INFO  L156       PredicateUnifier]: Initialized classic predicate unifier
[2026-07-04 07:19:37,616 INFO  L85        PathProgramCache]: Analyzing trace with hash -1919129411, now seen corresponding path program 1 times
[2026-07-04 07:19:37,616 INFO  L118   FreeRefinementEngine]: Executing refinement strategy FIXED_PREFERENCES
[2026-07-04 07:19:37,617 INFO  L324   FreeRefinementEngine]: Using trace check IpTcStrategyModulePreferences [1444670269]
[2026-07-04 07:19:37,617 INFO  L97    rtionOrderModulation]: Keeping assertion order NOT_INCREMENTALLY
[2026-07-04 07:19:37,617 INFO  L173          SolverBuilder]: Constructing external solver with command: z3 SMTLIB2_COMPLIANT=true -memory:2024 -smt2 -in
[2026-07-04 07:19:37,618 INFO  L189       MonitoredProcess]: No working directory specified, using /usr/bin/z3
[2026-07-04 07:19:37,622 INFO  L229       MonitoredProcess]: Starting monitored process 25 with /usr/bin/z3 SMTLIB2_COMPLIANT=true -memory:2024 -smt2 -in (exit command is (exit), workingDir is null)
[2026-07-04 07:19:37,623 INFO  L327       MonitoredProcess]: [MP /usr/bin/z3 SMTLIB2_COMPLIANT=true -memory:2024 -smt2 -in (25)] Waiting until timeout for monitored process
[2026-07-04 07:19:37,807 INFO  L108    AnnotateAndAsserter]: Assert order NOT_INCREMENTALLY partitioned 130 statements into 1 equivalence classes.
[2026-07-04 07:19:37,958 INFO  L111    AnnotateAndAsserter]: Assert order NOT_INCREMENTALLY issued 1 check-sat command(s) and asserted 130 of 130 statements.
[2026-07-04 07:19:37,958 INFO  L114    AnnotateAndAsserter]: Assert order NOT_INCREMENTALLY issued 1 check-sat command(s)
[2026-07-04 07:19:37,958 INFO  L115    AnnotateAndAsserter]: Conjunction of SSA is unsat
[2026-07-04 07:19:37,966 INFO  L256         TraceCheckSpWp]: Trace formula consists of 1320 conjuncts, 55 conjuncts are in the unsatisfiable core
[2026-07-04 07:19:37,971 INFO  L279         TraceCheckSpWp]: Computing forward predicates...
[2026-07-04 07:19:37,975 INFO  L354             Elim1Store]: Elim1 eliminated variable of array dimension 1, 1 stores, 0 select indices, 0 select index equivalence classes, 0 disjoint index pairs (out of 0 index pairs), introduced 0 new quantified variables, introduced 0 case distinctions, treesize of input 6 treesize of output 5
[2026-07-04 07:19:38,003 INFO  L354             Elim1Store]: Elim1 eliminated variable of array dimension 1, 1 stores, 0 select indices, 0 select index equivalence classes, 0 disjoint index pairs (out of 0 index pairs), introduced 0 new quantified variables, introduced 0 case distinctions, treesize of input 6 treesize of output 5
[2026-07-04 07:19:38,104 INFO  L354             Elim1Store]: Elim1 eliminated variable of array dimension 1, 0 stores, 1 select indices, 1 select index equivalence classes, 0 disjoint index pairs (out of 0 index pairs), introduced 1 new quantified variables, introduced 0 case distinctions, treesize of input 7 treesize of output 5
[2026-07-04 07:19:38,490 INFO  L354             Elim1Store]: Elim1 eliminated variable of array dimension 1, 0 stores, 1 select indices, 1 select index equivalence classes, 0 disjoint index pairs (out of 0 index pairs), introduced 1 new quantified variables, introduced 0 case distinctions, treesize of input 9 treesize of output 5
[2026-07-04 07:19:38,782 INFO  L172   IndexEqualityManager]: detected equality via solver
[2026-07-04 07:19:38,783 INFO  L354             Elim1Store]: Elim1 eliminated variable of array dimension 1, 0 stores, 2 select indices, 2 select index equivalence classes, 0 disjoint index pairs (out of 1 index pairs), introduced 1 new quantified variables, introduced 0 case distinctions, treesize of input 15 treesize of output 9
[2026-07-04 07:19:39,169 INFO  L354             Elim1Store]: Elim1 eliminated variable of array dimension 1, 0 stores, 1 select indices, 1 select index equivalence classes, 0 disjoint index pairs (out of 0 index pairs), introduced 1 new quantified variables, introduced 0 case distinctions, treesize of input 7 treesize of output 5
[2026-07-04 07:19:39,592 INFO  L354             Elim1Store]: Elim1 eliminated variable of array dimension 1, 0 stores, 1 select indices, 1 select index equivalence classes, 0 disjoint index pairs (out of 0 index pairs), introduced 1 new quantified variables, introduced 0 case distinctions, treesize of input 7 treesize of output 3
[2026-07-04 07:19:39,834 INFO  L172   IndexEqualityManager]: detected equality via solver
[2026-07-04 07:19:39,835 INFO  L354             Elim1Store]: Elim1 eliminated variable of array dimension 1, 0 stores, 2 select indices, 2 select index equivalence classes, 0 disjoint index pairs (out of 1 index pairs), introduced 1 new quantified variables, introduced 0 case distinctions, treesize of input 13 treesize of output 7
[2026-07-04 07:19:40,100 INFO  L134       CoverageAnalysis]: Checked inductivity of 0 backedges. 0 proven. 0 refuted. 0 times theorem prover too weak. 0 trivial. 0 not checked.
[2026-07-04 07:19:40,100 INFO  L312         TraceCheckSpWp]: Computing backward predicates...
[2026-07-04 07:19:42,258 INFO  L189   IndexEqualityManager]: detected not equals via solver
[2026-07-04 07:19:42,361 INFO  L134       CoverageAnalysis]: Checked inductivity of 0 backedges. 0 proven. 0 refuted. 0 times theorem prover too weak. 0 trivial. 0 not checked.
[2026-07-04 07:19:42,361 INFO  L136   FreeRefinementEngine]: Strategy FIXED_PREFERENCES found an infeasible trace
[2026-07-04 07:19:42,361 INFO  L324   FreeRefinementEngine]: Using interpolant generator IpTcStrategyModulePreferences [1444670269]
[2026-07-04 07:19:42,361 INFO  L158   FreeRefinementEngine]: IpTcStrategyModulePreferences [1444670269] provided 2 perfect and 0 imperfect interpolant sequences
[2026-07-04 07:19:42,361 INFO  L185   FreeRefinementEngine]: Found 2 perfect and 0 imperfect interpolant sequences.
[2026-07-04 07:19:42,361 INFO  L198   FreeRefinementEngine]: Number of different interpolants: perfect sequences [25, 23] imperfect sequences [] total 47
[2026-07-04 07:19:42,362 INFO  L121   tionRefinementEngine]: Using interpolant automaton builder IpAbStrategyModuleStraightlineAll [1199540349]
[2026-07-04 07:19:42,362 INFO  L85    oduleStraightlineAll]: Using 2 perfect interpolants to construct interpolant automaton
[2026-07-04 07:19:42,362 INFO  L567      AbstractCegarLoop]: INTERPOLANT automaton has 48 states
[2026-07-04 07:19:42,362 INFO  L100   FreeRefinementEngine]: Using predicate unifier PredicateUnifier provided by strategy FIXED_PREFERENCES
[2026-07-04 07:19:42,363 INFO  L144   InterpolantAutomaton]: Constructing interpolant automaton starting with 48 interpolants.
[2026-07-04 07:19:42,369 INFO  L146   InterpolantAutomaton]: CoverageRelationStatistics Valid=149, Invalid=2107, Unknown=0, NotChecked=0, Total=2256
[2026-07-04 07:19:42,369 INFO  L87              Difference]: Start difference. First operand 220 states and 256 transitions. Second operand  has 48 states, 43 states have (on average 5.465116279069767) internal successors, (235), 46 states have internal predecessors, (235), 12 states have call successors, (12), 10 states have call predecessors, (12), 10 states have return successors, (12), 10 states have call predecessors, (12), 12 states have call successors, (12)
[2026-07-04 07:19:50,752 INFO  L144             Difference]: Subtrahend was deterministic. Have not used determinization.
[2026-07-04 07:19:50,752 INFO  L93              Difference]: Finished difference Result 295 states and 351 transitions.
[2026-07-04 07:19:50,752 INFO  L140   InterpolantAutomaton]: Switched to read-only mode: deterministic interpolant automaton has 34 states. 
[2026-07-04 07:19:50,753 INFO  L79                 Accepts]: Start accepts. Automaton has  has 48 states, 43 states have (on average 5.465116279069767) internal successors, (235), 46 states have internal predecessors, (235), 12 states have call successors, (12), 10 states have call predecessors, (12), 10 states have return successors, (12), 10 states have call predecessors, (12), 12 states have call successors, (12) Word has length 130
[2026-07-04 07:19:50,753 INFO  L85                 Accepts]: Finished accepts. some prefix is accepted.
[2026-07-04 07:19:50,761 INFO  L225             Difference]: With dead ends: 295
[2026-07-04 07:19:50,761 INFO  L226             Difference]: Without dead ends: 203
[2026-07-04 07:19:50,762 INFO  L425           NwaCegarLoop]: 0 DeclaredPredicates, 286 GetRequests, 215 SyntacticMatches, 0 SemanticMatches, 71 ConstructedPredicates, 0 IntricatePredicates, 0 DeprecatedPredicates, 1003 ImplicationChecksByTransitivity, 4.3s TimeCoverageRelationStatistics Valid=460, Invalid=4796, Unknown=0, NotChecked=0, Total=5256
[2026-07-04 07:19:50,762 INFO  L426           NwaCegarLoop]: 9 mSDtfsCounter, 1316 mSDsluCounter, 110 mSDsCounter, 0 mSdLazyCounter, 5071 mSolverCounterSat, 89 mSolverCounterUnsat, 0 mSolverCounterUnknown, 0 mSolverCounterNotChecked, 5.8s Time, 0 mProtectedPredicate, 0 mProtectedAction, 1317 SdHoareTripleChecker+Valid, 119 SdHoareTripleChecker+Invalid, 5160 SdHoareTripleChecker+Unknown, 0 SdHoareTripleChecker+Unchecked, 0.0s SdHoareTripleChecker+Time, 89 IncrementalHoareTripleChecker+Valid, 5071 IncrementalHoareTripleChecker+Invalid, 0 IncrementalHoareTripleChecker+Unknown, 0 IncrementalHoareTripleChecker+Unchecked, 6.4s IncrementalHoareTripleChecker+Time
[2026-07-04 07:19:50,762 INFO  L427           NwaCegarLoop]: SdHoareTripleChecker [1317 Valid, 119 Invalid, 5160 Unknown, 0 Unchecked, 0.0s Time], IncrementalHoareTripleChecker [89 Valid, 5071 Invalid, 0 Unknown, 0 Unchecked, 6.4s Time]
[2026-07-04 07:19:50,763 INFO  L82        GeneralOperation]: Start minimizeSevpa. Operand 203 states.
[2026-07-04 07:19:50,802 INFO  L88        GeneralOperation]: Finished minimizeSevpa. Reduced states from 203 to 203.
[2026-07-04 07:19:50,802 INFO  L82        GeneralOperation]: Start removeUnreachable. Operand  has 203 states, 184 states have (on average 1.184782608695652) internal successors, (218), 186 states have internal predecessors, (218), 8 states have call successors, (8), 8 states have call predecessors, (8), 10 states have return successors, (11), 8 states have call predecessors, (11), 8 states have call successors, (11)
[2026-07-04 07:19:50,803 INFO  L88        GeneralOperation]: Finished removeUnreachable. Reduced from 203 states to 203 states and 237 transitions.
[2026-07-04 07:19:50,803 INFO  L79                 Accepts]: Start accepts. Automaton has 203 states and 237 transitions. Word has length 130
[2026-07-04 07:19:50,803 INFO  L85                 Accepts]: Finished accepts. word is rejected.
[2026-07-04 07:19:50,803 INFO  L490      AbstractCegarLoop]: Abstraction has 203 states and 237 transitions.
[2026-07-04 07:19:50,803 INFO  L491      AbstractCegarLoop]: INTERPOLANT automaton has  has 48 states, 43 states have (on average 5.465116279069767) internal successors, (235), 46 states have internal predecessors, (235), 12 states have call successors, (12), 10 states have call predecessors, (12), 10 states have return successors, (12), 10 states have call predecessors, (12), 12 states have call successors, (12)
[2026-07-04 07:19:50,803 INFO  L278                IsEmpty]: Start isEmpty. Operand 203 states and 237 transitions.
[2026-07-04 07:19:50,803 INFO  L284                IsEmpty]: Finished isEmpty. Found accepting run of length 135
[2026-07-04 07:19:50,803 INFO  L199           NwaCegarLoop]: Found error trace
[2026-07-04 07:19:50,803 INFO  L207           NwaCegarLoop]: trace histogram [1, 1, 1, 1, 1, 1, 1, 1, 1, 1, 1, 1, 1, 1, 1, 1, 1, 1, 1, 1, 1, 1, 1, 1, 1, 1, 1, 1, 1, 1, 1, 1, 1, 1, 1, 1, 1, 1, 1, 1, 1, 1, 1, 1, 1, 1, 1, 1, 1, 1, 1, 1, 1, 1, 1, 1, 1, 1, 1, 1, 1, 1, 1, 1, 1, 1, 1, 1, 1, 1, 1, 1, 1, 1, 1, 1, 1, 1, 1, 1, 1, 1, 1, 1, 1, 1, 1, 1, 1, 1, 1, 1, 1, 1, 1, 1, 1, 1, 1, 1, 1, 1, 1, 1, 1, 1, 1, 1, 1, 1, 1, 1, 1, 1, 1, 1, 1, 1, 1, 1, 1, 1, 1, 1, 1, 1, 1, 1, 1, 1, 1, 1, 1, 1]
[2026-07-04 07:19:50,814 INFO  L546       MonitoredProcess]: [MP /usr/bin/z3 SMTLIB2_COMPLIANT=true -memory:2024 -smt2 -in (25)] Ended with exit code 0
[2026-07-04 07:19:51,004 WARN  L471      AbstractCegarLoop]: Destroyed unattended storables created during the last iteration: 25 /usr/bin/z3 SMTLIB2_COMPLIANT=true -memory:2024 -smt2 -in
[2026-07-04 07:19:51,004 INFO  L408      AbstractCegarLoop]: === Iteration 25 === Targeting ULTIMATE.startErr0ASSERT_VIOLATIONASSERT === [ULTIMATE.startErr0ASSERT_VIOLATIONASSERT] ===
[2026-07-04 07:19:51,017 INFO  L156       PredicateUnifier]: Initialized classic predicate unifier
[2026-07-04 07:19:51,017 INFO  L85        PathProgramCache]: Analyzing trace with hash 1320666806, now seen corresponding path program 1 times
[2026-07-04 07:19:51,017 INFO  L118   FreeRefinementEngine]: Executing refinement strategy FIXED_PREFERENCES
[2026-07-04 07:19:51,017 INFO  L324   FreeRefinementEngine]: Using trace check IpTcStrategyModulePreferences [294694064]
[2026-07-04 07:19:51,017 INFO  L97    rtionOrderModulation]: Keeping assertion order NOT_INCREMENTALLY
[2026-07-04 07:19:51,017 INFO  L173          SolverBuilder]: Constructing external solver with command: z3 SMTLIB2_COMPLIANT=true -memory:2024 -smt2 -in
[2026-07-04 07:19:51,019 INFO  L189       MonitoredProcess]: No working directory specified, using /usr/bin/z3
[2026-07-04 07:19:51,020 INFO  L229       MonitoredProcess]: Starting monitored process 26 with /usr/bin/z3 SMTLIB2_COMPLIANT=true -memory:2024 -smt2 -in (exit command is (exit), workingDir is null)
[2026-07-04 07:19:51,029 INFO  L327       MonitoredProcess]: [MP /usr/bin/z3 SMTLIB2_COMPLIANT=true -memory:2024 -smt2 -in (26)] Waiting until timeout for monitored process
[2026-07-04 07:19:51,208 INFO  L108    AnnotateAndAsserter]: Assert order NOT_INCREMENTALLY partitioned 134 statements into 1 equivalence classes.
[2026-07-04 07:19:51,288 INFO  L111    AnnotateAndAsserter]: Assert order NOT_INCREMENTALLY issued 1 check-sat command(s) and asserted 134 of 134 statements.
[2026-07-04 07:19:51,288 INFO  L114    AnnotateAndAsserter]: Assert order NOT_INCREMENTALLY issued 1 check-sat command(s)
[2026-07-04 07:19:51,288 INFO  L115    AnnotateAndAsserter]: Conjunction of SSA is unsat
[2026-07-04 07:19:51,295 INFO  L256         TraceCheckSpWp]: Trace formula consists of 1340 conjuncts, 3 conjuncts are in the unsatisfiable core
[2026-07-04 07:19:51,297 INFO  L279         TraceCheckSpWp]: Computing forward predicates...
[2026-07-04 07:19:51,341 INFO  L134       CoverageAnalysis]: Checked inductivity of 0 backedges. 0 proven. 0 refuted. 0 times theorem prover too weak. 0 trivial. 0 not checked.
[2026-07-04 07:19:51,341 INFO  L312         TraceCheckSpWp]: Computing backward predicates...
[2026-07-04 07:19:51,389 INFO  L134       CoverageAnalysis]: Checked inductivity of 0 backedges. 0 proven. 0 refuted. 0 times theorem prover too weak. 0 trivial. 0 not checked.
[2026-07-04 07:19:51,389 INFO  L136   FreeRefinementEngine]: Strategy FIXED_PREFERENCES found an infeasible trace
[2026-07-04 07:19:51,389 INFO  L324   FreeRefinementEngine]: Using interpolant generator IpTcStrategyModulePreferences [294694064]
[2026-07-04 07:19:51,389 INFO  L158   FreeRefinementEngine]: IpTcStrategyModulePreferences [294694064] provided 2 perfect and 0 imperfect interpolant sequences
[2026-07-04 07:19:51,389 INFO  L185   FreeRefinementEngine]: Found 2 perfect and 0 imperfect interpolant sequences.
[2026-07-04 07:19:51,389 INFO  L198   FreeRefinementEngine]: Number of different interpolants: perfect sequences [3, 3] imperfect sequences [] total 4
[2026-07-04 07:19:51,389 INFO  L121   tionRefinementEngine]: Using interpolant automaton builder IpAbStrategyModuleStraightlineAll [1600258896]
[2026-07-04 07:19:51,389 INFO  L85    oduleStraightlineAll]: Using 2 perfect interpolants to construct interpolant automaton
[2026-07-04 07:19:51,390 INFO  L567      AbstractCegarLoop]: INTERPOLANT automaton has 4 states
[2026-07-04 07:19:51,390 INFO  L100   FreeRefinementEngine]: Using predicate unifier PredicateUnifier provided by strategy FIXED_PREFERENCES
[2026-07-04 07:19:51,391 INFO  L144   InterpolantAutomaton]: Constructing interpolant automaton starting with 4 interpolants.
[2026-07-04 07:19:51,391 INFO  L146   InterpolantAutomaton]: CoverageRelationStatistics Valid=6, Invalid=6, Unknown=0, NotChecked=0, Total=12
[2026-07-04 07:19:51,391 INFO  L87              Difference]: Start difference. First operand 203 states and 237 transitions. Second operand  has 4 states, 4 states have (on average 34.0) internal successors, (136), 4 states have internal predecessors, (136), 2 states have call successors, (8), 2 states have call predecessors, (8), 2 states have return successors, (8), 2 states have call predecessors, (8), 2 states have call successors, (8)
[2026-07-04 07:19:51,435 INFO  L144             Difference]: Subtrahend was deterministic. Have not used determinization.
[2026-07-04 07:19:51,436 INFO  L93              Difference]: Finished difference Result 203 states and 237 transitions.
[2026-07-04 07:19:51,436 INFO  L140   InterpolantAutomaton]: Switched to read-only mode: deterministic interpolant automaton has 3 states. 
[2026-07-04 07:19:51,436 INFO  L79                 Accepts]: Start accepts. Automaton has  has 4 states, 4 states have (on average 34.0) internal successors, (136), 4 states have internal predecessors, (136), 2 states have call successors, (8), 2 states have call predecessors, (8), 2 states have return successors, (8), 2 states have call predecessors, (8), 2 states have call successors, (8) Word has length 134
[2026-07-04 07:19:51,436 INFO  L85                 Accepts]: Finished accepts. some prefix is accepted.
[2026-07-04 07:19:51,436 INFO  L225             Difference]: With dead ends: 203
[2026-07-04 07:19:51,436 INFO  L226             Difference]: Without dead ends: 0
[2026-07-04 07:19:51,437 INFO  L425           NwaCegarLoop]: 0 DeclaredPredicates, 266 GetRequests, 264 SyntacticMatches, 0 SemanticMatches, 2 ConstructedPredicates, 0 IntricatePredicates, 0 DeprecatedPredicates, 0 ImplicationChecksByTransitivity, 0.0s TimeCoverageRelationStatistics Valid=6, Invalid=6, Unknown=0, NotChecked=0, Total=12
[2026-07-04 07:19:51,437 INFO  L426           NwaCegarLoop]: 122 mSDtfsCounter, 209 mSDsluCounter, 4 mSDsCounter, 0 mSdLazyCounter, 0 mSolverCounterSat, 9 mSolverCounterUnsat, 0 mSolverCounterUnknown, 0 mSolverCounterNotChecked, 0.0s Time, 0 mProtectedPredicate, 0 mProtectedAction, 209 SdHoareTripleChecker+Valid, 126 SdHoareTripleChecker+Invalid, 9 SdHoareTripleChecker+Unknown, 0 SdHoareTripleChecker+Unchecked, 0.0s SdHoareTripleChecker+Time, 9 IncrementalHoareTripleChecker+Valid, 0 IncrementalHoareTripleChecker+Invalid, 0 IncrementalHoareTripleChecker+Unknown, 0 IncrementalHoareTripleChecker+Unchecked, 0.0s IncrementalHoareTripleChecker+Time
[2026-07-04 07:19:51,437 INFO  L427           NwaCegarLoop]: SdHoareTripleChecker [209 Valid, 126 Invalid, 9 Unknown, 0 Unchecked, 0.0s Time], IncrementalHoareTripleChecker [9 Valid, 0 Invalid, 0 Unknown, 0 Unchecked, 0.0s Time]
[2026-07-04 07:19:51,438 INFO  L82        GeneralOperation]: Start minimizeSevpa. Operand 0 states.
[2026-07-04 07:19:51,438 INFO  L88        GeneralOperation]: Finished minimizeSevpa. Reduced states from 0 to 0.
[2026-07-04 07:19:51,438 INFO  L82        GeneralOperation]: Start removeUnreachable. Operand  has 0 states, 0 states have (on average 0.0) internal successors, (0), 0 states have internal predecessors, (0), 0 states have call successors, (0), 0 states have call predecessors, (0), 0 states have return successors, (0), 0 states have call predecessors, (0), 0 states have call successors, (0)
[2026-07-04 07:19:51,438 INFO  L88        GeneralOperation]: Finished removeUnreachable. Reduced from 0 states to 0 states and 0 transitions.
[2026-07-04 07:19:51,438 INFO  L79                 Accepts]: Start accepts. Automaton has 0 states and 0 transitions. Word has length 134
[2026-07-04 07:19:51,438 INFO  L85                 Accepts]: Finished accepts. word is rejected.
[2026-07-04 07:19:51,438 INFO  L490      AbstractCegarLoop]: Abstraction has 0 states and 0 transitions.
[2026-07-04 07:19:51,438 INFO  L491      AbstractCegarLoop]: INTERPOLANT automaton has  has 4 states, 4 states have (on average 34.0) internal successors, (136), 4 states have internal predecessors, (136), 2 states have call successors, (8), 2 states have call predecessors, (8), 2 states have return successors, (8), 2 states have call predecessors, (8), 2 states have call successors, (8)
[2026-07-04 07:19:51,438 INFO  L278                IsEmpty]: Start isEmpty. Operand 0 states and 0 transitions.
[2026-07-04 07:19:51,438 INFO  L284                IsEmpty]: Finished isEmpty. No accepting run.
[2026-07-04 07:19:51,440 INFO  L795   garLoopResultBuilder]: Registering result SAFE for location ULTIMATE.startErr0ASSERT_VIOLATIONASSERT (0 of 1 remaining)
[2026-07-04 07:19:51,449 INFO  L534       MonitoredProcess]: [MP /usr/bin/z3 SMTLIB2_COMPLIANT=true -memory:2024 -smt2 -in (26)] Forceful destruction successful, exit code 0
[2026-07-04 07:19:51,642 WARN  L471      AbstractCegarLoop]: Destroyed unattended storables created during the last iteration: 26 /usr/bin/z3 SMTLIB2_COMPLIANT=true -memory:2024 -smt2 -in
[2026-07-04 07:19:51,645 INFO  L424         BasicCegarLoop]: Path program histogram: [1, 1, 1, 1, 1, 1, 1, 1, 1, 1, 1, 1, 1, 1, 1, 1, 1, 1, 1, 1, 1, 1, 1, 1, 1]
[2026-07-04 07:19:51,646 INFO  L312    DoubleDeckerVisitor]: Before removal of dead ends 0 states and 0 transitions.
[2026-07-04 07:20:22,868 WARN  L286               SmtUtils]: Spent 32.71s on a formula simplification. DAG size of input: 196 DAG size of output: 177 (called from [L 212] de.uni_freiburg.informatik.ultimate.lib.proofs.floydhoare.HoareAnnotationComposer.or)
[2026-07-04 07:20:41,048 WARN  L286               SmtUtils]: Spent 18.16s on a formula simplification. DAG size of input: 206 DAG size of output: 174 (called from [L 212] de.uni_freiburg.informatik.ultimate.lib.proofs.floydhoare.HoareAnnotationComposer.or)
[2026-07-04 07:20:50,205 WARN  L286               SmtUtils]: Spent 10.76s on a formula simplification. DAG size of input: 166 DAG size of output: 146 (called from [L 212] de.uni_freiburg.informatik.ultimate.lib.proofs.floydhoare.HoareAnnotationComposer.or)
[2026-07-04 07:21:01,114 WARN  L286               SmtUtils]: Spent 10.90s on a formula simplification. DAG size of input: 165 DAG size of output: 145 (called from [L 212] de.uni_freiburg.informatik.ultimate.lib.proofs.floydhoare.HoareAnnotationComposer.or)
[2026-07-04 07:21:11,906 WARN  L286               SmtUtils]: Spent 10.79s on a formula simplification. DAG size of input: 163 DAG size of output: 143 (called from [L 212] de.uni_freiburg.informatik.ultimate.lib.proofs.floydhoare.HoareAnnotationComposer.or)
[2026-07-04 07:21:20,904 WARN  L286               SmtUtils]: Spent 10.79s on a formula simplification. DAG size of input: 166 DAG size of output: 146 (called from [L 212] de.uni_freiburg.informatik.ultimate.lib.proofs.floydhoare.HoareAnnotationComposer.or)
[2026-07-04 07:21:31,683 WARN  L286               SmtUtils]: Spent 10.78s on a formula simplification. DAG size of input: 165 DAG size of output: 145 (called from [L 212] de.uni_freiburg.informatik.ultimate.lib.proofs.floydhoare.HoareAnnotationComposer.or)
[2026-07-04 07:21:52,552 WARN  L286               SmtUtils]: Spent 22.55s on a formula simplification. DAG size of input: 178 DAG size of output: 158 (called from [L 212] de.uni_freiburg.informatik.ultimate.lib.proofs.floydhoare.HoareAnnotationComposer.or)
[2026-07-04 07:22:01,518 INFO  L171   ceAbstractionStarter]: Computing trace abstraction results
[2026-07-04 07:22:01,625 WARN  L161        FloydHoareUtils]: Requires clause for s1_pop_chain_act contained old-variable. Original clause: (and (= (_ bv0 16) s2_meta.location.index) (select s1_isValid s1_hdr.nc_hdr) (= (_ bv101 16) s2_meta.my_md.role) (= s1_hdr.nc_hdr.key (_ bv2024 128)) (= s1_sequence_reg__last0_value s1_hdr.nc_hdr.seq) (= (_ bv167797762 32) s1_hdr.overlay.1.swip) (= (_ bv167797761 32) s1_meta.my_md.ipaddress) (= (_ bv17 8) s1_hdr.ipv4.protocol) (= (_ bv167797761 32) s1_hdr.ipv4.dstAddr) (= (_ bv167797762 32) |old(s1_hdr.overlay.1.swip)|) (= s1_hdr.udp.dstPort (_ bv8888 16)) (= (_ bv100 16) s1_meta.my_md.role) (bvule.bv16 (select s2_sequence_reg (_ bv0 32)) (_ bv65534 16)) (= s2_inbox_count 0) (= (_ bv12 8) s1_hdr.nc_hdr.op) (not (= s1_standard_metadata.egress_port (_ bv0 9))) (= s1_inbox_count 0) (select |old(s1_isValid)| s1_hdr.nc_hdr) (= s1_hdr.ethernet.etherType (_ bv2048 16)) (= (_ bv0 16) s1_meta.location.index))  Eliminated clause: (and (= (_ bv0 16) s2_meta.location.index) (select s1_isValid s1_hdr.nc_hdr) (= (_ bv101 16) s2_meta.my_md.role) (= s1_hdr.nc_hdr.key (_ bv2024 128)) (= s1_sequence_reg__last0_value s1_hdr.nc_hdr.seq) (= (_ bv167797762 32) s1_hdr.overlay.1.swip) (= (_ bv167797761 32) s1_meta.my_md.ipaddress) (= (_ bv17 8) s1_hdr.ipv4.protocol) (= (_ bv167797761 32) s1_hdr.ipv4.dstAddr) (= s1_hdr.udp.dstPort (_ bv8888 16)) (= (_ bv100 16) s1_meta.my_md.role) (bvule.bv16 (select s2_sequence_reg (_ bv0 32)) (_ bv65534 16)) (= s2_inbox_count 0) (= (_ bv12 8) s1_hdr.nc_hdr.op) (not (= s1_standard_metadata.egress_port (_ bv0 9))) (exists ((|old(s1_isValid)| (Array s1_Ref Bool))) (select |old(s1_isValid)| s1_hdr.nc_hdr)) (= s1_inbox_count 0) (= s1_hdr.ethernet.etherType (_ bv2048 16)) (= (_ bv0 16) s1_meta.location.index))
[2026-07-04 07:22:01,653 WARN  L161        FloydHoareUtils]: Requires clause for s2_mainProcedure contained old-variable. Original clause: (let ((.cse0 (select |old(s2_sequence_reg)| (_ bv0 32)))) (and (bvule.bv16 .cse0 (_ bv65534 16)) (= (_ bv0 16) s2_meta.location.index) (= |old(s2_hdr.nc_hdr.op)| (_ bv12 8)) (= (bvadd (_ bv1 16) .cse0) s1_hdr.nc_hdr.seq) (= (_ bv0 16) |old(s2_meta.location.index)|) (= (_ bv101 16) s2_meta.my_md.role) (= s1_hdr.nc_hdr.key (_ bv2024 128)) (= (_ bv167797762 32) s1_hdr.ipv4.dstAddr) (= (_ bv2024 128) |old(s2_hdr.nc_hdr.key)|) (= s2_hdr.nc_hdr.op (_ bv12 8)) (= (_ bv17 8) s1_hdr.ipv4.protocol) (= (_ bv101 16) |old(s2_meta.my_md.role)|) (= (_ bv167797762 32) s2_hdr.ipv4.dstAddr) (= s2_hdr.nc_hdr.key (_ bv2024 128)) (= (_ bv167797762 32) |old(s2_hdr.ipv4.dstAddr)|) (= s2_hdr.ethernet.etherType (_ bv2048 16)) (= |old(s2_sequence_reg)| s2_sequence_reg) (= s1_hdr.nc_hdr.seq s2_hdr.nc_hdr.seq) (= (_ bv100 16) s1_meta.my_md.role) (= s2_inbox_count 0) (= (_ bv12 8) s1_hdr.nc_hdr.op) (not (= s1_standard_metadata.egress_port (_ bv0 9))) (= s1_inbox_count 0) (= s1_hdr.ethernet.etherType (_ bv2048 16)) (= |old(s2_hdr.nc_hdr.seq)| s1_hdr.nc_hdr.seq)))  Eliminated clause: (let ((.cse0 (select s2_sequence_reg (_ bv0 32)))) (and (= (_ bv0 16) s2_meta.location.index) (= (_ bv101 16) s2_meta.my_md.role) (= s1_hdr.nc_hdr.key (_ bv2024 128)) (= (_ bv167797762 32) s1_hdr.ipv4.dstAddr) (= s2_hdr.nc_hdr.op (_ bv12 8)) (= (_ bv17 8) s1_hdr.ipv4.protocol) (= (_ bv167797762 32) s2_hdr.ipv4.dstAddr) (= s2_hdr.nc_hdr.key (_ bv2024 128)) (= s1_hdr.nc_hdr.seq (bvadd (_ bv1 16) .cse0)) (= s2_hdr.ethernet.etherType (_ bv2048 16)) (= s1_hdr.nc_hdr.seq s2_hdr.nc_hdr.seq) (= (_ bv100 16) s1_meta.my_md.role) (bvule.bv16 .cse0 (_ bv65534 16)) (= s2_inbox_count 0) (= (_ bv12 8) s1_hdr.nc_hdr.op) (not (= s1_standard_metadata.egress_port (_ bv0 9))) (= s1_inbox_count 0) (= s1_hdr.ethernet.etherType (_ bv2048 16))))
[2026-07-04 07:22:01,667 WARN  L161        FloydHoareUtils]: Requires clause for s1_Forward contained old-variable. Original clause: (let ((.cse0 (select s2_sequence_reg (_ bv0 32)))) (and (= (_ bv0 16) s2_meta.location.index) (= (_ bv101 16) s2_meta.my_md.role) (= s1_hdr.nc_hdr.key (_ bv2024 128)) (= s1_sequence_reg__last0_value s1_hdr.nc_hdr.seq) (= s2_hdr.nc_hdr.op |old(s2_hdr.nc_hdr.op)|) (= (_ bv167797762 32) s1_hdr.ipv4.dstAddr) (= (_ bv17 8) s1_hdr.ipv4.protocol) (= s1_hdr.nc_hdr.seq (bvadd (_ bv1 16) .cse0)) (= s2_hdr.ipv4.dstAddr |old(s2_hdr.ipv4.dstAddr)|) (= |old(s2_hdr.nc_hdr.seq)| s2_hdr.nc_hdr.seq) (= (_ bv100 16) s1_meta.my_md.role) (bvule.bv16 .cse0 (_ bv65534 16)) (= s2_inbox_count 0) (= (_ bv12 8) s1_hdr.nc_hdr.op) (= s2_hdr.nc_hdr.key |old(s2_hdr.nc_hdr.key)|) (not (= s1_standard_metadata.egress_port (_ bv0 9))) (= s1_inbox_count 0) (= s1_hdr.ethernet.etherType (_ bv2048 16)) (= |old(s2_inbox_count)| 0)))  Eliminated clause: (let ((.cse0 (select s2_sequence_reg (_ bv0 32)))) (and (= (_ bv0 16) s2_meta.location.index) (= (_ bv101 16) s2_meta.my_md.role) (= s1_hdr.nc_hdr.key (_ bv2024 128)) (= s1_sequence_reg__last0_value s1_hdr.nc_hdr.seq) (= (_ bv167797762 32) s1_hdr.ipv4.dstAddr) (= (_ bv17 8) s1_hdr.ipv4.protocol) (= s1_hdr.nc_hdr.seq (bvadd (_ bv1 16) .cse0)) (= (_ bv100 16) s1_meta.my_md.role) (bvule.bv16 .cse0 (_ bv65534 16)) (= s2_inbox_count 0) (= (_ bv12 8) s1_hdr.nc_hdr.op) (not (= s1_standard_metadata.egress_port (_ bv0 9))) (= s1_inbox_count 0) (= s1_hdr.ethernet.etherType (_ bv2048 16))))
[2026-07-04 07:22:01,690 WARN  L161        FloydHoareUtils]: Requires clause for s1_mainProcedure contained old-variable. Original clause: (let ((.cse0 (select |old(s1_sequence_reg)| (_ bv0 32)))) (and (= (_ bv0 16) s2_meta.location.index) (= |old(s1_hdr.nc_hdr.op)| (_ bv12 8)) (= (_ bv101 16) s2_meta.my_md.role) (= s1_hdr.nc_hdr.key (_ bv2024 128)) (= (_ bv167797762 32) s1_hdr.overlay.1.swip) (= (_ bv17 8) s1_hdr.ipv4.protocol) (= (_ bv167797761 32) s1_hdr.ipv4.dstAddr) (= (select s2_sequence_reg (_ bv0 32)) .cse0) (= (_ bv167797762 32) |old(s1_hdr.overlay.1.swip)|) (= s1_sequence_reg |old(s1_sequence_reg)|) (= |old(s1_hdr.nc_hdr.key)| (_ bv2024 128)) (bvule.bv16 .cse0 (_ bv65534 16)) (not (= |old(s1_standard_metadata.egress_port)| (_ bv0 9))) (= |old(s1_hdr.ipv4.dstAddr)| (_ bv167797761 32)) (= s2_inbox_count 0) (= (_ bv12 8) s1_hdr.nc_hdr.op) (not (= s1_standard_metadata.egress_port (_ bv0 9))) (= s1_inbox_count 0) (= (_ bv17 8) |old(s1_hdr.ipv4.protocol)|) (= s1_hdr.ethernet.etherType (_ bv2048 16))))  Eliminated clause: (let ((.cse0 (select s1_sequence_reg (_ bv0 32)))) (and (= (_ bv0 16) s2_meta.location.index) (bvule.bv16 .cse0 (_ bv65534 16)) (= (_ bv101 16) s2_meta.my_md.role) (= s1_hdr.nc_hdr.key (_ bv2024 128)) (= (_ bv167797762 32) s1_hdr.overlay.1.swip) (= (_ bv17 8) s1_hdr.ipv4.protocol) (= (_ bv167797761 32) s1_hdr.ipv4.dstAddr) (= .cse0 (select s2_sequence_reg (_ bv0 32))) (= s2_inbox_count 0) (= (_ bv12 8) s1_hdr.nc_hdr.op) (not (= s1_standard_metadata.egress_port (_ bv0 9))) (= s1_inbox_count 0) (= s1_hdr.ethernet.etherType (_ bv2048 16))))
[2026-07-04 07:22:01,704 WARN  L161        FloydHoareUtils]: Requires clause for s2_pop_chain_act contained old-variable. Original clause: (and (select s2_isValid s2_hdr.nc_hdr) (= (_ bv0 16) s2_meta.location.index) (= s1_hdr.nc_hdr.key (_ bv2024 128)) (= (_ bv167797762 32) s1_hdr.ipv4.dstAddr) (= s2_hdr.nc_hdr.op (_ bv12 8)) (= (_ bv17 8) s2_hdr.ipv4.protocol) (= (_ bv17 8) s1_hdr.ipv4.protocol) (= (_ bv8888 16) s2_hdr.udp.dstPort) (= (_ bv167797762 32) s2_hdr.ipv4.dstAddr) (= s2_hdr.nc_hdr.key (_ bv2024 128)) (select |old(s2_isValid)| s2_hdr.nc_hdr) (= s2_hdr.ethernet.etherType (_ bv2048 16)) (= (_ bv100 16) s1_meta.my_md.role) (= s2_meta.my_md.ipaddress (_ bv167797762 32)) (= s2_inbox_count 0) (= (_ bv12 8) s1_hdr.nc_hdr.op) (not (= s1_standard_metadata.egress_port (_ bv0 9))) (= s1_inbox_count 0) (not (bvugt s2_hdr.nc_hdr.seq (select s2_sequence_reg (concat (_ bv0 16) (_ bv0 16))))) (not (= (_ bv0 16) s2_hdr.nc_hdr.seq)) (= s2_sequence_reg__last0_value s2_hdr.nc_hdr.seq) (= s1_hdr.ethernet.etherType (_ bv2048 16)))  Eliminated clause: (and (select s2_isValid s2_hdr.nc_hdr) (= (_ bv0 16) s2_meta.location.index) (= s1_hdr.nc_hdr.key (_ bv2024 128)) (= (_ bv167797762 32) s1_hdr.ipv4.dstAddr) (= s2_hdr.nc_hdr.op (_ bv12 8)) (= (_ bv17 8) s2_hdr.ipv4.protocol) (= (_ bv17 8) s1_hdr.ipv4.protocol) (= (_ bv8888 16) s2_hdr.udp.dstPort) (exists ((|old(s2_isValid)| (Array s2_Ref Bool))) (select |old(s2_isValid)| s2_hdr.nc_hdr)) (= (_ bv167797762 32) s2_hdr.ipv4.dstAddr) (= s2_hdr.nc_hdr.key (_ bv2024 128)) (= s2_hdr.ethernet.etherType (_ bv2048 16)) (= (_ bv100 16) s1_meta.my_md.role) (= s2_meta.my_md.ipaddress (_ bv167797762 32)) (= s2_inbox_count 0) (= (_ bv12 8) s1_hdr.nc_hdr.op) (not (= s1_standard_metadata.egress_port (_ bv0 9))) (= s1_inbox_count 0) (not (bvugt s2_hdr.nc_hdr.seq (select s2_sequence_reg (concat (_ bv0 16) (_ bv0 16))))) (not (= (_ bv0 16) s2_hdr.nc_hdr.seq)) (= s2_sequence_reg__last0_value s2_hdr.nc_hdr.seq) (= s1_hdr.ethernet.etherType (_ bv2048 16)))
[2026-07-04 07:22:01,717 INFO  L201        PluginConnector]: Adding new model netchain_wraparound_bug.cegis.00.closure_check.bpl de.uni_freiburg.informatik.ultimate.plugins.generator.traceabstraction CFG 04.07 07:22:01 BoogieIcfgContainer
[2026-07-04 07:22:01,717 INFO  L131        PluginConnector]: ------------------------ END TraceAbstraction----------------------------
[2026-07-04 07:22:01,718 INFO  L158              Benchmark]: Toolchain (without parser) took 194096.15ms. Allocated memory is still 519.1MB. Free memory was 480.3MB in the beginning and 375.4MB in the end (delta: 104.9MB). Peak memory consumption was 150.0MB. Max. memory is 4.2GB.
[2026-07-04 07:22:01,718 INFO  L158              Benchmark]: Boogie PL CUP Parser took 0.16ms. Allocated memory is still 519.1MB. Free memory is still 487.4MB. There was no memory consumed. Max. memory is 4.2GB.
[2026-07-04 07:22:01,718 INFO  L158              Benchmark]: Boogie Procedure Inliner took 111.03ms. Allocated memory is still 519.1MB. Free memory was 480.3MB in the beginning and 474.5MB in the end (delta: 5.7MB). Peak memory consumption was 5.7MB. Max. memory is 4.2GB.
[2026-07-04 07:22:01,718 INFO  L158              Benchmark]: Boogie Preprocessor took 124.35ms. Allocated memory is still 519.1MB. Free memory was 474.5MB in the beginning and 470.2MB in the end (delta: 4.3MB). Peak memory consumption was 4.3MB. Max. memory is 4.2GB.
[2026-07-04 07:22:01,718 INFO  L158              Benchmark]: RCFGBuilder took 1524.09ms. Allocated memory is still 519.1MB. Free memory was 470.2MB in the beginning and 398.1MB in the end (delta: 72.1MB). Peak memory consumption was 72.1MB. Max. memory is 4.2GB.
[2026-07-04 07:22:01,718 INFO  L158              Benchmark]: TraceAbstraction took 192313.60ms. Allocated memory is still 519.1MB. Free memory was 396.7MB in the beginning and 375.4MB in the end (delta: 21.3MB). Peak memory consumption was 66.4MB. Max. memory is 4.2GB.
[2026-07-04 07:22:01,718 INFO  L338   ainManager$Toolchain]: #######################  End [Toolchain 1] #######################
 --- Results ---
 * Results from de.uni_freiburg.informatik.ultimate.core:
  - StatisticsResult: Toolchain Benchmarks
    Benchmark results are:
 * Boogie PL CUP Parser took 0.16ms. Allocated memory is still 519.1MB. Free memory is still 487.4MB. There was no memory consumed. Max. memory is 4.2GB.
 * Boogie Procedure Inliner took 111.03ms. Allocated memory is still 519.1MB. Free memory was 480.3MB in the beginning and 474.5MB in the end (delta: 5.7MB). Peak memory consumption was 5.7MB. Max. memory is 4.2GB.
 * Boogie Preprocessor took 124.35ms. Allocated memory is still 519.1MB. Free memory was 474.5MB in the beginning and 470.2MB in the end (delta: 4.3MB). Peak memory consumption was 4.3MB. Max. memory is 4.2GB.
 * RCFGBuilder took 1524.09ms. Allocated memory is still 519.1MB. Free memory was 470.2MB in the beginning and 398.1MB in the end (delta: 72.1MB). Peak memory consumption was 72.1MB. Max. memory is 4.2GB.
 * TraceAbstraction took 192313.60ms. Allocated memory is still 519.1MB. Free memory was 396.7MB in the beginning and 375.4MB in the end (delta: 21.3MB). Peak memory consumption was 66.4MB. Max. memory is 4.2GB.
 * Results from de.uni_freiburg.informatik.ultimate.plugins.generator.traceabstraction:
  - StatisticsResult: ErrorAutomatonStatistics
    NumberErrorTraces: 0, NumberStatementsAllTraces: 0, NumberRelevantStatements: 0, 0.0s ErrorAutomatonConstructionTimeTotal, 0.0s FaulLocalizationTime, NumberStatementsFirstTrace: -1, TraceLengthAvg: 0, 0.0s ErrorAutomatonConstructionTimeAvg, 0.0s ErrorAutomatonDifferenceTimeAvg, 0.0s ErrorAutomatonDifferenceTimeTotal, NumberOfNoEnhancement: 0, NumberOfFiniteEnhancement: 0, NumberOfInfiniteEnhancement: 0
  - PositiveResult [Line: 3310]: assertion always holds
    For all program executions holds that assertion always holds at this location
  - StatisticsResult: Ultimate Automizer benchmark data
    CFG has 7 procedures, 202 locations, 295 edges, 1 error locations. Started 1 CEGAR loops. OverallTime: 55.2s, OverallIterations: 25, TraceHistogramMax: 1, PathProgramHistogramMax: 1, EmptinessCheckTime: 0.1s, AutomataDifference: 27.3s, DeadEndRemovalTime: 0.0s, HoareAnnotationTime: 0.0s, InitialAbstractionConstructionTime: 0.0s, HoareTripleCheckerStatistics: 0 mSolverCounterUnknown, 11589 SdHoareTripleChecker+Valid, 22.3s IncrementalHoareTripleChecker+Time, 0 mSdLazyCounter, 11569 mSDsluCounter, 8641 SdHoareTripleChecker+Invalid, 20.2s Time, 0 mProtectedAction, 0 SdHoareTripleChecker+Unchecked, 0 IncrementalHoareTripleChecker+Unchecked, 4372 mSDsCounter, 522 IncrementalHoareTripleChecker+Valid, 0 mProtectedPredicate, 16660 IncrementalHoareTripleChecker+Invalid, 17182 SdHoareTripleChecker+Unknown, 0 mSolverCounterNotChecked, 522 mSolverCounterUnsat, 4269 mSDtfsCounter, 16660 mSolverCounterSat, 0.2s SdHoareTripleChecker+Time, 0 IncrementalHoareTripleChecker+Unknown, PredicateUnifierStatistics: 0 DeclaredPredicates, 4797 GetRequests, 4544 SyntacticMatches, 3 SemanticMatches, 250 ConstructedPredicates, 0 IntricatePredicates, 0 DeprecatedPredicates, 2120 ImplicationChecksByTransitivity, 7.8s Time, 0.0s BasicInterpolantAutomatonTime, BiggestAbstraction: size=505occurred in iteration=18, InterpolantAutomatonStates: 180, traceCheckStatistics: No data available, InterpolantConsolidationStatistics: No data available, PathInvariantsStatistics: No data available, 0/0 InterpolantCoveringCapability, TotalInterpolationStatistics: No data available, 0.0s DumpTime, AutomataMinimizationStatistics: 0.6s AutomataMinimizationTime, 25 MinimizatonAttempts, 1426 StatesRemovedByMinimization, 14 NontrivialMinimizations, HoareAnnotationStatistics: No data available, RefinementEngineStatistics: TRACE_CHECK: 2.1s SsaConstructionTime, 2.3s SatisfiabilityAnalysisTime, 14.6s InterpolantComputationTime, 2369 NumberOfCodeBlocks, 2369 NumberOfCodeBlocksAsserted, 25 NumberOfCheckSat, 4688 ConstructedInterpolants, 46 QuantifiedInterpolants, 17605 SizeOfPredicates, 45 NumberOfNonLiveVariables, 25937 ConjunctsInSsa, 166 ConjunctsInUnsatCore, 50 InterpolantComputations, 50 PerfectInterpolantSequences, 0/0 InterpolantCoveringCapability, INVARIANT_SYNTHESIS: No data available, INTERPOLANT_CONSOLIDATION: No data available, ABSTRACT_INTERPRETATION: No data available, PDR: No data available, ACCELERATED_INTERPOLATION: No data available, SIFA: No data available, ReuseStatistics: No data available, ConComCheckerStatistics: No data available
  - AllSpecificationsHoldResult: All specifications hold
    1 specifications checked. All of them hold
  - ProcedureContractResult [Line: 2657]: Procedure Contract for s2_Forward
    Derived contract for procedure s2_Forward. Requires: (((((((((((((((0bv16 == s2_meta.location.index && s1_hdr.nc_hdr.key == 2024bv128) && 167797762bv32 == s1_hdr.ipv4.dstAddr) && 17bv8 == s2_hdr.ipv4.protocol) && 17bv8 == s1_hdr.ipv4.protocol) && s2_hdr.nc_hdr.key == 2024bv128) && s2_hdr.ethernet.etherType == 2048bv16) && s1_sequence_reg__last0_value == s2_sequence_reg__last0_value) && 100bv16 == s1_meta.my_md.role) && s2_inbox_count == 0) && 12bv8 == s1_hdr.nc_hdr.op) && s1_standard_metadata.egress_port != 0bv9) && s1_inbox_count == 0) && !bugt.bv16(s2_hdr.nc_hdr.seq, s2_sequence_reg[0bv16 ++ 0bv16])) && 0bv16 != s2_hdr.nc_hdr.seq) && s2_sequence_reg__last0_value == s2_hdr.nc_hdr.seq) && s1_hdr.ethernet.etherType == 2048bv16. Ensures: (((((((((((((((0bv16 == s2_meta.location.index && s1_hdr.nc_hdr.key == 2024bv128) && 167797762bv32 == s1_hdr.ipv4.dstAddr) && 17bv8 == s2_hdr.ipv4.protocol) && 17bv8 == s1_hdr.ipv4.protocol) && s2_hdr.nc_hdr.key == 2024bv128) && s2_hdr.ethernet.etherType == 2048bv16) && s1_sequence_reg__last0_value == s2_sequence_reg__last0_value) && 100bv16 == s1_meta.my_md.role) && s2_inbox_count == 0) && 12bv8 == s1_hdr.nc_hdr.op) && s1_standard_metadata.egress_port != 0bv9) && s1_inbox_count == 0) && !bugt.bv16(s2_hdr.nc_hdr.seq, s2_sequence_reg[0bv16 ++ 0bv16])) && 0bv16 != s2_hdr.nc_hdr.seq) && s2_sequence_reg__last0_value == s2_hdr.nc_hdr.seq) && s1_hdr.ethernet.etherType == 2048bv16. Modifies: [].
  - ProcedureContractResult [Line: 1088]: Procedure Contract for s1_pop_chain_act
    Derived contract for procedure s1_pop_chain_act. Requires: (((((((((((((((((0bv16 == s2_meta.location.index && s1_isValid[s1_hdr.nc_hdr]) && 101bv16 == s2_meta.my_md.role) && s1_hdr.nc_hdr.key == 2024bv128) && s1_sequence_reg__last0_value == s1_hdr.nc_hdr.seq) && 167797762bv32 == s1_hdr.overlay.1.swip) && 167797761bv32 == s1_meta.my_md.ipaddress) && 17bv8 == s1_hdr.ipv4.protocol) && 167797761bv32 == s1_hdr.ipv4.dstAddr) && s1_hdr.udp.dstPort == 8888bv16) && 100bv16 == s1_meta.my_md.role) && bvule.bv16(s2_sequence_reg[0bv32], 65534bv16)) && s2_inbox_count == 0) && 12bv8 == s1_hdr.nc_hdr.op) && s1_standard_metadata.egress_port != 0bv9) && (exists old(s1_isValid) : [s1_Ref]bool :: old_s1_isValid_[s1_hdr.nc_hdr])) && s1_inbox_count == 0) && s1_hdr.ethernet.etherType == 2048bv16) && 0bv16 == s1_meta.location.index. Ensures: (((((((((((((((((0bv16 == s2_meta.location.index && 101bv16 == s2_meta.my_md.role) && s1_hdr.nc_hdr.key == 2024bv128) && s1_sequence_reg__last0_value == s1_hdr.nc_hdr.seq) && 167797761bv32 == s1_meta.my_md.ipaddress) && 167797762bv32 == s1_hdr.overlay.0.swip) && 17bv8 == s1_hdr.ipv4.protocol) && 167797761bv32 == s1_hdr.ipv4.dstAddr) && 167797762bv32 == old(s1_hdr.overlay.1.swip)) && s1_hdr.udp.dstPort == 8888bv16) && 100bv16 == s1_meta.my_md.role) && bvule.bv16(s2_sequence_reg[0bv32], 65534bv16)) && s2_inbox_count == 0) && 12bv8 == s1_hdr.nc_hdr.op) && s1_standard_metadata.egress_port != 0bv9) && s1_inbox_count == 0) && old(s1_isValid)[s1_hdr.nc_hdr]) && s1_hdr.ethernet.etherType == 2048bv16) && 0bv16 == s1_meta.location.index. Modifies: [s1_hdr.overlay.3.valid, s1_hdr.overlay.4.valid, s1_hdr.overlay.4.swip, s1_hdr.overlay.1.swip, s1_hdr.overlay.0.swip, s1_hdr.udp.len, s1_hdr.overlay.8.valid, s1_hdr.overlay.2.valid, s1_isValid, s1_hdr.overlay.7.valid, s1_hdr.overlay.7.swip, s1_hdr.ipv4.totalLen, s1_hdr.nc_hdr.sc, s1_hdr.overlay.2.swip, s1_hdr.overlay.0.valid, s1_hdr.overlay.6.valid, s1_hdr.overlay.8.swip, s1_hdr.overlay.1.valid, s1_hdr.overlay.5.swip, s1_hdr.overlay.6.swip, s1_hdr.overlay.5.valid, s1_hdr.overlay.3.swip, s1_hdr.overlay.9.valid].
  - ProcedureContractResult [Line: 2224]: Procedure Contract for s2_mainProcedure
    Derived contract for procedure s2_mainProcedure. Requires: ((((((((((((((((0bv16 == s2_meta.location.index && 101bv16 == s2_meta.my_md.role) && s1_hdr.nc_hdr.key == 2024bv128) && 167797762bv32 == s1_hdr.ipv4.dstAddr) && s2_hdr.nc_hdr.op == 12bv8) && 17bv8 == s1_hdr.ipv4.protocol) && 167797762bv32 == s2_hdr.ipv4.dstAddr) && s2_hdr.nc_hdr.key == 2024bv128) && s1_hdr.nc_hdr.seq == add.bv16(1bv16, s2_sequence_reg[0bv32])) && s2_hdr.ethernet.etherType == 2048bv16) && s1_hdr.nc_hdr.seq == s2_hdr.nc_hdr.seq) && 100bv16 == s1_meta.my_md.role) && bvule.bv16(s2_sequence_reg[0bv32], 65534bv16)) && s2_inbox_count == 0) && 12bv8 == s1_hdr.nc_hdr.op) && s1_standard_metadata.egress_port != 0bv9) && s1_inbox_count == 0) && s1_hdr.ethernet.etherType == 2048bv16. Ensures: ((((((((((((((((((((((((bvule.bv16(old(s2_sequence_reg)[0bv32], 65534bv16) && 0bv16 == s2_meta.location.index) && old(s2_hdr.nc_hdr.op) == 12bv8) && add.bv16(1bv16, old(s2_sequence_reg)[0bv32]) == s1_hdr.nc_hdr.seq) && 0bv16 == old(s2_meta.location.index)) && s1_hdr.nc_hdr.key == 2024bv128) && 167797762bv32 == s1_hdr.ipv4.dstAddr) && 2024bv128 == old(s2_hdr.nc_hdr.key)) && 17bv8 == s2_hdr.ipv4.protocol) && 17bv8 == s1_hdr.ipv4.protocol) && 101bv16 == old(s2_meta.my_md.role)) && s2_hdr.nc_hdr.key == 2024bv128) && 167797762bv32 == old(s2_hdr.ipv4.dstAddr)) && s2_meta.sequence_md.seq == old(s2_sequence_reg)[0bv16 ++ 0bv16]) && s2_hdr.ethernet.etherType == 2048bv16) && old(s2_hdr.nc_hdr.seq) == s2_hdr.nc_hdr.seq) && 100bv16 == s1_meta.my_md.role) && s2_inbox_count == 0) && 12bv8 == s1_hdr.nc_hdr.op) && s1_standard_metadata.egress_port != 0bv9) && s1_inbox_count == 0) && !bugt.bv16(s2_hdr.nc_hdr.seq, s2_sequence_reg[0bv16 ++ 0bv16])) && 100bv16 != s2_meta.my_md.role) && s2_sequence_reg__last0_value == s2_hdr.nc_hdr.seq) && s1_hdr.ethernet.etherType == 2048bv16) && old(s2_hdr.nc_hdr.seq) == s1_hdr.nc_hdr.seq. Modifies: [s2_hdr.overlay.7.swip, s2_value_reg__last_write_site, s2_hdr.ipv4.srcAddr, s2_pop_chain_again.action_run, s2_hdr.udp.checksum, s2_ethernet_set_mac.ethernet_set_mac_act.smac, s2_p4b_checksum_verified, s2_hdr.ipv4.totalLen, s2_sequence_reg__last_value, s2_hdr.ipv4.ttl, s2_hdr.overlay.6.swip, s2_p4b_clone_i2i, s2_get_my_address.get_my_address_act.sw_ip, s2_hdr.nc_hdr.seq, s2_hdr.nc_hdr.key, s2_p4b_clone_i2e, s2_drop, s2_p4b_clone_e2e, s2_forward, s2_stack.index, s2_sequence_reg__last_index, s2_value_reg__last0_old_value, s2_maintain_sequence.action_run, s2_hdr.overlay.7.valid, s2_gen_reply.action_run, s2_get_my_address.action_run, s2_value_reg__last_old_value, s2_hdr.overlay.4.swip, s2_hdr.overlay.4.valid, s2_value_reg__next_write_site, s2_get_my_address.hit, s2_standard_metadata.egress_spec, s2_pop_chain.action_run, s2_hdr.ipv4.dstAddr, s2_isValid, s2_hdr.nc_hdr.value, s2_get_sequence.action_run, s2_gen_reply.hit, s2_hdr.overlay.3.swip, s2_sequence_reg__wrote_any, s2_value_reg__last_value, s2_meta.my_md.role, s2_hdr.overlay.5.valid, s2_meta.reply_to_client_md.ipv4_srcAddr, s2_meta.my_md.ipaddress, s2_hdr.ethernet.dstAddr, s2_sequence_reg__last_old_value, s2_standard_metadata.egress_port, s2_get_my_address.get_my_address_act.sw_role, s2_find_index.action_run, s2_p4b_checksum_error, s2_hdr.overlay.1.swip, s2_hdr.nc_hdr.sc, s2_hdr.nc_hdr.vgroup, s2_assign_value.action_run, s2_pop_chain.hit, s2_p4b_digest, s2_read_value.hit, s2_hdr.udp.dstPort, s2_p4b_checksum_updated, s2_value_reg__last0_value, s2_hdr.overlay.9.valid, s2_drop_packet.action_run, s2_hdr.overlay.0.swip, s2_hdr.overlay.6.valid, s2_hdr.udp.len, s2_find_index.hit, s2_sequence_reg, s2_gen_reply.gen_reply_act.message_type, s2_sequence_reg__last0_value, s2_hdr.ipv4.protocol, s2_meta.location.index, s2_hdr.overlay.0.valid, s2_ethernet_set_mac.hit, s2_hdr.overlay.3.valid, s2_pop_chain_again.hit, s2_ethernet_set_mac.ethernet_set_mac_act.dmac, s2_sequence_reg__last_write_site, s2_ipv4_route.hit, s2_drop_packet.hit, s2_maintain_sequence.hit, s2_get_next_hop.hit, s2_value_reg, s2_get_next_hop.action_run, s2_get_sequence.hit, s2_value_reg__wrote_any, s2_value_reg__last_index, s2_meta.sequence_md.seq, s2_hdr.overlay.1.valid, s2_value_reg__wrote_index0, s2_ipv4_route.set_egress.egress_spec_1, s2_sequence_reg__last0_old_value, s2_p4b_recirculate, s2_hdr.ethernet.srcAddr, s2_failure_recovery.hit, s2_ipv4_route.action_run, s2_hdr.overlay.2.swip, s2_sequence_reg__wrote_index0, s2_failure_recovery.action_run, s2_meta.reply_to_client_md.ipv4_dstAddr, s2_hdr.overlay.8.valid, s2_hdr.overlay.5.swip, s2_sequence_reg__next_write_site, s2_assign_value.hit, s2_hdr.overlay.2.valid, s2_find_index.find_index_act.index_1, s2_hdr.ipv4.hdrChecksum, s2_hdr.nc_hdr.op, s2_hdr.overlay.8.swip, s2_ethernet_set_mac.action_run, s2_read_value.action_run].
  - ProcedureContractResult [Line: 2644]: Procedure Contract for s1_Forward
    Derived contract for procedure s1_Forward. Requires: ((((((((((((0bv16 == s2_meta.location.index && 101bv16 == s2_meta.my_md.role) && s1_hdr.nc_hdr.key == 2024bv128) && s1_sequence_reg__last0_value == s1_hdr.nc_hdr.seq) && 167797762bv32 == s1_hdr.ipv4.dstAddr) && 17bv8 == s1_hdr.ipv4.protocol) && s1_hdr.nc_hdr.seq == add.bv16(1bv16, s2_sequence_reg[0bv32])) && 100bv16 == s1_meta.my_md.role) && bvule.bv16(s2_sequence_reg[0bv32], 65534bv16)) && s2_inbox_count == 0) && 12bv8 == s1_hdr.nc_hdr.op) && s1_standard_metadata.egress_port != 0bv9) && s1_inbox_count == 0) && s1_hdr.ethernet.etherType == 2048bv16. Ensures: ((((((((((((((((((0bv16 == s2_meta.location.index && 101bv16 == s2_meta.my_md.role) && s1_hdr.nc_hdr.key == 2024bv128) && s1_sequence_reg__last0_value == s1_hdr.nc_hdr.seq) && 167797762bv32 == s1_hdr.ipv4.dstAddr) && s2_hdr.nc_hdr.op == 12bv8) && 17bv8 == s1_hdr.ipv4.protocol) && 167797762bv32 == s2_hdr.ipv4.dstAddr) && s2_hdr.nc_hdr.key == 2024bv128) && s1_hdr.nc_hdr.seq == add.bv16(1bv16, s2_sequence_reg[0bv32])) && s2_hdr.ethernet.etherType == 2048bv16) && s1_hdr.nc_hdr.seq == s2_hdr.nc_hdr.seq) && s2_inbox_count == 1) && 100bv16 == s1_meta.my_md.role) && bvule.bv16(s2_sequence_reg[0bv32], 65534bv16)) && 12bv8 == s1_hdr.nc_hdr.op) && s1_standard_metadata.egress_port != 0bv9) && s1_inbox_count == 0) && s1_hdr.ethernet.etherType == 2048bv16) && old(s2_inbox_count) == 0. Modifies: [s2_hdr.overlay.7.swip, s2_hdr.overlay.1.swip, s2_hdr.ipv4.srcAddr, s2_hdr.nc_hdr.sc, s2_hdr.nc_hdr.vgroup, s2_hdr.ipv4.version, s2_hdr.udp.valid, s2_hdr.udp.checksum, s2_hdr.udp.dstPort, s2_hdr.overlay.9.valid, s2_hdr.tcp.checksum, s2_hdr.overlay.0.swip, s2_hdr.tcp.ctrl, s2_hdr.ipv4.totalLen, s2_hdr.overlay.6.valid, s2_hdr.ipv4.ttl, s2_hdr.udp.len, s2_hdr.overlay.6.swip, s2_hdr.ipv4.protocol, s2_hdr.tcp.dataOffset, s2_hdr.nc_hdr.key, s2_hdr.nc_hdr.seq, s2_hdr.overlay.0.valid, s2_hdr.overlay.3.valid, s2_hdr.overlay.7.valid, s2_hdr.ipv4.valid, s2_hdr.tcp.seqNo, s2_hdr.ipv4.identification, s2_hdr.tcp.srcPort, s2_hdr.overlay.4.swip, s2_hdr.tcp.urgentPtr, s2_hdr.ipv4.fragOffset, s2_hdr.nc_hdr.valid, s2_hdr.tcp.valid, s2_hdr.tcp.dstPort, s2_hdr.overlay.4.valid, s2_hdr.tcp.res, s2_hdr.udp.srcPort, s2_hdr.ipv4.dstAddr, s2_hdr.nc_hdr.value, s2_hdr.tcp.window, s2_hdr.overlay.last.valid, s2_hdr.overlay.9.swip, s2_hdr.overlay.3.swip, s2_hdr.tcp.ecn, s2_hdr.ipv4.ihl, s2_hdr.overlay.1.valid, s2_hdr.overlay.5.valid, s2_hdr.ethernet.srcAddr, s2_pkt_external, s2_hdr.tcp.ackNo, s2_hdr.ipv4.diffserv, s2_hdr.overlay.2.swip, s2_hdr.ethernet.dstAddr, s2_hdr.overlay.last.swip, s2_hdr.overlay.8.valid, s2_inbox_count, s2_hdr.ipv4.flags, s2_hdr.overlay.5.swip, s2_hdr.ethernet.etherType, s2_hdr.overlay.2.valid, s2_hdr.overlay.8.swip, s2_hdr.nc_hdr.op, s2_hdr.ipv4.hdrChecksum, s2_hdr.ethernet.valid].
  - ProcedureContractResult [Line: 1012]: Procedure Contract for s1_mainProcedure
    Derived contract for procedure s1_mainProcedure. Requires: (((((((((((0bv16 == s2_meta.location.index && bvule.bv16(s1_sequence_reg[0bv32], 65534bv16)) && 101bv16 == s2_meta.my_md.role) && s1_hdr.nc_hdr.key == 2024bv128) && 167797762bv32 == s1_hdr.overlay.1.swip) && 17bv8 == s1_hdr.ipv4.protocol) && 167797761bv32 == s1_hdr.ipv4.dstAddr) && s1_sequence_reg[0bv32] == s2_sequence_reg[0bv32]) && s2_inbox_count == 0) && 12bv8 == s1_hdr.nc_hdr.op) && s1_standard_metadata.egress_port != 0bv9) && s1_inbox_count == 0) && s1_hdr.ethernet.etherType == 2048bv16. Ensures: ((((((((((((((((((((((0bv16 == s2_meta.location.index && old(s1_hdr.nc_hdr.op) == 12bv8) && 101bv16 == s2_meta.my_md.role) && s1_hdr.nc_hdr.key == 2024bv128) && s1_sequence_reg__last0_value == s1_hdr.nc_hdr.seq) && 167797762bv32 == s1_hdr.ipv4.dstAddr) && 167797762bv32 == s1_hdr.overlay.0.swip) && 17bv8 == s1_hdr.ipv4.protocol) && s2_sequence_reg[0bv32] == old(s1_sequence_reg)[0bv32]) && 167797762bv32 == old(s1_hdr.overlay.1.swip)) && old(s1_hdr.nc_hdr.key) == 2024bv128) && bvule.bv16(old(s1_sequence_reg)[0bv32], 65534bv16)) && add.bv16(1bv16, old(s1_sequence_reg)[0bv16 ++ 0bv16]) == s1_hdr.nc_hdr.seq) && s1_sequence_reg == old(s1_sequence_reg)[0bv16 ++ 0bv16 := add.bv16(1bv16, old(s1_sequence_reg)[0bv16 ++ 0bv16])]) && 100bv16 == s1_meta.my_md.role) && old(s1_standard_metadata.egress_port) != 0bv9) && old(s1_hdr.ipv4.dstAddr) == 167797761bv32) && s2_inbox_count == 0) && 12bv8 == s1_hdr.nc_hdr.op) && s1_standard_metadata.egress_port != 0bv9) && s1_inbox_count == 0) && 17bv8 == old(s1_hdr.ipv4.protocol)) && s1_hdr.ethernet.etherType == 2048bv16) && 0bv16 == s1_meta.location.index. Modifies: [s1_get_my_address.get_my_address_act.sw_role, s1_find_index.find_index_act.index_1, s1_drop, s1_read_value.action_run, s1_hdr.ethernet.dstAddr, s1_meta.my_md.ipaddress, s1_sequence_reg__wrote_any, s1_stack.index, s1_get_my_address.hit, s1_sequence_reg__last_index, s1_sequence_reg__last_write_site, s1_sequence_reg__wrote_index0, s1_p4b_checksum_verified, s1_read_value.hit, s1_gen_reply.gen_reply_act.message_type, s1_sequence_reg__next_write_site, s1_hdr.overlay.4.valid, s1_standard_metadata.egress_port, s1_hdr.udp.dstPort, s1_hdr.nc_hdr.value, s1_hdr.overlay.7.valid, s1_sequence_reg__last0_value, s1_failure_recovery.hit, s1_hdr.nc_hdr.sc, s1_hdr.ipv4.totalLen, s1_hdr.overlay.1.valid, s1_meta.my_md.role, s1_p4b_checksum_error, s1_p4b_recirculate, s1_hdr.overlay.1.swip, s1_hdr.overlay.7.swip, s1_value_reg__last_old_value, s1_value_reg__next_write_site, s1_hdr.ipv4.ttl, s1_hdr.nc_hdr.key, s1_hdr.nc_hdr.seq, s1_hdr.overlay.6.swip, s1_hdr.overlay.5.valid, s1_sequence_reg, s1_value_reg__last0_old_value, s1_standard_metadata.egress_spec, s1_drop_packet.hit, s1_hdr.overlay.0.swip, s1_hdr.overlay.6.valid, s1_drop_packet.action_run, s1_meta.reply_to_client_md.ipv4_srcAddr, s1_ipv4_route.action_run, s1_pop_chain_again.action_run, s1_ethernet_set_mac.ethernet_set_mac_act.dmac, s1_hdr.overlay.3.valid, s1_get_my_address.get_my_address_act.sw_ip, s1_meta.reply_to_client_md.ipv4_dstAddr, s1_hdr.overlay.4.swip, s1_hdr.udp.len, s1_ethernet_set_mac.ethernet_set_mac_act.smac, s1_hdr.ipv4.protocol, s1_hdr.ipv4.srcAddr, s1_meta.location.index, s1_ipv4_route.set_egress.egress_spec_1, s1_value_reg__wrote_index0, s1_hdr.overlay.0.valid, s1_value_reg__last_write_site, s1_find_index.action_run, s1_get_next_hop.action_run, s1_hdr.overlay.3.swip, s1_hdr.udp.checksum, s1_ipv4_route.hit, s1_value_reg__last_index, s1_get_sequence.action_run, s1_maintain_sequence.hit, s1_sequence_reg__last_old_value, s1_ethernet_set_mac.action_run, s1_pop_chain.action_run, s1_get_my_address.action_run, s1_p4b_checksum_updated, s1_p4b_clone_e2e, s1_value_reg__last0_value, s1_p4b_clone_i2i, s1_assign_value.hit, s1_value_reg__wrote_any, s1_p4b_clone_i2e, s1_maintain_sequence.action_run, s1_hdr.ipv4.hdrChecksum, s1_get_sequence.hit, s1_gen_reply.hit, s1_p4b_digest, s1_hdr.overlay.8.valid, s1_sequence_reg__last0_old_value, s1_find_index.hit, s1_get_next_hop.hit, s1_pop_chain_again.hit, s1_hdr.ipv4.dstAddr, s1_value_reg, s1_ethernet_set_mac.hit, s1_sequence_reg__last_value, s1_assign_value.action_run, s1_hdr.ethernet.srcAddr, s1_hdr.nc_hdr.op, s1_failure_recovery.action_run, s1_hdr.nc_hdr.vgroup, s1_hdr.overlay.2.valid, s1_isValid, s1_gen_reply.action_run, s1_pop_chain.hit, s1_forward, s1_value_reg__last_value, s1_hdr.overlay.2.swip, s1_hdr.overlay.8.swip, s1_hdr.overlay.5.swip, s1_meta.sequence_md.seq, s1_hdr.overlay.9.valid].
  - ProcedureContractResult [Line: 2300]: Procedure Contract for s2_pop_chain_act
    Derived contract for procedure s2_pop_chain_act. Requires: ((((((((((((((((((((s2_isValid[s2_hdr.nc_hdr] && 0bv16 == s2_meta.location.index) && s1_hdr.nc_hdr.key == 2024bv128) && 167797762bv32 == s1_hdr.ipv4.dstAddr) && s2_hdr.nc_hdr.op == 12bv8) && 17bv8 == s2_hdr.ipv4.protocol) && 17bv8 == s1_hdr.ipv4.protocol) && 8888bv16 == s2_hdr.udp.dstPort) && (exists old(s2_isValid) : [s2_Ref]bool :: old_s2_isValid_[s2_hdr.nc_hdr])) && 167797762bv32 == s2_hdr.ipv4.dstAddr) && s2_hdr.nc_hdr.key == 2024bv128) && s2_hdr.ethernet.etherType == 2048bv16) && 100bv16 == s1_meta.my_md.role) && s2_meta.my_md.ipaddress == 167797762bv32) && s2_inbox_count == 0) && 12bv8 == s1_hdr.nc_hdr.op) && s1_standard_metadata.egress_port != 0bv9) && s1_inbox_count == 0) && !bugt.bv16(s2_hdr.nc_hdr.seq, s2_sequence_reg[0bv16 ++ 0bv16])) && 0bv16 != s2_hdr.nc_hdr.seq) && s2_sequence_reg__last0_value == s2_hdr.nc_hdr.seq) && s1_hdr.ethernet.etherType == 2048bv16. Ensures: (((((((((((((((((((0bv16 == s2_meta.location.index && s1_hdr.nc_hdr.key == 2024bv128) && 167797762bv32 == s1_hdr.ipv4.dstAddr) && s2_hdr.nc_hdr.op == 12bv8) && 17bv8 == s2_hdr.ipv4.protocol) && 17bv8 == s1_hdr.ipv4.protocol) && 8888bv16 == s2_hdr.udp.dstPort) && 167797762bv32 == s2_hdr.ipv4.dstAddr) && s2_hdr.nc_hdr.key == 2024bv128) && old(s2_isValid)[s2_hdr.nc_hdr]) && s2_hdr.ethernet.etherType == 2048bv16) && 100bv16 == s1_meta.my_md.role) && s2_meta.my_md.ipaddress == 167797762bv32) && s2_inbox_count == 0) && 12bv8 == s1_hdr.nc_hdr.op) && s1_standard_metadata.egress_port != 0bv9) && s1_inbox_count == 0) && !bugt.bv16(s2_hdr.nc_hdr.seq, s2_sequence_reg[0bv16 ++ 0bv16])) && 0bv16 != s2_hdr.nc_hdr.seq) && s2_sequence_reg__last0_value == s2_hdr.nc_hdr.seq) && s1_hdr.ethernet.etherType == 2048bv16. Modifies: [s2_hdr.overlay.4.swip, s2_hdr.overlay.7.swip, s2_hdr.overlay.1.swip, s2_hdr.overlay.5.valid, s2_hdr.overlay.4.valid, s2_hdr.overlay.0.valid, s2_hdr.nc_hdr.sc, s2_hdr.overlay.3.valid, s2_hdr.overlay.2.swip, s2_hdr.overlay.8.valid, s2_isValid, s2_hdr.overlay.7.valid, s2_hdr.overlay.5.swip, s2_hdr.overlay.9.valid, s2_hdr.overlay.2.valid, s2_hdr.overlay.0.swip, s2_hdr.overlay.8.swip, s2_hdr.ipv4.totalLen, s2_hdr.overlay.3.swip, s2_hdr.overlay.6.valid, s2_hdr.overlay.1.valid, s2_hdr.udp.len, s2_hdr.overlay.6.swip].
RESULT: Ultimate proved your program to be correct!
[2026-07-04 07:22:01,769 INFO  L534       MonitoredProcess]: [MP /usr/bin/z3 SMTLIB2_COMPLIANT=true -memory:2024 -smt2 -in -t:2000 (1)] Forceful destruction successful, exit code 0
Received shutdown request...
