[RUN] taskset -c 0 nice -n 19 ionice -c 3 timeout 960 /home/smy/p4-verify-camera-ready/.tmp/orphan-worktree-20260703-gemcutter/UGemCutter-linux/Ultimate --launcher.ini /home/smy/p4-verify-camera-ready/.tmp/procurator/verify/distcache_p2c_spineload_wraparound_bug/20260704-072244-0a31/wraparound/target.00.clientTrack_partitionswitchIngress_spineload_reg/ultimate-home/distcache_p2c_spineload_wraparound_bug.cegis.00/confirm.unroll2/Ultimate.launcher.ini --core.toolchain.timeout.in.seconds=900 -tc /home/smy/p4-verify-camera-ready/src/dslc/toolchain/ultimate/toolchains/ReachSafety.xml -s /home/smy/p4-verify-camera-ready/src/dslc/toolchain/ultimate/settings/gemcutter/base/ReachSafety-32bit-GemCutter-ALL.epf -i /home/smy/p4-verify-camera-ready/.tmp/procurator/verify/distcache_p2c_spineload_wraparound_bug/20260704-072244-0a31/wraparound/target.00.clientTrack_partitionswitchIngress_spineload_reg/distcache_p2c_spineload_wraparound_bug.cegis.00.confirm.unroll2.bpl
Picked up JAVA_TOOL_OPTIONS: -Duser.home=/home/smy/p4-verify-camera-ready/.tmp/procurator/verify/distcache_p2c_spineload_wraparound_bug/20260704-072244-0a31/wraparound/target.00.clientTrack_partitionswitchIngress_spineload_reg/ultimate-home/distcache_p2c_spineload_wraparound_bug.cegis.00/confirm.unroll2
WARNING: A terminally deprecated method in sun.misc.Unsafe has been called
WARNING: sun.misc.Unsafe::staticFieldOffset has been called by org.eclipse.osgi.internal.url.MultiplexingFactory (file:/home/smy/p4-verify-camera-ready/.tmp/orphan-worktree-20260703-gemcutter/UGemCutter-linux/plugins/org.eclipse.osgi_3.20.0.v20240509-1421.jar)
WARNING: Please consider reporting this to the maintainers of class org.eclipse.osgi.internal.url.MultiplexingFactory
WARNING: sun.misc.Unsafe::staticFieldOffset will be removed in a future release
WARNING: A restricted method in java.lang.Runtime has been called
WARNING: java.lang.Runtime::load has been called by org.eclipse.equinox.launcher.JNIBridge in an unnamed module (file:/home/smy/p4-verify-camera-ready/.tmp/orphan-worktree-20260703-gemcutter/UGemCutter-linux/plugins/org.eclipse.equinox.launcher_1.6.800.v20240513-1750.jar)
WARNING: Use --enable-native-access=ALL-UNNAMED to avoid a warning for callers in this module
WARNING: Restricted methods will be blocked in a future release unless native access is enabled

This is Ultimate 0.3.1-dev-35a8436538
[2026-07-04 07:25:53,385 INFO  L188        SettingsManager]: Resetting all preferences to default values...
[2026-07-04 07:25:53,466 INFO  L114        SettingsManager]: Loading settings from /home/smy/p4-verify-camera-ready/src/dslc/toolchain/ultimate/settings/gemcutter/base/ReachSafety-32bit-GemCutter-ALL.epf
[2026-07-04 07:25:53,475 WARN  L101        SettingsManager]: Preference file contains the following unknown settings:
[2026-07-04 07:25:53,476 WARN  L103        SettingsManager]:   * de.uni_freiburg.informatik.ultimate.core.Log level for class
[2026-07-04 07:25:53,511 INFO  L130        SettingsManager]: Preferences different from defaults after loading the file:
[2026-07-04 07:25:53,511 INFO  L151        SettingsManager]: Preferences of UltimateCore differ from their defaults:
[2026-07-04 07:25:53,511 INFO  L153        SettingsManager]:  * Log level for class=de.uni_freiburg.informatik.ultimate.lib.smtlibutils.quantifier.QuantifierPusher=ERROR;
[2026-07-04 07:25:53,511 INFO  L151        SettingsManager]: Preferences of Boogie Procedure Inliner differ from their defaults:
[2026-07-04 07:25:53,511 INFO  L153        SettingsManager]:  * Ignore calls to procedures called more than once=ONLY_FOR_SEQUENTIAL_PROGRAMS
[2026-07-04 07:25:53,512 INFO  L151        SettingsManager]: Preferences of BlockEncodingV2 differ from their defaults:
[2026-07-04 07:25:53,512 INFO  L153        SettingsManager]:  * Create parallel compositions if possible=false
[2026-07-04 07:25:53,512 INFO  L153        SettingsManager]:  * Use SBE=true
[2026-07-04 07:25:53,512 INFO  L151        SettingsManager]: Preferences of CACSL2BoogieTranslator differ from their defaults:
[2026-07-04 07:25:53,512 INFO  L153        SettingsManager]:  * sizeof long=4
[2026-07-04 07:25:53,512 INFO  L153        SettingsManager]:  * Overapproximate operations on floating types=true
[2026-07-04 07:25:53,512 INFO  L153        SettingsManager]:  * sizeof POINTER=4
[2026-07-04 07:25:53,512 INFO  L153        SettingsManager]:  * Check division by zero=IGNORE
[2026-07-04 07:25:53,512 INFO  L153        SettingsManager]:  * If two pointers are subtracted or compared they have the same base address=IGNORE
[2026-07-04 07:25:53,512 INFO  L153        SettingsManager]:  * Pointer dereference validity=IGNORE
[2026-07-04 07:25:53,512 INFO  L153        SettingsManager]:  * sizeof long double=12
[2026-07-04 07:25:53,512 INFO  L153        SettingsManager]:  * Check if freed pointer was valid=false
[2026-07-04 07:25:53,512 INFO  L153        SettingsManager]:  * Use constant arrays=true
[2026-07-04 07:25:53,512 INFO  L151        SettingsManager]: Preferences of RCFGBuilder differ from their defaults:
[2026-07-04 07:25:53,512 INFO  L153        SettingsManager]:  * Size of a code block=SequenceOfStatements
[2026-07-04 07:25:53,513 INFO  L153        SettingsManager]:  * SMT solver=External_DefaultMode
[2026-07-04 07:25:53,513 INFO  L153        SettingsManager]:  * Command for external solver=z3 SMTLIB2_COMPLIANT=true -memory:2024 -smt2 -in -t:2000
[2026-07-04 07:25:53,513 INFO  L151        SettingsManager]: Preferences of TraceAbstraction differ from their defaults:
[2026-07-04 07:25:53,513 INFO  L153        SettingsManager]:  * Compute Interpolants along a Counterexample=FPandBP
[2026-07-04 07:25:53,513 INFO  L153        SettingsManager]:  * Positions where we compute the Hoare Annotation=LoopHeads
[2026-07-04 07:25:53,513 INFO  L153        SettingsManager]:  * DFS Order used in POR=LOOP_LOCKSTEP
[2026-07-04 07:25:53,513 INFO  L153        SettingsManager]:  * Command for external solver=z3 SMTLIB2_COMPLIANT=true -memory:2024 -smt2 -in
[2026-07-04 07:25:53,513 INFO  L153        SettingsManager]:  * Automaton type used in concurrency analysis=PARTIAL_ORDER_FA
[2026-07-04 07:25:53,513 INFO  L153        SettingsManager]:  * CEGAR restart behaviour=ONE_CEGAR_PER_THREAD_INSTANCE
[2026-07-04 07:25:53,513 INFO  L153        SettingsManager]:  * Partial Order Reduction in concurrent analysis=PERSISTENT_SLEEP_NEW_STATES_FIXEDORDER
[2026-07-04 07:25:53,513 INFO  L153        SettingsManager]:  * SMT solver=External_ModelsAndUnsatCoreMode
Applying setting for plugin de.uni_freiburg.informatik.ultimate.core: Toolchain timeout in seconds -> 900
[2026-07-04 07:25:53,936 INFO  L75    nceAwareModelManager]: Repository-Root is: /tmp
[2026-07-04 07:25:53,945 INFO  L261   ainManager$Toolchain]: [Toolchain 1]: Applicable parser(s) successfully (re)initialized
[2026-07-04 07:25:53,955 INFO  L217   ainManager$Toolchain]: [Toolchain 1]: Toolchain selected.
[2026-07-04 07:25:53,956 INFO  L270        PluginConnector]: Initializing Boogie PL CUP Parser...
[2026-07-04 07:25:53,956 INFO  L274        PluginConnector]: Boogie PL CUP Parser initialized
[2026-07-04 07:25:53,957 INFO  L431   ainManager$Toolchain]: [Toolchain 1]: Parsing single file: /home/smy/p4-verify-camera-ready/.tmp/procurator/verify/distcache_p2c_spineload_wraparound_bug/20260704-072244-0a31/wraparound/target.00.clientTrack_partitionswitchIngress_spineload_reg/distcache_p2c_spineload_wraparound_bug.cegis.00.confirm.unroll2.bpl
[2026-07-04 07:25:53,957 INFO  L110           BoogieParser]: Parsing: '/home/smy/p4-verify-camera-ready/.tmp/procurator/verify/distcache_p2c_spineload_wraparound_bug/20260704-072244-0a31/wraparound/target.00.clientTrack_partitionswitchIngress_spineload_reg/distcache_p2c_spineload_wraparound_bug.cegis.00.confirm.unroll2.bpl'
[2026-07-04 07:25:54,029 INFO  L299   ainManager$Toolchain]: ####################### [Toolchain 1] #######################
[2026-07-04 07:25:54,031 INFO  L133        ToolchainWalker]: Walking toolchain with 4 elements.
[2026-07-04 07:25:54,031 INFO  L112        PluginConnector]: ------------------------Boogie Procedure Inliner----------------------------
[2026-07-04 07:25:54,037 INFO  L270        PluginConnector]: Initializing Boogie Procedure Inliner...
[2026-07-04 07:25:54,037 INFO  L274        PluginConnector]: Boogie Procedure Inliner initialized
[2026-07-04 07:25:54,061 INFO  L184        PluginConnector]: Executing the observer TypeChecker from plugin Boogie Procedure Inliner for "distcache_p2c_spineload_wraparound_bug.cegis.00.confirm.unroll2.bpl de.uni_freiburg.informatik.ultimate.boogie.parser AST 04.07 07:25:54" (1/1) ...
[2026-07-04 07:25:54,091 INFO  L184        PluginConnector]: Executing the observer Inliner from plugin Boogie Procedure Inliner for "distcache_p2c_spineload_wraparound_bug.cegis.00.confirm.unroll2.bpl de.uni_freiburg.informatik.ultimate.boogie.parser AST 04.07 07:25:54" (1/1) ...
[2026-07-04 07:25:54,138 INFO  L138                Inliner]: procedures = 41, calls = 112, calls flagged for inlining = 28, calls inlined = 28, statements flattened = 899
[2026-07-04 07:25:54,139 INFO  L131        PluginConnector]: ------------------------ END Boogie Procedure Inliner----------------------------
[2026-07-04 07:25:54,140 INFO  L112        PluginConnector]: ------------------------Boogie Preprocessor----------------------------
[2026-07-04 07:25:54,140 INFO  L270        PluginConnector]: Initializing Boogie Preprocessor...
[2026-07-04 07:25:54,140 INFO  L274        PluginConnector]: Boogie Preprocessor initialized
[2026-07-04 07:25:54,153 INFO  L184        PluginConnector]: Executing the observer EnsureBoogieModelObserver from plugin Boogie Preprocessor for "distcache_p2c_spineload_wraparound_bug.cegis.00.confirm.unroll2.bpl de.uni_freiburg.informatik.ultimate.boogie.parser AST 04.07 07:25:54" (1/1) ...
[2026-07-04 07:25:54,154 INFO  L184        PluginConnector]: Executing the observer TypeChecker from plugin Boogie Preprocessor for "distcache_p2c_spineload_wraparound_bug.cegis.00.confirm.unroll2.bpl de.uni_freiburg.informatik.ultimate.boogie.parser AST 04.07 07:25:54" (1/1) ...
[2026-07-04 07:25:54,162 INFO  L184        PluginConnector]: Executing the observer ConstExpander from plugin Boogie Preprocessor for "distcache_p2c_spineload_wraparound_bug.cegis.00.confirm.unroll2.bpl de.uni_freiburg.informatik.ultimate.boogie.parser AST 04.07 07:25:54" (1/1) ...
[2026-07-04 07:25:54,162 INFO  L184        PluginConnector]: Executing the observer StructExpander from plugin Boogie Preprocessor for "distcache_p2c_spineload_wraparound_bug.cegis.00.confirm.unroll2.bpl de.uni_freiburg.informatik.ultimate.boogie.parser AST 04.07 07:25:54" (1/1) ...
[2026-07-04 07:25:54,173 INFO  L184        PluginConnector]: Executing the observer ReplaceArrayAssignments from plugin Boogie Preprocessor for "distcache_p2c_spineload_wraparound_bug.cegis.00.confirm.unroll2.bpl de.uni_freiburg.informatik.ultimate.boogie.parser AST 04.07 07:25:54" (1/1) ...
[2026-07-04 07:25:54,175 INFO  L184        PluginConnector]: Executing the observer UnstructureCode from plugin Boogie Preprocessor for "distcache_p2c_spineload_wraparound_bug.cegis.00.confirm.unroll2.bpl de.uni_freiburg.informatik.ultimate.boogie.parser AST 04.07 07:25:54" (1/1) ...
[2026-07-04 07:25:54,189 INFO  L184        PluginConnector]: Executing the observer FunctionInliner from plugin Boogie Preprocessor for "distcache_p2c_spineload_wraparound_bug.cegis.00.confirm.unroll2.bpl de.uni_freiburg.informatik.ultimate.boogie.parser AST 04.07 07:25:54" (1/1) ...
[2026-07-04 07:25:54,192 INFO  L184        PluginConnector]: Executing the observer LTLStepAnnotator from plugin Boogie Preprocessor for "distcache_p2c_spineload_wraparound_bug.cegis.00.confirm.unroll2.bpl de.uni_freiburg.informatik.ultimate.boogie.parser AST 04.07 07:25:54" (1/1) ...
[2026-07-04 07:25:54,193 INFO  L184        PluginConnector]: Executing the observer BoogieSymbolTableConstructor from plugin Boogie Preprocessor for "distcache_p2c_spineload_wraparound_bug.cegis.00.confirm.unroll2.bpl de.uni_freiburg.informatik.ultimate.boogie.parser AST 04.07 07:25:54" (1/1) ...
[2026-07-04 07:25:54,205 INFO  L131        PluginConnector]: ------------------------ END Boogie Preprocessor----------------------------
[2026-07-04 07:25:54,206 INFO  L112        PluginConnector]: ------------------------RCFGBuilder----------------------------
[2026-07-04 07:25:54,206 INFO  L270        PluginConnector]: Initializing RCFGBuilder...
[2026-07-04 07:25:54,206 INFO  L274        PluginConnector]: RCFGBuilder initialized
[2026-07-04 07:25:54,207 INFO  L184        PluginConnector]: Executing the observer RCFGBuilderObserver from plugin RCFGBuilder for "distcache_p2c_spineload_wraparound_bug.cegis.00.confirm.unroll2.bpl de.uni_freiburg.informatik.ultimate.boogie.parser AST 04.07 07:25:54" (1/1) ...
[2026-07-04 07:25:54,218 INFO  L173          SolverBuilder]: Constructing external solver with command: z3 SMTLIB2_COMPLIANT=true -memory:2024 -smt2 -in -t:2000
[2026-07-04 07:25:54,233 INFO  L189       MonitoredProcess]: No working directory specified, using /usr/bin/z3
[2026-07-04 07:25:54,256 INFO  L229       MonitoredProcess]: Starting monitored process 1 with /usr/bin/z3 SMTLIB2_COMPLIANT=true -memory:2024 -smt2 -in -t:2000 (exit command is (exit), workingDir is null)
[2026-07-04 07:25:54,260 INFO  L327       MonitoredProcess]: [MP /usr/bin/z3 SMTLIB2_COMPLIANT=true -memory:2024 -smt2 -in -t:2000 (1)] Waiting until timeout for monitored process
[2026-07-04 07:25:54,303 INFO  L124     BoogieDeclarations]: Specification and implementation of procedure __wraparound_assert given in one single declaration
[2026-07-04 07:25:54,303 INFO  L130     BoogieDeclarations]: Found specification of procedure __wraparound_assert
[2026-07-04 07:25:54,303 INFO  L138     BoogieDeclarations]: Found implementation of procedure __wraparound_assert
[2026-07-04 07:25:54,303 INFO  L124     BoogieDeclarations]: Specification and implementation of procedure clientTrack_partitionswitchIngress_hash_for_partition given in one single declaration
[2026-07-04 07:25:54,303 INFO  L130     BoogieDeclarations]: Found specification of procedure clientTrack_partitionswitchIngress_hash_for_partition
[2026-07-04 07:25:54,304 INFO  L138     BoogieDeclarations]: Found implementation of procedure clientTrack_partitionswitchIngress_hash_for_partition
[2026-07-04 07:25:54,304 INFO  L124     BoogieDeclarations]: Specification and implementation of procedure clientTrack_partitionswitchIngress_forward_normal_response given in one single declaration
[2026-07-04 07:25:54,304 INFO  L130     BoogieDeclarations]: Found specification of procedure clientTrack_partitionswitchIngress_forward_normal_response
[2026-07-04 07:25:54,304 INFO  L138     BoogieDeclarations]: Found implementation of procedure clientTrack_partitionswitchIngress_forward_normal_response
[2026-07-04 07:25:54,304 INFO  L130     BoogieDeclarations]: Found specification of procedure clientTrack_reject
[2026-07-04 07:25:54,304 INFO  L124     BoogieDeclarations]: Specification and implementation of procedure clientTrack_mainProcedure given in one single declaration
[2026-07-04 07:25:54,304 INFO  L130     BoogieDeclarations]: Found specification of procedure clientTrack_mainProcedure
[2026-07-04 07:25:54,304 INFO  L138     BoogieDeclarations]: Found implementation of procedure clientTrack_mainProcedure
[2026-07-04 07:25:54,304 INFO  L124     BoogieDeclarations]: Specification and implementation of procedure clientTrack_partitionswitchIngress_hash_leaf_partition given in one single declaration
[2026-07-04 07:25:54,304 INFO  L130     BoogieDeclarations]: Found specification of procedure clientTrack_partitionswitchIngress_hash_leaf_partition
[2026-07-04 07:25:54,305 INFO  L138     BoogieDeclarations]: Found implementation of procedure clientTrack_partitionswitchIngress_hash_leaf_partition
[2026-07-04 07:25:54,305 INFO  L124     BoogieDeclarations]: Specification and implementation of procedure clientTrack_partitionswitchIngress_forward_special_get_response given in one single declaration
[2026-07-04 07:25:54,305 INFO  L130     BoogieDeclarations]: Found specification of procedure clientTrack_partitionswitchIngress_forward_special_get_response
[2026-07-04 07:25:54,305 INFO  L138     BoogieDeclarations]: Found implementation of procedure clientTrack_partitionswitchIngress_forward_special_get_response
[2026-07-04 07:25:54,305 INFO  L124     BoogieDeclarations]: Specification and implementation of procedure clientTrack_partitionswitchEgress_update_ipmac_srcport_server2client given in one single declaration
[2026-07-04 07:25:54,305 INFO  L130     BoogieDeclarations]: Found specification of procedure clientTrack_partitionswitchEgress_update_ipmac_srcport_server2client
[2026-07-04 07:25:54,305 INFO  L138     BoogieDeclarations]: Found implementation of procedure clientTrack_partitionswitchEgress_update_ipmac_srcport_server2client
[2026-07-04 07:25:54,305 INFO  L130     BoogieDeclarations]: Found specification of procedure clientTrack_packet_in.extract
[2026-07-04 07:25:54,305 INFO  L124     BoogieDeclarations]: Specification and implementation of procedure clientTrack_partitionswitchIngress_hash_spine_partition given in one single declaration
[2026-07-04 07:25:54,305 INFO  L130     BoogieDeclarations]: Found specification of procedure clientTrack_partitionswitchIngress_hash_spine_partition
[2026-07-04 07:25:54,305 INFO  L138     BoogieDeclarations]: Found implementation of procedure clientTrack_partitionswitchIngress_hash_spine_partition
[2026-07-04 07:25:54,305 INFO  L124     BoogieDeclarations]: Specification and implementation of procedure ULTIMATE.start given in one single declaration
[2026-07-04 07:25:54,305 INFO  L130     BoogieDeclarations]: Found specification of procedure ULTIMATE.start
[2026-07-04 07:25:54,305 INFO  L138     BoogieDeclarations]: Found implementation of procedure ULTIMATE.start
[2026-07-04 07:25:54,305 INFO  L124     BoogieDeclarations]: Specification and implementation of procedure clientTrack_Forward given in one single declaration
[2026-07-04 07:25:54,305 INFO  L130     BoogieDeclarations]: Found specification of procedure clientTrack_Forward
[2026-07-04 07:25:54,305 INFO  L138     BoogieDeclarations]: Found implementation of procedure clientTrack_Forward
[2026-07-04 07:25:54,468 INFO  L234             CfgBuilder]: Building ICFG
[2026-07-04 07:25:54,469 INFO  L260             CfgBuilder]: Building CFG for each procedure with an implementation
[2026-07-04 07:25:55,370 INFO  L?                        ?]: Removed 63 outVars from TransFormulas that were not future-live.
[2026-07-04 07:25:55,370 INFO  L283             CfgBuilder]: Performing block encoding
[2026-07-04 07:25:55,401 INFO  L89      LargeBlockEncoding]: Applying CFG Large Block Encoding to ICFG that has 10 procedures, 264 locations, 518 edges, 0 initial locations, 0 loop locations, and 1 error locations.
[2026-07-04 07:25:55,410 INFO  L139     LargeBlockEncoding]: LargeBlockEncoding completed in 39 ms, with 0 straightline sequential compositions, 0 parallel compositions, 0 1:n/n:1 sequential compositions and 0 complex sequential compositions.
[2026-07-04 07:25:55,411 INFO  L307             CfgBuilder]: Using the 1 location(s) as analysis (start of procedure ULTIMATE.start)
[2026-07-04 07:25:55,411 INFO  L312             CfgBuilder]: Removed 2 assume(true) statements.
[2026-07-04 07:25:55,411 INFO  L314             CfgBuilder]: Constructed ICFG has 10 procedures, 264 locations, 518 edges, 1 initial locations, 0 loop locations, and 1 error locations.
[2026-07-04 07:25:55,412 INFO  L201        PluginConnector]: Adding new model distcache_p2c_spineload_wraparound_bug.cegis.00.confirm.unroll2.bpl de.uni_freiburg.informatik.ultimate.plugins.generator.rcfgbuilder CFG 04.07 07:25:55 BoogieIcfgContainer
[2026-07-04 07:25:55,412 INFO  L131        PluginConnector]: ------------------------ END RCFGBuilder----------------------------
[2026-07-04 07:25:55,413 INFO  L112        PluginConnector]: ------------------------TraceAbstraction----------------------------
[2026-07-04 07:25:55,413 INFO  L270        PluginConnector]: Initializing TraceAbstraction...
[2026-07-04 07:25:55,418 INFO  L274        PluginConnector]: TraceAbstraction initialized
[2026-07-04 07:25:55,418 INFO  L184        PluginConnector]: Executing the observer TraceAbstractionObserver from plugin TraceAbstraction for "distcache_p2c_spineload_wraparound_bug.cegis.00.confirm.unroll2.bpl de.uni_freiburg.informatik.ultimate.boogie.parser AST 04.07 07:25:54" (1/2) ...
[2026-07-04 07:25:55,418 INFO  L204        PluginConnector]: Invalid model from TraceAbstraction for observer de.uni_freiburg.informatik.ultimate.plugins.generator.traceabstraction.TraceAbstractionObserver@1efee3d8 and model type distcache_p2c_spineload_wraparound_bug.cegis.00.confirm.unroll2.bpl de.uni_freiburg.informatik.ultimate.plugins.generator.traceabstraction AST 04.07 07:25:55, skipping insertion in model container
[2026-07-04 07:25:55,418 INFO  L184        PluginConnector]: Executing the observer TraceAbstractionObserver from plugin TraceAbstraction for "distcache_p2c_spineload_wraparound_bug.cegis.00.confirm.unroll2.bpl de.uni_freiburg.informatik.ultimate.plugins.generator.rcfgbuilder CFG 04.07 07:25:55" (2/2) ...
[2026-07-04 07:25:55,420 INFO  L128   eAbstractionObserver]: Analyzing ICFG distcache_p2c_spineload_wraparound_bug.cegis.00.confirm.unroll2.bpl
[2026-07-04 07:25:55,426 INFO  L217   ceAbstractionStarter]: Automizer settings: Hoare:LoopHeads NWA Interpolation:FPandBP Determinization: PREDICATE_ABSTRACTION
[2026-07-04 07:25:55,426 INFO  L151   ceAbstractionStarter]: Applying trace abstraction to ICFG distcache_p2c_spineload_wraparound_bug.cegis.00.confirm.unroll2.bpl that has 10 procedures, 264 locations, 518 edges, 1 initial locations, 0 loop locations, and 1 error locations.
[2026-07-04 07:25:55,426 WARN  L366   ceAbstractionStarter]: Program is not concurrent. Changing CEGAR restart behaviour to ONLY_ONE_CEGAR
[2026-07-04 07:25:55,503 INFO  L344      AbstractCegarLoop]: ======== Iteration 0 == of CEGAR loop == AllErrorsAtOnce ========
[2026-07-04 07:25:55,522 INFO  L345      AbstractCegarLoop]: Settings: SEPARATE_VIOLATION_CHECK=true, mInterprocedural=true, mMaxIterations=1000000, mWatchIteration=1000000, mArtifact=RCFG, mInterpolation=FPandBP, mInterpolantAutomaton=STRAIGHT_LINE, mDumpAutomata=false, mAutomataFormat=ATS_NUMERATE, mDumpPath=., mDeterminiation=PREDICATE_ABSTRACTION, mMinimize=MINIMIZE_SEVPA, mAutomataTypeConcurrency=PARTIAL_ORDER_FA, mHoareTripleChecks=INCREMENTAL, mHoareAnnotationPositions=LoopHeads, mDumpOnlyReuseAutomata=false, mLimitTraceHistogram=0, mErrorLocTimeLimit=0, mLimitPathProgramCount=0, mCollectInterpolantStatistics=true, mHeuristicEmptinessCheck=false, mHeuristicEmptinessCheckAStarHeuristic=ZERO, mHeuristicEmptinessCheckAStarHeuristicRandomSeed=1337, mHeuristicEmptinessCheckSmtFeatureScoringMethod=DAGSIZE, mSMTFeatureExtraction=false, mSMTFeatureExtractionDumpPath=., mOverrideInterpolantAutomaton=false, mMcrInterpolantMethod=WP, mPorIndependenceSettings=[Lde.uni_freiburg.informatik.ultimate.lib.tracecheckerutils.partialorder.independence.IndependenceSettings;@38a36507, mLbeIndependenceSettings=[IndependenceType=SEMANTIC, AbstractionType=NONE, UseConditional=false, UseSemiCommutativity=true, Solver=Z3, SolverTimeout=1000ms]
[2026-07-04 07:25:55,522 INFO  L346      AbstractCegarLoop]: Starting to check reachability of 1 error locations.
[2026-07-04 07:25:55,524 INFO  L278                IsEmpty]: Start isEmpty. Operand  has 264 states, 177 states have (on average 1.6384180790960452) internal successors, (290), 250 states have internal predecessors, (290), 76 states have call successors, (76), 9 states have call predecessors, (76), 9 states have return successors, (76), 11 states have call predecessors, (76), 76 states have call successors, (76)
[2026-07-04 07:25:55,544 INFO  L284                IsEmpty]: Finished isEmpty. Found accepting run of length 49
[2026-07-04 07:25:55,544 INFO  L199           NwaCegarLoop]: Found error trace
[2026-07-04 07:25:55,545 INFO  L207           NwaCegarLoop]: trace histogram [1, 1, 1, 1, 1, 1, 1, 1, 1, 1, 1, 1, 1, 1, 1, 1, 1, 1, 1, 1, 1, 1, 1, 1, 1, 1, 1, 1, 1, 1, 1, 1, 1, 1, 1, 1, 1, 1, 1, 1, 1, 1, 1, 1, 1, 1, 1, 1]
[2026-07-04 07:25:55,545 INFO  L408      AbstractCegarLoop]: === Iteration 1 === Targeting __wraparound_assertErr0ASSERT_VIOLATIONASSERT === [__wraparound_assertErr0ASSERT_VIOLATIONASSERT] ===
[2026-07-04 07:25:55,552 INFO  L156       PredicateUnifier]: Initialized classic predicate unifier
[2026-07-04 07:25:55,552 INFO  L85        PathProgramCache]: Analyzing trace with hash 710817458, now seen corresponding path program 1 times
[2026-07-04 07:25:55,560 INFO  L118   FreeRefinementEngine]: Executing refinement strategy FIXED_PREFERENCES
[2026-07-04 07:25:55,565 INFO  L324   FreeRefinementEngine]: Using trace check IpTcStrategyModulePreferences [2104680081]
[2026-07-04 07:25:55,566 INFO  L97    rtionOrderModulation]: Keeping assertion order NOT_INCREMENTALLY
[2026-07-04 07:25:55,566 INFO  L173          SolverBuilder]: Constructing external solver with command: z3 SMTLIB2_COMPLIANT=true -memory:2024 -smt2 -in
[2026-07-04 07:25:55,568 INFO  L189       MonitoredProcess]: No working directory specified, using /usr/bin/z3
[2026-07-04 07:25:55,576 INFO  L229       MonitoredProcess]: Starting monitored process 2 with /usr/bin/z3 SMTLIB2_COMPLIANT=true -memory:2024 -smt2 -in (exit command is (exit), workingDir is null)
[2026-07-04 07:25:55,577 INFO  L327       MonitoredProcess]: [MP /usr/bin/z3 SMTLIB2_COMPLIANT=true -memory:2024 -smt2 -in (2)] Waiting until timeout for monitored process
[2026-07-04 07:25:55,727 INFO  L108    AnnotateAndAsserter]: Assert order NOT_INCREMENTALLY partitioned 48 statements into 1 equivalence classes.
[2026-07-04 07:25:55,778 INFO  L111    AnnotateAndAsserter]: Assert order NOT_INCREMENTALLY issued 1 check-sat command(s) and asserted 48 of 48 statements.
[2026-07-04 07:25:55,778 INFO  L114    AnnotateAndAsserter]: Assert order NOT_INCREMENTALLY issued 1 check-sat command(s)
[2026-07-04 07:25:55,778 INFO  L115    AnnotateAndAsserter]: Conjunction of SSA is unsat
[2026-07-04 07:25:55,783 INFO  L256         TraceCheckSpWp]: Trace formula consists of 260 conjuncts, 1 conjuncts are in the unsatisfiable core
[2026-07-04 07:25:55,793 INFO  L279         TraceCheckSpWp]: Computing forward predicates...
[2026-07-04 07:25:55,831 INFO  L134       CoverageAnalysis]: Checked inductivity of 0 backedges. 0 proven. 0 refuted. 0 times theorem prover too weak. 0 trivial. 0 not checked.
[2026-07-04 07:25:55,832 INFO  L312         TraceCheckSpWp]: Computing backward predicates...
[2026-07-04 07:25:55,875 INFO  L134       CoverageAnalysis]: Checked inductivity of 0 backedges. 0 proven. 0 refuted. 0 times theorem prover too weak. 0 trivial. 0 not checked.
[2026-07-04 07:25:55,876 INFO  L136   FreeRefinementEngine]: Strategy FIXED_PREFERENCES found an infeasible trace
[2026-07-04 07:25:55,876 INFO  L324   FreeRefinementEngine]: Using interpolant generator IpTcStrategyModulePreferences [2104680081]
[2026-07-04 07:25:55,876 INFO  L158   FreeRefinementEngine]: IpTcStrategyModulePreferences [2104680081] provided 2 perfect and 0 imperfect interpolant sequences
[2026-07-04 07:25:55,876 INFO  L185   FreeRefinementEngine]: Found 2 perfect and 0 imperfect interpolant sequences.
[2026-07-04 07:25:55,877 INFO  L198   FreeRefinementEngine]: Number of different interpolants: perfect sequences [2, 2] imperfect sequences [] total 2
[2026-07-04 07:25:55,882 INFO  L121   tionRefinementEngine]: Using interpolant automaton builder IpAbStrategyModuleStraightlineAll [935585821]
[2026-07-04 07:25:55,882 INFO  L85    oduleStraightlineAll]: Using 2 perfect interpolants to construct interpolant automaton
[2026-07-04 07:25:55,890 INFO  L567      AbstractCegarLoop]: INTERPOLANT automaton has 2 states
[2026-07-04 07:25:55,891 INFO  L100   FreeRefinementEngine]: Using predicate unifier PredicateUnifier provided by strategy FIXED_PREFERENCES
[2026-07-04 07:25:55,913 INFO  L144   InterpolantAutomaton]: Constructing interpolant automaton starting with 2 interpolants.
[2026-07-04 07:25:55,913 INFO  L146   InterpolantAutomaton]: CoverageRelationStatistics Valid=1, Invalid=1, Unknown=0, NotChecked=0, Total=2
[2026-07-04 07:25:55,919 INFO  L87              Difference]: Start difference. First operand  has 264 states, 177 states have (on average 1.6384180790960452) internal successors, (290), 250 states have internal predecessors, (290), 76 states have call successors, (76), 9 states have call predecessors, (76), 9 states have return successors, (76), 11 states have call predecessors, (76), 76 states have call successors, (76) Second operand  has 2 states, 2 states have (on average 32.5) internal successors, (65), 2 states have internal predecessors, (65), 2 states have call successors, (7), 2 states have call predecessors, (7), 2 states have return successors, (6), 2 states have call predecessors, (6), 2 states have call successors, (6)
[2026-07-04 07:25:55,988 INFO  L144             Difference]: Subtrahend was deterministic. Have not used determinization.
[2026-07-04 07:25:55,989 INFO  L93              Difference]: Finished difference Result 526 states and 881 transitions.
[2026-07-04 07:25:55,997 INFO  L140   InterpolantAutomaton]: Switched to read-only mode: deterministic interpolant automaton has 2 states. 
[2026-07-04 07:25:55,998 INFO  L79                 Accepts]: Start accepts. Automaton has  has 2 states, 2 states have (on average 32.5) internal successors, (65), 2 states have internal predecessors, (65), 2 states have call successors, (7), 2 states have call predecessors, (7), 2 states have return successors, (6), 2 states have call predecessors, (6), 2 states have call successors, (6) Word has length 48
[2026-07-04 07:25:55,998 INFO  L85                 Accepts]: Finished accepts. some prefix is accepted.
[2026-07-04 07:25:56,007 INFO  L225             Difference]: With dead ends: 526
[2026-07-04 07:25:56,007 INFO  L226             Difference]: Without dead ends: 260
[2026-07-04 07:25:56,018 INFO  L425           NwaCegarLoop]: 0 DeclaredPredicates, 94 GetRequests, 94 SyntacticMatches, 0 SemanticMatches, 0 ConstructedPredicates, 0 IntricatePredicates, 0 DeprecatedPredicates, 0 ImplicationChecksByTransitivity, 0.0s TimeCoverageRelationStatistics Valid=1, Invalid=1, Unknown=0, NotChecked=0, Total=2
[2026-07-04 07:25:56,026 INFO  L426           NwaCegarLoop]: 441 mSDtfsCounter, 0 mSDsluCounter, 0 mSDsCounter, 0 mSdLazyCounter, 0 mSolverCounterSat, 0 mSolverCounterUnsat, 0 mSolverCounterUnknown, 0 mSolverCounterNotChecked, 0.0s Time, 0 mProtectedPredicate, 0 mProtectedAction, 0 SdHoareTripleChecker+Valid, 441 SdHoareTripleChecker+Invalid, 0 SdHoareTripleChecker+Unknown, 0 SdHoareTripleChecker+Unchecked, 0.0s SdHoareTripleChecker+Time, 0 IncrementalHoareTripleChecker+Valid, 0 IncrementalHoareTripleChecker+Invalid, 0 IncrementalHoareTripleChecker+Unknown, 0 IncrementalHoareTripleChecker+Unchecked, 0.0s IncrementalHoareTripleChecker+Time
[2026-07-04 07:25:56,026 INFO  L427           NwaCegarLoop]: SdHoareTripleChecker [0 Valid, 441 Invalid, 0 Unknown, 0 Unchecked, 0.0s Time], IncrementalHoareTripleChecker [0 Valid, 0 Invalid, 0 Unknown, 0 Unchecked, 0.0s Time]
[2026-07-04 07:25:56,050 INFO  L82        GeneralOperation]: Start minimizeSevpa. Operand 260 states.
[2026-07-04 07:25:56,103 INFO  L88        GeneralOperation]: Finished minimizeSevpa. Reduced states from 260 to 260.
[2026-07-04 07:25:56,104 INFO  L82        GeneralOperation]: Start removeUnreachable. Operand  has 260 states, 174 states have (on average 1.6379310344827587) internal successors, (285), 246 states have internal predecessors, (285), 76 states have call successors, (76), 9 states have call predecessors, (76), 9 states have return successors, (75), 10 states have call predecessors, (75), 75 states have call successors, (75)
[2026-07-04 07:25:56,107 INFO  L88        GeneralOperation]: Finished removeUnreachable. Reduced from 260 states to 260 states and 436 transitions.
[2026-07-04 07:25:56,109 INFO  L79                 Accepts]: Start accepts. Automaton has 260 states and 436 transitions. Word has length 48
[2026-07-04 07:25:56,109 INFO  L85                 Accepts]: Finished accepts. word is rejected.
[2026-07-04 07:25:56,109 INFO  L490      AbstractCegarLoop]: Abstraction has 260 states and 436 transitions.
[2026-07-04 07:25:56,109 INFO  L491      AbstractCegarLoop]: INTERPOLANT automaton has  has 2 states, 2 states have (on average 32.5) internal successors, (65), 2 states have internal predecessors, (65), 2 states have call successors, (7), 2 states have call predecessors, (7), 2 states have return successors, (6), 2 states have call predecessors, (6), 2 states have call successors, (6)
[2026-07-04 07:25:56,109 INFO  L278                IsEmpty]: Start isEmpty. Operand 260 states and 436 transitions.
[2026-07-04 07:25:56,122 INFO  L284                IsEmpty]: Finished isEmpty. Found accepting run of length 49
[2026-07-04 07:25:56,122 INFO  L199           NwaCegarLoop]: Found error trace
[2026-07-04 07:25:56,122 INFO  L207           NwaCegarLoop]: trace histogram [1, 1, 1, 1, 1, 1, 1, 1, 1, 1, 1, 1, 1, 1, 1, 1, 1, 1, 1, 1, 1, 1, 1, 1, 1, 1, 1, 1, 1, 1, 1, 1, 1, 1, 1, 1, 1, 1, 1, 1, 1, 1, 1, 1, 1, 1, 1, 1]
[2026-07-04 07:25:56,130 INFO  L534       MonitoredProcess]: [MP /usr/bin/z3 SMTLIB2_COMPLIANT=true -memory:2024 -smt2 -in (2)] Forceful destruction successful, exit code 0
[2026-07-04 07:25:56,329 WARN  L471      AbstractCegarLoop]: Destroyed unattended storables created during the last iteration: 2 /usr/bin/z3 SMTLIB2_COMPLIANT=true -memory:2024 -smt2 -in
[2026-07-04 07:25:56,329 INFO  L408      AbstractCegarLoop]: === Iteration 2 === Targeting __wraparound_assertErr0ASSERT_VIOLATIONASSERT === [__wraparound_assertErr0ASSERT_VIOLATIONASSERT] ===
[2026-07-04 07:25:56,330 INFO  L156       PredicateUnifier]: Initialized classic predicate unifier
[2026-07-04 07:25:56,330 INFO  L85        PathProgramCache]: Analyzing trace with hash 357729076, now seen corresponding path program 1 times
[2026-07-04 07:25:56,330 INFO  L118   FreeRefinementEngine]: Executing refinement strategy FIXED_PREFERENCES
[2026-07-04 07:25:56,331 INFO  L324   FreeRefinementEngine]: Using trace check IpTcStrategyModulePreferences [1339988476]
[2026-07-04 07:25:56,331 INFO  L97    rtionOrderModulation]: Keeping assertion order NOT_INCREMENTALLY
[2026-07-04 07:25:56,331 INFO  L173          SolverBuilder]: Constructing external solver with command: z3 SMTLIB2_COMPLIANT=true -memory:2024 -smt2 -in
[2026-07-04 07:25:56,335 INFO  L189       MonitoredProcess]: No working directory specified, using /usr/bin/z3
[2026-07-04 07:25:56,338 INFO  L229       MonitoredProcess]: Starting monitored process 3 with /usr/bin/z3 SMTLIB2_COMPLIANT=true -memory:2024 -smt2 -in (exit command is (exit), workingDir is null)
[2026-07-04 07:25:56,340 INFO  L327       MonitoredProcess]: [MP /usr/bin/z3 SMTLIB2_COMPLIANT=true -memory:2024 -smt2 -in (3)] Waiting until timeout for monitored process
[2026-07-04 07:25:56,480 INFO  L108    AnnotateAndAsserter]: Assert order NOT_INCREMENTALLY partitioned 48 statements into 1 equivalence classes.
[2026-07-04 07:25:56,517 INFO  L111    AnnotateAndAsserter]: Assert order NOT_INCREMENTALLY issued 1 check-sat command(s) and asserted 48 of 48 statements.
[2026-07-04 07:25:56,517 INFO  L114    AnnotateAndAsserter]: Assert order NOT_INCREMENTALLY issued 1 check-sat command(s)
[2026-07-04 07:25:56,517 INFO  L115    AnnotateAndAsserter]: Conjunction of SSA is unsat
[2026-07-04 07:25:56,519 INFO  L256         TraceCheckSpWp]: Trace formula consists of 260 conjuncts, 2 conjuncts are in the unsatisfiable core
[2026-07-04 07:25:56,520 INFO  L279         TraceCheckSpWp]: Computing forward predicates...
[2026-07-04 07:25:56,577 INFO  L134       CoverageAnalysis]: Checked inductivity of 0 backedges. 0 proven. 0 refuted. 0 times theorem prover too weak. 0 trivial. 0 not checked.
[2026-07-04 07:25:56,577 INFO  L312         TraceCheckSpWp]: Computing backward predicates...
[2026-07-04 07:25:56,640 INFO  L134       CoverageAnalysis]: Checked inductivity of 0 backedges. 0 proven. 0 refuted. 0 times theorem prover too weak. 0 trivial. 0 not checked.
[2026-07-04 07:25:56,640 INFO  L136   FreeRefinementEngine]: Strategy FIXED_PREFERENCES found an infeasible trace
[2026-07-04 07:25:56,640 INFO  L324   FreeRefinementEngine]: Using interpolant generator IpTcStrategyModulePreferences [1339988476]
[2026-07-04 07:25:56,640 INFO  L158   FreeRefinementEngine]: IpTcStrategyModulePreferences [1339988476] provided 2 perfect and 0 imperfect interpolant sequences
[2026-07-04 07:25:56,640 INFO  L185   FreeRefinementEngine]: Found 2 perfect and 0 imperfect interpolant sequences.
[2026-07-04 07:25:56,640 INFO  L198   FreeRefinementEngine]: Number of different interpolants: perfect sequences [3, 3] imperfect sequences [] total 3
[2026-07-04 07:25:56,640 INFO  L121   tionRefinementEngine]: Using interpolant automaton builder IpAbStrategyModuleStraightlineAll [1688841823]
[2026-07-04 07:25:56,640 INFO  L85    oduleStraightlineAll]: Using 2 perfect interpolants to construct interpolant automaton
[2026-07-04 07:25:56,641 INFO  L567      AbstractCegarLoop]: INTERPOLANT automaton has 3 states
[2026-07-04 07:25:56,641 INFO  L100   FreeRefinementEngine]: Using predicate unifier PredicateUnifier provided by strategy FIXED_PREFERENCES
[2026-07-04 07:25:56,641 INFO  L144   InterpolantAutomaton]: Constructing interpolant automaton starting with 3 interpolants.
[2026-07-04 07:25:56,641 INFO  L146   InterpolantAutomaton]: CoverageRelationStatistics Valid=3, Invalid=3, Unknown=0, NotChecked=0, Total=6
[2026-07-04 07:25:56,641 INFO  L87              Difference]: Start difference. First operand 260 states and 436 transitions. Second operand  has 3 states, 3 states have (on average 15.0) internal successors, (45), 3 states have internal predecessors, (45), 3 states have call successors, (6), 3 states have call predecessors, (6), 3 states have return successors, (5), 2 states have call predecessors, (5), 3 states have call successors, (5)
[2026-07-04 07:25:56,689 INFO  L144             Difference]: Subtrahend was deterministic. Have not used determinization.
[2026-07-04 07:25:56,689 INFO  L93              Difference]: Finished difference Result 509 states and 855 transitions.
[2026-07-04 07:25:56,693 INFO  L140   InterpolantAutomaton]: Switched to read-only mode: deterministic interpolant automaton has 3 states. 
[2026-07-04 07:25:56,693 INFO  L79                 Accepts]: Start accepts. Automaton has  has 3 states, 3 states have (on average 15.0) internal successors, (45), 3 states have internal predecessors, (45), 3 states have call successors, (6), 3 states have call predecessors, (6), 3 states have return successors, (5), 2 states have call predecessors, (5), 3 states have call successors, (5) Word has length 48
[2026-07-04 07:25:56,693 INFO  L85                 Accepts]: Finished accepts. some prefix is accepted.
[2026-07-04 07:25:56,695 INFO  L225             Difference]: With dead ends: 509
[2026-07-04 07:25:56,695 INFO  L226             Difference]: Without dead ends: 260
[2026-07-04 07:25:56,695 INFO  L425           NwaCegarLoop]: 0 DeclaredPredicates, 94 GetRequests, 93 SyntacticMatches, 0 SemanticMatches, 1 ConstructedPredicates, 0 IntricatePredicates, 0 DeprecatedPredicates, 0 ImplicationChecksByTransitivity, 0.0s TimeCoverageRelationStatistics Valid=3, Invalid=3, Unknown=0, NotChecked=0, Total=6
[2026-07-04 07:25:56,696 INFO  L426           NwaCegarLoop]: 432 mSDtfsCounter, 406 mSDsluCounter, 0 mSDsCounter, 0 mSdLazyCounter, 2 mSolverCounterSat, 4 mSolverCounterUnsat, 0 mSolverCounterUnknown, 0 mSolverCounterNotChecked, 0.0s Time, 0 mProtectedPredicate, 0 mProtectedAction, 406 SdHoareTripleChecker+Valid, 432 SdHoareTripleChecker+Invalid, 6 SdHoareTripleChecker+Unknown, 0 SdHoareTripleChecker+Unchecked, 0.0s SdHoareTripleChecker+Time, 4 IncrementalHoareTripleChecker+Valid, 2 IncrementalHoareTripleChecker+Invalid, 0 IncrementalHoareTripleChecker+Unknown, 0 IncrementalHoareTripleChecker+Unchecked, 0.0s IncrementalHoareTripleChecker+Time
[2026-07-04 07:25:56,696 INFO  L427           NwaCegarLoop]: SdHoareTripleChecker [406 Valid, 432 Invalid, 6 Unknown, 0 Unchecked, 0.0s Time], IncrementalHoareTripleChecker [4 Valid, 2 Invalid, 0 Unknown, 0 Unchecked, 0.0s Time]
[2026-07-04 07:25:56,696 INFO  L82        GeneralOperation]: Start minimizeSevpa. Operand 260 states.
[2026-07-04 07:25:56,705 INFO  L88        GeneralOperation]: Finished minimizeSevpa. Reduced states from 260 to 260.
[2026-07-04 07:25:56,717 INFO  L82        GeneralOperation]: Start removeUnreachable. Operand  has 260 states, 174 states have (on average 1.6264367816091954) internal successors, (283), 246 states have internal predecessors, (283), 76 states have call successors, (76), 9 states have call predecessors, (76), 9 states have return successors, (75), 10 states have call predecessors, (75), 75 states have call successors, (75)
[2026-07-04 07:25:56,719 INFO  L88        GeneralOperation]: Finished removeUnreachable. Reduced from 260 states to 260 states and 434 transitions.
[2026-07-04 07:25:56,719 INFO  L79                 Accepts]: Start accepts. Automaton has 260 states and 434 transitions. Word has length 48
[2026-07-04 07:25:56,720 INFO  L85                 Accepts]: Finished accepts. word is rejected.
[2026-07-04 07:25:56,720 INFO  L490      AbstractCegarLoop]: Abstraction has 260 states and 434 transitions.
[2026-07-04 07:25:56,720 INFO  L491      AbstractCegarLoop]: INTERPOLANT automaton has  has 3 states, 3 states have (on average 15.0) internal successors, (45), 3 states have internal predecessors, (45), 3 states have call successors, (6), 3 states have call predecessors, (6), 3 states have return successors, (5), 2 states have call predecessors, (5), 3 states have call successors, (5)
[2026-07-04 07:25:56,720 INFO  L278                IsEmpty]: Start isEmpty. Operand 260 states and 434 transitions.
[2026-07-04 07:25:56,723 INFO  L284                IsEmpty]: Finished isEmpty. Found accepting run of length 49
[2026-07-04 07:25:56,723 INFO  L199           NwaCegarLoop]: Found error trace
[2026-07-04 07:25:56,723 INFO  L207           NwaCegarLoop]: trace histogram [1, 1, 1, 1, 1, 1, 1, 1, 1, 1, 1, 1, 1, 1, 1, 1, 1, 1, 1, 1, 1, 1, 1, 1, 1, 1, 1, 1, 1, 1, 1, 1, 1, 1, 1, 1, 1, 1, 1, 1, 1, 1, 1, 1, 1, 1, 1, 1]
[2026-07-04 07:25:56,731 INFO  L534       MonitoredProcess]: [MP /usr/bin/z3 SMTLIB2_COMPLIANT=true -memory:2024 -smt2 -in (3)] Forceful destruction successful, exit code 0
[2026-07-04 07:25:56,923 WARN  L471      AbstractCegarLoop]: Destroyed unattended storables created during the last iteration: 3 /usr/bin/z3 SMTLIB2_COMPLIANT=true -memory:2024 -smt2 -in
[2026-07-04 07:25:56,924 INFO  L408      AbstractCegarLoop]: === Iteration 3 === Targeting __wraparound_assertErr0ASSERT_VIOLATIONASSERT === [__wraparound_assertErr0ASSERT_VIOLATIONASSERT] ===
[2026-07-04 07:25:56,924 INFO  L156       PredicateUnifier]: Initialized classic predicate unifier
[2026-07-04 07:25:56,924 INFO  L85        PathProgramCache]: Analyzing trace with hash -663339278, now seen corresponding path program 1 times
[2026-07-04 07:25:56,924 INFO  L118   FreeRefinementEngine]: Executing refinement strategy FIXED_PREFERENCES
[2026-07-04 07:25:56,924 INFO  L324   FreeRefinementEngine]: Using trace check IpTcStrategyModulePreferences [974616068]
[2026-07-04 07:25:56,924 INFO  L97    rtionOrderModulation]: Keeping assertion order NOT_INCREMENTALLY
[2026-07-04 07:25:56,925 INFO  L173          SolverBuilder]: Constructing external solver with command: z3 SMTLIB2_COMPLIANT=true -memory:2024 -smt2 -in
[2026-07-04 07:25:56,929 INFO  L189       MonitoredProcess]: No working directory specified, using /usr/bin/z3
[2026-07-04 07:25:56,932 INFO  L229       MonitoredProcess]: Starting monitored process 4 with /usr/bin/z3 SMTLIB2_COMPLIANT=true -memory:2024 -smt2 -in (exit command is (exit), workingDir is null)
[2026-07-04 07:25:56,933 INFO  L327       MonitoredProcess]: [MP /usr/bin/z3 SMTLIB2_COMPLIANT=true -memory:2024 -smt2 -in (4)] Waiting until timeout for monitored process
[2026-07-04 07:25:57,035 INFO  L108    AnnotateAndAsserter]: Assert order NOT_INCREMENTALLY partitioned 48 statements into 1 equivalence classes.
[2026-07-04 07:25:57,069 INFO  L111    AnnotateAndAsserter]: Assert order NOT_INCREMENTALLY issued 1 check-sat command(s) and asserted 48 of 48 statements.
[2026-07-04 07:25:57,069 INFO  L114    AnnotateAndAsserter]: Assert order NOT_INCREMENTALLY issued 1 check-sat command(s)
[2026-07-04 07:25:57,069 INFO  L115    AnnotateAndAsserter]: Conjunction of SSA is unsat
[2026-07-04 07:25:57,071 INFO  L256         TraceCheckSpWp]: Trace formula consists of 256 conjuncts, 2 conjuncts are in the unsatisfiable core
[2026-07-04 07:25:57,072 INFO  L279         TraceCheckSpWp]: Computing forward predicates...
[2026-07-04 07:25:57,125 INFO  L134       CoverageAnalysis]: Checked inductivity of 0 backedges. 0 proven. 0 refuted. 0 times theorem prover too weak. 0 trivial. 0 not checked.
[2026-07-04 07:25:57,125 INFO  L312         TraceCheckSpWp]: Computing backward predicates...
[2026-07-04 07:25:57,186 INFO  L134       CoverageAnalysis]: Checked inductivity of 0 backedges. 0 proven. 0 refuted. 0 times theorem prover too weak. 0 trivial. 0 not checked.
[2026-07-04 07:25:57,186 INFO  L136   FreeRefinementEngine]: Strategy FIXED_PREFERENCES found an infeasible trace
[2026-07-04 07:25:57,186 INFO  L324   FreeRefinementEngine]: Using interpolant generator IpTcStrategyModulePreferences [974616068]
[2026-07-04 07:25:57,186 INFO  L158   FreeRefinementEngine]: IpTcStrategyModulePreferences [974616068] provided 2 perfect and 0 imperfect interpolant sequences
[2026-07-04 07:25:57,186 INFO  L185   FreeRefinementEngine]: Found 2 perfect and 0 imperfect interpolant sequences.
[2026-07-04 07:25:57,186 INFO  L198   FreeRefinementEngine]: Number of different interpolants: perfect sequences [3, 3] imperfect sequences [] total 3
[2026-07-04 07:25:57,186 INFO  L121   tionRefinementEngine]: Using interpolant automaton builder IpAbStrategyModuleStraightlineAll [1395318008]
[2026-07-04 07:25:57,186 INFO  L85    oduleStraightlineAll]: Using 2 perfect interpolants to construct interpolant automaton
[2026-07-04 07:25:57,186 INFO  L567      AbstractCegarLoop]: INTERPOLANT automaton has 3 states
[2026-07-04 07:25:57,186 INFO  L100   FreeRefinementEngine]: Using predicate unifier PredicateUnifier provided by strategy FIXED_PREFERENCES
[2026-07-04 07:25:57,187 INFO  L144   InterpolantAutomaton]: Constructing interpolant automaton starting with 3 interpolants.
[2026-07-04 07:25:57,187 INFO  L146   InterpolantAutomaton]: CoverageRelationStatistics Valid=3, Invalid=3, Unknown=0, NotChecked=0, Total=6
[2026-07-04 07:25:57,187 INFO  L87              Difference]: Start difference. First operand 260 states and 434 transitions. Second operand  has 3 states, 3 states have (on average 15.0) internal successors, (45), 3 states have internal predecessors, (45), 3 states have call successors, (6), 3 states have call predecessors, (6), 3 states have return successors, (5), 2 states have call predecessors, (5), 3 states have call successors, (5)
[2026-07-04 07:25:57,219 INFO  L144             Difference]: Subtrahend was deterministic. Have not used determinization.
[2026-07-04 07:25:57,219 INFO  L93              Difference]: Finished difference Result 507 states and 849 transitions.
[2026-07-04 07:25:57,220 INFO  L140   InterpolantAutomaton]: Switched to read-only mode: deterministic interpolant automaton has 3 states. 
[2026-07-04 07:25:57,220 INFO  L79                 Accepts]: Start accepts. Automaton has  has 3 states, 3 states have (on average 15.0) internal successors, (45), 3 states have internal predecessors, (45), 3 states have call successors, (6), 3 states have call predecessors, (6), 3 states have return successors, (5), 2 states have call predecessors, (5), 3 states have call successors, (5) Word has length 48
[2026-07-04 07:25:57,220 INFO  L85                 Accepts]: Finished accepts. some prefix is accepted.
[2026-07-04 07:25:57,221 INFO  L225             Difference]: With dead ends: 507
[2026-07-04 07:25:57,221 INFO  L226             Difference]: Without dead ends: 260
[2026-07-04 07:25:57,222 INFO  L425           NwaCegarLoop]: 0 DeclaredPredicates, 94 GetRequests, 93 SyntacticMatches, 0 SemanticMatches, 1 ConstructedPredicates, 0 IntricatePredicates, 0 DeprecatedPredicates, 0 ImplicationChecksByTransitivity, 0.0s TimeCoverageRelationStatistics Valid=3, Invalid=3, Unknown=0, NotChecked=0, Total=6
[2026-07-04 07:25:57,222 INFO  L426           NwaCegarLoop]: 430 mSDtfsCounter, 402 mSDsluCounter, 0 mSDsCounter, 0 mSdLazyCounter, 2 mSolverCounterSat, 4 mSolverCounterUnsat, 0 mSolverCounterUnknown, 0 mSolverCounterNotChecked, 0.0s Time, 0 mProtectedPredicate, 0 mProtectedAction, 402 SdHoareTripleChecker+Valid, 430 SdHoareTripleChecker+Invalid, 6 SdHoareTripleChecker+Unknown, 0 SdHoareTripleChecker+Unchecked, 0.0s SdHoareTripleChecker+Time, 4 IncrementalHoareTripleChecker+Valid, 2 IncrementalHoareTripleChecker+Invalid, 0 IncrementalHoareTripleChecker+Unknown, 0 IncrementalHoareTripleChecker+Unchecked, 0.0s IncrementalHoareTripleChecker+Time
[2026-07-04 07:25:57,222 INFO  L427           NwaCegarLoop]: SdHoareTripleChecker [402 Valid, 430 Invalid, 6 Unknown, 0 Unchecked, 0.0s Time], IncrementalHoareTripleChecker [4 Valid, 2 Invalid, 0 Unknown, 0 Unchecked, 0.0s Time]
[2026-07-04 07:25:57,222 INFO  L82        GeneralOperation]: Start minimizeSevpa. Operand 260 states.
[2026-07-04 07:25:57,236 INFO  L88        GeneralOperation]: Finished minimizeSevpa. Reduced states from 260 to 260.
[2026-07-04 07:25:57,237 INFO  L82        GeneralOperation]: Start removeUnreachable. Operand  has 260 states, 174 states have (on average 1.6149425287356323) internal successors, (281), 246 states have internal predecessors, (281), 76 states have call successors, (76), 9 states have call predecessors, (76), 9 states have return successors, (75), 10 states have call predecessors, (75), 75 states have call successors, (75)
[2026-07-04 07:25:57,246 INFO  L88        GeneralOperation]: Finished removeUnreachable. Reduced from 260 states to 260 states and 432 transitions.
[2026-07-04 07:25:57,246 INFO  L79                 Accepts]: Start accepts. Automaton has 260 states and 432 transitions. Word has length 48
[2026-07-04 07:25:57,247 INFO  L85                 Accepts]: Finished accepts. word is rejected.
[2026-07-04 07:25:57,247 INFO  L490      AbstractCegarLoop]: Abstraction has 260 states and 432 transitions.
[2026-07-04 07:25:57,247 INFO  L491      AbstractCegarLoop]: INTERPOLANT automaton has  has 3 states, 3 states have (on average 15.0) internal successors, (45), 3 states have internal predecessors, (45), 3 states have call successors, (6), 3 states have call predecessors, (6), 3 states have return successors, (5), 2 states have call predecessors, (5), 3 states have call successors, (5)
[2026-07-04 07:25:57,247 INFO  L278                IsEmpty]: Start isEmpty. Operand 260 states and 432 transitions.
[2026-07-04 07:25:57,248 INFO  L284                IsEmpty]: Finished isEmpty. Found accepting run of length 49
[2026-07-04 07:25:57,248 INFO  L199           NwaCegarLoop]: Found error trace
[2026-07-04 07:25:57,248 INFO  L207           NwaCegarLoop]: trace histogram [1, 1, 1, 1, 1, 1, 1, 1, 1, 1, 1, 1, 1, 1, 1, 1, 1, 1, 1, 1, 1, 1, 1, 1, 1, 1, 1, 1, 1, 1, 1, 1, 1, 1, 1, 1, 1, 1, 1, 1, 1, 1, 1, 1, 1, 1, 1, 1]
[2026-07-04 07:25:57,256 INFO  L546       MonitoredProcess]: [MP /usr/bin/z3 SMTLIB2_COMPLIANT=true -memory:2024 -smt2 -in (4)] Ended with exit code 0
[2026-07-04 07:25:57,448 WARN  L471      AbstractCegarLoop]: Destroyed unattended storables created during the last iteration: 4 /usr/bin/z3 SMTLIB2_COMPLIANT=true -memory:2024 -smt2 -in
[2026-07-04 07:25:57,448 INFO  L408      AbstractCegarLoop]: === Iteration 4 === Targeting __wraparound_assertErr0ASSERT_VIOLATIONASSERT === [__wraparound_assertErr0ASSERT_VIOLATIONASSERT] ===
[2026-07-04 07:25:57,450 INFO  L156       PredicateUnifier]: Initialized classic predicate unifier
[2026-07-04 07:25:57,450 INFO  L85        PathProgramCache]: Analyzing trace with hash -1674456528, now seen corresponding path program 1 times
[2026-07-04 07:25:57,450 INFO  L118   FreeRefinementEngine]: Executing refinement strategy FIXED_PREFERENCES
[2026-07-04 07:25:57,450 INFO  L324   FreeRefinementEngine]: Using trace check IpTcStrategyModulePreferences [1231199135]
[2026-07-04 07:25:57,450 INFO  L97    rtionOrderModulation]: Keeping assertion order NOT_INCREMENTALLY
[2026-07-04 07:25:57,450 INFO  L173          SolverBuilder]: Constructing external solver with command: z3 SMTLIB2_COMPLIANT=true -memory:2024 -smt2 -in
[2026-07-04 07:25:57,451 INFO  L189       MonitoredProcess]: No working directory specified, using /usr/bin/z3
[2026-07-04 07:25:57,453 INFO  L229       MonitoredProcess]: Starting monitored process 5 with /usr/bin/z3 SMTLIB2_COMPLIANT=true -memory:2024 -smt2 -in (exit command is (exit), workingDir is null)
[2026-07-04 07:25:57,455 INFO  L327       MonitoredProcess]: [MP /usr/bin/z3 SMTLIB2_COMPLIANT=true -memory:2024 -smt2 -in (5)] Waiting until timeout for monitored process
[2026-07-04 07:25:57,540 INFO  L108    AnnotateAndAsserter]: Assert order NOT_INCREMENTALLY partitioned 48 statements into 1 equivalence classes.
[2026-07-04 07:25:57,573 INFO  L111    AnnotateAndAsserter]: Assert order NOT_INCREMENTALLY issued 1 check-sat command(s) and asserted 48 of 48 statements.
[2026-07-04 07:25:57,573 INFO  L114    AnnotateAndAsserter]: Assert order NOT_INCREMENTALLY issued 1 check-sat command(s)
[2026-07-04 07:25:57,573 INFO  L115    AnnotateAndAsserter]: Conjunction of SSA is unsat
[2026-07-04 07:25:57,575 INFO  L256         TraceCheckSpWp]: Trace formula consists of 252 conjuncts, 2 conjuncts are in the unsatisfiable core
[2026-07-04 07:25:57,576 INFO  L279         TraceCheckSpWp]: Computing forward predicates...
[2026-07-04 07:25:57,627 INFO  L134       CoverageAnalysis]: Checked inductivity of 0 backedges. 0 proven. 0 refuted. 0 times theorem prover too weak. 0 trivial. 0 not checked.
[2026-07-04 07:25:57,627 INFO  L312         TraceCheckSpWp]: Computing backward predicates...
[2026-07-04 07:25:57,672 INFO  L134       CoverageAnalysis]: Checked inductivity of 0 backedges. 0 proven. 0 refuted. 0 times theorem prover too weak. 0 trivial. 0 not checked.
[2026-07-04 07:25:57,673 INFO  L136   FreeRefinementEngine]: Strategy FIXED_PREFERENCES found an infeasible trace
[2026-07-04 07:25:57,673 INFO  L324   FreeRefinementEngine]: Using interpolant generator IpTcStrategyModulePreferences [1231199135]
[2026-07-04 07:25:57,673 INFO  L158   FreeRefinementEngine]: IpTcStrategyModulePreferences [1231199135] provided 2 perfect and 0 imperfect interpolant sequences
[2026-07-04 07:25:57,673 INFO  L185   FreeRefinementEngine]: Found 2 perfect and 0 imperfect interpolant sequences.
[2026-07-04 07:25:57,673 INFO  L198   FreeRefinementEngine]: Number of different interpolants: perfect sequences [3, 3] imperfect sequences [] total 3
[2026-07-04 07:25:57,673 INFO  L121   tionRefinementEngine]: Using interpolant automaton builder IpAbStrategyModuleStraightlineAll [154336002]
[2026-07-04 07:25:57,673 INFO  L85    oduleStraightlineAll]: Using 2 perfect interpolants to construct interpolant automaton
[2026-07-04 07:25:57,673 INFO  L567      AbstractCegarLoop]: INTERPOLANT automaton has 3 states
[2026-07-04 07:25:57,673 INFO  L100   FreeRefinementEngine]: Using predicate unifier PredicateUnifier provided by strategy FIXED_PREFERENCES
[2026-07-04 07:25:57,673 INFO  L144   InterpolantAutomaton]: Constructing interpolant automaton starting with 3 interpolants.
[2026-07-04 07:25:57,673 INFO  L146   InterpolantAutomaton]: CoverageRelationStatistics Valid=3, Invalid=3, Unknown=0, NotChecked=0, Total=6
[2026-07-04 07:25:57,674 INFO  L87              Difference]: Start difference. First operand 260 states and 432 transitions. Second operand  has 3 states, 3 states have (on average 15.0) internal successors, (45), 3 states have internal predecessors, (45), 3 states have call successors, (6), 3 states have call predecessors, (6), 3 states have return successors, (5), 2 states have call predecessors, (5), 3 states have call successors, (5)
[2026-07-04 07:25:57,701 INFO  L144             Difference]: Subtrahend was deterministic. Have not used determinization.
[2026-07-04 07:25:57,701 INFO  L93              Difference]: Finished difference Result 505 states and 843 transitions.
[2026-07-04 07:25:57,702 INFO  L140   InterpolantAutomaton]: Switched to read-only mode: deterministic interpolant automaton has 3 states. 
[2026-07-04 07:25:57,702 INFO  L79                 Accepts]: Start accepts. Automaton has  has 3 states, 3 states have (on average 15.0) internal successors, (45), 3 states have internal predecessors, (45), 3 states have call successors, (6), 3 states have call predecessors, (6), 3 states have return successors, (5), 2 states have call predecessors, (5), 3 states have call successors, (5) Word has length 48
[2026-07-04 07:25:57,702 INFO  L85                 Accepts]: Finished accepts. some prefix is accepted.
[2026-07-04 07:25:57,706 INFO  L225             Difference]: With dead ends: 505
[2026-07-04 07:25:57,706 INFO  L226             Difference]: Without dead ends: 260
[2026-07-04 07:25:57,707 INFO  L425           NwaCegarLoop]: 0 DeclaredPredicates, 94 GetRequests, 93 SyntacticMatches, 0 SemanticMatches, 1 ConstructedPredicates, 0 IntricatePredicates, 0 DeprecatedPredicates, 0 ImplicationChecksByTransitivity, 0.0s TimeCoverageRelationStatistics Valid=3, Invalid=3, Unknown=0, NotChecked=0, Total=6
[2026-07-04 07:25:57,707 INFO  L426           NwaCegarLoop]: 428 mSDtfsCounter, 398 mSDsluCounter, 0 mSDsCounter, 0 mSdLazyCounter, 2 mSolverCounterSat, 4 mSolverCounterUnsat, 0 mSolverCounterUnknown, 0 mSolverCounterNotChecked, 0.0s Time, 0 mProtectedPredicate, 0 mProtectedAction, 398 SdHoareTripleChecker+Valid, 428 SdHoareTripleChecker+Invalid, 6 SdHoareTripleChecker+Unknown, 0 SdHoareTripleChecker+Unchecked, 0.0s SdHoareTripleChecker+Time, 4 IncrementalHoareTripleChecker+Valid, 2 IncrementalHoareTripleChecker+Invalid, 0 IncrementalHoareTripleChecker+Unknown, 0 IncrementalHoareTripleChecker+Unchecked, 0.0s IncrementalHoareTripleChecker+Time
[2026-07-04 07:25:57,707 INFO  L427           NwaCegarLoop]: SdHoareTripleChecker [398 Valid, 428 Invalid, 6 Unknown, 0 Unchecked, 0.0s Time], IncrementalHoareTripleChecker [4 Valid, 2 Invalid, 0 Unknown, 0 Unchecked, 0.0s Time]
[2026-07-04 07:25:57,707 INFO  L82        GeneralOperation]: Start minimizeSevpa. Operand 260 states.
[2026-07-04 07:25:57,724 INFO  L88        GeneralOperation]: Finished minimizeSevpa. Reduced states from 260 to 260.
[2026-07-04 07:25:57,724 INFO  L82        GeneralOperation]: Start removeUnreachable. Operand  has 260 states, 174 states have (on average 1.603448275862069) internal successors, (279), 246 states have internal predecessors, (279), 76 states have call successors, (76), 9 states have call predecessors, (76), 9 states have return successors, (75), 10 states have call predecessors, (75), 75 states have call successors, (75)
[2026-07-04 07:25:57,725 INFO  L88        GeneralOperation]: Finished removeUnreachable. Reduced from 260 states to 260 states and 430 transitions.
[2026-07-04 07:25:57,729 INFO  L79                 Accepts]: Start accepts. Automaton has 260 states and 430 transitions. Word has length 48
[2026-07-04 07:25:57,729 INFO  L85                 Accepts]: Finished accepts. word is rejected.
[2026-07-04 07:25:57,729 INFO  L490      AbstractCegarLoop]: Abstraction has 260 states and 430 transitions.
[2026-07-04 07:25:57,730 INFO  L491      AbstractCegarLoop]: INTERPOLANT automaton has  has 3 states, 3 states have (on average 15.0) internal successors, (45), 3 states have internal predecessors, (45), 3 states have call successors, (6), 3 states have call predecessors, (6), 3 states have return successors, (5), 2 states have call predecessors, (5), 3 states have call successors, (5)
[2026-07-04 07:25:57,730 INFO  L278                IsEmpty]: Start isEmpty. Operand 260 states and 430 transitions.
[2026-07-04 07:25:57,730 INFO  L284                IsEmpty]: Finished isEmpty. Found accepting run of length 49
[2026-07-04 07:25:57,730 INFO  L199           NwaCegarLoop]: Found error trace
[2026-07-04 07:25:57,730 INFO  L207           NwaCegarLoop]: trace histogram [1, 1, 1, 1, 1, 1, 1, 1, 1, 1, 1, 1, 1, 1, 1, 1, 1, 1, 1, 1, 1, 1, 1, 1, 1, 1, 1, 1, 1, 1, 1, 1, 1, 1, 1, 1, 1, 1, 1, 1, 1, 1, 1, 1, 1, 1, 1, 1]
[2026-07-04 07:25:57,742 INFO  L546       MonitoredProcess]: [MP /usr/bin/z3 SMTLIB2_COMPLIANT=true -memory:2024 -smt2 -in (5)] Ended with exit code 0
[2026-07-04 07:25:57,931 WARN  L471      AbstractCegarLoop]: Destroyed unattended storables created during the last iteration: 5 /usr/bin/z3 SMTLIB2_COMPLIANT=true -memory:2024 -smt2 -in
[2026-07-04 07:25:57,931 INFO  L408      AbstractCegarLoop]: === Iteration 5 === Targeting __wraparound_assertErr0ASSERT_VIOLATIONASSERT === [__wraparound_assertErr0ASSERT_VIOLATIONASSERT] ===
[2026-07-04 07:25:57,931 INFO  L156       PredicateUnifier]: Initialized classic predicate unifier
[2026-07-04 07:25:57,932 INFO  L85        PathProgramCache]: Analyzing trace with hash -1416291090, now seen corresponding path program 1 times
[2026-07-04 07:25:57,932 INFO  L118   FreeRefinementEngine]: Executing refinement strategy FIXED_PREFERENCES
[2026-07-04 07:25:57,932 INFO  L324   FreeRefinementEngine]: Using trace check IpTcStrategyModulePreferences [1777085017]
[2026-07-04 07:25:57,932 INFO  L97    rtionOrderModulation]: Keeping assertion order NOT_INCREMENTALLY
[2026-07-04 07:25:57,932 INFO  L173          SolverBuilder]: Constructing external solver with command: z3 SMTLIB2_COMPLIANT=true -memory:2024 -smt2 -in
[2026-07-04 07:25:57,933 INFO  L189       MonitoredProcess]: No working directory specified, using /usr/bin/z3
[2026-07-04 07:25:57,935 INFO  L229       MonitoredProcess]: Starting monitored process 6 with /usr/bin/z3 SMTLIB2_COMPLIANT=true -memory:2024 -smt2 -in (exit command is (exit), workingDir is null)
[2026-07-04 07:25:57,937 INFO  L327       MonitoredProcess]: [MP /usr/bin/z3 SMTLIB2_COMPLIANT=true -memory:2024 -smt2 -in (6)] Waiting until timeout for monitored process
[2026-07-04 07:25:58,008 INFO  L108    AnnotateAndAsserter]: Assert order NOT_INCREMENTALLY partitioned 48 statements into 1 equivalence classes.
[2026-07-04 07:25:58,041 INFO  L111    AnnotateAndAsserter]: Assert order NOT_INCREMENTALLY issued 1 check-sat command(s) and asserted 48 of 48 statements.
[2026-07-04 07:25:58,041 INFO  L114    AnnotateAndAsserter]: Assert order NOT_INCREMENTALLY issued 1 check-sat command(s)
[2026-07-04 07:25:58,041 INFO  L115    AnnotateAndAsserter]: Conjunction of SSA is unsat
[2026-07-04 07:25:58,043 INFO  L256         TraceCheckSpWp]: Trace formula consists of 248 conjuncts, 2 conjuncts are in the unsatisfiable core
[2026-07-04 07:25:58,043 INFO  L279         TraceCheckSpWp]: Computing forward predicates...
[2026-07-04 07:25:58,084 INFO  L134       CoverageAnalysis]: Checked inductivity of 0 backedges. 0 proven. 0 refuted. 0 times theorem prover too weak. 0 trivial. 0 not checked.
[2026-07-04 07:25:58,085 INFO  L312         TraceCheckSpWp]: Computing backward predicates...
[2026-07-04 07:25:58,141 INFO  L134       CoverageAnalysis]: Checked inductivity of 0 backedges. 0 proven. 0 refuted. 0 times theorem prover too weak. 0 trivial. 0 not checked.
[2026-07-04 07:25:58,141 INFO  L136   FreeRefinementEngine]: Strategy FIXED_PREFERENCES found an infeasible trace
[2026-07-04 07:25:58,142 INFO  L324   FreeRefinementEngine]: Using interpolant generator IpTcStrategyModulePreferences [1777085017]
[2026-07-04 07:25:58,142 INFO  L158   FreeRefinementEngine]: IpTcStrategyModulePreferences [1777085017] provided 2 perfect and 0 imperfect interpolant sequences
[2026-07-04 07:25:58,142 INFO  L185   FreeRefinementEngine]: Found 2 perfect and 0 imperfect interpolant sequences.
[2026-07-04 07:25:58,142 INFO  L198   FreeRefinementEngine]: Number of different interpolants: perfect sequences [3, 3] imperfect sequences [] total 3
[2026-07-04 07:25:58,142 INFO  L121   tionRefinementEngine]: Using interpolant automaton builder IpAbStrategyModuleStraightlineAll [501101066]
[2026-07-04 07:25:58,142 INFO  L85    oduleStraightlineAll]: Using 2 perfect interpolants to construct interpolant automaton
[2026-07-04 07:25:58,142 INFO  L567      AbstractCegarLoop]: INTERPOLANT automaton has 3 states
[2026-07-04 07:25:58,142 INFO  L100   FreeRefinementEngine]: Using predicate unifier PredicateUnifier provided by strategy FIXED_PREFERENCES
[2026-07-04 07:25:58,143 INFO  L144   InterpolantAutomaton]: Constructing interpolant automaton starting with 3 interpolants.
[2026-07-04 07:25:58,143 INFO  L146   InterpolantAutomaton]: CoverageRelationStatistics Valid=3, Invalid=3, Unknown=0, NotChecked=0, Total=6
[2026-07-04 07:25:58,144 INFO  L87              Difference]: Start difference. First operand 260 states and 430 transitions. Second operand  has 3 states, 3 states have (on average 15.0) internal successors, (45), 3 states have internal predecessors, (45), 3 states have call successors, (6), 3 states have call predecessors, (6), 3 states have return successors, (5), 2 states have call predecessors, (5), 3 states have call successors, (5)
[2026-07-04 07:25:58,174 INFO  L144             Difference]: Subtrahend was deterministic. Have not used determinization.
[2026-07-04 07:25:58,174 INFO  L93              Difference]: Finished difference Result 503 states and 837 transitions.
[2026-07-04 07:25:58,175 INFO  L140   InterpolantAutomaton]: Switched to read-only mode: deterministic interpolant automaton has 3 states. 
[2026-07-04 07:25:58,175 INFO  L79                 Accepts]: Start accepts. Automaton has  has 3 states, 3 states have (on average 15.0) internal successors, (45), 3 states have internal predecessors, (45), 3 states have call successors, (6), 3 states have call predecessors, (6), 3 states have return successors, (5), 2 states have call predecessors, (5), 3 states have call successors, (5) Word has length 48
[2026-07-04 07:25:58,175 INFO  L85                 Accepts]: Finished accepts. some prefix is accepted.
[2026-07-04 07:25:58,176 INFO  L225             Difference]: With dead ends: 503
[2026-07-04 07:25:58,176 INFO  L226             Difference]: Without dead ends: 260
[2026-07-04 07:25:58,177 INFO  L425           NwaCegarLoop]: 0 DeclaredPredicates, 94 GetRequests, 93 SyntacticMatches, 0 SemanticMatches, 1 ConstructedPredicates, 0 IntricatePredicates, 0 DeprecatedPredicates, 0 ImplicationChecksByTransitivity, 0.0s TimeCoverageRelationStatistics Valid=3, Invalid=3, Unknown=0, NotChecked=0, Total=6
[2026-07-04 07:25:58,177 INFO  L426           NwaCegarLoop]: 426 mSDtfsCounter, 394 mSDsluCounter, 0 mSDsCounter, 0 mSdLazyCounter, 2 mSolverCounterSat, 4 mSolverCounterUnsat, 0 mSolverCounterUnknown, 0 mSolverCounterNotChecked, 0.0s Time, 0 mProtectedPredicate, 0 mProtectedAction, 394 SdHoareTripleChecker+Valid, 426 SdHoareTripleChecker+Invalid, 6 SdHoareTripleChecker+Unknown, 0 SdHoareTripleChecker+Unchecked, 0.0s SdHoareTripleChecker+Time, 4 IncrementalHoareTripleChecker+Valid, 2 IncrementalHoareTripleChecker+Invalid, 0 IncrementalHoareTripleChecker+Unknown, 0 IncrementalHoareTripleChecker+Unchecked, 0.0s IncrementalHoareTripleChecker+Time
[2026-07-04 07:25:58,177 INFO  L427           NwaCegarLoop]: SdHoareTripleChecker [394 Valid, 426 Invalid, 6 Unknown, 0 Unchecked, 0.0s Time], IncrementalHoareTripleChecker [4 Valid, 2 Invalid, 0 Unknown, 0 Unchecked, 0.0s Time]
[2026-07-04 07:25:58,177 INFO  L82        GeneralOperation]: Start minimizeSevpa. Operand 260 states.
[2026-07-04 07:25:58,192 INFO  L88        GeneralOperation]: Finished minimizeSevpa. Reduced states from 260 to 260.
[2026-07-04 07:25:58,192 INFO  L82        GeneralOperation]: Start removeUnreachable. Operand  has 260 states, 174 states have (on average 1.5919540229885059) internal successors, (277), 246 states have internal predecessors, (277), 76 states have call successors, (76), 9 states have call predecessors, (76), 9 states have return successors, (75), 10 states have call predecessors, (75), 75 states have call successors, (75)
[2026-07-04 07:25:58,198 INFO  L88        GeneralOperation]: Finished removeUnreachable. Reduced from 260 states to 260 states and 428 transitions.
[2026-07-04 07:25:58,199 INFO  L79                 Accepts]: Start accepts. Automaton has 260 states and 428 transitions. Word has length 48
[2026-07-04 07:25:58,199 INFO  L85                 Accepts]: Finished accepts. word is rejected.
[2026-07-04 07:25:58,199 INFO  L490      AbstractCegarLoop]: Abstraction has 260 states and 428 transitions.
[2026-07-04 07:25:58,199 INFO  L491      AbstractCegarLoop]: INTERPOLANT automaton has  has 3 states, 3 states have (on average 15.0) internal successors, (45), 3 states have internal predecessors, (45), 3 states have call successors, (6), 3 states have call predecessors, (6), 3 states have return successors, (5), 2 states have call predecessors, (5), 3 states have call successors, (5)
[2026-07-04 07:25:58,199 INFO  L278                IsEmpty]: Start isEmpty. Operand 260 states and 428 transitions.
[2026-07-04 07:25:58,199 INFO  L284                IsEmpty]: Finished isEmpty. Found accepting run of length 49
[2026-07-04 07:25:58,199 INFO  L199           NwaCegarLoop]: Found error trace
[2026-07-04 07:25:58,200 INFO  L207           NwaCegarLoop]: trace histogram [1, 1, 1, 1, 1, 1, 1, 1, 1, 1, 1, 1, 1, 1, 1, 1, 1, 1, 1, 1, 1, 1, 1, 1, 1, 1, 1, 1, 1, 1, 1, 1, 1, 1, 1, 1, 1, 1, 1, 1, 1, 1, 1, 1, 1, 1, 1, 1]
[2026-07-04 07:25:58,210 INFO  L546       MonitoredProcess]: [MP /usr/bin/z3 SMTLIB2_COMPLIANT=true -memory:2024 -smt2 -in (6)] Ended with exit code 0
[2026-07-04 07:25:58,400 WARN  L471      AbstractCegarLoop]: Destroyed unattended storables created during the last iteration: 6 /usr/bin/z3 SMTLIB2_COMPLIANT=true -memory:2024 -smt2 -in
[2026-07-04 07:25:58,401 INFO  L408      AbstractCegarLoop]: === Iteration 6 === Targeting __wraparound_assertErr0ASSERT_VIOLATIONASSERT === [__wraparound_assertErr0ASSERT_VIOLATIONASSERT] ===
[2026-07-04 07:25:58,401 INFO  L156       PredicateUnifier]: Initialized classic predicate unifier
[2026-07-04 07:25:58,401 INFO  L85        PathProgramCache]: Analyzing trace with hash -1809318100, now seen corresponding path program 1 times
[2026-07-04 07:25:58,401 INFO  L118   FreeRefinementEngine]: Executing refinement strategy FIXED_PREFERENCES
[2026-07-04 07:25:58,401 INFO  L324   FreeRefinementEngine]: Using trace check IpTcStrategyModulePreferences [218325460]
[2026-07-04 07:25:58,401 INFO  L97    rtionOrderModulation]: Keeping assertion order NOT_INCREMENTALLY
[2026-07-04 07:25:58,401 INFO  L173          SolverBuilder]: Constructing external solver with command: z3 SMTLIB2_COMPLIANT=true -memory:2024 -smt2 -in
[2026-07-04 07:25:58,403 INFO  L189       MonitoredProcess]: No working directory specified, using /usr/bin/z3
[2026-07-04 07:25:58,404 INFO  L229       MonitoredProcess]: Starting monitored process 7 with /usr/bin/z3 SMTLIB2_COMPLIANT=true -memory:2024 -smt2 -in (exit command is (exit), workingDir is null)
[2026-07-04 07:25:58,406 INFO  L327       MonitoredProcess]: [MP /usr/bin/z3 SMTLIB2_COMPLIANT=true -memory:2024 -smt2 -in (7)] Waiting until timeout for monitored process
[2026-07-04 07:25:58,476 INFO  L108    AnnotateAndAsserter]: Assert order NOT_INCREMENTALLY partitioned 48 statements into 1 equivalence classes.
[2026-07-04 07:25:58,499 INFO  L111    AnnotateAndAsserter]: Assert order NOT_INCREMENTALLY issued 1 check-sat command(s) and asserted 48 of 48 statements.
[2026-07-04 07:25:58,499 INFO  L114    AnnotateAndAsserter]: Assert order NOT_INCREMENTALLY issued 1 check-sat command(s)
[2026-07-04 07:25:58,499 INFO  L115    AnnotateAndAsserter]: Conjunction of SSA is unsat
[2026-07-04 07:25:58,507 INFO  L256         TraceCheckSpWp]: Trace formula consists of 244 conjuncts, 3 conjuncts are in the unsatisfiable core
[2026-07-04 07:25:58,508 INFO  L279         TraceCheckSpWp]: Computing forward predicates...
[2026-07-04 07:25:58,550 INFO  L134       CoverageAnalysis]: Checked inductivity of 0 backedges. 0 proven. 0 refuted. 0 times theorem prover too weak. 0 trivial. 0 not checked.
[2026-07-04 07:25:58,550 INFO  L312         TraceCheckSpWp]: Computing backward predicates...
[2026-07-04 07:25:58,584 INFO  L134       CoverageAnalysis]: Checked inductivity of 0 backedges. 0 proven. 0 refuted. 0 times theorem prover too weak. 0 trivial. 0 not checked.
[2026-07-04 07:25:58,584 INFO  L136   FreeRefinementEngine]: Strategy FIXED_PREFERENCES found an infeasible trace
[2026-07-04 07:25:58,584 INFO  L324   FreeRefinementEngine]: Using interpolant generator IpTcStrategyModulePreferences [218325460]
[2026-07-04 07:25:58,584 INFO  L158   FreeRefinementEngine]: IpTcStrategyModulePreferences [218325460] provided 2 perfect and 0 imperfect interpolant sequences
[2026-07-04 07:25:58,584 INFO  L185   FreeRefinementEngine]: Found 2 perfect and 0 imperfect interpolant sequences.
[2026-07-04 07:25:58,584 INFO  L198   FreeRefinementEngine]: Number of different interpolants: perfect sequences [3, 3] imperfect sequences [] total 4
[2026-07-04 07:25:58,585 INFO  L121   tionRefinementEngine]: Using interpolant automaton builder IpAbStrategyModuleStraightlineAll [87302300]
[2026-07-04 07:25:58,585 INFO  L85    oduleStraightlineAll]: Using 2 perfect interpolants to construct interpolant automaton
[2026-07-04 07:25:58,585 INFO  L567      AbstractCegarLoop]: INTERPOLANT automaton has 4 states
[2026-07-04 07:25:58,585 INFO  L100   FreeRefinementEngine]: Using predicate unifier PredicateUnifier provided by strategy FIXED_PREFERENCES
[2026-07-04 07:25:58,585 INFO  L144   InterpolantAutomaton]: Constructing interpolant automaton starting with 4 interpolants.
[2026-07-04 07:25:58,585 INFO  L146   InterpolantAutomaton]: CoverageRelationStatistics Valid=6, Invalid=6, Unknown=0, NotChecked=0, Total=12
[2026-07-04 07:25:58,585 INFO  L87              Difference]: Start difference. First operand 260 states and 428 transitions. Second operand  has 4 states, 4 states have (on average 12.25) internal successors, (49), 4 states have internal predecessors, (49), 2 states have call successors, (6), 2 states have call predecessors, (6), 2 states have return successors, (5), 1 states have call predecessors, (5), 2 states have call successors, (5)
[2026-07-04 07:25:59,756 INFO  L144             Difference]: Subtrahend was deterministic. Have not used determinization.
[2026-07-04 07:25:59,756 INFO  L93              Difference]: Finished difference Result 825 states and 1356 transitions.
[2026-07-04 07:25:59,761 INFO  L140   InterpolantAutomaton]: Switched to read-only mode: deterministic interpolant automaton has 4 states. 
[2026-07-04 07:25:59,762 INFO  L79                 Accepts]: Start accepts. Automaton has  has 4 states, 4 states have (on average 12.25) internal successors, (49), 4 states have internal predecessors, (49), 2 states have call successors, (6), 2 states have call predecessors, (6), 2 states have return successors, (5), 1 states have call predecessors, (5), 2 states have call successors, (5) Word has length 48
[2026-07-04 07:25:59,762 INFO  L85                 Accepts]: Finished accepts. some prefix is accepted.
[2026-07-04 07:25:59,770 INFO  L225             Difference]: With dead ends: 825
[2026-07-04 07:25:59,770 INFO  L226             Difference]: Without dead ends: 575
[2026-07-04 07:25:59,771 INFO  L425           NwaCegarLoop]: 0 DeclaredPredicates, 94 GetRequests, 92 SyntacticMatches, 0 SemanticMatches, 2 ConstructedPredicates, 0 IntricatePredicates, 0 DeprecatedPredicates, 0 ImplicationChecksByTransitivity, 0.0s TimeCoverageRelationStatistics Valid=6, Invalid=6, Unknown=0, NotChecked=0, Total=12
[2026-07-04 07:25:59,772 INFO  L426           NwaCegarLoop]: 485 mSDtfsCounter, 549 mSDsluCounter, 224 mSDsCounter, 0 mSdLazyCounter, 633 mSolverCounterSat, 154 mSolverCounterUnsat, 0 mSolverCounterUnknown, 0 mSolverCounterNotChecked, 0.9s Time, 0 mProtectedPredicate, 0 mProtectedAction, 549 SdHoareTripleChecker+Valid, 709 SdHoareTripleChecker+Invalid, 787 SdHoareTripleChecker+Unknown, 0 SdHoareTripleChecker+Unchecked, 0.0s SdHoareTripleChecker+Time, 154 IncrementalHoareTripleChecker+Valid, 633 IncrementalHoareTripleChecker+Invalid, 0 IncrementalHoareTripleChecker+Unknown, 0 IncrementalHoareTripleChecker+Unchecked, 1.1s IncrementalHoareTripleChecker+Time
[2026-07-04 07:25:59,772 INFO  L427           NwaCegarLoop]: SdHoareTripleChecker [549 Valid, 709 Invalid, 787 Unknown, 0 Unchecked, 0.0s Time], IncrementalHoareTripleChecker [154 Valid, 633 Invalid, 0 Unknown, 0 Unchecked, 1.1s Time]
[2026-07-04 07:25:59,778 INFO  L82        GeneralOperation]: Start minimizeSevpa. Operand 575 states.
[2026-07-04 07:25:59,814 INFO  L88        GeneralOperation]: Finished minimizeSevpa. Reduced states from 575 to 567.
[2026-07-04 07:25:59,815 INFO  L82        GeneralOperation]: Start removeUnreachable. Operand  has 567 states, 463 states have (on average 1.4643628509719222) internal successors, (678), 535 states have internal predecessors, (678), 86 states have call successors, (86), 17 states have call predecessors, (86), 17 states have return successors, (89), 22 states have call predecessors, (89), 83 states have call successors, (89)
[2026-07-04 07:25:59,823 INFO  L88        GeneralOperation]: Finished removeUnreachable. Reduced from 567 states to 567 states and 853 transitions.
[2026-07-04 07:25:59,823 INFO  L79                 Accepts]: Start accepts. Automaton has 567 states and 853 transitions. Word has length 48
[2026-07-04 07:25:59,824 INFO  L85                 Accepts]: Finished accepts. word is rejected.
[2026-07-04 07:25:59,824 INFO  L490      AbstractCegarLoop]: Abstraction has 567 states and 853 transitions.
[2026-07-04 07:25:59,824 INFO  L491      AbstractCegarLoop]: INTERPOLANT automaton has  has 4 states, 4 states have (on average 12.25) internal successors, (49), 4 states have internal predecessors, (49), 2 states have call successors, (6), 2 states have call predecessors, (6), 2 states have return successors, (5), 1 states have call predecessors, (5), 2 states have call successors, (5)
[2026-07-04 07:25:59,824 INFO  L278                IsEmpty]: Start isEmpty. Operand 567 states and 853 transitions.
[2026-07-04 07:25:59,825 INFO  L284                IsEmpty]: Finished isEmpty. Found accepting run of length 49
[2026-07-04 07:25:59,825 INFO  L199           NwaCegarLoop]: Found error trace
[2026-07-04 07:25:59,825 INFO  L207           NwaCegarLoop]: trace histogram [1, 1, 1, 1, 1, 1, 1, 1, 1, 1, 1, 1, 1, 1, 1, 1, 1, 1, 1, 1, 1, 1, 1, 1, 1, 1, 1, 1, 1, 1, 1, 1, 1, 1, 1, 1, 1, 1, 1, 1, 1, 1, 1, 1, 1, 1, 1, 1]
[2026-07-04 07:25:59,838 INFO  L546       MonitoredProcess]: [MP /usr/bin/z3 SMTLIB2_COMPLIANT=true -memory:2024 -smt2 -in (7)] Ended with exit code 0
[2026-07-04 07:26:00,030 WARN  L471      AbstractCegarLoop]: Destroyed unattended storables created during the last iteration: 7 /usr/bin/z3 SMTLIB2_COMPLIANT=true -memory:2024 -smt2 -in
[2026-07-04 07:26:00,030 INFO  L408      AbstractCegarLoop]: === Iteration 7 === Targeting __wraparound_assertErr0ASSERT_VIOLATIONASSERT === [__wraparound_assertErr0ASSERT_VIOLATIONASSERT] ===
[2026-07-04 07:26:00,031 INFO  L156       PredicateUnifier]: Initialized classic predicate unifier
[2026-07-04 07:26:00,031 INFO  L85        PathProgramCache]: Analyzing trace with hash 1897400561, now seen corresponding path program 1 times
[2026-07-04 07:26:00,031 INFO  L118   FreeRefinementEngine]: Executing refinement strategy FIXED_PREFERENCES
[2026-07-04 07:26:00,031 INFO  L324   FreeRefinementEngine]: Using trace check IpTcStrategyModulePreferences [57476524]
[2026-07-04 07:26:00,031 INFO  L97    rtionOrderModulation]: Keeping assertion order NOT_INCREMENTALLY
[2026-07-04 07:26:00,031 INFO  L173          SolverBuilder]: Constructing external solver with command: z3 SMTLIB2_COMPLIANT=true -memory:2024 -smt2 -in
[2026-07-04 07:26:00,033 INFO  L189       MonitoredProcess]: No working directory specified, using /usr/bin/z3
[2026-07-04 07:26:00,034 INFO  L229       MonitoredProcess]: Starting monitored process 8 with /usr/bin/z3 SMTLIB2_COMPLIANT=true -memory:2024 -smt2 -in (exit command is (exit), workingDir is null)
[2026-07-04 07:26:00,037 INFO  L327       MonitoredProcess]: [MP /usr/bin/z3 SMTLIB2_COMPLIANT=true -memory:2024 -smt2 -in (8)] Waiting until timeout for monitored process
[2026-07-04 07:26:00,133 INFO  L108    AnnotateAndAsserter]: Assert order NOT_INCREMENTALLY partitioned 48 statements into 1 equivalence classes.
[2026-07-04 07:26:00,161 INFO  L111    AnnotateAndAsserter]: Assert order NOT_INCREMENTALLY issued 1 check-sat command(s) and asserted 48 of 48 statements.
[2026-07-04 07:26:00,161 INFO  L114    AnnotateAndAsserter]: Assert order NOT_INCREMENTALLY issued 1 check-sat command(s)
[2026-07-04 07:26:00,161 INFO  L115    AnnotateAndAsserter]: Conjunction of SSA is unsat
[2026-07-04 07:26:00,167 INFO  L256         TraceCheckSpWp]: Trace formula consists of 240 conjuncts, 2 conjuncts are in the unsatisfiable core
[2026-07-04 07:26:00,168 INFO  L279         TraceCheckSpWp]: Computing forward predicates...
[2026-07-04 07:26:00,174 INFO  L134       CoverageAnalysis]: Checked inductivity of 0 backedges. 0 proven. 0 refuted. 0 times theorem prover too weak. 0 trivial. 0 not checked.
[2026-07-04 07:26:00,174 INFO  L312         TraceCheckSpWp]: Computing backward predicates...
[2026-07-04 07:26:00,197 INFO  L134       CoverageAnalysis]: Checked inductivity of 0 backedges. 0 proven. 0 refuted. 0 times theorem prover too weak. 0 trivial. 0 not checked.
[2026-07-04 07:26:00,197 INFO  L136   FreeRefinementEngine]: Strategy FIXED_PREFERENCES found an infeasible trace
[2026-07-04 07:26:00,197 INFO  L324   FreeRefinementEngine]: Using interpolant generator IpTcStrategyModulePreferences [57476524]
[2026-07-04 07:26:00,197 INFO  L158   FreeRefinementEngine]: IpTcStrategyModulePreferences [57476524] provided 2 perfect and 0 imperfect interpolant sequences
[2026-07-04 07:26:00,197 INFO  L185   FreeRefinementEngine]: Found 2 perfect and 0 imperfect interpolant sequences.
[2026-07-04 07:26:00,197 INFO  L198   FreeRefinementEngine]: Number of different interpolants: perfect sequences [3, 3] imperfect sequences [] total 3
[2026-07-04 07:26:00,197 INFO  L121   tionRefinementEngine]: Using interpolant automaton builder IpAbStrategyModuleStraightlineAll [407499237]
[2026-07-04 07:26:00,197 INFO  L85    oduleStraightlineAll]: Using 2 perfect interpolants to construct interpolant automaton
[2026-07-04 07:26:00,198 INFO  L567      AbstractCegarLoop]: INTERPOLANT automaton has 3 states
[2026-07-04 07:26:00,198 INFO  L100   FreeRefinementEngine]: Using predicate unifier PredicateUnifier provided by strategy FIXED_PREFERENCES
[2026-07-04 07:26:00,198 INFO  L144   InterpolantAutomaton]: Constructing interpolant automaton starting with 3 interpolants.
[2026-07-04 07:26:00,198 INFO  L146   InterpolantAutomaton]: CoverageRelationStatistics Valid=3, Invalid=3, Unknown=0, NotChecked=0, Total=6
[2026-07-04 07:26:00,198 INFO  L87              Difference]: Start difference. First operand 567 states and 853 transitions. Second operand  has 3 states, 3 states have (on average 15.0) internal successors, (45), 3 states have internal predecessors, (45), 2 states have call successors, (6), 2 states have call predecessors, (6), 2 states have return successors, (5), 1 states have call predecessors, (5), 2 states have call successors, (5)
[2026-07-04 07:26:00,249 INFO  L144             Difference]: Subtrahend was deterministic. Have not used determinization.
[2026-07-04 07:26:00,249 INFO  L93              Difference]: Finished difference Result 1296 states and 2041 transitions.
[2026-07-04 07:26:00,253 INFO  L140   InterpolantAutomaton]: Switched to read-only mode: deterministic interpolant automaton has 3 states. 
[2026-07-04 07:26:00,254 INFO  L79                 Accepts]: Start accepts. Automaton has  has 3 states, 3 states have (on average 15.0) internal successors, (45), 3 states have internal predecessors, (45), 2 states have call successors, (6), 2 states have call predecessors, (6), 2 states have return successors, (5), 1 states have call predecessors, (5), 2 states have call successors, (5) Word has length 48
[2026-07-04 07:26:00,254 INFO  L85                 Accepts]: Finished accepts. some prefix is accepted.
[2026-07-04 07:26:00,256 INFO  L225             Difference]: With dead ends: 1296
[2026-07-04 07:26:00,256 INFO  L226             Difference]: Without dead ends: 848
[2026-07-04 07:26:00,257 INFO  L425           NwaCegarLoop]: 0 DeclaredPredicates, 94 GetRequests, 93 SyntacticMatches, 0 SemanticMatches, 1 ConstructedPredicates, 0 IntricatePredicates, 0 DeprecatedPredicates, 0 ImplicationChecksByTransitivity, 0.0s TimeCoverageRelationStatistics Valid=3, Invalid=3, Unknown=0, NotChecked=0, Total=6
[2026-07-04 07:26:00,266 INFO  L426           NwaCegarLoop]: 756 mSDtfsCounter, 409 mSDsluCounter, 387 mSDsCounter, 0 mSdLazyCounter, 2 mSolverCounterSat, 0 mSolverCounterUnsat, 0 mSolverCounterUnknown, 0 mSolverCounterNotChecked, 0.0s Time, 0 mProtectedPredicate, 0 mProtectedAction, 409 SdHoareTripleChecker+Valid, 1143 SdHoareTripleChecker+Invalid, 2 SdHoareTripleChecker+Unknown, 0 SdHoareTripleChecker+Unchecked, 0.0s SdHoareTripleChecker+Time, 0 IncrementalHoareTripleChecker+Valid, 2 IncrementalHoareTripleChecker+Invalid, 0 IncrementalHoareTripleChecker+Unknown, 0 IncrementalHoareTripleChecker+Unchecked, 0.0s IncrementalHoareTripleChecker+Time
[2026-07-04 07:26:00,266 INFO  L427           NwaCegarLoop]: SdHoareTripleChecker [409 Valid, 1143 Invalid, 2 Unknown, 0 Unchecked, 0.0s Time], IncrementalHoareTripleChecker [0 Valid, 2 Invalid, 0 Unknown, 0 Unchecked, 0.0s Time]
[2026-07-04 07:26:00,267 INFO  L82        GeneralOperation]: Start minimizeSevpa. Operand 848 states.
[2026-07-04 07:26:00,306 INFO  L88        GeneralOperation]: Finished minimizeSevpa. Reduced states from 848 to 605.
[2026-07-04 07:26:00,306 INFO  L82        GeneralOperation]: Start removeUnreachable. Operand  has 605 states, 497 states have (on average 1.4346076458752515) internal successors, (713), 569 states have internal predecessors, (713), 88 states have call successors, (88), 19 states have call predecessors, (88), 19 states have return successors, (90), 24 states have call predecessors, (90), 84 states have call successors, (90)
[2026-07-04 07:26:00,308 INFO  L88        GeneralOperation]: Finished removeUnreachable. Reduced from 605 states to 605 states and 891 transitions.
[2026-07-04 07:26:00,309 INFO  L79                 Accepts]: Start accepts. Automaton has 605 states and 891 transitions. Word has length 48
[2026-07-04 07:26:00,309 INFO  L85                 Accepts]: Finished accepts. word is rejected.
[2026-07-04 07:26:00,309 INFO  L490      AbstractCegarLoop]: Abstraction has 605 states and 891 transitions.
[2026-07-04 07:26:00,309 INFO  L491      AbstractCegarLoop]: INTERPOLANT automaton has  has 3 states, 3 states have (on average 15.0) internal successors, (45), 3 states have internal predecessors, (45), 2 states have call successors, (6), 2 states have call predecessors, (6), 2 states have return successors, (5), 1 states have call predecessors, (5), 2 states have call successors, (5)
[2026-07-04 07:26:00,309 INFO  L278                IsEmpty]: Start isEmpty. Operand 605 states and 891 transitions.
[2026-07-04 07:26:00,318 INFO  L284                IsEmpty]: Finished isEmpty. Found accepting run of length 50
[2026-07-04 07:26:00,318 INFO  L199           NwaCegarLoop]: Found error trace
[2026-07-04 07:26:00,318 INFO  L207           NwaCegarLoop]: trace histogram [1, 1, 1, 1, 1, 1, 1, 1, 1, 1, 1, 1, 1, 1, 1, 1, 1, 1, 1, 1, 1, 1, 1, 1, 1, 1, 1, 1, 1, 1, 1, 1, 1, 1, 1, 1, 1, 1, 1, 1, 1, 1, 1, 1, 1, 1, 1, 1, 1]
[2026-07-04 07:26:00,330 INFO  L546       MonitoredProcess]: [MP /usr/bin/z3 SMTLIB2_COMPLIANT=true -memory:2024 -smt2 -in (8)] Ended with exit code 0
[2026-07-04 07:26:00,519 WARN  L471      AbstractCegarLoop]: Destroyed unattended storables created during the last iteration: 8 /usr/bin/z3 SMTLIB2_COMPLIANT=true -memory:2024 -smt2 -in
[2026-07-04 07:26:00,519 INFO  L408      AbstractCegarLoop]: === Iteration 8 === Targeting __wraparound_assertErr0ASSERT_VIOLATIONASSERT === [__wraparound_assertErr0ASSERT_VIOLATIONASSERT] ===
[2026-07-04 07:26:00,519 INFO  L156       PredicateUnifier]: Initialized classic predicate unifier
[2026-07-04 07:26:00,519 INFO  L85        PathProgramCache]: Analyzing trace with hash 211152696, now seen corresponding path program 1 times
[2026-07-04 07:26:00,519 INFO  L118   FreeRefinementEngine]: Executing refinement strategy FIXED_PREFERENCES
[2026-07-04 07:26:00,521 INFO  L324   FreeRefinementEngine]: Using trace check IpTcStrategyModulePreferences [478211785]
[2026-07-04 07:26:00,521 INFO  L97    rtionOrderModulation]: Keeping assertion order NOT_INCREMENTALLY
[2026-07-04 07:26:00,521 INFO  L173          SolverBuilder]: Constructing external solver with command: z3 SMTLIB2_COMPLIANT=true -memory:2024 -smt2 -in
[2026-07-04 07:26:00,522 INFO  L189       MonitoredProcess]: No working directory specified, using /usr/bin/z3
[2026-07-04 07:26:00,524 INFO  L229       MonitoredProcess]: Starting monitored process 9 with /usr/bin/z3 SMTLIB2_COMPLIANT=true -memory:2024 -smt2 -in (exit command is (exit), workingDir is null)
[2026-07-04 07:26:00,526 INFO  L327       MonitoredProcess]: [MP /usr/bin/z3 SMTLIB2_COMPLIANT=true -memory:2024 -smt2 -in (9)] Waiting until timeout for monitored process
[2026-07-04 07:26:00,598 INFO  L108    AnnotateAndAsserter]: Assert order NOT_INCREMENTALLY partitioned 49 statements into 1 equivalence classes.
[2026-07-04 07:26:00,625 INFO  L111    AnnotateAndAsserter]: Assert order NOT_INCREMENTALLY issued 1 check-sat command(s) and asserted 49 of 49 statements.
[2026-07-04 07:26:00,625 INFO  L114    AnnotateAndAsserter]: Assert order NOT_INCREMENTALLY issued 1 check-sat command(s)
[2026-07-04 07:26:00,625 INFO  L115    AnnotateAndAsserter]: Conjunction of SSA is unsat
[2026-07-04 07:26:00,626 INFO  L256         TraceCheckSpWp]: Trace formula consists of 242 conjuncts, 2 conjuncts are in the unsatisfiable core
[2026-07-04 07:26:00,627 INFO  L279         TraceCheckSpWp]: Computing forward predicates...
[2026-07-04 07:26:00,666 INFO  L134       CoverageAnalysis]: Checked inductivity of 0 backedges. 0 proven. 0 refuted. 0 times theorem prover too weak. 0 trivial. 0 not checked.
[2026-07-04 07:26:00,666 INFO  L312         TraceCheckSpWp]: Computing backward predicates...
[2026-07-04 07:26:00,727 INFO  L134       CoverageAnalysis]: Checked inductivity of 0 backedges. 0 proven. 0 refuted. 0 times theorem prover too weak. 0 trivial. 0 not checked.
[2026-07-04 07:26:00,727 INFO  L136   FreeRefinementEngine]: Strategy FIXED_PREFERENCES found an infeasible trace
[2026-07-04 07:26:00,727 INFO  L324   FreeRefinementEngine]: Using interpolant generator IpTcStrategyModulePreferences [478211785]
[2026-07-04 07:26:00,727 INFO  L158   FreeRefinementEngine]: IpTcStrategyModulePreferences [478211785] provided 2 perfect and 0 imperfect interpolant sequences
[2026-07-04 07:26:00,727 INFO  L185   FreeRefinementEngine]: Found 2 perfect and 0 imperfect interpolant sequences.
[2026-07-04 07:26:00,727 INFO  L198   FreeRefinementEngine]: Number of different interpolants: perfect sequences [3, 4] imperfect sequences [] total 5
[2026-07-04 07:26:00,727 INFO  L121   tionRefinementEngine]: Using interpolant automaton builder IpAbStrategyModuleStraightlineAll [429403085]
[2026-07-04 07:26:00,727 INFO  L85    oduleStraightlineAll]: Using 2 perfect interpolants to construct interpolant automaton
[2026-07-04 07:26:00,728 INFO  L567      AbstractCegarLoop]: INTERPOLANT automaton has 5 states
[2026-07-04 07:26:00,728 INFO  L100   FreeRefinementEngine]: Using predicate unifier PredicateUnifier provided by strategy FIXED_PREFERENCES
[2026-07-04 07:26:00,728 INFO  L144   InterpolantAutomaton]: Constructing interpolant automaton starting with 5 interpolants.
[2026-07-04 07:26:00,728 INFO  L146   InterpolantAutomaton]: CoverageRelationStatistics Valid=8, Invalid=12, Unknown=0, NotChecked=0, Total=20
[2026-07-04 07:26:00,733 INFO  L87              Difference]: Start difference. First operand 605 states and 891 transitions. Second operand  has 5 states, 5 states have (on average 12.4) internal successors, (62), 5 states have internal predecessors, (62), 4 states have call successors, (6), 3 states have call predecessors, (6), 5 states have return successors, (6), 3 states have call predecessors, (6), 3 states have call successors, (6)
[2026-07-04 07:26:01,674 INFO  L144             Difference]: Subtrahend was deterministic. Have not used determinization.
[2026-07-04 07:26:01,674 INFO  L93              Difference]: Finished difference Result 2364 states and 3676 transitions.
[2026-07-04 07:26:01,674 INFO  L140   InterpolantAutomaton]: Switched to read-only mode: deterministic interpolant automaton has 5 states. 
[2026-07-04 07:26:01,675 INFO  L79                 Accepts]: Start accepts. Automaton has  has 5 states, 5 states have (on average 12.4) internal successors, (62), 5 states have internal predecessors, (62), 4 states have call successors, (6), 3 states have call predecessors, (6), 5 states have return successors, (6), 3 states have call predecessors, (6), 3 states have call successors, (6) Word has length 49
[2026-07-04 07:26:01,675 INFO  L85                 Accepts]: Finished accepts. some prefix is accepted.
[2026-07-04 07:26:01,684 INFO  L225             Difference]: With dead ends: 2364
[2026-07-04 07:26:01,684 INFO  L226             Difference]: Without dead ends: 1928
[2026-07-04 07:26:01,686 INFO  L425           NwaCegarLoop]: 0 DeclaredPredicates, 96 GetRequests, 93 SyntacticMatches, 0 SemanticMatches, 3 ConstructedPredicates, 0 IntricatePredicates, 0 DeprecatedPredicates, 1 ImplicationChecksByTransitivity, 0.0s TimeCoverageRelationStatistics Valid=8, Invalid=12, Unknown=0, NotChecked=0, Total=20
[2026-07-04 07:26:01,686 INFO  L426           NwaCegarLoop]: 1102 mSDtfsCounter, 1105 mSDsluCounter, 1968 mSDsCounter, 0 mSdLazyCounter, 678 mSolverCounterSat, 27 mSolverCounterUnsat, 0 mSolverCounterUnknown, 0 mSolverCounterNotChecked, 0.7s Time, 0 mProtectedPredicate, 0 mProtectedAction, 1105 SdHoareTripleChecker+Valid, 3070 SdHoareTripleChecker+Invalid, 705 SdHoareTripleChecker+Unknown, 0 SdHoareTripleChecker+Unchecked, 0.0s SdHoareTripleChecker+Time, 27 IncrementalHoareTripleChecker+Valid, 678 IncrementalHoareTripleChecker+Invalid, 0 IncrementalHoareTripleChecker+Unknown, 0 IncrementalHoareTripleChecker+Unchecked, 0.8s IncrementalHoareTripleChecker+Time
[2026-07-04 07:26:01,686 INFO  L427           NwaCegarLoop]: SdHoareTripleChecker [1105 Valid, 3070 Invalid, 705 Unknown, 0 Unchecked, 0.0s Time], IncrementalHoareTripleChecker [27 Valid, 678 Invalid, 0 Unknown, 0 Unchecked, 0.8s Time]
[2026-07-04 07:26:01,687 INFO  L82        GeneralOperation]: Start minimizeSevpa. Operand 1928 states.
[2026-07-04 07:26:01,804 INFO  L88        GeneralOperation]: Finished minimizeSevpa. Reduced states from 1928 to 1906.
[2026-07-04 07:26:01,810 INFO  L82        GeneralOperation]: Start removeUnreachable. Operand  has 1906 states, 1555 states have (on average 1.4842443729903536) internal successors, (2308), 1804 states have internal predecessors, (2308), 292 states have call successors, (292), 57 states have call predecessors, (292), 58 states have return successors, (313), 65 states have call predecessors, (313), 283 states have call successors, (313)
[2026-07-04 07:26:01,820 INFO  L88        GeneralOperation]: Finished removeUnreachable. Reduced from 1906 states to 1906 states and 2913 transitions.
[2026-07-04 07:26:01,825 INFO  L79                 Accepts]: Start accepts. Automaton has 1906 states and 2913 transitions. Word has length 49
[2026-07-04 07:26:01,826 INFO  L85                 Accepts]: Finished accepts. word is rejected.
[2026-07-04 07:26:01,826 INFO  L490      AbstractCegarLoop]: Abstraction has 1906 states and 2913 transitions.
[2026-07-04 07:26:01,826 INFO  L491      AbstractCegarLoop]: INTERPOLANT automaton has  has 5 states, 5 states have (on average 12.4) internal successors, (62), 5 states have internal predecessors, (62), 4 states have call successors, (6), 3 states have call predecessors, (6), 5 states have return successors, (6), 3 states have call predecessors, (6), 3 states have call successors, (6)
[2026-07-04 07:26:01,826 INFO  L278                IsEmpty]: Start isEmpty. Operand 1906 states and 2913 transitions.
[2026-07-04 07:26:01,834 INFO  L284                IsEmpty]: Finished isEmpty. Found accepting run of length 50
[2026-07-04 07:26:01,834 INFO  L199           NwaCegarLoop]: Found error trace
[2026-07-04 07:26:01,834 INFO  L207           NwaCegarLoop]: trace histogram [1, 1, 1, 1, 1, 1, 1, 1, 1, 1, 1, 1, 1, 1, 1, 1, 1, 1, 1, 1, 1, 1, 1, 1, 1, 1, 1, 1, 1, 1, 1, 1, 1, 1, 1, 1, 1, 1, 1, 1, 1, 1, 1, 1, 1, 1, 1, 1, 1]
[2026-07-04 07:26:01,846 INFO  L546       MonitoredProcess]: [MP /usr/bin/z3 SMTLIB2_COMPLIANT=true -memory:2024 -smt2 -in (9)] Ended with exit code 0
[2026-07-04 07:26:02,035 WARN  L471      AbstractCegarLoop]: Destroyed unattended storables created during the last iteration: 9 /usr/bin/z3 SMTLIB2_COMPLIANT=true -memory:2024 -smt2 -in
[2026-07-04 07:26:02,035 INFO  L408      AbstractCegarLoop]: === Iteration 9 === Targeting __wraparound_assertErr0ASSERT_VIOLATIONASSERT === [__wraparound_assertErr0ASSERT_VIOLATIONASSERT] ===
[2026-07-04 07:26:02,035 INFO  L156       PredicateUnifier]: Initialized classic predicate unifier
[2026-07-04 07:26:02,035 INFO  L85        PathProgramCache]: Analyzing trace with hash 1098656377, now seen corresponding path program 1 times
[2026-07-04 07:26:02,035 INFO  L118   FreeRefinementEngine]: Executing refinement strategy FIXED_PREFERENCES
[2026-07-04 07:26:02,035 INFO  L324   FreeRefinementEngine]: Using trace check IpTcStrategyModulePreferences [906793253]
[2026-07-04 07:26:02,035 INFO  L97    rtionOrderModulation]: Keeping assertion order NOT_INCREMENTALLY
[2026-07-04 07:26:02,035 INFO  L173          SolverBuilder]: Constructing external solver with command: z3 SMTLIB2_COMPLIANT=true -memory:2024 -smt2 -in
[2026-07-04 07:26:02,037 INFO  L189       MonitoredProcess]: No working directory specified, using /usr/bin/z3
[2026-07-04 07:26:02,044 INFO  L229       MonitoredProcess]: Starting monitored process 10 with /usr/bin/z3 SMTLIB2_COMPLIANT=true -memory:2024 -smt2 -in (exit command is (exit), workingDir is null)
[2026-07-04 07:26:02,045 INFO  L327       MonitoredProcess]: [MP /usr/bin/z3 SMTLIB2_COMPLIANT=true -memory:2024 -smt2 -in (10)] Waiting until timeout for monitored process
[2026-07-04 07:26:02,138 INFO  L108    AnnotateAndAsserter]: Assert order NOT_INCREMENTALLY partitioned 49 statements into 1 equivalence classes.
[2026-07-04 07:26:02,173 INFO  L111    AnnotateAndAsserter]: Assert order NOT_INCREMENTALLY issued 1 check-sat command(s) and asserted 49 of 49 statements.
[2026-07-04 07:26:02,173 INFO  L114    AnnotateAndAsserter]: Assert order NOT_INCREMENTALLY issued 1 check-sat command(s)
[2026-07-04 07:26:02,173 INFO  L115    AnnotateAndAsserter]: Conjunction of SSA is unsat
[2026-07-04 07:26:02,178 INFO  L256         TraceCheckSpWp]: Trace formula consists of 242 conjuncts, 2 conjuncts are in the unsatisfiable core
[2026-07-04 07:26:02,180 INFO  L279         TraceCheckSpWp]: Computing forward predicates...
[2026-07-04 07:26:02,330 INFO  L134       CoverageAnalysis]: Checked inductivity of 0 backedges. 0 proven. 0 refuted. 0 times theorem prover too weak. 0 trivial. 0 not checked.
[2026-07-04 07:26:02,330 INFO  L312         TraceCheckSpWp]: Computing backward predicates...
[2026-07-04 07:26:02,358 INFO  L134       CoverageAnalysis]: Checked inductivity of 0 backedges. 0 proven. 0 refuted. 0 times theorem prover too weak. 0 trivial. 0 not checked.
[2026-07-04 07:26:02,358 INFO  L136   FreeRefinementEngine]: Strategy FIXED_PREFERENCES found an infeasible trace
[2026-07-04 07:26:02,358 INFO  L324   FreeRefinementEngine]: Using interpolant generator IpTcStrategyModulePreferences [906793253]
[2026-07-04 07:26:02,358 INFO  L158   FreeRefinementEngine]: IpTcStrategyModulePreferences [906793253] provided 2 perfect and 0 imperfect interpolant sequences
[2026-07-04 07:26:02,358 INFO  L185   FreeRefinementEngine]: Found 2 perfect and 0 imperfect interpolant sequences.
[2026-07-04 07:26:02,358 INFO  L198   FreeRefinementEngine]: Number of different interpolants: perfect sequences [2, 3] imperfect sequences [] total 4
[2026-07-04 07:26:02,358 INFO  L121   tionRefinementEngine]: Using interpolant automaton builder IpAbStrategyModuleStraightlineAll [602350089]
[2026-07-04 07:26:02,358 INFO  L85    oduleStraightlineAll]: Using 2 perfect interpolants to construct interpolant automaton
[2026-07-04 07:26:02,358 INFO  L567      AbstractCegarLoop]: INTERPOLANT automaton has 4 states
[2026-07-04 07:26:02,358 INFO  L100   FreeRefinementEngine]: Using predicate unifier PredicateUnifier provided by strategy FIXED_PREFERENCES
[2026-07-04 07:26:02,359 INFO  L144   InterpolantAutomaton]: Constructing interpolant automaton starting with 4 interpolants.
[2026-07-04 07:26:02,359 INFO  L146   InterpolantAutomaton]: CoverageRelationStatistics Valid=6, Invalid=6, Unknown=0, NotChecked=0, Total=12
[2026-07-04 07:26:02,359 INFO  L87              Difference]: Start difference. First operand 1906 states and 2913 transitions. Second operand  has 4 states, 4 states have (on average 18.25) internal successors, (73), 4 states have internal predecessors, (73), 2 states have call successors, (7), 2 states have call predecessors, (7), 2 states have return successors, (6), 2 states have call predecessors, (6), 2 states have call successors, (6)
[2026-07-04 07:26:02,480 INFO  L144             Difference]: Subtrahend was deterministic. Have not used determinization.
[2026-07-04 07:26:02,480 INFO  L93              Difference]: Finished difference Result 3805 states and 5816 transitions.
[2026-07-04 07:26:02,481 INFO  L140   InterpolantAutomaton]: Switched to read-only mode: deterministic interpolant automaton has 4 states. 
[2026-07-04 07:26:02,482 INFO  L79                 Accepts]: Start accepts. Automaton has  has 4 states, 4 states have (on average 18.25) internal successors, (73), 4 states have internal predecessors, (73), 2 states have call successors, (7), 2 states have call predecessors, (7), 2 states have return successors, (6), 2 states have call predecessors, (6), 2 states have call successors, (6) Word has length 49
[2026-07-04 07:26:02,482 INFO  L85                 Accepts]: Finished accepts. some prefix is accepted.
[2026-07-04 07:26:02,491 INFO  L225             Difference]: With dead ends: 3805
[2026-07-04 07:26:02,491 INFO  L226             Difference]: Without dead ends: 1906
[2026-07-04 07:26:02,498 INFO  L425           NwaCegarLoop]: 0 DeclaredPredicates, 96 GetRequests, 94 SyntacticMatches, 0 SemanticMatches, 2 ConstructedPredicates, 0 IntricatePredicates, 0 DeprecatedPredicates, 0 ImplicationChecksByTransitivity, 0.0s TimeCoverageRelationStatistics Valid=6, Invalid=6, Unknown=0, NotChecked=0, Total=12
[2026-07-04 07:26:02,499 INFO  L426           NwaCegarLoop]: 422 mSDtfsCounter, 16 mSDsluCounter, 412 mSDsCounter, 0 mSdLazyCounter, 11 mSolverCounterSat, 4 mSolverCounterUnsat, 0 mSolverCounterUnknown, 0 mSolverCounterNotChecked, 0.0s Time, 0 mProtectedPredicate, 0 mProtectedAction, 16 SdHoareTripleChecker+Valid, 834 SdHoareTripleChecker+Invalid, 15 SdHoareTripleChecker+Unknown, 0 SdHoareTripleChecker+Unchecked, 0.0s SdHoareTripleChecker+Time, 4 IncrementalHoareTripleChecker+Valid, 11 IncrementalHoareTripleChecker+Invalid, 0 IncrementalHoareTripleChecker+Unknown, 0 IncrementalHoareTripleChecker+Unchecked, 0.0s IncrementalHoareTripleChecker+Time
[2026-07-04 07:26:02,499 INFO  L427           NwaCegarLoop]: SdHoareTripleChecker [16 Valid, 834 Invalid, 15 Unknown, 0 Unchecked, 0.0s Time], IncrementalHoareTripleChecker [4 Valid, 11 Invalid, 0 Unknown, 0 Unchecked, 0.0s Time]
[2026-07-04 07:26:02,500 INFO  L82        GeneralOperation]: Start minimizeSevpa. Operand 1906 states.
[2026-07-04 07:26:02,588 INFO  L88        GeneralOperation]: Finished minimizeSevpa. Reduced states from 1906 to 1906.
[2026-07-04 07:26:02,590 INFO  L82        GeneralOperation]: Start removeUnreachable. Operand  has 1906 states, 1555 states have (on average 1.4829581993569132) internal successors, (2306), 1804 states have internal predecessors, (2306), 292 states have call successors, (292), 57 states have call predecessors, (292), 58 states have return successors, (313), 65 states have call predecessors, (313), 283 states have call successors, (313)
[2026-07-04 07:26:02,603 INFO  L88        GeneralOperation]: Finished removeUnreachable. Reduced from 1906 states to 1906 states and 2911 transitions.
[2026-07-04 07:26:02,603 INFO  L79                 Accepts]: Start accepts. Automaton has 1906 states and 2911 transitions. Word has length 49
[2026-07-04 07:26:02,604 INFO  L85                 Accepts]: Finished accepts. word is rejected.
[2026-07-04 07:26:02,604 INFO  L490      AbstractCegarLoop]: Abstraction has 1906 states and 2911 transitions.
[2026-07-04 07:26:02,604 INFO  L491      AbstractCegarLoop]: INTERPOLANT automaton has  has 4 states, 4 states have (on average 18.25) internal successors, (73), 4 states have internal predecessors, (73), 2 states have call successors, (7), 2 states have call predecessors, (7), 2 states have return successors, (6), 2 states have call predecessors, (6), 2 states have call successors, (6)
[2026-07-04 07:26:02,604 INFO  L278                IsEmpty]: Start isEmpty. Operand 1906 states and 2911 transitions.
[2026-07-04 07:26:02,605 INFO  L284                IsEmpty]: Finished isEmpty. Found accepting run of length 52
[2026-07-04 07:26:02,605 INFO  L199           NwaCegarLoop]: Found error trace
[2026-07-04 07:26:02,605 INFO  L207           NwaCegarLoop]: trace histogram [1, 1, 1, 1, 1, 1, 1, 1, 1, 1, 1, 1, 1, 1, 1, 1, 1, 1, 1, 1, 1, 1, 1, 1, 1, 1, 1, 1, 1, 1, 1, 1, 1, 1, 1, 1, 1, 1, 1, 1, 1, 1, 1, 1, 1, 1, 1, 1, 1, 1, 1]
[2026-07-04 07:26:02,614 INFO  L546       MonitoredProcess]: [MP /usr/bin/z3 SMTLIB2_COMPLIANT=true -memory:2024 -smt2 -in (10)] Ended with exit code 0
[2026-07-04 07:26:02,810 WARN  L471      AbstractCegarLoop]: Destroyed unattended storables created during the last iteration: 10 /usr/bin/z3 SMTLIB2_COMPLIANT=true -memory:2024 -smt2 -in
[2026-07-04 07:26:02,810 INFO  L408      AbstractCegarLoop]: === Iteration 10 === Targeting __wraparound_assertErr0ASSERT_VIOLATIONASSERT === [__wraparound_assertErr0ASSERT_VIOLATIONASSERT] ===
[2026-07-04 07:26:02,814 INFO  L156       PredicateUnifier]: Initialized classic predicate unifier
[2026-07-04 07:26:02,814 INFO  L85        PathProgramCache]: Analyzing trace with hash 706906334, now seen corresponding path program 1 times
[2026-07-04 07:26:02,814 INFO  L118   FreeRefinementEngine]: Executing refinement strategy FIXED_PREFERENCES
[2026-07-04 07:26:02,814 INFO  L324   FreeRefinementEngine]: Using trace check IpTcStrategyModulePreferences [1280532923]
[2026-07-04 07:26:02,814 INFO  L97    rtionOrderModulation]: Keeping assertion order NOT_INCREMENTALLY
[2026-07-04 07:26:02,814 INFO  L173          SolverBuilder]: Constructing external solver with command: z3 SMTLIB2_COMPLIANT=true -memory:2024 -smt2 -in
[2026-07-04 07:26:02,815 INFO  L189       MonitoredProcess]: No working directory specified, using /usr/bin/z3
[2026-07-04 07:26:02,817 INFO  L229       MonitoredProcess]: Starting monitored process 11 with /usr/bin/z3 SMTLIB2_COMPLIANT=true -memory:2024 -smt2 -in (exit command is (exit), workingDir is null)
[2026-07-04 07:26:02,819 INFO  L327       MonitoredProcess]: [MP /usr/bin/z3 SMTLIB2_COMPLIANT=true -memory:2024 -smt2 -in (11)] Waiting until timeout for monitored process
[2026-07-04 07:26:02,905 INFO  L108    AnnotateAndAsserter]: Assert order NOT_INCREMENTALLY partitioned 51 statements into 1 equivalence classes.
[2026-07-04 07:26:02,933 INFO  L111    AnnotateAndAsserter]: Assert order NOT_INCREMENTALLY issued 1 check-sat command(s) and asserted 51 of 51 statements.
[2026-07-04 07:26:02,933 INFO  L114    AnnotateAndAsserter]: Assert order NOT_INCREMENTALLY issued 1 check-sat command(s)
[2026-07-04 07:26:02,933 INFO  L115    AnnotateAndAsserter]: Conjunction of SSA is unsat
[2026-07-04 07:26:02,943 INFO  L256         TraceCheckSpWp]: Trace formula consists of 285 conjuncts, 3 conjuncts are in the unsatisfiable core
[2026-07-04 07:26:02,944 INFO  L279         TraceCheckSpWp]: Computing forward predicates...
[2026-07-04 07:26:02,981 INFO  L134       CoverageAnalysis]: Checked inductivity of 0 backedges. 0 proven. 0 refuted. 0 times theorem prover too weak. 0 trivial. 0 not checked.
[2026-07-04 07:26:02,981 INFO  L312         TraceCheckSpWp]: Computing backward predicates...
[2026-07-04 07:26:03,040 INFO  L134       CoverageAnalysis]: Checked inductivity of 0 backedges. 0 proven. 0 refuted. 0 times theorem prover too weak. 0 trivial. 0 not checked.
[2026-07-04 07:26:03,040 INFO  L136   FreeRefinementEngine]: Strategy FIXED_PREFERENCES found an infeasible trace
[2026-07-04 07:26:03,040 INFO  L324   FreeRefinementEngine]: Using interpolant generator IpTcStrategyModulePreferences [1280532923]
[2026-07-04 07:26:03,040 INFO  L158   FreeRefinementEngine]: IpTcStrategyModulePreferences [1280532923] provided 2 perfect and 0 imperfect interpolant sequences
[2026-07-04 07:26:03,040 INFO  L185   FreeRefinementEngine]: Found 2 perfect and 0 imperfect interpolant sequences.
[2026-07-04 07:26:03,040 INFO  L198   FreeRefinementEngine]: Number of different interpolants: perfect sequences [4, 5] imperfect sequences [] total 5
[2026-07-04 07:26:03,040 INFO  L121   tionRefinementEngine]: Using interpolant automaton builder IpAbStrategyModuleStraightlineAll [1349053604]
[2026-07-04 07:26:03,040 INFO  L85    oduleStraightlineAll]: Using 2 perfect interpolants to construct interpolant automaton
[2026-07-04 07:26:03,040 INFO  L567      AbstractCegarLoop]: INTERPOLANT automaton has 5 states
[2026-07-04 07:26:03,040 INFO  L100   FreeRefinementEngine]: Using predicate unifier PredicateUnifier provided by strategy FIXED_PREFERENCES
[2026-07-04 07:26:03,041 INFO  L144   InterpolantAutomaton]: Constructing interpolant automaton starting with 5 interpolants.
[2026-07-04 07:26:03,041 INFO  L146   InterpolantAutomaton]: CoverageRelationStatistics Valid=7, Invalid=13, Unknown=0, NotChecked=0, Total=20
[2026-07-04 07:26:03,041 INFO  L87              Difference]: Start difference. First operand 1906 states and 2911 transitions. Second operand  has 5 states, 5 states have (on average 13.8) internal successors, (69), 5 states have internal predecessors, (69), 3 states have call successors, (7), 3 states have call predecessors, (7), 3 states have return successors, (6), 2 states have call predecessors, (6), 3 states have call successors, (6)
[2026-07-04 07:26:03,480 INFO  L144             Difference]: Subtrahend was deterministic. Have not used determinization.
[2026-07-04 07:26:03,480 INFO  L93              Difference]: Finished difference Result 3785 states and 5808 transitions.
[2026-07-04 07:26:03,485 INFO  L140   InterpolantAutomaton]: Switched to read-only mode: deterministic interpolant automaton has 4 states. 
[2026-07-04 07:26:03,486 INFO  L79                 Accepts]: Start accepts. Automaton has  has 5 states, 5 states have (on average 13.8) internal successors, (69), 5 states have internal predecessors, (69), 3 states have call successors, (7), 3 states have call predecessors, (7), 3 states have return successors, (6), 2 states have call predecessors, (6), 3 states have call successors, (6) Word has length 51
[2026-07-04 07:26:03,486 INFO  L85                 Accepts]: Finished accepts. some prefix is accepted.
[2026-07-04 07:26:03,494 INFO  L225             Difference]: With dead ends: 3785
[2026-07-04 07:26:03,494 INFO  L226             Difference]: Without dead ends: 1906
[2026-07-04 07:26:03,502 INFO  L425           NwaCegarLoop]: 0 DeclaredPredicates, 102 GetRequests, 98 SyntacticMatches, 0 SemanticMatches, 4 ConstructedPredicates, 0 IntricatePredicates, 0 DeprecatedPredicates, 0 ImplicationChecksByTransitivity, 0.0s TimeCoverageRelationStatistics Valid=11, Invalid=19, Unknown=0, NotChecked=0, Total=30
[2026-07-04 07:26:03,503 INFO  L426           NwaCegarLoop]: 422 mSDtfsCounter, 528 mSDsluCounter, 282 mSDsCounter, 0 mSdLazyCounter, 157 mSolverCounterSat, 303 mSolverCounterUnsat, 0 mSolverCounterUnknown, 0 mSolverCounterNotChecked, 0.3s Time, 0 mProtectedPredicate, 0 mProtectedAction, 528 SdHoareTripleChecker+Valid, 704 SdHoareTripleChecker+Invalid, 460 SdHoareTripleChecker+Unknown, 0 SdHoareTripleChecker+Unchecked, 0.0s SdHoareTripleChecker+Time, 303 IncrementalHoareTripleChecker+Valid, 157 IncrementalHoareTripleChecker+Invalid, 0 IncrementalHoareTripleChecker+Unknown, 0 IncrementalHoareTripleChecker+Unchecked, 0.3s IncrementalHoareTripleChecker+Time
[2026-07-04 07:26:03,503 INFO  L427           NwaCegarLoop]: SdHoareTripleChecker [528 Valid, 704 Invalid, 460 Unknown, 0 Unchecked, 0.0s Time], IncrementalHoareTripleChecker [303 Valid, 157 Invalid, 0 Unknown, 0 Unchecked, 0.3s Time]
[2026-07-04 07:26:03,504 INFO  L82        GeneralOperation]: Start minimizeSevpa. Operand 1906 states.
[2026-07-04 07:26:03,651 INFO  L88        GeneralOperation]: Finished minimizeSevpa. Reduced states from 1906 to 1906.
[2026-07-04 07:26:03,652 INFO  L82        GeneralOperation]: Start removeUnreachable. Operand  has 1906 states, 1555 states have (on average 1.477170418006431) internal successors, (2297), 1804 states have internal predecessors, (2297), 292 states have call successors, (292), 57 states have call predecessors, (292), 58 states have return successors, (313), 65 states have call predecessors, (313), 283 states have call successors, (313)
[2026-07-04 07:26:03,658 INFO  L88        GeneralOperation]: Finished removeUnreachable. Reduced from 1906 states to 1906 states and 2902 transitions.
[2026-07-04 07:26:03,658 INFO  L79                 Accepts]: Start accepts. Automaton has 1906 states and 2902 transitions. Word has length 51
[2026-07-04 07:26:03,659 INFO  L85                 Accepts]: Finished accepts. word is rejected.
[2026-07-04 07:26:03,659 INFO  L490      AbstractCegarLoop]: Abstraction has 1906 states and 2902 transitions.
[2026-07-04 07:26:03,659 INFO  L491      AbstractCegarLoop]: INTERPOLANT automaton has  has 5 states, 5 states have (on average 13.8) internal successors, (69), 5 states have internal predecessors, (69), 3 states have call successors, (7), 3 states have call predecessors, (7), 3 states have return successors, (6), 2 states have call predecessors, (6), 3 states have call successors, (6)
[2026-07-04 07:26:03,659 INFO  L278                IsEmpty]: Start isEmpty. Operand 1906 states and 2902 transitions.
[2026-07-04 07:26:03,669 INFO  L284                IsEmpty]: Finished isEmpty. Found accepting run of length 54
[2026-07-04 07:26:03,670 INFO  L199           NwaCegarLoop]: Found error trace
[2026-07-04 07:26:03,670 INFO  L207           NwaCegarLoop]: trace histogram [1, 1, 1, 1, 1, 1, 1, 1, 1, 1, 1, 1, 1, 1, 1, 1, 1, 1, 1, 1, 1, 1, 1, 1, 1, 1, 1, 1, 1, 1, 1, 1, 1, 1, 1, 1, 1, 1, 1, 1, 1, 1, 1, 1, 1, 1, 1, 1, 1, 1, 1, 1, 1]
[2026-07-04 07:26:03,679 INFO  L546       MonitoredProcess]: [MP /usr/bin/z3 SMTLIB2_COMPLIANT=true -memory:2024 -smt2 -in (11)] Ended with exit code 0
[2026-07-04 07:26:03,870 WARN  L471      AbstractCegarLoop]: Destroyed unattended storables created during the last iteration: 11 /usr/bin/z3 SMTLIB2_COMPLIANT=true -memory:2024 -smt2 -in
[2026-07-04 07:26:03,870 INFO  L408      AbstractCegarLoop]: === Iteration 11 === Targeting __wraparound_assertErr0ASSERT_VIOLATIONASSERT === [__wraparound_assertErr0ASSERT_VIOLATIONASSERT] ===
[2026-07-04 07:26:03,871 INFO  L156       PredicateUnifier]: Initialized classic predicate unifier
[2026-07-04 07:26:03,871 INFO  L85        PathProgramCache]: Analyzing trace with hash 1874752443, now seen corresponding path program 1 times
[2026-07-04 07:26:03,871 INFO  L118   FreeRefinementEngine]: Executing refinement strategy FIXED_PREFERENCES
[2026-07-04 07:26:03,871 INFO  L324   FreeRefinementEngine]: Using trace check IpTcStrategyModulePreferences [1942192341]
[2026-07-04 07:26:03,871 INFO  L97    rtionOrderModulation]: Keeping assertion order NOT_INCREMENTALLY
[2026-07-04 07:26:03,871 INFO  L173          SolverBuilder]: Constructing external solver with command: z3 SMTLIB2_COMPLIANT=true -memory:2024 -smt2 -in
[2026-07-04 07:26:03,872 INFO  L189       MonitoredProcess]: No working directory specified, using /usr/bin/z3
[2026-07-04 07:26:03,880 INFO  L229       MonitoredProcess]: Starting monitored process 12 with /usr/bin/z3 SMTLIB2_COMPLIANT=true -memory:2024 -smt2 -in (exit command is (exit), workingDir is null)
[2026-07-04 07:26:03,882 INFO  L327       MonitoredProcess]: [MP /usr/bin/z3 SMTLIB2_COMPLIANT=true -memory:2024 -smt2 -in (12)] Waiting until timeout for monitored process
[2026-07-04 07:26:03,973 INFO  L108    AnnotateAndAsserter]: Assert order NOT_INCREMENTALLY partitioned 53 statements into 1 equivalence classes.
[2026-07-04 07:26:04,009 INFO  L111    AnnotateAndAsserter]: Assert order NOT_INCREMENTALLY issued 1 check-sat command(s) and asserted 53 of 53 statements.
[2026-07-04 07:26:04,009 INFO  L114    AnnotateAndAsserter]: Assert order NOT_INCREMENTALLY issued 1 check-sat command(s)
[2026-07-04 07:26:04,009 INFO  L115    AnnotateAndAsserter]: Conjunction of SSA is unsat
[2026-07-04 07:26:04,011 INFO  L256         TraceCheckSpWp]: Trace formula consists of 287 conjuncts, 3 conjuncts are in the unsatisfiable core
[2026-07-04 07:26:04,012 INFO  L279         TraceCheckSpWp]: Computing forward predicates...
[2026-07-04 07:26:04,037 INFO  L134       CoverageAnalysis]: Checked inductivity of 0 backedges. 0 proven. 0 refuted. 0 times theorem prover too weak. 0 trivial. 0 not checked.
[2026-07-04 07:26:04,037 INFO  L312         TraceCheckSpWp]: Computing backward predicates...
[2026-07-04 07:26:04,100 INFO  L134       CoverageAnalysis]: Checked inductivity of 0 backedges. 0 proven. 0 refuted. 0 times theorem prover too weak. 0 trivial. 0 not checked.
[2026-07-04 07:26:04,100 INFO  L136   FreeRefinementEngine]: Strategy FIXED_PREFERENCES found an infeasible trace
[2026-07-04 07:26:04,100 INFO  L324   FreeRefinementEngine]: Using interpolant generator IpTcStrategyModulePreferences [1942192341]
[2026-07-04 07:26:04,100 INFO  L158   FreeRefinementEngine]: IpTcStrategyModulePreferences [1942192341] provided 2 perfect and 0 imperfect interpolant sequences
[2026-07-04 07:26:04,100 INFO  L185   FreeRefinementEngine]: Found 2 perfect and 0 imperfect interpolant sequences.
[2026-07-04 07:26:04,100 INFO  L198   FreeRefinementEngine]: Number of different interpolants: perfect sequences [4, 5] imperfect sequences [] total 5
[2026-07-04 07:26:04,100 INFO  L121   tionRefinementEngine]: Using interpolant automaton builder IpAbStrategyModuleStraightlineAll [1964454572]
[2026-07-04 07:26:04,100 INFO  L85    oduleStraightlineAll]: Using 2 perfect interpolants to construct interpolant automaton
[2026-07-04 07:26:04,100 INFO  L567      AbstractCegarLoop]: INTERPOLANT automaton has 5 states
[2026-07-04 07:26:04,100 INFO  L100   FreeRefinementEngine]: Using predicate unifier PredicateUnifier provided by strategy FIXED_PREFERENCES
[2026-07-04 07:26:04,100 INFO  L144   InterpolantAutomaton]: Constructing interpolant automaton starting with 5 interpolants.
[2026-07-04 07:26:04,100 INFO  L146   InterpolantAutomaton]: CoverageRelationStatistics Valid=7, Invalid=13, Unknown=0, NotChecked=0, Total=20
[2026-07-04 07:26:04,100 INFO  L87              Difference]: Start difference. First operand 1906 states and 2902 transitions. Second operand  has 5 states, 5 states have (on average 14.6) internal successors, (73), 5 states have internal predecessors, (73), 3 states have call successors, (7), 3 states have call predecessors, (7), 3 states have return successors, (6), 2 states have call predecessors, (6), 3 states have call successors, (6)
[2026-07-04 07:26:04,582 INFO  L144             Difference]: Subtrahend was deterministic. Have not used determinization.
[2026-07-04 07:26:04,582 INFO  L93              Difference]: Finished difference Result 3785 states and 5791 transitions.
[2026-07-04 07:26:04,582 INFO  L140   InterpolantAutomaton]: Switched to read-only mode: deterministic interpolant automaton has 4 states. 
[2026-07-04 07:26:04,583 INFO  L79                 Accepts]: Start accepts. Automaton has  has 5 states, 5 states have (on average 14.6) internal successors, (73), 5 states have internal predecessors, (73), 3 states have call successors, (7), 3 states have call predecessors, (7), 3 states have return successors, (6), 2 states have call predecessors, (6), 3 states have call successors, (6) Word has length 53
[2026-07-04 07:26:04,583 INFO  L85                 Accepts]: Finished accepts. some prefix is accepted.
[2026-07-04 07:26:04,605 INFO  L225             Difference]: With dead ends: 3785
[2026-07-04 07:26:04,605 INFO  L226             Difference]: Without dead ends: 1906
[2026-07-04 07:26:04,609 INFO  L425           NwaCegarLoop]: 0 DeclaredPredicates, 106 GetRequests, 102 SyntacticMatches, 0 SemanticMatches, 4 ConstructedPredicates, 0 IntricatePredicates, 0 DeprecatedPredicates, 0 ImplicationChecksByTransitivity, 0.0s TimeCoverageRelationStatistics Valid=11, Invalid=19, Unknown=0, NotChecked=0, Total=30
[2026-07-04 07:26:04,614 INFO  L426           NwaCegarLoop]: 421 mSDtfsCounter, 524 mSDsluCounter, 281 mSDsCounter, 0 mSdLazyCounter, 157 mSolverCounterSat, 303 mSolverCounterUnsat, 0 mSolverCounterUnknown, 0 mSolverCounterNotChecked, 0.3s Time, 0 mProtectedPredicate, 0 mProtectedAction, 524 SdHoareTripleChecker+Valid, 702 SdHoareTripleChecker+Invalid, 460 SdHoareTripleChecker+Unknown, 0 SdHoareTripleChecker+Unchecked, 0.0s SdHoareTripleChecker+Time, 303 IncrementalHoareTripleChecker+Valid, 157 IncrementalHoareTripleChecker+Invalid, 0 IncrementalHoareTripleChecker+Unknown, 0 IncrementalHoareTripleChecker+Unchecked, 0.4s IncrementalHoareTripleChecker+Time
[2026-07-04 07:26:04,614 INFO  L427           NwaCegarLoop]: SdHoareTripleChecker [524 Valid, 702 Invalid, 460 Unknown, 0 Unchecked, 0.0s Time], IncrementalHoareTripleChecker [303 Valid, 157 Invalid, 0 Unknown, 0 Unchecked, 0.4s Time]
[2026-07-04 07:26:04,615 INFO  L82        GeneralOperation]: Start minimizeSevpa. Operand 1906 states.
[2026-07-04 07:26:04,707 INFO  L88        GeneralOperation]: Finished minimizeSevpa. Reduced states from 1906 to 1906.
[2026-07-04 07:26:04,708 INFO  L82        GeneralOperation]: Start removeUnreachable. Operand  has 1906 states, 1555 states have (on average 1.4713826366559486) internal successors, (2288), 1804 states have internal predecessors, (2288), 292 states have call successors, (292), 57 states have call predecessors, (292), 58 states have return successors, (313), 65 states have call predecessors, (313), 283 states have call successors, (313)
[2026-07-04 07:26:04,721 INFO  L88        GeneralOperation]: Finished removeUnreachable. Reduced from 1906 states to 1906 states and 2893 transitions.
[2026-07-04 07:26:04,723 INFO  L79                 Accepts]: Start accepts. Automaton has 1906 states and 2893 transitions. Word has length 53
[2026-07-04 07:26:04,723 INFO  L85                 Accepts]: Finished accepts. word is rejected.
[2026-07-04 07:26:04,723 INFO  L490      AbstractCegarLoop]: Abstraction has 1906 states and 2893 transitions.
[2026-07-04 07:26:04,723 INFO  L491      AbstractCegarLoop]: INTERPOLANT automaton has  has 5 states, 5 states have (on average 14.6) internal successors, (73), 5 states have internal predecessors, (73), 3 states have call successors, (7), 3 states have call predecessors, (7), 3 states have return successors, (6), 2 states have call predecessors, (6), 3 states have call successors, (6)
[2026-07-04 07:26:04,723 INFO  L278                IsEmpty]: Start isEmpty. Operand 1906 states and 2893 transitions.
[2026-07-04 07:26:04,724 INFO  L284                IsEmpty]: Finished isEmpty. Found accepting run of length 57
[2026-07-04 07:26:04,724 INFO  L199           NwaCegarLoop]: Found error trace
[2026-07-04 07:26:04,724 INFO  L207           NwaCegarLoop]: trace histogram [1, 1, 1, 1, 1, 1, 1, 1, 1, 1, 1, 1, 1, 1, 1, 1, 1, 1, 1, 1, 1, 1, 1, 1, 1, 1, 1, 1, 1, 1, 1, 1, 1, 1, 1, 1, 1, 1, 1, 1, 1, 1, 1, 1, 1, 1, 1, 1, 1, 1, 1, 1, 1, 1, 1, 1]
[2026-07-04 07:26:04,734 INFO  L546       MonitoredProcess]: [MP /usr/bin/z3 SMTLIB2_COMPLIANT=true -memory:2024 -smt2 -in (12)] Ended with exit code 0
[2026-07-04 07:26:04,924 WARN  L471      AbstractCegarLoop]: Destroyed unattended storables created during the last iteration: 12 /usr/bin/z3 SMTLIB2_COMPLIANT=true -memory:2024 -smt2 -in
[2026-07-04 07:26:04,925 INFO  L408      AbstractCegarLoop]: === Iteration 12 === Targeting __wraparound_assertErr0ASSERT_VIOLATIONASSERT === [__wraparound_assertErr0ASSERT_VIOLATIONASSERT] ===
[2026-07-04 07:26:04,925 INFO  L156       PredicateUnifier]: Initialized classic predicate unifier
[2026-07-04 07:26:04,926 INFO  L85        PathProgramCache]: Analyzing trace with hash -1461536977, now seen corresponding path program 1 times
[2026-07-04 07:26:04,926 INFO  L118   FreeRefinementEngine]: Executing refinement strategy FIXED_PREFERENCES
[2026-07-04 07:26:04,926 INFO  L324   FreeRefinementEngine]: Using trace check IpTcStrategyModulePreferences [1835683166]
[2026-07-04 07:26:04,926 INFO  L97    rtionOrderModulation]: Keeping assertion order NOT_INCREMENTALLY
[2026-07-04 07:26:04,926 INFO  L173          SolverBuilder]: Constructing external solver with command: z3 SMTLIB2_COMPLIANT=true -memory:2024 -smt2 -in
[2026-07-04 07:26:04,927 INFO  L189       MonitoredProcess]: No working directory specified, using /usr/bin/z3
[2026-07-04 07:26:04,936 INFO  L229       MonitoredProcess]: Starting monitored process 13 with /usr/bin/z3 SMTLIB2_COMPLIANT=true -memory:2024 -smt2 -in (exit command is (exit), workingDir is null)
[2026-07-04 07:26:04,937 INFO  L327       MonitoredProcess]: [MP /usr/bin/z3 SMTLIB2_COMPLIANT=true -memory:2024 -smt2 -in (13)] Waiting until timeout for monitored process
[2026-07-04 07:26:05,017 INFO  L108    AnnotateAndAsserter]: Assert order NOT_INCREMENTALLY partitioned 56 statements into 1 equivalence classes.
[2026-07-04 07:26:05,035 INFO  L111    AnnotateAndAsserter]: Assert order NOT_INCREMENTALLY issued 1 check-sat command(s) and asserted 56 of 56 statements.
[2026-07-04 07:26:05,035 INFO  L114    AnnotateAndAsserter]: Assert order NOT_INCREMENTALLY issued 1 check-sat command(s)
[2026-07-04 07:26:05,035 INFO  L115    AnnotateAndAsserter]: Conjunction of SSA is unsat
[2026-07-04 07:26:05,043 INFO  L256         TraceCheckSpWp]: Trace formula consists of 290 conjuncts, 2 conjuncts are in the unsatisfiable core
[2026-07-04 07:26:05,043 INFO  L279         TraceCheckSpWp]: Computing forward predicates...
[2026-07-04 07:26:05,078 INFO  L134       CoverageAnalysis]: Checked inductivity of 0 backedges. 0 proven. 0 refuted. 0 times theorem prover too weak. 0 trivial. 0 not checked.
[2026-07-04 07:26:05,079 INFO  L312         TraceCheckSpWp]: Computing backward predicates...
[2026-07-04 07:26:05,097 INFO  L134       CoverageAnalysis]: Checked inductivity of 0 backedges. 0 proven. 0 refuted. 0 times theorem prover too weak. 0 trivial. 0 not checked.
[2026-07-04 07:26:05,097 INFO  L136   FreeRefinementEngine]: Strategy FIXED_PREFERENCES found an infeasible trace
[2026-07-04 07:26:05,097 INFO  L324   FreeRefinementEngine]: Using interpolant generator IpTcStrategyModulePreferences [1835683166]
[2026-07-04 07:26:05,097 INFO  L158   FreeRefinementEngine]: IpTcStrategyModulePreferences [1835683166] provided 2 perfect and 0 imperfect interpolant sequences
[2026-07-04 07:26:05,097 INFO  L185   FreeRefinementEngine]: Found 2 perfect and 0 imperfect interpolant sequences.
[2026-07-04 07:26:05,097 INFO  L198   FreeRefinementEngine]: Number of different interpolants: perfect sequences [3, 3] imperfect sequences [] total 3
[2026-07-04 07:26:05,097 INFO  L121   tionRefinementEngine]: Using interpolant automaton builder IpAbStrategyModuleStraightlineAll [1953712246]
[2026-07-04 07:26:05,097 INFO  L85    oduleStraightlineAll]: Using 2 perfect interpolants to construct interpolant automaton
[2026-07-04 07:26:05,098 INFO  L567      AbstractCegarLoop]: INTERPOLANT automaton has 3 states
[2026-07-04 07:26:05,098 INFO  L100   FreeRefinementEngine]: Using predicate unifier PredicateUnifier provided by strategy FIXED_PREFERENCES
[2026-07-04 07:26:05,098 INFO  L144   InterpolantAutomaton]: Constructing interpolant automaton starting with 3 interpolants.
[2026-07-04 07:26:05,098 INFO  L146   InterpolantAutomaton]: CoverageRelationStatistics Valid=3, Invalid=3, Unknown=0, NotChecked=0, Total=6
[2026-07-04 07:26:05,098 INFO  L87              Difference]: Start difference. First operand 1906 states and 2893 transitions. Second operand  has 3 states, 3 states have (on average 17.666666666666668) internal successors, (53), 3 states have internal predecessors, (53), 2 states have call successors, (6), 2 states have call predecessors, (6), 2 states have return successors, (5), 1 states have call predecessors, (5), 2 states have call successors, (5)
[2026-07-04 07:26:05,217 INFO  L144             Difference]: Subtrahend was deterministic. Have not used determinization.
[2026-07-04 07:26:05,217 INFO  L93              Difference]: Finished difference Result 4119 states and 6062 transitions.
[2026-07-04 07:26:05,217 INFO  L140   InterpolantAutomaton]: Switched to read-only mode: deterministic interpolant automaton has 3 states. 
[2026-07-04 07:26:05,218 INFO  L79                 Accepts]: Start accepts. Automaton has  has 3 states, 3 states have (on average 17.666666666666668) internal successors, (53), 3 states have internal predecessors, (53), 2 states have call successors, (6), 2 states have call predecessors, (6), 2 states have return successors, (5), 1 states have call predecessors, (5), 2 states have call successors, (5) Word has length 56
[2026-07-04 07:26:05,218 INFO  L85                 Accepts]: Finished accepts. some prefix is accepted.
[2026-07-04 07:26:05,232 INFO  L225             Difference]: With dead ends: 4119
[2026-07-04 07:26:05,232 INFO  L226             Difference]: Without dead ends: 2582
[2026-07-04 07:26:05,240 INFO  L425           NwaCegarLoop]: 0 DeclaredPredicates, 110 GetRequests, 109 SyntacticMatches, 0 SemanticMatches, 1 ConstructedPredicates, 0 IntricatePredicates, 0 DeprecatedPredicates, 0 ImplicationChecksByTransitivity, 0.0s TimeCoverageRelationStatistics Valid=3, Invalid=3, Unknown=0, NotChecked=0, Total=6
[2026-07-04 07:26:05,240 INFO  L426           NwaCegarLoop]: 536 mSDtfsCounter, 394 mSDsluCounter, 135 mSDsCounter, 0 mSdLazyCounter, 11 mSolverCounterSat, 1 mSolverCounterUnsat, 0 mSolverCounterUnknown, 0 mSolverCounterNotChecked, 0.0s Time, 0 mProtectedPredicate, 0 mProtectedAction, 394 SdHoareTripleChecker+Valid, 671 SdHoareTripleChecker+Invalid, 12 SdHoareTripleChecker+Unknown, 0 SdHoareTripleChecker+Unchecked, 0.0s SdHoareTripleChecker+Time, 1 IncrementalHoareTripleChecker+Valid, 11 IncrementalHoareTripleChecker+Invalid, 0 IncrementalHoareTripleChecker+Unknown, 0 IncrementalHoareTripleChecker+Unchecked, 0.0s IncrementalHoareTripleChecker+Time
[2026-07-04 07:26:05,240 INFO  L427           NwaCegarLoop]: SdHoareTripleChecker [394 Valid, 671 Invalid, 12 Unknown, 0 Unchecked, 0.0s Time], IncrementalHoareTripleChecker [1 Valid, 11 Invalid, 0 Unknown, 0 Unchecked, 0.0s Time]
[2026-07-04 07:26:05,241 INFO  L82        GeneralOperation]: Start minimizeSevpa. Operand 2582 states.
[2026-07-04 07:26:05,381 INFO  L88        GeneralOperation]: Finished minimizeSevpa. Reduced states from 2582 to 2091.
[2026-07-04 07:26:05,387 INFO  L82        GeneralOperation]: Start removeUnreachable. Operand  has 2091 states, 1733 states have (on average 1.454125793421812) internal successors, (2520), 1988 states have internal predecessors, (2520), 293 states have call successors, (293), 58 states have call predecessors, (293), 64 states have return successors, (322), 66 states have call predecessors, (322), 284 states have call successors, (322)
[2026-07-04 07:26:05,394 INFO  L88        GeneralOperation]: Finished removeUnreachable. Reduced from 2091 states to 2091 states and 3135 transitions.
[2026-07-04 07:26:05,395 INFO  L79                 Accepts]: Start accepts. Automaton has 2091 states and 3135 transitions. Word has length 56
[2026-07-04 07:26:05,395 INFO  L85                 Accepts]: Finished accepts. word is rejected.
[2026-07-04 07:26:05,395 INFO  L490      AbstractCegarLoop]: Abstraction has 2091 states and 3135 transitions.
[2026-07-04 07:26:05,395 INFO  L491      AbstractCegarLoop]: INTERPOLANT automaton has  has 3 states, 3 states have (on average 17.666666666666668) internal successors, (53), 3 states have internal predecessors, (53), 2 states have call successors, (6), 2 states have call predecessors, (6), 2 states have return successors, (5), 1 states have call predecessors, (5), 2 states have call successors, (5)
[2026-07-04 07:26:05,396 INFO  L278                IsEmpty]: Start isEmpty. Operand 2091 states and 3135 transitions.
[2026-07-04 07:26:05,402 INFO  L284                IsEmpty]: Finished isEmpty. Found accepting run of length 57
[2026-07-04 07:26:05,402 INFO  L199           NwaCegarLoop]: Found error trace
[2026-07-04 07:26:05,402 INFO  L207           NwaCegarLoop]: trace histogram [1, 1, 1, 1, 1, 1, 1, 1, 1, 1, 1, 1, 1, 1, 1, 1, 1, 1, 1, 1, 1, 1, 1, 1, 1, 1, 1, 1, 1, 1, 1, 1, 1, 1, 1, 1, 1, 1, 1, 1, 1, 1, 1, 1, 1, 1, 1, 1, 1, 1, 1, 1, 1, 1, 1, 1]
[2026-07-04 07:26:05,407 INFO  L546       MonitoredProcess]: [MP /usr/bin/z3 SMTLIB2_COMPLIANT=true -memory:2024 -smt2 -in (13)] Ended with exit code 0
[2026-07-04 07:26:05,603 WARN  L471      AbstractCegarLoop]: Destroyed unattended storables created during the last iteration: 13 /usr/bin/z3 SMTLIB2_COMPLIANT=true -memory:2024 -smt2 -in
[2026-07-04 07:26:05,603 INFO  L408      AbstractCegarLoop]: === Iteration 13 === Targeting __wraparound_assertErr0ASSERT_VIOLATIONASSERT === [__wraparound_assertErr0ASSERT_VIOLATIONASSERT] ===
[2026-07-04 07:26:05,603 INFO  L156       PredicateUnifier]: Initialized classic predicate unifier
[2026-07-04 07:26:05,604 INFO  L85        PathProgramCache]: Analyzing trace with hash 757563765, now seen corresponding path program 1 times
[2026-07-04 07:26:05,604 INFO  L118   FreeRefinementEngine]: Executing refinement strategy FIXED_PREFERENCES
[2026-07-04 07:26:05,604 INFO  L324   FreeRefinementEngine]: Using trace check IpTcStrategyModulePreferences [1843093776]
[2026-07-04 07:26:05,604 INFO  L97    rtionOrderModulation]: Keeping assertion order NOT_INCREMENTALLY
[2026-07-04 07:26:05,604 INFO  L173          SolverBuilder]: Constructing external solver with command: z3 SMTLIB2_COMPLIANT=true -memory:2024 -smt2 -in
[2026-07-04 07:26:05,605 INFO  L189       MonitoredProcess]: No working directory specified, using /usr/bin/z3
[2026-07-04 07:26:05,606 INFO  L229       MonitoredProcess]: Starting monitored process 14 with /usr/bin/z3 SMTLIB2_COMPLIANT=true -memory:2024 -smt2 -in (exit command is (exit), workingDir is null)
[2026-07-04 07:26:05,608 INFO  L327       MonitoredProcess]: [MP /usr/bin/z3 SMTLIB2_COMPLIANT=true -memory:2024 -smt2 -in (14)] Waiting until timeout for monitored process
[2026-07-04 07:26:05,676 INFO  L108    AnnotateAndAsserter]: Assert order NOT_INCREMENTALLY partitioned 56 statements into 1 equivalence classes.
[2026-07-04 07:26:05,701 INFO  L111    AnnotateAndAsserter]: Assert order NOT_INCREMENTALLY issued 1 check-sat command(s) and asserted 56 of 56 statements.
[2026-07-04 07:26:05,701 INFO  L114    AnnotateAndAsserter]: Assert order NOT_INCREMENTALLY issued 1 check-sat command(s)
[2026-07-04 07:26:05,701 INFO  L115    AnnotateAndAsserter]: Conjunction of SSA is unsat
[2026-07-04 07:26:05,703 INFO  L256         TraceCheckSpWp]: Trace formula consists of 292 conjuncts, 3 conjuncts are in the unsatisfiable core
[2026-07-04 07:26:05,703 INFO  L279         TraceCheckSpWp]: Computing forward predicates...
[2026-07-04 07:26:05,733 INFO  L134       CoverageAnalysis]: Checked inductivity of 0 backedges. 0 proven. 0 refuted. 0 times theorem prover too weak. 0 trivial. 0 not checked.
[2026-07-04 07:26:05,733 INFO  L312         TraceCheckSpWp]: Computing backward predicates...
[2026-07-04 07:26:05,809 INFO  L134       CoverageAnalysis]: Checked inductivity of 0 backedges. 0 proven. 0 refuted. 0 times theorem prover too weak. 0 trivial. 0 not checked.
[2026-07-04 07:26:05,809 INFO  L136   FreeRefinementEngine]: Strategy FIXED_PREFERENCES found an infeasible trace
[2026-07-04 07:26:05,809 INFO  L324   FreeRefinementEngine]: Using interpolant generator IpTcStrategyModulePreferences [1843093776]
[2026-07-04 07:26:05,809 INFO  L158   FreeRefinementEngine]: IpTcStrategyModulePreferences [1843093776] provided 2 perfect and 0 imperfect interpolant sequences
[2026-07-04 07:26:05,809 INFO  L185   FreeRefinementEngine]: Found 2 perfect and 0 imperfect interpolant sequences.
[2026-07-04 07:26:05,809 INFO  L198   FreeRefinementEngine]: Number of different interpolants: perfect sequences [4, 5] imperfect sequences [] total 5
[2026-07-04 07:26:05,809 INFO  L121   tionRefinementEngine]: Using interpolant automaton builder IpAbStrategyModuleStraightlineAll [1725246799]
[2026-07-04 07:26:05,809 INFO  L85    oduleStraightlineAll]: Using 2 perfect interpolants to construct interpolant automaton
[2026-07-04 07:26:05,810 INFO  L567      AbstractCegarLoop]: INTERPOLANT automaton has 5 states
[2026-07-04 07:26:05,810 INFO  L100   FreeRefinementEngine]: Using predicate unifier PredicateUnifier provided by strategy FIXED_PREFERENCES
[2026-07-04 07:26:05,810 INFO  L144   InterpolantAutomaton]: Constructing interpolant automaton starting with 5 interpolants.
[2026-07-04 07:26:05,810 INFO  L146   InterpolantAutomaton]: CoverageRelationStatistics Valid=7, Invalid=13, Unknown=0, NotChecked=0, Total=20
[2026-07-04 07:26:05,810 INFO  L87              Difference]: Start difference. First operand 2091 states and 3135 transitions. Second operand  has 5 states, 5 states have (on average 15.8) internal successors, (79), 5 states have internal predecessors, (79), 3 states have call successors, (7), 3 states have call predecessors, (7), 3 states have return successors, (6), 2 states have call predecessors, (6), 3 states have call successors, (6)
[2026-07-04 07:26:06,349 INFO  L144             Difference]: Subtrahend was deterministic. Have not used determinization.
[2026-07-04 07:26:06,349 INFO  L93              Difference]: Finished difference Result 3963 states and 5990 transitions.
[2026-07-04 07:26:06,350 INFO  L140   InterpolantAutomaton]: Switched to read-only mode: deterministic interpolant automaton has 4 states. 
[2026-07-04 07:26:06,350 INFO  L79                 Accepts]: Start accepts. Automaton has  has 5 states, 5 states have (on average 15.8) internal successors, (79), 5 states have internal predecessors, (79), 3 states have call successors, (7), 3 states have call predecessors, (7), 3 states have return successors, (6), 2 states have call predecessors, (6), 3 states have call successors, (6) Word has length 56
[2026-07-04 07:26:06,350 INFO  L85                 Accepts]: Finished accepts. some prefix is accepted.
[2026-07-04 07:26:06,364 INFO  L225             Difference]: With dead ends: 3963
[2026-07-04 07:26:06,364 INFO  L226             Difference]: Without dead ends: 1897
[2026-07-04 07:26:06,385 INFO  L425           NwaCegarLoop]: 0 DeclaredPredicates, 112 GetRequests, 108 SyntacticMatches, 0 SemanticMatches, 4 ConstructedPredicates, 0 IntricatePredicates, 0 DeprecatedPredicates, 0 ImplicationChecksByTransitivity, 0.0s TimeCoverageRelationStatistics Valid=11, Invalid=19, Unknown=0, NotChecked=0, Total=30
[2026-07-04 07:26:06,390 INFO  L426           NwaCegarLoop]: 415 mSDtfsCounter, 510 mSDsluCounter, 275 mSDsCounter, 0 mSdLazyCounter, 157 mSolverCounterSat, 304 mSolverCounterUnsat, 0 mSolverCounterUnknown, 0 mSolverCounterNotChecked, 0.4s Time, 0 mProtectedPredicate, 0 mProtectedAction, 510 SdHoareTripleChecker+Valid, 690 SdHoareTripleChecker+Invalid, 461 SdHoareTripleChecker+Unknown, 0 SdHoareTripleChecker+Unchecked, 0.0s SdHoareTripleChecker+Time, 304 IncrementalHoareTripleChecker+Valid, 157 IncrementalHoareTripleChecker+Invalid, 0 IncrementalHoareTripleChecker+Unknown, 0 IncrementalHoareTripleChecker+Unchecked, 0.4s IncrementalHoareTripleChecker+Time
[2026-07-04 07:26:06,390 INFO  L427           NwaCegarLoop]: SdHoareTripleChecker [510 Valid, 690 Invalid, 461 Unknown, 0 Unchecked, 0.0s Time], IncrementalHoareTripleChecker [304 Valid, 157 Invalid, 0 Unknown, 0 Unchecked, 0.4s Time]
[2026-07-04 07:26:06,393 INFO  L82        GeneralOperation]: Start minimizeSevpa. Operand 1897 states.
[2026-07-04 07:26:06,580 INFO  L88        GeneralOperation]: Finished minimizeSevpa. Reduced states from 1897 to 1897.
[2026-07-04 07:26:06,591 INFO  L82        GeneralOperation]: Start removeUnreachable. Operand  has 1897 states, 1546 states have (on average 1.445019404915912) internal successors, (2234), 1795 states have internal predecessors, (2234), 292 states have call successors, (292), 57 states have call predecessors, (292), 58 states have return successors, (313), 65 states have call predecessors, (313), 283 states have call successors, (313)
[2026-07-04 07:26:06,598 INFO  L88        GeneralOperation]: Finished removeUnreachable. Reduced from 1897 states to 1897 states and 2839 transitions.
[2026-07-04 07:26:06,600 INFO  L79                 Accepts]: Start accepts. Automaton has 1897 states and 2839 transitions. Word has length 56
[2026-07-04 07:26:06,600 INFO  L85                 Accepts]: Finished accepts. word is rejected.
[2026-07-04 07:26:06,600 INFO  L490      AbstractCegarLoop]: Abstraction has 1897 states and 2839 transitions.
[2026-07-04 07:26:06,600 INFO  L491      AbstractCegarLoop]: INTERPOLANT automaton has  has 5 states, 5 states have (on average 15.8) internal successors, (79), 5 states have internal predecessors, (79), 3 states have call successors, (7), 3 states have call predecessors, (7), 3 states have return successors, (6), 2 states have call predecessors, (6), 3 states have call successors, (6)
[2026-07-04 07:26:06,600 INFO  L278                IsEmpty]: Start isEmpty. Operand 1897 states and 2839 transitions.
[2026-07-04 07:26:06,604 INFO  L284                IsEmpty]: Finished isEmpty. Found accepting run of length 85
[2026-07-04 07:26:06,604 INFO  L199           NwaCegarLoop]: Found error trace
[2026-07-04 07:26:06,604 INFO  L207           NwaCegarLoop]: trace histogram [1, 1, 1, 1, 1, 1, 1, 1, 1, 1, 1, 1, 1, 1, 1, 1, 1, 1, 1, 1, 1, 1, 1, 1, 1, 1, 1, 1, 1, 1, 1, 1, 1, 1, 1, 1, 1, 1, 1, 1, 1, 1, 1, 1, 1, 1, 1, 1, 1, 1, 1, 1, 1, 1, 1, 1, 1, 1, 1, 1, 1, 1, 1, 1, 1, 1, 1, 1, 1, 1, 1, 1, 1, 1, 1, 1, 1, 1, 1, 1, 1, 1, 1, 1]
[2026-07-04 07:26:06,618 INFO  L546       MonitoredProcess]: [MP /usr/bin/z3 SMTLIB2_COMPLIANT=true -memory:2024 -smt2 -in (14)] Ended with exit code 0
[2026-07-04 07:26:06,805 WARN  L471      AbstractCegarLoop]: Destroyed unattended storables created during the last iteration: 14 /usr/bin/z3 SMTLIB2_COMPLIANT=true -memory:2024 -smt2 -in
[2026-07-04 07:26:06,805 INFO  L408      AbstractCegarLoop]: === Iteration 14 === Targeting __wraparound_assertErr0ASSERT_VIOLATIONASSERT === [__wraparound_assertErr0ASSERT_VIOLATIONASSERT] ===
[2026-07-04 07:26:06,805 INFO  L156       PredicateUnifier]: Initialized classic predicate unifier
[2026-07-04 07:26:06,806 INFO  L85        PathProgramCache]: Analyzing trace with hash 911330176, now seen corresponding path program 1 times
[2026-07-04 07:26:06,806 INFO  L118   FreeRefinementEngine]: Executing refinement strategy FIXED_PREFERENCES
[2026-07-04 07:26:06,806 INFO  L324   FreeRefinementEngine]: Using trace check IpTcStrategyModulePreferences [91966917]
[2026-07-04 07:26:06,806 INFO  L97    rtionOrderModulation]: Keeping assertion order NOT_INCREMENTALLY
[2026-07-04 07:26:06,806 INFO  L173          SolverBuilder]: Constructing external solver with command: z3 SMTLIB2_COMPLIANT=true -memory:2024 -smt2 -in
[2026-07-04 07:26:06,807 INFO  L189       MonitoredProcess]: No working directory specified, using /usr/bin/z3
[2026-07-04 07:26:06,808 INFO  L229       MonitoredProcess]: Starting monitored process 15 with /usr/bin/z3 SMTLIB2_COMPLIANT=true -memory:2024 -smt2 -in (exit command is (exit), workingDir is null)
[2026-07-04 07:26:06,811 INFO  L327       MonitoredProcess]: [MP /usr/bin/z3 SMTLIB2_COMPLIANT=true -memory:2024 -smt2 -in (15)] Waiting until timeout for monitored process
[2026-07-04 07:26:06,890 INFO  L108    AnnotateAndAsserter]: Assert order NOT_INCREMENTALLY partitioned 84 statements into 1 equivalence classes.
[2026-07-04 07:26:06,921 INFO  L111    AnnotateAndAsserter]: Assert order NOT_INCREMENTALLY issued 1 check-sat command(s) and asserted 84 of 84 statements.
[2026-07-04 07:26:06,921 INFO  L114    AnnotateAndAsserter]: Assert order NOT_INCREMENTALLY issued 1 check-sat command(s)
[2026-07-04 07:26:06,921 INFO  L115    AnnotateAndAsserter]: Conjunction of SSA is unsat
[2026-07-04 07:26:06,923 INFO  L256         TraceCheckSpWp]: Trace formula consists of 365 conjuncts, 6 conjuncts are in the unsatisfiable core
[2026-07-04 07:26:06,929 INFO  L279         TraceCheckSpWp]: Computing forward predicates...
[2026-07-04 07:26:07,027 INFO  L134       CoverageAnalysis]: Checked inductivity of 0 backedges. 0 proven. 0 refuted. 0 times theorem prover too weak. 0 trivial. 0 not checked.
[2026-07-04 07:26:07,027 INFO  L312         TraceCheckSpWp]: Computing backward predicates...
[2026-07-04 07:26:07,225 INFO  L134       CoverageAnalysis]: Checked inductivity of 0 backedges. 0 proven. 0 refuted. 0 times theorem prover too weak. 0 trivial. 0 not checked.
[2026-07-04 07:26:07,225 INFO  L136   FreeRefinementEngine]: Strategy FIXED_PREFERENCES found an infeasible trace
[2026-07-04 07:26:07,225 INFO  L324   FreeRefinementEngine]: Using interpolant generator IpTcStrategyModulePreferences [91966917]
[2026-07-04 07:26:07,225 INFO  L158   FreeRefinementEngine]: IpTcStrategyModulePreferences [91966917] provided 2 perfect and 0 imperfect interpolant sequences
[2026-07-04 07:26:07,225 INFO  L185   FreeRefinementEngine]: Found 2 perfect and 0 imperfect interpolant sequences.
[2026-07-04 07:26:07,225 INFO  L198   FreeRefinementEngine]: Number of different interpolants: perfect sequences [6, 6] imperfect sequences [] total 9
[2026-07-04 07:26:07,225 INFO  L121   tionRefinementEngine]: Using interpolant automaton builder IpAbStrategyModuleStraightlineAll [1454874742]
[2026-07-04 07:26:07,225 INFO  L85    oduleStraightlineAll]: Using 2 perfect interpolants to construct interpolant automaton
[2026-07-04 07:26:07,225 INFO  L567      AbstractCegarLoop]: INTERPOLANT automaton has 9 states
[2026-07-04 07:26:07,225 INFO  L100   FreeRefinementEngine]: Using predicate unifier PredicateUnifier provided by strategy FIXED_PREFERENCES
[2026-07-04 07:26:07,225 INFO  L144   InterpolantAutomaton]: Constructing interpolant automaton starting with 9 interpolants.
[2026-07-04 07:26:07,225 INFO  L146   InterpolantAutomaton]: CoverageRelationStatistics Valid=21, Invalid=51, Unknown=0, NotChecked=0, Total=72
[2026-07-04 07:26:07,226 INFO  L87              Difference]: Start difference. First operand 1897 states and 2839 transitions. Second operand  has 9 states, 9 states have (on average 9.88888888888889) internal successors, (89), 9 states have internal predecessors, (89), 4 states have call successors, (10), 4 states have call predecessors, (10), 3 states have return successors, (9), 2 states have call predecessors, (9), 4 states have call successors, (9)
[2026-07-04 07:26:08,980 INFO  L144             Difference]: Subtrahend was deterministic. Have not used determinization.
[2026-07-04 07:26:08,981 INFO  L93              Difference]: Finished difference Result 8641 states and 13554 transitions.
[2026-07-04 07:26:08,986 INFO  L140   InterpolantAutomaton]: Switched to read-only mode: deterministic interpolant automaton has 19 states. 
[2026-07-04 07:26:08,987 INFO  L79                 Accepts]: Start accepts. Automaton has  has 9 states, 9 states have (on average 9.88888888888889) internal successors, (89), 9 states have internal predecessors, (89), 4 states have call successors, (10), 4 states have call predecessors, (10), 3 states have return successors, (9), 2 states have call predecessors, (9), 4 states have call successors, (9) Word has length 84
[2026-07-04 07:26:08,987 INFO  L85                 Accepts]: Finished accepts. some prefix is accepted.
[2026-07-04 07:26:09,024 INFO  L225             Difference]: With dead ends: 8641
[2026-07-04 07:26:09,024 INFO  L226             Difference]: Without dead ends: 6790
[2026-07-04 07:26:09,042 INFO  L425           NwaCegarLoop]: 0 DeclaredPredicates, 185 GetRequests, 166 SyntacticMatches, 0 SemanticMatches, 19 ConstructedPredicates, 0 IntricatePredicates, 0 DeprecatedPredicates, 59 ImplicationChecksByTransitivity, 0.1s TimeCoverageRelationStatistics Valid=120, Invalid=300, Unknown=0, NotChecked=0, Total=420
[2026-07-04 07:26:09,043 INFO  L426           NwaCegarLoop]: 411 mSDtfsCounter, 2012 mSDsluCounter, 987 mSDsCounter, 0 mSdLazyCounter, 3454 mSolverCounterSat, 1139 mSolverCounterUnsat, 0 mSolverCounterUnknown, 0 mSolverCounterNotChecked, 2.9s Time, 0 mProtectedPredicate, 0 mProtectedAction, 2039 SdHoareTripleChecker+Valid, 1398 SdHoareTripleChecker+Invalid, 4593 SdHoareTripleChecker+Unknown, 0 SdHoareTripleChecker+Unchecked, 0.0s SdHoareTripleChecker+Time, 1139 IncrementalHoareTripleChecker+Valid, 3454 IncrementalHoareTripleChecker+Invalid, 0 IncrementalHoareTripleChecker+Unknown, 0 IncrementalHoareTripleChecker+Unchecked, 3.4s IncrementalHoareTripleChecker+Time
[2026-07-04 07:26:09,043 INFO  L427           NwaCegarLoop]: SdHoareTripleChecker [2039 Valid, 1398 Invalid, 4593 Unknown, 0 Unchecked, 0.0s Time], IncrementalHoareTripleChecker [1139 Valid, 3454 Invalid, 0 Unknown, 0 Unchecked, 3.4s Time]
[2026-07-04 07:26:09,045 INFO  L82        GeneralOperation]: Start minimizeSevpa. Operand 6790 states.
[2026-07-04 07:26:09,569 INFO  L88        GeneralOperation]: Finished minimizeSevpa. Reduced states from 6790 to 6353.
[2026-07-04 07:26:09,585 INFO  L82        GeneralOperation]: Start removeUnreachable. Operand  has 6353 states, 5276 states have (on average 1.4027672479150872) internal successors, (7401), 6008 states have internal predecessors, (7401), 862 states have call successors, (862), 209 states have call predecessors, (862), 214 states have return successors, (958), 242 states have call predecessors, (958), 839 states have call successors, (958)
[2026-07-04 07:26:09,607 INFO  L88        GeneralOperation]: Finished removeUnreachable. Reduced from 6353 states to 6353 states and 9221 transitions.
[2026-07-04 07:26:09,609 INFO  L79                 Accepts]: Start accepts. Automaton has 6353 states and 9221 transitions. Word has length 84
[2026-07-04 07:26:09,609 INFO  L85                 Accepts]: Finished accepts. word is rejected.
[2026-07-04 07:26:09,609 INFO  L490      AbstractCegarLoop]: Abstraction has 6353 states and 9221 transitions.
[2026-07-04 07:26:09,609 INFO  L491      AbstractCegarLoop]: INTERPOLANT automaton has  has 9 states, 9 states have (on average 9.88888888888889) internal successors, (89), 9 states have internal predecessors, (89), 4 states have call successors, (10), 4 states have call predecessors, (10), 3 states have return successors, (9), 2 states have call predecessors, (9), 4 states have call successors, (9)
[2026-07-04 07:26:09,609 INFO  L278                IsEmpty]: Start isEmpty. Operand 6353 states and 9221 transitions.
[2026-07-04 07:26:09,615 INFO  L284                IsEmpty]: Finished isEmpty. Found accepting run of length 90
[2026-07-04 07:26:09,615 INFO  L199           NwaCegarLoop]: Found error trace
[2026-07-04 07:26:09,616 INFO  L207           NwaCegarLoop]: trace histogram [1, 1, 1, 1, 1, 1, 1, 1, 1, 1, 1, 1, 1, 1, 1, 1, 1, 1, 1, 1, 1, 1, 1, 1, 1, 1, 1, 1, 1, 1, 1, 1, 1, 1, 1, 1, 1, 1, 1, 1, 1, 1, 1, 1, 1, 1, 1, 1, 1, 1, 1, 1, 1, 1, 1, 1, 1, 1, 1, 1, 1, 1, 1, 1, 1, 1, 1, 1, 1, 1, 1, 1, 1, 1, 1, 1, 1, 1, 1, 1, 1, 1, 1, 1, 1, 1, 1, 1, 1]
[2026-07-04 07:26:09,627 INFO  L546       MonitoredProcess]: [MP /usr/bin/z3 SMTLIB2_COMPLIANT=true -memory:2024 -smt2 -in (15)] Ended with exit code 0
[2026-07-04 07:26:09,818 WARN  L471      AbstractCegarLoop]: Destroyed unattended storables created during the last iteration: 15 /usr/bin/z3 SMTLIB2_COMPLIANT=true -memory:2024 -smt2 -in
[2026-07-04 07:26:09,818 INFO  L408      AbstractCegarLoop]: === Iteration 15 === Targeting __wraparound_assertErr0ASSERT_VIOLATIONASSERT === [__wraparound_assertErr0ASSERT_VIOLATIONASSERT] ===
[2026-07-04 07:26:09,819 INFO  L156       PredicateUnifier]: Initialized classic predicate unifier
[2026-07-04 07:26:09,819 INFO  L85        PathProgramCache]: Analyzing trace with hash 1971659387, now seen corresponding path program 1 times
[2026-07-04 07:26:09,819 INFO  L118   FreeRefinementEngine]: Executing refinement strategy FIXED_PREFERENCES
[2026-07-04 07:26:09,819 INFO  L324   FreeRefinementEngine]: Using trace check IpTcStrategyModulePreferences [143106540]
[2026-07-04 07:26:09,819 INFO  L97    rtionOrderModulation]: Keeping assertion order NOT_INCREMENTALLY
[2026-07-04 07:26:09,819 INFO  L173          SolverBuilder]: Constructing external solver with command: z3 SMTLIB2_COMPLIANT=true -memory:2024 -smt2 -in
[2026-07-04 07:26:09,821 INFO  L189       MonitoredProcess]: No working directory specified, using /usr/bin/z3
[2026-07-04 07:26:09,829 INFO  L229       MonitoredProcess]: Starting monitored process 16 with /usr/bin/z3 SMTLIB2_COMPLIANT=true -memory:2024 -smt2 -in (exit command is (exit), workingDir is null)
[2026-07-04 07:26:09,830 INFO  L327       MonitoredProcess]: [MP /usr/bin/z3 SMTLIB2_COMPLIANT=true -memory:2024 -smt2 -in (16)] Waiting until timeout for monitored process
[2026-07-04 07:26:09,922 INFO  L108    AnnotateAndAsserter]: Assert order NOT_INCREMENTALLY partitioned 89 statements into 1 equivalence classes.
[2026-07-04 07:26:09,966 INFO  L111    AnnotateAndAsserter]: Assert order NOT_INCREMENTALLY issued 1 check-sat command(s) and asserted 89 of 89 statements.
[2026-07-04 07:26:09,966 INFO  L114    AnnotateAndAsserter]: Assert order NOT_INCREMENTALLY issued 1 check-sat command(s)
[2026-07-04 07:26:09,966 INFO  L115    AnnotateAndAsserter]: Conjunction of SSA is unsat
[2026-07-04 07:26:09,968 INFO  L256         TraceCheckSpWp]: Trace formula consists of 364 conjuncts, 2 conjuncts are in the unsatisfiable core
[2026-07-04 07:26:09,969 INFO  L279         TraceCheckSpWp]: Computing forward predicates...
[2026-07-04 07:26:09,975 INFO  L134       CoverageAnalysis]: Checked inductivity of 0 backedges. 0 proven. 0 refuted. 0 times theorem prover too weak. 0 trivial. 0 not checked.
[2026-07-04 07:26:09,975 INFO  L312         TraceCheckSpWp]: Computing backward predicates...
[2026-07-04 07:26:10,020 INFO  L134       CoverageAnalysis]: Checked inductivity of 0 backedges. 0 proven. 0 refuted. 0 times theorem prover too weak. 0 trivial. 0 not checked.
[2026-07-04 07:26:10,020 INFO  L136   FreeRefinementEngine]: Strategy FIXED_PREFERENCES found an infeasible trace
[2026-07-04 07:26:10,020 INFO  L324   FreeRefinementEngine]: Using interpolant generator IpTcStrategyModulePreferences [143106540]
[2026-07-04 07:26:10,020 INFO  L158   FreeRefinementEngine]: IpTcStrategyModulePreferences [143106540] provided 2 perfect and 0 imperfect interpolant sequences
[2026-07-04 07:26:10,020 INFO  L185   FreeRefinementEngine]: Found 2 perfect and 0 imperfect interpolant sequences.
[2026-07-04 07:26:10,020 INFO  L198   FreeRefinementEngine]: Number of different interpolants: perfect sequences [3, 3] imperfect sequences [] total 3
[2026-07-04 07:26:10,020 INFO  L121   tionRefinementEngine]: Using interpolant automaton builder IpAbStrategyModuleStraightlineAll [1172667937]
[2026-07-04 07:26:10,020 INFO  L85    oduleStraightlineAll]: Using 2 perfect interpolants to construct interpolant automaton
[2026-07-04 07:26:10,020 INFO  L567      AbstractCegarLoop]: INTERPOLANT automaton has 3 states
[2026-07-04 07:26:10,020 INFO  L100   FreeRefinementEngine]: Using predicate unifier PredicateUnifier provided by strategy FIXED_PREFERENCES
[2026-07-04 07:26:10,020 INFO  L144   InterpolantAutomaton]: Constructing interpolant automaton starting with 3 interpolants.
[2026-07-04 07:26:10,020 INFO  L146   InterpolantAutomaton]: CoverageRelationStatistics Valid=3, Invalid=3, Unknown=0, NotChecked=0, Total=6
[2026-07-04 07:26:10,021 INFO  L87              Difference]: Start difference. First operand 6353 states and 9221 transitions. Second operand  has 3 states, 3 states have (on average 26.333333333333332) internal successors, (79), 3 states have internal predecessors, (79), 2 states have call successors, (11), 2 states have call predecessors, (11), 2 states have return successors, (10), 2 states have call predecessors, (10), 2 states have call successors, (10)
[2026-07-04 07:26:10,551 INFO  L144             Difference]: Subtrahend was deterministic. Have not used determinization.
[2026-07-04 07:26:10,551 INFO  L93              Difference]: Finished difference Result 13813 states and 19952 transitions.
[2026-07-04 07:26:10,552 INFO  L140   InterpolantAutomaton]: Switched to read-only mode: deterministic interpolant automaton has 3 states. 
[2026-07-04 07:26:10,553 INFO  L79                 Accepts]: Start accepts. Automaton has  has 3 states, 3 states have (on average 26.333333333333332) internal successors, (79), 3 states have internal predecessors, (79), 2 states have call successors, (11), 2 states have call predecessors, (11), 2 states have return successors, (10), 2 states have call predecessors, (10), 2 states have call successors, (10) Word has length 89
[2026-07-04 07:26:10,553 INFO  L85                 Accepts]: Finished accepts. some prefix is accepted.
[2026-07-04 07:26:10,609 INFO  L225             Difference]: With dead ends: 13813
[2026-07-04 07:26:10,609 INFO  L226             Difference]: Without dead ends: 9194
[2026-07-04 07:26:10,630 INFO  L425           NwaCegarLoop]: 0 DeclaredPredicates, 176 GetRequests, 175 SyntacticMatches, 0 SemanticMatches, 1 ConstructedPredicates, 0 IntricatePredicates, 0 DeprecatedPredicates, 0 ImplicationChecksByTransitivity, 0.0s TimeCoverageRelationStatistics Valid=3, Invalid=3, Unknown=0, NotChecked=0, Total=6
[2026-07-04 07:26:10,631 INFO  L426           NwaCegarLoop]: 800 mSDtfsCounter, 384 mSDsluCounter, 407 mSDsCounter, 0 mSdLazyCounter, 7 mSolverCounterSat, 0 mSolverCounterUnsat, 0 mSolverCounterUnknown, 0 mSolverCounterNotChecked, 0.0s Time, 0 mProtectedPredicate, 0 mProtectedAction, 384 SdHoareTripleChecker+Valid, 1207 SdHoareTripleChecker+Invalid, 7 SdHoareTripleChecker+Unknown, 0 SdHoareTripleChecker+Unchecked, 0.0s SdHoareTripleChecker+Time, 0 IncrementalHoareTripleChecker+Valid, 7 IncrementalHoareTripleChecker+Invalid, 0 IncrementalHoareTripleChecker+Unknown, 0 IncrementalHoareTripleChecker+Unchecked, 0.0s IncrementalHoareTripleChecker+Time
[2026-07-04 07:26:10,631 INFO  L427           NwaCegarLoop]: SdHoareTripleChecker [384 Valid, 1207 Invalid, 7 Unknown, 0 Unchecked, 0.0s Time], IncrementalHoareTripleChecker [0 Valid, 7 Invalid, 0 Unknown, 0 Unchecked, 0.0s Time]
[2026-07-04 07:26:10,635 INFO  L82        GeneralOperation]: Start minimizeSevpa. Operand 9194 states.
[2026-07-04 07:26:11,220 INFO  L88        GeneralOperation]: Finished minimizeSevpa. Reduced states from 9194 to 6399.
[2026-07-04 07:26:11,227 INFO  L82        GeneralOperation]: Start removeUnreachable. Operand  has 6399 states, 5301 states have (on average 1.3963403131484626) internal successors, (7402), 6033 states have internal predecessors, (7402), 862 states have call successors, (862), 230 states have call predecessors, (862), 235 states have return successors, (958), 242 states have call predecessors, (958), 839 states have call successors, (958)
[2026-07-04 07:26:11,254 INFO  L88        GeneralOperation]: Finished removeUnreachable. Reduced from 6399 states to 6399 states and 9222 transitions.
[2026-07-04 07:26:11,260 INFO  L79                 Accepts]: Start accepts. Automaton has 6399 states and 9222 transitions. Word has length 89
[2026-07-04 07:26:11,260 INFO  L85                 Accepts]: Finished accepts. word is rejected.
[2026-07-04 07:26:11,260 INFO  L490      AbstractCegarLoop]: Abstraction has 6399 states and 9222 transitions.
[2026-07-04 07:26:11,261 INFO  L491      AbstractCegarLoop]: INTERPOLANT automaton has  has 3 states, 3 states have (on average 26.333333333333332) internal successors, (79), 3 states have internal predecessors, (79), 2 states have call successors, (11), 2 states have call predecessors, (11), 2 states have return successors, (10), 2 states have call predecessors, (10), 2 states have call successors, (10)
[2026-07-04 07:26:11,261 INFO  L278                IsEmpty]: Start isEmpty. Operand 6399 states and 9222 transitions.
[2026-07-04 07:26:11,263 INFO  L284                IsEmpty]: Finished isEmpty. Found accepting run of length 91
[2026-07-04 07:26:11,263 INFO  L199           NwaCegarLoop]: Found error trace
[2026-07-04 07:26:11,263 INFO  L207           NwaCegarLoop]: trace histogram [1, 1, 1, 1, 1, 1, 1, 1, 1, 1, 1, 1, 1, 1, 1, 1, 1, 1, 1, 1, 1, 1, 1, 1, 1, 1, 1, 1, 1, 1, 1, 1, 1, 1, 1, 1, 1, 1, 1, 1, 1, 1, 1, 1, 1, 1, 1, 1, 1, 1, 1, 1, 1, 1, 1, 1, 1, 1, 1, 1, 1, 1, 1, 1, 1, 1, 1, 1, 1, 1, 1, 1, 1, 1, 1, 1, 1, 1, 1, 1, 1, 1, 1, 1, 1, 1, 1, 1, 1, 1]
[2026-07-04 07:26:11,276 INFO  L546       MonitoredProcess]: [MP /usr/bin/z3 SMTLIB2_COMPLIANT=true -memory:2024 -smt2 -in (16)] Ended with exit code 0
[2026-07-04 07:26:11,470 WARN  L471      AbstractCegarLoop]: Destroyed unattended storables created during the last iteration: 16 /usr/bin/z3 SMTLIB2_COMPLIANT=true -memory:2024 -smt2 -in
[2026-07-04 07:26:11,470 INFO  L408      AbstractCegarLoop]: === Iteration 16 === Targeting __wraparound_assertErr0ASSERT_VIOLATIONASSERT === [__wraparound_assertErr0ASSERT_VIOLATIONASSERT] ===
[2026-07-04 07:26:11,471 INFO  L156       PredicateUnifier]: Initialized classic predicate unifier
[2026-07-04 07:26:11,471 INFO  L85        PathProgramCache]: Analyzing trace with hash 1790113330, now seen corresponding path program 1 times
[2026-07-04 07:26:11,471 INFO  L118   FreeRefinementEngine]: Executing refinement strategy FIXED_PREFERENCES
[2026-07-04 07:26:11,471 INFO  L324   FreeRefinementEngine]: Using trace check IpTcStrategyModulePreferences [1194088871]
[2026-07-04 07:26:11,471 INFO  L97    rtionOrderModulation]: Keeping assertion order NOT_INCREMENTALLY
[2026-07-04 07:26:11,471 INFO  L173          SolverBuilder]: Constructing external solver with command: z3 SMTLIB2_COMPLIANT=true -memory:2024 -smt2 -in
[2026-07-04 07:26:11,473 INFO  L189       MonitoredProcess]: No working directory specified, using /usr/bin/z3
[2026-07-04 07:26:11,476 INFO  L229       MonitoredProcess]: Starting monitored process 17 with /usr/bin/z3 SMTLIB2_COMPLIANT=true -memory:2024 -smt2 -in (exit command is (exit), workingDir is null)
[2026-07-04 07:26:11,483 INFO  L327       MonitoredProcess]: [MP /usr/bin/z3 SMTLIB2_COMPLIANT=true -memory:2024 -smt2 -in (17)] Waiting until timeout for monitored process
[2026-07-04 07:26:11,559 INFO  L108    AnnotateAndAsserter]: Assert order NOT_INCREMENTALLY partitioned 90 statements into 1 equivalence classes.
[2026-07-04 07:26:11,595 INFO  L111    AnnotateAndAsserter]: Assert order NOT_INCREMENTALLY issued 1 check-sat command(s) and asserted 90 of 90 statements.
[2026-07-04 07:26:11,595 INFO  L114    AnnotateAndAsserter]: Assert order NOT_INCREMENTALLY issued 1 check-sat command(s)
[2026-07-04 07:26:11,595 INFO  L115    AnnotateAndAsserter]: Conjunction of SSA is unsat
[2026-07-04 07:26:11,597 INFO  L256         TraceCheckSpWp]: Trace formula consists of 385 conjuncts, 6 conjuncts are in the unsatisfiable core
[2026-07-04 07:26:11,598 INFO  L279         TraceCheckSpWp]: Computing forward predicates...
[2026-07-04 07:26:11,706 INFO  L134       CoverageAnalysis]: Checked inductivity of 0 backedges. 0 proven. 0 refuted. 0 times theorem prover too weak. 0 trivial. 0 not checked.
[2026-07-04 07:26:11,706 INFO  L312         TraceCheckSpWp]: Computing backward predicates...
[2026-07-04 07:26:11,887 INFO  L134       CoverageAnalysis]: Checked inductivity of 0 backedges. 0 proven. 0 refuted. 0 times theorem prover too weak. 0 trivial. 0 not checked.
[2026-07-04 07:26:11,887 INFO  L136   FreeRefinementEngine]: Strategy FIXED_PREFERENCES found an infeasible trace
[2026-07-04 07:26:11,887 INFO  L324   FreeRefinementEngine]: Using interpolant generator IpTcStrategyModulePreferences [1194088871]
[2026-07-04 07:26:11,887 INFO  L158   FreeRefinementEngine]: IpTcStrategyModulePreferences [1194088871] provided 2 perfect and 0 imperfect interpolant sequences
[2026-07-04 07:26:11,887 INFO  L185   FreeRefinementEngine]: Found 2 perfect and 0 imperfect interpolant sequences.
[2026-07-04 07:26:11,887 INFO  L198   FreeRefinementEngine]: Number of different interpolants: perfect sequences [6, 6] imperfect sequences [] total 9
[2026-07-04 07:26:11,887 INFO  L121   tionRefinementEngine]: Using interpolant automaton builder IpAbStrategyModuleStraightlineAll [335347142]
[2026-07-04 07:26:11,887 INFO  L85    oduleStraightlineAll]: Using 2 perfect interpolants to construct interpolant automaton
[2026-07-04 07:26:11,888 INFO  L567      AbstractCegarLoop]: INTERPOLANT automaton has 9 states
[2026-07-04 07:26:11,888 INFO  L100   FreeRefinementEngine]: Using predicate unifier PredicateUnifier provided by strategy FIXED_PREFERENCES
[2026-07-04 07:26:11,888 INFO  L144   InterpolantAutomaton]: Constructing interpolant automaton starting with 9 interpolants.
[2026-07-04 07:26:11,888 INFO  L146   InterpolantAutomaton]: CoverageRelationStatistics Valid=21, Invalid=51, Unknown=0, NotChecked=0, Total=72
[2026-07-04 07:26:11,888 INFO  L87              Difference]: Start difference. First operand 6399 states and 9222 transitions. Second operand  has 9 states, 9 states have (on average 10.666666666666666) internal successors, (96), 9 states have internal predecessors, (96), 4 states have call successors, (10), 4 states have call predecessors, (10), 3 states have return successors, (9), 2 states have call predecessors, (9), 4 states have call successors, (9)
[2026-07-04 07:26:14,520 INFO  L144             Difference]: Subtrahend was deterministic. Have not used determinization.
[2026-07-04 07:26:14,520 INFO  L93              Difference]: Finished difference Result 12110 states and 17678 transitions.
[2026-07-04 07:26:14,520 INFO  L140   InterpolantAutomaton]: Switched to read-only mode: deterministic interpolant automaton has 14 states. 
[2026-07-04 07:26:14,520 INFO  L79                 Accepts]: Start accepts. Automaton has  has 9 states, 9 states have (on average 10.666666666666666) internal successors, (96), 9 states have internal predecessors, (96), 4 states have call successors, (10), 4 states have call predecessors, (10), 3 states have return successors, (9), 2 states have call predecessors, (9), 4 states have call successors, (9) Word has length 90
[2026-07-04 07:26:14,520 INFO  L85                 Accepts]: Finished accepts. some prefix is accepted.
[2026-07-04 07:26:14,542 INFO  L225             Difference]: With dead ends: 12110
[2026-07-04 07:26:14,546 INFO  L226             Difference]: Without dead ends: 7115
[2026-07-04 07:26:14,559 INFO  L425           NwaCegarLoop]: 0 DeclaredPredicates, 190 GetRequests, 175 SyntacticMatches, 0 SemanticMatches, 15 ConstructedPredicates, 0 IntricatePredicates, 0 DeprecatedPredicates, 19 ImplicationChecksByTransitivity, 0.1s TimeCoverageRelationStatistics Valid=92, Invalid=180, Unknown=0, NotChecked=0, Total=272
[2026-07-04 07:26:14,560 INFO  L426           NwaCegarLoop]: 382 mSDtfsCounter, 1197 mSDsluCounter, 618 mSDsCounter, 0 mSdLazyCounter, 2728 mSolverCounterSat, 730 mSolverCounterUnsat, 0 mSolverCounterUnknown, 0 mSolverCounterNotChecked, 1.9s Time, 0 mProtectedPredicate, 0 mProtectedAction, 1197 SdHoareTripleChecker+Valid, 1000 SdHoareTripleChecker+Invalid, 3458 SdHoareTripleChecker+Unknown, 0 SdHoareTripleChecker+Unchecked, 0.0s SdHoareTripleChecker+Time, 730 IncrementalHoareTripleChecker+Valid, 2728 IncrementalHoareTripleChecker+Invalid, 0 IncrementalHoareTripleChecker+Unknown, 0 IncrementalHoareTripleChecker+Unchecked, 2.2s IncrementalHoareTripleChecker+Time
[2026-07-04 07:26:14,560 INFO  L427           NwaCegarLoop]: SdHoareTripleChecker [1197 Valid, 1000 Invalid, 3458 Unknown, 0 Unchecked, 0.0s Time], IncrementalHoareTripleChecker [730 Valid, 2728 Invalid, 0 Unknown, 0 Unchecked, 2.2s Time]
[2026-07-04 07:26:14,567 INFO  L82        GeneralOperation]: Start minimizeSevpa. Operand 7115 states.
[2026-07-04 07:26:15,194 INFO  L88        GeneralOperation]: Finished minimizeSevpa. Reduced states from 7115 to 6899.
[2026-07-04 07:26:15,200 INFO  L82        GeneralOperation]: Start removeUnreachable. Operand  has 6899 states, 5794 states have (on average 1.3455298584742836) internal successors, (7796), 6491 states have internal predecessors, (7796), 840 states have call successors, (840), 259 states have call predecessors, (840), 264 states have return successors, (947), 272 states have call predecessors, (947), 817 states have call successors, (947)
[2026-07-04 07:26:15,217 INFO  L88        GeneralOperation]: Finished removeUnreachable. Reduced from 6899 states to 6899 states and 9583 transitions.
[2026-07-04 07:26:15,223 INFO  L79                 Accepts]: Start accepts. Automaton has 6899 states and 9583 transitions. Word has length 90
[2026-07-04 07:26:15,224 INFO  L85                 Accepts]: Finished accepts. word is rejected.
[2026-07-04 07:26:15,224 INFO  L490      AbstractCegarLoop]: Abstraction has 6899 states and 9583 transitions.
[2026-07-04 07:26:15,224 INFO  L491      AbstractCegarLoop]: INTERPOLANT automaton has  has 9 states, 9 states have (on average 10.666666666666666) internal successors, (96), 9 states have internal predecessors, (96), 4 states have call successors, (10), 4 states have call predecessors, (10), 3 states have return successors, (9), 2 states have call predecessors, (9), 4 states have call successors, (9)
[2026-07-04 07:26:15,224 INFO  L278                IsEmpty]: Start isEmpty. Operand 6899 states and 9583 transitions.
[2026-07-04 07:26:15,225 INFO  L284                IsEmpty]: Finished isEmpty. Found accepting run of length 94
[2026-07-04 07:26:15,225 INFO  L199           NwaCegarLoop]: Found error trace
[2026-07-04 07:26:15,225 INFO  L207           NwaCegarLoop]: trace histogram [1, 1, 1, 1, 1, 1, 1, 1, 1, 1, 1, 1, 1, 1, 1, 1, 1, 1, 1, 1, 1, 1, 1, 1, 1, 1, 1, 1, 1, 1, 1, 1, 1, 1, 1, 1, 1, 1, 1, 1, 1, 1, 1, 1, 1, 1, 1, 1, 1, 1, 1, 1, 1, 1, 1, 1, 1, 1, 1, 1, 1, 1, 1, 1, 1, 1, 1, 1, 1, 1, 1, 1, 1, 1, 1, 1, 1, 1, 1, 1, 1, 1, 1, 1, 1, 1, 1, 1, 1, 1, 1, 1, 1]
[2026-07-04 07:26:15,235 INFO  L546       MonitoredProcess]: [MP /usr/bin/z3 SMTLIB2_COMPLIANT=true -memory:2024 -smt2 -in (17)] Ended with exit code 0
[2026-07-04 07:26:15,430 WARN  L471      AbstractCegarLoop]: Destroyed unattended storables created during the last iteration: 17 /usr/bin/z3 SMTLIB2_COMPLIANT=true -memory:2024 -smt2 -in
[2026-07-04 07:26:15,431 INFO  L408      AbstractCegarLoop]: === Iteration 17 === Targeting __wraparound_assertErr0ASSERT_VIOLATIONASSERT === [__wraparound_assertErr0ASSERT_VIOLATIONASSERT] ===
[2026-07-04 07:26:15,431 INFO  L156       PredicateUnifier]: Initialized classic predicate unifier
[2026-07-04 07:26:15,431 INFO  L85        PathProgramCache]: Analyzing trace with hash -51236213, now seen corresponding path program 1 times
[2026-07-04 07:26:15,431 INFO  L118   FreeRefinementEngine]: Executing refinement strategy FIXED_PREFERENCES
[2026-07-04 07:26:15,431 INFO  L324   FreeRefinementEngine]: Using trace check IpTcStrategyModulePreferences [905928165]
[2026-07-04 07:26:15,431 INFO  L97    rtionOrderModulation]: Keeping assertion order NOT_INCREMENTALLY
[2026-07-04 07:26:15,431 INFO  L173          SolverBuilder]: Constructing external solver with command: z3 SMTLIB2_COMPLIANT=true -memory:2024 -smt2 -in
[2026-07-04 07:26:15,432 INFO  L189       MonitoredProcess]: No working directory specified, using /usr/bin/z3
[2026-07-04 07:26:15,433 INFO  L229       MonitoredProcess]: Starting monitored process 18 with /usr/bin/z3 SMTLIB2_COMPLIANT=true -memory:2024 -smt2 -in (exit command is (exit), workingDir is null)
[2026-07-04 07:26:15,436 INFO  L327       MonitoredProcess]: [MP /usr/bin/z3 SMTLIB2_COMPLIANT=true -memory:2024 -smt2 -in (18)] Waiting until timeout for monitored process
[2026-07-04 07:26:15,509 INFO  L108    AnnotateAndAsserter]: Assert order NOT_INCREMENTALLY partitioned 93 statements into 1 equivalence classes.
[2026-07-04 07:26:15,542 INFO  L111    AnnotateAndAsserter]: Assert order NOT_INCREMENTALLY issued 1 check-sat command(s) and asserted 93 of 93 statements.
[2026-07-04 07:26:15,542 INFO  L114    AnnotateAndAsserter]: Assert order NOT_INCREMENTALLY issued 1 check-sat command(s)
[2026-07-04 07:26:15,542 INFO  L115    AnnotateAndAsserter]: Conjunction of SSA is unsat
[2026-07-04 07:26:15,544 INFO  L256         TraceCheckSpWp]: Trace formula consists of 387 conjuncts, 6 conjuncts are in the unsatisfiable core
[2026-07-04 07:26:15,545 INFO  L279         TraceCheckSpWp]: Computing forward predicates...
[2026-07-04 07:26:15,658 INFO  L134       CoverageAnalysis]: Checked inductivity of 0 backedges. 0 proven. 0 refuted. 0 times theorem prover too weak. 0 trivial. 0 not checked.
[2026-07-04 07:26:15,658 INFO  L312         TraceCheckSpWp]: Computing backward predicates...
[2026-07-04 07:26:15,850 INFO  L134       CoverageAnalysis]: Checked inductivity of 0 backedges. 0 proven. 0 refuted. 0 times theorem prover too weak. 0 trivial. 0 not checked.
[2026-07-04 07:26:15,850 INFO  L136   FreeRefinementEngine]: Strategy FIXED_PREFERENCES found an infeasible trace
[2026-07-04 07:26:15,851 INFO  L324   FreeRefinementEngine]: Using interpolant generator IpTcStrategyModulePreferences [905928165]
[2026-07-04 07:26:15,851 INFO  L158   FreeRefinementEngine]: IpTcStrategyModulePreferences [905928165] provided 2 perfect and 0 imperfect interpolant sequences
[2026-07-04 07:26:15,851 INFO  L185   FreeRefinementEngine]: Found 2 perfect and 0 imperfect interpolant sequences.
[2026-07-04 07:26:15,851 INFO  L198   FreeRefinementEngine]: Number of different interpolants: perfect sequences [6, 6] imperfect sequences [] total 7
[2026-07-04 07:26:15,851 INFO  L121   tionRefinementEngine]: Using interpolant automaton builder IpAbStrategyModuleStraightlineAll [2125132556]
[2026-07-04 07:26:15,851 INFO  L85    oduleStraightlineAll]: Using 2 perfect interpolants to construct interpolant automaton
[2026-07-04 07:26:15,851 INFO  L567      AbstractCegarLoop]: INTERPOLANT automaton has 7 states
[2026-07-04 07:26:15,851 INFO  L100   FreeRefinementEngine]: Using predicate unifier PredicateUnifier provided by strategy FIXED_PREFERENCES
[2026-07-04 07:26:15,852 INFO  L144   InterpolantAutomaton]: Constructing interpolant automaton starting with 7 interpolants.
[2026-07-04 07:26:15,852 INFO  L146   InterpolantAutomaton]: CoverageRelationStatistics Valid=14, Invalid=28, Unknown=0, NotChecked=0, Total=42
[2026-07-04 07:26:15,852 INFO  L87              Difference]: Start difference. First operand 6899 states and 9583 transitions. Second operand  has 7 states, 7 states have (on average 13.428571428571429) internal successors, (94), 7 states have internal predecessors, (94), 3 states have call successors, (10), 4 states have call predecessors, (10), 3 states have return successors, (8), 2 states have call predecessors, (8), 3 states have call successors, (8)
[2026-07-04 07:26:17,393 INFO  L144             Difference]: Subtrahend was deterministic. Have not used determinization.
[2026-07-04 07:26:17,393 INFO  L93              Difference]: Finished difference Result 8786 states and 11858 transitions.
[2026-07-04 07:26:17,393 INFO  L140   InterpolantAutomaton]: Switched to read-only mode: deterministic interpolant automaton has 11 states. 
[2026-07-04 07:26:17,393 INFO  L79                 Accepts]: Start accepts. Automaton has  has 7 states, 7 states have (on average 13.428571428571429) internal successors, (94), 7 states have internal predecessors, (94), 3 states have call successors, (10), 4 states have call predecessors, (10), 3 states have return successors, (8), 2 states have call predecessors, (8), 3 states have call successors, (8) Word has length 93
[2026-07-04 07:26:17,393 INFO  L85                 Accepts]: Finished accepts. some prefix is accepted.
[2026-07-04 07:26:17,424 INFO  L225             Difference]: With dead ends: 8786
[2026-07-04 07:26:17,425 INFO  L226             Difference]: Without dead ends: 5041
[2026-07-04 07:26:17,433 INFO  L425           NwaCegarLoop]: 0 DeclaredPredicates, 192 GetRequests, 182 SyntacticMatches, 0 SemanticMatches, 10 ConstructedPredicates, 0 IntricatePredicates, 0 DeprecatedPredicates, 7 ImplicationChecksByTransitivity, 0.1s TimeCoverageRelationStatistics Valid=45, Invalid=87, Unknown=0, NotChecked=0, Total=132
[2026-07-04 07:26:17,434 INFO  L426           NwaCegarLoop]: 392 mSDtfsCounter, 1146 mSDsluCounter, 577 mSDsCounter, 0 mSdLazyCounter, 1409 mSolverCounterSat, 442 mSolverCounterUnsat, 0 mSolverCounterUnknown, 0 mSolverCounterNotChecked, 1.0s Time, 0 mProtectedPredicate, 0 mProtectedAction, 1172 SdHoareTripleChecker+Valid, 969 SdHoareTripleChecker+Invalid, 1851 SdHoareTripleChecker+Unknown, 0 SdHoareTripleChecker+Unchecked, 0.0s SdHoareTripleChecker+Time, 442 IncrementalHoareTripleChecker+Valid, 1409 IncrementalHoareTripleChecker+Invalid, 0 IncrementalHoareTripleChecker+Unknown, 0 IncrementalHoareTripleChecker+Unchecked, 1.2s IncrementalHoareTripleChecker+Time
[2026-07-04 07:26:17,434 INFO  L427           NwaCegarLoop]: SdHoareTripleChecker [1172 Valid, 969 Invalid, 1851 Unknown, 0 Unchecked, 0.0s Time], IncrementalHoareTripleChecker [442 Valid, 1409 Invalid, 0 Unknown, 0 Unchecked, 1.2s Time]
[2026-07-04 07:26:17,435 INFO  L82        GeneralOperation]: Start minimizeSevpa. Operand 5041 states.
[2026-07-04 07:26:17,823 INFO  L88        GeneralOperation]: Finished minimizeSevpa. Reduced states from 5041 to 4922.
[2026-07-04 07:26:17,825 INFO  L82        GeneralOperation]: Start removeUnreachable. Operand  has 4922 states, 4148 states have (on average 1.3153326904532305) internal successors, (5456), 4623 states have internal predecessors, (5456), 580 states have call successors, (580), 189 states have call predecessors, (580), 193 states have return successors, (645), 191 states have call predecessors, (645), 563 states have call successors, (645)
[2026-07-04 07:26:17,842 INFO  L88        GeneralOperation]: Finished removeUnreachable. Reduced from 4922 states to 4922 states and 6681 transitions.
[2026-07-04 07:26:17,843 INFO  L79                 Accepts]: Start accepts. Automaton has 4922 states and 6681 transitions. Word has length 93
[2026-07-04 07:26:17,844 INFO  L85                 Accepts]: Finished accepts. word is rejected.
[2026-07-04 07:26:17,844 INFO  L490      AbstractCegarLoop]: Abstraction has 4922 states and 6681 transitions.
[2026-07-04 07:26:17,844 INFO  L491      AbstractCegarLoop]: INTERPOLANT automaton has  has 7 states, 7 states have (on average 13.428571428571429) internal successors, (94), 7 states have internal predecessors, (94), 3 states have call successors, (10), 4 states have call predecessors, (10), 3 states have return successors, (8), 2 states have call predecessors, (8), 3 states have call successors, (8)
[2026-07-04 07:26:17,844 INFO  L278                IsEmpty]: Start isEmpty. Operand 4922 states and 6681 transitions.
[2026-07-04 07:26:17,844 INFO  L284                IsEmpty]: Finished isEmpty. Found accepting run of length 101
[2026-07-04 07:26:17,844 INFO  L199           NwaCegarLoop]: Found error trace
[2026-07-04 07:26:17,845 INFO  L207           NwaCegarLoop]: trace histogram [1, 1, 1, 1, 1, 1, 1, 1, 1, 1, 1, 1, 1, 1, 1, 1, 1, 1, 1, 1, 1, 1, 1, 1, 1, 1, 1, 1, 1, 1, 1, 1, 1, 1, 1, 1, 1, 1, 1, 1, 1, 1, 1, 1, 1, 1, 1, 1, 1, 1, 1, 1, 1, 1, 1, 1, 1, 1, 1, 1, 1, 1, 1, 1, 1, 1, 1, 1, 1, 1, 1, 1, 1, 1, 1, 1, 1, 1, 1, 1, 1, 1, 1, 1, 1, 1, 1, 1, 1, 1, 1, 1, 1, 1, 1, 1, 1, 1, 1, 1]
[2026-07-04 07:26:17,855 INFO  L546       MonitoredProcess]: [MP /usr/bin/z3 SMTLIB2_COMPLIANT=true -memory:2024 -smt2 -in (18)] Ended with exit code 0
[2026-07-04 07:26:18,050 WARN  L471      AbstractCegarLoop]: Destroyed unattended storables created during the last iteration: 18 /usr/bin/z3 SMTLIB2_COMPLIANT=true -memory:2024 -smt2 -in
[2026-07-04 07:26:18,051 INFO  L408      AbstractCegarLoop]: === Iteration 18 === Targeting __wraparound_assertErr0ASSERT_VIOLATIONASSERT === [__wraparound_assertErr0ASSERT_VIOLATIONASSERT] ===
[2026-07-04 07:26:18,051 INFO  L156       PredicateUnifier]: Initialized classic predicate unifier
[2026-07-04 07:26:18,051 INFO  L85        PathProgramCache]: Analyzing trace with hash -722593195, now seen corresponding path program 1 times
[2026-07-04 07:26:18,051 INFO  L118   FreeRefinementEngine]: Executing refinement strategy FIXED_PREFERENCES
[2026-07-04 07:26:18,051 INFO  L324   FreeRefinementEngine]: Using trace check IpTcStrategyModulePreferences [1720878862]
[2026-07-04 07:26:18,051 INFO  L97    rtionOrderModulation]: Keeping assertion order NOT_INCREMENTALLY
[2026-07-04 07:26:18,051 INFO  L173          SolverBuilder]: Constructing external solver with command: z3 SMTLIB2_COMPLIANT=true -memory:2024 -smt2 -in
[2026-07-04 07:26:18,052 INFO  L189       MonitoredProcess]: No working directory specified, using /usr/bin/z3
[2026-07-04 07:26:18,054 INFO  L229       MonitoredProcess]: Starting monitored process 19 with /usr/bin/z3 SMTLIB2_COMPLIANT=true -memory:2024 -smt2 -in (exit command is (exit), workingDir is null)
[2026-07-04 07:26:18,056 INFO  L327       MonitoredProcess]: [MP /usr/bin/z3 SMTLIB2_COMPLIANT=true -memory:2024 -smt2 -in (19)] Waiting until timeout for monitored process
[2026-07-04 07:26:18,120 INFO  L108    AnnotateAndAsserter]: Assert order NOT_INCREMENTALLY partitioned 100 statements into 1 equivalence classes.
[2026-07-04 07:26:18,151 INFO  L111    AnnotateAndAsserter]: Assert order NOT_INCREMENTALLY issued 1 check-sat command(s) and asserted 100 of 100 statements.
[2026-07-04 07:26:18,151 INFO  L114    AnnotateAndAsserter]: Assert order NOT_INCREMENTALLY issued 1 check-sat command(s)
[2026-07-04 07:26:18,151 INFO  L115    AnnotateAndAsserter]: Conjunction of SSA is unsat
[2026-07-04 07:26:18,152 INFO  L256         TraceCheckSpWp]: Trace formula consists of 364 conjuncts, 2 conjuncts are in the unsatisfiable core
[2026-07-04 07:26:18,153 INFO  L279         TraceCheckSpWp]: Computing forward predicates...
[2026-07-04 07:26:18,186 INFO  L134       CoverageAnalysis]: Checked inductivity of 0 backedges. 0 proven. 0 refuted. 0 times theorem prover too weak. 0 trivial. 0 not checked.
[2026-07-04 07:26:18,186 INFO  L312         TraceCheckSpWp]: Computing backward predicates...
[2026-07-04 07:26:18,228 INFO  L134       CoverageAnalysis]: Checked inductivity of 0 backedges. 0 proven. 0 refuted. 0 times theorem prover too weak. 0 trivial. 0 not checked.
[2026-07-04 07:26:18,228 INFO  L136   FreeRefinementEngine]: Strategy FIXED_PREFERENCES found an infeasible trace
[2026-07-04 07:26:18,228 INFO  L324   FreeRefinementEngine]: Using interpolant generator IpTcStrategyModulePreferences [1720878862]
[2026-07-04 07:26:18,228 INFO  L158   FreeRefinementEngine]: IpTcStrategyModulePreferences [1720878862] provided 2 perfect and 0 imperfect interpolant sequences
[2026-07-04 07:26:18,228 INFO  L185   FreeRefinementEngine]: Found 2 perfect and 0 imperfect interpolant sequences.
[2026-07-04 07:26:18,228 INFO  L198   FreeRefinementEngine]: Number of different interpolants: perfect sequences [3, 3] imperfect sequences [] total 3
[2026-07-04 07:26:18,229 INFO  L121   tionRefinementEngine]: Using interpolant automaton builder IpAbStrategyModuleStraightlineAll [394565590]
[2026-07-04 07:26:18,229 INFO  L85    oduleStraightlineAll]: Using 2 perfect interpolants to construct interpolant automaton
[2026-07-04 07:26:18,229 INFO  L567      AbstractCegarLoop]: INTERPOLANT automaton has 3 states
[2026-07-04 07:26:18,229 INFO  L100   FreeRefinementEngine]: Using predicate unifier PredicateUnifier provided by strategy FIXED_PREFERENCES
[2026-07-04 07:26:18,230 INFO  L144   InterpolantAutomaton]: Constructing interpolant automaton starting with 3 interpolants.
[2026-07-04 07:26:18,230 INFO  L146   InterpolantAutomaton]: CoverageRelationStatistics Valid=3, Invalid=3, Unknown=0, NotChecked=0, Total=6
[2026-07-04 07:26:18,230 INFO  L87              Difference]: Start difference. First operand 4922 states and 6681 transitions. Second operand  has 3 states, 3 states have (on average 30.333333333333332) internal successors, (91), 3 states have internal predecessors, (91), 2 states have call successors, (7), 2 states have call predecessors, (7), 2 states have return successors, (6), 2 states have call predecessors, (6), 2 states have call successors, (6)
[2026-07-04 07:26:18,567 INFO  L144             Difference]: Subtrahend was deterministic. Have not used determinization.
[2026-07-04 07:26:18,567 INFO  L93              Difference]: Finished difference Result 12307 states and 16939 transitions.
[2026-07-04 07:26:18,567 INFO  L140   InterpolantAutomaton]: Switched to read-only mode: deterministic interpolant automaton has 3 states. 
[2026-07-04 07:26:18,572 INFO  L79                 Accepts]: Start accepts. Automaton has  has 3 states, 3 states have (on average 30.333333333333332) internal successors, (91), 3 states have internal predecessors, (91), 2 states have call successors, (7), 2 states have call predecessors, (7), 2 states have return successors, (6), 2 states have call predecessors, (6), 2 states have call successors, (6) Word has length 100
[2026-07-04 07:26:18,572 INFO  L85                 Accepts]: Finished accepts. some prefix is accepted.
[2026-07-04 07:26:18,618 INFO  L225             Difference]: With dead ends: 12307
[2026-07-04 07:26:18,618 INFO  L226             Difference]: Without dead ends: 7977
[2026-07-04 07:26:18,639 INFO  L425           NwaCegarLoop]: 0 DeclaredPredicates, 198 GetRequests, 197 SyntacticMatches, 0 SemanticMatches, 1 ConstructedPredicates, 0 IntricatePredicates, 0 DeprecatedPredicates, 0 ImplicationChecksByTransitivity, 0.0s TimeCoverageRelationStatistics Valid=3, Invalid=3, Unknown=0, NotChecked=0, Total=6
[2026-07-04 07:26:18,639 INFO  L426           NwaCegarLoop]: 676 mSDtfsCounter, 340 mSDsluCounter, 377 mSDsCounter, 0 mSdLazyCounter, 14 mSolverCounterSat, 0 mSolverCounterUnsat, 0 mSolverCounterUnknown, 0 mSolverCounterNotChecked, 0.0s Time, 0 mProtectedPredicate, 0 mProtectedAction, 340 SdHoareTripleChecker+Valid, 1053 SdHoareTripleChecker+Invalid, 14 SdHoareTripleChecker+Unknown, 0 SdHoareTripleChecker+Unchecked, 0.0s SdHoareTripleChecker+Time, 0 IncrementalHoareTripleChecker+Valid, 14 IncrementalHoareTripleChecker+Invalid, 0 IncrementalHoareTripleChecker+Unknown, 0 IncrementalHoareTripleChecker+Unchecked, 0.0s IncrementalHoareTripleChecker+Time
[2026-07-04 07:26:18,639 INFO  L427           NwaCegarLoop]: SdHoareTripleChecker [340 Valid, 1053 Invalid, 14 Unknown, 0 Unchecked, 0.0s Time], IncrementalHoareTripleChecker [0 Valid, 14 Invalid, 0 Unknown, 0 Unchecked, 0.0s Time]
[2026-07-04 07:26:18,646 INFO  L82        GeneralOperation]: Start minimizeSevpa. Operand 7977 states.
[2026-07-04 07:26:19,126 INFO  L88        GeneralOperation]: Finished minimizeSevpa. Reduced states from 7977 to 4976.
[2026-07-04 07:26:19,139 INFO  L82        GeneralOperation]: Start removeUnreachable. Operand  has 4976 states, 4200 states have (on average 1.309047619047619) internal successors, (5498), 4675 states have internal predecessors, (5498), 580 states have call successors, (580), 189 states have call predecessors, (580), 195 states have return successors, (649), 191 states have call predecessors, (649), 563 states have call successors, (649)
[2026-07-04 07:26:19,168 INFO  L88        GeneralOperation]: Finished removeUnreachable. Reduced from 4976 states to 4976 states and 6727 transitions.
[2026-07-04 07:26:19,176 INFO  L79                 Accepts]: Start accepts. Automaton has 4976 states and 6727 transitions. Word has length 100
[2026-07-04 07:26:19,176 INFO  L85                 Accepts]: Finished accepts. word is rejected.
[2026-07-04 07:26:19,176 INFO  L490      AbstractCegarLoop]: Abstraction has 4976 states and 6727 transitions.
[2026-07-04 07:26:19,176 INFO  L491      AbstractCegarLoop]: INTERPOLANT automaton has  has 3 states, 3 states have (on average 30.333333333333332) internal successors, (91), 3 states have internal predecessors, (91), 2 states have call successors, (7), 2 states have call predecessors, (7), 2 states have return successors, (6), 2 states have call predecessors, (6), 2 states have call successors, (6)
[2026-07-04 07:26:19,176 INFO  L278                IsEmpty]: Start isEmpty. Operand 4976 states and 6727 transitions.
[2026-07-04 07:26:19,177 INFO  L284                IsEmpty]: Finished isEmpty. Found accepting run of length 102
[2026-07-04 07:26:19,177 INFO  L199           NwaCegarLoop]: Found error trace
[2026-07-04 07:26:19,177 INFO  L207           NwaCegarLoop]: trace histogram [1, 1, 1, 1, 1, 1, 1, 1, 1, 1, 1, 1, 1, 1, 1, 1, 1, 1, 1, 1, 1, 1, 1, 1, 1, 1, 1, 1, 1, 1, 1, 1, 1, 1, 1, 1, 1, 1, 1, 1, 1, 1, 1, 1, 1, 1, 1, 1, 1, 1, 1, 1, 1, 1, 1, 1, 1, 1, 1, 1, 1, 1, 1, 1, 1, 1, 1, 1, 1, 1, 1, 1, 1, 1, 1, 1, 1, 1, 1, 1, 1, 1, 1, 1, 1, 1, 1, 1, 1, 1, 1, 1, 1, 1, 1, 1, 1, 1, 1, 1, 1]
[2026-07-04 07:26:19,187 INFO  L546       MonitoredProcess]: [MP /usr/bin/z3 SMTLIB2_COMPLIANT=true -memory:2024 -smt2 -in (19)] Ended with exit code 0
[2026-07-04 07:26:19,378 WARN  L471      AbstractCegarLoop]: Destroyed unattended storables created during the last iteration: 19 /usr/bin/z3 SMTLIB2_COMPLIANT=true -memory:2024 -smt2 -in
[2026-07-04 07:26:19,378 INFO  L408      AbstractCegarLoop]: === Iteration 19 === Targeting __wraparound_assertErr0ASSERT_VIOLATIONASSERT === [__wraparound_assertErr0ASSERT_VIOLATIONASSERT] ===
[2026-07-04 07:26:19,383 INFO  L156       PredicateUnifier]: Initialized classic predicate unifier
[2026-07-04 07:26:19,383 INFO  L85        PathProgramCache]: Analyzing trace with hash 2102748128, now seen corresponding path program 1 times
[2026-07-04 07:26:19,383 INFO  L118   FreeRefinementEngine]: Executing refinement strategy FIXED_PREFERENCES
[2026-07-04 07:26:19,383 INFO  L324   FreeRefinementEngine]: Using trace check IpTcStrategyModulePreferences [1491342179]
[2026-07-04 07:26:19,383 INFO  L97    rtionOrderModulation]: Keeping assertion order NOT_INCREMENTALLY
[2026-07-04 07:26:19,383 INFO  L173          SolverBuilder]: Constructing external solver with command: z3 SMTLIB2_COMPLIANT=true -memory:2024 -smt2 -in
[2026-07-04 07:26:19,385 INFO  L189       MonitoredProcess]: No working directory specified, using /usr/bin/z3
[2026-07-04 07:26:19,386 INFO  L229       MonitoredProcess]: Starting monitored process 20 with /usr/bin/z3 SMTLIB2_COMPLIANT=true -memory:2024 -smt2 -in (exit command is (exit), workingDir is null)
[2026-07-04 07:26:19,392 INFO  L327       MonitoredProcess]: [MP /usr/bin/z3 SMTLIB2_COMPLIANT=true -memory:2024 -smt2 -in (20)] Waiting until timeout for monitored process
[2026-07-04 07:26:19,482 INFO  L108    AnnotateAndAsserter]: Assert order NOT_INCREMENTALLY partitioned 101 statements into 1 equivalence classes.
[2026-07-04 07:26:19,518 INFO  L111    AnnotateAndAsserter]: Assert order NOT_INCREMENTALLY issued 1 check-sat command(s) and asserted 101 of 101 statements.
[2026-07-04 07:26:19,518 INFO  L114    AnnotateAndAsserter]: Assert order NOT_INCREMENTALLY issued 1 check-sat command(s)
[2026-07-04 07:26:19,518 INFO  L115    AnnotateAndAsserter]: Conjunction of SSA is unsat
[2026-07-04 07:26:19,520 INFO  L256         TraceCheckSpWp]: Trace formula consists of 366 conjuncts, 2 conjuncts are in the unsatisfiable core
[2026-07-04 07:26:19,521 INFO  L279         TraceCheckSpWp]: Computing forward predicates...
[2026-07-04 07:26:19,541 INFO  L134       CoverageAnalysis]: Checked inductivity of 0 backedges. 0 proven. 0 refuted. 0 times theorem prover too weak. 0 trivial. 0 not checked.
[2026-07-04 07:26:19,541 INFO  L312         TraceCheckSpWp]: Computing backward predicates...
[2026-07-04 07:26:19,587 INFO  L134       CoverageAnalysis]: Checked inductivity of 0 backedges. 0 proven. 0 refuted. 0 times theorem prover too weak. 0 trivial. 0 not checked.
[2026-07-04 07:26:19,588 INFO  L136   FreeRefinementEngine]: Strategy FIXED_PREFERENCES found an infeasible trace
[2026-07-04 07:26:19,588 INFO  L324   FreeRefinementEngine]: Using interpolant generator IpTcStrategyModulePreferences [1491342179]
[2026-07-04 07:26:19,588 INFO  L158   FreeRefinementEngine]: IpTcStrategyModulePreferences [1491342179] provided 2 perfect and 0 imperfect interpolant sequences
[2026-07-04 07:26:19,588 INFO  L185   FreeRefinementEngine]: Found 2 perfect and 0 imperfect interpolant sequences.
[2026-07-04 07:26:19,588 INFO  L198   FreeRefinementEngine]: Number of different interpolants: perfect sequences [3, 3] imperfect sequences [] total 3
[2026-07-04 07:26:19,588 INFO  L121   tionRefinementEngine]: Using interpolant automaton builder IpAbStrategyModuleStraightlineAll [935206648]
[2026-07-04 07:26:19,588 INFO  L85    oduleStraightlineAll]: Using 2 perfect interpolants to construct interpolant automaton
[2026-07-04 07:26:19,589 INFO  L567      AbstractCegarLoop]: INTERPOLANT automaton has 3 states
[2026-07-04 07:26:19,589 INFO  L100   FreeRefinementEngine]: Using predicate unifier PredicateUnifier provided by strategy FIXED_PREFERENCES
[2026-07-04 07:26:19,589 INFO  L144   InterpolantAutomaton]: Constructing interpolant automaton starting with 3 interpolants.
[2026-07-04 07:26:19,589 INFO  L146   InterpolantAutomaton]: CoverageRelationStatistics Valid=3, Invalid=3, Unknown=0, NotChecked=0, Total=6
[2026-07-04 07:26:19,589 INFO  L87              Difference]: Start difference. First operand 4976 states and 6727 transitions. Second operand  has 3 states, 3 states have (on average 30.666666666666668) internal successors, (92), 3 states have internal predecessors, (92), 2 states have call successors, (7), 2 states have call predecessors, (7), 2 states have return successors, (6), 2 states have call predecessors, (6), 2 states have call successors, (6)
[2026-07-04 07:26:19,904 INFO  L144             Difference]: Subtrahend was deterministic. Have not used determinization.
[2026-07-04 07:26:19,905 INFO  L93              Difference]: Finished difference Result 8486 states and 11447 transitions.
[2026-07-04 07:26:19,905 INFO  L140   InterpolantAutomaton]: Switched to read-only mode: deterministic interpolant automaton has 3 states. 
[2026-07-04 07:26:19,905 INFO  L79                 Accepts]: Start accepts. Automaton has  has 3 states, 3 states have (on average 30.666666666666668) internal successors, (92), 3 states have internal predecessors, (92), 2 states have call successors, (7), 2 states have call predecessors, (7), 2 states have return successors, (6), 2 states have call predecessors, (6), 2 states have call successors, (6) Word has length 101
[2026-07-04 07:26:19,905 INFO  L85                 Accepts]: Finished accepts. some prefix is accepted.
[2026-07-04 07:26:19,937 INFO  L225             Difference]: With dead ends: 8486
[2026-07-04 07:26:19,937 INFO  L226             Difference]: Without dead ends: 5121
[2026-07-04 07:26:19,945 INFO  L425           NwaCegarLoop]: 0 DeclaredPredicates, 200 GetRequests, 199 SyntacticMatches, 0 SemanticMatches, 1 ConstructedPredicates, 0 IntricatePredicates, 0 DeprecatedPredicates, 0 ImplicationChecksByTransitivity, 0.0s TimeCoverageRelationStatistics Valid=3, Invalid=3, Unknown=0, NotChecked=0, Total=6
[2026-07-04 07:26:19,945 INFO  L426           NwaCegarLoop]: 704 mSDtfsCounter, 347 mSDsluCounter, 381 mSDsCounter, 0 mSdLazyCounter, 12 mSolverCounterSat, 0 mSolverCounterUnsat, 0 mSolverCounterUnknown, 0 mSolverCounterNotChecked, 0.0s Time, 0 mProtectedPredicate, 0 mProtectedAction, 347 SdHoareTripleChecker+Valid, 1085 SdHoareTripleChecker+Invalid, 12 SdHoareTripleChecker+Unknown, 0 SdHoareTripleChecker+Unchecked, 0.0s SdHoareTripleChecker+Time, 0 IncrementalHoareTripleChecker+Valid, 12 IncrementalHoareTripleChecker+Invalid, 0 IncrementalHoareTripleChecker+Unknown, 0 IncrementalHoareTripleChecker+Unchecked, 0.0s IncrementalHoareTripleChecker+Time
[2026-07-04 07:26:19,950 INFO  L427           NwaCegarLoop]: SdHoareTripleChecker [347 Valid, 1085 Invalid, 12 Unknown, 0 Unchecked, 0.0s Time], IncrementalHoareTripleChecker [0 Valid, 12 Invalid, 0 Unknown, 0 Unchecked, 0.0s Time]
[2026-07-04 07:26:19,952 INFO  L82        GeneralOperation]: Start minimizeSevpa. Operand 5121 states.
[2026-07-04 07:26:20,416 INFO  L88        GeneralOperation]: Finished minimizeSevpa. Reduced states from 5121 to 5000.
[2026-07-04 07:26:20,423 INFO  L82        GeneralOperation]: Start removeUnreachable. Operand  has 5000 states, 4218 states have (on average 1.2965860597439545) internal successors, (5469), 4691 states have internal predecessors, (5469), 580 states have call successors, (580), 189 states have call predecessors, (580), 201 states have return successors, (661), 191 states have call predecessors, (661), 563 states have call successors, (661)
[2026-07-04 07:26:20,436 INFO  L88        GeneralOperation]: Finished removeUnreachable. Reduced from 5000 states to 5000 states and 6710 transitions.
[2026-07-04 07:26:20,451 INFO  L79                 Accepts]: Start accepts. Automaton has 5000 states and 6710 transitions. Word has length 101
[2026-07-04 07:26:20,452 INFO  L85                 Accepts]: Finished accepts. word is rejected.
[2026-07-04 07:26:20,452 INFO  L490      AbstractCegarLoop]: Abstraction has 5000 states and 6710 transitions.
[2026-07-04 07:26:20,452 INFO  L491      AbstractCegarLoop]: INTERPOLANT automaton has  has 3 states, 3 states have (on average 30.666666666666668) internal successors, (92), 3 states have internal predecessors, (92), 2 states have call successors, (7), 2 states have call predecessors, (7), 2 states have return successors, (6), 2 states have call predecessors, (6), 2 states have call successors, (6)
[2026-07-04 07:26:20,452 INFO  L278                IsEmpty]: Start isEmpty. Operand 5000 states and 6710 transitions.
[2026-07-04 07:26:20,453 INFO  L284                IsEmpty]: Finished isEmpty. Found accepting run of length 109
[2026-07-04 07:26:20,453 INFO  L199           NwaCegarLoop]: Found error trace
[2026-07-04 07:26:20,453 INFO  L207           NwaCegarLoop]: trace histogram [1, 1, 1, 1, 1, 1, 1, 1, 1, 1, 1, 1, 1, 1, 1, 1, 1, 1, 1, 1, 1, 1, 1, 1, 1, 1, 1, 1, 1, 1, 1, 1, 1, 1, 1, 1, 1, 1, 1, 1, 1, 1, 1, 1, 1, 1, 1, 1, 1, 1, 1, 1, 1, 1, 1, 1, 1, 1, 1, 1, 1, 1, 1, 1, 1, 1, 1, 1, 1, 1, 1, 1, 1, 1, 1, 1, 1, 1, 1, 1, 1, 1, 1, 1, 1, 1, 1, 1, 1, 1, 1, 1, 1, 1, 1, 1, 1, 1, 1, 1, 1, 1, 1, 1, 1, 1, 1, 1]
[2026-07-04 07:26:20,463 INFO  L534       MonitoredProcess]: [MP /usr/bin/z3 SMTLIB2_COMPLIANT=true -memory:2024 -smt2 -in (20)] Forceful destruction successful, exit code 0
[2026-07-04 07:26:20,654 WARN  L471      AbstractCegarLoop]: Destroyed unattended storables created during the last iteration: 20 /usr/bin/z3 SMTLIB2_COMPLIANT=true -memory:2024 -smt2 -in
[2026-07-04 07:26:20,654 INFO  L408      AbstractCegarLoop]: === Iteration 20 === Targeting __wraparound_assertErr0ASSERT_VIOLATIONASSERT === [__wraparound_assertErr0ASSERT_VIOLATIONASSERT] ===
[2026-07-04 07:26:20,654 INFO  L156       PredicateUnifier]: Initialized classic predicate unifier
[2026-07-04 07:26:20,654 INFO  L85        PathProgramCache]: Analyzing trace with hash 1030177021, now seen corresponding path program 1 times
[2026-07-04 07:26:20,654 INFO  L118   FreeRefinementEngine]: Executing refinement strategy FIXED_PREFERENCES
[2026-07-04 07:26:20,654 INFO  L324   FreeRefinementEngine]: Using trace check IpTcStrategyModulePreferences [2063447657]
[2026-07-04 07:26:20,654 INFO  L97    rtionOrderModulation]: Keeping assertion order NOT_INCREMENTALLY
[2026-07-04 07:26:20,654 INFO  L173          SolverBuilder]: Constructing external solver with command: z3 SMTLIB2_COMPLIANT=true -memory:2024 -smt2 -in
[2026-07-04 07:26:20,656 INFO  L189       MonitoredProcess]: No working directory specified, using /usr/bin/z3
[2026-07-04 07:26:20,657 INFO  L229       MonitoredProcess]: Starting monitored process 21 with /usr/bin/z3 SMTLIB2_COMPLIANT=true -memory:2024 -smt2 -in (exit command is (exit), workingDir is null)
[2026-07-04 07:26:20,659 INFO  L327       MonitoredProcess]: [MP /usr/bin/z3 SMTLIB2_COMPLIANT=true -memory:2024 -smt2 -in (21)] Waiting until timeout for monitored process
[2026-07-04 07:26:20,719 INFO  L108    AnnotateAndAsserter]: Assert order NOT_INCREMENTALLY partitioned 108 statements into 1 equivalence classes.
[2026-07-04 07:26:20,741 INFO  L111    AnnotateAndAsserter]: Assert order NOT_INCREMENTALLY issued 1 check-sat command(s) and asserted 108 of 108 statements.
[2026-07-04 07:26:20,741 INFO  L114    AnnotateAndAsserter]: Assert order NOT_INCREMENTALLY issued 1 check-sat command(s)
[2026-07-04 07:26:20,741 INFO  L115    AnnotateAndAsserter]: Conjunction of SSA is unsat
[2026-07-04 07:26:20,742 INFO  L256         TraceCheckSpWp]: Trace formula consists of 422 conjuncts, 4 conjuncts are in the unsatisfiable core
[2026-07-04 07:26:20,751 INFO  L279         TraceCheckSpWp]: Computing forward predicates...
[2026-07-04 07:26:20,827 INFO  L134       CoverageAnalysis]: Checked inductivity of 0 backedges. 0 proven. 0 refuted. 0 times theorem prover too weak. 0 trivial. 0 not checked.
[2026-07-04 07:26:20,827 INFO  L312         TraceCheckSpWp]: Computing backward predicates...
[2026-07-04 07:26:20,885 INFO  L134       CoverageAnalysis]: Checked inductivity of 0 backedges. 0 proven. 0 refuted. 0 times theorem prover too weak. 0 trivial. 0 not checked.
[2026-07-04 07:26:20,885 INFO  L136   FreeRefinementEngine]: Strategy FIXED_PREFERENCES found an infeasible trace
[2026-07-04 07:26:20,885 INFO  L324   FreeRefinementEngine]: Using interpolant generator IpTcStrategyModulePreferences [2063447657]
[2026-07-04 07:26:20,885 INFO  L158   FreeRefinementEngine]: IpTcStrategyModulePreferences [2063447657] provided 2 perfect and 0 imperfect interpolant sequences
[2026-07-04 07:26:20,885 INFO  L185   FreeRefinementEngine]: Found 2 perfect and 0 imperfect interpolant sequences.
[2026-07-04 07:26:20,885 INFO  L198   FreeRefinementEngine]: Number of different interpolants: perfect sequences [5, 5] imperfect sequences [] total 6
[2026-07-04 07:26:20,885 INFO  L121   tionRefinementEngine]: Using interpolant automaton builder IpAbStrategyModuleStraightlineAll [1722007145]
[2026-07-04 07:26:20,885 INFO  L85    oduleStraightlineAll]: Using 2 perfect interpolants to construct interpolant automaton
[2026-07-04 07:26:20,886 INFO  L567      AbstractCegarLoop]: INTERPOLANT automaton has 6 states
[2026-07-04 07:26:20,886 INFO  L100   FreeRefinementEngine]: Using predicate unifier PredicateUnifier provided by strategy FIXED_PREFERENCES
[2026-07-04 07:26:20,886 INFO  L144   InterpolantAutomaton]: Constructing interpolant automaton starting with 6 interpolants.
[2026-07-04 07:26:20,886 INFO  L146   InterpolantAutomaton]: CoverageRelationStatistics Valid=11, Invalid=19, Unknown=0, NotChecked=0, Total=30
[2026-07-04 07:26:20,886 INFO  L87              Difference]: Start difference. First operand 5000 states and 6710 transitions. Second operand  has 6 states, 6 states have (on average 28.5) internal successors, (171), 6 states have internal predecessors, (171), 2 states have call successors, (11), 2 states have call predecessors, (11), 2 states have return successors, (10), 2 states have call predecessors, (10), 2 states have call successors, (10)
[2026-07-04 07:26:22,001 INFO  L144             Difference]: Subtrahend was deterministic. Have not used determinization.
[2026-07-04 07:26:22,004 INFO  L93              Difference]: Finished difference Result 9524 states and 12618 transitions.
[2026-07-04 07:26:22,004 INFO  L140   InterpolantAutomaton]: Switched to read-only mode: deterministic interpolant automaton has 6 states. 
[2026-07-04 07:26:22,005 INFO  L79                 Accepts]: Start accepts. Automaton has  has 6 states, 6 states have (on average 28.5) internal successors, (171), 6 states have internal predecessors, (171), 2 states have call successors, (11), 2 states have call predecessors, (11), 2 states have return successors, (10), 2 states have call predecessors, (10), 2 states have call successors, (10) Word has length 108
[2026-07-04 07:26:22,005 INFO  L85                 Accepts]: Finished accepts. some prefix is accepted.
[2026-07-04 07:26:22,026 INFO  L225             Difference]: With dead ends: 9524
[2026-07-04 07:26:22,026 INFO  L226             Difference]: Without dead ends: 5615
[2026-07-04 07:26:22,034 INFO  L425           NwaCegarLoop]: 0 DeclaredPredicates, 216 GetRequests, 211 SyntacticMatches, 0 SemanticMatches, 5 ConstructedPredicates, 0 IntricatePredicates, 0 DeprecatedPredicates, 0 ImplicationChecksByTransitivity, 0.0s TimeCoverageRelationStatistics Valid=17, Invalid=25, Unknown=0, NotChecked=0, Total=42
[2026-07-04 07:26:22,035 INFO  L426           NwaCegarLoop]: 534 mSDtfsCounter, 1561 mSDsluCounter, 693 mSDsCounter, 0 mSdLazyCounter, 367 mSolverCounterSat, 648 mSolverCounterUnsat, 0 mSolverCounterUnknown, 0 mSolverCounterNotChecked, 0.6s Time, 0 mProtectedPredicate, 0 mProtectedAction, 1562 SdHoareTripleChecker+Valid, 1227 SdHoareTripleChecker+Invalid, 1015 SdHoareTripleChecker+Unknown, 0 SdHoareTripleChecker+Unchecked, 0.0s SdHoareTripleChecker+Time, 648 IncrementalHoareTripleChecker+Valid, 367 IncrementalHoareTripleChecker+Invalid, 0 IncrementalHoareTripleChecker+Unknown, 0 IncrementalHoareTripleChecker+Unchecked, 0.8s IncrementalHoareTripleChecker+Time
[2026-07-04 07:26:22,035 INFO  L427           NwaCegarLoop]: SdHoareTripleChecker [1562 Valid, 1227 Invalid, 1015 Unknown, 0 Unchecked, 0.0s Time], IncrementalHoareTripleChecker [648 Valid, 367 Invalid, 0 Unknown, 0 Unchecked, 0.8s Time]
[2026-07-04 07:26:22,040 INFO  L82        GeneralOperation]: Start minimizeSevpa. Operand 5615 states.
[2026-07-04 07:26:22,607 INFO  L88        GeneralOperation]: Finished minimizeSevpa. Reduced states from 5615 to 4680.
[2026-07-04 07:26:22,615 INFO  L82        GeneralOperation]: Start removeUnreachable. Operand  has 4680 states, 3836 states have (on average 1.342283628779979) internal successors, (5149), 4378 states have internal predecessors, (5149), 631 states have call successors, (631), 200 states have call predecessors, (631), 212 states have return successors, (702), 180 states have call predecessors, (702), 612 states have call successors, (702)
[2026-07-04 07:26:22,630 INFO  L88        GeneralOperation]: Finished removeUnreachable. Reduced from 4680 states to 4680 states and 6482 transitions.
[2026-07-04 07:26:22,632 INFO  L79                 Accepts]: Start accepts. Automaton has 4680 states and 6482 transitions. Word has length 108
[2026-07-04 07:26:22,632 INFO  L85                 Accepts]: Finished accepts. word is rejected.
[2026-07-04 07:26:22,632 INFO  L490      AbstractCegarLoop]: Abstraction has 4680 states and 6482 transitions.
[2026-07-04 07:26:22,633 INFO  L491      AbstractCegarLoop]: INTERPOLANT automaton has  has 6 states, 6 states have (on average 28.5) internal successors, (171), 6 states have internal predecessors, (171), 2 states have call successors, (11), 2 states have call predecessors, (11), 2 states have return successors, (10), 2 states have call predecessors, (10), 2 states have call successors, (10)
[2026-07-04 07:26:22,633 INFO  L278                IsEmpty]: Start isEmpty. Operand 4680 states and 6482 transitions.
[2026-07-04 07:26:22,638 INFO  L284                IsEmpty]: Finished isEmpty. Found accepting run of length 136
[2026-07-04 07:26:22,638 INFO  L199           NwaCegarLoop]: Found error trace
[2026-07-04 07:26:22,638 INFO  L207           NwaCegarLoop]: trace histogram [1, 1, 1, 1, 1, 1, 1, 1, 1, 1, 1, 1, 1, 1, 1, 1, 1, 1, 1, 1, 1, 1, 1, 1, 1, 1, 1, 1, 1, 1, 1, 1, 1, 1, 1, 1, 1, 1, 1, 1, 1, 1, 1, 1, 1, 1, 1, 1, 1, 1, 1, 1, 1, 1, 1, 1, 1, 1, 1, 1, 1, 1, 1, 1, 1, 1, 1, 1, 1, 1, 1, 1, 1, 1, 1, 1, 1, 1, 1, 1, 1, 1, 1, 1, 1, 1, 1, 1, 1, 1, 1, 1, 1, 1, 1, 1, 1, 1, 1, 1, 1, 1, 1, 1, 1, 1, 1, 1, 1, 1, 1, 1, 1, 1, 1, 1, 1, 1, 1, 1, 1, 1, 1, 1, 1, 1, 1, 1, 1, 1, 1, 1, 1, 1, 1]
[2026-07-04 07:26:22,648 INFO  L546       MonitoredProcess]: [MP /usr/bin/z3 SMTLIB2_COMPLIANT=true -memory:2024 -smt2 -in (21)] Ended with exit code 0
[2026-07-04 07:26:22,839 WARN  L471      AbstractCegarLoop]: Destroyed unattended storables created during the last iteration: 21 /usr/bin/z3 SMTLIB2_COMPLIANT=true -memory:2024 -smt2 -in
[2026-07-04 07:26:22,839 INFO  L408      AbstractCegarLoop]: === Iteration 21 === Targeting __wraparound_assertErr0ASSERT_VIOLATIONASSERT === [__wraparound_assertErr0ASSERT_VIOLATIONASSERT] ===
[2026-07-04 07:26:22,839 INFO  L156       PredicateUnifier]: Initialized classic predicate unifier
[2026-07-04 07:26:22,839 INFO  L85        PathProgramCache]: Analyzing trace with hash 912502497, now seen corresponding path program 1 times
[2026-07-04 07:26:22,839 INFO  L118   FreeRefinementEngine]: Executing refinement strategy FIXED_PREFERENCES
[2026-07-04 07:26:22,839 INFO  L324   FreeRefinementEngine]: Using trace check IpTcStrategyModulePreferences [1513088338]
[2026-07-04 07:26:22,839 INFO  L97    rtionOrderModulation]: Keeping assertion order NOT_INCREMENTALLY
[2026-07-04 07:26:22,839 INFO  L173          SolverBuilder]: Constructing external solver with command: z3 SMTLIB2_COMPLIANT=true -memory:2024 -smt2 -in
[2026-07-04 07:26:22,840 INFO  L189       MonitoredProcess]: No working directory specified, using /usr/bin/z3
[2026-07-04 07:26:22,852 INFO  L229       MonitoredProcess]: Starting monitored process 22 with /usr/bin/z3 SMTLIB2_COMPLIANT=true -memory:2024 -smt2 -in (exit command is (exit), workingDir is null)
[2026-07-04 07:26:22,858 INFO  L327       MonitoredProcess]: [MP /usr/bin/z3 SMTLIB2_COMPLIANT=true -memory:2024 -smt2 -in (22)] Waiting until timeout for monitored process
[2026-07-04 07:26:22,948 INFO  L108    AnnotateAndAsserter]: Assert order NOT_INCREMENTALLY partitioned 135 statements into 1 equivalence classes.
[2026-07-04 07:26:22,990 INFO  L111    AnnotateAndAsserter]: Assert order NOT_INCREMENTALLY issued 1 check-sat command(s) and asserted 135 of 135 statements.
[2026-07-04 07:26:22,990 INFO  L114    AnnotateAndAsserter]: Assert order NOT_INCREMENTALLY issued 1 check-sat command(s)
[2026-07-04 07:26:22,990 INFO  L115    AnnotateAndAsserter]: Conjunction of SSA is unsat
[2026-07-04 07:26:22,996 INFO  L256         TraceCheckSpWp]: Trace formula consists of 477 conjuncts, 6 conjuncts are in the unsatisfiable core
[2026-07-04 07:26:22,997 INFO  L279         TraceCheckSpWp]: Computing forward predicates...
[2026-07-04 07:26:23,187 INFO  L134       CoverageAnalysis]: Checked inductivity of 0 backedges. 0 proven. 0 refuted. 0 times theorem prover too weak. 0 trivial. 0 not checked.
[2026-07-04 07:26:23,188 INFO  L312         TraceCheckSpWp]: Computing backward predicates...
[2026-07-04 07:26:23,741 INFO  L134       CoverageAnalysis]: Checked inductivity of 0 backedges. 0 proven. 0 refuted. 0 times theorem prover too weak. 0 trivial. 0 not checked.
[2026-07-04 07:26:23,742 INFO  L136   FreeRefinementEngine]: Strategy FIXED_PREFERENCES found an infeasible trace
[2026-07-04 07:26:23,742 INFO  L324   FreeRefinementEngine]: Using interpolant generator IpTcStrategyModulePreferences [1513088338]
[2026-07-04 07:26:23,742 INFO  L158   FreeRefinementEngine]: IpTcStrategyModulePreferences [1513088338] provided 2 perfect and 0 imperfect interpolant sequences
[2026-07-04 07:26:23,742 INFO  L185   FreeRefinementEngine]: Found 2 perfect and 0 imperfect interpolant sequences.
[2026-07-04 07:26:23,742 INFO  L198   FreeRefinementEngine]: Number of different interpolants: perfect sequences [6, 6] imperfect sequences [] total 9
[2026-07-04 07:26:23,742 INFO  L121   tionRefinementEngine]: Using interpolant automaton builder IpAbStrategyModuleStraightlineAll [87493890]
[2026-07-04 07:26:23,742 INFO  L85    oduleStraightlineAll]: Using 2 perfect interpolants to construct interpolant automaton
[2026-07-04 07:26:23,742 INFO  L567      AbstractCegarLoop]: INTERPOLANT automaton has 9 states
[2026-07-04 07:26:23,742 INFO  L100   FreeRefinementEngine]: Using predicate unifier PredicateUnifier provided by strategy FIXED_PREFERENCES
[2026-07-04 07:26:23,742 INFO  L144   InterpolantAutomaton]: Constructing interpolant automaton starting with 9 interpolants.
[2026-07-04 07:26:23,742 INFO  L146   InterpolantAutomaton]: CoverageRelationStatistics Valid=21, Invalid=51, Unknown=0, NotChecked=0, Total=72
[2026-07-04 07:26:23,743 INFO  L87              Difference]: Start difference. First operand 4680 states and 6482 transitions. Second operand  has 9 states, 9 states have (on average 21.77777777777778) internal successors, (196), 9 states have internal predecessors, (196), 6 states have call successors, (13), 4 states have call predecessors, (13), 3 states have return successors, (12), 4 states have call predecessors, (12), 6 states have call successors, (12)
[2026-07-04 07:26:25,044 INFO  L144             Difference]: Subtrahend was deterministic. Have not used determinization.
[2026-07-04 07:26:25,044 INFO  L93              Difference]: Finished difference Result 9064 states and 12650 transitions.
[2026-07-04 07:26:25,044 INFO  L140   InterpolantAutomaton]: Switched to read-only mode: deterministic interpolant automaton has 8 states. 
[2026-07-04 07:26:25,044 INFO  L79                 Accepts]: Start accepts. Automaton has  has 9 states, 9 states have (on average 21.77777777777778) internal successors, (196), 9 states have internal predecessors, (196), 6 states have call successors, (13), 4 states have call predecessors, (13), 3 states have return successors, (12), 4 states have call predecessors, (12), 6 states have call successors, (12) Word has length 135
[2026-07-04 07:26:25,045 INFO  L85                 Accepts]: Finished accepts. some prefix is accepted.
[2026-07-04 07:26:25,070 INFO  L225             Difference]: With dead ends: 9064
[2026-07-04 07:26:25,070 INFO  L226             Difference]: Without dead ends: 4499
[2026-07-04 07:26:25,079 INFO  L425           NwaCegarLoop]: 0 DeclaredPredicates, 278 GetRequests, 266 SyntacticMatches, 0 SemanticMatches, 12 ConstructedPredicates, 0 IntricatePredicates, 0 DeprecatedPredicates, 10 ImplicationChecksByTransitivity, 0.1s TimeCoverageRelationStatistics Valid=59, Invalid=123, Unknown=0, NotChecked=0, Total=182
[2026-07-04 07:26:25,079 INFO  L426           NwaCegarLoop]: 474 mSDtfsCounter, 985 mSDsluCounter, 787 mSDsCounter, 0 mSdLazyCounter, 831 mSolverCounterSat, 494 mSolverCounterUnsat, 0 mSolverCounterUnknown, 0 mSolverCounterNotChecked, 0.8s Time, 0 mProtectedPredicate, 0 mProtectedAction, 989 SdHoareTripleChecker+Valid, 1261 SdHoareTripleChecker+Invalid, 1325 SdHoareTripleChecker+Unknown, 0 SdHoareTripleChecker+Unchecked, 0.0s SdHoareTripleChecker+Time, 494 IncrementalHoareTripleChecker+Valid, 831 IncrementalHoareTripleChecker+Invalid, 0 IncrementalHoareTripleChecker+Unknown, 0 IncrementalHoareTripleChecker+Unchecked, 0.9s IncrementalHoareTripleChecker+Time
[2026-07-04 07:26:25,079 INFO  L427           NwaCegarLoop]: SdHoareTripleChecker [989 Valid, 1261 Invalid, 1325 Unknown, 0 Unchecked, 0.0s Time], IncrementalHoareTripleChecker [494 Valid, 831 Invalid, 0 Unknown, 0 Unchecked, 0.9s Time]
[2026-07-04 07:26:25,082 INFO  L82        GeneralOperation]: Start minimizeSevpa. Operand 4499 states.
[2026-07-04 07:26:25,513 INFO  L88        GeneralOperation]: Finished minimizeSevpa. Reduced states from 4499 to 4093.
[2026-07-04 07:26:25,515 INFO  L82        GeneralOperation]: Start removeUnreachable. Operand  has 4093 states, 3423 states have (on average 1.2810400233713117) internal successors, (4385), 3846 states have internal predecessors, (4385), 499 states have call successors, (499), 156 states have call predecessors, (499), 170 states have return successors, (548), 147 states have call predecessors, (548), 486 states have call successors, (548)
[2026-07-04 07:26:25,519 INFO  L88        GeneralOperation]: Finished removeUnreachable. Reduced from 4093 states to 4093 states and 5432 transitions.
[2026-07-04 07:26:25,521 INFO  L79                 Accepts]: Start accepts. Automaton has 4093 states and 5432 transitions. Word has length 135
[2026-07-04 07:26:25,522 INFO  L85                 Accepts]: Finished accepts. word is rejected.
[2026-07-04 07:26:25,522 INFO  L490      AbstractCegarLoop]: Abstraction has 4093 states and 5432 transitions.
[2026-07-04 07:26:25,523 INFO  L491      AbstractCegarLoop]: INTERPOLANT automaton has  has 9 states, 9 states have (on average 21.77777777777778) internal successors, (196), 9 states have internal predecessors, (196), 6 states have call successors, (13), 4 states have call predecessors, (13), 3 states have return successors, (12), 4 states have call predecessors, (12), 6 states have call successors, (12)
[2026-07-04 07:26:25,523 INFO  L278                IsEmpty]: Start isEmpty. Operand 4093 states and 5432 transitions.
[2026-07-04 07:26:25,524 INFO  L284                IsEmpty]: Finished isEmpty. Found accepting run of length 134
[2026-07-04 07:26:25,524 INFO  L199           NwaCegarLoop]: Found error trace
[2026-07-04 07:26:25,524 INFO  L207           NwaCegarLoop]: trace histogram [1, 1, 1, 1, 1, 1, 1, 1, 1, 1, 1, 1, 1, 1, 1, 1, 1, 1, 1, 1, 1, 1, 1, 1, 1, 1, 1, 1, 1, 1, 1, 1, 1, 1, 1, 1, 1, 1, 1, 1, 1, 1, 1, 1, 1, 1, 1, 1, 1, 1, 1, 1, 1, 1, 1, 1, 1, 1, 1, 1, 1, 1, 1, 1, 1, 1, 1, 1, 1, 1, 1, 1, 1, 1, 1, 1, 1, 1, 1, 1, 1, 1, 1, 1, 1, 1, 1, 1, 1, 1, 1, 1, 1, 1, 1, 1, 1, 1, 1, 1, 1, 1, 1, 1, 1, 1, 1, 1, 1, 1, 1, 1, 1, 1, 1, 1, 1, 1, 1, 1, 1, 1, 1, 1, 1, 1, 1, 1, 1, 1, 1, 1, 1]
[2026-07-04 07:26:25,530 INFO  L534       MonitoredProcess]: [MP /usr/bin/z3 SMTLIB2_COMPLIANT=true -memory:2024 -smt2 -in (22)] Forceful destruction successful, exit code 0
[2026-07-04 07:26:25,730 WARN  L471      AbstractCegarLoop]: Destroyed unattended storables created during the last iteration: 22 /usr/bin/z3 SMTLIB2_COMPLIANT=true -memory:2024 -smt2 -in
[2026-07-04 07:26:25,731 INFO  L408      AbstractCegarLoop]: === Iteration 22 === Targeting __wraparound_assertErr0ASSERT_VIOLATIONASSERT === [__wraparound_assertErr0ASSERT_VIOLATIONASSERT] ===
[2026-07-04 07:26:25,731 INFO  L156       PredicateUnifier]: Initialized classic predicate unifier
[2026-07-04 07:26:25,731 INFO  L85        PathProgramCache]: Analyzing trace with hash -359838620, now seen corresponding path program 1 times
[2026-07-04 07:26:25,731 INFO  L118   FreeRefinementEngine]: Executing refinement strategy FIXED_PREFERENCES
[2026-07-04 07:26:25,731 INFO  L324   FreeRefinementEngine]: Using trace check IpTcStrategyModulePreferences [921266112]
[2026-07-04 07:26:25,731 INFO  L97    rtionOrderModulation]: Keeping assertion order NOT_INCREMENTALLY
[2026-07-04 07:26:25,731 INFO  L173          SolverBuilder]: Constructing external solver with command: z3 SMTLIB2_COMPLIANT=true -memory:2024 -smt2 -in
[2026-07-04 07:26:25,732 INFO  L189       MonitoredProcess]: No working directory specified, using /usr/bin/z3
[2026-07-04 07:26:25,734 INFO  L229       MonitoredProcess]: Starting monitored process 23 with /usr/bin/z3 SMTLIB2_COMPLIANT=true -memory:2024 -smt2 -in (exit command is (exit), workingDir is null)
[2026-07-04 07:26:25,736 INFO  L327       MonitoredProcess]: [MP /usr/bin/z3 SMTLIB2_COMPLIANT=true -memory:2024 -smt2 -in (23)] Waiting until timeout for monitored process
[2026-07-04 07:26:25,795 INFO  L108    AnnotateAndAsserter]: Assert order NOT_INCREMENTALLY partitioned 133 statements into 1 equivalence classes.
[2026-07-04 07:26:25,823 INFO  L111    AnnotateAndAsserter]: Assert order NOT_INCREMENTALLY issued 1 check-sat command(s) and asserted 133 of 133 statements.
[2026-07-04 07:26:25,823 INFO  L114    AnnotateAndAsserter]: Assert order NOT_INCREMENTALLY issued 1 check-sat command(s)
[2026-07-04 07:26:25,823 INFO  L115    AnnotateAndAsserter]: Conjunction of SSA is unsat
[2026-07-04 07:26:25,825 INFO  L256         TraceCheckSpWp]: Trace formula consists of 408 conjuncts, 2 conjuncts are in the unsatisfiable core
[2026-07-04 07:26:25,830 INFO  L279         TraceCheckSpWp]: Computing forward predicates...
[2026-07-04 07:26:25,862 INFO  L134       CoverageAnalysis]: Checked inductivity of 0 backedges. 0 proven. 0 refuted. 0 times theorem prover too weak. 0 trivial. 0 not checked.
[2026-07-04 07:26:25,862 INFO  L312         TraceCheckSpWp]: Computing backward predicates...
[2026-07-04 07:26:25,910 INFO  L134       CoverageAnalysis]: Checked inductivity of 0 backedges. 0 proven. 0 refuted. 0 times theorem prover too weak. 0 trivial. 0 not checked.
[2026-07-04 07:26:25,910 INFO  L136   FreeRefinementEngine]: Strategy FIXED_PREFERENCES found an infeasible trace
[2026-07-04 07:26:25,910 INFO  L324   FreeRefinementEngine]: Using interpolant generator IpTcStrategyModulePreferences [921266112]
[2026-07-04 07:26:25,910 INFO  L158   FreeRefinementEngine]: IpTcStrategyModulePreferences [921266112] provided 2 perfect and 0 imperfect interpolant sequences
[2026-07-04 07:26:25,910 INFO  L185   FreeRefinementEngine]: Found 2 perfect and 0 imperfect interpolant sequences.
[2026-07-04 07:26:25,910 INFO  L198   FreeRefinementEngine]: Number of different interpolants: perfect sequences [3, 3] imperfect sequences [] total 3
[2026-07-04 07:26:25,910 INFO  L121   tionRefinementEngine]: Using interpolant automaton builder IpAbStrategyModuleStraightlineAll [2008796336]
[2026-07-04 07:26:25,910 INFO  L85    oduleStraightlineAll]: Using 2 perfect interpolants to construct interpolant automaton
[2026-07-04 07:26:25,914 INFO  L567      AbstractCegarLoop]: INTERPOLANT automaton has 3 states
[2026-07-04 07:26:25,914 INFO  L100   FreeRefinementEngine]: Using predicate unifier PredicateUnifier provided by strategy FIXED_PREFERENCES
[2026-07-04 07:26:25,914 INFO  L144   InterpolantAutomaton]: Constructing interpolant automaton starting with 3 interpolants.
[2026-07-04 07:26:25,914 INFO  L146   InterpolantAutomaton]: CoverageRelationStatistics Valid=3, Invalid=3, Unknown=0, NotChecked=0, Total=6
[2026-07-04 07:26:25,915 INFO  L87              Difference]: Start difference. First operand 4093 states and 5432 transitions. Second operand  has 3 states, 3 states have (on average 42.666666666666664) internal successors, (128), 3 states have internal predecessors, (128), 2 states have call successors, (7), 2 states have call predecessors, (7), 2 states have return successors, (6), 2 states have call predecessors, (6), 2 states have call successors, (6)
[2026-07-04 07:26:26,616 INFO  L144             Difference]: Subtrahend was deterministic. Have not used determinization.
[2026-07-04 07:26:26,618 INFO  L93              Difference]: Finished difference Result 11226 states and 15119 transitions.
[2026-07-04 07:26:26,619 INFO  L140   InterpolantAutomaton]: Switched to read-only mode: deterministic interpolant automaton has 3 states. 
[2026-07-04 07:26:26,619 INFO  L79                 Accepts]: Start accepts. Automaton has  has 3 states, 3 states have (on average 42.666666666666664) internal successors, (128), 3 states have internal predecessors, (128), 2 states have call successors, (7), 2 states have call predecessors, (7), 2 states have return successors, (6), 2 states have call predecessors, (6), 2 states have call successors, (6) Word has length 133
[2026-07-04 07:26:26,619 INFO  L85                 Accepts]: Finished accepts. some prefix is accepted.
[2026-07-04 07:26:26,639 INFO  L225             Difference]: With dead ends: 11226
[2026-07-04 07:26:26,639 INFO  L226             Difference]: Without dead ends: 7204
[2026-07-04 07:26:26,657 INFO  L425           NwaCegarLoop]: 0 DeclaredPredicates, 264 GetRequests, 263 SyntacticMatches, 0 SemanticMatches, 1 ConstructedPredicates, 0 IntricatePredicates, 0 DeprecatedPredicates, 0 ImplicationChecksByTransitivity, 0.0s TimeCoverageRelationStatistics Valid=3, Invalid=3, Unknown=0, NotChecked=0, Total=6
[2026-07-04 07:26:26,662 INFO  L426           NwaCegarLoop]: 550 mSDtfsCounter, 333 mSDsluCounter, 370 mSDsCounter, 0 mSdLazyCounter, 15 mSolverCounterSat, 0 mSolverCounterUnsat, 0 mSolverCounterUnknown, 0 mSolverCounterNotChecked, 0.0s Time, 0 mProtectedPredicate, 0 mProtectedAction, 333 SdHoareTripleChecker+Valid, 920 SdHoareTripleChecker+Invalid, 15 SdHoareTripleChecker+Unknown, 0 SdHoareTripleChecker+Unchecked, 0.0s SdHoareTripleChecker+Time, 0 IncrementalHoareTripleChecker+Valid, 15 IncrementalHoareTripleChecker+Invalid, 0 IncrementalHoareTripleChecker+Unknown, 0 IncrementalHoareTripleChecker+Unchecked, 0.1s IncrementalHoareTripleChecker+Time
[2026-07-04 07:26:26,663 INFO  L427           NwaCegarLoop]: SdHoareTripleChecker [333 Valid, 920 Invalid, 15 Unknown, 0 Unchecked, 0.0s Time], IncrementalHoareTripleChecker [0 Valid, 15 Invalid, 0 Unknown, 0 Unchecked, 0.1s Time]
[2026-07-04 07:26:26,665 INFO  L82        GeneralOperation]: Start minimizeSevpa. Operand 7204 states.
[2026-07-04 07:26:27,059 INFO  L88        GeneralOperation]: Finished minimizeSevpa. Reduced states from 7204 to 4093.
[2026-07-04 07:26:27,061 INFO  L82        GeneralOperation]: Start removeUnreachable. Operand  has 4093 states, 3423 states have (on average 1.2728600642711072) internal successors, (4357), 3846 states have internal predecessors, (4357), 499 states have call successors, (499), 156 states have call predecessors, (499), 170 states have return successors, (548), 147 states have call predecessors, (548), 486 states have call successors, (548)
[2026-07-04 07:26:27,068 INFO  L88        GeneralOperation]: Finished removeUnreachable. Reduced from 4093 states to 4093 states and 5404 transitions.
[2026-07-04 07:26:27,071 INFO  L79                 Accepts]: Start accepts. Automaton has 4093 states and 5404 transitions. Word has length 133
[2026-07-04 07:26:27,071 INFO  L85                 Accepts]: Finished accepts. word is rejected.
[2026-07-04 07:26:27,071 INFO  L490      AbstractCegarLoop]: Abstraction has 4093 states and 5404 transitions.
[2026-07-04 07:26:27,071 INFO  L491      AbstractCegarLoop]: INTERPOLANT automaton has  has 3 states, 3 states have (on average 42.666666666666664) internal successors, (128), 3 states have internal predecessors, (128), 2 states have call successors, (7), 2 states have call predecessors, (7), 2 states have return successors, (6), 2 states have call predecessors, (6), 2 states have call successors, (6)
[2026-07-04 07:26:27,071 INFO  L278                IsEmpty]: Start isEmpty. Operand 4093 states and 5404 transitions.
[2026-07-04 07:26:27,073 INFO  L284                IsEmpty]: Finished isEmpty. Found accepting run of length 146
[2026-07-04 07:26:27,073 INFO  L199           NwaCegarLoop]: Found error trace
[2026-07-04 07:26:27,073 INFO  L207           NwaCegarLoop]: trace histogram [1, 1, 1, 1, 1, 1, 1, 1, 1, 1, 1, 1, 1, 1, 1, 1, 1, 1, 1, 1, 1, 1, 1, 1, 1, 1, 1, 1, 1, 1, 1, 1, 1, 1, 1, 1, 1, 1, 1, 1, 1, 1, 1, 1, 1, 1, 1, 1, 1, 1, 1, 1, 1, 1, 1, 1, 1, 1, 1, 1, 1, 1, 1, 1, 1, 1, 1, 1, 1, 1, 1, 1, 1, 1, 1, 1, 1, 1, 1, 1, 1, 1, 1, 1, 1, 1, 1, 1, 1, 1, 1, 1, 1, 1, 1, 1, 1, 1, 1, 1, 1, 1, 1, 1, 1, 1, 1, 1, 1, 1, 1, 1, 1, 1, 1, 1, 1, 1, 1, 1, 1, 1, 1, 1, 1, 1, 1, 1, 1, 1, 1, 1, 1, 1, 1, 1, 1, 1, 1, 1, 1, 1, 1, 1, 1]
[2026-07-04 07:26:27,079 INFO  L546       MonitoredProcess]: [MP /usr/bin/z3 SMTLIB2_COMPLIANT=true -memory:2024 -smt2 -in (23)] Ended with exit code 0
[2026-07-04 07:26:27,273 WARN  L471      AbstractCegarLoop]: Destroyed unattended storables created during the last iteration: 23 /usr/bin/z3 SMTLIB2_COMPLIANT=true -memory:2024 -smt2 -in
[2026-07-04 07:26:27,273 INFO  L408      AbstractCegarLoop]: === Iteration 23 === Targeting __wraparound_assertErr0ASSERT_VIOLATIONASSERT === [__wraparound_assertErr0ASSERT_VIOLATIONASSERT] ===
[2026-07-04 07:26:27,274 INFO  L156       PredicateUnifier]: Initialized classic predicate unifier
[2026-07-04 07:26:27,274 INFO  L85        PathProgramCache]: Analyzing trace with hash -1903058924, now seen corresponding path program 1 times
[2026-07-04 07:26:27,274 INFO  L118   FreeRefinementEngine]: Executing refinement strategy FIXED_PREFERENCES
[2026-07-04 07:26:27,274 INFO  L324   FreeRefinementEngine]: Using trace check IpTcStrategyModulePreferences [1433372556]
[2026-07-04 07:26:27,274 INFO  L97    rtionOrderModulation]: Keeping assertion order NOT_INCREMENTALLY
[2026-07-04 07:26:27,274 INFO  L173          SolverBuilder]: Constructing external solver with command: z3 SMTLIB2_COMPLIANT=true -memory:2024 -smt2 -in
[2026-07-04 07:26:27,276 INFO  L189       MonitoredProcess]: No working directory specified, using /usr/bin/z3
[2026-07-04 07:26:27,277 INFO  L229       MonitoredProcess]: Starting monitored process 24 with /usr/bin/z3 SMTLIB2_COMPLIANT=true -memory:2024 -smt2 -in (exit command is (exit), workingDir is null)
[2026-07-04 07:26:27,280 INFO  L327       MonitoredProcess]: [MP /usr/bin/z3 SMTLIB2_COMPLIANT=true -memory:2024 -smt2 -in (24)] Waiting until timeout for monitored process
[2026-07-04 07:26:27,368 INFO  L108    AnnotateAndAsserter]: Assert order NOT_INCREMENTALLY partitioned 145 statements into 1 equivalence classes.
[2026-07-04 07:26:27,405 INFO  L111    AnnotateAndAsserter]: Assert order NOT_INCREMENTALLY issued 1 check-sat command(s) and asserted 145 of 145 statements.
[2026-07-04 07:26:27,405 INFO  L114    AnnotateAndAsserter]: Assert order NOT_INCREMENTALLY issued 1 check-sat command(s)
[2026-07-04 07:26:27,405 INFO  L115    AnnotateAndAsserter]: Conjunction of SSA is unsat
[2026-07-04 07:26:27,407 INFO  L256         TraceCheckSpWp]: Trace formula consists of 482 conjuncts, 3 conjuncts are in the unsatisfiable core
[2026-07-04 07:26:27,410 INFO  L279         TraceCheckSpWp]: Computing forward predicates...
[2026-07-04 07:26:27,479 INFO  L134       CoverageAnalysis]: Checked inductivity of 0 backedges. 0 proven. 0 refuted. 0 times theorem prover too weak. 0 trivial. 0 not checked.
[2026-07-04 07:26:27,479 INFO  L312         TraceCheckSpWp]: Computing backward predicates...
[2026-07-04 07:26:27,569 INFO  L134       CoverageAnalysis]: Checked inductivity of 0 backedges. 0 proven. 0 refuted. 0 times theorem prover too weak. 0 trivial. 0 not checked.
[2026-07-04 07:26:27,569 INFO  L136   FreeRefinementEngine]: Strategy FIXED_PREFERENCES found an infeasible trace
[2026-07-04 07:26:27,569 INFO  L324   FreeRefinementEngine]: Using interpolant generator IpTcStrategyModulePreferences [1433372556]
[2026-07-04 07:26:27,569 INFO  L158   FreeRefinementEngine]: IpTcStrategyModulePreferences [1433372556] provided 2 perfect and 0 imperfect interpolant sequences
[2026-07-04 07:26:27,569 INFO  L185   FreeRefinementEngine]: Found 2 perfect and 0 imperfect interpolant sequences.
[2026-07-04 07:26:27,569 INFO  L198   FreeRefinementEngine]: Number of different interpolants: perfect sequences [3, 3] imperfect sequences [] total 4
[2026-07-04 07:26:27,569 INFO  L121   tionRefinementEngine]: Using interpolant automaton builder IpAbStrategyModuleStraightlineAll [633565027]
[2026-07-04 07:26:27,569 INFO  L85    oduleStraightlineAll]: Using 2 perfect interpolants to construct interpolant automaton
[2026-07-04 07:26:27,569 INFO  L567      AbstractCegarLoop]: INTERPOLANT automaton has 5 states
[2026-07-04 07:26:27,569 INFO  L100   FreeRefinementEngine]: Using predicate unifier PredicateUnifier provided by strategy FIXED_PREFERENCES
[2026-07-04 07:26:27,570 INFO  L144   InterpolantAutomaton]: Constructing interpolant automaton starting with 5 interpolants.
[2026-07-04 07:26:27,570 INFO  L146   InterpolantAutomaton]: CoverageRelationStatistics Valid=8, Invalid=12, Unknown=0, NotChecked=0, Total=20
[2026-07-04 07:26:27,571 INFO  L87              Difference]: Start difference. First operand 4093 states and 5404 transitions. Second operand  has 5 states, 4 states have (on average 44.75) internal successors, (179), 5 states have internal predecessors, (179), 3 states have call successors, (10), 3 states have call predecessors, (10), 3 states have return successors, (9), 3 states have call predecessors, (9), 3 states have call successors, (9)
[2026-07-04 07:26:28,224 INFO  L144             Difference]: Subtrahend was deterministic. Have not used determinization.
[2026-07-04 07:26:28,225 INFO  L93              Difference]: Finished difference Result 4318 states and 5696 transitions.
[2026-07-04 07:26:28,225 INFO  L140   InterpolantAutomaton]: Switched to read-only mode: deterministic interpolant automaton has 6 states. 
[2026-07-04 07:26:28,225 INFO  L79                 Accepts]: Start accepts. Automaton has  has 5 states, 4 states have (on average 44.75) internal successors, (179), 5 states have internal predecessors, (179), 3 states have call successors, (10), 3 states have call predecessors, (10), 3 states have return successors, (9), 3 states have call predecessors, (9), 3 states have call successors, (9) Word has length 145
[2026-07-04 07:26:28,225 INFO  L85                 Accepts]: Finished accepts. some prefix is accepted.
[2026-07-04 07:26:28,228 INFO  L225             Difference]: With dead ends: 4318
[2026-07-04 07:26:28,228 INFO  L226             Difference]: Without dead ends: 500
[2026-07-04 07:26:28,236 INFO  L425           NwaCegarLoop]: 0 DeclaredPredicates, 290 GetRequests, 285 SyntacticMatches, 0 SemanticMatches, 5 ConstructedPredicates, 0 IntricatePredicates, 0 DeprecatedPredicates, 1 ImplicationChecksByTransitivity, 0.0s TimeCoverageRelationStatistics Valid=18, Invalid=24, Unknown=0, NotChecked=0, Total=42
[2026-07-04 07:26:28,236 INFO  L426           NwaCegarLoop]: 492 mSDtfsCounter, 434 mSDsluCounter, 865 mSDsCounter, 0 mSdLazyCounter, 65 mSolverCounterSat, 3 mSolverCounterUnsat, 0 mSolverCounterUnknown, 0 mSolverCounterNotChecked, 0.1s Time, 0 mProtectedPredicate, 0 mProtectedAction, 435 SdHoareTripleChecker+Valid, 1357 SdHoareTripleChecker+Invalid, 68 SdHoareTripleChecker+Unknown, 0 SdHoareTripleChecker+Unchecked, 0.0s SdHoareTripleChecker+Time, 3 IncrementalHoareTripleChecker+Valid, 65 IncrementalHoareTripleChecker+Invalid, 0 IncrementalHoareTripleChecker+Unknown, 0 IncrementalHoareTripleChecker+Unchecked, 0.2s IncrementalHoareTripleChecker+Time
[2026-07-04 07:26:28,236 INFO  L427           NwaCegarLoop]: SdHoareTripleChecker [435 Valid, 1357 Invalid, 68 Unknown, 0 Unchecked, 0.0s Time], IncrementalHoareTripleChecker [3 Valid, 65 Invalid, 0 Unknown, 0 Unchecked, 0.2s Time]
[2026-07-04 07:26:28,236 INFO  L82        GeneralOperation]: Start minimizeSevpa. Operand 500 states.
[2026-07-04 07:26:28,291 INFO  L88        GeneralOperation]: Finished minimizeSevpa. Reduced states from 500 to 463.
[2026-07-04 07:26:28,292 INFO  L82        GeneralOperation]: Start removeUnreachable. Operand  has 463 states, 410 states have (on average 1.0829268292682928) internal successors, (444), 428 states have internal predecessors, (444), 30 states have call successors, (30), 21 states have call predecessors, (30), 22 states have return successors, (31), 19 states have call predecessors, (31), 29 states have call successors, (31)
[2026-07-04 07:26:28,292 INFO  L88        GeneralOperation]: Finished removeUnreachable. Reduced from 463 states to 463 states and 505 transitions.
[2026-07-04 07:26:28,294 INFO  L79                 Accepts]: Start accepts. Automaton has 463 states and 505 transitions. Word has length 145
[2026-07-04 07:26:28,294 INFO  L85                 Accepts]: Finished accepts. word is rejected.
[2026-07-04 07:26:28,296 INFO  L490      AbstractCegarLoop]: Abstraction has 463 states and 505 transitions.
[2026-07-04 07:26:28,296 INFO  L491      AbstractCegarLoop]: INTERPOLANT automaton has  has 5 states, 4 states have (on average 44.75) internal successors, (179), 5 states have internal predecessors, (179), 3 states have call successors, (10), 3 states have call predecessors, (10), 3 states have return successors, (9), 3 states have call predecessors, (9), 3 states have call successors, (9)
[2026-07-04 07:26:28,296 INFO  L278                IsEmpty]: Start isEmpty. Operand 463 states and 505 transitions.
[2026-07-04 07:26:28,297 INFO  L284                IsEmpty]: Finished isEmpty. Found accepting run of length 237
[2026-07-04 07:26:28,297 INFO  L199           NwaCegarLoop]: Found error trace
[2026-07-04 07:26:28,302 INFO  L207           NwaCegarLoop]: trace histogram [2, 2, 2, 2, 2, 2, 2, 2, 2, 2, 2, 2, 2, 2, 2, 2, 2, 2, 2, 2, 2, 2, 2, 2, 2, 2, 2, 2, 2, 2, 2, 2, 2, 2, 2, 2, 2, 2, 2, 2, 2, 2, 2, 2, 2, 2, 2, 1, 1, 1, 1, 1, 1, 1, 1, 1, 1, 1, 1, 1, 1, 1, 1, 1, 1, 1, 1, 1, 1, 1, 1, 1, 1, 1, 1, 1, 1, 1, 1, 1, 1, 1, 1, 1, 1, 1, 1, 1, 1, 1, 1, 1, 1, 1, 1, 1, 1, 1, 1, 1, 1, 1, 1, 1, 1, 1, 1, 1, 1, 1, 1, 1, 1, 1, 1, 1, 1, 1, 1, 1, 1, 1, 1, 1, 1, 1, 1, 1, 1, 1, 1, 1, 1, 1, 1, 1, 1, 1, 1, 1, 1, 1, 1, 1, 1, 1, 1, 1, 1, 1, 1, 1, 1, 1, 1, 1, 1, 1, 1, 1, 1, 1, 1, 1, 1, 1, 1, 1, 1, 1, 1, 1, 1, 1, 1, 1, 1, 1, 1, 1, 1, 1, 1, 1, 1, 1, 1, 1, 1]
[2026-07-04 07:26:28,313 INFO  L546       MonitoredProcess]: [MP /usr/bin/z3 SMTLIB2_COMPLIANT=true -memory:2024 -smt2 -in (24)] Ended with exit code 0
[2026-07-04 07:26:28,503 WARN  L471      AbstractCegarLoop]: Destroyed unattended storables created during the last iteration: 24 /usr/bin/z3 SMTLIB2_COMPLIANT=true -memory:2024 -smt2 -in
[2026-07-04 07:26:28,503 INFO  L408      AbstractCegarLoop]: === Iteration 24 === Targeting __wraparound_assertErr0ASSERT_VIOLATIONASSERT === [__wraparound_assertErr0ASSERT_VIOLATIONASSERT] ===
[2026-07-04 07:26:28,503 INFO  L156       PredicateUnifier]: Initialized classic predicate unifier
[2026-07-04 07:26:28,503 INFO  L85        PathProgramCache]: Analyzing trace with hash -1673295196, now seen corresponding path program 1 times
[2026-07-04 07:26:28,503 INFO  L118   FreeRefinementEngine]: Executing refinement strategy FIXED_PREFERENCES
[2026-07-04 07:26:28,504 INFO  L324   FreeRefinementEngine]: Using trace check IpTcStrategyModulePreferences [1563877690]
[2026-07-04 07:26:28,504 INFO  L97    rtionOrderModulation]: Keeping assertion order NOT_INCREMENTALLY
[2026-07-04 07:26:28,504 INFO  L173          SolverBuilder]: Constructing external solver with command: z3 SMTLIB2_COMPLIANT=true -memory:2024 -smt2 -in
[2026-07-04 07:26:28,505 INFO  L189       MonitoredProcess]: No working directory specified, using /usr/bin/z3
[2026-07-04 07:26:28,506 INFO  L229       MonitoredProcess]: Starting monitored process 25 with /usr/bin/z3 SMTLIB2_COMPLIANT=true -memory:2024 -smt2 -in (exit command is (exit), workingDir is null)
[2026-07-04 07:26:28,508 INFO  L327       MonitoredProcess]: [MP /usr/bin/z3 SMTLIB2_COMPLIANT=true -memory:2024 -smt2 -in (25)] Waiting until timeout for monitored process
[2026-07-04 07:26:28,576 INFO  L108    AnnotateAndAsserter]: Assert order NOT_INCREMENTALLY partitioned 236 statements into 1 equivalence classes.
[2026-07-04 07:26:28,625 INFO  L111    AnnotateAndAsserter]: Assert order NOT_INCREMENTALLY issued 1 check-sat command(s) and asserted 236 of 236 statements.
[2026-07-04 07:26:28,625 INFO  L114    AnnotateAndAsserter]: Assert order NOT_INCREMENTALLY issued 1 check-sat command(s)
[2026-07-04 07:26:28,625 INFO  L115    AnnotateAndAsserter]: Conjunction of SSA is unsat
[2026-07-04 07:26:28,627 INFO  L256         TraceCheckSpWp]: Trace formula consists of 777 conjuncts, 2 conjuncts are in the unsatisfiable core
[2026-07-04 07:26:28,629 INFO  L279         TraceCheckSpWp]: Computing forward predicates...
[2026-07-04 07:26:28,659 INFO  L134       CoverageAnalysis]: Checked inductivity of 57 backedges. 21 proven. 0 refuted. 0 times theorem prover too weak. 36 trivial. 0 not checked.
[2026-07-04 07:26:28,659 INFO  L312         TraceCheckSpWp]: Computing backward predicates...
[2026-07-04 07:26:28,716 INFO  L134       CoverageAnalysis]: Checked inductivity of 57 backedges. 2 proven. 32 refuted. 0 times theorem prover too weak. 23 trivial. 0 not checked.
[2026-07-04 07:26:28,716 INFO  L136   FreeRefinementEngine]: Strategy FIXED_PREFERENCES found an infeasible trace
[2026-07-04 07:26:28,717 INFO  L324   FreeRefinementEngine]: Using interpolant generator IpTcStrategyModulePreferences [1563877690]
[2026-07-04 07:26:28,717 INFO  L158   FreeRefinementEngine]: IpTcStrategyModulePreferences [1563877690] provided 1 perfect and 1 imperfect interpolant sequences
[2026-07-04 07:26:28,717 INFO  L185   FreeRefinementEngine]: Found 1 perfect and 1 imperfect interpolant sequences.
[2026-07-04 07:26:28,717 INFO  L198   FreeRefinementEngine]: Number of different interpolants: perfect sequences [3] imperfect sequences [3] total 3
[2026-07-04 07:26:28,717 INFO  L121   tionRefinementEngine]: Using interpolant automaton builder IpAbStrategyModuleStraightlineAll [655983448]
[2026-07-04 07:26:28,717 INFO  L85    oduleStraightlineAll]: Using 1 perfect interpolants to construct interpolant automaton
[2026-07-04 07:26:28,717 INFO  L567      AbstractCegarLoop]: INTERPOLANT automaton has 3 states
[2026-07-04 07:26:28,717 INFO  L100   FreeRefinementEngine]: Using predicate unifier PredicateUnifier provided by strategy FIXED_PREFERENCES
[2026-07-04 07:26:28,717 INFO  L144   InterpolantAutomaton]: Constructing interpolant automaton starting with 3 interpolants.
[2026-07-04 07:26:28,717 INFO  L146   InterpolantAutomaton]: CoverageRelationStatistics Valid=3, Invalid=3, Unknown=0, NotChecked=0, Total=6
[2026-07-04 07:26:28,717 INFO  L87              Difference]: Start difference. First operand 463 states and 505 transitions. Second operand  has 3 states, 3 states have (on average 61.666666666666664) internal successors, (185), 3 states have internal predecessors, (185), 2 states have call successors, (11), 2 states have call predecessors, (11), 2 states have return successors, (10), 2 states have call predecessors, (10), 2 states have call successors, (10)
[2026-07-04 07:26:28,783 INFO  L144             Difference]: Subtrahend was deterministic. Have not used determinization.
[2026-07-04 07:26:28,783 INFO  L93              Difference]: Finished difference Result 1175 states and 1299 transitions.
[2026-07-04 07:26:28,784 INFO  L140   InterpolantAutomaton]: Switched to read-only mode: deterministic interpolant automaton has 3 states. 
[2026-07-04 07:26:28,784 INFO  L79                 Accepts]: Start accepts. Automaton has  has 3 states, 3 states have (on average 61.666666666666664) internal successors, (185), 3 states have internal predecessors, (185), 2 states have call successors, (11), 2 states have call predecessors, (11), 2 states have return successors, (10), 2 states have call predecessors, (10), 2 states have call successors, (10) Word has length 236
[2026-07-04 07:26:28,784 INFO  L85                 Accepts]: Finished accepts. some prefix is accepted.
[2026-07-04 07:26:28,787 INFO  L225             Difference]: With dead ends: 1175
[2026-07-04 07:26:28,787 INFO  L226             Difference]: Without dead ends: 798
[2026-07-04 07:26:28,788 INFO  L425           NwaCegarLoop]: 0 DeclaredPredicates, 470 GetRequests, 469 SyntacticMatches, 0 SemanticMatches, 1 ConstructedPredicates, 0 IntricatePredicates, 0 DeprecatedPredicates, 0 ImplicationChecksByTransitivity, 0.0s TimeCoverageRelationStatistics Valid=3, Invalid=3, Unknown=0, NotChecked=0, Total=6
[2026-07-04 07:26:28,792 INFO  L426           NwaCegarLoop]: 286 mSDtfsCounter, 178 mSDsluCounter, 211 mSDsCounter, 0 mSdLazyCounter, 3 mSolverCounterSat, 0 mSolverCounterUnsat, 0 mSolverCounterUnknown, 0 mSolverCounterNotChecked, 0.0s Time, 0 mProtectedPredicate, 0 mProtectedAction, 178 SdHoareTripleChecker+Valid, 497 SdHoareTripleChecker+Invalid, 3 SdHoareTripleChecker+Unknown, 0 SdHoareTripleChecker+Unchecked, 0.0s SdHoareTripleChecker+Time, 0 IncrementalHoareTripleChecker+Valid, 3 IncrementalHoareTripleChecker+Invalid, 0 IncrementalHoareTripleChecker+Unknown, 0 IncrementalHoareTripleChecker+Unchecked, 0.0s IncrementalHoareTripleChecker+Time
[2026-07-04 07:26:28,792 INFO  L427           NwaCegarLoop]: SdHoareTripleChecker [178 Valid, 497 Invalid, 3 Unknown, 0 Unchecked, 0.0s Time], IncrementalHoareTripleChecker [0 Valid, 3 Invalid, 0 Unknown, 0 Unchecked, 0.0s Time]
[2026-07-04 07:26:28,792 INFO  L82        GeneralOperation]: Start minimizeSevpa. Operand 798 states.
[2026-07-04 07:26:28,833 INFO  L88        GeneralOperation]: Finished minimizeSevpa. Reduced states from 798 to 463.
[2026-07-04 07:26:28,833 INFO  L82        GeneralOperation]: Start removeUnreachable. Operand  has 463 states, 410 states have (on average 1.075609756097561) internal successors, (441), 428 states have internal predecessors, (441), 30 states have call successors, (30), 21 states have call predecessors, (30), 22 states have return successors, (31), 19 states have call predecessors, (31), 29 states have call successors, (31)
[2026-07-04 07:26:28,833 INFO  L88        GeneralOperation]: Finished removeUnreachable. Reduced from 463 states to 463 states and 502 transitions.
[2026-07-04 07:26:28,835 INFO  L79                 Accepts]: Start accepts. Automaton has 463 states and 502 transitions. Word has length 236
[2026-07-04 07:26:28,835 INFO  L85                 Accepts]: Finished accepts. word is rejected.
[2026-07-04 07:26:28,842 INFO  L490      AbstractCegarLoop]: Abstraction has 463 states and 502 transitions.
[2026-07-04 07:26:28,842 INFO  L491      AbstractCegarLoop]: INTERPOLANT automaton has  has 3 states, 3 states have (on average 61.666666666666664) internal successors, (185), 3 states have internal predecessors, (185), 2 states have call successors, (11), 2 states have call predecessors, (11), 2 states have return successors, (10), 2 states have call predecessors, (10), 2 states have call successors, (10)
[2026-07-04 07:26:28,842 INFO  L278                IsEmpty]: Start isEmpty. Operand 463 states and 502 transitions.
[2026-07-04 07:26:28,843 INFO  L284                IsEmpty]: Finished isEmpty. Found accepting run of length 238
[2026-07-04 07:26:28,843 INFO  L199           NwaCegarLoop]: Found error trace
[2026-07-04 07:26:28,844 INFO  L207           NwaCegarLoop]: trace histogram [2, 2, 2, 2, 2, 2, 2, 2, 2, 2, 2, 2, 2, 2, 2, 2, 2, 2, 2, 2, 2, 2, 2, 2, 2, 2, 2, 2, 2, 2, 2, 2, 2, 2, 2, 2, 2, 2, 2, 2, 2, 2, 2, 2, 2, 2, 2, 1, 1, 1, 1, 1, 1, 1, 1, 1, 1, 1, 1, 1, 1, 1, 1, 1, 1, 1, 1, 1, 1, 1, 1, 1, 1, 1, 1, 1, 1, 1, 1, 1, 1, 1, 1, 1, 1, 1, 1, 1, 1, 1, 1, 1, 1, 1, 1, 1, 1, 1, 1, 1, 1, 1, 1, 1, 1, 1, 1, 1, 1, 1, 1, 1, 1, 1, 1, 1, 1, 1, 1, 1, 1, 1, 1, 1, 1, 1, 1, 1, 1, 1, 1, 1, 1, 1, 1, 1, 1, 1, 1, 1, 1, 1, 1, 1, 1, 1, 1, 1, 1, 1, 1, 1, 1, 1, 1, 1, 1, 1, 1, 1, 1, 1, 1, 1, 1, 1, 1, 1, 1, 1, 1, 1, 1, 1, 1, 1, 1, 1, 1, 1, 1, 1, 1, 1, 1, 1, 1, 1, 1, 1]
[2026-07-04 07:26:28,850 INFO  L546       MonitoredProcess]: [MP /usr/bin/z3 SMTLIB2_COMPLIANT=true -memory:2024 -smt2 -in (25)] Ended with exit code 0
[2026-07-04 07:26:29,050 WARN  L471      AbstractCegarLoop]: Destroyed unattended storables created during the last iteration: 25 /usr/bin/z3 SMTLIB2_COMPLIANT=true -memory:2024 -smt2 -in
[2026-07-04 07:26:29,051 INFO  L408      AbstractCegarLoop]: === Iteration 25 === Targeting __wraparound_assertErr0ASSERT_VIOLATIONASSERT === [__wraparound_assertErr0ASSERT_VIOLATIONASSERT] ===
[2026-07-04 07:26:29,058 INFO  L156       PredicateUnifier]: Initialized classic predicate unifier
[2026-07-04 07:26:29,058 INFO  L85        PathProgramCache]: Analyzing trace with hash 375893875, now seen corresponding path program 1 times
[2026-07-04 07:26:29,058 INFO  L118   FreeRefinementEngine]: Executing refinement strategy FIXED_PREFERENCES
[2026-07-04 07:26:29,059 INFO  L324   FreeRefinementEngine]: Using trace check IpTcStrategyModulePreferences [387279003]
[2026-07-04 07:26:29,059 INFO  L97    rtionOrderModulation]: Keeping assertion order NOT_INCREMENTALLY
[2026-07-04 07:26:29,059 INFO  L173          SolverBuilder]: Constructing external solver with command: z3 SMTLIB2_COMPLIANT=true -memory:2024 -smt2 -in
[2026-07-04 07:26:29,060 INFO  L189       MonitoredProcess]: No working directory specified, using /usr/bin/z3
[2026-07-04 07:26:29,063 INFO  L229       MonitoredProcess]: Starting monitored process 26 with /usr/bin/z3 SMTLIB2_COMPLIANT=true -memory:2024 -smt2 -in (exit command is (exit), workingDir is null)
[2026-07-04 07:26:29,071 INFO  L327       MonitoredProcess]: [MP /usr/bin/z3 SMTLIB2_COMPLIANT=true -memory:2024 -smt2 -in (26)] Waiting until timeout for monitored process
[2026-07-04 07:26:29,162 INFO  L108    AnnotateAndAsserter]: Assert order NOT_INCREMENTALLY partitioned 237 statements into 1 equivalence classes.
[2026-07-04 07:26:29,211 INFO  L111    AnnotateAndAsserter]: Assert order NOT_INCREMENTALLY issued 1 check-sat command(s) and asserted 237 of 237 statements.
[2026-07-04 07:26:29,211 INFO  L114    AnnotateAndAsserter]: Assert order NOT_INCREMENTALLY issued 1 check-sat command(s)
[2026-07-04 07:26:29,211 INFO  L115    AnnotateAndAsserter]: Conjunction of SSA is unsat
[2026-07-04 07:26:29,214 INFO  L256         TraceCheckSpWp]: Trace formula consists of 779 conjuncts, 6 conjuncts are in the unsatisfiable core
[2026-07-04 07:26:29,227 INFO  L279         TraceCheckSpWp]: Computing forward predicates...
[2026-07-04 07:26:29,445 INFO  L134       CoverageAnalysis]: Checked inductivity of 57 backedges. 52 proven. 0 refuted. 0 times theorem prover too weak. 5 trivial. 0 not checked.
[2026-07-04 07:26:29,445 INFO  L312         TraceCheckSpWp]: Computing backward predicates...
[2026-07-04 07:26:29,782 INFO  L134       CoverageAnalysis]: Checked inductivity of 57 backedges. 2 proven. 49 refuted. 0 times theorem prover too weak. 6 trivial. 0 not checked.
[2026-07-04 07:26:29,782 INFO  L136   FreeRefinementEngine]: Strategy FIXED_PREFERENCES found an infeasible trace
[2026-07-04 07:26:29,782 INFO  L324   FreeRefinementEngine]: Using interpolant generator IpTcStrategyModulePreferences [387279003]
[2026-07-04 07:26:29,782 INFO  L158   FreeRefinementEngine]: IpTcStrategyModulePreferences [387279003] provided 1 perfect and 1 imperfect interpolant sequences
[2026-07-04 07:26:29,782 INFO  L185   FreeRefinementEngine]: Found 1 perfect and 1 imperfect interpolant sequences.
[2026-07-04 07:26:29,783 INFO  L198   FreeRefinementEngine]: Number of different interpolants: perfect sequences [8] imperfect sequences [7] total 13
[2026-07-04 07:26:29,783 INFO  L121   tionRefinementEngine]: Using interpolant automaton builder IpAbStrategyModuleStraightlineAll [2031144900]
[2026-07-04 07:26:29,783 INFO  L85    oduleStraightlineAll]: Using 1 perfect interpolants to construct interpolant automaton
[2026-07-04 07:26:29,783 INFO  L567      AbstractCegarLoop]: INTERPOLANT automaton has 8 states
[2026-07-04 07:26:29,783 INFO  L100   FreeRefinementEngine]: Using predicate unifier PredicateUnifier provided by strategy FIXED_PREFERENCES
[2026-07-04 07:26:29,783 INFO  L144   InterpolantAutomaton]: Constructing interpolant automaton starting with 8 interpolants.
[2026-07-04 07:26:29,783 INFO  L146   InterpolantAutomaton]: CoverageRelationStatistics Valid=38, Invalid=118, Unknown=0, NotChecked=0, Total=156
[2026-07-04 07:26:29,784 INFO  L87              Difference]: Start difference. First operand 463 states and 502 transitions. Second operand  has 8 states, 8 states have (on average 26.625) internal successors, (213), 8 states have internal predecessors, (213), 4 states have call successors, (11), 4 states have call predecessors, (11), 4 states have return successors, (10), 3 states have call predecessors, (10), 4 states have call successors, (10)
[2026-07-04 07:26:30,214 INFO  L144             Difference]: Subtrahend was deterministic. Have not used determinization.
[2026-07-04 07:26:30,214 INFO  L93              Difference]: Finished difference Result 1083 states and 1191 transitions.
[2026-07-04 07:26:30,214 INFO  L140   InterpolantAutomaton]: Switched to read-only mode: deterministic interpolant automaton has 7 states. 
[2026-07-04 07:26:30,214 INFO  L79                 Accepts]: Start accepts. Automaton has  has 8 states, 8 states have (on average 26.625) internal successors, (213), 8 states have internal predecessors, (213), 4 states have call successors, (11), 4 states have call predecessors, (11), 4 states have return successors, (10), 3 states have call predecessors, (10), 4 states have call successors, (10) Word has length 237
[2026-07-04 07:26:30,215 INFO  L85                 Accepts]: Finished accepts. some prefix is accepted.
[2026-07-04 07:26:30,217 INFO  L225             Difference]: With dead ends: 1083
[2026-07-04 07:26:30,217 INFO  L226             Difference]: Without dead ends: 710
[2026-07-04 07:26:30,217 INFO  L425           NwaCegarLoop]: 0 DeclaredPredicates, 477 GetRequests, 462 SyntacticMatches, 0 SemanticMatches, 15 ConstructedPredicates, 0 IntricatePredicates, 0 DeprecatedPredicates, 28 ImplicationChecksByTransitivity, 0.1s TimeCoverageRelationStatistics Valid=74, Invalid=198, Unknown=0, NotChecked=0, Total=272
[2026-07-04 07:26:30,218 INFO  L426           NwaCegarLoop]: 209 mSDtfsCounter, 545 mSDsluCounter, 716 mSDsCounter, 0 mSdLazyCounter, 292 mSolverCounterSat, 136 mSolverCounterUnsat, 0 mSolverCounterUnknown, 0 mSolverCounterNotChecked, 0.3s Time, 0 mProtectedPredicate, 0 mProtectedAction, 559 SdHoareTripleChecker+Valid, 925 SdHoareTripleChecker+Invalid, 428 SdHoareTripleChecker+Unknown, 0 SdHoareTripleChecker+Unchecked, 0.0s SdHoareTripleChecker+Time, 136 IncrementalHoareTripleChecker+Valid, 292 IncrementalHoareTripleChecker+Invalid, 0 IncrementalHoareTripleChecker+Unknown, 0 IncrementalHoareTripleChecker+Unchecked, 0.3s IncrementalHoareTripleChecker+Time
[2026-07-04 07:26:30,218 INFO  L427           NwaCegarLoop]: SdHoareTripleChecker [559 Valid, 925 Invalid, 428 Unknown, 0 Unchecked, 0.0s Time], IncrementalHoareTripleChecker [136 Valid, 292 Invalid, 0 Unknown, 0 Unchecked, 0.3s Time]
[2026-07-04 07:26:30,218 INFO  L82        GeneralOperation]: Start minimizeSevpa. Operand 710 states.
[2026-07-04 07:26:30,300 INFO  L88        GeneralOperation]: Finished minimizeSevpa. Reduced states from 710 to 467.
[2026-07-04 07:26:30,300 INFO  L82        GeneralOperation]: Start removeUnreachable. Operand  has 467 states, 414 states have (on average 1.0748792270531402) internal successors, (445), 431 states have internal predecessors, (445), 30 states have call successors, (30), 21 states have call predecessors, (30), 22 states have return successors, (31), 19 states have call predecessors, (31), 29 states have call successors, (31)
[2026-07-04 07:26:30,301 INFO  L88        GeneralOperation]: Finished removeUnreachable. Reduced from 467 states to 467 states and 506 transitions.
[2026-07-04 07:26:30,308 INFO  L79                 Accepts]: Start accepts. Automaton has 467 states and 506 transitions. Word has length 237
[2026-07-04 07:26:30,309 INFO  L85                 Accepts]: Finished accepts. word is rejected.
[2026-07-04 07:26:30,309 INFO  L490      AbstractCegarLoop]: Abstraction has 467 states and 506 transitions.
[2026-07-04 07:26:30,309 INFO  L491      AbstractCegarLoop]: INTERPOLANT automaton has  has 8 states, 8 states have (on average 26.625) internal successors, (213), 8 states have internal predecessors, (213), 4 states have call successors, (11), 4 states have call predecessors, (11), 4 states have return successors, (10), 3 states have call predecessors, (10), 4 states have call successors, (10)
[2026-07-04 07:26:30,309 INFO  L278                IsEmpty]: Start isEmpty. Operand 467 states and 506 transitions.
[2026-07-04 07:26:30,310 INFO  L284                IsEmpty]: Finished isEmpty. Found accepting run of length 238
[2026-07-04 07:26:30,310 INFO  L199           NwaCegarLoop]: Found error trace
[2026-07-04 07:26:30,310 INFO  L207           NwaCegarLoop]: trace histogram [2, 2, 2, 2, 2, 2, 2, 2, 2, 2, 2, 2, 2, 2, 2, 2, 2, 2, 2, 2, 2, 2, 2, 2, 2, 2, 2, 2, 2, 2, 2, 2, 2, 2, 2, 2, 2, 2, 2, 2, 2, 2, 2, 2, 2, 2, 2, 1, 1, 1, 1, 1, 1, 1, 1, 1, 1, 1, 1, 1, 1, 1, 1, 1, 1, 1, 1, 1, 1, 1, 1, 1, 1, 1, 1, 1, 1, 1, 1, 1, 1, 1, 1, 1, 1, 1, 1, 1, 1, 1, 1, 1, 1, 1, 1, 1, 1, 1, 1, 1, 1, 1, 1, 1, 1, 1, 1, 1, 1, 1, 1, 1, 1, 1, 1, 1, 1, 1, 1, 1, 1, 1, 1, 1, 1, 1, 1, 1, 1, 1, 1, 1, 1, 1, 1, 1, 1, 1, 1, 1, 1, 1, 1, 1, 1, 1, 1, 1, 1, 1, 1, 1, 1, 1, 1, 1, 1, 1, 1, 1, 1, 1, 1, 1, 1, 1, 1, 1, 1, 1, 1, 1, 1, 1, 1, 1, 1, 1, 1, 1, 1, 1, 1, 1, 1, 1, 1, 1, 1, 1]
[2026-07-04 07:26:30,328 INFO  L546       MonitoredProcess]: [MP /usr/bin/z3 SMTLIB2_COMPLIANT=true -memory:2024 -smt2 -in (26)] Ended with exit code 0
[2026-07-04 07:26:30,515 WARN  L471      AbstractCegarLoop]: Destroyed unattended storables created during the last iteration: 26 /usr/bin/z3 SMTLIB2_COMPLIANT=true -memory:2024 -smt2 -in
[2026-07-04 07:26:30,515 INFO  L408      AbstractCegarLoop]: === Iteration 26 === Targeting __wraparound_assertErr0ASSERT_VIOLATIONASSERT === [__wraparound_assertErr0ASSERT_VIOLATIONASSERT] ===
[2026-07-04 07:26:30,515 INFO  L156       PredicateUnifier]: Initialized classic predicate unifier
[2026-07-04 07:26:30,515 INFO  L85        PathProgramCache]: Analyzing trace with hash 1356848689, now seen corresponding path program 1 times
[2026-07-04 07:26:30,515 INFO  L118   FreeRefinementEngine]: Executing refinement strategy FIXED_PREFERENCES
[2026-07-04 07:26:30,516 INFO  L324   FreeRefinementEngine]: Using trace check IpTcStrategyModulePreferences [1138361570]
[2026-07-04 07:26:30,516 INFO  L97    rtionOrderModulation]: Keeping assertion order NOT_INCREMENTALLY
[2026-07-04 07:26:30,516 INFO  L173          SolverBuilder]: Constructing external solver with command: z3 SMTLIB2_COMPLIANT=true -memory:2024 -smt2 -in
[2026-07-04 07:26:30,517 INFO  L189       MonitoredProcess]: No working directory specified, using /usr/bin/z3
[2026-07-04 07:26:30,525 INFO  L229       MonitoredProcess]: Starting monitored process 27 with /usr/bin/z3 SMTLIB2_COMPLIANT=true -memory:2024 -smt2 -in (exit command is (exit), workingDir is null)
[2026-07-04 07:26:30,526 INFO  L327       MonitoredProcess]: [MP /usr/bin/z3 SMTLIB2_COMPLIANT=true -memory:2024 -smt2 -in (27)] Waiting until timeout for monitored process
[2026-07-04 07:26:30,644 INFO  L108    AnnotateAndAsserter]: Assert order NOT_INCREMENTALLY partitioned 237 statements into 1 equivalence classes.
[2026-07-04 07:26:30,727 INFO  L111    AnnotateAndAsserter]: Assert order NOT_INCREMENTALLY issued 1 check-sat command(s) and asserted 237 of 237 statements.
[2026-07-04 07:26:30,727 INFO  L114    AnnotateAndAsserter]: Assert order NOT_INCREMENTALLY issued 1 check-sat command(s)
[2026-07-04 07:26:30,727 INFO  L115    AnnotateAndAsserter]: Conjunction of SSA is unsat
[2026-07-04 07:26:30,738 INFO  L256         TraceCheckSpWp]: Trace formula consists of 776 conjuncts, 10 conjuncts are in the unsatisfiable core
[2026-07-04 07:26:30,740 INFO  L279         TraceCheckSpWp]: Computing forward predicates...
[2026-07-04 07:26:30,987 INFO  L134       CoverageAnalysis]: Checked inductivity of 57 backedges. 52 proven. 0 refuted. 0 times theorem prover too weak. 5 trivial. 0 not checked.
[2026-07-04 07:26:30,987 INFO  L312         TraceCheckSpWp]: Computing backward predicates...
[2026-07-04 07:26:31,414 INFO  L134       CoverageAnalysis]: Checked inductivity of 57 backedges. 2 proven. 51 refuted. 0 times theorem prover too weak. 4 trivial. 0 not checked.
[2026-07-04 07:26:31,414 INFO  L136   FreeRefinementEngine]: Strategy FIXED_PREFERENCES found an infeasible trace
[2026-07-04 07:26:31,414 INFO  L324   FreeRefinementEngine]: Using interpolant generator IpTcStrategyModulePreferences [1138361570]
[2026-07-04 07:26:31,414 INFO  L158   FreeRefinementEngine]: IpTcStrategyModulePreferences [1138361570] provided 1 perfect and 1 imperfect interpolant sequences
[2026-07-04 07:26:31,414 INFO  L185   FreeRefinementEngine]: Found 1 perfect and 1 imperfect interpolant sequences.
[2026-07-04 07:26:31,415 INFO  L198   FreeRefinementEngine]: Number of different interpolants: perfect sequences [8] imperfect sequences [8] total 11
[2026-07-04 07:26:31,415 INFO  L121   tionRefinementEngine]: Using interpolant automaton builder IpAbStrategyModuleStraightlineAll [1444292723]
[2026-07-04 07:26:31,415 INFO  L85    oduleStraightlineAll]: Using 1 perfect interpolants to construct interpolant automaton
[2026-07-04 07:26:31,416 INFO  L567      AbstractCegarLoop]: INTERPOLANT automaton has 8 states
[2026-07-04 07:26:31,418 INFO  L100   FreeRefinementEngine]: Using predicate unifier PredicateUnifier provided by strategy FIXED_PREFERENCES
[2026-07-04 07:26:31,418 INFO  L144   InterpolantAutomaton]: Constructing interpolant automaton starting with 8 interpolants.
[2026-07-04 07:26:31,418 INFO  L146   InterpolantAutomaton]: CoverageRelationStatistics Valid=30, Invalid=80, Unknown=0, NotChecked=0, Total=110
[2026-07-04 07:26:31,418 INFO  L87              Difference]: Start difference. First operand 467 states and 506 transitions. Second operand  has 8 states, 8 states have (on average 26.625) internal successors, (213), 8 states have internal predecessors, (213), 4 states have call successors, (11), 3 states have call predecessors, (11), 4 states have return successors, (10), 3 states have call predecessors, (10), 4 states have call successors, (10)
[2026-07-04 07:26:31,991 INFO  L144             Difference]: Subtrahend was deterministic. Have not used determinization.
[2026-07-04 07:26:31,991 INFO  L93              Difference]: Finished difference Result 914 states and 995 transitions.
[2026-07-04 07:26:31,991 INFO  L140   InterpolantAutomaton]: Switched to read-only mode: deterministic interpolant automaton has 14 states. 
[2026-07-04 07:26:31,992 INFO  L79                 Accepts]: Start accepts. Automaton has  has 8 states, 8 states have (on average 26.625) internal successors, (213), 8 states have internal predecessors, (213), 4 states have call successors, (11), 3 states have call predecessors, (11), 4 states have return successors, (10), 3 states have call predecessors, (10), 4 states have call successors, (10) Word has length 237
[2026-07-04 07:26:31,992 INFO  L85                 Accepts]: Finished accepts. some prefix is accepted.
[2026-07-04 07:26:31,994 INFO  L225             Difference]: With dead ends: 914
[2026-07-04 07:26:31,994 INFO  L226             Difference]: Without dead ends: 509
[2026-07-04 07:26:31,995 INFO  L425           NwaCegarLoop]: 0 DeclaredPredicates, 482 GetRequests, 465 SyntacticMatches, 0 SemanticMatches, 17 ConstructedPredicates, 0 IntricatePredicates, 0 DeprecatedPredicates, 36 ImplicationChecksByTransitivity, 0.1s TimeCoverageRelationStatistics Valid=96, Invalid=246, Unknown=0, NotChecked=0, Total=342
[2026-07-04 07:26:31,999 INFO  L426           NwaCegarLoop]: 191 mSDtfsCounter, 483 mSDsluCounter, 466 mSDsCounter, 0 mSdLazyCounter, 683 mSolverCounterSat, 104 mSolverCounterUnsat, 0 mSolverCounterUnknown, 0 mSolverCounterNotChecked, 0.4s Time, 0 mProtectedPredicate, 0 mProtectedAction, 484 SdHoareTripleChecker+Valid, 657 SdHoareTripleChecker+Invalid, 787 SdHoareTripleChecker+Unknown, 0 SdHoareTripleChecker+Unchecked, 0.0s SdHoareTripleChecker+Time, 104 IncrementalHoareTripleChecker+Valid, 683 IncrementalHoareTripleChecker+Invalid, 0 IncrementalHoareTripleChecker+Unknown, 0 IncrementalHoareTripleChecker+Unchecked, 0.5s IncrementalHoareTripleChecker+Time
[2026-07-04 07:26:31,999 INFO  L427           NwaCegarLoop]: SdHoareTripleChecker [484 Valid, 657 Invalid, 787 Unknown, 0 Unchecked, 0.0s Time], IncrementalHoareTripleChecker [104 Valid, 683 Invalid, 0 Unknown, 0 Unchecked, 0.5s Time]
[2026-07-04 07:26:32,000 INFO  L82        GeneralOperation]: Start minimizeSevpa. Operand 509 states.
[2026-07-04 07:26:32,036 INFO  L88        GeneralOperation]: Finished minimizeSevpa. Reduced states from 509 to 465.
[2026-07-04 07:26:32,036 INFO  L82        GeneralOperation]: Start removeUnreachable. Operand  has 465 states, 412 states have (on average 1.0728155339805825) internal successors, (442), 428 states have internal predecessors, (442), 30 states have call successors, (30), 21 states have call predecessors, (30), 22 states have return successors, (31), 19 states have call predecessors, (31), 29 states have call successors, (31)
[2026-07-04 07:26:32,037 INFO  L88        GeneralOperation]: Finished removeUnreachable. Reduced from 465 states to 465 states and 503 transitions.
[2026-07-04 07:26:32,039 INFO  L79                 Accepts]: Start accepts. Automaton has 465 states and 503 transitions. Word has length 237
[2026-07-04 07:26:32,039 INFO  L85                 Accepts]: Finished accepts. word is rejected.
[2026-07-04 07:26:32,039 INFO  L490      AbstractCegarLoop]: Abstraction has 465 states and 503 transitions.
[2026-07-04 07:26:32,039 INFO  L491      AbstractCegarLoop]: INTERPOLANT automaton has  has 8 states, 8 states have (on average 26.625) internal successors, (213), 8 states have internal predecessors, (213), 4 states have call successors, (11), 3 states have call predecessors, (11), 4 states have return successors, (10), 3 states have call predecessors, (10), 4 states have call successors, (10)
[2026-07-04 07:26:32,039 INFO  L278                IsEmpty]: Start isEmpty. Operand 465 states and 503 transitions.
[2026-07-04 07:26:32,040 INFO  L284                IsEmpty]: Finished isEmpty. Found accepting run of length 240
[2026-07-04 07:26:32,040 INFO  L199           NwaCegarLoop]: Found error trace
[2026-07-04 07:26:32,040 INFO  L207           NwaCegarLoop]: trace histogram [2, 2, 2, 2, 2, 2, 2, 2, 2, 2, 2, 2, 2, 2, 2, 2, 2, 2, 2, 2, 2, 2, 2, 2, 2, 2, 2, 2, 2, 2, 2, 2, 2, 2, 2, 2, 2, 2, 2, 2, 2, 2, 2, 2, 2, 2, 2, 2, 2, 1, 1, 1, 1, 1, 1, 1, 1, 1, 1, 1, 1, 1, 1, 1, 1, 1, 1, 1, 1, 1, 1, 1, 1, 1, 1, 1, 1, 1, 1, 1, 1, 1, 1, 1, 1, 1, 1, 1, 1, 1, 1, 1, 1, 1, 1, 1, 1, 1, 1, 1, 1, 1, 1, 1, 1, 1, 1, 1, 1, 1, 1, 1, 1, 1, 1, 1, 1, 1, 1, 1, 1, 1, 1, 1, 1, 1, 1, 1, 1, 1, 1, 1, 1, 1, 1, 1, 1, 1, 1, 1, 1, 1, 1, 1, 1, 1, 1, 1, 1, 1, 1, 1, 1, 1, 1, 1, 1, 1, 1, 1, 1, 1, 1, 1, 1, 1, 1, 1, 1, 1, 1, 1, 1, 1, 1, 1, 1, 1, 1, 1, 1, 1, 1, 1, 1, 1, 1, 1, 1, 1]
[2026-07-04 07:26:32,046 INFO  L546       MonitoredProcess]: [MP /usr/bin/z3 SMTLIB2_COMPLIANT=true -memory:2024 -smt2 -in (27)] Ended with exit code 0
[2026-07-04 07:26:32,246 WARN  L471      AbstractCegarLoop]: Destroyed unattended storables created during the last iteration: 27 /usr/bin/z3 SMTLIB2_COMPLIANT=true -memory:2024 -smt2 -in
[2026-07-04 07:26:32,247 INFO  L408      AbstractCegarLoop]: === Iteration 27 === Targeting __wraparound_assertErr0ASSERT_VIOLATIONASSERT === [__wraparound_assertErr0ASSERT_VIOLATIONASSERT] ===
[2026-07-04 07:26:32,247 INFO  L156       PredicateUnifier]: Initialized classic predicate unifier
[2026-07-04 07:26:32,247 INFO  L85        PathProgramCache]: Analyzing trace with hash 282953974, now seen corresponding path program 1 times
[2026-07-04 07:26:32,247 INFO  L118   FreeRefinementEngine]: Executing refinement strategy FIXED_PREFERENCES
[2026-07-04 07:26:32,247 INFO  L324   FreeRefinementEngine]: Using trace check IpTcStrategyModulePreferences [541426273]
[2026-07-04 07:26:32,247 INFO  L97    rtionOrderModulation]: Keeping assertion order NOT_INCREMENTALLY
[2026-07-04 07:26:32,247 INFO  L173          SolverBuilder]: Constructing external solver with command: z3 SMTLIB2_COMPLIANT=true -memory:2024 -smt2 -in
[2026-07-04 07:26:32,248 INFO  L189       MonitoredProcess]: No working directory specified, using /usr/bin/z3
[2026-07-04 07:26:32,250 INFO  L229       MonitoredProcess]: Starting monitored process 28 with /usr/bin/z3 SMTLIB2_COMPLIANT=true -memory:2024 -smt2 -in (exit command is (exit), workingDir is null)
[2026-07-04 07:26:32,252 INFO  L327       MonitoredProcess]: [MP /usr/bin/z3 SMTLIB2_COMPLIANT=true -memory:2024 -smt2 -in (28)] Waiting until timeout for monitored process
[2026-07-04 07:26:32,328 INFO  L108    AnnotateAndAsserter]: Assert order NOT_INCREMENTALLY partitioned 239 statements into 1 equivalence classes.
[2026-07-04 07:26:32,379 INFO  L111    AnnotateAndAsserter]: Assert order NOT_INCREMENTALLY issued 1 check-sat command(s) and asserted 239 of 239 statements.
[2026-07-04 07:26:32,379 INFO  L114    AnnotateAndAsserter]: Assert order NOT_INCREMENTALLY issued 1 check-sat command(s)
[2026-07-04 07:26:32,379 INFO  L115    AnnotateAndAsserter]: Conjunction of SSA is unsat
[2026-07-04 07:26:32,382 INFO  L256         TraceCheckSpWp]: Trace formula consists of 784 conjuncts, 11 conjuncts are in the unsatisfiable core
[2026-07-04 07:26:32,384 INFO  L279         TraceCheckSpWp]: Computing forward predicates...
[2026-07-04 07:26:32,585 INFO  L134       CoverageAnalysis]: Checked inductivity of 60 backedges. 55 proven. 0 refuted. 0 times theorem prover too weak. 5 trivial. 0 not checked.
[2026-07-04 07:26:32,585 INFO  L312         TraceCheckSpWp]: Computing backward predicates...
[2026-07-04 07:26:33,086 INFO  L134       CoverageAnalysis]: Checked inductivity of 60 backedges. 2 proven. 51 refuted. 0 times theorem prover too weak. 7 trivial. 0 not checked.
[2026-07-04 07:26:33,086 INFO  L136   FreeRefinementEngine]: Strategy FIXED_PREFERENCES found an infeasible trace
[2026-07-04 07:26:33,086 INFO  L324   FreeRefinementEngine]: Using interpolant generator IpTcStrategyModulePreferences [541426273]
[2026-07-04 07:26:33,086 INFO  L158   FreeRefinementEngine]: IpTcStrategyModulePreferences [541426273] provided 1 perfect and 1 imperfect interpolant sequences
[2026-07-04 07:26:33,086 INFO  L185   FreeRefinementEngine]: Found 1 perfect and 1 imperfect interpolant sequences.
[2026-07-04 07:26:33,086 INFO  L198   FreeRefinementEngine]: Number of different interpolants: perfect sequences [8] imperfect sequences [8] total 11
[2026-07-04 07:26:33,086 INFO  L121   tionRefinementEngine]: Using interpolant automaton builder IpAbStrategyModuleStraightlineAll [724509441]
[2026-07-04 07:26:33,086 INFO  L85    oduleStraightlineAll]: Using 1 perfect interpolants to construct interpolant automaton
[2026-07-04 07:26:33,086 INFO  L567      AbstractCegarLoop]: INTERPOLANT automaton has 8 states
[2026-07-04 07:26:33,087 INFO  L100   FreeRefinementEngine]: Using predicate unifier PredicateUnifier provided by strategy FIXED_PREFERENCES
[2026-07-04 07:26:33,087 INFO  L144   InterpolantAutomaton]: Constructing interpolant automaton starting with 8 interpolants.
[2026-07-04 07:26:33,087 INFO  L146   InterpolantAutomaton]: CoverageRelationStatistics Valid=30, Invalid=80, Unknown=0, NotChecked=0, Total=110
[2026-07-04 07:26:33,087 INFO  L87              Difference]: Start difference. First operand 465 states and 503 transitions. Second operand  has 8 states, 8 states have (on average 26.625) internal successors, (213), 8 states have internal predecessors, (213), 5 states have call successors, (12), 4 states have call predecessors, (12), 4 states have return successors, (11), 3 states have call predecessors, (11), 5 states have call successors, (11)
[2026-07-04 07:26:33,685 INFO  L144             Difference]: Subtrahend was deterministic. Have not used determinization.
[2026-07-04 07:26:33,685 INFO  L93              Difference]: Finished difference Result 882 states and 960 transitions.
[2026-07-04 07:26:33,685 INFO  L140   InterpolantAutomaton]: Switched to read-only mode: deterministic interpolant automaton has 14 states. 
[2026-07-04 07:26:33,685 INFO  L79                 Accepts]: Start accepts. Automaton has  has 8 states, 8 states have (on average 26.625) internal successors, (213), 8 states have internal predecessors, (213), 5 states have call successors, (12), 4 states have call predecessors, (12), 4 states have return successors, (11), 3 states have call predecessors, (11), 5 states have call successors, (11) Word has length 239
[2026-07-04 07:26:33,693 INFO  L85                 Accepts]: Finished accepts. some prefix is accepted.
[2026-07-04 07:26:33,695 INFO  L225             Difference]: With dead ends: 882
[2026-07-04 07:26:33,695 INFO  L226             Difference]: Without dead ends: 503
[2026-07-04 07:26:33,695 INFO  L425           NwaCegarLoop]: 0 DeclaredPredicates, 486 GetRequests, 469 SyntacticMatches, 0 SemanticMatches, 17 ConstructedPredicates, 0 IntricatePredicates, 0 DeprecatedPredicates, 36 ImplicationChecksByTransitivity, 0.1s TimeCoverageRelationStatistics Valid=96, Invalid=246, Unknown=0, NotChecked=0, Total=342
[2026-07-04 07:26:33,698 INFO  L426           NwaCegarLoop]: 189 mSDtfsCounter, 463 mSDsluCounter, 464 mSDsCounter, 0 mSdLazyCounter, 681 mSolverCounterSat, 101 mSolverCounterUnsat, 0 mSolverCounterUnknown, 0 mSolverCounterNotChecked, 0.4s Time, 0 mProtectedPredicate, 0 mProtectedAction, 464 SdHoareTripleChecker+Valid, 653 SdHoareTripleChecker+Invalid, 782 SdHoareTripleChecker+Unknown, 0 SdHoareTripleChecker+Unchecked, 0.0s SdHoareTripleChecker+Time, 101 IncrementalHoareTripleChecker+Valid, 681 IncrementalHoareTripleChecker+Invalid, 0 IncrementalHoareTripleChecker+Unknown, 0 IncrementalHoareTripleChecker+Unchecked, 0.5s IncrementalHoareTripleChecker+Time
[2026-07-04 07:26:33,699 INFO  L427           NwaCegarLoop]: SdHoareTripleChecker [464 Valid, 653 Invalid, 782 Unknown, 0 Unchecked, 0.0s Time], IncrementalHoareTripleChecker [101 Valid, 681 Invalid, 0 Unknown, 0 Unchecked, 0.5s Time]
[2026-07-04 07:26:33,699 INFO  L82        GeneralOperation]: Start minimizeSevpa. Operand 503 states.
[2026-07-04 07:26:33,750 INFO  L88        GeneralOperation]: Finished minimizeSevpa. Reduced states from 503 to 459.
[2026-07-04 07:26:33,750 INFO  L82        GeneralOperation]: Start removeUnreachable. Operand  has 459 states, 406 states have (on average 1.0714285714285714) internal successors, (435), 422 states have internal predecessors, (435), 30 states have call successors, (30), 21 states have call predecessors, (30), 22 states have return successors, (31), 19 states have call predecessors, (31), 29 states have call successors, (31)
[2026-07-04 07:26:33,754 INFO  L88        GeneralOperation]: Finished removeUnreachable. Reduced from 459 states to 459 states and 496 transitions.
[2026-07-04 07:26:33,756 INFO  L79                 Accepts]: Start accepts. Automaton has 459 states and 496 transitions. Word has length 239
[2026-07-04 07:26:33,756 INFO  L85                 Accepts]: Finished accepts. word is rejected.
[2026-07-04 07:26:33,756 INFO  L490      AbstractCegarLoop]: Abstraction has 459 states and 496 transitions.
[2026-07-04 07:26:33,756 INFO  L491      AbstractCegarLoop]: INTERPOLANT automaton has  has 8 states, 8 states have (on average 26.625) internal successors, (213), 8 states have internal predecessors, (213), 5 states have call successors, (12), 4 states have call predecessors, (12), 4 states have return successors, (11), 3 states have call predecessors, (11), 5 states have call successors, (11)
[2026-07-04 07:26:33,756 INFO  L278                IsEmpty]: Start isEmpty. Operand 459 states and 496 transitions.
[2026-07-04 07:26:33,760 INFO  L284                IsEmpty]: Finished isEmpty. Found accepting run of length 242
[2026-07-04 07:26:33,760 INFO  L199           NwaCegarLoop]: Found error trace
[2026-07-04 07:26:33,761 INFO  L207           NwaCegarLoop]: trace histogram [2, 2, 2, 2, 2, 2, 2, 2, 2, 2, 2, 2, 2, 2, 2, 2, 2, 2, 2, 2, 2, 2, 2, 2, 2, 2, 2, 2, 2, 2, 2, 2, 2, 2, 2, 2, 2, 2, 2, 2, 2, 2, 2, 2, 2, 2, 2, 2, 2, 2, 2, 1, 1, 1, 1, 1, 1, 1, 1, 1, 1, 1, 1, 1, 1, 1, 1, 1, 1, 1, 1, 1, 1, 1, 1, 1, 1, 1, 1, 1, 1, 1, 1, 1, 1, 1, 1, 1, 1, 1, 1, 1, 1, 1, 1, 1, 1, 1, 1, 1, 1, 1, 1, 1, 1, 1, 1, 1, 1, 1, 1, 1, 1, 1, 1, 1, 1, 1, 1, 1, 1, 1, 1, 1, 1, 1, 1, 1, 1, 1, 1, 1, 1, 1, 1, 1, 1, 1, 1, 1, 1, 1, 1, 1, 1, 1, 1, 1, 1, 1, 1, 1, 1, 1, 1, 1, 1, 1, 1, 1, 1, 1, 1, 1, 1, 1, 1, 1, 1, 1, 1, 1, 1, 1, 1, 1, 1, 1, 1, 1, 1, 1, 1, 1, 1, 1, 1, 1, 1, 1]
[2026-07-04 07:26:33,767 INFO  L546       MonitoredProcess]: [MP /usr/bin/z3 SMTLIB2_COMPLIANT=true -memory:2024 -smt2 -in (28)] Ended with exit code 0
[2026-07-04 07:26:33,961 WARN  L471      AbstractCegarLoop]: Destroyed unattended storables created during the last iteration: 28 /usr/bin/z3 SMTLIB2_COMPLIANT=true -memory:2024 -smt2 -in
[2026-07-04 07:26:33,962 INFO  L408      AbstractCegarLoop]: === Iteration 28 === Targeting __wraparound_assertErr0ASSERT_VIOLATIONASSERT === [__wraparound_assertErr0ASSERT_VIOLATIONASSERT] ===
[2026-07-04 07:26:33,963 INFO  L156       PredicateUnifier]: Initialized classic predicate unifier
[2026-07-04 07:26:33,963 INFO  L85        PathProgramCache]: Analyzing trace with hash 676208765, now seen corresponding path program 1 times
[2026-07-04 07:26:33,963 INFO  L118   FreeRefinementEngine]: Executing refinement strategy FIXED_PREFERENCES
[2026-07-04 07:26:33,963 INFO  L324   FreeRefinementEngine]: Using trace check IpTcStrategyModulePreferences [513450479]
[2026-07-04 07:26:33,963 INFO  L97    rtionOrderModulation]: Keeping assertion order NOT_INCREMENTALLY
[2026-07-04 07:26:33,963 INFO  L173          SolverBuilder]: Constructing external solver with command: z3 SMTLIB2_COMPLIANT=true -memory:2024 -smt2 -in
[2026-07-04 07:26:33,964 INFO  L189       MonitoredProcess]: No working directory specified, using /usr/bin/z3
[2026-07-04 07:26:33,966 INFO  L229       MonitoredProcess]: Starting monitored process 29 with /usr/bin/z3 SMTLIB2_COMPLIANT=true -memory:2024 -smt2 -in (exit command is (exit), workingDir is null)
[2026-07-04 07:26:33,968 INFO  L327       MonitoredProcess]: [MP /usr/bin/z3 SMTLIB2_COMPLIANT=true -memory:2024 -smt2 -in (29)] Waiting until timeout for monitored process
[2026-07-04 07:26:34,048 INFO  L108    AnnotateAndAsserter]: Assert order NOT_INCREMENTALLY partitioned 241 statements into 1 equivalence classes.
[2026-07-04 07:26:34,092 INFO  L111    AnnotateAndAsserter]: Assert order NOT_INCREMENTALLY issued 1 check-sat command(s) and asserted 241 of 241 statements.
[2026-07-04 07:26:34,092 INFO  L114    AnnotateAndAsserter]: Assert order NOT_INCREMENTALLY issued 1 check-sat command(s)
[2026-07-04 07:26:34,092 INFO  L115    AnnotateAndAsserter]: Conjunction of SSA is unsat
[2026-07-04 07:26:34,095 INFO  L256         TraceCheckSpWp]: Trace formula consists of 795 conjuncts, 5 conjuncts are in the unsatisfiable core
[2026-07-04 07:26:34,108 INFO  L279         TraceCheckSpWp]: Computing forward predicates...
[2026-07-04 07:26:34,151 INFO  L134       CoverageAnalysis]: Checked inductivity of 63 backedges. 29 proven. 0 refuted. 0 times theorem prover too weak. 34 trivial. 0 not checked.
[2026-07-04 07:26:34,151 INFO  L312         TraceCheckSpWp]: Computing backward predicates...
[2026-07-04 07:26:34,315 INFO  L134       CoverageAnalysis]: Checked inductivity of 63 backedges. 2 proven. 33 refuted. 0 times theorem prover too weak. 28 trivial. 0 not checked.
[2026-07-04 07:26:34,315 INFO  L136   FreeRefinementEngine]: Strategy FIXED_PREFERENCES found an infeasible trace
[2026-07-04 07:26:34,315 INFO  L324   FreeRefinementEngine]: Using interpolant generator IpTcStrategyModulePreferences [513450479]
[2026-07-04 07:26:34,315 INFO  L158   FreeRefinementEngine]: IpTcStrategyModulePreferences [513450479] provided 1 perfect and 1 imperfect interpolant sequences
[2026-07-04 07:26:34,315 INFO  L185   FreeRefinementEngine]: Found 1 perfect and 1 imperfect interpolant sequences.
[2026-07-04 07:26:34,315 INFO  L198   FreeRefinementEngine]: Number of different interpolants: perfect sequences [6] imperfect sequences [6] total 10
[2026-07-04 07:26:34,315 INFO  L121   tionRefinementEngine]: Using interpolant automaton builder IpAbStrategyModuleStraightlineAll [2103454124]
[2026-07-04 07:26:34,315 INFO  L85    oduleStraightlineAll]: Using 1 perfect interpolants to construct interpolant automaton
[2026-07-04 07:26:34,316 INFO  L567      AbstractCegarLoop]: INTERPOLANT automaton has 6 states
[2026-07-04 07:26:34,316 INFO  L100   FreeRefinementEngine]: Using predicate unifier PredicateUnifier provided by strategy FIXED_PREFERENCES
[2026-07-04 07:26:34,316 INFO  L144   InterpolantAutomaton]: Constructing interpolant automaton starting with 6 interpolants.
[2026-07-04 07:26:34,316 INFO  L146   InterpolantAutomaton]: CoverageRelationStatistics Valid=25, Invalid=65, Unknown=0, NotChecked=0, Total=90
[2026-07-04 07:26:34,316 INFO  L87              Difference]: Start difference. First operand 459 states and 496 transitions. Second operand  has 6 states, 6 states have (on average 31.166666666666668) internal successors, (187), 6 states have internal predecessors, (187), 3 states have call successors, (13), 3 states have call predecessors, (13), 3 states have return successors, (12), 3 states have call predecessors, (12), 3 states have call successors, (12)
[2026-07-04 07:26:34,567 INFO  L144             Difference]: Subtrahend was deterministic. Have not used determinization.
[2026-07-04 07:26:34,567 INFO  L93              Difference]: Finished difference Result 957 states and 1037 transitions.
[2026-07-04 07:26:34,567 INFO  L140   InterpolantAutomaton]: Switched to read-only mode: deterministic interpolant automaton has 6 states. 
[2026-07-04 07:26:34,567 INFO  L79                 Accepts]: Start accepts. Automaton has  has 6 states, 6 states have (on average 31.166666666666668) internal successors, (187), 6 states have internal predecessors, (187), 3 states have call successors, (13), 3 states have call predecessors, (13), 3 states have return successors, (12), 3 states have call predecessors, (12), 3 states have call successors, (12) Word has length 241
[2026-07-04 07:26:34,568 INFO  L85                 Accepts]: Finished accepts. some prefix is accepted.
[2026-07-04 07:26:34,574 INFO  L225             Difference]: With dead ends: 957
[2026-07-04 07:26:34,574 INFO  L226             Difference]: Without dead ends: 584
[2026-07-04 07:26:34,575 INFO  L425           NwaCegarLoop]: 0 DeclaredPredicates, 482 GetRequests, 472 SyntacticMatches, 0 SemanticMatches, 10 ConstructedPredicates, 0 IntricatePredicates, 0 DeprecatedPredicates, 12 ImplicationChecksByTransitivity, 0.1s TimeCoverageRelationStatistics Valid=42, Invalid=90, Unknown=0, NotChecked=0, Total=132
[2026-07-04 07:26:34,575 INFO  L426           NwaCegarLoop]: 272 mSDtfsCounter, 327 mSDsluCounter, 783 mSDsCounter, 0 mSdLazyCounter, 65 mSolverCounterSat, 64 mSolverCounterUnsat, 0 mSolverCounterUnknown, 0 mSolverCounterNotChecked, 0.1s Time, 0 mProtectedPredicate, 0 mProtectedAction, 329 SdHoareTripleChecker+Valid, 1055 SdHoareTripleChecker+Invalid, 129 SdHoareTripleChecker+Unknown, 0 SdHoareTripleChecker+Unchecked, 0.0s SdHoareTripleChecker+Time, 64 IncrementalHoareTripleChecker+Valid, 65 IncrementalHoareTripleChecker+Invalid, 0 IncrementalHoareTripleChecker+Unknown, 0 IncrementalHoareTripleChecker+Unchecked, 0.2s IncrementalHoareTripleChecker+Time
[2026-07-04 07:26:34,575 INFO  L427           NwaCegarLoop]: SdHoareTripleChecker [329 Valid, 1055 Invalid, 129 Unknown, 0 Unchecked, 0.0s Time], IncrementalHoareTripleChecker [64 Valid, 65 Invalid, 0 Unknown, 0 Unchecked, 0.2s Time]
[2026-07-04 07:26:34,576 INFO  L82        GeneralOperation]: Start minimizeSevpa. Operand 584 states.
[2026-07-04 07:26:34,651 INFO  L88        GeneralOperation]: Finished minimizeSevpa. Reduced states from 584 to 459.
[2026-07-04 07:26:34,651 INFO  L82        GeneralOperation]: Start removeUnreachable. Operand  has 459 states, 406 states have (on average 1.0689655172413792) internal successors, (434), 422 states have internal predecessors, (434), 30 states have call successors, (30), 21 states have call predecessors, (30), 22 states have return successors, (31), 19 states have call predecessors, (31), 29 states have call successors, (31)
[2026-07-04 07:26:34,651 INFO  L88        GeneralOperation]: Finished removeUnreachable. Reduced from 459 states to 459 states and 495 transitions.
[2026-07-04 07:26:34,654 INFO  L79                 Accepts]: Start accepts. Automaton has 459 states and 495 transitions. Word has length 241
[2026-07-04 07:26:34,654 INFO  L85                 Accepts]: Finished accepts. word is rejected.
[2026-07-04 07:26:34,654 INFO  L490      AbstractCegarLoop]: Abstraction has 459 states and 495 transitions.
[2026-07-04 07:26:34,654 INFO  L491      AbstractCegarLoop]: INTERPOLANT automaton has  has 6 states, 6 states have (on average 31.166666666666668) internal successors, (187), 6 states have internal predecessors, (187), 3 states have call successors, (13), 3 states have call predecessors, (13), 3 states have return successors, (12), 3 states have call predecessors, (12), 3 states have call successors, (12)
[2026-07-04 07:26:34,654 INFO  L278                IsEmpty]: Start isEmpty. Operand 459 states and 495 transitions.
[2026-07-04 07:26:34,659 INFO  L284                IsEmpty]: Finished isEmpty. Found accepting run of length 242
[2026-07-04 07:26:34,659 INFO  L199           NwaCegarLoop]: Found error trace
[2026-07-04 07:26:34,659 INFO  L207           NwaCegarLoop]: trace histogram [2, 2, 2, 2, 2, 2, 2, 2, 2, 2, 2, 2, 2, 2, 2, 2, 2, 2, 2, 2, 2, 2, 2, 2, 2, 2, 2, 2, 2, 2, 2, 2, 2, 2, 2, 2, 2, 2, 2, 2, 2, 2, 2, 2, 2, 2, 2, 2, 2, 2, 2, 1, 1, 1, 1, 1, 1, 1, 1, 1, 1, 1, 1, 1, 1, 1, 1, 1, 1, 1, 1, 1, 1, 1, 1, 1, 1, 1, 1, 1, 1, 1, 1, 1, 1, 1, 1, 1, 1, 1, 1, 1, 1, 1, 1, 1, 1, 1, 1, 1, 1, 1, 1, 1, 1, 1, 1, 1, 1, 1, 1, 1, 1, 1, 1, 1, 1, 1, 1, 1, 1, 1, 1, 1, 1, 1, 1, 1, 1, 1, 1, 1, 1, 1, 1, 1, 1, 1, 1, 1, 1, 1, 1, 1, 1, 1, 1, 1, 1, 1, 1, 1, 1, 1, 1, 1, 1, 1, 1, 1, 1, 1, 1, 1, 1, 1, 1, 1, 1, 1, 1, 1, 1, 1, 1, 1, 1, 1, 1, 1, 1, 1, 1, 1, 1, 1, 1, 1, 1, 1]
[2026-07-04 07:26:34,668 INFO  L546       MonitoredProcess]: [MP /usr/bin/z3 SMTLIB2_COMPLIANT=true -memory:2024 -smt2 -in (29)] Ended with exit code 0
[2026-07-04 07:26:34,859 WARN  L471      AbstractCegarLoop]: Destroyed unattended storables created during the last iteration: 29 /usr/bin/z3 SMTLIB2_COMPLIANT=true -memory:2024 -smt2 -in
[2026-07-04 07:26:34,861 INFO  L408      AbstractCegarLoop]: === Iteration 29 === Targeting __wraparound_assertErr0ASSERT_VIOLATIONASSERT === [__wraparound_assertErr0ASSERT_VIOLATIONASSERT] ===
[2026-07-04 07:26:34,861 INFO  L156       PredicateUnifier]: Initialized classic predicate unifier
[2026-07-04 07:26:34,866 INFO  L85        PathProgramCache]: Analyzing trace with hash 1657163579, now seen corresponding path program 1 times
[2026-07-04 07:26:34,866 INFO  L118   FreeRefinementEngine]: Executing refinement strategy FIXED_PREFERENCES
[2026-07-04 07:26:34,866 INFO  L324   FreeRefinementEngine]: Using trace check IpTcStrategyModulePreferences [1662693792]
[2026-07-04 07:26:34,866 INFO  L97    rtionOrderModulation]: Keeping assertion order NOT_INCREMENTALLY
[2026-07-04 07:26:34,866 INFO  L173          SolverBuilder]: Constructing external solver with command: z3 SMTLIB2_COMPLIANT=true -memory:2024 -smt2 -in
[2026-07-04 07:26:34,867 INFO  L189       MonitoredProcess]: No working directory specified, using /usr/bin/z3
[2026-07-04 07:26:34,870 INFO  L229       MonitoredProcess]: Starting monitored process 30 with /usr/bin/z3 SMTLIB2_COMPLIANT=true -memory:2024 -smt2 -in (exit command is (exit), workingDir is null)
[2026-07-04 07:26:34,877 INFO  L327       MonitoredProcess]: [MP /usr/bin/z3 SMTLIB2_COMPLIANT=true -memory:2024 -smt2 -in (30)] Waiting until timeout for monitored process
[2026-07-04 07:26:34,943 INFO  L108    AnnotateAndAsserter]: Assert order NOT_INCREMENTALLY partitioned 241 statements into 1 equivalence classes.
[2026-07-04 07:26:34,994 INFO  L111    AnnotateAndAsserter]: Assert order NOT_INCREMENTALLY issued 1 check-sat command(s) and asserted 241 of 241 statements.
[2026-07-04 07:26:34,994 INFO  L114    AnnotateAndAsserter]: Assert order NOT_INCREMENTALLY issued 1 check-sat command(s)
[2026-07-04 07:26:34,994 INFO  L115    AnnotateAndAsserter]: Conjunction of SSA is unsat
[2026-07-04 07:26:34,996 INFO  L256         TraceCheckSpWp]: Trace formula consists of 792 conjuncts, 2 conjuncts are in the unsatisfiable core
[2026-07-04 07:26:35,007 INFO  L279         TraceCheckSpWp]: Computing forward predicates...
[2026-07-04 07:26:35,162 INFO  L134       CoverageAnalysis]: Checked inductivity of 63 backedges. 63 proven. 0 refuted. 0 times theorem prover too weak. 0 trivial. 0 not checked.
[2026-07-04 07:26:35,162 INFO  L312         TraceCheckSpWp]: Computing backward predicates...
[2026-07-04 07:26:35,227 INFO  L134       CoverageAnalysis]: Checked inductivity of 63 backedges. 2 proven. 0 refuted. 0 times theorem prover too weak. 61 trivial. 0 not checked.
[2026-07-04 07:26:35,227 INFO  L136   FreeRefinementEngine]: Strategy FIXED_PREFERENCES found an infeasible trace
[2026-07-04 07:26:35,227 INFO  L324   FreeRefinementEngine]: Using interpolant generator IpTcStrategyModulePreferences [1662693792]
[2026-07-04 07:26:35,227 INFO  L158   FreeRefinementEngine]: IpTcStrategyModulePreferences [1662693792] provided 2 perfect and 0 imperfect interpolant sequences
[2026-07-04 07:26:35,227 INFO  L185   FreeRefinementEngine]: Found 2 perfect and 0 imperfect interpolant sequences.
[2026-07-04 07:26:35,227 INFO  L198   FreeRefinementEngine]: Number of different interpolants: perfect sequences [2, 3] imperfect sequences [] total 3
[2026-07-04 07:26:35,228 INFO  L121   tionRefinementEngine]: Using interpolant automaton builder IpAbStrategyModuleStraightlineAll [43939754]
[2026-07-04 07:26:35,228 INFO  L85    oduleStraightlineAll]: Using 2 perfect interpolants to construct interpolant automaton
[2026-07-04 07:26:35,228 INFO  L567      AbstractCegarLoop]: INTERPOLANT automaton has 3 states
[2026-07-04 07:26:35,228 INFO  L100   FreeRefinementEngine]: Using predicate unifier PredicateUnifier provided by strategy FIXED_PREFERENCES
[2026-07-04 07:26:35,228 INFO  L144   InterpolantAutomaton]: Constructing interpolant automaton starting with 3 interpolants.
[2026-07-04 07:26:35,228 INFO  L146   InterpolantAutomaton]: CoverageRelationStatistics Valid=3, Invalid=3, Unknown=0, NotChecked=0, Total=6
[2026-07-04 07:26:35,228 INFO  L87              Difference]: Start difference. First operand 459 states and 495 transitions. Second operand  has 3 states, 3 states have (on average 115.66666666666667) internal successors, (347), 3 states have internal predecessors, (347), 3 states have call successors, (25), 3 states have call predecessors, (25), 3 states have return successors, (24), 3 states have call predecessors, (24), 3 states have call successors, (24)
[2026-07-04 07:26:35,247 INFO  L144             Difference]: Subtrahend was deterministic. Have not used determinization.
[2026-07-04 07:26:35,248 INFO  L93              Difference]: Finished difference Result 459 states and 495 transitions.
[2026-07-04 07:26:35,248 INFO  L140   InterpolantAutomaton]: Switched to read-only mode: deterministic interpolant automaton has 3 states. 
[2026-07-04 07:26:35,248 INFO  L79                 Accepts]: Start accepts. Automaton has  has 3 states, 3 states have (on average 115.66666666666667) internal successors, (347), 3 states have internal predecessors, (347), 3 states have call successors, (25), 3 states have call predecessors, (25), 3 states have return successors, (24), 3 states have call predecessors, (24), 3 states have call successors, (24) Word has length 241
[2026-07-04 07:26:35,248 INFO  L85                 Accepts]: Finished accepts. some prefix is accepted.
[2026-07-04 07:26:35,249 INFO  L225             Difference]: With dead ends: 459
[2026-07-04 07:26:35,249 INFO  L226             Difference]: Without dead ends: 0
[2026-07-04 07:26:35,250 INFO  L425           NwaCegarLoop]: 0 DeclaredPredicates, 480 GetRequests, 479 SyntacticMatches, 0 SemanticMatches, 1 ConstructedPredicates, 0 IntricatePredicates, 0 DeprecatedPredicates, 0 ImplicationChecksByTransitivity, 0.0s TimeCoverageRelationStatistics Valid=3, Invalid=3, Unknown=0, NotChecked=0, Total=6
[2026-07-04 07:26:35,250 INFO  L426           NwaCegarLoop]: 190 mSDtfsCounter, 46 mSDsluCounter, 0 mSDsCounter, 0 mSdLazyCounter, 0 mSolverCounterSat, 0 mSolverCounterUnsat, 0 mSolverCounterUnknown, 0 mSolverCounterNotChecked, 0.0s Time, 0 mProtectedPredicate, 0 mProtectedAction, 46 SdHoareTripleChecker+Valid, 190 SdHoareTripleChecker+Invalid, 0 SdHoareTripleChecker+Unknown, 0 SdHoareTripleChecker+Unchecked, 0.0s SdHoareTripleChecker+Time, 0 IncrementalHoareTripleChecker+Valid, 0 IncrementalHoareTripleChecker+Invalid, 0 IncrementalHoareTripleChecker+Unknown, 0 IncrementalHoareTripleChecker+Unchecked, 0.0s IncrementalHoareTripleChecker+Time
[2026-07-04 07:26:35,250 INFO  L427           NwaCegarLoop]: SdHoareTripleChecker [46 Valid, 190 Invalid, 0 Unknown, 0 Unchecked, 0.0s Time], IncrementalHoareTripleChecker [0 Valid, 0 Invalid, 0 Unknown, 0 Unchecked, 0.0s Time]
[2026-07-04 07:26:35,251 INFO  L82        GeneralOperation]: Start minimizeSevpa. Operand 0 states.
[2026-07-04 07:26:35,251 INFO  L88        GeneralOperation]: Finished minimizeSevpa. Reduced states from 0 to 0.
[2026-07-04 07:26:35,251 INFO  L82        GeneralOperation]: Start removeUnreachable. Operand  has 0 states, 0 states have (on average 0.0) internal successors, (0), 0 states have internal predecessors, (0), 0 states have call successors, (0), 0 states have call predecessors, (0), 0 states have return successors, (0), 0 states have call predecessors, (0), 0 states have call successors, (0)
[2026-07-04 07:26:35,251 INFO  L88        GeneralOperation]: Finished removeUnreachable. Reduced from 0 states to 0 states and 0 transitions.
[2026-07-04 07:26:35,252 INFO  L79                 Accepts]: Start accepts. Automaton has 0 states and 0 transitions. Word has length 241
[2026-07-04 07:26:35,252 INFO  L85                 Accepts]: Finished accepts. word is rejected.
[2026-07-04 07:26:35,252 INFO  L490      AbstractCegarLoop]: Abstraction has 0 states and 0 transitions.
[2026-07-04 07:26:35,252 INFO  L491      AbstractCegarLoop]: INTERPOLANT automaton has  has 3 states, 3 states have (on average 115.66666666666667) internal successors, (347), 3 states have internal predecessors, (347), 3 states have call successors, (25), 3 states have call predecessors, (25), 3 states have return successors, (24), 3 states have call predecessors, (24), 3 states have call successors, (24)
[2026-07-04 07:26:35,252 INFO  L278                IsEmpty]: Start isEmpty. Operand 0 states and 0 transitions.
[2026-07-04 07:26:35,252 INFO  L284                IsEmpty]: Finished isEmpty. No accepting run.
[2026-07-04 07:26:35,254 INFO  L795   garLoopResultBuilder]: Registering result SAFE for location __wraparound_assertErr0ASSERT_VIOLATIONASSERT (0 of 1 remaining)
[2026-07-04 07:26:35,261 INFO  L546       MonitoredProcess]: [MP /usr/bin/z3 SMTLIB2_COMPLIANT=true -memory:2024 -smt2 -in (30)] Ended with exit code 0
[2026-07-04 07:26:35,454 WARN  L471      AbstractCegarLoop]: Destroyed unattended storables created during the last iteration: 30 /usr/bin/z3 SMTLIB2_COMPLIANT=true -memory:2024 -smt2 -in
[2026-07-04 07:26:35,458 INFO  L424         BasicCegarLoop]: Path program histogram: [1, 1, 1, 1, 1, 1, 1, 1, 1, 1, 1, 1, 1, 1, 1, 1, 1, 1, 1, 1, 1, 1, 1, 1, 1, 1, 1, 1, 1]
[2026-07-04 07:26:35,459 INFO  L312    DoubleDeckerVisitor]: Before removal of dead ends 0 states and 0 transitions.
[2026-07-04 07:26:50,135 WARN  L286               SmtUtils]: Spent 10.12s on a formula simplification. DAG size of input: 178 DAG size of output: 181 (called from [L 212] de.uni_freiburg.informatik.ultimate.lib.proofs.floydhoare.HoareAnnotationComposer.or)
[2026-07-04 07:27:00,063 WARN  L286               SmtUtils]: Spent 9.18s on a formula simplification. DAG size of input: 179 DAG size of output: 182 (called from [L 212] de.uni_freiburg.informatik.ultimate.lib.proofs.floydhoare.HoareAnnotationComposer.or)
[2026-07-04 07:27:29,094 WARN  L286               SmtUtils]: Spent 25.62s on a formula simplification. DAG size of input: 254 DAG size of output: 257 (called from [L 212] de.uni_freiburg.informatik.ultimate.lib.proofs.floydhoare.HoareAnnotationComposer.or)
[2026-07-04 07:27:56,496 WARN  L286               SmtUtils]: Spent 20.40s on a formula simplification. DAG size of input: 281 DAG size of output: 284 (called from [L 212] de.uni_freiburg.informatik.ultimate.lib.proofs.floydhoare.HoareAnnotationComposer.or)
[2026-07-04 07:28:14,243 WARN  L286               SmtUtils]: Spent 12.77s on a formula simplification. DAG size of input: 209 DAG size of output: 212 (called from [L 212] de.uni_freiburg.informatik.ultimate.lib.proofs.floydhoare.HoareAnnotationComposer.or)
[2026-07-04 07:28:25,221 WARN  L286               SmtUtils]: Spent 12.02s on a formula simplification. DAG size of input: 208 DAG size of output: 211 (called from [L 212] de.uni_freiburg.informatik.ultimate.lib.proofs.floydhoare.HoareAnnotationComposer.or)
[2026-07-04 07:28:35,849 WARN  L286               SmtUtils]: Spent 9.48s on a formula simplification. DAG size of input: 178 DAG size of output: 181 (called from [L 212] de.uni_freiburg.informatik.ultimate.lib.proofs.floydhoare.HoareAnnotationComposer.or)
[2026-07-04 07:28:45,753 WARN  L286               SmtUtils]: Spent 9.21s on a formula simplification. DAG size of input: 179 DAG size of output: 182 (called from [L 212] de.uni_freiburg.informatik.ultimate.lib.proofs.floydhoare.HoareAnnotationComposer.or)
[2026-07-04 07:30:31,331 WARN  L286               SmtUtils]: Spent 7.29s on a formula simplification. DAG size of input: 705 DAG size of output: 169 (called from [L 162] de.uni_freiburg.informatik.ultimate.lib.proofs.floydhoare.HoareAnnotationComposer.combineInter)
[2026-07-04 07:31:45,266 INFO  L171   ceAbstractionStarter]: Computing trace abstraction results
[2026-07-04 07:31:45,314 WARN  L161        FloydHoareUtils]: Requires clause for clientTrack_partitionswitchEgress_update_ipmac_srcport_server2client contained old-variable. Original clause: (let ((.cse0 (= (_ bv8201 16) io_hdr.op_hdr.optype))) (and (= |old(clientTrack_hdr.ipv4_hdr.dstAddr)| clientTrack_hdr.ipv4_hdr.dstAddr) (let ((.cse7 (not (= (_ bv9 16) clientTrack_hdr.op_hdr.optype))) (.cse19 (= (_ bv4105 16) io_hdr.op_hdr.optype)) (.cse1 (not clientTrack_p4b_clone_i2i)) (.cse2 (not clientTrack_p4b_clone_e2e)) (.cse3 (not clientTrack_p4b_recirculate)) (.cse4 (= (_ bv5008 16) clientTrack_hdr.udp_hdr.dstPort)) (.cse5 (not (= (_ bv1 16) clientTrack_hdr.op_hdr.optype))) (.cse6 (not (= clientTrack_partitionswitchIngress_poweroftwochoice_tbl.action_run clientTrack_partitionswitchIngress_poweroftwochoice_tbl.action.partitionswitchIngress_poweroftwochoice))) (.cse8 (= clientTrack_hdr.ethernet_hdr.etherType (_ bv2048 16))) (.cse20 (select clientTrack_isValid clientTrack_hdr.op_hdr)) (.cse9 (= io_hdr.ipv4_hdr.protocol (_ bv17 8))) (.cse10 (= (_ bv1 9) clientTrack_standard_metadata.egress_port)) (.cse11 (= (_ bv5008 16) io_hdr.udp_hdr.dstPort)) (.cse12 (= (_ bv17 8) clientTrack_hdr.ipv4_hdr.protocol)) (.cse13 (not (= (_ bv48 16) clientTrack_hdr.op_hdr.optype))) (.cse14 (not clientTrack_partitionswitchEgress_eg_port_forward_tbl.hit)) (.cse15 (= io_hdr.ipv4_hdr.dstAddr (_ bv0 32))) (.cse16 (let ((.cse21 (= (_ bv0 32) (bvadd (_ bv1 32) (select clientTrack_partitionswitchIngress_spineload_reg (_ bv3 32)))))) (or (and (not dsl_pump_mode) (not .cse21)) (and dsl_pump_mode .cse21)))) (.cse17 (not clientTrack_p4b_clone_i2e)) (.cse18 (= io_hdr.ethernet_hdr.etherType (_ bv2048 16)))) (or (and .cse0 .cse1 .cse2 .cse3 .cse4 .cse5 .cse6 .cse7 .cse8 .cse9 .cse10 .cse11 .cse12 .cse13 .cse14 .cse15 .cse16 .cse17 .cse18) (and .cse1 .cse2 .cse3 .cse4 .cse5 .cse19 .cse6 .cse7 .cse8 .cse9 .cse10 .cse11 .cse12 .cse13 .cse14 .cse15 .cse17 .cse18) (and .cse1 .cse2 .cse3 .cse4 (= clientTrack_partitionswitchIngress_poweroftwochoice_tbl.action_run clientTrack_partitionswitchIngress_poweroftwochoice_tbl.action.partitionswitchIngress_update_spine_load) .cse5 .cse19 .cse8 .cse20 .cse9 .cse10 .cse11 .cse12 .cse13 .cse14 .cse15 .cse17 .cse18) (and .cse1 .cse2 .cse3 .cse4 .cse5 .cse19 .cse6 .cse8 .cse20 .cse9 .cse10 .cse11 .cse12 .cse13 .cse14 .cse15 .cse16 .cse17 .cse18) (and .cse0 .cse1 .cse2 .cse3 .cse4 .cse5 .cse6 .cse8 .cse20 .cse9 .cse10 .cse11 .cse12 .cse13 .cse14 .cse15 .cse16 .cse17 .cse18))) (or (= (_ bv0 32) clientTrack_hdr.ipv4_hdr.dstAddr) (not .cse0))))  Eliminated clause: (let ((.cse0 (= (_ bv8201 16) io_hdr.op_hdr.optype))) (and (let ((.cse7 (not (= (_ bv9 16) clientTrack_hdr.op_hdr.optype))) (.cse19 (= (_ bv4105 16) io_hdr.op_hdr.optype)) (.cse1 (not clientTrack_p4b_clone_i2i)) (.cse2 (not clientTrack_p4b_clone_e2e)) (.cse3 (not clientTrack_p4b_recirculate)) (.cse4 (= (_ bv5008 16) clientTrack_hdr.udp_hdr.dstPort)) (.cse5 (not (= (_ bv1 16) clientTrack_hdr.op_hdr.optype))) (.cse6 (not (= clientTrack_partitionswitchIngress_poweroftwochoice_tbl.action_run clientTrack_partitionswitchIngress_poweroftwochoice_tbl.action.partitionswitchIngress_poweroftwochoice))) (.cse8 (= clientTrack_hdr.ethernet_hdr.etherType (_ bv2048 16))) (.cse20 (select clientTrack_isValid clientTrack_hdr.op_hdr)) (.cse9 (= io_hdr.ipv4_hdr.protocol (_ bv17 8))) (.cse10 (= (_ bv1 9) clientTrack_standard_metadata.egress_port)) (.cse11 (= (_ bv5008 16) io_hdr.udp_hdr.dstPort)) (.cse12 (= (_ bv17 8) clientTrack_hdr.ipv4_hdr.protocol)) (.cse13 (not (= (_ bv48 16) clientTrack_hdr.op_hdr.optype))) (.cse14 (not clientTrack_partitionswitchEgress_eg_port_forward_tbl.hit)) (.cse15 (= io_hdr.ipv4_hdr.dstAddr (_ bv0 32))) (.cse16 (let ((.cse21 (= (_ bv0 32) (bvadd (_ bv1 32) (select clientTrack_partitionswitchIngress_spineload_reg (_ bv3 32)))))) (or (and (not dsl_pump_mode) (not .cse21)) (and dsl_pump_mode .cse21)))) (.cse17 (not clientTrack_p4b_clone_i2e)) (.cse18 (= io_hdr.ethernet_hdr.etherType (_ bv2048 16)))) (or (and .cse0 .cse1 .cse2 .cse3 .cse4 .cse5 .cse6 .cse7 .cse8 .cse9 .cse10 .cse11 .cse12 .cse13 .cse14 .cse15 .cse16 .cse17 .cse18) (and .cse1 .cse2 .cse3 .cse4 .cse5 .cse19 .cse6 .cse7 .cse8 .cse9 .cse10 .cse11 .cse12 .cse13 .cse14 .cse15 .cse17 .cse18) (and .cse1 .cse2 .cse3 .cse4 (= clientTrack_partitionswitchIngress_poweroftwochoice_tbl.action_run clientTrack_partitionswitchIngress_poweroftwochoice_tbl.action.partitionswitchIngress_update_spine_load) .cse5 .cse19 .cse8 .cse20 .cse9 .cse10 .cse11 .cse12 .cse13 .cse14 .cse15 .cse17 .cse18) (and .cse1 .cse2 .cse3 .cse4 .cse5 .cse19 .cse6 .cse8 .cse20 .cse9 .cse10 .cse11 .cse12 .cse13 .cse14 .cse15 .cse16 .cse17 .cse18) (and .cse0 .cse1 .cse2 .cse3 .cse4 .cse5 .cse6 .cse8 .cse20 .cse9 .cse10 .cse11 .cse12 .cse13 .cse14 .cse15 .cse16 .cse17 .cse18))) (or (= (_ bv0 32) clientTrack_hdr.ipv4_hdr.dstAddr) (not .cse0))))
[2026-07-04 07:31:45,701 WARN  L161        FloydHoareUtils]: Requires clause for clientTrack_partitionswitchIngress_hash_spine_partition contained old-variable. Original clause: (let ((.cse21 (= (_ bv0 32) (bvadd (_ bv1 32) (select clientTrack_partitionswitchIngress_spineload_reg (_ bv3 32)))))) (let ((.cse25 (= (_ bv3 16) io_meta.spineswitchidx)) (.cse23 (= (_ bv3 9) clientTrack_partitionswitchIngress_hash_spine_partition_tbl.partitionswitchIngress_hash_spine_partition.eport_4)) (.cse30 (not .cse21)) (.cse19 (= (_ bv4105 16) clientTrack_hdr.op_hdr.optype)) (.cse20 (bvule clientTrack_meta.hashval_for_spine_partition (_ bv15 16))) (.cse22 (bvule clientTrack_meta.hashval_for_partition (_ bv15 16))) (.cse26 (= (_ bv0 32) clientTrack_hdr.ipv4_hdr.dstAddr)) (.cse24 (= (_ bv3 16) |old(clientTrack_meta.spineswitchidx)|))) (and (let ((.cse5 (not (= (_ bv1 16) clientTrack_hdr.op_hdr.optype))) (.cse6 (= (_ bv4105 16) io_hdr.op_hdr.optype)) (.cse14 (not (= (_ bv48 16) clientTrack_hdr.op_hdr.optype))) (.cse4 (= clientTrack_partitionswitchIngress_poweroftwochoice_tbl.action_run clientTrack_partitionswitchIngress_poweroftwochoice_tbl.action.partitionswitchIngress_update_spine_load)) (.cse27 (not clientTrack_partitionswitchEgress_update_ipmac_srcport_tbl.hit)) (.cse0 (not clientTrack_p4b_clone_i2i)) (.cse1 (not clientTrack_p4b_clone_e2e)) (.cse2 (not clientTrack_p4b_recirculate)) (.cse3 (= (_ bv5008 16) clientTrack_hdr.udp_hdr.dstPort)) (.cse7 (not (= (_ bv9 16) clientTrack_hdr.op_hdr.optype))) (.cse8 (= clientTrack_hdr.ethernet_hdr.etherType (_ bv2048 16))) (.cse9 (select clientTrack_isValid clientTrack_hdr.op_hdr)) (.cse10 (= io_hdr.ipv4_hdr.protocol (_ bv17 8))) (.cse11 (= (_ bv1 9) clientTrack_standard_metadata.egress_port)) (.cse12 (= (_ bv5008 16) io_hdr.udp_hdr.dstPort)) (.cse13 (= (_ bv17 8) clientTrack_hdr.ipv4_hdr.protocol)) (.cse16 (or (and (not dsl_pump_mode) .cse30) (and dsl_pump_mode .cse21))) (.cse17 (not clientTrack_p4b_clone_i2e)) (.cse18 (= io_hdr.ethernet_hdr.etherType (_ bv2048 16))) (.cse15 (= io_hdr.ipv4_hdr.dstAddr (_ bv0 32)))) (or (and .cse0 .cse1 .cse2 .cse3 .cse4 .cse5 .cse6 .cse7 .cse8 .cse9 .cse10 .cse11 .cse12 .cse13 .cse14 .cse15 .cse16 .cse17 .cse18) (and .cse0 .cse1 .cse19 dsl_pump_mode .cse2 .cse3 .cse20 .cse6 .cse21 .cse22 .cse7 (not dsl_suffix_sent) .cse8 .cse9 .cse10 .cse23 .cse24 .cse12 .cse25 .cse13 .cse26 .cse15 .cse17 .cse18) (and .cse0 .cse1 .cse27 .cse2 .cse3 .cse4 .cse5 .cse6 .cse7 .cse8 .cse9 .cse10 .cse12 .cse13 .cse14 .cse26 .cse15 .cse16 .cse17 .cse18) (and .cse4 (let ((.cse28 (= (_ bv8201 16) io_hdr.op_hdr.optype)) (.cse29 (= (_ bv8201 16) clientTrack_hdr.op_hdr.optype))) (or (and .cse28 .cse0 .cse29 .cse1 .cse27 .cse2 .cse3 .cse7 .cse8 .cse9 .cse10 .cse12 .cse13 .cse16 .cse17 .cse18) (and .cse28 .cse0 .cse29 .cse1 .cse2 .cse3 .cse7 .cse8 .cse9 .cse10 .cse11 .cse12 .cse13 .cse16 .cse17 .cse18))) .cse26 .cse15))) (or (not .cse25) dsl_suffix_sent (not .cse23) .cse30 (not .cse19) (not .cse20) (= (_ bv3 16) clientTrack_meta.spineswitchidx) (not .cse22) (not .cse26) (not .cse24)))))  Eliminated clause: (exists ((|old(clientTrack_meta.spineswitchidx)| (_ BitVec 16))) (let ((.cse7 (= (_ bv0 32) (bvadd (_ bv1 32) (select clientTrack_partitionswitchIngress_spineload_reg (_ bv3 32)))))) (let ((.cse15 (= (_ bv3 16) io_meta.spineswitchidx)) (.cse12 (= (_ bv3 9) clientTrack_partitionswitchIngress_hash_spine_partition_tbl.partitionswitchIngress_hash_spine_partition.eport_4)) (.cse30 (not .cse7)) (.cse2 (= (_ bv4105 16) clientTrack_hdr.op_hdr.optype)) (.cse5 (bvule clientTrack_meta.hashval_for_spine_partition (_ bv15 16))) (.cse8 (bvule clientTrack_meta.hashval_for_partition (_ bv15 16))) (.cse17 (= (_ bv0 32) clientTrack_hdr.ipv4_hdr.dstAddr)) (.cse13 (= (_ bv3 16) |old(clientTrack_meta.spineswitchidx)|))) (and (let ((.cse22 (not (= (_ bv1 16) clientTrack_hdr.op_hdr.optype))) (.cse6 (= (_ bv4105 16) io_hdr.op_hdr.optype)) (.cse23 (not (= (_ bv9 16) clientTrack_hdr.op_hdr.optype))) (.cse25 (not (= (_ bv48 16) clientTrack_hdr.op_hdr.optype))) (.cse21 (= clientTrack_partitionswitchIngress_poweroftwochoice_tbl.action_run clientTrack_partitionswitchIngress_poweroftwochoice_tbl.action.partitionswitchIngress_update_spine_load)) (.cse27 (not clientTrack_partitionswitchEgress_update_ipmac_srcport_tbl.hit)) (.cse0 (not clientTrack_p4b_clone_i2i)) (.cse1 (not clientTrack_p4b_clone_e2e)) (.cse3 (not clientTrack_p4b_recirculate)) (.cse4 (= (_ bv5008 16) clientTrack_hdr.udp_hdr.dstPort)) (.cse9 (= clientTrack_hdr.ethernet_hdr.etherType (_ bv2048 16))) (.cse10 (select clientTrack_isValid clientTrack_hdr.op_hdr)) (.cse11 (= io_hdr.ipv4_hdr.protocol (_ bv17 8))) (.cse24 (= (_ bv1 9) clientTrack_standard_metadata.egress_port)) (.cse14 (= (_ bv5008 16) io_hdr.udp_hdr.dstPort)) (.cse16 (= (_ bv17 8) clientTrack_hdr.ipv4_hdr.protocol)) (.cse26 (or (and (not dsl_pump_mode) .cse30) (and dsl_pump_mode .cse7))) (.cse19 (not clientTrack_p4b_clone_i2e)) (.cse20 (= io_hdr.ethernet_hdr.etherType (_ bv2048 16))) (.cse18 (= io_hdr.ipv4_hdr.dstAddr (_ bv0 32)))) (or (and .cse0 .cse1 .cse2 dsl_pump_mode .cse3 .cse4 .cse5 .cse6 .cse7 .cse8 (not dsl_suffix_sent) .cse9 .cse10 .cse11 .cse12 .cse13 .cse14 .cse15 .cse16 .cse17 .cse18 .cse19 .cse20) (and .cse0 .cse1 .cse3 .cse4 .cse21 .cse22 .cse6 .cse23 .cse9 .cse10 .cse11 .cse24 .cse14 .cse16 .cse25 .cse18 .cse26 .cse19 .cse20) (and .cse0 .cse1 .cse27 .cse3 .cse4 .cse21 .cse22 .cse6 .cse23 .cse9 .cse10 .cse11 .cse14 .cse16 .cse25 .cse17 .cse18 .cse26 .cse19 .cse20) (and .cse21 (let ((.cse28 (= (_ bv8201 16) io_hdr.op_hdr.optype)) (.cse29 (= (_ bv8201 16) clientTrack_hdr.op_hdr.optype))) (or (and .cse28 .cse0 .cse29 .cse1 .cse27 .cse3 .cse4 .cse9 .cse10 .cse11 .cse14 .cse16 .cse26 .cse19 .cse20) (and .cse28 .cse0 .cse29 .cse1 .cse3 .cse4 .cse9 .cse10 .cse11 .cse24 .cse14 .cse16 .cse26 .cse19 .cse20))) .cse17 .cse18))) (or (not .cse15) dsl_suffix_sent (not .cse12) .cse30 (not .cse2) (not .cse5) (= (_ bv3 16) clientTrack_meta.spineswitchidx) (not .cse8) (not .cse17) (not .cse13))))))
[2026-07-04 07:31:46,212 WARN  L161        FloydHoareUtils]: Requires clause for clientTrack_mainProcedure contained old-variable. Original clause: (let ((.cse47 (= (_ bv0 32) (bvadd (_ bv1 32) (select |old(clientTrack_partitionswitchIngress_spineload_reg)| (_ bv3 32))))) (.cse42 (= |old(clientTrack_hdr.ipv4_hdr.dstAddr)| (_ bv0 32))) (.cse46 (= (_ bv4105 16) |old(clientTrack_hdr.op_hdr.optype)|)) (.cse6 (= (_ bv0 9) |old(clientTrack_standard_metadata.egress_port)|)) (.cse38 (= clientTrack_partitionswitchIngress_poweroftwochoice_tbl.action.partitionswitchIngress_update_spine_load |old(clientTrack_partitionswitchIngress_poweroftwochoice_tbl.action_run)|)) (.cse48 (not dsl_pump_mode)) (.cse49 (= (_ bv0 32) (bvadd (_ bv1 32) (select clientTrack_partitionswitchIngress_spineload_reg (_ bv3 32))))) (.cse15 (= clientTrack_hdr.ethernet_hdr.etherType (_ bv2048 16))) (.cse28 (= (_ bv0 9) clientTrack_standard_metadata.egress_port)) (.cse22 (= io_hdr.ethernet_hdr.etherType (_ bv2048 16))) (.cse16 (= io_hdr.ipv4_hdr.protocol (_ bv17 8))) (.cse17 (= (_ bv17 8) clientTrack_hdr.ipv4_hdr.protocol)) (.cse36 (= (_ bv4105 16) io_hdr.op_hdr.optype)) (.cse45 (= (_ bv1 9) |old(clientTrack_standard_metadata.egress_port)|))) (let ((.cse3 (not .cse45)) (.cse4 (not .cse36)) (.cse7 (not .cse17)) (.cse8 (not .cse16)) (.cse9 (not .cse22)) (.cse25 (= (_ bv1 9) clientTrack_standard_metadata.egress_port)) (.cse19 (not .cse28)) (.cse24 (not .cse15)) (.cse12 (not clientTrack_partitionswitchEgress_update_ipmac_srcport_tbl.hit)) (.cse14 (= clientTrack_partitionswitchIngress_poweroftwochoice_tbl.action_run clientTrack_partitionswitchIngress_poweroftwochoice_tbl.action.partitionswitchIngress_update_spine_load)) (.cse20 (or (and .cse48 (not .cse49)) (and dsl_pump_mode .cse49))) (.cse23 (= clientTrack_hdr.op_hdr.optype |old(clientTrack_hdr.op_hdr.optype)|)) (.cse5 (not .cse38)) (.cse27 (= (_ bv8201 16) io_hdr.op_hdr.optype)) (.cse29 (not .cse6)) (.cse0 (not .cse46)) (.cse1 (not .cse42)) (.cse10 (not clientTrack_p4b_clone_i2i)) (.cse11 (not clientTrack_p4b_clone_e2e)) (.cse13 (not clientTrack_p4b_recirculate)) (.cse18 (= (_ bv0 32) clientTrack_hdr.ipv4_hdr.dstAddr)) (.cse21 (not clientTrack_p4b_clone_i2e)) (.cse2 (not .cse47))) (and (or (not (= (_ bv3 16) io_meta.spineswitchidx)) dsl_suffix_sent .cse0 .cse1 (= (_ bv3 16) clientTrack_meta.spineswitchidx) .cse2 (not (= (_ bv3 16) |old(clientTrack_meta.spineswitchidx)|))) (or .cse3 .cse4 |old(clientTrack_partitionswitchEgress_eg_port_forward_tbl.hit)| (= (_ bv9 16) |old(clientTrack_hdr.op_hdr.optype)|) (not clientTrack_partitionswitchEgress_eg_port_forward_tbl.hit) .cse5) (or |old(clientTrack_partitionswitchEgress_update_ipmac_srcport_tbl.hit)| .cse6 |old(clientTrack_p4b_recirculate)| .cse7 .cse4 .cse1 .cse8 .cse9 |old(clientTrack_p4b_clone_i2i)| |old(clientTrack_p4b_clone_i2e)| |old(clientTrack_p4b_clone_e2e)| (and .cse10 .cse11 .cse12 .cse13 .cse14 .cse15 .cse16 .cse17 .cse18 .cse19 .cse20 .cse21 .cse22 .cse23) .cse5 .cse24) (or .cse3 (and .cse10 (= |old(clientTrack_hdr.ipv4_hdr.dstAddr)| clientTrack_hdr.ipv4_hdr.dstAddr) .cse11 .cse13 .cse14 .cse15 .cse16 .cse25 .cse17 .cse20 .cse21 .cse22 .cse23) .cse4 .cse5) (or .cse6 |old(clientTrack_p4b_recirculate)| .cse7 .cse8 .cse9 |old(clientTrack_p4b_clone_i2i)| |old(clientTrack_p4b_clone_i2e)| |old(clientTrack_p4b_clone_e2e)| (and (let ((.cse26 (= (_ bv8201 16) clientTrack_hdr.op_hdr.optype))) (or (and .cse10 .cse26 .cse11 .cse13 .cse15 .cse16 .cse25 .cse17 .cse20 .cse21 .cse22) (and .cse10 .cse26 .cse11 .cse12 .cse13 .cse15 .cse16 .cse17 .cse19 .cse20 .cse21 .cse22))) .cse14 .cse18) .cse24 (not .cse27)) (or |old(clientTrack_partitionswitchEgress_update_ipmac_srcport_tbl.hit)| (and .cse10 .cse11 .cse12 .cse13 .cse14 .cse28 .cse18 .cse20 .cse21 .cse23) .cse29 .cse5) (let ((.cse44 (= (_ bv8201 16) |old(clientTrack_hdr.op_hdr.optype)|)) (.cse30 (not (= (_ bv48 16) |old(clientTrack_hdr.op_hdr.optype)|))) (.cse31 (not |old(clientTrack_p4b_clone_i2i)|)) (.cse32 (not |old(clientTrack_p4b_clone_e2e)|)) (.cse33 (or (and .cse48 .cse2) (and dsl_pump_mode .cse47))) (.cse34 (= (_ bv5008 16) clientTrack_hdr.udp_hdr.dstPort)) (.cse35 (not |old(clientTrack_p4b_recirculate)|)) (.cse37 (not (= (_ bv1 16) |old(clientTrack_hdr.op_hdr.optype)|))) (.cse39 (not |old(clientTrack_p4b_clone_i2e)|)) (.cse40 (not |old(clientTrack_partitionswitchEgress_update_ipmac_srcport_tbl.hit)|)) (.cse41 (= (_ bv5008 16) io_hdr.udp_hdr.dstPort)) (.cse43 (= io_hdr.ipv4_hdr.dstAddr (_ bv0 32)))) (or (and .cse30 .cse31 .cse32 .cse33 .cse6 .cse34 .cse35 .cse36 .cse37 .cse38 .cse15 .cse39 .cse16 .cse40 .cse41 .cse42 .cse17 .cse43 .cse22) (and .cse38 (or (and .cse27 .cse31 .cse32 .cse33 .cse44 .cse34 .cse35 .cse15 .cse39 .cse16 .cse40 .cse41 .cse17 .cse29 .cse22) (and .cse27 .cse31 .cse32 .cse33 .cse45 .cse44 .cse34 .cse35 .cse15 .cse39 .cse16 .cse41 .cse17 .cse22)) .cse42 .cse43) (and .cse31 .cse32 .cse46 dsl_pump_mode .cse34 .cse35 .cse36 .cse15 .cse39 .cse16 .cse41 .cse47 .cse42 .cse17 .cse43 .cse22) (and .cse27 .cse31 .cse32 .cse33 .cse44 .cse6 .cse34 .cse35 .cse38 .cse15 .cse39 .cse16 .cse40 .cse41 .cse42 .cse17 .cse43 .cse22) (and .cse30 .cse31 .cse32 .cse33 .cse45 .cse34 .cse35 .cse36 .cse37 .cse38 .cse15 .cse39 .cse16 .cse41 .cse17 .cse43 .cse22) (and .cse30 .cse31 .cse32 .cse33 .cse34 .cse35 .cse36 .cse37 .cse38 .cse15 .cse39 .cse16 .cse40 .cse41 .cse42 .cse17 .cse29 .cse43 .cse22))) (or .cse0 .cse1 (and .cse10 .cse11 (= (_ bv4105 16) clientTrack_hdr.op_hdr.optype) .cse13 .cse49 .cse18 .cse21) .cse2))))  Eliminated clause: (exists ((|old(clientTrack_partitionswitchEgress_update_ipmac_srcport_tbl.hit)| Bool) (|old(clientTrack_hdr.ipv4_hdr.dstAddr)| (_ BitVec 32)) (|old(clientTrack_partitionswitchIngress_spineload_reg)| (Array (_ BitVec 32) (_ BitVec 32))) (|old(clientTrack_p4b_clone_i2i)| Bool) (|old(clientTrack_hdr.op_hdr.optype)| (_ BitVec 16)) (|old(clientTrack_partitionswitchIngress_poweroftwochoice_tbl.action_run)| clientTrack_partitionswitchIngress_poweroftwochoice_tbl.action) (|old(clientTrack_standard_metadata.egress_port)| (_ BitVec 9)) (|old(clientTrack_partitionswitchEgress_eg_port_forward_tbl.hit)| Bool) (|old(clientTrack_p4b_clone_i2e)| Bool) (|old(clientTrack_p4b_clone_e2e)| Bool) (|old(clientTrack_meta.spineswitchidx)| (_ BitVec 16)) (|old(clientTrack_p4b_recirculate)| Bool)) (let ((.cse47 (= (_ bv0 32) (bvadd (_ bv1 32) (select |old(clientTrack_partitionswitchIngress_spineload_reg)| (_ bv3 32))))) (.cse42 (= |old(clientTrack_hdr.ipv4_hdr.dstAddr)| (_ bv0 32))) (.cse46 (= (_ bv4105 16) |old(clientTrack_hdr.op_hdr.optype)|)) (.cse3 (= (_ bv0 9) |old(clientTrack_standard_metadata.egress_port)|)) (.cse38 (= clientTrack_partitionswitchIngress_poweroftwochoice_tbl.action.partitionswitchIngress_update_spine_load |old(clientTrack_partitionswitchIngress_poweroftwochoice_tbl.action_run)|)) (.cse48 (not dsl_pump_mode)) (.cse49 (= (_ bv0 32) (bvadd (_ bv1 32) (select clientTrack_partitionswitchIngress_spineload_reg (_ bv3 32))))) (.cse36 (= (_ bv4105 16) io_hdr.op_hdr.optype)) (.cse45 (= (_ bv1 9) |old(clientTrack_standard_metadata.egress_port)|)) (.cse24 (= clientTrack_hdr.ethernet_hdr.etherType (_ bv2048 16))) (.cse28 (= (_ bv0 9) clientTrack_standard_metadata.egress_port)) (.cse27 (= io_hdr.ethernet_hdr.etherType (_ bv2048 16))) (.cse25 (= io_hdr.ipv4_hdr.protocol (_ bv17 8))) (.cse26 (= (_ bv17 8) clientTrack_hdr.ipv4_hdr.protocol))) (let ((.cse4 (not .cse26)) (.cse5 (not .cse25)) (.cse6 (not .cse27)) (.cse17 (not .cse28)) (.cse18 (not .cse24)) (.cse23 (not .cse45)) (.cse13 (= (_ bv1 9) clientTrack_standard_metadata.egress_port)) (.cse20 (not .cse36)) (.cse16 (not clientTrack_partitionswitchEgress_update_ipmac_srcport_tbl.hit)) (.cse7 (= clientTrack_partitionswitchIngress_poweroftwochoice_tbl.action_run clientTrack_partitionswitchIngress_poweroftwochoice_tbl.action.partitionswitchIngress_update_spine_load)) (.cse14 (or (and .cse48 (not .cse49)) (and dsl_pump_mode .cse49))) (.cse21 (= clientTrack_hdr.op_hdr.optype |old(clientTrack_hdr.op_hdr.optype)|)) (.cse22 (not .cse38)) (.cse19 (= (_ bv8201 16) io_hdr.op_hdr.optype)) (.cse29 (not .cse3)) (.cse0 (not .cse46)) (.cse1 (not .cse42)) (.cse9 (not clientTrack_p4b_clone_i2i)) (.cse11 (not clientTrack_p4b_clone_e2e)) (.cse12 (not clientTrack_p4b_recirculate)) (.cse8 (= (_ bv0 32) clientTrack_hdr.ipv4_hdr.dstAddr)) (.cse15 (not clientTrack_p4b_clone_i2e)) (.cse2 (not .cse47))) (and (or (not (= (_ bv3 16) io_meta.spineswitchidx)) dsl_suffix_sent .cse0 .cse1 (= (_ bv3 16) clientTrack_meta.spineswitchidx) .cse2 (not (= (_ bv3 16) |old(clientTrack_meta.spineswitchidx)|))) (or .cse3 |old(clientTrack_p4b_recirculate)| .cse4 .cse5 .cse6 |old(clientTrack_p4b_clone_i2i)| |old(clientTrack_p4b_clone_i2e)| |old(clientTrack_p4b_clone_e2e)| (and .cse7 .cse8 (let ((.cse10 (= (_ bv8201 16) clientTrack_hdr.op_hdr.optype))) (or (and .cse9 .cse10 .cse11 .cse12 .cse13 .cse14 .cse15) (and .cse9 .cse10 .cse11 .cse16 .cse12 .cse17 .cse14 .cse15)))) .cse18 (not .cse19)) (or |old(clientTrack_partitionswitchEgress_update_ipmac_srcport_tbl.hit)| .cse3 |old(clientTrack_p4b_recirculate)| .cse4 .cse20 .cse1 .cse5 .cse6 |old(clientTrack_p4b_clone_i2i)| |old(clientTrack_p4b_clone_i2e)| |old(clientTrack_p4b_clone_e2e)| (and .cse9 .cse11 .cse16 .cse12 .cse7 .cse8 .cse17 .cse14 .cse15 .cse21) .cse22 .cse18) (or .cse23 .cse20 |old(clientTrack_partitionswitchEgress_eg_port_forward_tbl.hit)| (= (_ bv9 16) |old(clientTrack_hdr.op_hdr.optype)|) (not clientTrack_partitionswitchEgress_eg_port_forward_tbl.hit) .cse22) (or .cse23 (and .cse9 (= |old(clientTrack_hdr.ipv4_hdr.dstAddr)| clientTrack_hdr.ipv4_hdr.dstAddr) .cse11 .cse12 .cse7 .cse24 .cse25 .cse13 .cse26 .cse14 .cse15 .cse27 .cse21) .cse20 .cse22) (or |old(clientTrack_partitionswitchEgress_update_ipmac_srcport_tbl.hit)| (and .cse9 .cse11 .cse16 .cse12 .cse7 .cse28 .cse8 .cse14 .cse15 .cse21) .cse29 .cse22) (let ((.cse44 (= (_ bv8201 16) |old(clientTrack_hdr.op_hdr.optype)|)) (.cse30 (not (= (_ bv48 16) |old(clientTrack_hdr.op_hdr.optype)|))) (.cse31 (not |old(clientTrack_p4b_clone_i2i)|)) (.cse32 (not |old(clientTrack_p4b_clone_e2e)|)) (.cse33 (or (and .cse48 .cse2) (and dsl_pump_mode .cse47))) (.cse34 (= (_ bv5008 16) clientTrack_hdr.udp_hdr.dstPort)) (.cse35 (not |old(clientTrack_p4b_recirculate)|)) (.cse37 (not (= (_ bv1 16) |old(clientTrack_hdr.op_hdr.optype)|))) (.cse39 (not |old(clientTrack_p4b_clone_i2e)|)) (.cse40 (not |old(clientTrack_partitionswitchEgress_update_ipmac_srcport_tbl.hit)|)) (.cse41 (= (_ bv5008 16) io_hdr.udp_hdr.dstPort)) (.cse43 (= io_hdr.ipv4_hdr.dstAddr (_ bv0 32)))) (or (and .cse30 .cse31 .cse32 .cse33 .cse3 .cse34 .cse35 .cse36 .cse37 .cse38 .cse24 .cse39 .cse25 .cse40 .cse41 .cse42 .cse26 .cse43 .cse27) (and .cse38 (or (and .cse19 .cse31 .cse32 .cse33 .cse44 .cse34 .cse35 .cse24 .cse39 .cse25 .cse40 .cse41 .cse26 .cse29 .cse27) (and .cse19 .cse31 .cse32 .cse33 .cse45 .cse44 .cse34 .cse35 .cse24 .cse39 .cse25 .cse41 .cse26 .cse27)) .cse42 .cse43) (and .cse31 .cse32 .cse46 dsl_pump_mode .cse34 .cse35 .cse36 .cse24 .cse39 .cse25 .cse41 .cse47 .cse42 .cse26 .cse43 .cse27) (and .cse19 .cse31 .cse32 .cse33 .cse44 .cse3 .cse34 .cse35 .cse38 .cse24 .cse39 .cse25 .cse40 .cse41 .cse42 .cse26 .cse43 .cse27) (and .cse30 .cse31 .cse32 .cse33 .cse45 .cse34 .cse35 .cse36 .cse37 .cse38 .cse24 .cse39 .cse25 .cse41 .cse26 .cse43 .cse27) (and .cse30 .cse31 .cse32 .cse33 .cse34 .cse35 .cse36 .cse37 .cse38 .cse24 .cse39 .cse25 .cse40 .cse41 .cse42 .cse26 .cse29 .cse43 .cse27))) (or .cse0 .cse1 (and .cse9 .cse11 (= (_ bv4105 16) clientTrack_hdr.op_hdr.optype) .cse12 .cse49 .cse8 .cse15) .cse2)))))
[2026-07-04 07:31:46,308 INFO  L201        PluginConnector]: Adding new model distcache_p2c_spineload_wraparound_bug.cegis.00.confirm.unroll2.bpl de.uni_freiburg.informatik.ultimate.plugins.generator.traceabstraction CFG 04.07 07:31:46 BoogieIcfgContainer
[2026-07-04 07:31:46,308 INFO  L131        PluginConnector]: ------------------------ END TraceAbstraction----------------------------
[2026-07-04 07:31:46,308 INFO  L158              Benchmark]: Toolchain (without parser) took 365659.83ms. Allocated memory is still 519.1MB. Free memory was 483.1MB in the beginning and 200.4MB in the end (delta: 282.6MB). Peak memory consumption was 378.4MB. Max. memory is 4.2GB.
[2026-07-04 07:31:46,309 INFO  L158              Benchmark]: Boogie PL CUP Parser took 0.09ms. Allocated memory is still 519.1MB. Free memory is still 487.4MB. There was no memory consumed. Max. memory is 4.2GB.
[2026-07-04 07:31:46,309 INFO  L158              Benchmark]: Boogie Procedure Inliner took 108.32ms. Allocated memory is still 519.1MB. Free memory was 483.1MB in the beginning and 478.8MB in the end (delta: 4.3MB). Peak memory consumption was 4.3MB. Max. memory is 4.2GB.
[2026-07-04 07:31:46,309 INFO  L158              Benchmark]: Boogie Preprocessor took 65.29ms. Allocated memory is still 519.1MB. Free memory was 478.8MB in the beginning and 475.9MB in the end (delta: 2.9MB). Peak memory consumption was 2.9MB. Max. memory is 4.2GB.
[2026-07-04 07:31:46,309 INFO  L158              Benchmark]: RCFGBuilder took 1205.37ms. Allocated memory is still 519.1MB. Free memory was 475.9MB in the beginning and 411.0MB in the end (delta: 64.8MB). Peak memory consumption was 64.8MB. Max. memory is 4.2GB.
[2026-07-04 07:31:46,309 INFO  L158              Benchmark]: TraceAbstraction took 364276.84ms. Allocated memory is still 519.1MB. Free memory was 411.0MB in the beginning and 200.4MB in the end (delta: 210.6MB). Peak memory consumption was 306.4MB. Max. memory is 4.2GB.
[2026-07-04 07:31:46,312 INFO  L338   ainManager$Toolchain]: #######################  End [Toolchain 1] #######################
 --- Results ---
 * Results from de.uni_freiburg.informatik.ultimate.core:
  - StatisticsResult: Toolchain Benchmarks
    Benchmark results are:
 * Boogie PL CUP Parser took 0.09ms. Allocated memory is still 519.1MB. Free memory is still 487.4MB. There was no memory consumed. Max. memory is 4.2GB.
 * Boogie Procedure Inliner took 108.32ms. Allocated memory is still 519.1MB. Free memory was 483.1MB in the beginning and 478.8MB in the end (delta: 4.3MB). Peak memory consumption was 4.3MB. Max. memory is 4.2GB.
 * Boogie Preprocessor took 65.29ms. Allocated memory is still 519.1MB. Free memory was 478.8MB in the beginning and 475.9MB in the end (delta: 2.9MB). Peak memory consumption was 2.9MB. Max. memory is 4.2GB.
 * RCFGBuilder took 1205.37ms. Allocated memory is still 519.1MB. Free memory was 475.9MB in the beginning and 411.0MB in the end (delta: 64.8MB). Peak memory consumption was 64.8MB. Max. memory is 4.2GB.
 * TraceAbstraction took 364276.84ms. Allocated memory is still 519.1MB. Free memory was 411.0MB in the beginning and 200.4MB in the end (delta: 210.6MB). Peak memory consumption was 306.4MB. Max. memory is 4.2GB.
 * Results from de.uni_freiburg.informatik.ultimate.plugins.generator.traceabstraction:
  - StatisticsResult: ErrorAutomatonStatistics
    NumberErrorTraces: 0, NumberStatementsAllTraces: 0, NumberRelevantStatements: 0, 0.0s ErrorAutomatonConstructionTimeTotal, 0.0s FaulLocalizationTime, NumberStatementsFirstTrace: -1, TraceLengthAvg: 0, 0.0s ErrorAutomatonConstructionTimeAvg, 0.0s ErrorAutomatonDifferenceTimeAvg, 0.0s ErrorAutomatonDifferenceTimeTotal, NumberOfNoEnhancement: 0, NumberOfFiniteEnhancement: 0, NumberOfInfiniteEnhancement: 0
  - PositiveResult [Line: 1725]: assertion always holds
    For all program executions holds that assertion always holds at this location
  - StatisticsResult: Ultimate Automizer benchmark data
    CFG has 10 procedures, 264 locations, 518 edges, 1 error locations. Started 1 CEGAR loops. OverallTime: 42.1s, OverallIterations: 29, TraceHistogramMax: 2, PathProgramHistogramMax: 1, EmptinessCheckTime: 0.1s, AutomataDifference: 19.8s, DeadEndRemovalTime: 0.0s, HoareAnnotationTime: 0.0s, InitialAbstractionConstructionTime: 0.0s, HoareTripleCheckerStatistics: 0 mSolverCounterUnknown, 16493 SdHoareTripleChecker+Valid, 13.5s IncrementalHoareTripleChecker+Time, 0 mSdLazyCounter, 16416 mSDsluCounter, 26134 SdHoareTripleChecker+Invalid, 11.3s Time, 0 mProtectedAction, 0 SdHoareTripleChecker+Unchecked, 0 IncrementalHoareTripleChecker+Unchecked, 12666 mSDsCounter, 4973 IncrementalHoareTripleChecker+Valid, 0 mProtectedPredicate, 12440 IncrementalHoareTripleChecker+Invalid, 17413 SdHoareTripleChecker+Unknown, 0 mSolverCounterNotChecked, 4973 mSolverCounterUnsat, 13468 mSDtfsCounter, 12440 mSolverCounterSat, 0.2s SdHoareTripleChecker+Time, 0 IncrementalHoareTripleChecker+Unknown, PredicateUnifierStatistics: 0 DeclaredPredicates, 6346 GetRequests, 6190 SyntacticMatches, 0 SemanticMatches, 156 ConstructedPredicates, 0 IntricatePredicates, 0 DeprecatedPredicates, 209 ImplicationChecksByTransitivity, 0.9s Time, 0.0s BasicInterpolantAutomatonTime, BiggestAbstraction: size=6899occurred in iteration=16, InterpolantAutomatonStates: 168, traceCheckStatistics: No data available, InterpolantConsolidationStatistics: No data available, PathInvariantsStatistics: No data available, 0/0 InterpolantCoveringCapability, TotalInterpolationStatistics: No data available, 0.0s DumpTime, AutomataMinimizationStatistics: 6.2s AutomataMinimizationTime, 29 MinimizatonAttempts, 12733 StatesRemovedByMinimization, 19 NontrivialMinimizations, HoareAnnotationStatistics: No data available, RefinementEngineStatistics: TRACE_CHECK: 0.8s SsaConstructionTime, 1.1s SatisfiabilityAnalysisTime, 6.1s InterpolantComputationTime, 3159 NumberOfCodeBlocks, 3159 NumberOfCodeBlocksAsserted, 29 NumberOfCheckSat, 6260 ConstructedInterpolants, 0 QuantifiedInterpolants, 13102 SizeOfPredicates, 94 NumberOfNonLiveVariables, 12121 ConjunctsInSsa, 104 ConjunctsInUnsatCore, 58 InterpolantComputations, 53 PerfectInterpolantSequences, 498/714 InterpolantCoveringCapability, INVARIANT_SYNTHESIS: No data available, INTERPOLANT_CONSOLIDATION: No data available, ABSTRACT_INTERPRETATION: No data available, PDR: No data available, ACCELERATED_INTERPOLATION: No data available, SIFA: No data available, ReuseStatistics: No data available, ConComCheckerStatistics: No data available
  - AllSpecificationsHoldResult: All specifications hold
    1 specifications checked. All of them hold
  - ProcedureContractResult [Line: 502]: Procedure Contract for clientTrack_partitionswitchIngress_forward_special_get_response
    Derived contract for procedure clientTrack_partitionswitchIngress_forward_special_get_response. Requires: (((((((((((((((((!clientTrack_p4b_clone_i2i && !clientTrack_p4b_clone_e2e) && !clientTrack_p4b_recirculate) && 5008bv16 == clientTrack_hdr.udp_hdr.dstPort) && 1bv16 != clientTrack_hdr.op_hdr.optype) && 4105bv16 == io_hdr.op_hdr.optype) && clientTrack_partitionswitchIngress_poweroftwochoice_tbl.action_run != clientTrack_partitionswitchIngress_poweroftwochoice_tbl.action.partitionswitchIngress_poweroftwochoice) && 9bv16 != clientTrack_hdr.op_hdr.optype) && clientTrack_hdr.ethernet_hdr.etherType == 2048bv16) && clientTrack_isValid[clientTrack_hdr.op_hdr]) && io_hdr.ipv4_hdr.protocol == 17bv8) && 1bv9 == clientTrack_standard_metadata.egress_port) && 5008bv16 == io_hdr.udp_hdr.dstPort) && 17bv8 == clientTrack_hdr.ipv4_hdr.protocol) && 48bv16 != clientTrack_hdr.op_hdr.optype) && 167772162bv32 == band.bv32(4294967295bv32, clientTrack_hdr.ipv4_hdr.dstAddr)) && io_hdr.ipv4_hdr.dstAddr == 0bv32) && !clientTrack_p4b_clone_i2e) && io_hdr.ethernet_hdr.etherType == 2048bv16. Ensures: (((((((((((((((((!clientTrack_p4b_clone_i2i && !clientTrack_p4b_clone_e2e) && !clientTrack_p4b_recirculate) && 5008bv16 == clientTrack_hdr.udp_hdr.dstPort) && 1bv16 != clientTrack_hdr.op_hdr.optype) && 4105bv16 == io_hdr.op_hdr.optype) && clientTrack_partitionswitchIngress_poweroftwochoice_tbl.action_run != clientTrack_partitionswitchIngress_poweroftwochoice_tbl.action.partitionswitchIngress_poweroftwochoice) && 9bv16 != clientTrack_hdr.op_hdr.optype) && clientTrack_hdr.ethernet_hdr.etherType == 2048bv16) && clientTrack_isValid[clientTrack_hdr.op_hdr]) && io_hdr.ipv4_hdr.protocol == 17bv8) && 1bv9 == clientTrack_standard_metadata.egress_port) && 5008bv16 == io_hdr.udp_hdr.dstPort) && 17bv8 == clientTrack_hdr.ipv4_hdr.protocol) && 48bv16 != clientTrack_hdr.op_hdr.optype) && 167772162bv32 == band.bv32(4294967295bv32, clientTrack_hdr.ipv4_hdr.dstAddr)) && io_hdr.ipv4_hdr.dstAddr == 0bv32) && !clientTrack_p4b_clone_i2e) && io_hdr.ethernet_hdr.etherType == 2048bv16. Modifies: [].
  - ProcedureContractResult [Line: 329]: Procedure Contract for clientTrack_partitionswitchEgress_update_ipmac_srcport_server2client
    Derived contract for procedure clientTrack_partitionswitchEgress_update_ipmac_srcport_server2client. Requires: ((((((((((((((((((((((8201bv16 == io_hdr.op_hdr.optype && !clientTrack_p4b_clone_i2i) && !clientTrack_p4b_clone_e2e) && !clientTrack_p4b_recirculate) && 5008bv16 == clientTrack_hdr.udp_hdr.dstPort) && 1bv16 != clientTrack_hdr.op_hdr.optype) && clientTrack_partitionswitchIngress_poweroftwochoice_tbl.action_run != clientTrack_partitionswitchIngress_poweroftwochoice_tbl.action.partitionswitchIngress_poweroftwochoice) && 9bv16 != clientTrack_hdr.op_hdr.optype) && clientTrack_hdr.ethernet_hdr.etherType == 2048bv16) && io_hdr.ipv4_hdr.protocol == 17bv8) && 1bv9 == clientTrack_standard_metadata.egress_port) && 5008bv16 == io_hdr.udp_hdr.dstPort) && 17bv8 == clientTrack_hdr.ipv4_hdr.protocol) && 48bv16 != clientTrack_hdr.op_hdr.optype) && !clientTrack_partitionswitchEgress_eg_port_forward_tbl.hit) && io_hdr.ipv4_hdr.dstAddr == 0bv32) && ((!dsl_pump_mode && 0bv32 != add.bv32(1bv32, clientTrack_partitionswitchIngress_spineload_reg[3bv32])) || (dsl_pump_mode && 0bv32 == add.bv32(1bv32, clientTrack_partitionswitchIngress_spineload_reg[3bv32])))) && !clientTrack_p4b_clone_i2e) && io_hdr.ethernet_hdr.etherType == 2048bv16) || (((((((((((((((((!clientTrack_p4b_clone_i2i && !clientTrack_p4b_clone_e2e) && !clientTrack_p4b_recirculate) && 5008bv16 == clientTrack_hdr.udp_hdr.dstPort) && 1bv16 != clientTrack_hdr.op_hdr.optype) && 4105bv16 == io_hdr.op_hdr.optype) && clientTrack_partitionswitchIngress_poweroftwochoice_tbl.action_run != clientTrack_partitionswitchIngress_poweroftwochoice_tbl.action.partitionswitchIngress_poweroftwochoice) && 9bv16 != clientTrack_hdr.op_hdr.optype) && clientTrack_hdr.ethernet_hdr.etherType == 2048bv16) && io_hdr.ipv4_hdr.protocol == 17bv8) && 1bv9 == clientTrack_standard_metadata.egress_port) && 5008bv16 == io_hdr.udp_hdr.dstPort) && 17bv8 == clientTrack_hdr.ipv4_hdr.protocol) && 48bv16 != clientTrack_hdr.op_hdr.optype) && !clientTrack_partitionswitchEgress_eg_port_forward_tbl.hit) && io_hdr.ipv4_hdr.dstAddr == 0bv32) && !clientTrack_p4b_clone_i2e) && io_hdr.ethernet_hdr.etherType == 2048bv16)) || (((((((((((((((((!clientTrack_p4b_clone_i2i && !clientTrack_p4b_clone_e2e) && !clientTrack_p4b_recirculate) && 5008bv16 == clientTrack_hdr.udp_hdr.dstPort) && clientTrack_partitionswitchIngress_poweroftwochoice_tbl.action_run == clientTrack_partitionswitchIngress_poweroftwochoice_tbl.action.partitionswitchIngress_update_spine_load) && 1bv16 != clientTrack_hdr.op_hdr.optype) && 4105bv16 == io_hdr.op_hdr.optype) && clientTrack_hdr.ethernet_hdr.etherType == 2048bv16) && clientTrack_isValid[clientTrack_hdr.op_hdr]) && io_hdr.ipv4_hdr.protocol == 17bv8) && 1bv9 == clientTrack_standard_metadata.egress_port) && 5008bv16 == io_hdr.udp_hdr.dstPort) && 17bv8 == clientTrack_hdr.ipv4_hdr.protocol) && 48bv16 != clientTrack_hdr.op_hdr.optype) && !clientTrack_partitionswitchEgress_eg_port_forward_tbl.hit) && io_hdr.ipv4_hdr.dstAddr == 0bv32) && !clientTrack_p4b_clone_i2e) && io_hdr.ethernet_hdr.etherType == 2048bv16)) || ((((((((((((((((((!clientTrack_p4b_clone_i2i && !clientTrack_p4b_clone_e2e) && !clientTrack_p4b_recirculate) && 5008bv16 == clientTrack_hdr.udp_hdr.dstPort) && 1bv16 != clientTrack_hdr.op_hdr.optype) && 4105bv16 == io_hdr.op_hdr.optype) && clientTrack_partitionswitchIngress_poweroftwochoice_tbl.action_run != clientTrack_partitionswitchIngress_poweroftwochoice_tbl.action.partitionswitchIngress_poweroftwochoice) && clientTrack_hdr.ethernet_hdr.etherType == 2048bv16) && clientTrack_isValid[clientTrack_hdr.op_hdr]) && io_hdr.ipv4_hdr.protocol == 17bv8) && 1bv9 == clientTrack_standard_metadata.egress_port) && 5008bv16 == io_hdr.udp_hdr.dstPort) && 17bv8 == clientTrack_hdr.ipv4_hdr.protocol) && 48bv16 != clientTrack_hdr.op_hdr.optype) && !clientTrack_partitionswitchEgress_eg_port_forward_tbl.hit) && io_hdr.ipv4_hdr.dstAddr == 0bv32) && ((!dsl_pump_mode && 0bv32 != add.bv32(1bv32, clientTrack_partitionswitchIngress_spineload_reg[3bv32])) || (dsl_pump_mode && 0bv32 == add.bv32(1bv32, clientTrack_partitionswitchIngress_spineload_reg[3bv32])))) && !clientTrack_p4b_clone_i2e) && io_hdr.ethernet_hdr.etherType == 2048bv16)) || ((((((((((((((((((8201bv16 == io_hdr.op_hdr.optype && !clientTrack_p4b_clone_i2i) && !clientTrack_p4b_clone_e2e) && !clientTrack_p4b_recirculate) && 5008bv16 == clientTrack_hdr.udp_hdr.dstPort) && 1bv16 != clientTrack_hdr.op_hdr.optype) && clientTrack_partitionswitchIngress_poweroftwochoice_tbl.action_run != clientTrack_partitionswitchIngress_poweroftwochoice_tbl.action.partitionswitchIngress_poweroftwochoice) && clientTrack_hdr.ethernet_hdr.etherType == 2048bv16) && clientTrack_isValid[clientTrack_hdr.op_hdr]) && io_hdr.ipv4_hdr.protocol == 17bv8) && 1bv9 == clientTrack_standard_metadata.egress_port) && 5008bv16 == io_hdr.udp_hdr.dstPort) && 17bv8 == clientTrack_hdr.ipv4_hdr.protocol) && 48bv16 != clientTrack_hdr.op_hdr.optype) && !clientTrack_partitionswitchEgress_eg_port_forward_tbl.hit) && io_hdr.ipv4_hdr.dstAddr == 0bv32) && ((!dsl_pump_mode && 0bv32 != add.bv32(1bv32, clientTrack_partitionswitchIngress_spineload_reg[3bv32])) || (dsl_pump_mode && 0bv32 == add.bv32(1bv32, clientTrack_partitionswitchIngress_spineload_reg[3bv32])))) && !clientTrack_p4b_clone_i2e) && io_hdr.ethernet_hdr.etherType == 2048bv16)) && (0bv32 == clientTrack_hdr.ipv4_hdr.dstAddr || 8201bv16 != io_hdr.op_hdr.optype). Ensures: ((((((((((((((((((((!clientTrack_p4b_clone_i2i && !clientTrack_p4b_clone_e2e) && !clientTrack_p4b_recirculate) && 5008bv16 == clientTrack_hdr.udp_hdr.dstPort) && 1bv16 != clientTrack_hdr.op_hdr.optype) && 4105bv16 == io_hdr.op_hdr.optype) && clientTrack_partitionswitchIngress_poweroftwochoice_tbl.action_run != clientTrack_partitionswitchIngress_poweroftwochoice_tbl.action.partitionswitchIngress_poweroftwochoice) && 9bv16 != clientTrack_hdr.op_hdr.optype) && clientTrack_hdr.ethernet_hdr.etherType == 2048bv16) && io_hdr.ipv4_hdr.protocol == 17bv8) && 1bv9 == clientTrack_standard_metadata.egress_port) && 5008bv16 == io_hdr.udp_hdr.dstPort) && 17bv8 == clientTrack_hdr.ipv4_hdr.protocol) && 48bv16 != clientTrack_hdr.op_hdr.optype) && !clientTrack_partitionswitchEgress_eg_port_forward_tbl.hit) && io_hdr.ipv4_hdr.dstAddr == 0bv32) && !clientTrack_p4b_clone_i2e) && io_hdr.ethernet_hdr.etherType == 2048bv16) || (((((((((((((((((!clientTrack_p4b_clone_i2i && !clientTrack_p4b_clone_e2e) && !clientTrack_p4b_recirculate) && 5008bv16 == clientTrack_hdr.udp_hdr.dstPort) && clientTrack_partitionswitchIngress_poweroftwochoice_tbl.action_run == clientTrack_partitionswitchIngress_poweroftwochoice_tbl.action.partitionswitchIngress_update_spine_load) && 1bv16 != clientTrack_hdr.op_hdr.optype) && 4105bv16 == io_hdr.op_hdr.optype) && clientTrack_hdr.ethernet_hdr.etherType == 2048bv16) && clientTrack_isValid[clientTrack_hdr.op_hdr]) && io_hdr.ipv4_hdr.protocol == 17bv8) && 1bv9 == clientTrack_standard_metadata.egress_port) && 5008bv16 == io_hdr.udp_hdr.dstPort) && 17bv8 == clientTrack_hdr.ipv4_hdr.protocol) && 48bv16 != clientTrack_hdr.op_hdr.optype) && !clientTrack_partitionswitchEgress_eg_port_forward_tbl.hit) && io_hdr.ipv4_hdr.dstAddr == 0bv32) && !clientTrack_p4b_clone_i2e) && io_hdr.ethernet_hdr.etherType == 2048bv16)) || (((((((((((((((((((8201bv16 == io_hdr.op_hdr.optype && !clientTrack_p4b_clone_i2i) && !clientTrack_p4b_clone_e2e) && !clientTrack_p4b_recirculate) && 5008bv16 == clientTrack_hdr.udp_hdr.dstPort) && 1bv16 != clientTrack_hdr.op_hdr.optype) && clientTrack_partitionswitchIngress_poweroftwochoice_tbl.action_run != clientTrack_partitionswitchIngress_poweroftwochoice_tbl.action.partitionswitchIngress_poweroftwochoice) && clientTrack_hdr.ethernet_hdr.etherType == 2048bv16) && clientTrack_isValid[clientTrack_hdr.op_hdr]) && io_hdr.ipv4_hdr.protocol == 17bv8) && 1bv9 == clientTrack_standard_metadata.egress_port) && 5008bv16 == io_hdr.udp_hdr.dstPort) && old(clientTrack_hdr.ipv4_hdr.dstAddr) == 0bv32) && 17bv8 == clientTrack_hdr.ipv4_hdr.protocol) && 48bv16 != clientTrack_hdr.op_hdr.optype) && !clientTrack_partitionswitchEgress_eg_port_forward_tbl.hit) && io_hdr.ipv4_hdr.dstAddr == 0bv32) && ((!dsl_pump_mode && 0bv32 != add.bv32(1bv32, clientTrack_partitionswitchIngress_spineload_reg[3bv32])) || (dsl_pump_mode && 0bv32 == add.bv32(1bv32, clientTrack_partitionswitchIngress_spineload_reg[3bv32])))) && !clientTrack_p4b_clone_i2e) && io_hdr.ethernet_hdr.etherType == 2048bv16)) || (((((((((((((((((((8201bv16 == io_hdr.op_hdr.optype && !clientTrack_p4b_clone_i2i) && !clientTrack_p4b_clone_e2e) && !clientTrack_p4b_recirculate) && 5008bv16 == clientTrack_hdr.udp_hdr.dstPort) && 1bv16 != clientTrack_hdr.op_hdr.optype) && clientTrack_partitionswitchIngress_poweroftwochoice_tbl.action_run != clientTrack_partitionswitchIngress_poweroftwochoice_tbl.action.partitionswitchIngress_poweroftwochoice) && 9bv16 != clientTrack_hdr.op_hdr.optype) && clientTrack_hdr.ethernet_hdr.etherType == 2048bv16) && io_hdr.ipv4_hdr.protocol == 17bv8) && 1bv9 == clientTrack_standard_metadata.egress_port) && 5008bv16 == io_hdr.udp_hdr.dstPort) && old(clientTrack_hdr.ipv4_hdr.dstAddr) == 0bv32) && 17bv8 == clientTrack_hdr.ipv4_hdr.protocol) && 48bv16 != clientTrack_hdr.op_hdr.optype) && !clientTrack_partitionswitchEgress_eg_port_forward_tbl.hit) && io_hdr.ipv4_hdr.dstAddr == 0bv32) && ((!dsl_pump_mode && 0bv32 != add.bv32(1bv32, clientTrack_partitionswitchIngress_spineload_reg[3bv32])) || (dsl_pump_mode && 0bv32 == add.bv32(1bv32, clientTrack_partitionswitchIngress_spineload_reg[3bv32])))) && !clientTrack_p4b_clone_i2e) && io_hdr.ethernet_hdr.etherType == 2048bv16)) || ((((((((((((((((((!clientTrack_p4b_clone_i2i && !clientTrack_p4b_clone_e2e) && !clientTrack_p4b_recirculate) && 5008bv16 == clientTrack_hdr.udp_hdr.dstPort) && 1bv16 != clientTrack_hdr.op_hdr.optype) && 4105bv16 == io_hdr.op_hdr.optype) && clientTrack_partitionswitchIngress_poweroftwochoice_tbl.action_run != clientTrack_partitionswitchIngress_poweroftwochoice_tbl.action.partitionswitchIngress_poweroftwochoice) && clientTrack_hdr.ethernet_hdr.etherType == 2048bv16) && clientTrack_isValid[clientTrack_hdr.op_hdr]) && io_hdr.ipv4_hdr.protocol == 17bv8) && 1bv9 == clientTrack_standard_metadata.egress_port) && 5008bv16 == io_hdr.udp_hdr.dstPort) && 17bv8 == clientTrack_hdr.ipv4_hdr.protocol) && 48bv16 != clientTrack_hdr.op_hdr.optype) && !clientTrack_partitionswitchEgress_eg_port_forward_tbl.hit) && io_hdr.ipv4_hdr.dstAddr == 0bv32) && ((!dsl_pump_mode && 0bv32 != add.bv32(1bv32, clientTrack_partitionswitchIngress_spineload_reg[3bv32])) || (dsl_pump_mode && 0bv32 == add.bv32(1bv32, clientTrack_partitionswitchIngress_spineload_reg[3bv32])))) && !clientTrack_p4b_clone_i2e) && io_hdr.ethernet_hdr.etherType == 2048bv16). Modifies: [clientTrack_hdr.ipv4_hdr.dstAddr].
  - ProcedureContractResult [Line: 1722]: Procedure Contract for __wraparound_assert
    Derived contract for procedure __wraparound_assert. Requires: ((clientTrack_partitionswitchIngress_poweroftwochoice_tbl.action_run != clientTrack_partitionswitchIngress_poweroftwochoice_tbl.action.partitionswitchIngress_poweroftwochoice && ((((((((((((((((((((((((!clientTrack_p4b_clone_i2i && !clientTrack_p4b_clone_e2e) && !clientTrack_partitionswitchEgress_update_ipmac_srcport_tbl.hit) && !clientTrack_p4b_recirculate) && 5008bv16 == clientTrack_hdr.udp_hdr.dstPort) && 1bv16 != clientTrack_hdr.op_hdr.optype) && 4105bv16 == io_hdr.op_hdr.optype) && clientTrack_hdr.ethernet_hdr.etherType == 2048bv16) && io_hdr.ipv4_hdr.protocol == 17bv8) && 5008bv16 == io_hdr.udp_hdr.dstPort) && 17bv8 == clientTrack_hdr.ipv4_hdr.protocol) && 48bv16 != clientTrack_hdr.op_hdr.optype) && 0bv9 != clientTrack_standard_metadata.egress_port) && !clientTrack_partitionswitchEgress_eg_port_forward_tbl.hit) && !clientTrack_p4b_clone_i2e) && io_hdr.ethernet_hdr.etherType == 2048bv16) || (((((((((((((((8201bv16 == io_hdr.op_hdr.optype && !clientTrack_p4b_clone_i2i) && !clientTrack_p4b_clone_e2e) && !clientTrack_p4b_recirculate) && 5008bv16 == clientTrack_hdr.udp_hdr.dstPort) && 1bv16 != clientTrack_hdr.op_hdr.optype) && clientTrack_hdr.ethernet_hdr.etherType == 2048bv16) && io_hdr.ipv4_hdr.protocol == 17bv8) && 1bv9 == clientTrack_standard_metadata.egress_port) && 5008bv16 == io_hdr.udp_hdr.dstPort) && 17bv8 == clientTrack_hdr.ipv4_hdr.protocol) && 48bv16 != clientTrack_hdr.op_hdr.optype) && !clientTrack_partitionswitchEgress_eg_port_forward_tbl.hit) && ((!dsl_pump_mode && 0bv32 != add.bv32(1bv32, clientTrack_partitionswitchIngress_spineload_reg[3bv32])) || (dsl_pump_mode && 0bv32 == add.bv32(1bv32, clientTrack_partitionswitchIngress_spineload_reg[3bv32])))) && !clientTrack_p4b_clone_i2e) && io_hdr.ethernet_hdr.etherType == 2048bv16)) || (((((((((((((((((!clientTrack_p4b_clone_i2i && !clientTrack_p4b_clone_e2e) && !clientTrack_partitionswitchEgress_update_ipmac_srcport_tbl.hit) && !clientTrack_partitionswitchIngress_ipv4_forward_tbl.hit) && !clientTrack_p4b_recirculate) && 5008bv16 == clientTrack_hdr.udp_hdr.dstPort) && 1bv16 != clientTrack_hdr.op_hdr.optype) && 9bv16 != clientTrack_hdr.op_hdr.optype) && clientTrack_hdr.ethernet_hdr.etherType == 2048bv16) && clientTrack_isValid[clientTrack_hdr.op_hdr]) && io_hdr.ipv4_hdr.protocol == 17bv8) && 5008bv16 == io_hdr.udp_hdr.dstPort) && 17bv8 == clientTrack_hdr.ipv4_hdr.protocol) && !clientTrack_partitionswitchEgress_eg_port_forward_tbl.hit) && 48bv16 == io_hdr.op_hdr.optype) && ((!dsl_pump_mode && 0bv32 != add.bv32(1bv32, clientTrack_partitionswitchIngress_spineload_reg[3bv32])) || (dsl_pump_mode && 0bv32 == add.bv32(1bv32, clientTrack_partitionswitchIngress_spineload_reg[3bv32])))) && !clientTrack_p4b_clone_i2e) && io_hdr.ethernet_hdr.etherType == 2048bv16)) || ((((((((((((((!clientTrack_p4b_clone_i2i && !clientTrack_p4b_clone_e2e) && !clientTrack_partitionswitchEgress_update_ipmac_srcport_tbl.hit) && !clientTrack_partitionswitchIngress_ipv4_forward_tbl.hit) && !clientTrack_p4b_recirculate) && 5008bv16 == clientTrack_hdr.udp_hdr.dstPort) && 512bv16 == clientTrack_hdr.op_hdr.optype) && clientTrack_hdr.ethernet_hdr.etherType == 2048bv16) && io_hdr.ipv4_hdr.protocol == 17bv8) && 5008bv16 == io_hdr.udp_hdr.dstPort) && 17bv8 == clientTrack_hdr.ipv4_hdr.protocol) && 48bv16 == io_hdr.op_hdr.optype) && ((!dsl_pump_mode && 0bv32 != add.bv32(1bv32, clientTrack_partitionswitchIngress_spineload_reg[3bv32])) || (dsl_pump_mode && 0bv32 == add.bv32(1bv32, clientTrack_partitionswitchIngress_spineload_reg[3bv32])))) && !clientTrack_p4b_clone_i2e) && io_hdr.ethernet_hdr.etherType == 2048bv16)) || (((((((((((((!clientTrack_p4b_clone_i2i && !clientTrack_p4b_clone_e2e) && !clientTrack_p4b_recirculate) && 5008bv16 == clientTrack_hdr.udp_hdr.dstPort) && 1bv16 != clientTrack_hdr.op_hdr.optype) && 4105bv16 == io_hdr.op_hdr.optype) && clientTrack_hdr.ethernet_hdr.etherType == 2048bv16) && io_hdr.ipv4_hdr.protocol == 17bv8) && 1bv9 == clientTrack_standard_metadata.egress_port) && 5008bv16 == io_hdr.udp_hdr.dstPort) && 17bv8 == clientTrack_hdr.ipv4_hdr.protocol) && !clientTrack_partitionswitchEgress_eg_port_forward_tbl.hit) && !clientTrack_p4b_clone_i2e) && io_hdr.ethernet_hdr.etherType == 2048bv16)) || ((1bv16 != clientTrack_hdr.op_hdr.optype && (((((((((((((((((!clientTrack_p4b_clone_i2i && !clientTrack_p4b_clone_e2e) && !clientTrack_p4b_recirculate) && 5008bv16 == clientTrack_hdr.udp_hdr.dstPort) && 4105bv16 == io_hdr.op_hdr.optype) && !clientTrack_partitionswitchIngress_poweroftwochoice_tbl.hit) && clientTrack_hdr.ethernet_hdr.etherType == 2048bv16) && io_hdr.ipv4_hdr.protocol == 17bv8) && 5008bv16 == io_hdr.udp_hdr.dstPort) && 17bv8 == clientTrack_hdr.ipv4_hdr.protocol) && 48bv16 != clientTrack_hdr.op_hdr.optype) && 0bv9 != clientTrack_standard_metadata.egress_port) && !clientTrack_partitionswitchEgress_eg_port_forward_tbl.hit) && !clientTrack_p4b_clone_i2e) && io_hdr.ethernet_hdr.etherType == 2048bv16) || (((((((((((((!clientTrack_p4b_clone_i2i && !clientTrack_p4b_clone_e2e) && !clientTrack_p4b_recirculate) && 9bv16 != clientTrack_hdr.op_hdr.optype) && clientTrack_hdr.ethernet_hdr.etherType == 2048bv16) && io_hdr.ipv4_hdr.protocol == 17bv8) && 17bv8 == clientTrack_hdr.ipv4_hdr.protocol) && !clientTrack_partitionswitchEgress_eg_port_forward_tbl.hit) && !clientTrack_p4b_clone_i2e) && io_hdr.ethernet_hdr.etherType == 2048bv16) || (((((((((!clientTrack_p4b_clone_i2i && !clientTrack_p4b_clone_e2e) && !clientTrack_p4b_recirculate) && 512bv16 == clientTrack_hdr.op_hdr.optype) && clientTrack_hdr.ethernet_hdr.etherType == 2048bv16) && io_hdr.ipv4_hdr.protocol == 17bv8) && 1bv9 == clientTrack_standard_metadata.egress_port) && 17bv8 == clientTrack_hdr.ipv4_hdr.protocol) && !clientTrack_p4b_clone_i2e) && io_hdr.ethernet_hdr.etherType == 2048bv16)) && 5008bv16 == clientTrack_hdr.udp_hdr.dstPort) && 5008bv16 == io_hdr.udp_hdr.dstPort) && 48bv16 != clientTrack_hdr.op_hdr.optype)) || ((((((((((((!clientTrack_p4b_clone_i2i && !clientTrack_p4b_clone_e2e) && !clientTrack_p4b_recirculate) && 5008bv16 == clientTrack_hdr.udp_hdr.dstPort) && 9bv16 != clientTrack_hdr.op_hdr.optype) && clientTrack_hdr.ethernet_hdr.etherType == 2048bv16) && io_hdr.ipv4_hdr.protocol == 17bv8) && 1bv9 == clientTrack_standard_metadata.egress_port) && 5008bv16 == io_hdr.udp_hdr.dstPort) && 17bv8 == clientTrack_hdr.ipv4_hdr.protocol) && !clientTrack_partitionswitchEgress_eg_port_forward_tbl.hit) && !clientTrack_p4b_clone_i2e) && io_hdr.ethernet_hdr.etherType == 2048bv16)) || ((((((((((((((!clientTrack_p4b_clone_i2i && !clientTrack_p4b_clone_e2e) && !clientTrack_p4b_recirculate) && 5008bv16 == clientTrack_hdr.udp_hdr.dstPort) && 4105bv16 == io_hdr.op_hdr.optype) && !clientTrack_partitionswitchIngress_poweroftwochoice_tbl.hit) && 0bv9 == clientTrack_standard_metadata.egress_port) && clientTrack_hdr.ethernet_hdr.etherType == 2048bv16) && io_hdr.ipv4_hdr.protocol == 17bv8) && 5008bv16 == io_hdr.udp_hdr.dstPort) && 17bv8 == clientTrack_hdr.ipv4_hdr.protocol) && 48bv16 != clientTrack_hdr.op_hdr.optype) && !clientTrack_partitionswitchEgress_eg_port_forward_tbl.hit) && !clientTrack_p4b_clone_i2e) && io_hdr.ethernet_hdr.etherType == 2048bv16))) && 1bv16 != io_hdr.op_hdr.optype)) || (((((((((((((((!clientTrack_p4b_clone_i2i && !clientTrack_p4b_clone_e2e) && !clientTrack_partitionswitchEgress_update_ipmac_srcport_tbl.hit) && !clientTrack_p4b_recirculate) && 5008bv16 == clientTrack_hdr.udp_hdr.dstPort) && 1bv16 != clientTrack_hdr.op_hdr.optype) && 4105bv16 == io_hdr.op_hdr.optype) && 0bv9 == clientTrack_standard_metadata.egress_port) && clientTrack_hdr.ethernet_hdr.etherType == 2048bv16) && io_hdr.ipv4_hdr.protocol == 17bv8) && 5008bv16 == io_hdr.udp_hdr.dstPort) && 17bv8 == clientTrack_hdr.ipv4_hdr.protocol) && 48bv16 != clientTrack_hdr.op_hdr.optype) && !clientTrack_partitionswitchEgress_eg_port_forward_tbl.hit) && !clientTrack_p4b_clone_i2e) && io_hdr.ethernet_hdr.etherType == 2048bv16)) || (((((((((((((((8201bv16 == io_hdr.op_hdr.optype && !clientTrack_p4b_clone_i2i) && !clientTrack_p4b_clone_e2e) && !clientTrack_partitionswitchEgress_update_ipmac_srcport_tbl.hit) && !clientTrack_p4b_recirculate) && 5008bv16 == clientTrack_hdr.udp_hdr.dstPort) && 1bv16 != clientTrack_hdr.op_hdr.optype) && clientTrack_hdr.ethernet_hdr.etherType == 2048bv16) && io_hdr.ipv4_hdr.protocol == 17bv8) && 1bv9 == clientTrack_standard_metadata.egress_port) && 5008bv16 == io_hdr.udp_hdr.dstPort) && 17bv8 == clientTrack_hdr.ipv4_hdr.protocol) && 48bv16 != clientTrack_hdr.op_hdr.optype) && !clientTrack_partitionswitchEgress_eg_port_forward_tbl.hit) && !clientTrack_p4b_clone_i2e) && io_hdr.ethernet_hdr.etherType == 2048bv16)) || ((((((((((((((((8201bv16 == io_hdr.op_hdr.optype && !clientTrack_p4b_clone_i2i) && !clientTrack_p4b_clone_e2e) && !clientTrack_partitionswitchEgress_update_ipmac_srcport_tbl.hit) && !clientTrack_p4b_recirculate) && 5008bv16 == clientTrack_hdr.udp_hdr.dstPort) && 1bv16 != clientTrack_hdr.op_hdr.optype) && clientTrack_hdr.ethernet_hdr.etherType == 2048bv16) && io_hdr.ipv4_hdr.protocol == 17bv8) && 5008bv16 == io_hdr.udp_hdr.dstPort) && 17bv8 == clientTrack_hdr.ipv4_hdr.protocol) && 48bv16 != clientTrack_hdr.op_hdr.optype) && 0bv9 != clientTrack_standard_metadata.egress_port) && !clientTrack_partitionswitchEgress_eg_port_forward_tbl.hit) && ((!dsl_pump_mode && 0bv32 != add.bv32(1bv32, clientTrack_partitionswitchIngress_spineload_reg[3bv32])) || (dsl_pump_mode && 0bv32 == add.bv32(1bv32, clientTrack_partitionswitchIngress_spineload_reg[3bv32])))) && !clientTrack_p4b_clone_i2e) && io_hdr.ethernet_hdr.etherType == 2048bv16)) || ((((((((((((((((8201bv16 == io_hdr.op_hdr.optype && !clientTrack_p4b_clone_i2i) && !clientTrack_p4b_clone_e2e) && !clientTrack_partitionswitchEgress_update_ipmac_srcport_tbl.hit) && !clientTrack_p4b_recirculate) && 5008bv16 == clientTrack_hdr.udp_hdr.dstPort) && 1bv16 != clientTrack_hdr.op_hdr.optype) && 0bv9 == clientTrack_standard_metadata.egress_port) && clientTrack_hdr.ethernet_hdr.etherType == 2048bv16) && io_hdr.ipv4_hdr.protocol == 17bv8) && 5008bv16 == io_hdr.udp_hdr.dstPort) && 17bv8 == clientTrack_hdr.ipv4_hdr.protocol) && 48bv16 != clientTrack_hdr.op_hdr.optype) && !clientTrack_partitionswitchEgress_eg_port_forward_tbl.hit) && ((!dsl_pump_mode && 0bv32 != add.bv32(1bv32, clientTrack_partitionswitchIngress_spineload_reg[3bv32])) || (dsl_pump_mode && 0bv32 == add.bv32(1bv32, clientTrack_partitionswitchIngress_spineload_reg[3bv32])))) && !clientTrack_p4b_clone_i2e) && io_hdr.ethernet_hdr.etherType == 2048bv16))) && cond) && io_hdr.ipv4_hdr.dstAddr == 0bv32. Ensures: ((clientTrack_partitionswitchIngress_poweroftwochoice_tbl.action_run != clientTrack_partitionswitchIngress_poweroftwochoice_tbl.action.partitionswitchIngress_poweroftwochoice && ((((((((((((((((((((((((!clientTrack_p4b_clone_i2i && !clientTrack_p4b_clone_e2e) && !clientTrack_partitionswitchEgress_update_ipmac_srcport_tbl.hit) && !clientTrack_p4b_recirculate) && 5008bv16 == clientTrack_hdr.udp_hdr.dstPort) && 1bv16 != clientTrack_hdr.op_hdr.optype) && 4105bv16 == io_hdr.op_hdr.optype) && clientTrack_hdr.ethernet_hdr.etherType == 2048bv16) && io_hdr.ipv4_hdr.protocol == 17bv8) && 5008bv16 == io_hdr.udp_hdr.dstPort) && 17bv8 == clientTrack_hdr.ipv4_hdr.protocol) && 48bv16 != clientTrack_hdr.op_hdr.optype) && 0bv9 != clientTrack_standard_metadata.egress_port) && !clientTrack_partitionswitchEgress_eg_port_forward_tbl.hit) && !clientTrack_p4b_clone_i2e) && io_hdr.ethernet_hdr.etherType == 2048bv16) || (((((((((((((((8201bv16 == io_hdr.op_hdr.optype && !clientTrack_p4b_clone_i2i) && !clientTrack_p4b_clone_e2e) && !clientTrack_p4b_recirculate) && 5008bv16 == clientTrack_hdr.udp_hdr.dstPort) && 1bv16 != clientTrack_hdr.op_hdr.optype) && clientTrack_hdr.ethernet_hdr.etherType == 2048bv16) && io_hdr.ipv4_hdr.protocol == 17bv8) && 1bv9 == clientTrack_standard_metadata.egress_port) && 5008bv16 == io_hdr.udp_hdr.dstPort) && 17bv8 == clientTrack_hdr.ipv4_hdr.protocol) && 48bv16 != clientTrack_hdr.op_hdr.optype) && !clientTrack_partitionswitchEgress_eg_port_forward_tbl.hit) && ((!dsl_pump_mode && 0bv32 != add.bv32(1bv32, clientTrack_partitionswitchIngress_spineload_reg[3bv32])) || (dsl_pump_mode && 0bv32 == add.bv32(1bv32, clientTrack_partitionswitchIngress_spineload_reg[3bv32])))) && !clientTrack_p4b_clone_i2e) && io_hdr.ethernet_hdr.etherType == 2048bv16)) || (((((((((((((((((!clientTrack_p4b_clone_i2i && !clientTrack_p4b_clone_e2e) && !clientTrack_partitionswitchEgress_update_ipmac_srcport_tbl.hit) && !clientTrack_partitionswitchIngress_ipv4_forward_tbl.hit) && !clientTrack_p4b_recirculate) && 5008bv16 == clientTrack_hdr.udp_hdr.dstPort) && 1bv16 != clientTrack_hdr.op_hdr.optype) && 9bv16 != clientTrack_hdr.op_hdr.optype) && clientTrack_hdr.ethernet_hdr.etherType == 2048bv16) && clientTrack_isValid[clientTrack_hdr.op_hdr]) && io_hdr.ipv4_hdr.protocol == 17bv8) && 5008bv16 == io_hdr.udp_hdr.dstPort) && 17bv8 == clientTrack_hdr.ipv4_hdr.protocol) && !clientTrack_partitionswitchEgress_eg_port_forward_tbl.hit) && 48bv16 == io_hdr.op_hdr.optype) && ((!dsl_pump_mode && 0bv32 != add.bv32(1bv32, clientTrack_partitionswitchIngress_spineload_reg[3bv32])) || (dsl_pump_mode && 0bv32 == add.bv32(1bv32, clientTrack_partitionswitchIngress_spineload_reg[3bv32])))) && !clientTrack_p4b_clone_i2e) && io_hdr.ethernet_hdr.etherType == 2048bv16)) || ((((((((((((((!clientTrack_p4b_clone_i2i && !clientTrack_p4b_clone_e2e) && !clientTrack_partitionswitchEgress_update_ipmac_srcport_tbl.hit) && !clientTrack_partitionswitchIngress_ipv4_forward_tbl.hit) && !clientTrack_p4b_recirculate) && 5008bv16 == clientTrack_hdr.udp_hdr.dstPort) && 512bv16 == clientTrack_hdr.op_hdr.optype) && clientTrack_hdr.ethernet_hdr.etherType == 2048bv16) && io_hdr.ipv4_hdr.protocol == 17bv8) && 5008bv16 == io_hdr.udp_hdr.dstPort) && 17bv8 == clientTrack_hdr.ipv4_hdr.protocol) && 48bv16 == io_hdr.op_hdr.optype) && ((!dsl_pump_mode && 0bv32 != add.bv32(1bv32, clientTrack_partitionswitchIngress_spineload_reg[3bv32])) || (dsl_pump_mode && 0bv32 == add.bv32(1bv32, clientTrack_partitionswitchIngress_spineload_reg[3bv32])))) && !clientTrack_p4b_clone_i2e) && io_hdr.ethernet_hdr.etherType == 2048bv16)) || (((((((((((((!clientTrack_p4b_clone_i2i && !clientTrack_p4b_clone_e2e) && !clientTrack_p4b_recirculate) && 5008bv16 == clientTrack_hdr.udp_hdr.dstPort) && 1bv16 != clientTrack_hdr.op_hdr.optype) && 4105bv16 == io_hdr.op_hdr.optype) && clientTrack_hdr.ethernet_hdr.etherType == 2048bv16) && io_hdr.ipv4_hdr.protocol == 17bv8) && 1bv9 == clientTrack_standard_metadata.egress_port) && 5008bv16 == io_hdr.udp_hdr.dstPort) && 17bv8 == clientTrack_hdr.ipv4_hdr.protocol) && !clientTrack_partitionswitchEgress_eg_port_forward_tbl.hit) && !clientTrack_p4b_clone_i2e) && io_hdr.ethernet_hdr.etherType == 2048bv16)) || ((1bv16 != clientTrack_hdr.op_hdr.optype && (((((((((((((((((!clientTrack_p4b_clone_i2i && !clientTrack_p4b_clone_e2e) && !clientTrack_p4b_recirculate) && 5008bv16 == clientTrack_hdr.udp_hdr.dstPort) && 4105bv16 == io_hdr.op_hdr.optype) && !clientTrack_partitionswitchIngress_poweroftwochoice_tbl.hit) && clientTrack_hdr.ethernet_hdr.etherType == 2048bv16) && io_hdr.ipv4_hdr.protocol == 17bv8) && 5008bv16 == io_hdr.udp_hdr.dstPort) && 17bv8 == clientTrack_hdr.ipv4_hdr.protocol) && 48bv16 != clientTrack_hdr.op_hdr.optype) && 0bv9 != clientTrack_standard_metadata.egress_port) && !clientTrack_partitionswitchEgress_eg_port_forward_tbl.hit) && !clientTrack_p4b_clone_i2e) && io_hdr.ethernet_hdr.etherType == 2048bv16) || (((((((((((((!clientTrack_p4b_clone_i2i && !clientTrack_p4b_clone_e2e) && !clientTrack_p4b_recirculate) && 9bv16 != clientTrack_hdr.op_hdr.optype) && clientTrack_hdr.ethernet_hdr.etherType == 2048bv16) && io_hdr.ipv4_hdr.protocol == 17bv8) && 17bv8 == clientTrack_hdr.ipv4_hdr.protocol) && !clientTrack_partitionswitchEgress_eg_port_forward_tbl.hit) && !clientTrack_p4b_clone_i2e) && io_hdr.ethernet_hdr.etherType == 2048bv16) || (((((((((!clientTrack_p4b_clone_i2i && !clientTrack_p4b_clone_e2e) && !clientTrack_p4b_recirculate) && 512bv16 == clientTrack_hdr.op_hdr.optype) && clientTrack_hdr.ethernet_hdr.etherType == 2048bv16) && io_hdr.ipv4_hdr.protocol == 17bv8) && 1bv9 == clientTrack_standard_metadata.egress_port) && 17bv8 == clientTrack_hdr.ipv4_hdr.protocol) && !clientTrack_p4b_clone_i2e) && io_hdr.ethernet_hdr.etherType == 2048bv16)) && 5008bv16 == clientTrack_hdr.udp_hdr.dstPort) && 5008bv16 == io_hdr.udp_hdr.dstPort) && 48bv16 != clientTrack_hdr.op_hdr.optype)) || ((((((((((((!clientTrack_p4b_clone_i2i && !clientTrack_p4b_clone_e2e) && !clientTrack_p4b_recirculate) && 5008bv16 == clientTrack_hdr.udp_hdr.dstPort) && 9bv16 != clientTrack_hdr.op_hdr.optype) && clientTrack_hdr.ethernet_hdr.etherType == 2048bv16) && io_hdr.ipv4_hdr.protocol == 17bv8) && 1bv9 == clientTrack_standard_metadata.egress_port) && 5008bv16 == io_hdr.udp_hdr.dstPort) && 17bv8 == clientTrack_hdr.ipv4_hdr.protocol) && !clientTrack_partitionswitchEgress_eg_port_forward_tbl.hit) && !clientTrack_p4b_clone_i2e) && io_hdr.ethernet_hdr.etherType == 2048bv16)) || ((((((((((((((!clientTrack_p4b_clone_i2i && !clientTrack_p4b_clone_e2e) && !clientTrack_p4b_recirculate) && 5008bv16 == clientTrack_hdr.udp_hdr.dstPort) && 4105bv16 == io_hdr.op_hdr.optype) && !clientTrack_partitionswitchIngress_poweroftwochoice_tbl.hit) && 0bv9 == clientTrack_standard_metadata.egress_port) && clientTrack_hdr.ethernet_hdr.etherType == 2048bv16) && io_hdr.ipv4_hdr.protocol == 17bv8) && 5008bv16 == io_hdr.udp_hdr.dstPort) && 17bv8 == clientTrack_hdr.ipv4_hdr.protocol) && 48bv16 != clientTrack_hdr.op_hdr.optype) && !clientTrack_partitionswitchEgress_eg_port_forward_tbl.hit) && !clientTrack_p4b_clone_i2e) && io_hdr.ethernet_hdr.etherType == 2048bv16))) && 1bv16 != io_hdr.op_hdr.optype)) || (((((((((((((((!clientTrack_p4b_clone_i2i && !clientTrack_p4b_clone_e2e) && !clientTrack_partitionswitchEgress_update_ipmac_srcport_tbl.hit) && !clientTrack_p4b_recirculate) && 5008bv16 == clientTrack_hdr.udp_hdr.dstPort) && 1bv16 != clientTrack_hdr.op_hdr.optype) && 4105bv16 == io_hdr.op_hdr.optype) && 0bv9 == clientTrack_standard_metadata.egress_port) && clientTrack_hdr.ethernet_hdr.etherType == 2048bv16) && io_hdr.ipv4_hdr.protocol == 17bv8) && 5008bv16 == io_hdr.udp_hdr.dstPort) && 17bv8 == clientTrack_hdr.ipv4_hdr.protocol) && 48bv16 != clientTrack_hdr.op_hdr.optype) && !clientTrack_partitionswitchEgress_eg_port_forward_tbl.hit) && !clientTrack_p4b_clone_i2e) && io_hdr.ethernet_hdr.etherType == 2048bv16)) || (((((((((((((((8201bv16 == io_hdr.op_hdr.optype && !clientTrack_p4b_clone_i2i) && !clientTrack_p4b_clone_e2e) && !clientTrack_partitionswitchEgress_update_ipmac_srcport_tbl.hit) && !clientTrack_p4b_recirculate) && 5008bv16 == clientTrack_hdr.udp_hdr.dstPort) && 1bv16 != clientTrack_hdr.op_hdr.optype) && clientTrack_hdr.ethernet_hdr.etherType == 2048bv16) && io_hdr.ipv4_hdr.protocol == 17bv8) && 1bv9 == clientTrack_standard_metadata.egress_port) && 5008bv16 == io_hdr.udp_hdr.dstPort) && 17bv8 == clientTrack_hdr.ipv4_hdr.protocol) && 48bv16 != clientTrack_hdr.op_hdr.optype) && !clientTrack_partitionswitchEgress_eg_port_forward_tbl.hit) && !clientTrack_p4b_clone_i2e) && io_hdr.ethernet_hdr.etherType == 2048bv16)) || ((((((((((((((((8201bv16 == io_hdr.op_hdr.optype && !clientTrack_p4b_clone_i2i) && !clientTrack_p4b_clone_e2e) && !clientTrack_partitionswitchEgress_update_ipmac_srcport_tbl.hit) && !clientTrack_p4b_recirculate) && 5008bv16 == clientTrack_hdr.udp_hdr.dstPort) && 1bv16 != clientTrack_hdr.op_hdr.optype) && clientTrack_hdr.ethernet_hdr.etherType == 2048bv16) && io_hdr.ipv4_hdr.protocol == 17bv8) && 5008bv16 == io_hdr.udp_hdr.dstPort) && 17bv8 == clientTrack_hdr.ipv4_hdr.protocol) && 48bv16 != clientTrack_hdr.op_hdr.optype) && 0bv9 != clientTrack_standard_metadata.egress_port) && !clientTrack_partitionswitchEgress_eg_port_forward_tbl.hit) && ((!dsl_pump_mode && 0bv32 != add.bv32(1bv32, clientTrack_partitionswitchIngress_spineload_reg[3bv32])) || (dsl_pump_mode && 0bv32 == add.bv32(1bv32, clientTrack_partitionswitchIngress_spineload_reg[3bv32])))) && !clientTrack_p4b_clone_i2e) && io_hdr.ethernet_hdr.etherType == 2048bv16)) || ((((((((((((((((8201bv16 == io_hdr.op_hdr.optype && !clientTrack_p4b_clone_i2i) && !clientTrack_p4b_clone_e2e) && !clientTrack_partitionswitchEgress_update_ipmac_srcport_tbl.hit) && !clientTrack_p4b_recirculate) && 5008bv16 == clientTrack_hdr.udp_hdr.dstPort) && 1bv16 != clientTrack_hdr.op_hdr.optype) && 0bv9 == clientTrack_standard_metadata.egress_port) && clientTrack_hdr.ethernet_hdr.etherType == 2048bv16) && io_hdr.ipv4_hdr.protocol == 17bv8) && 5008bv16 == io_hdr.udp_hdr.dstPort) && 17bv8 == clientTrack_hdr.ipv4_hdr.protocol) && 48bv16 != clientTrack_hdr.op_hdr.optype) && !clientTrack_partitionswitchEgress_eg_port_forward_tbl.hit) && ((!dsl_pump_mode && 0bv32 != add.bv32(1bv32, clientTrack_partitionswitchIngress_spineload_reg[3bv32])) || (dsl_pump_mode && 0bv32 == add.bv32(1bv32, clientTrack_partitionswitchIngress_spineload_reg[3bv32])))) && !clientTrack_p4b_clone_i2e) && io_hdr.ethernet_hdr.etherType == 2048bv16))) && cond) && io_hdr.ipv4_hdr.dstAddr == 0bv32. Modifies: [].
  - ProcedureContractResult [Line: 507]: Procedure Contract for clientTrack_partitionswitchIngress_hash_for_partition
    Derived contract for procedure clientTrack_partitionswitchIngress_hash_for_partition. Requires: (((((((((((((((((((((!clientTrack_p4b_clone_i2i && !clientTrack_p4b_clone_e2e) && 4105bv16 == clientTrack_hdr.op_hdr.optype) && dsl_pump_mode) && !clientTrack_p4b_recirculate) && 5008bv16 == clientTrack_hdr.udp_hdr.dstPort) && 4105bv16 == io_hdr.op_hdr.optype) && 0bv32 == add.bv32(1bv32, clientTrack_partitionswitchIngress_spineload_reg[3bv32])) && !dsl_suffix_sent) && clientTrack_hdr.ethernet_hdr.etherType == 2048bv16) && clientTrack_isValid[clientTrack_hdr.op_hdr]) && io_hdr.ipv4_hdr.protocol == 17bv8) && 3bv16 == clientTrack_meta.spineswitchidx) && 5008bv16 == io_hdr.udp_hdr.dstPort) && 3bv16 == io_meta.spineswitchidx) && 17bv8 == clientTrack_hdr.ipv4_hdr.protocol) && 0bv32 == clientTrack_hdr.ipv4_hdr.dstAddr) && io_hdr.ipv4_hdr.dstAddr == 0bv32) && !clientTrack_p4b_clone_i2e) && io_hdr.ethernet_hdr.etherType == 2048bv16) || ((((((((((((((((((!clientTrack_p4b_clone_i2i && !clientTrack_p4b_clone_e2e) && !clientTrack_p4b_recirculate) && 5008bv16 == clientTrack_hdr.udp_hdr.dstPort) && clientTrack_partitionswitchIngress_poweroftwochoice_tbl.action_run == clientTrack_partitionswitchIngress_poweroftwochoice_tbl.action.partitionswitchIngress_update_spine_load) && 1bv16 != clientTrack_hdr.op_hdr.optype) && 4105bv16 == io_hdr.op_hdr.optype) && 9bv16 != clientTrack_hdr.op_hdr.optype) && clientTrack_hdr.ethernet_hdr.etherType == 2048bv16) && clientTrack_isValid[clientTrack_hdr.op_hdr]) && io_hdr.ipv4_hdr.protocol == 17bv8) && 1bv9 == clientTrack_standard_metadata.egress_port) && 5008bv16 == io_hdr.udp_hdr.dstPort) && 17bv8 == clientTrack_hdr.ipv4_hdr.protocol) && 48bv16 != clientTrack_hdr.op_hdr.optype) && io_hdr.ipv4_hdr.dstAddr == 0bv32) && ((!dsl_pump_mode && 0bv32 != add.bv32(1bv32, clientTrack_partitionswitchIngress_spineload_reg[3bv32])) || (dsl_pump_mode && 0bv32 == add.bv32(1bv32, clientTrack_partitionswitchIngress_spineload_reg[3bv32])))) && !clientTrack_p4b_clone_i2e) && io_hdr.ethernet_hdr.etherType == 2048bv16)) || (((((((((((((((((((!clientTrack_p4b_clone_i2i && !clientTrack_p4b_clone_e2e) && !clientTrack_partitionswitchEgress_update_ipmac_srcport_tbl.hit) && !clientTrack_p4b_recirculate) && 5008bv16 == clientTrack_hdr.udp_hdr.dstPort) && clientTrack_partitionswitchIngress_poweroftwochoice_tbl.action_run == clientTrack_partitionswitchIngress_poweroftwochoice_tbl.action.partitionswitchIngress_update_spine_load) && 1bv16 != clientTrack_hdr.op_hdr.optype) && 4105bv16 == io_hdr.op_hdr.optype) && 9bv16 != clientTrack_hdr.op_hdr.optype) && clientTrack_hdr.ethernet_hdr.etherType == 2048bv16) && clientTrack_isValid[clientTrack_hdr.op_hdr]) && io_hdr.ipv4_hdr.protocol == 17bv8) && 5008bv16 == io_hdr.udp_hdr.dstPort) && 17bv8 == clientTrack_hdr.ipv4_hdr.protocol) && 48bv16 != clientTrack_hdr.op_hdr.optype) && 0bv32 == clientTrack_hdr.ipv4_hdr.dstAddr) && io_hdr.ipv4_hdr.dstAddr == 0bv32) && ((!dsl_pump_mode && 0bv32 != add.bv32(1bv32, clientTrack_partitionswitchIngress_spineload_reg[3bv32])) || (dsl_pump_mode && 0bv32 == add.bv32(1bv32, clientTrack_partitionswitchIngress_spineload_reg[3bv32])))) && !clientTrack_p4b_clone_i2e) && io_hdr.ethernet_hdr.etherType == 2048bv16)) || (((clientTrack_partitionswitchIngress_poweroftwochoice_tbl.action_run == clientTrack_partitionswitchIngress_poweroftwochoice_tbl.action.partitionswitchIngress_update_spine_load && (((((((((((((((8201bv16 == io_hdr.op_hdr.optype && !clientTrack_p4b_clone_i2i) && 8201bv16 == clientTrack_hdr.op_hdr.optype) && !clientTrack_p4b_clone_e2e) && !clientTrack_partitionswitchEgress_update_ipmac_srcport_tbl.hit) && !clientTrack_p4b_recirculate) && 5008bv16 == clientTrack_hdr.udp_hdr.dstPort) && clientTrack_hdr.ethernet_hdr.etherType == 2048bv16) && clientTrack_isValid[clientTrack_hdr.op_hdr]) && io_hdr.ipv4_hdr.protocol == 17bv8) && 5008bv16 == io_hdr.udp_hdr.dstPort) && 17bv8 == clientTrack_hdr.ipv4_hdr.protocol) && ((!dsl_pump_mode && 0bv32 != add.bv32(1bv32, clientTrack_partitionswitchIngress_spineload_reg[3bv32])) || (dsl_pump_mode && 0bv32 == add.bv32(1bv32, clientTrack_partitionswitchIngress_spineload_reg[3bv32])))) && !clientTrack_p4b_clone_i2e) && io_hdr.ethernet_hdr.etherType == 2048bv16) || ((((((((((((((8201bv16 == io_hdr.op_hdr.optype && !clientTrack_p4b_clone_i2i) && 8201bv16 == clientTrack_hdr.op_hdr.optype) && !clientTrack_p4b_clone_e2e) && !clientTrack_p4b_recirculate) && 5008bv16 == clientTrack_hdr.udp_hdr.dstPort) && clientTrack_hdr.ethernet_hdr.etherType == 2048bv16) && clientTrack_isValid[clientTrack_hdr.op_hdr]) && io_hdr.ipv4_hdr.protocol == 17bv8) && 1bv9 == clientTrack_standard_metadata.egress_port) && 5008bv16 == io_hdr.udp_hdr.dstPort) && 17bv8 == clientTrack_hdr.ipv4_hdr.protocol) && ((!dsl_pump_mode && 0bv32 != add.bv32(1bv32, clientTrack_partitionswitchIngress_spineload_reg[3bv32])) || (dsl_pump_mode && 0bv32 == add.bv32(1bv32, clientTrack_partitionswitchIngress_spineload_reg[3bv32])))) && !clientTrack_p4b_clone_i2e) && io_hdr.ethernet_hdr.etherType == 2048bv16))) && 0bv32 == clientTrack_hdr.ipv4_hdr.dstAddr) && io_hdr.ipv4_hdr.dstAddr == 0bv32). Ensures: ((((((((((((((((((((((!clientTrack_p4b_clone_i2i && !clientTrack_p4b_clone_e2e) && 4105bv16 == clientTrack_hdr.op_hdr.optype) && dsl_pump_mode) && !clientTrack_p4b_recirculate) && 5008bv16 == clientTrack_hdr.udp_hdr.dstPort) && 4105bv16 == io_hdr.op_hdr.optype) && 0bv32 == add.bv32(1bv32, clientTrack_partitionswitchIngress_spineload_reg[3bv32])) && !dsl_suffix_sent) && clientTrack_hdr.ethernet_hdr.etherType == 2048bv16) && clientTrack_isValid[clientTrack_hdr.op_hdr]) && io_hdr.ipv4_hdr.protocol == 17bv8) && 3bv16 == clientTrack_meta.spineswitchidx) && 5008bv16 == io_hdr.udp_hdr.dstPort) && 3bv16 == io_meta.spineswitchidx) && 17bv8 == clientTrack_hdr.ipv4_hdr.protocol) && 0bv32 == clientTrack_hdr.ipv4_hdr.dstAddr) && io_hdr.ipv4_hdr.dstAddr == 0bv32) && !clientTrack_p4b_clone_i2e) && io_hdr.ethernet_hdr.etherType == 2048bv16) || ((((((((((((((((((!clientTrack_p4b_clone_i2i && !clientTrack_p4b_clone_e2e) && !clientTrack_p4b_recirculate) && 5008bv16 == clientTrack_hdr.udp_hdr.dstPort) && clientTrack_partitionswitchIngress_poweroftwochoice_tbl.action_run == clientTrack_partitionswitchIngress_poweroftwochoice_tbl.action.partitionswitchIngress_update_spine_load) && 1bv16 != clientTrack_hdr.op_hdr.optype) && 4105bv16 == io_hdr.op_hdr.optype) && 9bv16 != clientTrack_hdr.op_hdr.optype) && clientTrack_hdr.ethernet_hdr.etherType == 2048bv16) && clientTrack_isValid[clientTrack_hdr.op_hdr]) && io_hdr.ipv4_hdr.protocol == 17bv8) && 1bv9 == clientTrack_standard_metadata.egress_port) && 5008bv16 == io_hdr.udp_hdr.dstPort) && 17bv8 == clientTrack_hdr.ipv4_hdr.protocol) && 48bv16 != clientTrack_hdr.op_hdr.optype) && io_hdr.ipv4_hdr.dstAddr == 0bv32) && ((!dsl_pump_mode && 0bv32 != add.bv32(1bv32, clientTrack_partitionswitchIngress_spineload_reg[3bv32])) || (dsl_pump_mode && 0bv32 == add.bv32(1bv32, clientTrack_partitionswitchIngress_spineload_reg[3bv32])))) && !clientTrack_p4b_clone_i2e) && io_hdr.ethernet_hdr.etherType == 2048bv16)) || (((((((((((((((((((!clientTrack_p4b_clone_i2i && !clientTrack_p4b_clone_e2e) && !clientTrack_partitionswitchEgress_update_ipmac_srcport_tbl.hit) && !clientTrack_p4b_recirculate) && 5008bv16 == clientTrack_hdr.udp_hdr.dstPort) && clientTrack_partitionswitchIngress_poweroftwochoice_tbl.action_run == clientTrack_partitionswitchIngress_poweroftwochoice_tbl.action.partitionswitchIngress_update_spine_load) && 1bv16 != clientTrack_hdr.op_hdr.optype) && 4105bv16 == io_hdr.op_hdr.optype) && 9bv16 != clientTrack_hdr.op_hdr.optype) && clientTrack_hdr.ethernet_hdr.etherType == 2048bv16) && clientTrack_isValid[clientTrack_hdr.op_hdr]) && io_hdr.ipv4_hdr.protocol == 17bv8) && 5008bv16 == io_hdr.udp_hdr.dstPort) && 17bv8 == clientTrack_hdr.ipv4_hdr.protocol) && 48bv16 != clientTrack_hdr.op_hdr.optype) && 0bv32 == clientTrack_hdr.ipv4_hdr.dstAddr) && io_hdr.ipv4_hdr.dstAddr == 0bv32) && ((!dsl_pump_mode && 0bv32 != add.bv32(1bv32, clientTrack_partitionswitchIngress_spineload_reg[3bv32])) || (dsl_pump_mode && 0bv32 == add.bv32(1bv32, clientTrack_partitionswitchIngress_spineload_reg[3bv32])))) && !clientTrack_p4b_clone_i2e) && io_hdr.ethernet_hdr.etherType == 2048bv16)) || (((clientTrack_partitionswitchIngress_poweroftwochoice_tbl.action_run == clientTrack_partitionswitchIngress_poweroftwochoice_tbl.action.partitionswitchIngress_update_spine_load && (((((((((((((((8201bv16 == io_hdr.op_hdr.optype && !clientTrack_p4b_clone_i2i) && 8201bv16 == clientTrack_hdr.op_hdr.optype) && !clientTrack_p4b_clone_e2e) && !clientTrack_partitionswitchEgress_update_ipmac_srcport_tbl.hit) && !clientTrack_p4b_recirculate) && 5008bv16 == clientTrack_hdr.udp_hdr.dstPort) && clientTrack_hdr.ethernet_hdr.etherType == 2048bv16) && clientTrack_isValid[clientTrack_hdr.op_hdr]) && io_hdr.ipv4_hdr.protocol == 17bv8) && 5008bv16 == io_hdr.udp_hdr.dstPort) && 17bv8 == clientTrack_hdr.ipv4_hdr.protocol) && ((!dsl_pump_mode && 0bv32 != add.bv32(1bv32, clientTrack_partitionswitchIngress_spineload_reg[3bv32])) || (dsl_pump_mode && 0bv32 == add.bv32(1bv32, clientTrack_partitionswitchIngress_spineload_reg[3bv32])))) && !clientTrack_p4b_clone_i2e) && io_hdr.ethernet_hdr.etherType == 2048bv16) || ((((((((((((((8201bv16 == io_hdr.op_hdr.optype && !clientTrack_p4b_clone_i2i) && 8201bv16 == clientTrack_hdr.op_hdr.optype) && !clientTrack_p4b_clone_e2e) && !clientTrack_p4b_recirculate) && 5008bv16 == clientTrack_hdr.udp_hdr.dstPort) && clientTrack_hdr.ethernet_hdr.etherType == 2048bv16) && clientTrack_isValid[clientTrack_hdr.op_hdr]) && io_hdr.ipv4_hdr.protocol == 17bv8) && 1bv9 == clientTrack_standard_metadata.egress_port) && 5008bv16 == io_hdr.udp_hdr.dstPort) && 17bv8 == clientTrack_hdr.ipv4_hdr.protocol) && ((!dsl_pump_mode && 0bv32 != add.bv32(1bv32, clientTrack_partitionswitchIngress_spineload_reg[3bv32])) || (dsl_pump_mode && 0bv32 == add.bv32(1bv32, clientTrack_partitionswitchIngress_spineload_reg[3bv32])))) && !clientTrack_p4b_clone_i2e) && io_hdr.ethernet_hdr.etherType == 2048bv16))) && 0bv32 == clientTrack_hdr.ipv4_hdr.dstAddr) && io_hdr.ipv4_hdr.dstAddr == 0bv32)) && ((((((3bv16 != io_meta.spineswitchidx || dsl_suffix_sent) || 0bv32 != add.bv32(1bv32, clientTrack_partitionswitchIngress_spineload_reg[3bv32])) || 3bv16 != clientTrack_meta.spineswitchidx) || (bule.bv16(clientTrack_meta.hashval_for_spine_partition, 15bv16) && bule.bv16(clientTrack_meta.hashval_for_partition, 15bv16))) || 4105bv16 != clientTrack_hdr.op_hdr.optype) || 0bv32 != clientTrack_hdr.ipv4_hdr.dstAddr). Modifies: [clientTrack_meta.hashval_for_spine_partition, clientTrack_meta.hashval_for_partition].
  - ProcedureContractResult [Line: 497]: Procedure Contract for clientTrack_partitionswitchIngress_forward_normal_response
    Derived contract for procedure clientTrack_partitionswitchIngress_forward_normal_response. Requires: (((((((((((((((((((!clientTrack_p4b_clone_i2i && !clientTrack_p4b_clone_e2e) && !clientTrack_p4b_recirculate) && 5008bv16 == clientTrack_hdr.udp_hdr.dstPort) && 1bv16 != clientTrack_hdr.op_hdr.optype) && 4105bv16 == io_hdr.op_hdr.optype) && clientTrack_partitionswitchIngress_poweroftwochoice_tbl.action_run != clientTrack_partitionswitchIngress_poweroftwochoice_tbl.action.partitionswitchIngress_poweroftwochoice) && 9bv16 != clientTrack_hdr.op_hdr.optype) && clientTrack_hdr.ethernet_hdr.etherType == 2048bv16) && clientTrack_isValid[clientTrack_hdr.op_hdr]) && io_hdr.ipv4_hdr.protocol == 17bv8) && 1bv9 == clientTrack_standard_metadata.egress_port) && 5008bv16 == io_hdr.udp_hdr.dstPort) && 17bv8 == clientTrack_hdr.ipv4_hdr.protocol) && 48bv16 != clientTrack_hdr.op_hdr.optype) && 167772162bv32 == band.bv32(4294967295bv32, clientTrack_hdr.ipv4_hdr.dstAddr)) && io_hdr.ipv4_hdr.dstAddr == 0bv32) && !clientTrack_p4b_clone_i2e) && io_hdr.ethernet_hdr.etherType == 2048bv16) || ((((((((((((((((((!clientTrack_p4b_clone_i2i && !clientTrack_p4b_clone_e2e) && !clientTrack_p4b_recirculate) && 5008bv16 == clientTrack_hdr.udp_hdr.dstPort) && 1bv16 != clientTrack_hdr.op_hdr.optype) && 4105bv16 == io_hdr.op_hdr.optype) && clientTrack_partitionswitchIngress_poweroftwochoice_tbl.action_run != clientTrack_partitionswitchIngress_poweroftwochoice_tbl.action.partitionswitchIngress_poweroftwochoice) && clientTrack_hdr.ethernet_hdr.etherType == 2048bv16) && clientTrack_isValid[clientTrack_hdr.op_hdr]) && io_hdr.ipv4_hdr.protocol == 17bv8) && 1bv9 == clientTrack_standard_metadata.egress_port) && 5008bv16 == io_hdr.udp_hdr.dstPort) && 17bv8 == clientTrack_hdr.ipv4_hdr.protocol) && 48bv16 != clientTrack_hdr.op_hdr.optype) && 167772162bv32 == band.bv32(4294967295bv32, clientTrack_hdr.ipv4_hdr.dstAddr)) && io_hdr.ipv4_hdr.dstAddr == 0bv32) && ((!dsl_pump_mode && 0bv32 != add.bv32(1bv32, clientTrack_partitionswitchIngress_spineload_reg[3bv32])) || (dsl_pump_mode && 0bv32 == add.bv32(1bv32, clientTrack_partitionswitchIngress_spineload_reg[3bv32])))) && !clientTrack_p4b_clone_i2e) && io_hdr.ethernet_hdr.etherType == 2048bv16)) || (((((((((((((((((!clientTrack_p4b_clone_i2i && !clientTrack_p4b_clone_e2e) && !clientTrack_p4b_recirculate) && 5008bv16 == clientTrack_hdr.udp_hdr.dstPort) && clientTrack_partitionswitchIngress_poweroftwochoice_tbl.action_run == clientTrack_partitionswitchIngress_poweroftwochoice_tbl.action.partitionswitchIngress_update_spine_load) && 1bv16 != clientTrack_hdr.op_hdr.optype) && 4105bv16 == io_hdr.op_hdr.optype) && clientTrack_hdr.ethernet_hdr.etherType == 2048bv16) && clientTrack_isValid[clientTrack_hdr.op_hdr]) && io_hdr.ipv4_hdr.protocol == 17bv8) && 1bv9 == clientTrack_standard_metadata.egress_port) && 5008bv16 == io_hdr.udp_hdr.dstPort) && 17bv8 == clientTrack_hdr.ipv4_hdr.protocol) && 48bv16 != clientTrack_hdr.op_hdr.optype) && 167772162bv32 == band.bv32(4294967295bv32, clientTrack_hdr.ipv4_hdr.dstAddr)) && io_hdr.ipv4_hdr.dstAddr == 0bv32) && !clientTrack_p4b_clone_i2e) && io_hdr.ethernet_hdr.etherType == 2048bv16). Ensures: (((((((((((((((((((!clientTrack_p4b_clone_i2i && !clientTrack_p4b_clone_e2e) && !clientTrack_p4b_recirculate) && 5008bv16 == clientTrack_hdr.udp_hdr.dstPort) && 1bv16 != clientTrack_hdr.op_hdr.optype) && 4105bv16 == io_hdr.op_hdr.optype) && clientTrack_partitionswitchIngress_poweroftwochoice_tbl.action_run != clientTrack_partitionswitchIngress_poweroftwochoice_tbl.action.partitionswitchIngress_poweroftwochoice) && 9bv16 != clientTrack_hdr.op_hdr.optype) && clientTrack_hdr.ethernet_hdr.etherType == 2048bv16) && clientTrack_isValid[clientTrack_hdr.op_hdr]) && io_hdr.ipv4_hdr.protocol == 17bv8) && 1bv9 == clientTrack_standard_metadata.egress_port) && 5008bv16 == io_hdr.udp_hdr.dstPort) && 17bv8 == clientTrack_hdr.ipv4_hdr.protocol) && 48bv16 != clientTrack_hdr.op_hdr.optype) && 167772162bv32 == band.bv32(4294967295bv32, clientTrack_hdr.ipv4_hdr.dstAddr)) && io_hdr.ipv4_hdr.dstAddr == 0bv32) && !clientTrack_p4b_clone_i2e) && io_hdr.ethernet_hdr.etherType == 2048bv16) || ((((((((((((((((((!clientTrack_p4b_clone_i2i && !clientTrack_p4b_clone_e2e) && !clientTrack_p4b_recirculate) && 5008bv16 == clientTrack_hdr.udp_hdr.dstPort) && 1bv16 != clientTrack_hdr.op_hdr.optype) && 4105bv16 == io_hdr.op_hdr.optype) && clientTrack_partitionswitchIngress_poweroftwochoice_tbl.action_run != clientTrack_partitionswitchIngress_poweroftwochoice_tbl.action.partitionswitchIngress_poweroftwochoice) && clientTrack_hdr.ethernet_hdr.etherType == 2048bv16) && clientTrack_isValid[clientTrack_hdr.op_hdr]) && io_hdr.ipv4_hdr.protocol == 17bv8) && 1bv9 == clientTrack_standard_metadata.egress_port) && 5008bv16 == io_hdr.udp_hdr.dstPort) && 17bv8 == clientTrack_hdr.ipv4_hdr.protocol) && 48bv16 != clientTrack_hdr.op_hdr.optype) && 167772162bv32 == band.bv32(4294967295bv32, clientTrack_hdr.ipv4_hdr.dstAddr)) && io_hdr.ipv4_hdr.dstAddr == 0bv32) && ((!dsl_pump_mode && 0bv32 != add.bv32(1bv32, clientTrack_partitionswitchIngress_spineload_reg[3bv32])) || (dsl_pump_mode && 0bv32 == add.bv32(1bv32, clientTrack_partitionswitchIngress_spineload_reg[3bv32])))) && !clientTrack_p4b_clone_i2e) && io_hdr.ethernet_hdr.etherType == 2048bv16)) || (((((((((((((((((!clientTrack_p4b_clone_i2i && !clientTrack_p4b_clone_e2e) && !clientTrack_p4b_recirculate) && 5008bv16 == clientTrack_hdr.udp_hdr.dstPort) && clientTrack_partitionswitchIngress_poweroftwochoice_tbl.action_run == clientTrack_partitionswitchIngress_poweroftwochoice_tbl.action.partitionswitchIngress_update_spine_load) && 1bv16 != clientTrack_hdr.op_hdr.optype) && 4105bv16 == io_hdr.op_hdr.optype) && clientTrack_hdr.ethernet_hdr.etherType == 2048bv16) && clientTrack_isValid[clientTrack_hdr.op_hdr]) && io_hdr.ipv4_hdr.protocol == 17bv8) && 1bv9 == clientTrack_standard_metadata.egress_port) && 5008bv16 == io_hdr.udp_hdr.dstPort) && 17bv8 == clientTrack_hdr.ipv4_hdr.protocol) && 48bv16 != clientTrack_hdr.op_hdr.optype) && 167772162bv32 == band.bv32(4294967295bv32, clientTrack_hdr.ipv4_hdr.dstAddr)) && io_hdr.ipv4_hdr.dstAddr == 0bv32) && !clientTrack_p4b_clone_i2e) && io_hdr.ethernet_hdr.etherType == 2048bv16). Modifies: [].
  - ProcedureContractResult [Line: 762]: Procedure Contract for clientTrack_partitionswitchIngress_hash_spine_partition
    Derived contract for procedure clientTrack_partitionswitchIngress_hash_spine_partition. Requires: (exists old(clientTrack_meta.spineswitchidx) : bv16 :: (((((((((((((((((((((((((!clientTrack_p4b_clone_i2i && !clientTrack_p4b_clone_e2e) && 4105bv16 == clientTrack_hdr.op_hdr.optype) && dsl_pump_mode) && !clientTrack_p4b_recirculate) && 5008bv16 == clientTrack_hdr.udp_hdr.dstPort) && bule.bv16(clientTrack_meta.hashval_for_spine_partition, 15bv16)) && 4105bv16 == io_hdr.op_hdr.optype) && 0bv32 == add.bv32(1bv32, clientTrack_partitionswitchIngress_spineload_reg[3bv32])) && bule.bv16(clientTrack_meta.hashval_for_partition, 15bv16)) && !dsl_suffix_sent) && clientTrack_hdr.ethernet_hdr.etherType == 2048bv16) && clientTrack_isValid[clientTrack_hdr.op_hdr]) && io_hdr.ipv4_hdr.protocol == 17bv8) && 3bv9 == clientTrack_partitionswitchIngress_hash_spine_partition_tbl.partitionswitchIngress_hash_spine_partition.eport_4) && 3bv16 == old_clientTrack_meta.spineswitchidx_) && 5008bv16 == io_hdr.udp_hdr.dstPort) && 3bv16 == io_meta.spineswitchidx) && 17bv8 == clientTrack_hdr.ipv4_hdr.protocol) && 0bv32 == clientTrack_hdr.ipv4_hdr.dstAddr) && io_hdr.ipv4_hdr.dstAddr == 0bv32) && !clientTrack_p4b_clone_i2e) && io_hdr.ethernet_hdr.etherType == 2048bv16) || ((((((((((((((((((!clientTrack_p4b_clone_i2i && !clientTrack_p4b_clone_e2e) && !clientTrack_p4b_recirculate) && 5008bv16 == clientTrack_hdr.udp_hdr.dstPort) && clientTrack_partitionswitchIngress_poweroftwochoice_tbl.action_run == clientTrack_partitionswitchIngress_poweroftwochoice_tbl.action.partitionswitchIngress_update_spine_load) && 1bv16 != clientTrack_hdr.op_hdr.optype) && 4105bv16 == io_hdr.op_hdr.optype) && 9bv16 != clientTrack_hdr.op_hdr.optype) && clientTrack_hdr.ethernet_hdr.etherType == 2048bv16) && clientTrack_isValid[clientTrack_hdr.op_hdr]) && io_hdr.ipv4_hdr.protocol == 17bv8) && 1bv9 == clientTrack_standard_metadata.egress_port) && 5008bv16 == io_hdr.udp_hdr.dstPort) && 17bv8 == clientTrack_hdr.ipv4_hdr.protocol) && 48bv16 != clientTrack_hdr.op_hdr.optype) && io_hdr.ipv4_hdr.dstAddr == 0bv32) && ((!dsl_pump_mode && 0bv32 != add.bv32(1bv32, clientTrack_partitionswitchIngress_spineload_reg[3bv32])) || (dsl_pump_mode && 0bv32 == add.bv32(1bv32, clientTrack_partitionswitchIngress_spineload_reg[3bv32])))) && !clientTrack_p4b_clone_i2e) && io_hdr.ethernet_hdr.etherType == 2048bv16)) || (((((((((((((((((((!clientTrack_p4b_clone_i2i && !clientTrack_p4b_clone_e2e) && !clientTrack_partitionswitchEgress_update_ipmac_srcport_tbl.hit) && !clientTrack_p4b_recirculate) && 5008bv16 == clientTrack_hdr.udp_hdr.dstPort) && clientTrack_partitionswitchIngress_poweroftwochoice_tbl.action_run == clientTrack_partitionswitchIngress_poweroftwochoice_tbl.action.partitionswitchIngress_update_spine_load) && 1bv16 != clientTrack_hdr.op_hdr.optype) && 4105bv16 == io_hdr.op_hdr.optype) && 9bv16 != clientTrack_hdr.op_hdr.optype) && clientTrack_hdr.ethernet_hdr.etherType == 2048bv16) && clientTrack_isValid[clientTrack_hdr.op_hdr]) && io_hdr.ipv4_hdr.protocol == 17bv8) && 5008bv16 == io_hdr.udp_hdr.dstPort) && 17bv8 == clientTrack_hdr.ipv4_hdr.protocol) && 48bv16 != clientTrack_hdr.op_hdr.optype) && 0bv32 == clientTrack_hdr.ipv4_hdr.dstAddr) && io_hdr.ipv4_hdr.dstAddr == 0bv32) && ((!dsl_pump_mode && 0bv32 != add.bv32(1bv32, clientTrack_partitionswitchIngress_spineload_reg[3bv32])) || (dsl_pump_mode && 0bv32 == add.bv32(1bv32, clientTrack_partitionswitchIngress_spineload_reg[3bv32])))) && !clientTrack_p4b_clone_i2e) && io_hdr.ethernet_hdr.etherType == 2048bv16)) || (((clientTrack_partitionswitchIngress_poweroftwochoice_tbl.action_run == clientTrack_partitionswitchIngress_poweroftwochoice_tbl.action.partitionswitchIngress_update_spine_load && (((((((((((((((8201bv16 == io_hdr.op_hdr.optype && !clientTrack_p4b_clone_i2i) && 8201bv16 == clientTrack_hdr.op_hdr.optype) && !clientTrack_p4b_clone_e2e) && !clientTrack_partitionswitchEgress_update_ipmac_srcport_tbl.hit) && !clientTrack_p4b_recirculate) && 5008bv16 == clientTrack_hdr.udp_hdr.dstPort) && clientTrack_hdr.ethernet_hdr.etherType == 2048bv16) && clientTrack_isValid[clientTrack_hdr.op_hdr]) && io_hdr.ipv4_hdr.protocol == 17bv8) && 5008bv16 == io_hdr.udp_hdr.dstPort) && 17bv8 == clientTrack_hdr.ipv4_hdr.protocol) && ((!dsl_pump_mode && 0bv32 != add.bv32(1bv32, clientTrack_partitionswitchIngress_spineload_reg[3bv32])) || (dsl_pump_mode && 0bv32 == add.bv32(1bv32, clientTrack_partitionswitchIngress_spineload_reg[3bv32])))) && !clientTrack_p4b_clone_i2e) && io_hdr.ethernet_hdr.etherType == 2048bv16) || ((((((((((((((8201bv16 == io_hdr.op_hdr.optype && !clientTrack_p4b_clone_i2i) && 8201bv16 == clientTrack_hdr.op_hdr.optype) && !clientTrack_p4b_clone_e2e) && !clientTrack_p4b_recirculate) && 5008bv16 == clientTrack_hdr.udp_hdr.dstPort) && clientTrack_hdr.ethernet_hdr.etherType == 2048bv16) && clientTrack_isValid[clientTrack_hdr.op_hdr]) && io_hdr.ipv4_hdr.protocol == 17bv8) && 1bv9 == clientTrack_standard_metadata.egress_port) && 5008bv16 == io_hdr.udp_hdr.dstPort) && 17bv8 == clientTrack_hdr.ipv4_hdr.protocol) && ((!dsl_pump_mode && 0bv32 != add.bv32(1bv32, clientTrack_partitionswitchIngress_spineload_reg[3bv32])) || (dsl_pump_mode && 0bv32 == add.bv32(1bv32, clientTrack_partitionswitchIngress_spineload_reg[3bv32])))) && !clientTrack_p4b_clone_i2e) && io_hdr.ethernet_hdr.etherType == 2048bv16))) && 0bv32 == clientTrack_hdr.ipv4_hdr.dstAddr) && io_hdr.ipv4_hdr.dstAddr == 0bv32)) && (((((((((3bv16 != io_meta.spineswitchidx || dsl_suffix_sent) || 3bv9 != clientTrack_partitionswitchIngress_hash_spine_partition_tbl.partitionswitchIngress_hash_spine_partition.eport_4) || 0bv32 != add.bv32(1bv32, clientTrack_partitionswitchIngress_spineload_reg[3bv32])) || 4105bv16 != clientTrack_hdr.op_hdr.optype) || !bule.bv16(clientTrack_meta.hashval_for_spine_partition, 15bv16)) || 3bv16 == clientTrack_meta.spineswitchidx) || !bule.bv16(clientTrack_meta.hashval_for_partition, 15bv16)) || 0bv32 != clientTrack_hdr.ipv4_hdr.dstAddr) || 3bv16 != old_clientTrack_meta.spineswitchidx_)). Ensures: (((((((((((((((((((((((((!clientTrack_p4b_clone_i2i && !clientTrack_p4b_clone_e2e) && 4105bv16 == clientTrack_hdr.op_hdr.optype) && dsl_pump_mode) && !clientTrack_p4b_recirculate) && 5008bv16 == clientTrack_hdr.udp_hdr.dstPort) && bule.bv16(clientTrack_meta.hashval_for_spine_partition, 15bv16)) && 4105bv16 == io_hdr.op_hdr.optype) && 0bv32 == add.bv32(1bv32, clientTrack_partitionswitchIngress_spineload_reg[3bv32])) && bule.bv16(clientTrack_meta.hashval_for_partition, 15bv16)) && !dsl_suffix_sent) && clientTrack_hdr.ethernet_hdr.etherType == 2048bv16) && clientTrack_isValid[clientTrack_hdr.op_hdr]) && io_hdr.ipv4_hdr.protocol == 17bv8) && 3bv9 == clientTrack_partitionswitchIngress_hash_spine_partition_tbl.partitionswitchIngress_hash_spine_partition.eport_4) && 3bv16 == old(clientTrack_meta.spineswitchidx)) && 5008bv16 == io_hdr.udp_hdr.dstPort) && 3bv16 == io_meta.spineswitchidx) && 17bv8 == clientTrack_hdr.ipv4_hdr.protocol) && 0bv32 == clientTrack_hdr.ipv4_hdr.dstAddr) && io_hdr.ipv4_hdr.dstAddr == 0bv32) && !clientTrack_p4b_clone_i2e) && io_hdr.ethernet_hdr.etherType == 2048bv16) || ((((((((((((((((((!clientTrack_p4b_clone_i2i && !clientTrack_p4b_clone_e2e) && !clientTrack_p4b_recirculate) && 5008bv16 == clientTrack_hdr.udp_hdr.dstPort) && clientTrack_partitionswitchIngress_poweroftwochoice_tbl.action_run == clientTrack_partitionswitchIngress_poweroftwochoice_tbl.action.partitionswitchIngress_update_spine_load) && 1bv16 != clientTrack_hdr.op_hdr.optype) && 4105bv16 == io_hdr.op_hdr.optype) && 9bv16 != clientTrack_hdr.op_hdr.optype) && clientTrack_hdr.ethernet_hdr.etherType == 2048bv16) && clientTrack_isValid[clientTrack_hdr.op_hdr]) && io_hdr.ipv4_hdr.protocol == 17bv8) && 1bv9 == clientTrack_standard_metadata.egress_port) && 5008bv16 == io_hdr.udp_hdr.dstPort) && 17bv8 == clientTrack_hdr.ipv4_hdr.protocol) && 48bv16 != clientTrack_hdr.op_hdr.optype) && io_hdr.ipv4_hdr.dstAddr == 0bv32) && ((!dsl_pump_mode && 0bv32 != add.bv32(1bv32, clientTrack_partitionswitchIngress_spineload_reg[3bv32])) || (dsl_pump_mode && 0bv32 == add.bv32(1bv32, clientTrack_partitionswitchIngress_spineload_reg[3bv32])))) && !clientTrack_p4b_clone_i2e) && io_hdr.ethernet_hdr.etherType == 2048bv16)) || (((((((((((((((((((!clientTrack_p4b_clone_i2i && !clientTrack_p4b_clone_e2e) && !clientTrack_partitionswitchEgress_update_ipmac_srcport_tbl.hit) && !clientTrack_p4b_recirculate) && 5008bv16 == clientTrack_hdr.udp_hdr.dstPort) && clientTrack_partitionswitchIngress_poweroftwochoice_tbl.action_run == clientTrack_partitionswitchIngress_poweroftwochoice_tbl.action.partitionswitchIngress_update_spine_load) && 1bv16 != clientTrack_hdr.op_hdr.optype) && 4105bv16 == io_hdr.op_hdr.optype) && 9bv16 != clientTrack_hdr.op_hdr.optype) && clientTrack_hdr.ethernet_hdr.etherType == 2048bv16) && clientTrack_isValid[clientTrack_hdr.op_hdr]) && io_hdr.ipv4_hdr.protocol == 17bv8) && 5008bv16 == io_hdr.udp_hdr.dstPort) && 17bv8 == clientTrack_hdr.ipv4_hdr.protocol) && 48bv16 != clientTrack_hdr.op_hdr.optype) && 0bv32 == clientTrack_hdr.ipv4_hdr.dstAddr) && io_hdr.ipv4_hdr.dstAddr == 0bv32) && ((!dsl_pump_mode && 0bv32 != add.bv32(1bv32, clientTrack_partitionswitchIngress_spineload_reg[3bv32])) || (dsl_pump_mode && 0bv32 == add.bv32(1bv32, clientTrack_partitionswitchIngress_spineload_reg[3bv32])))) && !clientTrack_p4b_clone_i2e) && io_hdr.ethernet_hdr.etherType == 2048bv16)) || (((clientTrack_partitionswitchIngress_poweroftwochoice_tbl.action_run == clientTrack_partitionswitchIngress_poweroftwochoice_tbl.action.partitionswitchIngress_update_spine_load && (((((((((((((((8201bv16 == io_hdr.op_hdr.optype && !clientTrack_p4b_clone_i2i) && 8201bv16 == clientTrack_hdr.op_hdr.optype) && !clientTrack_p4b_clone_e2e) && !clientTrack_partitionswitchEgress_update_ipmac_srcport_tbl.hit) && !clientTrack_p4b_recirculate) && 5008bv16 == clientTrack_hdr.udp_hdr.dstPort) && clientTrack_hdr.ethernet_hdr.etherType == 2048bv16) && clientTrack_isValid[clientTrack_hdr.op_hdr]) && io_hdr.ipv4_hdr.protocol == 17bv8) && 5008bv16 == io_hdr.udp_hdr.dstPort) && 17bv8 == clientTrack_hdr.ipv4_hdr.protocol) && ((!dsl_pump_mode && 0bv32 != add.bv32(1bv32, clientTrack_partitionswitchIngress_spineload_reg[3bv32])) || (dsl_pump_mode && 0bv32 == add.bv32(1bv32, clientTrack_partitionswitchIngress_spineload_reg[3bv32])))) && !clientTrack_p4b_clone_i2e) && io_hdr.ethernet_hdr.etherType == 2048bv16) || ((((((((((((((8201bv16 == io_hdr.op_hdr.optype && !clientTrack_p4b_clone_i2i) && 8201bv16 == clientTrack_hdr.op_hdr.optype) && !clientTrack_p4b_clone_e2e) && !clientTrack_p4b_recirculate) && 5008bv16 == clientTrack_hdr.udp_hdr.dstPort) && clientTrack_hdr.ethernet_hdr.etherType == 2048bv16) && clientTrack_isValid[clientTrack_hdr.op_hdr]) && io_hdr.ipv4_hdr.protocol == 17bv8) && 1bv9 == clientTrack_standard_metadata.egress_port) && 5008bv16 == io_hdr.udp_hdr.dstPort) && 17bv8 == clientTrack_hdr.ipv4_hdr.protocol) && ((!dsl_pump_mode && 0bv32 != add.bv32(1bv32, clientTrack_partitionswitchIngress_spineload_reg[3bv32])) || (dsl_pump_mode && 0bv32 == add.bv32(1bv32, clientTrack_partitionswitchIngress_spineload_reg[3bv32])))) && !clientTrack_p4b_clone_i2e) && io_hdr.ethernet_hdr.etherType == 2048bv16))) && 0bv32 == clientTrack_hdr.ipv4_hdr.dstAddr) && io_hdr.ipv4_hdr.dstAddr == 0bv32)) && (((((((((3bv16 != io_meta.spineswitchidx || dsl_suffix_sent) || 3bv9 != clientTrack_partitionswitchIngress_hash_spine_partition_tbl.partitionswitchIngress_hash_spine_partition.eport_4) || 0bv32 != add.bv32(1bv32, clientTrack_partitionswitchIngress_spineload_reg[3bv32])) || 4105bv16 != clientTrack_hdr.op_hdr.optype) || !bule.bv16(clientTrack_meta.hashval_for_spine_partition, 15bv16)) || !bule.bv16(clientTrack_meta.hashval_for_partition, 15bv16)) || 0bv7 ++ clientTrack_eport_4 == clientTrack_meta.spineswitchidx) || 0bv32 != clientTrack_hdr.ipv4_hdr.dstAddr) || 3bv16 != old(clientTrack_meta.spineswitchidx)). Modifies: [clientTrack_meta.spineswitchidx].
  - ProcedureContractResult [Line: 634]: Procedure Contract for clientTrack_partitionswitchIngress_hash_leaf_partition
    Derived contract for procedure clientTrack_partitionswitchIngress_hash_leaf_partition. Requires: ((((((((((((((((((((8201bv16 == io_hdr.op_hdr.optype && !clientTrack_p4b_clone_i2i) && 8201bv16 == clientTrack_hdr.op_hdr.optype) && !clientTrack_p4b_clone_e2e) && !clientTrack_p4b_recirculate) && 5008bv16 == clientTrack_hdr.udp_hdr.dstPort) && clientTrack_partitionswitchIngress_poweroftwochoice_tbl.action_run == clientTrack_partitionswitchIngress_poweroftwochoice_tbl.action.partitionswitchIngress_update_spine_load) && clientTrack_hdr.ethernet_hdr.etherType == 2048bv16) && clientTrack_isValid[clientTrack_hdr.op_hdr]) && io_hdr.ipv4_hdr.protocol == 17bv8) && 1bv9 == clientTrack_standard_metadata.egress_port) && 5008bv16 == io_hdr.udp_hdr.dstPort) && 17bv8 == clientTrack_hdr.ipv4_hdr.protocol) && 0bv32 == clientTrack_hdr.ipv4_hdr.dstAddr) && io_hdr.ipv4_hdr.dstAddr == 0bv32) && ((!dsl_pump_mode && 0bv32 != add.bv32(1bv32, clientTrack_partitionswitchIngress_spineload_reg[3bv32])) || (dsl_pump_mode && 0bv32 == add.bv32(1bv32, clientTrack_partitionswitchIngress_spineload_reg[3bv32])))) && !clientTrack_p4b_clone_i2e) && io_hdr.ethernet_hdr.etherType == 2048bv16) || ((((((((((((((((((!clientTrack_p4b_clone_i2i && !clientTrack_p4b_clone_e2e) && !clientTrack_p4b_recirculate) && 5008bv16 == clientTrack_hdr.udp_hdr.dstPort) && clientTrack_partitionswitchIngress_poweroftwochoice_tbl.action_run == clientTrack_partitionswitchIngress_poweroftwochoice_tbl.action.partitionswitchIngress_update_spine_load) && 1bv16 != clientTrack_hdr.op_hdr.optype) && 4105bv16 == io_hdr.op_hdr.optype) && 9bv16 != clientTrack_hdr.op_hdr.optype) && clientTrack_hdr.ethernet_hdr.etherType == 2048bv16) && clientTrack_isValid[clientTrack_hdr.op_hdr]) && io_hdr.ipv4_hdr.protocol == 17bv8) && 1bv9 == clientTrack_standard_metadata.egress_port) && 5008bv16 == io_hdr.udp_hdr.dstPort) && 17bv8 == clientTrack_hdr.ipv4_hdr.protocol) && 48bv16 != clientTrack_hdr.op_hdr.optype) && io_hdr.ipv4_hdr.dstAddr == 0bv32) && ((!dsl_pump_mode && 0bv32 != add.bv32(1bv32, clientTrack_partitionswitchIngress_spineload_reg[3bv32])) || (dsl_pump_mode && 0bv32 == add.bv32(1bv32, clientTrack_partitionswitchIngress_spineload_reg[3bv32])))) && !clientTrack_p4b_clone_i2e) && io_hdr.ethernet_hdr.etherType == 2048bv16)) || (((((((((((((((((8201bv16 == io_hdr.op_hdr.optype && !clientTrack_p4b_clone_i2i) && 8201bv16 == clientTrack_hdr.op_hdr.optype) && !clientTrack_p4b_clone_e2e) && !clientTrack_partitionswitchEgress_update_ipmac_srcport_tbl.hit) && !clientTrack_p4b_recirculate) && 5008bv16 == clientTrack_hdr.udp_hdr.dstPort) && clientTrack_partitionswitchIngress_poweroftwochoice_tbl.action_run == clientTrack_partitionswitchIngress_poweroftwochoice_tbl.action.partitionswitchIngress_update_spine_load) && clientTrack_hdr.ethernet_hdr.etherType == 2048bv16) && clientTrack_isValid[clientTrack_hdr.op_hdr]) && io_hdr.ipv4_hdr.protocol == 17bv8) && 5008bv16 == io_hdr.udp_hdr.dstPort) && 17bv8 == clientTrack_hdr.ipv4_hdr.protocol) && 0bv32 == clientTrack_hdr.ipv4_hdr.dstAddr) && io_hdr.ipv4_hdr.dstAddr == 0bv32) && ((!dsl_pump_mode && 0bv32 != add.bv32(1bv32, clientTrack_partitionswitchIngress_spineload_reg[3bv32])) || (dsl_pump_mode && 0bv32 == add.bv32(1bv32, clientTrack_partitionswitchIngress_spineload_reg[3bv32])))) && !clientTrack_p4b_clone_i2e) && io_hdr.ethernet_hdr.etherType == 2048bv16)) || (((((((((((((((((((!clientTrack_p4b_clone_i2i && !clientTrack_p4b_clone_e2e) && !clientTrack_partitionswitchEgress_update_ipmac_srcport_tbl.hit) && !clientTrack_p4b_recirculate) && 5008bv16 == clientTrack_hdr.udp_hdr.dstPort) && clientTrack_partitionswitchIngress_poweroftwochoice_tbl.action_run == clientTrack_partitionswitchIngress_poweroftwochoice_tbl.action.partitionswitchIngress_update_spine_load) && 1bv16 != clientTrack_hdr.op_hdr.optype) && 4105bv16 == io_hdr.op_hdr.optype) && 9bv16 != clientTrack_hdr.op_hdr.optype) && clientTrack_hdr.ethernet_hdr.etherType == 2048bv16) && clientTrack_isValid[clientTrack_hdr.op_hdr]) && io_hdr.ipv4_hdr.protocol == 17bv8) && 5008bv16 == io_hdr.udp_hdr.dstPort) && 17bv8 == clientTrack_hdr.ipv4_hdr.protocol) && 48bv16 != clientTrack_hdr.op_hdr.optype) && 0bv32 == clientTrack_hdr.ipv4_hdr.dstAddr) && io_hdr.ipv4_hdr.dstAddr == 0bv32) && ((!dsl_pump_mode && 0bv32 != add.bv32(1bv32, clientTrack_partitionswitchIngress_spineload_reg[3bv32])) || (dsl_pump_mode && 0bv32 == add.bv32(1bv32, clientTrack_partitionswitchIngress_spineload_reg[3bv32])))) && !clientTrack_p4b_clone_i2e) && io_hdr.ethernet_hdr.etherType == 2048bv16)) || (((((((((((((((((((((!clientTrack_p4b_clone_i2i && !clientTrack_p4b_clone_e2e) && 4105bv16 == clientTrack_hdr.op_hdr.optype) && dsl_pump_mode) && !clientTrack_p4b_recirculate) && 5008bv16 == clientTrack_hdr.udp_hdr.dstPort) && bule.bv16(clientTrack_meta.hashval_for_spine_partition, 15bv16)) && 4105bv16 == io_hdr.op_hdr.optype) && 0bv32 == add.bv32(1bv32, clientTrack_partitionswitchIngress_spineload_reg[3bv32])) && bule.bv16(clientTrack_meta.hashval_for_partition, 15bv16)) && !dsl_suffix_sent) && clientTrack_hdr.ethernet_hdr.etherType == 2048bv16) && clientTrack_isValid[clientTrack_hdr.op_hdr]) && io_hdr.ipv4_hdr.protocol == 17bv8) && 3bv16 == clientTrack_meta.spineswitchidx) && 5008bv16 == io_hdr.udp_hdr.dstPort) && 3bv16 == io_meta.spineswitchidx) && 17bv8 == clientTrack_hdr.ipv4_hdr.protocol) && 0bv32 == clientTrack_hdr.ipv4_hdr.dstAddr) && io_hdr.ipv4_hdr.dstAddr == 0bv32) && !clientTrack_p4b_clone_i2e) && io_hdr.ethernet_hdr.etherType == 2048bv16). Ensures: ((((((((((((((((((((8201bv16 == io_hdr.op_hdr.optype && !clientTrack_p4b_clone_i2i) && 8201bv16 == clientTrack_hdr.op_hdr.optype) && !clientTrack_p4b_clone_e2e) && !clientTrack_p4b_recirculate) && 5008bv16 == clientTrack_hdr.udp_hdr.dstPort) && clientTrack_partitionswitchIngress_poweroftwochoice_tbl.action_run == clientTrack_partitionswitchIngress_poweroftwochoice_tbl.action.partitionswitchIngress_update_spine_load) && clientTrack_hdr.ethernet_hdr.etherType == 2048bv16) && clientTrack_isValid[clientTrack_hdr.op_hdr]) && io_hdr.ipv4_hdr.protocol == 17bv8) && 1bv9 == clientTrack_standard_metadata.egress_port) && 5008bv16 == io_hdr.udp_hdr.dstPort) && 17bv8 == clientTrack_hdr.ipv4_hdr.protocol) && 0bv32 == clientTrack_hdr.ipv4_hdr.dstAddr) && io_hdr.ipv4_hdr.dstAddr == 0bv32) && ((!dsl_pump_mode && 0bv32 != add.bv32(1bv32, clientTrack_partitionswitchIngress_spineload_reg[3bv32])) || (dsl_pump_mode && 0bv32 == add.bv32(1bv32, clientTrack_partitionswitchIngress_spineload_reg[3bv32])))) && !clientTrack_p4b_clone_i2e) && io_hdr.ethernet_hdr.etherType == 2048bv16) || ((((((((((((((((((!clientTrack_p4b_clone_i2i && !clientTrack_p4b_clone_e2e) && !clientTrack_p4b_recirculate) && 5008bv16 == clientTrack_hdr.udp_hdr.dstPort) && clientTrack_partitionswitchIngress_poweroftwochoice_tbl.action_run == clientTrack_partitionswitchIngress_poweroftwochoice_tbl.action.partitionswitchIngress_update_spine_load) && 1bv16 != clientTrack_hdr.op_hdr.optype) && 4105bv16 == io_hdr.op_hdr.optype) && 9bv16 != clientTrack_hdr.op_hdr.optype) && clientTrack_hdr.ethernet_hdr.etherType == 2048bv16) && clientTrack_isValid[clientTrack_hdr.op_hdr]) && io_hdr.ipv4_hdr.protocol == 17bv8) && 1bv9 == clientTrack_standard_metadata.egress_port) && 5008bv16 == io_hdr.udp_hdr.dstPort) && 17bv8 == clientTrack_hdr.ipv4_hdr.protocol) && 48bv16 != clientTrack_hdr.op_hdr.optype) && io_hdr.ipv4_hdr.dstAddr == 0bv32) && ((!dsl_pump_mode && 0bv32 != add.bv32(1bv32, clientTrack_partitionswitchIngress_spineload_reg[3bv32])) || (dsl_pump_mode && 0bv32 == add.bv32(1bv32, clientTrack_partitionswitchIngress_spineload_reg[3bv32])))) && !clientTrack_p4b_clone_i2e) && io_hdr.ethernet_hdr.etherType == 2048bv16)) || (((((((((((((((((8201bv16 == io_hdr.op_hdr.optype && !clientTrack_p4b_clone_i2i) && 8201bv16 == clientTrack_hdr.op_hdr.optype) && !clientTrack_p4b_clone_e2e) && !clientTrack_partitionswitchEgress_update_ipmac_srcport_tbl.hit) && !clientTrack_p4b_recirculate) && 5008bv16 == clientTrack_hdr.udp_hdr.dstPort) && clientTrack_partitionswitchIngress_poweroftwochoice_tbl.action_run == clientTrack_partitionswitchIngress_poweroftwochoice_tbl.action.partitionswitchIngress_update_spine_load) && clientTrack_hdr.ethernet_hdr.etherType == 2048bv16) && clientTrack_isValid[clientTrack_hdr.op_hdr]) && io_hdr.ipv4_hdr.protocol == 17bv8) && 5008bv16 == io_hdr.udp_hdr.dstPort) && 17bv8 == clientTrack_hdr.ipv4_hdr.protocol) && 0bv32 == clientTrack_hdr.ipv4_hdr.dstAddr) && io_hdr.ipv4_hdr.dstAddr == 0bv32) && ((!dsl_pump_mode && 0bv32 != add.bv32(1bv32, clientTrack_partitionswitchIngress_spineload_reg[3bv32])) || (dsl_pump_mode && 0bv32 == add.bv32(1bv32, clientTrack_partitionswitchIngress_spineload_reg[3bv32])))) && !clientTrack_p4b_clone_i2e) && io_hdr.ethernet_hdr.etherType == 2048bv16)) || (((((((((((((((((((!clientTrack_p4b_clone_i2i && !clientTrack_p4b_clone_e2e) && !clientTrack_partitionswitchEgress_update_ipmac_srcport_tbl.hit) && !clientTrack_p4b_recirculate) && 5008bv16 == clientTrack_hdr.udp_hdr.dstPort) && clientTrack_partitionswitchIngress_poweroftwochoice_tbl.action_run == clientTrack_partitionswitchIngress_poweroftwochoice_tbl.action.partitionswitchIngress_update_spine_load) && 1bv16 != clientTrack_hdr.op_hdr.optype) && 4105bv16 == io_hdr.op_hdr.optype) && 9bv16 != clientTrack_hdr.op_hdr.optype) && clientTrack_hdr.ethernet_hdr.etherType == 2048bv16) && clientTrack_isValid[clientTrack_hdr.op_hdr]) && io_hdr.ipv4_hdr.protocol == 17bv8) && 5008bv16 == io_hdr.udp_hdr.dstPort) && 17bv8 == clientTrack_hdr.ipv4_hdr.protocol) && 48bv16 != clientTrack_hdr.op_hdr.optype) && 0bv32 == clientTrack_hdr.ipv4_hdr.dstAddr) && io_hdr.ipv4_hdr.dstAddr == 0bv32) && ((!dsl_pump_mode && 0bv32 != add.bv32(1bv32, clientTrack_partitionswitchIngress_spineload_reg[3bv32])) || (dsl_pump_mode && 0bv32 == add.bv32(1bv32, clientTrack_partitionswitchIngress_spineload_reg[3bv32])))) && !clientTrack_p4b_clone_i2e) && io_hdr.ethernet_hdr.etherType == 2048bv16)) || (((((((((((((((((((((!clientTrack_p4b_clone_i2i && !clientTrack_p4b_clone_e2e) && 4105bv16 == clientTrack_hdr.op_hdr.optype) && dsl_pump_mode) && !clientTrack_p4b_recirculate) && 5008bv16 == clientTrack_hdr.udp_hdr.dstPort) && bule.bv16(clientTrack_meta.hashval_for_spine_partition, 15bv16)) && 4105bv16 == io_hdr.op_hdr.optype) && 0bv32 == add.bv32(1bv32, clientTrack_partitionswitchIngress_spineload_reg[3bv32])) && bule.bv16(clientTrack_meta.hashval_for_partition, 15bv16)) && !dsl_suffix_sent) && clientTrack_hdr.ethernet_hdr.etherType == 2048bv16) && clientTrack_isValid[clientTrack_hdr.op_hdr]) && io_hdr.ipv4_hdr.protocol == 17bv8) && 3bv16 == clientTrack_meta.spineswitchidx) && 5008bv16 == io_hdr.udp_hdr.dstPort) && 3bv16 == io_meta.spineswitchidx) && 17bv8 == clientTrack_hdr.ipv4_hdr.protocol) && 0bv32 == clientTrack_hdr.ipv4_hdr.dstAddr) && io_hdr.ipv4_hdr.dstAddr == 0bv32) && !clientTrack_p4b_clone_i2e) && io_hdr.ethernet_hdr.etherType == 2048bv16). Modifies: [clientTrack_meta.leafswitchidx].
  - ProcedureContractResult [Line: 1260]: Procedure Contract for clientTrack_Forward
    Derived contract for procedure clientTrack_Forward. Requires: (((clientTrack_partitionswitchIngress_poweroftwochoice_tbl.action_run != clientTrack_partitionswitchIngress_poweroftwochoice_tbl.action.partitionswitchIngress_poweroftwochoice && 0bv32 == clientTrack_hdr.ipv4_hdr.dstAddr) && (((((((((((((((((((((!clientTrack_p4b_clone_i2i && !clientTrack_p4b_clone_e2e) && !clientTrack_partitionswitchEgress_update_ipmac_srcport_tbl.hit) && !clientTrack_p4b_recirculate) && 5008bv16 == clientTrack_hdr.udp_hdr.dstPort) && 1bv16 != clientTrack_hdr.op_hdr.optype) && !clientTrack_partitionswitchIngress_poweroftwochoice_tbl.hit) && 9bv16 != clientTrack_hdr.op_hdr.optype) && clientTrack_hdr.ethernet_hdr.etherType == 2048bv16) && io_hdr.ipv4_hdr.protocol == 17bv8) && 5008bv16 == io_hdr.udp_hdr.dstPort) && 17bv8 == clientTrack_hdr.ipv4_hdr.protocol) && 48bv16 != clientTrack_hdr.op_hdr.optype) && !clientTrack_partitionswitchEgress_eg_port_forward_tbl.hit) && 1bv16 != io_hdr.op_hdr.optype) && ((!dsl_pump_mode && 0bv32 != add.bv32(1bv32, clientTrack_partitionswitchIngress_spineload_reg[3bv32])) || (dsl_pump_mode && 0bv32 == add.bv32(1bv32, clientTrack_partitionswitchIngress_spineload_reg[3bv32])))) && !clientTrack_p4b_clone_i2e) && io_hdr.ethernet_hdr.etherType == 2048bv16) || ((((((((((((((!clientTrack_p4b_clone_i2i && !clientTrack_p4b_clone_e2e) && !clientTrack_partitionswitchEgress_update_ipmac_srcport_tbl.hit) && !clientTrack_partitionswitchIngress_ipv4_forward_tbl.hit) && !clientTrack_p4b_recirculate) && 5008bv16 == clientTrack_hdr.udp_hdr.dstPort) && 512bv16 == clientTrack_hdr.op_hdr.optype) && clientTrack_hdr.ethernet_hdr.etherType == 2048bv16) && io_hdr.ipv4_hdr.protocol == 17bv8) && 5008bv16 == io_hdr.udp_hdr.dstPort) && 17bv8 == clientTrack_hdr.ipv4_hdr.protocol) && 48bv16 == io_hdr.op_hdr.optype) && ((!dsl_pump_mode && 0bv32 != add.bv32(1bv32, clientTrack_partitionswitchIngress_spineload_reg[3bv32])) || (dsl_pump_mode && 0bv32 == add.bv32(1bv32, clientTrack_partitionswitchIngress_spineload_reg[3bv32])))) && !clientTrack_p4b_clone_i2e) && io_hdr.ethernet_hdr.etherType == 2048bv16)) || ((((((((((((((((!clientTrack_p4b_clone_i2i && !clientTrack_p4b_clone_e2e) && !clientTrack_partitionswitchEgress_update_ipmac_srcport_tbl.hit) && !clientTrack_partitionswitchIngress_ipv4_forward_tbl.hit) && 48bv16 == clientTrack_hdr.op_hdr.optype) && !clientTrack_p4b_recirculate) && 5008bv16 == clientTrack_hdr.udp_hdr.dstPort) && clientTrack_hdr.ethernet_hdr.etherType == 2048bv16) && clientTrack_isValid[clientTrack_hdr.op_hdr]) && io_hdr.ipv4_hdr.protocol == 17bv8) && 5008bv16 == io_hdr.udp_hdr.dstPort) && 17bv8 == clientTrack_hdr.ipv4_hdr.protocol) && !clientTrack_partitionswitchEgress_eg_port_forward_tbl.hit) && 48bv16 == io_hdr.op_hdr.optype) && ((!dsl_pump_mode && 0bv32 != add.bv32(1bv32, clientTrack_partitionswitchIngress_spineload_reg[3bv32])) || (dsl_pump_mode && 0bv32 == add.bv32(1bv32, clientTrack_partitionswitchIngress_spineload_reg[3bv32])))) && !clientTrack_p4b_clone_i2e) && io_hdr.ethernet_hdr.etherType == 2048bv16)) || (((((((((((((((!clientTrack_p4b_clone_i2i && !clientTrack_p4b_clone_e2e) && !clientTrack_partitionswitchEgress_update_ipmac_srcport_tbl.hit) && !clientTrack_p4b_recirculate) && 5008bv16 == clientTrack_hdr.udp_hdr.dstPort) && 1bv16 != clientTrack_hdr.op_hdr.optype) && 4105bv16 == io_hdr.op_hdr.optype) && 0bv9 == clientTrack_standard_metadata.egress_port) && clientTrack_hdr.ethernet_hdr.etherType == 2048bv16) && io_hdr.ipv4_hdr.protocol == 17bv8) && 5008bv16 == io_hdr.udp_hdr.dstPort) && 17bv8 == clientTrack_hdr.ipv4_hdr.protocol) && 48bv16 != clientTrack_hdr.op_hdr.optype) && !clientTrack_partitionswitchEgress_eg_port_forward_tbl.hit) && !clientTrack_p4b_clone_i2e) && io_hdr.ethernet_hdr.etherType == 2048bv16)) || ((((((((((((((((8201bv16 == io_hdr.op_hdr.optype && !clientTrack_p4b_clone_i2i) && !clientTrack_p4b_clone_e2e) && !clientTrack_partitionswitchEgress_update_ipmac_srcport_tbl.hit) && !clientTrack_p4b_recirculate) && 5008bv16 == clientTrack_hdr.udp_hdr.dstPort) && 1bv16 != clientTrack_hdr.op_hdr.optype) && 0bv9 == clientTrack_standard_metadata.egress_port) && clientTrack_hdr.ethernet_hdr.etherType == 2048bv16) && io_hdr.ipv4_hdr.protocol == 17bv8) && 5008bv16 == io_hdr.udp_hdr.dstPort) && 17bv8 == clientTrack_hdr.ipv4_hdr.protocol) && 48bv16 != clientTrack_hdr.op_hdr.optype) && !clientTrack_partitionswitchEgress_eg_port_forward_tbl.hit) && ((!dsl_pump_mode && 0bv32 != add.bv32(1bv32, clientTrack_partitionswitchIngress_spineload_reg[3bv32])) || (dsl_pump_mode && 0bv32 == add.bv32(1bv32, clientTrack_partitionswitchIngress_spineload_reg[3bv32])))) && !clientTrack_p4b_clone_i2e) && io_hdr.ethernet_hdr.etherType == 2048bv16))) && io_hdr.ipv4_hdr.dstAddr == 0bv32) || ((((((((((((((((((((((((!clientTrack_p4b_clone_i2i && !clientTrack_p4b_clone_e2e) && !clientTrack_partitionswitchEgress_update_ipmac_srcport_tbl.hit) && !clientTrack_p4b_recirculate) && 5008bv16 == clientTrack_hdr.udp_hdr.dstPort) && 1bv16 != clientTrack_hdr.op_hdr.optype) && 4105bv16 == io_hdr.op_hdr.optype) && clientTrack_hdr.ethernet_hdr.etherType == 2048bv16) && io_hdr.ipv4_hdr.protocol == 17bv8) && 5008bv16 == io_hdr.udp_hdr.dstPort) && 17bv8 == clientTrack_hdr.ipv4_hdr.protocol) && 48bv16 != clientTrack_hdr.op_hdr.optype) && 0bv9 != clientTrack_standard_metadata.egress_port) && !clientTrack_partitionswitchEgress_eg_port_forward_tbl.hit) && !clientTrack_p4b_clone_i2e) && io_hdr.ethernet_hdr.etherType == 2048bv16) || (((((((((((((((!clientTrack_p4b_clone_i2i && !clientTrack_p4b_clone_e2e) && !clientTrack_partitionswitchEgress_update_ipmac_srcport_tbl.hit) && !clientTrack_partitionswitchIngress_ipv4_forward_tbl.hit) && !clientTrack_p4b_recirculate) && 5008bv16 == clientTrack_hdr.udp_hdr.dstPort) && 512bv16 == clientTrack_hdr.op_hdr.optype) && clientTrack_hdr.ethernet_hdr.etherType == 2048bv16) && io_hdr.ipv4_hdr.protocol == 17bv8) && 5008bv16 == io_hdr.udp_hdr.dstPort) && 17bv8 == clientTrack_hdr.ipv4_hdr.protocol) && 0bv9 != clientTrack_standard_metadata.egress_port) && 48bv16 == io_hdr.op_hdr.optype) && ((!dsl_pump_mode && 0bv32 != add.bv32(1bv32, clientTrack_partitionswitchIngress_spineload_reg[3bv32])) || (dsl_pump_mode && 0bv32 == add.bv32(1bv32, clientTrack_partitionswitchIngress_spineload_reg[3bv32])))) && !clientTrack_p4b_clone_i2e) && io_hdr.ethernet_hdr.etherType == 2048bv16)) || ((1bv16 != clientTrack_hdr.op_hdr.optype && ((((((((((((((((!clientTrack_p4b_clone_i2i && !clientTrack_p4b_clone_e2e) && !clientTrack_p4b_recirculate) && 5008bv16 == clientTrack_hdr.udp_hdr.dstPort) && 4105bv16 == io_hdr.op_hdr.optype) && !clientTrack_partitionswitchIngress_poweroftwochoice_tbl.hit) && clientTrack_hdr.ethernet_hdr.etherType == 2048bv16) && io_hdr.ipv4_hdr.protocol == 17bv8) && 5008bv16 == io_hdr.udp_hdr.dstPort) && 17bv8 == clientTrack_hdr.ipv4_hdr.protocol) && 48bv16 != clientTrack_hdr.op_hdr.optype) && 0bv9 != clientTrack_standard_metadata.egress_port) && !clientTrack_partitionswitchEgress_eg_port_forward_tbl.hit) && !clientTrack_p4b_clone_i2e) && io_hdr.ethernet_hdr.etherType == 2048bv16) || ((((((((((((!clientTrack_p4b_clone_i2i && !clientTrack_p4b_clone_e2e) && !clientTrack_p4b_recirculate) && 5008bv16 == clientTrack_hdr.udp_hdr.dstPort) && 9bv16 != clientTrack_hdr.op_hdr.optype) && clientTrack_hdr.ethernet_hdr.etherType == 2048bv16) && io_hdr.ipv4_hdr.protocol == 17bv8) && 1bv9 == clientTrack_standard_metadata.egress_port) && 5008bv16 == io_hdr.udp_hdr.dstPort) && 17bv8 == clientTrack_hdr.ipv4_hdr.protocol) && !clientTrack_partitionswitchEgress_eg_port_forward_tbl.hit) && !clientTrack_p4b_clone_i2e) && io_hdr.ethernet_hdr.etherType == 2048bv16)) || (((5008bv16 == clientTrack_hdr.udp_hdr.dstPort && 5008bv16 == io_hdr.udp_hdr.dstPort) && 48bv16 != clientTrack_hdr.op_hdr.optype) && (((((((((((!clientTrack_p4b_clone_i2i && !clientTrack_p4b_clone_e2e) && !clientTrack_p4b_recirculate) && 9bv16 != clientTrack_hdr.op_hdr.optype) && clientTrack_hdr.ethernet_hdr.etherType == 2048bv16) && io_hdr.ipv4_hdr.protocol == 17bv8) && 17bv8 == clientTrack_hdr.ipv4_hdr.protocol) && 0bv9 != clientTrack_standard_metadata.egress_port) && !clientTrack_partitionswitchEgress_eg_port_forward_tbl.hit) && !clientTrack_p4b_clone_i2e) && io_hdr.ethernet_hdr.etherType == 2048bv16) || (((((((((!clientTrack_p4b_clone_i2i && !clientTrack_p4b_clone_e2e) && !clientTrack_p4b_recirculate) && 512bv16 == clientTrack_hdr.op_hdr.optype) && clientTrack_hdr.ethernet_hdr.etherType == 2048bv16) && io_hdr.ipv4_hdr.protocol == 17bv8) && 1bv9 == clientTrack_standard_metadata.egress_port) && 17bv8 == clientTrack_hdr.ipv4_hdr.protocol) && !clientTrack_p4b_clone_i2e) && io_hdr.ethernet_hdr.etherType == 2048bv16))))) && 1bv16 != io_hdr.op_hdr.optype)) || ((((((((((((((8201bv16 == io_hdr.op_hdr.optype && !clientTrack_p4b_clone_i2i) && !clientTrack_p4b_clone_e2e) && !clientTrack_p4b_recirculate) && 5008bv16 == clientTrack_hdr.udp_hdr.dstPort) && 1bv16 != clientTrack_hdr.op_hdr.optype) && clientTrack_hdr.ethernet_hdr.etherType == 2048bv16) && io_hdr.ipv4_hdr.protocol == 17bv8) && 1bv9 == clientTrack_standard_metadata.egress_port) && 5008bv16 == io_hdr.udp_hdr.dstPort) && 17bv8 == clientTrack_hdr.ipv4_hdr.protocol) && !clientTrack_partitionswitchEgress_eg_port_forward_tbl.hit) && ((!dsl_pump_mode && 0bv32 != add.bv32(1bv32, clientTrack_partitionswitchIngress_spineload_reg[3bv32])) || (dsl_pump_mode && 0bv32 == add.bv32(1bv32, clientTrack_partitionswitchIngress_spineload_reg[3bv32])))) && !clientTrack_p4b_clone_i2e) && io_hdr.ethernet_hdr.etherType == 2048bv16)) || (((((((((((((!clientTrack_p4b_clone_i2i && !clientTrack_p4b_clone_e2e) && !clientTrack_p4b_recirculate) && 5008bv16 == clientTrack_hdr.udp_hdr.dstPort) && 1bv16 != clientTrack_hdr.op_hdr.optype) && 4105bv16 == io_hdr.op_hdr.optype) && clientTrack_hdr.ethernet_hdr.etherType == 2048bv16) && io_hdr.ipv4_hdr.protocol == 17bv8) && 1bv9 == clientTrack_standard_metadata.egress_port) && 5008bv16 == io_hdr.udp_hdr.dstPort) && 17bv8 == clientTrack_hdr.ipv4_hdr.protocol) && !clientTrack_partitionswitchEgress_eg_port_forward_tbl.hit) && !clientTrack_p4b_clone_i2e) && io_hdr.ethernet_hdr.etherType == 2048bv16)) || ((((((((((((((((((!clientTrack_p4b_clone_i2i && !clientTrack_p4b_clone_e2e) && !clientTrack_partitionswitchEgress_update_ipmac_srcport_tbl.hit) && !clientTrack_partitionswitchIngress_ipv4_forward_tbl.hit) && !clientTrack_p4b_recirculate) && 5008bv16 == clientTrack_hdr.udp_hdr.dstPort) && 1bv16 != clientTrack_hdr.op_hdr.optype) && 9bv16 != clientTrack_hdr.op_hdr.optype) && clientTrack_hdr.ethernet_hdr.etherType == 2048bv16) && clientTrack_isValid[clientTrack_hdr.op_hdr]) && io_hdr.ipv4_hdr.protocol == 17bv8) && 5008bv16 == io_hdr.udp_hdr.dstPort) && 17bv8 == clientTrack_hdr.ipv4_hdr.protocol) && 0bv9 != clientTrack_standard_metadata.egress_port) && !clientTrack_partitionswitchEgress_eg_port_forward_tbl.hit) && 48bv16 == io_hdr.op_hdr.optype) && ((!dsl_pump_mode && 0bv32 != add.bv32(1bv32, clientTrack_partitionswitchIngress_spineload_reg[3bv32])) || (dsl_pump_mode && 0bv32 == add.bv32(1bv32, clientTrack_partitionswitchIngress_spineload_reg[3bv32])))) && !clientTrack_p4b_clone_i2e) && io_hdr.ethernet_hdr.etherType == 2048bv16)) || ((((((((((((((8201bv16 == io_hdr.op_hdr.optype && !clientTrack_p4b_clone_i2i) && !clientTrack_p4b_clone_e2e) && !clientTrack_partitionswitchEgress_update_ipmac_srcport_tbl.hit) && !clientTrack_p4b_recirculate) && 5008bv16 == clientTrack_hdr.udp_hdr.dstPort) && 1bv16 != clientTrack_hdr.op_hdr.optype) && clientTrack_hdr.ethernet_hdr.etherType == 2048bv16) && io_hdr.ipv4_hdr.protocol == 17bv8) && 1bv9 == clientTrack_standard_metadata.egress_port) && 5008bv16 == io_hdr.udp_hdr.dstPort) && 17bv8 == clientTrack_hdr.ipv4_hdr.protocol) && !clientTrack_partitionswitchEgress_eg_port_forward_tbl.hit) && !clientTrack_p4b_clone_i2e) && io_hdr.ethernet_hdr.etherType == 2048bv16)) || ((((((((((((((((8201bv16 == io_hdr.op_hdr.optype && !clientTrack_p4b_clone_i2i) && !clientTrack_p4b_clone_e2e) && !clientTrack_partitionswitchEgress_update_ipmac_srcport_tbl.hit) && !clientTrack_p4b_recirculate) && 5008bv16 == clientTrack_hdr.udp_hdr.dstPort) && 1bv16 != clientTrack_hdr.op_hdr.optype) && clientTrack_hdr.ethernet_hdr.etherType == 2048bv16) && io_hdr.ipv4_hdr.protocol == 17bv8) && 5008bv16 == io_hdr.udp_hdr.dstPort) && 17bv8 == clientTrack_hdr.ipv4_hdr.protocol) && 48bv16 != clientTrack_hdr.op_hdr.optype) && 0bv9 != clientTrack_standard_metadata.egress_port) && !clientTrack_partitionswitchEgress_eg_port_forward_tbl.hit) && ((!dsl_pump_mode && 0bv32 != add.bv32(1bv32, clientTrack_partitionswitchIngress_spineload_reg[3bv32])) || (dsl_pump_mode && 0bv32 == add.bv32(1bv32, clientTrack_partitionswitchIngress_spineload_reg[3bv32])))) && !clientTrack_p4b_clone_i2e) && io_hdr.ethernet_hdr.etherType == 2048bv16)) && clientTrack_partitionswitchIngress_poweroftwochoice_tbl.action_run != clientTrack_partitionswitchIngress_poweroftwochoice_tbl.action.partitionswitchIngress_poweroftwochoice) && io_hdr.ipv4_hdr.dstAddr == 0bv32). Ensures: (((clientTrack_partitionswitchIngress_poweroftwochoice_tbl.action_run != clientTrack_partitionswitchIngress_poweroftwochoice_tbl.action.partitionswitchIngress_poweroftwochoice && 0bv32 == clientTrack_hdr.ipv4_hdr.dstAddr) && (((((((((((((((((((((!clientTrack_p4b_clone_i2i && !clientTrack_p4b_clone_e2e) && !clientTrack_partitionswitchEgress_update_ipmac_srcport_tbl.hit) && !clientTrack_p4b_recirculate) && 5008bv16 == clientTrack_hdr.udp_hdr.dstPort) && 1bv16 != clientTrack_hdr.op_hdr.optype) && !clientTrack_partitionswitchIngress_poweroftwochoice_tbl.hit) && 9bv16 != clientTrack_hdr.op_hdr.optype) && clientTrack_hdr.ethernet_hdr.etherType == 2048bv16) && io_hdr.ipv4_hdr.protocol == 17bv8) && 5008bv16 == io_hdr.udp_hdr.dstPort) && 17bv8 == clientTrack_hdr.ipv4_hdr.protocol) && 48bv16 != clientTrack_hdr.op_hdr.optype) && !clientTrack_partitionswitchEgress_eg_port_forward_tbl.hit) && 1bv16 != io_hdr.op_hdr.optype) && ((!dsl_pump_mode && 0bv32 != add.bv32(1bv32, clientTrack_partitionswitchIngress_spineload_reg[3bv32])) || (dsl_pump_mode && 0bv32 == add.bv32(1bv32, clientTrack_partitionswitchIngress_spineload_reg[3bv32])))) && !clientTrack_p4b_clone_i2e) && io_hdr.ethernet_hdr.etherType == 2048bv16) || ((((((((((((((!clientTrack_p4b_clone_i2i && !clientTrack_p4b_clone_e2e) && !clientTrack_partitionswitchEgress_update_ipmac_srcport_tbl.hit) && !clientTrack_partitionswitchIngress_ipv4_forward_tbl.hit) && !clientTrack_p4b_recirculate) && 5008bv16 == clientTrack_hdr.udp_hdr.dstPort) && 512bv16 == clientTrack_hdr.op_hdr.optype) && clientTrack_hdr.ethernet_hdr.etherType == 2048bv16) && io_hdr.ipv4_hdr.protocol == 17bv8) && 5008bv16 == io_hdr.udp_hdr.dstPort) && 17bv8 == clientTrack_hdr.ipv4_hdr.protocol) && 48bv16 == io_hdr.op_hdr.optype) && ((!dsl_pump_mode && 0bv32 != add.bv32(1bv32, clientTrack_partitionswitchIngress_spineload_reg[3bv32])) || (dsl_pump_mode && 0bv32 == add.bv32(1bv32, clientTrack_partitionswitchIngress_spineload_reg[3bv32])))) && !clientTrack_p4b_clone_i2e) && io_hdr.ethernet_hdr.etherType == 2048bv16)) || ((((((((((((((((!clientTrack_p4b_clone_i2i && !clientTrack_p4b_clone_e2e) && !clientTrack_partitionswitchEgress_update_ipmac_srcport_tbl.hit) && !clientTrack_partitionswitchIngress_ipv4_forward_tbl.hit) && 48bv16 == clientTrack_hdr.op_hdr.optype) && !clientTrack_p4b_recirculate) && 5008bv16 == clientTrack_hdr.udp_hdr.dstPort) && clientTrack_hdr.ethernet_hdr.etherType == 2048bv16) && clientTrack_isValid[clientTrack_hdr.op_hdr]) && io_hdr.ipv4_hdr.protocol == 17bv8) && 5008bv16 == io_hdr.udp_hdr.dstPort) && 17bv8 == clientTrack_hdr.ipv4_hdr.protocol) && !clientTrack_partitionswitchEgress_eg_port_forward_tbl.hit) && 48bv16 == io_hdr.op_hdr.optype) && ((!dsl_pump_mode && 0bv32 != add.bv32(1bv32, clientTrack_partitionswitchIngress_spineload_reg[3bv32])) || (dsl_pump_mode && 0bv32 == add.bv32(1bv32, clientTrack_partitionswitchIngress_spineload_reg[3bv32])))) && !clientTrack_p4b_clone_i2e) && io_hdr.ethernet_hdr.etherType == 2048bv16)) || (((((((((((((((!clientTrack_p4b_clone_i2i && !clientTrack_p4b_clone_e2e) && !clientTrack_partitionswitchEgress_update_ipmac_srcport_tbl.hit) && !clientTrack_p4b_recirculate) && 5008bv16 == clientTrack_hdr.udp_hdr.dstPort) && 1bv16 != clientTrack_hdr.op_hdr.optype) && 4105bv16 == io_hdr.op_hdr.optype) && 0bv9 == clientTrack_standard_metadata.egress_port) && clientTrack_hdr.ethernet_hdr.etherType == 2048bv16) && io_hdr.ipv4_hdr.protocol == 17bv8) && 5008bv16 == io_hdr.udp_hdr.dstPort) && 17bv8 == clientTrack_hdr.ipv4_hdr.protocol) && 48bv16 != clientTrack_hdr.op_hdr.optype) && !clientTrack_partitionswitchEgress_eg_port_forward_tbl.hit) && !clientTrack_p4b_clone_i2e) && io_hdr.ethernet_hdr.etherType == 2048bv16)) || ((((((((((((((((8201bv16 == io_hdr.op_hdr.optype && !clientTrack_p4b_clone_i2i) && !clientTrack_p4b_clone_e2e) && !clientTrack_partitionswitchEgress_update_ipmac_srcport_tbl.hit) && !clientTrack_p4b_recirculate) && 5008bv16 == clientTrack_hdr.udp_hdr.dstPort) && 1bv16 != clientTrack_hdr.op_hdr.optype) && 0bv9 == clientTrack_standard_metadata.egress_port) && clientTrack_hdr.ethernet_hdr.etherType == 2048bv16) && io_hdr.ipv4_hdr.protocol == 17bv8) && 5008bv16 == io_hdr.udp_hdr.dstPort) && 17bv8 == clientTrack_hdr.ipv4_hdr.protocol) && 48bv16 != clientTrack_hdr.op_hdr.optype) && !clientTrack_partitionswitchEgress_eg_port_forward_tbl.hit) && ((!dsl_pump_mode && 0bv32 != add.bv32(1bv32, clientTrack_partitionswitchIngress_spineload_reg[3bv32])) || (dsl_pump_mode && 0bv32 == add.bv32(1bv32, clientTrack_partitionswitchIngress_spineload_reg[3bv32])))) && !clientTrack_p4b_clone_i2e) && io_hdr.ethernet_hdr.etherType == 2048bv16))) && io_hdr.ipv4_hdr.dstAddr == 0bv32) || ((((((((((((((((((((((((!clientTrack_p4b_clone_i2i && !clientTrack_p4b_clone_e2e) && !clientTrack_partitionswitchEgress_update_ipmac_srcport_tbl.hit) && !clientTrack_p4b_recirculate) && 5008bv16 == clientTrack_hdr.udp_hdr.dstPort) && 1bv16 != clientTrack_hdr.op_hdr.optype) && 4105bv16 == io_hdr.op_hdr.optype) && clientTrack_hdr.ethernet_hdr.etherType == 2048bv16) && io_hdr.ipv4_hdr.protocol == 17bv8) && 5008bv16 == io_hdr.udp_hdr.dstPort) && 17bv8 == clientTrack_hdr.ipv4_hdr.protocol) && 48bv16 != clientTrack_hdr.op_hdr.optype) && 0bv9 != clientTrack_standard_metadata.egress_port) && !clientTrack_partitionswitchEgress_eg_port_forward_tbl.hit) && !clientTrack_p4b_clone_i2e) && io_hdr.ethernet_hdr.etherType == 2048bv16) || (((((((((((((((!clientTrack_p4b_clone_i2i && !clientTrack_p4b_clone_e2e) && !clientTrack_partitionswitchEgress_update_ipmac_srcport_tbl.hit) && !clientTrack_partitionswitchIngress_ipv4_forward_tbl.hit) && !clientTrack_p4b_recirculate) && 5008bv16 == clientTrack_hdr.udp_hdr.dstPort) && 512bv16 == clientTrack_hdr.op_hdr.optype) && clientTrack_hdr.ethernet_hdr.etherType == 2048bv16) && io_hdr.ipv4_hdr.protocol == 17bv8) && 5008bv16 == io_hdr.udp_hdr.dstPort) && 17bv8 == clientTrack_hdr.ipv4_hdr.protocol) && 0bv9 != clientTrack_standard_metadata.egress_port) && 48bv16 == io_hdr.op_hdr.optype) && ((!dsl_pump_mode && 0bv32 != add.bv32(1bv32, clientTrack_partitionswitchIngress_spineload_reg[3bv32])) || (dsl_pump_mode && 0bv32 == add.bv32(1bv32, clientTrack_partitionswitchIngress_spineload_reg[3bv32])))) && !clientTrack_p4b_clone_i2e) && io_hdr.ethernet_hdr.etherType == 2048bv16)) || ((1bv16 != clientTrack_hdr.op_hdr.optype && ((((((((((((((((!clientTrack_p4b_clone_i2i && !clientTrack_p4b_clone_e2e) && !clientTrack_p4b_recirculate) && 5008bv16 == clientTrack_hdr.udp_hdr.dstPort) && 4105bv16 == io_hdr.op_hdr.optype) && !clientTrack_partitionswitchIngress_poweroftwochoice_tbl.hit) && clientTrack_hdr.ethernet_hdr.etherType == 2048bv16) && io_hdr.ipv4_hdr.protocol == 17bv8) && 5008bv16 == io_hdr.udp_hdr.dstPort) && 17bv8 == clientTrack_hdr.ipv4_hdr.protocol) && 48bv16 != clientTrack_hdr.op_hdr.optype) && 0bv9 != clientTrack_standard_metadata.egress_port) && !clientTrack_partitionswitchEgress_eg_port_forward_tbl.hit) && !clientTrack_p4b_clone_i2e) && io_hdr.ethernet_hdr.etherType == 2048bv16) || ((((((((((((!clientTrack_p4b_clone_i2i && !clientTrack_p4b_clone_e2e) && !clientTrack_p4b_recirculate) && 5008bv16 == clientTrack_hdr.udp_hdr.dstPort) && 9bv16 != clientTrack_hdr.op_hdr.optype) && clientTrack_hdr.ethernet_hdr.etherType == 2048bv16) && io_hdr.ipv4_hdr.protocol == 17bv8) && 1bv9 == clientTrack_standard_metadata.egress_port) && 5008bv16 == io_hdr.udp_hdr.dstPort) && 17bv8 == clientTrack_hdr.ipv4_hdr.protocol) && !clientTrack_partitionswitchEgress_eg_port_forward_tbl.hit) && !clientTrack_p4b_clone_i2e) && io_hdr.ethernet_hdr.etherType == 2048bv16)) || (((5008bv16 == clientTrack_hdr.udp_hdr.dstPort && 5008bv16 == io_hdr.udp_hdr.dstPort) && 48bv16 != clientTrack_hdr.op_hdr.optype) && (((((((((((!clientTrack_p4b_clone_i2i && !clientTrack_p4b_clone_e2e) && !clientTrack_p4b_recirculate) && 9bv16 != clientTrack_hdr.op_hdr.optype) && clientTrack_hdr.ethernet_hdr.etherType == 2048bv16) && io_hdr.ipv4_hdr.protocol == 17bv8) && 17bv8 == clientTrack_hdr.ipv4_hdr.protocol) && 0bv9 != clientTrack_standard_metadata.egress_port) && !clientTrack_partitionswitchEgress_eg_port_forward_tbl.hit) && !clientTrack_p4b_clone_i2e) && io_hdr.ethernet_hdr.etherType == 2048bv16) || (((((((((!clientTrack_p4b_clone_i2i && !clientTrack_p4b_clone_e2e) && !clientTrack_p4b_recirculate) && 512bv16 == clientTrack_hdr.op_hdr.optype) && clientTrack_hdr.ethernet_hdr.etherType == 2048bv16) && io_hdr.ipv4_hdr.protocol == 17bv8) && 1bv9 == clientTrack_standard_metadata.egress_port) && 17bv8 == clientTrack_hdr.ipv4_hdr.protocol) && !clientTrack_p4b_clone_i2e) && io_hdr.ethernet_hdr.etherType == 2048bv16))))) && 1bv16 != io_hdr.op_hdr.optype)) || ((((((((((((((8201bv16 == io_hdr.op_hdr.optype && !clientTrack_p4b_clone_i2i) && !clientTrack_p4b_clone_e2e) && !clientTrack_p4b_recirculate) && 5008bv16 == clientTrack_hdr.udp_hdr.dstPort) && 1bv16 != clientTrack_hdr.op_hdr.optype) && clientTrack_hdr.ethernet_hdr.etherType == 2048bv16) && io_hdr.ipv4_hdr.protocol == 17bv8) && 1bv9 == clientTrack_standard_metadata.egress_port) && 5008bv16 == io_hdr.udp_hdr.dstPort) && 17bv8 == clientTrack_hdr.ipv4_hdr.protocol) && !clientTrack_partitionswitchEgress_eg_port_forward_tbl.hit) && ((!dsl_pump_mode && 0bv32 != add.bv32(1bv32, clientTrack_partitionswitchIngress_spineload_reg[3bv32])) || (dsl_pump_mode && 0bv32 == add.bv32(1bv32, clientTrack_partitionswitchIngress_spineload_reg[3bv32])))) && !clientTrack_p4b_clone_i2e) && io_hdr.ethernet_hdr.etherType == 2048bv16)) || (((((((((((((!clientTrack_p4b_clone_i2i && !clientTrack_p4b_clone_e2e) && !clientTrack_p4b_recirculate) && 5008bv16 == clientTrack_hdr.udp_hdr.dstPort) && 1bv16 != clientTrack_hdr.op_hdr.optype) && 4105bv16 == io_hdr.op_hdr.optype) && clientTrack_hdr.ethernet_hdr.etherType == 2048bv16) && io_hdr.ipv4_hdr.protocol == 17bv8) && 1bv9 == clientTrack_standard_metadata.egress_port) && 5008bv16 == io_hdr.udp_hdr.dstPort) && 17bv8 == clientTrack_hdr.ipv4_hdr.protocol) && !clientTrack_partitionswitchEgress_eg_port_forward_tbl.hit) && !clientTrack_p4b_clone_i2e) && io_hdr.ethernet_hdr.etherType == 2048bv16)) || ((((((((((((((((((!clientTrack_p4b_clone_i2i && !clientTrack_p4b_clone_e2e) && !clientTrack_partitionswitchEgress_update_ipmac_srcport_tbl.hit) && !clientTrack_partitionswitchIngress_ipv4_forward_tbl.hit) && !clientTrack_p4b_recirculate) && 5008bv16 == clientTrack_hdr.udp_hdr.dstPort) && 1bv16 != clientTrack_hdr.op_hdr.optype) && 9bv16 != clientTrack_hdr.op_hdr.optype) && clientTrack_hdr.ethernet_hdr.etherType == 2048bv16) && clientTrack_isValid[clientTrack_hdr.op_hdr]) && io_hdr.ipv4_hdr.protocol == 17bv8) && 5008bv16 == io_hdr.udp_hdr.dstPort) && 17bv8 == clientTrack_hdr.ipv4_hdr.protocol) && 0bv9 != clientTrack_standard_metadata.egress_port) && !clientTrack_partitionswitchEgress_eg_port_forward_tbl.hit) && 48bv16 == io_hdr.op_hdr.optype) && ((!dsl_pump_mode && 0bv32 != add.bv32(1bv32, clientTrack_partitionswitchIngress_spineload_reg[3bv32])) || (dsl_pump_mode && 0bv32 == add.bv32(1bv32, clientTrack_partitionswitchIngress_spineload_reg[3bv32])))) && !clientTrack_p4b_clone_i2e) && io_hdr.ethernet_hdr.etherType == 2048bv16)) || ((((((((((((((8201bv16 == io_hdr.op_hdr.optype && !clientTrack_p4b_clone_i2i) && !clientTrack_p4b_clone_e2e) && !clientTrack_partitionswitchEgress_update_ipmac_srcport_tbl.hit) && !clientTrack_p4b_recirculate) && 5008bv16 == clientTrack_hdr.udp_hdr.dstPort) && 1bv16 != clientTrack_hdr.op_hdr.optype) && clientTrack_hdr.ethernet_hdr.etherType == 2048bv16) && io_hdr.ipv4_hdr.protocol == 17bv8) && 1bv9 == clientTrack_standard_metadata.egress_port) && 5008bv16 == io_hdr.udp_hdr.dstPort) && 17bv8 == clientTrack_hdr.ipv4_hdr.protocol) && !clientTrack_partitionswitchEgress_eg_port_forward_tbl.hit) && !clientTrack_p4b_clone_i2e) && io_hdr.ethernet_hdr.etherType == 2048bv16)) || ((((((((((((((((8201bv16 == io_hdr.op_hdr.optype && !clientTrack_p4b_clone_i2i) && !clientTrack_p4b_clone_e2e) && !clientTrack_partitionswitchEgress_update_ipmac_srcport_tbl.hit) && !clientTrack_p4b_recirculate) && 5008bv16 == clientTrack_hdr.udp_hdr.dstPort) && 1bv16 != clientTrack_hdr.op_hdr.optype) && clientTrack_hdr.ethernet_hdr.etherType == 2048bv16) && io_hdr.ipv4_hdr.protocol == 17bv8) && 5008bv16 == io_hdr.udp_hdr.dstPort) && 17bv8 == clientTrack_hdr.ipv4_hdr.protocol) && 48bv16 != clientTrack_hdr.op_hdr.optype) && 0bv9 != clientTrack_standard_metadata.egress_port) && !clientTrack_partitionswitchEgress_eg_port_forward_tbl.hit) && ((!dsl_pump_mode && 0bv32 != add.bv32(1bv32, clientTrack_partitionswitchIngress_spineload_reg[3bv32])) || (dsl_pump_mode && 0bv32 == add.bv32(1bv32, clientTrack_partitionswitchIngress_spineload_reg[3bv32])))) && !clientTrack_p4b_clone_i2e) && io_hdr.ethernet_hdr.etherType == 2048bv16)) && clientTrack_partitionswitchIngress_poweroftwochoice_tbl.action_run != clientTrack_partitionswitchIngress_poweroftwochoice_tbl.action.partitionswitchIngress_poweroftwochoice) && io_hdr.ipv4_hdr.dstAddr == 0bv32). Modifies: [].
  - ProcedureContractResult [Line: 271]: Procedure Contract for clientTrack_mainProcedure
    Derived contract for procedure clientTrack_mainProcedure. Requires: (exists old(clientTrack_partitionswitchEgress_update_ipmac_srcport_tbl.hit) : bool, old(clientTrack_hdr.ipv4_hdr.dstAddr) : bv32, old(clientTrack_partitionswitchIngress_spineload_reg) : [bv32]bv32, old(clientTrack_p4b_clone_i2i) : bool, old(clientTrack_hdr.op_hdr.optype) : bv16, old(clientTrack_partitionswitchIngress_poweroftwochoice_tbl.action_run) : clientTrack_partitionswitchIngress_poweroftwochoice_tbl.action, old(clientTrack_standard_metadata.egress_port) : bv9, old(clientTrack_partitionswitchEgress_eg_port_forward_tbl.hit) : bool, old(clientTrack_p4b_clone_i2e) : bool, old(clientTrack_p4b_clone_e2e) : bool, old(clientTrack_meta.spineswitchidx) : bv16, old(clientTrack_p4b_recirculate) : bool :: ((((((((((((3bv16 != io_meta.spineswitchidx || dsl_suffix_sent) || 4105bv16 != old_clientTrack_hdr.op_hdr.optype_) || old_clientTrack_hdr.ipv4_hdr.dstAddr_ != 0bv32) || 3bv16 == clientTrack_meta.spineswitchidx) || 0bv32 != add.bv32(1bv32, old_clientTrack_partitionswitchIngress_spineload_reg_[3bv32])) || 3bv16 != old_clientTrack_meta.spineswitchidx_) && ((((((((((0bv9 == old_clientTrack_standard_metadata.egress_port_ || old_clientTrack_p4b_recirculate_) || 17bv8 != clientTrack_hdr.ipv4_hdr.protocol) || io_hdr.ipv4_hdr.protocol != 17bv8) || io_hdr.ethernet_hdr.etherType != 2048bv16) || old_clientTrack_p4b_clone_i2i_) || old_clientTrack_p4b_clone_i2e_) || old_clientTrack_p4b_clone_e2e_) || ((clientTrack_partitionswitchIngress_poweroftwochoice_tbl.action_run == clientTrack_partitionswitchIngress_poweroftwochoice_tbl.action.partitionswitchIngress_update_spine_load && 0bv32 == clientTrack_hdr.ipv4_hdr.dstAddr) && (((((((!clientTrack_p4b_clone_i2i && 8201bv16 == clientTrack_hdr.op_hdr.optype) && !clientTrack_p4b_clone_e2e) && !clientTrack_p4b_recirculate) && 1bv9 == clientTrack_standard_metadata.egress_port) && ((!dsl_pump_mode && 0bv32 != add.bv32(1bv32, clientTrack_partitionswitchIngress_spineload_reg[3bv32])) || (dsl_pump_mode && 0bv32 == add.bv32(1bv32, clientTrack_partitionswitchIngress_spineload_reg[3bv32])))) && !clientTrack_p4b_clone_i2e) || (((((((!clientTrack_p4b_clone_i2i && 8201bv16 == clientTrack_hdr.op_hdr.optype) && !clientTrack_p4b_clone_e2e) && !clientTrack_partitionswitchEgress_update_ipmac_srcport_tbl.hit) && !clientTrack_p4b_recirculate) && 0bv9 != clientTrack_standard_metadata.egress_port) && ((!dsl_pump_mode && 0bv32 != add.bv32(1bv32, clientTrack_partitionswitchIngress_spineload_reg[3bv32])) || (dsl_pump_mode && 0bv32 == add.bv32(1bv32, clientTrack_partitionswitchIngress_spineload_reg[3bv32])))) && !clientTrack_p4b_clone_i2e)))) || clientTrack_hdr.ethernet_hdr.etherType != 2048bv16) || 8201bv16 != io_hdr.op_hdr.optype)) && (((((((((((((old_clientTrack_partitionswitchEgress_update_ipmac_srcport_tbl.hit_ || 0bv9 == old_clientTrack_standard_metadata.egress_port_) || old_clientTrack_p4b_recirculate_) || 17bv8 != clientTrack_hdr.ipv4_hdr.protocol) || 4105bv16 != io_hdr.op_hdr.optype) || old_clientTrack_hdr.ipv4_hdr.dstAddr_ != 0bv32) || io_hdr.ipv4_hdr.protocol != 17bv8) || io_hdr.ethernet_hdr.etherType != 2048bv16) || old_clientTrack_p4b_clone_i2i_) || old_clientTrack_p4b_clone_i2e_) || old_clientTrack_p4b_clone_e2e_) || (((((((((!clientTrack_p4b_clone_i2i && !clientTrack_p4b_clone_e2e) && !clientTrack_partitionswitchEgress_update_ipmac_srcport_tbl.hit) && !clientTrack_p4b_recirculate) && clientTrack_partitionswitchIngress_poweroftwochoice_tbl.action_run == clientTrack_partitionswitchIngress_poweroftwochoice_tbl.action.partitionswitchIngress_update_spine_load) && 0bv32 == clientTrack_hdr.ipv4_hdr.dstAddr) && 0bv9 != clientTrack_standard_metadata.egress_port) && ((!dsl_pump_mode && 0bv32 != add.bv32(1bv32, clientTrack_partitionswitchIngress_spineload_reg[3bv32])) || (dsl_pump_mode && 0bv32 == add.bv32(1bv32, clientTrack_partitionswitchIngress_spineload_reg[3bv32])))) && !clientTrack_p4b_clone_i2e) && clientTrack_hdr.op_hdr.optype == old_clientTrack_hdr.op_hdr.optype_)) || clientTrack_partitionswitchIngress_poweroftwochoice_tbl.action.partitionswitchIngress_update_spine_load != old_clientTrack_partitionswitchIngress_poweroftwochoice_tbl.action_run_) || clientTrack_hdr.ethernet_hdr.etherType != 2048bv16)) && (((((1bv9 != old_clientTrack_standard_metadata.egress_port_ || 4105bv16 != io_hdr.op_hdr.optype) || old_clientTrack_partitionswitchEgress_eg_port_forward_tbl.hit_) || 9bv16 == old_clientTrack_hdr.op_hdr.optype_) || !clientTrack_partitionswitchEgress_eg_port_forward_tbl.hit) || clientTrack_partitionswitchIngress_poweroftwochoice_tbl.action.partitionswitchIngress_update_spine_load != old_clientTrack_partitionswitchIngress_poweroftwochoice_tbl.action_run_)) && (((1bv9 != old_clientTrack_standard_metadata.egress_port_ || ((((((((((((!clientTrack_p4b_clone_i2i && old_clientTrack_hdr.ipv4_hdr.dstAddr_ == clientTrack_hdr.ipv4_hdr.dstAddr) && !clientTrack_p4b_clone_e2e) && !clientTrack_p4b_recirculate) && clientTrack_partitionswitchIngress_poweroftwochoice_tbl.action_run == clientTrack_partitionswitchIngress_poweroftwochoice_tbl.action.partitionswitchIngress_update_spine_load) && clientTrack_hdr.ethernet_hdr.etherType == 2048bv16) && io_hdr.ipv4_hdr.protocol == 17bv8) && 1bv9 == clientTrack_standard_metadata.egress_port) && 17bv8 == clientTrack_hdr.ipv4_hdr.protocol) && ((!dsl_pump_mode && 0bv32 != add.bv32(1bv32, clientTrack_partitionswitchIngress_spineload_reg[3bv32])) || (dsl_pump_mode && 0bv32 == add.bv32(1bv32, clientTrack_partitionswitchIngress_spineload_reg[3bv32])))) && !clientTrack_p4b_clone_i2e) && io_hdr.ethernet_hdr.etherType == 2048bv16) && clientTrack_hdr.op_hdr.optype == old_clientTrack_hdr.op_hdr.optype_)) || 4105bv16 != io_hdr.op_hdr.optype) || clientTrack_partitionswitchIngress_poweroftwochoice_tbl.action.partitionswitchIngress_update_spine_load != old_clientTrack_partitionswitchIngress_poweroftwochoice_tbl.action_run_)) && (((old_clientTrack_partitionswitchEgress_update_ipmac_srcport_tbl.hit_ || (((((((((!clientTrack_p4b_clone_i2i && !clientTrack_p4b_clone_e2e) && !clientTrack_partitionswitchEgress_update_ipmac_srcport_tbl.hit) && !clientTrack_p4b_recirculate) && clientTrack_partitionswitchIngress_poweroftwochoice_tbl.action_run == clientTrack_partitionswitchIngress_poweroftwochoice_tbl.action.partitionswitchIngress_update_spine_load) && 0bv9 == clientTrack_standard_metadata.egress_port) && 0bv32 == clientTrack_hdr.ipv4_hdr.dstAddr) && ((!dsl_pump_mode && 0bv32 != add.bv32(1bv32, clientTrack_partitionswitchIngress_spineload_reg[3bv32])) || (dsl_pump_mode && 0bv32 == add.bv32(1bv32, clientTrack_partitionswitchIngress_spineload_reg[3bv32])))) && !clientTrack_p4b_clone_i2e) && clientTrack_hdr.op_hdr.optype == old_clientTrack_hdr.op_hdr.optype_)) || 0bv9 != old_clientTrack_standard_metadata.egress_port_) || clientTrack_partitionswitchIngress_poweroftwochoice_tbl.action.partitionswitchIngress_update_spine_load != old_clientTrack_partitionswitchIngress_poweroftwochoice_tbl.action_run_)) && (((((((((((((((((((((((48bv16 != old_clientTrack_hdr.op_hdr.optype_ && !old_clientTrack_p4b_clone_i2i_) && !old_clientTrack_p4b_clone_e2e_) && ((!dsl_pump_mode && 0bv32 != add.bv32(1bv32, old_clientTrack_partitionswitchIngress_spineload_reg_[3bv32])) || (dsl_pump_mode && 0bv32 == add.bv32(1bv32, old_clientTrack_partitionswitchIngress_spineload_reg_[3bv32])))) && 0bv9 == old_clientTrack_standard_metadata.egress_port_) && 5008bv16 == clientTrack_hdr.udp_hdr.dstPort) && !old_clientTrack_p4b_recirculate_) && 4105bv16 == io_hdr.op_hdr.optype) && 1bv16 != old_clientTrack_hdr.op_hdr.optype_) && clientTrack_partitionswitchIngress_poweroftwochoice_tbl.action.partitionswitchIngress_update_spine_load == old_clientTrack_partitionswitchIngress_poweroftwochoice_tbl.action_run_) && clientTrack_hdr.ethernet_hdr.etherType == 2048bv16) && !old_clientTrack_p4b_clone_i2e_) && io_hdr.ipv4_hdr.protocol == 17bv8) && !old_clientTrack_partitionswitchEgress_update_ipmac_srcport_tbl.hit_) && 5008bv16 == io_hdr.udp_hdr.dstPort) && old_clientTrack_hdr.ipv4_hdr.dstAddr_ == 0bv32) && 17bv8 == clientTrack_hdr.ipv4_hdr.protocol) && io_hdr.ipv4_hdr.dstAddr == 0bv32) && io_hdr.ethernet_hdr.etherType == 2048bv16) || (((clientTrack_partitionswitchIngress_poweroftwochoice_tbl.action.partitionswitchIngress_update_spine_load == old_clientTrack_partitionswitchIngress_poweroftwochoice_tbl.action_run_ && (((((((((((((((8201bv16 == io_hdr.op_hdr.optype && !old_clientTrack_p4b_clone_i2i_) && !old_clientTrack_p4b_clone_e2e_) && ((!dsl_pump_mode && 0bv32 != add.bv32(1bv32, old_clientTrack_partitionswitchIngress_spineload_reg_[3bv32])) || (dsl_pump_mode && 0bv32 == add.bv32(1bv32, old_clientTrack_partitionswitchIngress_spineload_reg_[3bv32])))) && 8201bv16 == old_clientTrack_hdr.op_hdr.optype_) && 5008bv16 == clientTrack_hdr.udp_hdr.dstPort) && !old_clientTrack_p4b_recirculate_) && clientTrack_hdr.ethernet_hdr.etherType == 2048bv16) && !old_clientTrack_p4b_clone_i2e_) && io_hdr.ipv4_hdr.protocol == 17bv8) && !old_clientTrack_partitionswitchEgress_update_ipmac_srcport_tbl.hit_) && 5008bv16 == io_hdr.udp_hdr.dstPort) && 17bv8 == clientTrack_hdr.ipv4_hdr.protocol) && 0bv9 != old_clientTrack_standard_metadata.egress_port_) && io_hdr.ethernet_hdr.etherType == 2048bv16) || (((((((((((((8201bv16 == io_hdr.op_hdr.optype && !old_clientTrack_p4b_clone_i2i_) && !old_clientTrack_p4b_clone_e2e_) && ((!dsl_pump_mode && 0bv32 != add.bv32(1bv32, old_clientTrack_partitionswitchIngress_spineload_reg_[3bv32])) || (dsl_pump_mode && 0bv32 == add.bv32(1bv32, old_clientTrack_partitionswitchIngress_spineload_reg_[3bv32])))) && 1bv9 == old_clientTrack_standard_metadata.egress_port_) && 8201bv16 == old_clientTrack_hdr.op_hdr.optype_) && 5008bv16 == clientTrack_hdr.udp_hdr.dstPort) && !old_clientTrack_p4b_recirculate_) && clientTrack_hdr.ethernet_hdr.etherType == 2048bv16) && !old_clientTrack_p4b_clone_i2e_) && io_hdr.ipv4_hdr.protocol == 17bv8) && 5008bv16 == io_hdr.udp_hdr.dstPort) && 17bv8 == clientTrack_hdr.ipv4_hdr.protocol) && io_hdr.ethernet_hdr.etherType == 2048bv16))) && old_clientTrack_hdr.ipv4_hdr.dstAddr_ == 0bv32) && io_hdr.ipv4_hdr.dstAddr == 0bv32)) || (((((((((((((((!old_clientTrack_p4b_clone_i2i_ && !old_clientTrack_p4b_clone_e2e_) && 4105bv16 == old_clientTrack_hdr.op_hdr.optype_) && dsl_pump_mode) && 5008bv16 == clientTrack_hdr.udp_hdr.dstPort) && !old_clientTrack_p4b_recirculate_) && 4105bv16 == io_hdr.op_hdr.optype) && clientTrack_hdr.ethernet_hdr.etherType == 2048bv16) && !old_clientTrack_p4b_clone_i2e_) && io_hdr.ipv4_hdr.protocol == 17bv8) && 5008bv16 == io_hdr.udp_hdr.dstPort) && 0bv32 == add.bv32(1bv32, old_clientTrack_partitionswitchIngress_spineload_reg_[3bv32])) && old_clientTrack_hdr.ipv4_hdr.dstAddr_ == 0bv32) && 17bv8 == clientTrack_hdr.ipv4_hdr.protocol) && io_hdr.ipv4_hdr.dstAddr == 0bv32) && io_hdr.ethernet_hdr.etherType == 2048bv16)) || (((((((((((((((((8201bv16 == io_hdr.op_hdr.optype && !old_clientTrack_p4b_clone_i2i_) && !old_clientTrack_p4b_clone_e2e_) && ((!dsl_pump_mode && 0bv32 != add.bv32(1bv32, old_clientTrack_partitionswitchIngress_spineload_reg_[3bv32])) || (dsl_pump_mode && 0bv32 == add.bv32(1bv32, old_clientTrack_partitionswitchIngress_spineload_reg_[3bv32])))) && 8201bv16 == old_clientTrack_hdr.op_hdr.optype_) && 0bv9 == old_clientTrack_standard_metadata.egress_port_) && 5008bv16 == clientTrack_hdr.udp_hdr.dstPort) && !old_clientTrack_p4b_recirculate_) && clientTrack_partitionswitchIngress_poweroftwochoice_tbl.action.partitionswitchIngress_update_spine_load == old_clientTrack_partitionswitchIngress_poweroftwochoice_tbl.action_run_) && clientTrack_hdr.ethernet_hdr.etherType == 2048bv16) && !old_clientTrack_p4b_clone_i2e_) && io_hdr.ipv4_hdr.protocol == 17bv8) && !old_clientTrack_partitionswitchEgress_update_ipmac_srcport_tbl.hit_) && 5008bv16 == io_hdr.udp_hdr.dstPort) && old_clientTrack_hdr.ipv4_hdr.dstAddr_ == 0bv32) && 17bv8 == clientTrack_hdr.ipv4_hdr.protocol) && io_hdr.ipv4_hdr.dstAddr == 0bv32) && io_hdr.ethernet_hdr.etherType == 2048bv16)) || ((((((((((((((((48bv16 != old_clientTrack_hdr.op_hdr.optype_ && !old_clientTrack_p4b_clone_i2i_) && !old_clientTrack_p4b_clone_e2e_) && ((!dsl_pump_mode && 0bv32 != add.bv32(1bv32, old_clientTrack_partitionswitchIngress_spineload_reg_[3bv32])) || (dsl_pump_mode && 0bv32 == add.bv32(1bv32, old_clientTrack_partitionswitchIngress_spineload_reg_[3bv32])))) && 1bv9 == old_clientTrack_standard_metadata.egress_port_) && 5008bv16 == clientTrack_hdr.udp_hdr.dstPort) && !old_clientTrack_p4b_recirculate_) && 4105bv16 == io_hdr.op_hdr.optype) && 1bv16 != old_clientTrack_hdr.op_hdr.optype_) && clientTrack_partitionswitchIngress_poweroftwochoice_tbl.action.partitionswitchIngress_update_spine_load == old_clientTrack_partitionswitchIngress_poweroftwochoice_tbl.action_run_) && clientTrack_hdr.ethernet_hdr.etherType == 2048bv16) && !old_clientTrack_p4b_clone_i2e_) && io_hdr.ipv4_hdr.protocol == 17bv8) && 5008bv16 == io_hdr.udp_hdr.dstPort) && 17bv8 == clientTrack_hdr.ipv4_hdr.protocol) && io_hdr.ipv4_hdr.dstAddr == 0bv32) && io_hdr.ethernet_hdr.etherType == 2048bv16)) || ((((((((((((((((((48bv16 != old_clientTrack_hdr.op_hdr.optype_ && !old_clientTrack_p4b_clone_i2i_) && !old_clientTrack_p4b_clone_e2e_) && ((!dsl_pump_mode && 0bv32 != add.bv32(1bv32, old_clientTrack_partitionswitchIngress_spineload_reg_[3bv32])) || (dsl_pump_mode && 0bv32 == add.bv32(1bv32, old_clientTrack_partitionswitchIngress_spineload_reg_[3bv32])))) && 5008bv16 == clientTrack_hdr.udp_hdr.dstPort) && !old_clientTrack_p4b_recirculate_) && 4105bv16 == io_hdr.op_hdr.optype) && 1bv16 != old_clientTrack_hdr.op_hdr.optype_) && clientTrack_partitionswitchIngress_poweroftwochoice_tbl.action.partitionswitchIngress_update_spine_load == old_clientTrack_partitionswitchIngress_poweroftwochoice_tbl.action_run_) && clientTrack_hdr.ethernet_hdr.etherType == 2048bv16) && !old_clientTrack_p4b_clone_i2e_) && io_hdr.ipv4_hdr.protocol == 17bv8) && !old_clientTrack_partitionswitchEgress_update_ipmac_srcport_tbl.hit_) && 5008bv16 == io_hdr.udp_hdr.dstPort) && old_clientTrack_hdr.ipv4_hdr.dstAddr_ == 0bv32) && 17bv8 == clientTrack_hdr.ipv4_hdr.protocol) && 0bv9 != old_clientTrack_standard_metadata.egress_port_) && io_hdr.ipv4_hdr.dstAddr == 0bv32) && io_hdr.ethernet_hdr.etherType == 2048bv16))) && (((4105bv16 != old_clientTrack_hdr.op_hdr.optype_ || old_clientTrack_hdr.ipv4_hdr.dstAddr_ != 0bv32) || ((((((!clientTrack_p4b_clone_i2i && !clientTrack_p4b_clone_e2e) && 4105bv16 == clientTrack_hdr.op_hdr.optype) && !clientTrack_p4b_recirculate) && 0bv32 == add.bv32(1bv32, clientTrack_partitionswitchIngress_spineload_reg[3bv32])) && 0bv32 == clientTrack_hdr.ipv4_hdr.dstAddr) && !clientTrack_p4b_clone_i2e)) || 0bv32 != add.bv32(1bv32, old_clientTrack_partitionswitchIngress_spineload_reg_[3bv32]))). Ensures: (((((((((((((4105bv16 != old(clientTrack_hdr.op_hdr.optype) || old(clientTrack_hdr.ipv4_hdr.dstAddr) != 0bv32) || (((((((((((!clientTrack_p4b_clone_i2i && !clientTrack_p4b_clone_e2e) && dsl_pump_mode) && !clientTrack_p4b_recirculate) && clientTrack_partitionswitchIngress_poweroftwochoice_tbl.action_run == clientTrack_partitionswitchIngress_poweroftwochoice_tbl.action.partitionswitchIngress_update_spine_load) && 1bv16 != clientTrack_hdr.op_hdr.optype) && 4105bv16 == io_hdr.op_hdr.optype) && 9bv16 != clientTrack_hdr.op_hdr.optype) && 1bv9 == clientTrack_standard_metadata.egress_port) && 48bv16 != clientTrack_hdr.op_hdr.optype) && !clientTrack_partitionswitchEgress_eg_port_forward_tbl.hit) && !clientTrack_p4b_clone_i2e)) || (((((((((((!clientTrack_p4b_clone_i2i && !clientTrack_p4b_clone_e2e) && dsl_pump_mode) && !clientTrack_p4b_recirculate) && clientTrack_partitionswitchIngress_poweroftwochoice_tbl.action_run == clientTrack_partitionswitchIngress_poweroftwochoice_tbl.action.partitionswitchIngress_update_spine_load) && 1bv16 != clientTrack_hdr.op_hdr.optype) && 4105bv16 == io_hdr.op_hdr.optype) && clientTrack_isValid[clientTrack_hdr.op_hdr]) && 1bv9 == clientTrack_standard_metadata.egress_port) && 48bv16 != clientTrack_hdr.op_hdr.optype) && !clientTrack_partitionswitchEgress_eg_port_forward_tbl.hit) && !clientTrack_p4b_clone_i2e)) || 0bv32 != add.bv32(1bv32, old(clientTrack_partitionswitchIngress_spineload_reg)[3bv32])) || ((((((((((!clientTrack_p4b_clone_i2i && !clientTrack_p4b_clone_e2e) && !clientTrack_partitionswitchEgress_update_ipmac_srcport_tbl.hit) && !clientTrack_p4b_recirculate) && clientTrack_partitionswitchIngress_poweroftwochoice_tbl.action_run == clientTrack_partitionswitchIngress_poweroftwochoice_tbl.action.partitionswitchIngress_update_spine_load) && 1bv16 != clientTrack_hdr.op_hdr.optype) && 4105bv16 == io_hdr.op_hdr.optype) && 48bv16 != clientTrack_hdr.op_hdr.optype) && 0bv32 == clientTrack_hdr.ipv4_hdr.dstAddr) && !clientTrack_partitionswitchEgress_eg_port_forward_tbl.hit) && !clientTrack_p4b_clone_i2e)) && (((!dsl_pump_mode && 0bv32 != add.bv32(1bv32, clientTrack_partitionswitchIngress_spineload_reg[3bv32])) || (dsl_pump_mode && 0bv32 == add.bv32(1bv32, clientTrack_partitionswitchIngress_spineload_reg[3bv32]))) || 8201bv16 != io_hdr.op_hdr.optype)) && ((((((3bv16 != io_meta.spineswitchidx || dsl_suffix_sent) || 4105bv16 != old(clientTrack_hdr.op_hdr.optype)) || old(clientTrack_hdr.ipv4_hdr.dstAddr) != 0bv32) || (((0bv7 ++ 3bv9 == clientTrack_meta.spineswitchidx && bule.bv16(clientTrack_meta.hashval_for_spine_partition, 15bv16)) && bule.bv16(clientTrack_meta.hashval_for_partition, 15bv16)) && 3bv9 == clientTrack_partitionswitchIngress_hash_spine_partition_tbl.partitionswitchIngress_hash_spine_partition.eport_4)) || 0bv32 != add.bv32(1bv32, old(clientTrack_partitionswitchIngress_spineload_reg)[3bv32])) || 3bv16 != old(clientTrack_meta.spineswitchidx))) && (((1bv9 != old(clientTrack_standard_metadata.egress_port) || (clientTrack_partitionswitchIngress_poweroftwochoice_tbl.action_run != clientTrack_partitionswitchIngress_poweroftwochoice_tbl.action.partitionswitchIngress_poweroftwochoice && (((((((((!clientTrack_p4b_clone_i2i && !clientTrack_p4b_clone_e2e) && !clientTrack_p4b_recirculate) && 1bv16 != clientTrack_hdr.op_hdr.optype) && 9bv16 != clientTrack_hdr.op_hdr.optype) && 1bv9 == clientTrack_standard_metadata.egress_port) && 48bv16 != clientTrack_hdr.op_hdr.optype) && !clientTrack_partitionswitchEgress_eg_port_forward_tbl.hit) && !clientTrack_p4b_clone_i2e) || ((((((((!clientTrack_p4b_clone_i2i && !clientTrack_p4b_clone_e2e) && !clientTrack_p4b_recirculate) && 1bv16 != clientTrack_hdr.op_hdr.optype) && clientTrack_isValid[clientTrack_hdr.op_hdr]) && 1bv9 == clientTrack_standard_metadata.egress_port) && 48bv16 != clientTrack_hdr.op_hdr.optype) && !clientTrack_partitionswitchEgress_eg_port_forward_tbl.hit) && !clientTrack_p4b_clone_i2e)))) || 4105bv16 != io_hdr.op_hdr.optype) || clientTrack_partitionswitchIngress_poweroftwochoice_tbl.action.partitionswitchIngress_update_spine_load != old(clientTrack_partitionswitchIngress_poweroftwochoice_tbl.action_run))) && ((((((((((((((((!clientTrack_p4b_clone_i2i && !clientTrack_p4b_clone_e2e) && !clientTrack_partitionswitchEgress_update_ipmac_srcport_tbl.hit) && !clientTrack_p4b_recirculate) && 1bv16 != clientTrack_hdr.op_hdr.optype) && clientTrack_partitionswitchIngress_poweroftwochoice_tbl.action_run != clientTrack_partitionswitchIngress_poweroftwochoice_tbl.action.partitionswitchIngress_poweroftwochoice) && clientTrack_isValid[clientTrack_hdr.op_hdr]) && 48bv16 != clientTrack_hdr.op_hdr.optype) && 0bv32 == clientTrack_hdr.ipv4_hdr.dstAddr) && 0bv9 != clientTrack_standard_metadata.egress_port) && !clientTrack_partitionswitchEgress_eg_port_forward_tbl.hit) && !clientTrack_p4b_clone_i2e) || old(clientTrack_partitionswitchEgress_update_ipmac_srcport_tbl.hit)) || (clientTrack_partitionswitchIngress_poweroftwochoice_tbl.action_run != clientTrack_partitionswitchIngress_poweroftwochoice_tbl.action.partitionswitchIngress_poweroftwochoice && (((((((((!clientTrack_p4b_clone_i2i && !clientTrack_p4b_clone_e2e) && !clientTrack_p4b_recirculate) && 1bv16 != clientTrack_hdr.op_hdr.optype) && 9bv16 != clientTrack_hdr.op_hdr.optype) && 1bv9 == clientTrack_standard_metadata.egress_port) && 48bv16 != clientTrack_hdr.op_hdr.optype) && !clientTrack_partitionswitchEgress_eg_port_forward_tbl.hit) && !clientTrack_p4b_clone_i2e) || ((((((((!clientTrack_p4b_clone_i2i && !clientTrack_p4b_clone_e2e) && !clientTrack_p4b_recirculate) && 1bv16 != clientTrack_hdr.op_hdr.optype) && clientTrack_isValid[clientTrack_hdr.op_hdr]) && 1bv9 == clientTrack_standard_metadata.egress_port) && 48bv16 != clientTrack_hdr.op_hdr.optype) && !clientTrack_partitionswitchEgress_eg_port_forward_tbl.hit) && !clientTrack_p4b_clone_i2e)))) || 0bv9 == old(clientTrack_standard_metadata.egress_port)) || 4105bv16 != io_hdr.op_hdr.optype) || clientTrack_partitionswitchIngress_poweroftwochoice_tbl.action.partitionswitchIngress_update_spine_load != old(clientTrack_partitionswitchIngress_poweroftwochoice_tbl.action_run))) && ((((old(clientTrack_partitionswitchEgress_update_ipmac_srcport_tbl.hit) || clientTrack_partitionswitchIngress_poweroftwochoice_tbl.action_run == clientTrack_partitionswitchIngress_poweroftwochoice_tbl.action.partitionswitchIngress_update_spine_load) || old(clientTrack_hdr.ipv4_hdr.dstAddr) != 0bv32) || 0bv32 == add.bv32(1bv32, clientTrack_partitionswitchIngress_spineload_reg[3bv32])) || 0bv32 != add.bv32(1bv32, old(clientTrack_partitionswitchIngress_spineload_reg)[3bv32]))) && (((old(clientTrack_partitionswitchEgress_update_ipmac_srcport_tbl.hit) || ((((((((((((!clientTrack_p4b_clone_i2i && !clientTrack_p4b_clone_e2e) && !clientTrack_partitionswitchEgress_update_ipmac_srcport_tbl.hit) && !clientTrack_p4b_recirculate) && 1bv16 != clientTrack_hdr.op_hdr.optype) && clientTrack_partitionswitchIngress_poweroftwochoice_tbl.action_run != clientTrack_partitionswitchIngress_poweroftwochoice_tbl.action.partitionswitchIngress_poweroftwochoice) && 0bv9 == clientTrack_standard_metadata.egress_port) && clientTrack_isValid[clientTrack_hdr.op_hdr]) && old(clientTrack_hdr.ipv4_hdr.dstAddr) == 0bv32) && 48bv16 != clientTrack_hdr.op_hdr.optype) && 0bv32 == clientTrack_hdr.ipv4_hdr.dstAddr) && !clientTrack_partitionswitchEgress_eg_port_forward_tbl.hit) && !clientTrack_p4b_clone_i2e)) || 0bv9 != old(clientTrack_standard_metadata.egress_port)) || clientTrack_partitionswitchIngress_poweroftwochoice_tbl.action.partitionswitchIngress_update_spine_load != old(clientTrack_partitionswitchIngress_poweroftwochoice_tbl.action_run))) && (((clientTrack_partitionswitchIngress_poweroftwochoice_tbl.action_run != clientTrack_partitionswitchIngress_poweroftwochoice_tbl.action.partitionswitchIngress_poweroftwochoice && (((((((((((!clientTrack_p4b_clone_i2i && !clientTrack_p4b_clone_e2e) && !clientTrack_partitionswitchEgress_update_ipmac_srcport_tbl.hit) && !clientTrack_p4b_recirculate) && 1bv16 != clientTrack_hdr.op_hdr.optype) && clientTrack_isValid[clientTrack_hdr.op_hdr]) && 48bv16 != clientTrack_hdr.op_hdr.optype) && 0bv9 != clientTrack_standard_metadata.egress_port) && !clientTrack_partitionswitchEgress_eg_port_forward_tbl.hit) && !clientTrack_p4b_clone_i2e) || ((((((((!clientTrack_p4b_clone_i2i && !clientTrack_p4b_clone_e2e) && !clientTrack_p4b_recirculate) && 1bv16 != clientTrack_hdr.op_hdr.optype) && 9bv16 != clientTrack_hdr.op_hdr.optype) && 1bv9 == clientTrack_standard_metadata.egress_port) && 48bv16 != clientTrack_hdr.op_hdr.optype) && !clientTrack_partitionswitchEgress_eg_port_forward_tbl.hit) && !clientTrack_p4b_clone_i2e)) || ((((((((!clientTrack_p4b_clone_i2i && !clientTrack_p4b_clone_e2e) && !clientTrack_p4b_recirculate) && 1bv16 != clientTrack_hdr.op_hdr.optype) && clientTrack_isValid[clientTrack_hdr.op_hdr]) && 1bv9 == clientTrack_standard_metadata.egress_port) && 48bv16 != clientTrack_hdr.op_hdr.optype) && !clientTrack_partitionswitchEgress_eg_port_forward_tbl.hit) && !clientTrack_p4b_clone_i2e))) || 0bv9 == old(clientTrack_standard_metadata.egress_port)) || 8201bv16 != io_hdr.op_hdr.optype)) && (((((old(clientTrack_hdr.ipv4_hdr.dstAddr) == clientTrack_hdr.ipv4_hdr.dstAddr && !clientTrack_partitionswitchEgress_update_ipmac_srcport_tbl.hit) || 0bv32 == add.bv32(1bv32, clientTrack_partitionswitchIngress_spineload_reg[3bv32])) || (((((((((((!clientTrack_p4b_clone_i2i && !clientTrack_p4b_clone_e2e) && dsl_pump_mode) && !clientTrack_p4b_recirculate) && clientTrack_partitionswitchIngress_poweroftwochoice_tbl.action_run == clientTrack_partitionswitchIngress_poweroftwochoice_tbl.action.partitionswitchIngress_update_spine_load) && 1bv16 != clientTrack_hdr.op_hdr.optype) && 4105bv16 == io_hdr.op_hdr.optype) && 9bv16 != clientTrack_hdr.op_hdr.optype) && 1bv9 == clientTrack_standard_metadata.egress_port) && 48bv16 != clientTrack_hdr.op_hdr.optype) && !clientTrack_partitionswitchEgress_eg_port_forward_tbl.hit) && !clientTrack_p4b_clone_i2e)) || (((((((((((!clientTrack_p4b_clone_i2i && !clientTrack_p4b_clone_e2e) && dsl_pump_mode) && !clientTrack_p4b_recirculate) && clientTrack_partitionswitchIngress_poweroftwochoice_tbl.action_run == clientTrack_partitionswitchIngress_poweroftwochoice_tbl.action.partitionswitchIngress_update_spine_load) && 1bv16 != clientTrack_hdr.op_hdr.optype) && 4105bv16 == io_hdr.op_hdr.optype) && clientTrack_isValid[clientTrack_hdr.op_hdr]) && 1bv9 == clientTrack_standard_metadata.egress_port) && 48bv16 != clientTrack_hdr.op_hdr.optype) && !clientTrack_partitionswitchEgress_eg_port_forward_tbl.hit) && !clientTrack_p4b_clone_i2e)) || 0bv32 != add.bv32(1bv32, old(clientTrack_partitionswitchIngress_spineload_reg)[3bv32]))) && ((((((((((((((((((((((48bv16 != old(clientTrack_hdr.op_hdr.optype) && !old(clientTrack_p4b_clone_i2i)) && !old(clientTrack_p4b_clone_e2e)) && ((!dsl_pump_mode && 0bv32 != add.bv32(1bv32, old(clientTrack_partitionswitchIngress_spineload_reg)[3bv32])) || (dsl_pump_mode && 0bv32 == add.bv32(1bv32, old(clientTrack_partitionswitchIngress_spineload_reg)[3bv32])))) && 0bv9 == old(clientTrack_standard_metadata.egress_port)) && 5008bv16 == clientTrack_hdr.udp_hdr.dstPort) && !old(clientTrack_p4b_recirculate)) && 4105bv16 == io_hdr.op_hdr.optype) && 1bv16 != old(clientTrack_hdr.op_hdr.optype)) && clientTrack_partitionswitchIngress_poweroftwochoice_tbl.action.partitionswitchIngress_update_spine_load == old(clientTrack_partitionswitchIngress_poweroftwochoice_tbl.action_run)) && clientTrack_hdr.ethernet_hdr.etherType == 2048bv16) && !old(clientTrack_p4b_clone_i2e)) && io_hdr.ipv4_hdr.protocol == 17bv8) && !old(clientTrack_partitionswitchEgress_update_ipmac_srcport_tbl.hit)) && 5008bv16 == io_hdr.udp_hdr.dstPort) && 17bv8 == clientTrack_hdr.ipv4_hdr.protocol) && io_hdr.ipv4_hdr.dstAddr == 0bv32) && io_hdr.ethernet_hdr.etherType == 2048bv16) || (((clientTrack_partitionswitchIngress_poweroftwochoice_tbl.action.partitionswitchIngress_update_spine_load == old(clientTrack_partitionswitchIngress_poweroftwochoice_tbl.action_run) && (((((((((((((((8201bv16 == io_hdr.op_hdr.optype && !old(clientTrack_p4b_clone_i2i)) && !old(clientTrack_p4b_clone_e2e)) && ((!dsl_pump_mode && 0bv32 != add.bv32(1bv32, old(clientTrack_partitionswitchIngress_spineload_reg)[3bv32])) || (dsl_pump_mode && 0bv32 == add.bv32(1bv32, old(clientTrack_partitionswitchIngress_spineload_reg)[3bv32])))) && 8201bv16 == old(clientTrack_hdr.op_hdr.optype)) && 5008bv16 == clientTrack_hdr.udp_hdr.dstPort) && !old(clientTrack_p4b_recirculate)) && clientTrack_hdr.ethernet_hdr.etherType == 2048bv16) && !old(clientTrack_p4b_clone_i2e)) && io_hdr.ipv4_hdr.protocol == 17bv8) && !old(clientTrack_partitionswitchEgress_update_ipmac_srcport_tbl.hit)) && 5008bv16 == io_hdr.udp_hdr.dstPort) && 17bv8 == clientTrack_hdr.ipv4_hdr.protocol) && 0bv9 != old(clientTrack_standard_metadata.egress_port)) && io_hdr.ethernet_hdr.etherType == 2048bv16) || (((((((((((((8201bv16 == io_hdr.op_hdr.optype && !old(clientTrack_p4b_clone_i2i)) && !old(clientTrack_p4b_clone_e2e)) && ((!dsl_pump_mode && 0bv32 != add.bv32(1bv32, old(clientTrack_partitionswitchIngress_spineload_reg)[3bv32])) || (dsl_pump_mode && 0bv32 == add.bv32(1bv32, old(clientTrack_partitionswitchIngress_spineload_reg)[3bv32])))) && 1bv9 == old(clientTrack_standard_metadata.egress_port)) && 8201bv16 == old(clientTrack_hdr.op_hdr.optype)) && 5008bv16 == clientTrack_hdr.udp_hdr.dstPort) && !old(clientTrack_p4b_recirculate)) && clientTrack_hdr.ethernet_hdr.etherType == 2048bv16) && !old(clientTrack_p4b_clone_i2e)) && io_hdr.ipv4_hdr.protocol == 17bv8) && 5008bv16 == io_hdr.udp_hdr.dstPort) && 17bv8 == clientTrack_hdr.ipv4_hdr.protocol) && io_hdr.ethernet_hdr.etherType == 2048bv16))) && old(clientTrack_hdr.ipv4_hdr.dstAddr) == 0bv32) && io_hdr.ipv4_hdr.dstAddr == 0bv32)) || ((((((((((((((!old(clientTrack_p4b_clone_i2i) && !old(clientTrack_p4b_clone_e2e)) && 4105bv16 == old(clientTrack_hdr.op_hdr.optype)) && dsl_pump_mode) && 5008bv16 == clientTrack_hdr.udp_hdr.dstPort) && !old(clientTrack_p4b_recirculate)) && clientTrack_hdr.ethernet_hdr.etherType == 2048bv16) && !old(clientTrack_p4b_clone_i2e)) && io_hdr.ipv4_hdr.protocol == 17bv8) && 5008bv16 == io_hdr.udp_hdr.dstPort) && 0bv32 == add.bv32(1bv32, old(clientTrack_partitionswitchIngress_spineload_reg)[3bv32])) && old(clientTrack_hdr.ipv4_hdr.dstAddr) == 0bv32) && 17bv8 == clientTrack_hdr.ipv4_hdr.protocol) && io_hdr.ipv4_hdr.dstAddr == 0bv32) && io_hdr.ethernet_hdr.etherType == 2048bv16)) || ((((((((((((((((8201bv16 == io_hdr.op_hdr.optype && !old(clientTrack_p4b_clone_i2i)) && !old(clientTrack_p4b_clone_e2e)) && ((!dsl_pump_mode && 0bv32 != add.bv32(1bv32, old(clientTrack_partitionswitchIngress_spineload_reg)[3bv32])) || (dsl_pump_mode && 0bv32 == add.bv32(1bv32, old(clientTrack_partitionswitchIngress_spineload_reg)[3bv32])))) && 8201bv16 == old(clientTrack_hdr.op_hdr.optype)) && 0bv9 == old(clientTrack_standard_metadata.egress_port)) && 5008bv16 == clientTrack_hdr.udp_hdr.dstPort) && !old(clientTrack_p4b_recirculate)) && clientTrack_partitionswitchIngress_poweroftwochoice_tbl.action.partitionswitchIngress_update_spine_load == old(clientTrack_partitionswitchIngress_poweroftwochoice_tbl.action_run)) && clientTrack_hdr.ethernet_hdr.etherType == 2048bv16) && !old(clientTrack_p4b_clone_i2e)) && io_hdr.ipv4_hdr.protocol == 17bv8) && !old(clientTrack_partitionswitchEgress_update_ipmac_srcport_tbl.hit)) && 5008bv16 == io_hdr.udp_hdr.dstPort) && 17bv8 == clientTrack_hdr.ipv4_hdr.protocol) && io_hdr.ipv4_hdr.dstAddr == 0bv32) && io_hdr.ethernet_hdr.etherType == 2048bv16)) || ((((((((((((((((48bv16 != old(clientTrack_hdr.op_hdr.optype) && !old(clientTrack_p4b_clone_i2i)) && !old(clientTrack_p4b_clone_e2e)) && ((!dsl_pump_mode && 0bv32 != add.bv32(1bv32, old(clientTrack_partitionswitchIngress_spineload_reg)[3bv32])) || (dsl_pump_mode && 0bv32 == add.bv32(1bv32, old(clientTrack_partitionswitchIngress_spineload_reg)[3bv32])))) && 1bv9 == old(clientTrack_standard_metadata.egress_port)) && 5008bv16 == clientTrack_hdr.udp_hdr.dstPort) && !old(clientTrack_p4b_recirculate)) && 4105bv16 == io_hdr.op_hdr.optype) && 1bv16 != old(clientTrack_hdr.op_hdr.optype)) && clientTrack_partitionswitchIngress_poweroftwochoice_tbl.action.partitionswitchIngress_update_spine_load == old(clientTrack_partitionswitchIngress_poweroftwochoice_tbl.action_run)) && clientTrack_hdr.ethernet_hdr.etherType == 2048bv16) && !old(clientTrack_p4b_clone_i2e)) && io_hdr.ipv4_hdr.protocol == 17bv8) && 5008bv16 == io_hdr.udp_hdr.dstPort) && 17bv8 == clientTrack_hdr.ipv4_hdr.protocol) && io_hdr.ipv4_hdr.dstAddr == 0bv32) && io_hdr.ethernet_hdr.etherType == 2048bv16)) || ((((((((((((((((((48bv16 != old(clientTrack_hdr.op_hdr.optype) && !old(clientTrack_p4b_clone_i2i)) && !old(clientTrack_p4b_clone_e2e)) && ((!dsl_pump_mode && 0bv32 != add.bv32(1bv32, old(clientTrack_partitionswitchIngress_spineload_reg)[3bv32])) || (dsl_pump_mode && 0bv32 == add.bv32(1bv32, old(clientTrack_partitionswitchIngress_spineload_reg)[3bv32])))) && 5008bv16 == clientTrack_hdr.udp_hdr.dstPort) && !old(clientTrack_p4b_recirculate)) && 4105bv16 == io_hdr.op_hdr.optype) && 1bv16 != old(clientTrack_hdr.op_hdr.optype)) && clientTrack_partitionswitchIngress_poweroftwochoice_tbl.action.partitionswitchIngress_update_spine_load == old(clientTrack_partitionswitchIngress_poweroftwochoice_tbl.action_run)) && clientTrack_hdr.ethernet_hdr.etherType == 2048bv16) && !old(clientTrack_p4b_clone_i2e)) && io_hdr.ipv4_hdr.protocol == 17bv8) && !old(clientTrack_partitionswitchEgress_update_ipmac_srcport_tbl.hit)) && 5008bv16 == io_hdr.udp_hdr.dstPort) && old(clientTrack_hdr.ipv4_hdr.dstAddr) == 0bv32) && 17bv8 == clientTrack_hdr.ipv4_hdr.protocol) && 0bv9 != old(clientTrack_standard_metadata.egress_port)) && io_hdr.ipv4_hdr.dstAddr == 0bv32) && io_hdr.ethernet_hdr.etherType == 2048bv16)). Modifies: [clientTrack_partitionswitchIngress_spineload_reg__last0_value, clientTrack_p4b_clone_e2e, clientTrack_meta.hashval_for_partition, clientTrack_partitionswitchEgress_update_ipmac_srcport_tbl.partitionswitchEgress_update_ipmac_srcport_server2client.server_ip, clientTrack_drop, clientTrack_p4b_clone_i2i, clientTrack_partitionswitchIngress_ipv4_forward_tbl.partitionswitchIngress_forward_normal_response.eport_6, clientTrack_hdr.ipv4_hdr.dstAddr, clientTrack_p4b_clone_i2e, clientTrack_meta.leafswitchidx, clientTrack_partitionswitchEgress_update_ipmac_srcport_tbl.partitionswitchEgress_update_ipmac_srcport_server2client.server_port, clientTrack_p4b_checksum_error, clientTrack_partitionswitchIngress_ipv4_forward_tbl.action_run, clientTrack_meta.hashval_for_spine_partition, clientTrack_p4b_checksum_updated, clientTrack_partitionswitchIngress_ipv4_forward_tbl.hit, clientTrack_partitionswitchIngress_spineload_reg__last_write_site, clientTrack_partitionswitchIngress_hash_leaf_partition_tbl.hit, clientTrack_partitionswitchIngress_spineload_reg__wrote_any, clientTrack_partitionswitchIngress_poweroftwochoice_tbl.action_run, clientTrack_partitionswitchIngress_hash_spine_partition_tbl.hit, clientTrack_partitionswitchIngress_spineload_reg__last_old_value, clientTrack_isValid, clientTrack_meta.spineswitchidx, clientTrack_partitionswitchIngress_leafload_reg__last0_old_value, clientTrack_meta.is_spine, clientTrack_partitionswitchEgress_update_ipmac_srcport_tbl.partitionswitchEgress_update_ipmac_srcport_server2client.client_mac, clientTrack_partitionswitchIngress_leafload_reg__next_write_site, clientTrack_partitionswitchEgress_update_ipmac_srcport_tbl.action_run, clientTrack_partitionswitchIngress_spineload_reg__last_index, clientTrack_partitionswitchIngress_hash_leaf_partition_tbl.partitionswitchIngress_hash_leaf_partition.eport_5, clientTrack_partitionswitchEgress_update_ipmac_srcport_tbl.hit, clientTrack_partitionswitchEgress_update_ipmac_srcport_tbl.partitionswitchEgress_update_ipmac_srcport_server2client.server_mac, clientTrack_partitionswitchIngress_hash_for_partition_tbl.action_run, clientTrack_partitionswitchIngress_ipv4_forward_tbl.partitionswitchIngress_forward_special_get_response.client_sid, clientTrack_p4b_checksum_verified, clientTrack_partitionswitchIngress_spineload_reg__last0_old_value, clientTrack_partitionswitchIngress_hash_spine_partition_tbl.partitionswitchIngress_hash_spine_partition.eport_4, clientTrack_partitionswitchIngress_leafload_reg__last_value, clientTrack_hdr.op_hdr.optype, clientTrack_p4b_digest, clientTrack_partitionswitchEgress_eg_port_forward_tbl.action_run, clientTrack_partitionswitchIngress_leafload_reg__wrote_index0, clientTrack_partitionswitchIngress_spineload_reg, clientTrack_partitionswitchIngress_poweroftwochoice_tbl.hit, clientTrack_partitionswitchIngress_hash_spine_partition_tbl.action_run, clientTrack_partitionswitchEgress_eg_port_forward_tbl.hit, clientTrack_leafload_0, clientTrack_partitionswitchIngress_leafload_reg__wrote_any, clientTrack_partitionswitchIngress_spineload_reg__wrote_index0, clientTrack_partitionswitchIngress_hash_for_partition_tbl.hit, clientTrack_standard_metadata.egress_port, clientTrack_partitionswitchIngress_spineload_reg__next_write_site, clientTrack_partitionswitchIngress_leafload_reg__last0_value, clientTrack_spineload_0, clientTrack_partitionswitchIngress_leafload_reg__last_old_value, clientTrack_partitionswitchIngress_spineload_reg__last_value, clientTrack_p4b_recirculate, clientTrack_partitionswitchIngress_hash_leaf_partition_tbl.action_run, clientTrack_partitionswitchIngress_leafload_reg__last_write_site, clientTrack_partitionswitchIngress_leafload_reg, clientTrack_partitionswitchEgress_update_ipmac_srcport_tbl.partitionswitchEgress_update_ipmac_srcport_server2client.client_ip, clientTrack_partitionswitchIngress_leafload_reg__last_index, clientTrack_hdr.udp_hdr.checksum].
RESULT: Ultimate proved your program to be correct!
[2026-07-04 07:31:46,436 INFO  L534       MonitoredProcess]: [MP /usr/bin/z3 SMTLIB2_COMPLIANT=true -memory:2024 -smt2 -in -t:2000 (1)] Forceful destruction successful, exit code 0
Received shutdown request...
