[RUN] taskset -c 0 nice -n 19 ionice -c 3 timeout 960 /home/smy/p4-verify-camera-ready/.tmp/orphan-worktree-20260703-gemcutter/UGemCutter-linux/Ultimate --launcher.ini /home/smy/p4-verify-camera-ready/.tmp/procurator/verify/netchain_wraparound_bug/20260704-071632-dee1/wraparound/target.00.s1_sequence_reg/ultimate-home/netchain_wraparound_bug.cegis.00/closure/Ultimate.launcher.ini --core.toolchain.timeout.in.seconds=900 -tc /home/smy/p4-verify-camera-ready/src/dslc/toolchain/ultimate/toolchains/ClosureCheck-ReachSafety.xml -s /home/smy/p4-verify-camera-ready/src/dslc/toolchain/ultimate/settings/gemcutter/base/ReachSafety-32bit-GemCutter-ALL-no-por.epf -i /home/smy/p4-verify-camera-ready/.tmp/procurator/verify/netchain_wraparound_bug/20260704-071632-dee1/wraparound/target.00.s1_sequence_reg/netchain_wraparound_bug.cegis.00.closure_check.bpl
Picked up JAVA_TOOL_OPTIONS: -Duser.home=/home/smy/p4-verify-camera-ready/.tmp/procurator/verify/netchain_wraparound_bug/20260704-071632-dee1/wraparound/target.00.s1_sequence_reg/ultimate-home/netchain_wraparound_bug.cegis.00/closure
WARNING: A terminally deprecated method in sun.misc.Unsafe has been called
WARNING: sun.misc.Unsafe::staticFieldOffset has been called by org.eclipse.osgi.internal.url.MultiplexingFactory (file:/home/smy/p4-verify-camera-ready/.tmp/orphan-worktree-20260703-gemcutter/UGemCutter-linux/plugins/org.eclipse.osgi_3.20.0.v20240509-1421.jar)
WARNING: Please consider reporting this to the maintainers of class org.eclipse.osgi.internal.url.MultiplexingFactory
WARNING: sun.misc.Unsafe::staticFieldOffset will be removed in a future release
WARNING: A restricted method in java.lang.Runtime has been called
WARNING: java.lang.Runtime::load has been called by org.eclipse.equinox.launcher.JNIBridge in an unnamed module (file:/home/smy/p4-verify-camera-ready/.tmp/orphan-worktree-20260703-gemcutter/UGemCutter-linux/plugins/org.eclipse.equinox.launcher_1.6.800.v20240513-1750.jar)
WARNING: Use --enable-native-access=ALL-UNNAMED to avoid a warning for callers in this module
WARNING: Restricted methods will be blocked in a future release unless native access is enabled

This is Ultimate 0.3.1-dev-35a8436538
[2026-07-04 07:16:59,154 INFO  L188        SettingsManager]: Resetting all preferences to default values...
[2026-07-04 07:16:59,244 INFO  L114        SettingsManager]: Loading settings from /home/smy/p4-verify-camera-ready/src/dslc/toolchain/ultimate/settings/gemcutter/base/ReachSafety-32bit-GemCutter-ALL-no-por.epf
[2026-07-04 07:16:59,256 WARN  L101        SettingsManager]: Preference file contains the following unknown settings:
[2026-07-04 07:16:59,256 WARN  L103        SettingsManager]:   * de.uni_freiburg.informatik.ultimate.core.Log level for class
[2026-07-04 07:16:59,284 INFO  L130        SettingsManager]: Preferences different from defaults after loading the file:
[2026-07-04 07:16:59,285 INFO  L151        SettingsManager]: Preferences of UltimateCore differ from their defaults:
[2026-07-04 07:16:59,286 INFO  L153        SettingsManager]:  * Log level for class=de.uni_freiburg.informatik.ultimate.lib.smtlibutils.quantifier.QuantifierPusher=ERROR;
[2026-07-04 07:16:59,286 INFO  L151        SettingsManager]: Preferences of Boogie Procedure Inliner differ from their defaults:
[2026-07-04 07:16:59,286 INFO  L153        SettingsManager]:  * Ignore calls to procedures called more than once=ONLY_FOR_SEQUENTIAL_PROGRAMS
[2026-07-04 07:16:59,287 INFO  L151        SettingsManager]: Preferences of BlockEncodingV2 differ from their defaults:
[2026-07-04 07:16:59,287 INFO  L153        SettingsManager]:  * Create parallel compositions if possible=false
[2026-07-04 07:16:59,287 INFO  L153        SettingsManager]:  * Use SBE=true
[2026-07-04 07:16:59,287 INFO  L151        SettingsManager]: Preferences of CACSL2BoogieTranslator differ from their defaults:
[2026-07-04 07:16:59,288 INFO  L153        SettingsManager]:  * sizeof long=4
[2026-07-04 07:16:59,288 INFO  L153        SettingsManager]:  * Overapproximate operations on floating types=true
[2026-07-04 07:16:59,288 INFO  L153        SettingsManager]:  * sizeof POINTER=4
[2026-07-04 07:16:59,288 INFO  L153        SettingsManager]:  * Check division by zero=IGNORE
[2026-07-04 07:16:59,288 INFO  L153        SettingsManager]:  * If two pointers are subtracted or compared they have the same base address=IGNORE
[2026-07-04 07:16:59,288 INFO  L153        SettingsManager]:  * Pointer dereference validity=IGNORE
[2026-07-04 07:16:59,288 INFO  L153        SettingsManager]:  * sizeof long double=12
[2026-07-04 07:16:59,288 INFO  L153        SettingsManager]:  * Check if freed pointer was valid=false
[2026-07-04 07:16:59,288 INFO  L153        SettingsManager]:  * Use constant arrays=true
[2026-07-04 07:16:59,288 INFO  L151        SettingsManager]: Preferences of RCFGBuilder differ from their defaults:
[2026-07-04 07:16:59,288 INFO  L153        SettingsManager]:  * Size of a code block=SequenceOfStatements
[2026-07-04 07:16:59,288 INFO  L153        SettingsManager]:  * SMT solver=External_DefaultMode
[2026-07-04 07:16:59,289 INFO  L153        SettingsManager]:  * Command for external solver=z3 SMTLIB2_COMPLIANT=true -memory:2024 -smt2 -in -t:2000
[2026-07-04 07:16:59,289 INFO  L151        SettingsManager]: Preferences of TraceAbstraction differ from their defaults:
[2026-07-04 07:16:59,289 INFO  L153        SettingsManager]:  * Compute Interpolants along a Counterexample=FPandBP
[2026-07-04 07:16:59,289 INFO  L153        SettingsManager]:  * Positions where we compute the Hoare Annotation=LoopHeads
[2026-07-04 07:16:59,289 INFO  L153        SettingsManager]:  * DFS Order used in POR=LOOP_LOCKSTEP
[2026-07-04 07:16:59,289 INFO  L153        SettingsManager]:  * Command for external solver=z3 SMTLIB2_COMPLIANT=true -memory:2024 -smt2 -in
[2026-07-04 07:16:59,289 INFO  L153        SettingsManager]:  * Automaton type used in concurrency analysis=PARTIAL_ORDER_FA
[2026-07-04 07:16:59,289 INFO  L153        SettingsManager]:  * CEGAR restart behaviour=ONE_CEGAR_PER_THREAD_INSTANCE
[2026-07-04 07:16:59,289 INFO  L153        SettingsManager]:  * SMT solver=External_ModelsAndUnsatCoreMode
Applying setting for plugin de.uni_freiburg.informatik.ultimate.core: Toolchain timeout in seconds -> 900
[2026-07-04 07:16:59,735 INFO  L75    nceAwareModelManager]: Repository-Root is: /tmp
[2026-07-04 07:16:59,748 INFO  L261   ainManager$Toolchain]: [Toolchain 1]: Applicable parser(s) successfully (re)initialized
[2026-07-04 07:16:59,750 INFO  L217   ainManager$Toolchain]: [Toolchain 1]: Toolchain selected.
[2026-07-04 07:16:59,752 INFO  L270        PluginConnector]: Initializing Boogie PL CUP Parser...
[2026-07-04 07:16:59,753 INFO  L274        PluginConnector]: Boogie PL CUP Parser initialized
[2026-07-04 07:16:59,754 INFO  L431   ainManager$Toolchain]: [Toolchain 1]: Parsing single file: /home/smy/p4-verify-camera-ready/.tmp/procurator/verify/netchain_wraparound_bug/20260704-071632-dee1/wraparound/target.00.s1_sequence_reg/netchain_wraparound_bug.cegis.00.closure_check.bpl
[2026-07-04 07:16:59,754 INFO  L110           BoogieParser]: Parsing: '/home/smy/p4-verify-camera-ready/.tmp/procurator/verify/netchain_wraparound_bug/20260704-071632-dee1/wraparound/target.00.s1_sequence_reg/netchain_wraparound_bug.cegis.00.closure_check.bpl'
[2026-07-04 07:16:59,838 INFO  L299   ainManager$Toolchain]: ####################### [Toolchain 1] #######################
[2026-07-04 07:16:59,843 INFO  L133        ToolchainWalker]: Walking toolchain with 4 elements.
[2026-07-04 07:16:59,845 INFO  L112        PluginConnector]: ------------------------Boogie Procedure Inliner----------------------------
[2026-07-04 07:16:59,845 INFO  L270        PluginConnector]: Initializing Boogie Procedure Inliner...
[2026-07-04 07:16:59,845 INFO  L274        PluginConnector]: Boogie Procedure Inliner initialized
[2026-07-04 07:16:59,851 INFO  L184        PluginConnector]: Executing the observer TypeChecker from plugin Boogie Procedure Inliner for "netchain_wraparound_bug.cegis.00.closure_check.bpl de.uni_freiburg.informatik.ultimate.boogie.parser AST 04.07 07:16:59" (1/1) ...
[2026-07-04 07:16:59,882 INFO  L184        PluginConnector]: Executing the observer Inliner from plugin Boogie Procedure Inliner for "netchain_wraparound_bug.cegis.00.closure_check.bpl de.uni_freiburg.informatik.ultimate.boogie.parser AST 04.07 07:16:59" (1/1) ...
[2026-07-04 07:16:59,931 INFO  L138                Inliner]: procedures = 86, calls = 83, calls flagged for inlining = 59, calls inlined = 59, statements flattened = 900
[2026-07-04 07:16:59,932 INFO  L131        PluginConnector]: ------------------------ END Boogie Procedure Inliner----------------------------
[2026-07-04 07:16:59,941 INFO  L112        PluginConnector]: ------------------------Boogie Preprocessor----------------------------
[2026-07-04 07:16:59,941 INFO  L270        PluginConnector]: Initializing Boogie Preprocessor...
[2026-07-04 07:16:59,941 INFO  L274        PluginConnector]: Boogie Preprocessor initialized
[2026-07-04 07:16:59,950 INFO  L184        PluginConnector]: Executing the observer EnsureBoogieModelObserver from plugin Boogie Preprocessor for "netchain_wraparound_bug.cegis.00.closure_check.bpl de.uni_freiburg.informatik.ultimate.boogie.parser AST 04.07 07:16:59" (1/1) ...
[2026-07-04 07:16:59,950 INFO  L184        PluginConnector]: Executing the observer TypeChecker from plugin Boogie Preprocessor for "netchain_wraparound_bug.cegis.00.closure_check.bpl de.uni_freiburg.informatik.ultimate.boogie.parser AST 04.07 07:16:59" (1/1) ...
[2026-07-04 07:16:59,953 INFO  L184        PluginConnector]: Executing the observer ConstExpander from plugin Boogie Preprocessor for "netchain_wraparound_bug.cegis.00.closure_check.bpl de.uni_freiburg.informatik.ultimate.boogie.parser AST 04.07 07:16:59" (1/1) ...
[2026-07-04 07:16:59,953 INFO  L184        PluginConnector]: Executing the observer StructExpander from plugin Boogie Preprocessor for "netchain_wraparound_bug.cegis.00.closure_check.bpl de.uni_freiburg.informatik.ultimate.boogie.parser AST 04.07 07:16:59" (1/1) ...
[2026-07-04 07:16:59,972 INFO  L184        PluginConnector]: Executing the observer ReplaceArrayAssignments from plugin Boogie Preprocessor for "netchain_wraparound_bug.cegis.00.closure_check.bpl de.uni_freiburg.informatik.ultimate.boogie.parser AST 04.07 07:16:59" (1/1) ...
[2026-07-04 07:16:59,986 INFO  L184        PluginConnector]: Executing the observer UnstructureCode from plugin Boogie Preprocessor for "netchain_wraparound_bug.cegis.00.closure_check.bpl de.uni_freiburg.informatik.ultimate.boogie.parser AST 04.07 07:16:59" (1/1) ...
[2026-07-04 07:16:59,988 INFO  L184        PluginConnector]: Executing the observer FunctionInliner from plugin Boogie Preprocessor for "netchain_wraparound_bug.cegis.00.closure_check.bpl de.uni_freiburg.informatik.ultimate.boogie.parser AST 04.07 07:16:59" (1/1) ...
[2026-07-04 07:17:00,000 INFO  L184        PluginConnector]: Executing the observer LTLStepAnnotator from plugin Boogie Preprocessor for "netchain_wraparound_bug.cegis.00.closure_check.bpl de.uni_freiburg.informatik.ultimate.boogie.parser AST 04.07 07:16:59" (1/1) ...
[2026-07-04 07:17:00,009 INFO  L184        PluginConnector]: Executing the observer BoogieSymbolTableConstructor from plugin Boogie Preprocessor for "netchain_wraparound_bug.cegis.00.closure_check.bpl de.uni_freiburg.informatik.ultimate.boogie.parser AST 04.07 07:16:59" (1/1) ...
[2026-07-04 07:17:00,023 INFO  L131        PluginConnector]: ------------------------ END Boogie Preprocessor----------------------------
[2026-07-04 07:17:00,024 INFO  L112        PluginConnector]: ------------------------RCFGBuilder----------------------------
[2026-07-04 07:17:00,024 INFO  L270        PluginConnector]: Initializing RCFGBuilder...
[2026-07-04 07:17:00,024 INFO  L274        PluginConnector]: RCFGBuilder initialized
[2026-07-04 07:17:00,029 INFO  L184        PluginConnector]: Executing the observer RCFGBuilderObserver from plugin RCFGBuilder for "netchain_wraparound_bug.cegis.00.closure_check.bpl de.uni_freiburg.informatik.ultimate.boogie.parser AST 04.07 07:16:59" (1/1) ...
[2026-07-04 07:17:00,038 INFO  L173          SolverBuilder]: Constructing external solver with command: z3 SMTLIB2_COMPLIANT=true -memory:2024 -smt2 -in -t:2000
[2026-07-04 07:17:00,061 INFO  L189       MonitoredProcess]: No working directory specified, using /usr/bin/z3
[2026-07-04 07:17:00,083 INFO  L229       MonitoredProcess]: Starting monitored process 1 with /usr/bin/z3 SMTLIB2_COMPLIANT=true -memory:2024 -smt2 -in -t:2000 (exit command is (exit), workingDir is null)
[2026-07-04 07:17:00,090 INFO  L327       MonitoredProcess]: [MP /usr/bin/z3 SMTLIB2_COMPLIANT=true -memory:2024 -smt2 -in -t:2000 (1)] Waiting until timeout for monitored process
[2026-07-04 07:17:00,135 INFO  L124     BoogieDeclarations]: Specification and implementation of procedure s1_Forward given in one single declaration
[2026-07-04 07:17:00,136 INFO  L130     BoogieDeclarations]: Found specification of procedure s1_Forward
[2026-07-04 07:17:00,136 INFO  L138     BoogieDeclarations]: Found implementation of procedure s1_Forward
[2026-07-04 07:17:00,140 INFO  L130     BoogieDeclarations]: Found specification of procedure s1_packet_in.extract.headers.overlay.next
[2026-07-04 07:17:00,140 INFO  L130     BoogieDeclarations]: Found specification of procedure s2_mark_to_drop
[2026-07-04 07:17:00,141 INFO  L130     BoogieDeclarations]: Found specification of procedure s1_mark_to_drop
[2026-07-04 07:17:00,141 INFO  L124     BoogieDeclarations]: Specification and implementation of procedure s2_mainProcedure given in one single declaration
[2026-07-04 07:17:00,141 INFO  L130     BoogieDeclarations]: Found specification of procedure s2_mainProcedure
[2026-07-04 07:17:00,141 INFO  L138     BoogieDeclarations]: Found implementation of procedure s2_mainProcedure
[2026-07-04 07:17:00,141 INFO  L130     BoogieDeclarations]: Found specification of procedure s1_packet_in.extract
[2026-07-04 07:17:00,141 INFO  L124     BoogieDeclarations]: Specification and implementation of procedure s2_Forward given in one single declaration
[2026-07-04 07:17:00,141 INFO  L130     BoogieDeclarations]: Found specification of procedure s2_Forward
[2026-07-04 07:17:00,141 INFO  L138     BoogieDeclarations]: Found implementation of procedure s2_Forward
[2026-07-04 07:17:00,141 INFO  L130     BoogieDeclarations]: Found specification of procedure s2_packet_in.extract.headers.overlay.next
[2026-07-04 07:17:00,141 INFO  L124     BoogieDeclarations]: Specification and implementation of procedure s1_mainProcedure given in one single declaration
[2026-07-04 07:17:00,141 INFO  L130     BoogieDeclarations]: Found specification of procedure s1_mainProcedure
[2026-07-04 07:17:00,141 INFO  L138     BoogieDeclarations]: Found implementation of procedure s1_mainProcedure
[2026-07-04 07:17:00,141 INFO  L130     BoogieDeclarations]: Found specification of procedure s2_reject
[2026-07-04 07:17:00,141 INFO  L130     BoogieDeclarations]: Found specification of procedure s2_packet_in.extract
[2026-07-04 07:17:00,141 INFO  L130     BoogieDeclarations]: Found specification of procedure s1_reject
[2026-07-04 07:17:00,141 INFO  L124     BoogieDeclarations]: Specification and implementation of procedure ULTIMATE.start given in one single declaration
[2026-07-04 07:17:00,141 INFO  L130     BoogieDeclarations]: Found specification of procedure ULTIMATE.start
[2026-07-04 07:17:00,141 INFO  L138     BoogieDeclarations]: Found implementation of procedure ULTIMATE.start
[2026-07-04 07:17:00,455 INFO  L234             CfgBuilder]: Building ICFG
[2026-07-04 07:17:00,456 INFO  L260             CfgBuilder]: Building CFG for each procedure with an implementation
[2026-07-04 07:17:01,306 INFO  L?                        ?]: Removed 9 outVars from TransFormulas that were not future-live.
[2026-07-04 07:17:01,307 INFO  L283             CfgBuilder]: Performing block encoding
[2026-07-04 07:17:01,316 INFO  L89      LargeBlockEncoding]: Applying CFG Large Block Encoding to ICFG that has 5 procedures, 174 locations, 257 edges, 0 initial locations, 0 loop locations, and 1 error locations.
[2026-07-04 07:17:01,338 INFO  L139     LargeBlockEncoding]: LargeBlockEncoding completed in 30 ms, with 0 straightline sequential compositions, 0 parallel compositions, 0 1:n/n:1 sequential compositions and 0 complex sequential compositions.
[2026-07-04 07:17:01,340 INFO  L307             CfgBuilder]: Using the 1 location(s) as analysis (start of procedure ULTIMATE.start)
[2026-07-04 07:17:01,340 INFO  L312             CfgBuilder]: Removed 2 assume(true) statements.
[2026-07-04 07:17:01,340 INFO  L314             CfgBuilder]: Constructed ICFG has 5 procedures, 174 locations, 257 edges, 1 initial locations, 0 loop locations, and 1 error locations.
[2026-07-04 07:17:01,341 INFO  L201        PluginConnector]: Adding new model netchain_wraparound_bug.cegis.00.closure_check.bpl de.uni_freiburg.informatik.ultimate.plugins.generator.rcfgbuilder CFG 04.07 07:17:01 BoogieIcfgContainer
[2026-07-04 07:17:01,341 INFO  L131        PluginConnector]: ------------------------ END RCFGBuilder----------------------------
[2026-07-04 07:17:01,350 INFO  L112        PluginConnector]: ------------------------TraceAbstraction----------------------------
[2026-07-04 07:17:01,350 INFO  L270        PluginConnector]: Initializing TraceAbstraction...
[2026-07-04 07:17:01,354 INFO  L274        PluginConnector]: TraceAbstraction initialized
[2026-07-04 07:17:01,354 INFO  L184        PluginConnector]: Executing the observer TraceAbstractionObserver from plugin TraceAbstraction for "netchain_wraparound_bug.cegis.00.closure_check.bpl de.uni_freiburg.informatik.ultimate.boogie.parser AST 04.07 07:16:59" (1/2) ...
[2026-07-04 07:17:01,356 INFO  L204        PluginConnector]: Invalid model from TraceAbstraction for observer de.uni_freiburg.informatik.ultimate.plugins.generator.traceabstraction.TraceAbstractionObserver@4ad62d25 and model type netchain_wraparound_bug.cegis.00.closure_check.bpl de.uni_freiburg.informatik.ultimate.plugins.generator.traceabstraction AST 04.07 07:17:01, skipping insertion in model container
[2026-07-04 07:17:01,357 INFO  L184        PluginConnector]: Executing the observer TraceAbstractionObserver from plugin TraceAbstraction for "netchain_wraparound_bug.cegis.00.closure_check.bpl de.uni_freiburg.informatik.ultimate.plugins.generator.rcfgbuilder CFG 04.07 07:17:01" (2/2) ...
[2026-07-04 07:17:01,357 INFO  L128   eAbstractionObserver]: Analyzing ICFG netchain_wraparound_bug.cegis.00.closure_check.bpl
[2026-07-04 07:17:01,371 INFO  L217   ceAbstractionStarter]: Automizer settings: Hoare:LoopHeads NWA Interpolation:FPandBP Determinization: PREDICATE_ABSTRACTION
[2026-07-04 07:17:01,372 INFO  L151   ceAbstractionStarter]: Applying trace abstraction to ICFG netchain_wraparound_bug.cegis.00.closure_check.bpl that has 5 procedures, 174 locations, 257 edges, 1 initial locations, 0 loop locations, and 1 error locations.
[2026-07-04 07:17:01,372 WARN  L366   ceAbstractionStarter]: Program is not concurrent. Changing CEGAR restart behaviour to ONLY_ONE_CEGAR
[2026-07-04 07:17:01,481 INFO  L344      AbstractCegarLoop]: ======== Iteration 0 == of CEGAR loop == AllErrorsAtOnce ========
[2026-07-04 07:17:01,495 INFO  L345      AbstractCegarLoop]: Settings: SEPARATE_VIOLATION_CHECK=true, mInterprocedural=true, mMaxIterations=1000000, mWatchIteration=1000000, mArtifact=RCFG, mInterpolation=FPandBP, mInterpolantAutomaton=STRAIGHT_LINE, mDumpAutomata=false, mAutomataFormat=ATS_NUMERATE, mDumpPath=., mDeterminiation=PREDICATE_ABSTRACTION, mMinimize=MINIMIZE_SEVPA, mAutomataTypeConcurrency=PARTIAL_ORDER_FA, mHoareTripleChecks=INCREMENTAL, mHoareAnnotationPositions=LoopHeads, mDumpOnlyReuseAutomata=false, mLimitTraceHistogram=0, mErrorLocTimeLimit=0, mLimitPathProgramCount=0, mCollectInterpolantStatistics=true, mHeuristicEmptinessCheck=false, mHeuristicEmptinessCheckAStarHeuristic=ZERO, mHeuristicEmptinessCheckAStarHeuristicRandomSeed=1337, mHeuristicEmptinessCheckSmtFeatureScoringMethod=DAGSIZE, mSMTFeatureExtraction=false, mSMTFeatureExtractionDumpPath=., mOverrideInterpolantAutomaton=false, mMcrInterpolantMethod=WP, mPorIndependenceSettings=[Lde.uni_freiburg.informatik.ultimate.lib.tracecheckerutils.partialorder.independence.IndependenceSettings;@50d6e0b8, mLbeIndependenceSettings=[IndependenceType=SEMANTIC, AbstractionType=NONE, UseConditional=false, UseSemiCommutativity=true, Solver=Z3, SolverTimeout=1000ms]
[2026-07-04 07:17:01,495 INFO  L346      AbstractCegarLoop]: Starting to check reachability of 1 error locations.
[2026-07-04 07:17:01,503 INFO  L278                IsEmpty]: Start isEmpty. Operand  has 174 states, 164 states have (on average 1.4939024390243902) internal successors, (245), 166 states have internal predecessors, (245), 4 states have call successors, (4), 4 states have call predecessors, (4), 4 states have return successors, (4), 4 states have call predecessors, (4), 4 states have call successors, (4)
[2026-07-04 07:17:01,511 INFO  L284                IsEmpty]: Finished isEmpty. Found accepting run of length 34
[2026-07-04 07:17:01,512 INFO  L199           NwaCegarLoop]: Found error trace
[2026-07-04 07:17:01,513 INFO  L207           NwaCegarLoop]: trace histogram [1, 1, 1, 1, 1, 1, 1, 1, 1, 1, 1, 1, 1, 1, 1, 1, 1, 1, 1, 1, 1, 1, 1, 1, 1, 1, 1, 1, 1, 1, 1, 1, 1]
[2026-07-04 07:17:01,515 INFO  L408      AbstractCegarLoop]: === Iteration 1 === Targeting ULTIMATE.startErr0ASSERT_VIOLATIONASSERT === [ULTIMATE.startErr0ASSERT_VIOLATIONASSERT] ===
[2026-07-04 07:17:01,521 INFO  L156       PredicateUnifier]: Initialized classic predicate unifier
[2026-07-04 07:17:01,522 INFO  L85        PathProgramCache]: Analyzing trace with hash -853863910, now seen corresponding path program 1 times
[2026-07-04 07:17:01,532 INFO  L118   FreeRefinementEngine]: Executing refinement strategy FIXED_PREFERENCES
[2026-07-04 07:17:01,537 INFO  L324   FreeRefinementEngine]: Using trace check IpTcStrategyModulePreferences [115872256]
[2026-07-04 07:17:01,537 INFO  L97    rtionOrderModulation]: Keeping assertion order NOT_INCREMENTALLY
[2026-07-04 07:17:01,537 INFO  L173          SolverBuilder]: Constructing external solver with command: z3 SMTLIB2_COMPLIANT=true -memory:2024 -smt2 -in
[2026-07-04 07:17:01,539 INFO  L189       MonitoredProcess]: No working directory specified, using /usr/bin/z3
[2026-07-04 07:17:01,546 INFO  L229       MonitoredProcess]: Starting monitored process 2 with /usr/bin/z3 SMTLIB2_COMPLIANT=true -memory:2024 -smt2 -in (exit command is (exit), workingDir is null)
[2026-07-04 07:17:01,548 INFO  L327       MonitoredProcess]: [MP /usr/bin/z3 SMTLIB2_COMPLIANT=true -memory:2024 -smt2 -in (2)] Waiting until timeout for monitored process
[2026-07-04 07:17:01,795 INFO  L108    AnnotateAndAsserter]: Assert order NOT_INCREMENTALLY partitioned 33 statements into 1 equivalence classes.
[2026-07-04 07:17:01,890 INFO  L111    AnnotateAndAsserter]: Assert order NOT_INCREMENTALLY issued 1 check-sat command(s) and asserted 33 of 33 statements.
[2026-07-04 07:17:01,891 INFO  L114    AnnotateAndAsserter]: Assert order NOT_INCREMENTALLY issued 1 check-sat command(s)
[2026-07-04 07:17:01,891 INFO  L115    AnnotateAndAsserter]: Conjunction of SSA is unsat
[2026-07-04 07:17:01,901 INFO  L256         TraceCheckSpWp]: Trace formula consists of 446 conjuncts, 2 conjuncts are in the unsatisfiable core
[2026-07-04 07:17:01,905 INFO  L279         TraceCheckSpWp]: Computing forward predicates...
[2026-07-04 07:17:01,969 INFO  L134       CoverageAnalysis]: Checked inductivity of 0 backedges. 0 proven. 0 refuted. 0 times theorem prover too weak. 0 trivial. 0 not checked.
[2026-07-04 07:17:01,970 INFO  L312         TraceCheckSpWp]: Computing backward predicates...
[2026-07-04 07:17:02,063 INFO  L134       CoverageAnalysis]: Checked inductivity of 0 backedges. 0 proven. 0 refuted. 0 times theorem prover too weak. 0 trivial. 0 not checked.
[2026-07-04 07:17:02,064 INFO  L136   FreeRefinementEngine]: Strategy FIXED_PREFERENCES found an infeasible trace
[2026-07-04 07:17:02,064 INFO  L324   FreeRefinementEngine]: Using interpolant generator IpTcStrategyModulePreferences [115872256]
[2026-07-04 07:17:02,064 INFO  L158   FreeRefinementEngine]: IpTcStrategyModulePreferences [115872256] provided 2 perfect and 0 imperfect interpolant sequences
[2026-07-04 07:17:02,064 INFO  L185   FreeRefinementEngine]: Found 2 perfect and 0 imperfect interpolant sequences.
[2026-07-04 07:17:02,065 INFO  L198   FreeRefinementEngine]: Number of different interpolants: perfect sequences [3, 4] imperfect sequences [] total 4
[2026-07-04 07:17:02,066 INFO  L121   tionRefinementEngine]: Using interpolant automaton builder IpAbStrategyModuleStraightlineAll [1655061010]
[2026-07-04 07:17:02,067 INFO  L85    oduleStraightlineAll]: Using 2 perfect interpolants to construct interpolant automaton
[2026-07-04 07:17:02,077 INFO  L567      AbstractCegarLoop]: INTERPOLANT automaton has 4 states
[2026-07-04 07:17:02,078 INFO  L100   FreeRefinementEngine]: Using predicate unifier PredicateUnifier provided by strategy FIXED_PREFERENCES
[2026-07-04 07:17:02,102 INFO  L144   InterpolantAutomaton]: Constructing interpolant automaton starting with 4 interpolants.
[2026-07-04 07:17:02,102 INFO  L146   InterpolantAutomaton]: CoverageRelationStatistics Valid=5, Invalid=7, Unknown=0, NotChecked=0, Total=12
[2026-07-04 07:17:02,105 INFO  L87              Difference]: Start difference. First operand  has 174 states, 164 states have (on average 1.4939024390243902) internal successors, (245), 166 states have internal predecessors, (245), 4 states have call successors, (4), 4 states have call predecessors, (4), 4 states have return successors, (4), 4 states have call predecessors, (4), 4 states have call successors, (4) Second operand  has 4 states, 4 states have (on average 12.0) internal successors, (48), 4 states have internal predecessors, (48), 2 states have call successors, (4), 3 states have call predecessors, (4), 3 states have return successors, (4), 1 states have call predecessors, (4), 2 states have call successors, (4)
[2026-07-04 07:17:02,275 INFO  L144             Difference]: Subtrahend was deterministic. Have not used determinization.
[2026-07-04 07:17:02,275 INFO  L93              Difference]: Finished difference Result 346 states and 504 transitions.
[2026-07-04 07:17:02,276 INFO  L140   InterpolantAutomaton]: Switched to read-only mode: deterministic interpolant automaton has 3 states. 
[2026-07-04 07:17:02,277 INFO  L79                 Accepts]: Start accepts. Automaton has  has 4 states, 4 states have (on average 12.0) internal successors, (48), 4 states have internal predecessors, (48), 2 states have call successors, (4), 3 states have call predecessors, (4), 3 states have return successors, (4), 1 states have call predecessors, (4), 2 states have call successors, (4) Word has length 33
[2026-07-04 07:17:02,280 INFO  L85                 Accepts]: Finished accepts. some prefix is accepted.
[2026-07-04 07:17:02,291 INFO  L225             Difference]: With dead ends: 346
[2026-07-04 07:17:02,291 INFO  L226             Difference]: Without dead ends: 170
[2026-07-04 07:17:02,294 INFO  L425           NwaCegarLoop]: 0 DeclaredPredicates, 64 GetRequests, 62 SyntacticMatches, 0 SemanticMatches, 2 ConstructedPredicates, 0 IntricatePredicates, 0 DeprecatedPredicates, 0 ImplicationChecksByTransitivity, 0.0s TimeCoverageRelationStatistics Valid=5, Invalid=7, Unknown=0, NotChecked=0, Total=12
[2026-07-04 07:17:02,295 INFO  L426           NwaCegarLoop]: 248 mSDtfsCounter, 242 mSDsluCounter, 243 mSDsCounter, 0 mSdLazyCounter, 13 mSolverCounterSat, 0 mSolverCounterUnsat, 0 mSolverCounterUnknown, 0 mSolverCounterNotChecked, 0.1s Time, 0 mProtectedPredicate, 0 mProtectedAction, 242 SdHoareTripleChecker+Valid, 491 SdHoareTripleChecker+Invalid, 13 SdHoareTripleChecker+Unknown, 0 SdHoareTripleChecker+Unchecked, 0.0s SdHoareTripleChecker+Time, 0 IncrementalHoareTripleChecker+Valid, 13 IncrementalHoareTripleChecker+Invalid, 0 IncrementalHoareTripleChecker+Unknown, 0 IncrementalHoareTripleChecker+Unchecked, 0.1s IncrementalHoareTripleChecker+Time
[2026-07-04 07:17:02,296 INFO  L427           NwaCegarLoop]: SdHoareTripleChecker [242 Valid, 491 Invalid, 13 Unknown, 0 Unchecked, 0.0s Time], IncrementalHoareTripleChecker [0 Valid, 13 Invalid, 0 Unknown, 0 Unchecked, 0.1s Time]
[2026-07-04 07:17:02,317 INFO  L82        GeneralOperation]: Start minimizeSevpa. Operand 170 states.
[2026-07-04 07:17:02,342 INFO  L88        GeneralOperation]: Finished minimizeSevpa. Reduced states from 170 to 170.
[2026-07-04 07:17:02,343 INFO  L82        GeneralOperation]: Start removeUnreachable. Operand  has 170 states, 161 states have (on average 1.4782608695652173) internal successors, (238), 162 states have internal predecessors, (238), 4 states have call successors, (4), 4 states have call predecessors, (4), 4 states have return successors, (4), 4 states have call predecessors, (4), 4 states have call successors, (4)
[2026-07-04 07:17:02,345 INFO  L88        GeneralOperation]: Finished removeUnreachable. Reduced from 170 states to 170 states and 246 transitions.
[2026-07-04 07:17:02,356 INFO  L79                 Accepts]: Start accepts. Automaton has 170 states and 246 transitions. Word has length 33
[2026-07-04 07:17:02,357 INFO  L85                 Accepts]: Finished accepts. word is rejected.
[2026-07-04 07:17:02,357 INFO  L490      AbstractCegarLoop]: Abstraction has 170 states and 246 transitions.
[2026-07-04 07:17:02,357 INFO  L491      AbstractCegarLoop]: INTERPOLANT automaton has  has 4 states, 4 states have (on average 12.0) internal successors, (48), 4 states have internal predecessors, (48), 2 states have call successors, (4), 3 states have call predecessors, (4), 3 states have return successors, (4), 1 states have call predecessors, (4), 2 states have call successors, (4)
[2026-07-04 07:17:02,357 INFO  L278                IsEmpty]: Start isEmpty. Operand 170 states and 246 transitions.
[2026-07-04 07:17:02,358 INFO  L284                IsEmpty]: Finished isEmpty. Found accepting run of length 36
[2026-07-04 07:17:02,358 INFO  L199           NwaCegarLoop]: Found error trace
[2026-07-04 07:17:02,358 INFO  L207           NwaCegarLoop]: trace histogram [1, 1, 1, 1, 1, 1, 1, 1, 1, 1, 1, 1, 1, 1, 1, 1, 1, 1, 1, 1, 1, 1, 1, 1, 1, 1, 1, 1, 1, 1, 1, 1, 1, 1, 1]
[2026-07-04 07:17:02,370 INFO  L546       MonitoredProcess]: [MP /usr/bin/z3 SMTLIB2_COMPLIANT=true -memory:2024 -smt2 -in (2)] Ended with exit code 0
[2026-07-04 07:17:02,559 WARN  L471      AbstractCegarLoop]: Destroyed unattended storables created during the last iteration: 2 /usr/bin/z3 SMTLIB2_COMPLIANT=true -memory:2024 -smt2 -in
[2026-07-04 07:17:02,559 INFO  L408      AbstractCegarLoop]: === Iteration 2 === Targeting ULTIMATE.startErr0ASSERT_VIOLATIONASSERT === [ULTIMATE.startErr0ASSERT_VIOLATIONASSERT] ===
[2026-07-04 07:17:02,560 INFO  L156       PredicateUnifier]: Initialized classic predicate unifier
[2026-07-04 07:17:02,560 INFO  L85        PathProgramCache]: Analyzing trace with hash 703315552, now seen corresponding path program 1 times
[2026-07-04 07:17:02,560 INFO  L118   FreeRefinementEngine]: Executing refinement strategy FIXED_PREFERENCES
[2026-07-04 07:17:02,561 INFO  L324   FreeRefinementEngine]: Using trace check IpTcStrategyModulePreferences [1900669815]
[2026-07-04 07:17:02,561 INFO  L97    rtionOrderModulation]: Keeping assertion order NOT_INCREMENTALLY
[2026-07-04 07:17:02,561 INFO  L173          SolverBuilder]: Constructing external solver with command: z3 SMTLIB2_COMPLIANT=true -memory:2024 -smt2 -in
[2026-07-04 07:17:02,594 INFO  L189       MonitoredProcess]: No working directory specified, using /usr/bin/z3
[2026-07-04 07:17:02,599 INFO  L229       MonitoredProcess]: Starting monitored process 3 with /usr/bin/z3 SMTLIB2_COMPLIANT=true -memory:2024 -smt2 -in (exit command is (exit), workingDir is null)
[2026-07-04 07:17:02,601 INFO  L327       MonitoredProcess]: [MP /usr/bin/z3 SMTLIB2_COMPLIANT=true -memory:2024 -smt2 -in (3)] Waiting until timeout for monitored process
[2026-07-04 07:17:02,796 INFO  L108    AnnotateAndAsserter]: Assert order NOT_INCREMENTALLY partitioned 35 statements into 1 equivalence classes.
[2026-07-04 07:17:02,857 INFO  L111    AnnotateAndAsserter]: Assert order NOT_INCREMENTALLY issued 1 check-sat command(s) and asserted 35 of 35 statements.
[2026-07-04 07:17:02,857 INFO  L114    AnnotateAndAsserter]: Assert order NOT_INCREMENTALLY issued 1 check-sat command(s)
[2026-07-04 07:17:02,857 INFO  L115    AnnotateAndAsserter]: Conjunction of SSA is unsat
[2026-07-04 07:17:02,861 INFO  L256         TraceCheckSpWp]: Trace formula consists of 450 conjuncts, 2 conjuncts are in the unsatisfiable core
[2026-07-04 07:17:02,863 INFO  L279         TraceCheckSpWp]: Computing forward predicates...
[2026-07-04 07:17:02,875 INFO  L134       CoverageAnalysis]: Checked inductivity of 0 backedges. 0 proven. 0 refuted. 0 times theorem prover too weak. 0 trivial. 0 not checked.
[2026-07-04 07:17:02,875 INFO  L312         TraceCheckSpWp]: Computing backward predicates...
[2026-07-04 07:17:02,891 INFO  L134       CoverageAnalysis]: Checked inductivity of 0 backedges. 0 proven. 0 refuted. 0 times theorem prover too weak. 0 trivial. 0 not checked.
[2026-07-04 07:17:02,892 INFO  L136   FreeRefinementEngine]: Strategy FIXED_PREFERENCES found an infeasible trace
[2026-07-04 07:17:02,892 INFO  L324   FreeRefinementEngine]: Using interpolant generator IpTcStrategyModulePreferences [1900669815]
[2026-07-04 07:17:02,892 INFO  L158   FreeRefinementEngine]: IpTcStrategyModulePreferences [1900669815] provided 2 perfect and 0 imperfect interpolant sequences
[2026-07-04 07:17:02,892 INFO  L185   FreeRefinementEngine]: Found 2 perfect and 0 imperfect interpolant sequences.
[2026-07-04 07:17:02,892 INFO  L198   FreeRefinementEngine]: Number of different interpolants: perfect sequences [3, 3] imperfect sequences [] total 3
[2026-07-04 07:17:02,892 INFO  L121   tionRefinementEngine]: Using interpolant automaton builder IpAbStrategyModuleStraightlineAll [570944296]
[2026-07-04 07:17:02,892 INFO  L85    oduleStraightlineAll]: Using 2 perfect interpolants to construct interpolant automaton
[2026-07-04 07:17:02,893 INFO  L567      AbstractCegarLoop]: INTERPOLANT automaton has 3 states
[2026-07-04 07:17:02,893 INFO  L100   FreeRefinementEngine]: Using predicate unifier PredicateUnifier provided by strategy FIXED_PREFERENCES
[2026-07-04 07:17:02,893 INFO  L144   InterpolantAutomaton]: Constructing interpolant automaton starting with 3 interpolants.
[2026-07-04 07:17:02,893 INFO  L146   InterpolantAutomaton]: CoverageRelationStatistics Valid=3, Invalid=3, Unknown=0, NotChecked=0, Total=6
[2026-07-04 07:17:02,893 INFO  L87              Difference]: Start difference. First operand 170 states and 246 transitions. Second operand  has 3 states, 3 states have (on average 11.0) internal successors, (33), 3 states have internal predecessors, (33), 2 states have call successors, (3), 2 states have call predecessors, (3), 2 states have return successors, (3), 1 states have call predecessors, (3), 2 states have call successors, (3)
[2026-07-04 07:17:02,928 INFO  L144             Difference]: Subtrahend was deterministic. Have not used determinization.
[2026-07-04 07:17:02,928 INFO  L93              Difference]: Finished difference Result 322 states and 467 transitions.
[2026-07-04 07:17:02,937 INFO  L140   InterpolantAutomaton]: Switched to read-only mode: deterministic interpolant automaton has 3 states. 
[2026-07-04 07:17:02,937 INFO  L79                 Accepts]: Start accepts. Automaton has  has 3 states, 3 states have (on average 11.0) internal successors, (33), 3 states have internal predecessors, (33), 2 states have call successors, (3), 2 states have call predecessors, (3), 2 states have return successors, (3), 1 states have call predecessors, (3), 2 states have call successors, (3) Word has length 35
[2026-07-04 07:17:02,937 INFO  L85                 Accepts]: Finished accepts. some prefix is accepted.
[2026-07-04 07:17:02,938 INFO  L225             Difference]: With dead ends: 322
[2026-07-04 07:17:02,938 INFO  L226             Difference]: Without dead ends: 169
[2026-07-04 07:17:02,939 INFO  L425           NwaCegarLoop]: 0 DeclaredPredicates, 68 GetRequests, 67 SyntacticMatches, 0 SemanticMatches, 1 ConstructedPredicates, 0 IntricatePredicates, 0 DeprecatedPredicates, 0 ImplicationChecksByTransitivity, 0.0s TimeCoverageRelationStatistics Valid=3, Invalid=3, Unknown=0, NotChecked=0, Total=6
[2026-07-04 07:17:02,939 INFO  L426           NwaCegarLoop]: 241 mSDtfsCounter, 237 mSDsluCounter, 4 mSDsCounter, 0 mSdLazyCounter, 2 mSolverCounterSat, 2 mSolverCounterUnsat, 0 mSolverCounterUnknown, 0 mSolverCounterNotChecked, 0.0s Time, 0 mProtectedPredicate, 0 mProtectedAction, 237 SdHoareTripleChecker+Valid, 245 SdHoareTripleChecker+Invalid, 4 SdHoareTripleChecker+Unknown, 0 SdHoareTripleChecker+Unchecked, 0.0s SdHoareTripleChecker+Time, 2 IncrementalHoareTripleChecker+Valid, 2 IncrementalHoareTripleChecker+Invalid, 0 IncrementalHoareTripleChecker+Unknown, 0 IncrementalHoareTripleChecker+Unchecked, 0.0s IncrementalHoareTripleChecker+Time
[2026-07-04 07:17:02,939 INFO  L427           NwaCegarLoop]: SdHoareTripleChecker [237 Valid, 245 Invalid, 4 Unknown, 0 Unchecked, 0.0s Time], IncrementalHoareTripleChecker [2 Valid, 2 Invalid, 0 Unknown, 0 Unchecked, 0.0s Time]
[2026-07-04 07:17:02,940 INFO  L82        GeneralOperation]: Start minimizeSevpa. Operand 169 states.
[2026-07-04 07:17:02,949 INFO  L88        GeneralOperation]: Finished minimizeSevpa. Reduced states from 169 to 169.
[2026-07-04 07:17:02,950 INFO  L82        GeneralOperation]: Start removeUnreachable. Operand  has 169 states, 160 states have (on average 1.46875) internal successors, (235), 161 states have internal predecessors, (235), 4 states have call successors, (4), 4 states have call predecessors, (4), 4 states have return successors, (4), 4 states have call predecessors, (4), 4 states have call successors, (4)
[2026-07-04 07:17:02,951 INFO  L88        GeneralOperation]: Finished removeUnreachable. Reduced from 169 states to 169 states and 243 transitions.
[2026-07-04 07:17:02,951 INFO  L79                 Accepts]: Start accepts. Automaton has 169 states and 243 transitions. Word has length 35
[2026-07-04 07:17:02,951 INFO  L85                 Accepts]: Finished accepts. word is rejected.
[2026-07-04 07:17:02,951 INFO  L490      AbstractCegarLoop]: Abstraction has 169 states and 243 transitions.
[2026-07-04 07:17:02,951 INFO  L491      AbstractCegarLoop]: INTERPOLANT automaton has  has 3 states, 3 states have (on average 11.0) internal successors, (33), 3 states have internal predecessors, (33), 2 states have call successors, (3), 2 states have call predecessors, (3), 2 states have return successors, (3), 1 states have call predecessors, (3), 2 states have call successors, (3)
[2026-07-04 07:17:02,951 INFO  L278                IsEmpty]: Start isEmpty. Operand 169 states and 243 transitions.
[2026-07-04 07:17:02,952 INFO  L284                IsEmpty]: Finished isEmpty. Found accepting run of length 38
[2026-07-04 07:17:02,952 INFO  L199           NwaCegarLoop]: Found error trace
[2026-07-04 07:17:02,952 INFO  L207           NwaCegarLoop]: trace histogram [1, 1, 1, 1, 1, 1, 1, 1, 1, 1, 1, 1, 1, 1, 1, 1, 1, 1, 1, 1, 1, 1, 1, 1, 1, 1, 1, 1, 1, 1, 1, 1, 1, 1, 1, 1, 1]
[2026-07-04 07:17:02,967 INFO  L546       MonitoredProcess]: [MP /usr/bin/z3 SMTLIB2_COMPLIANT=true -memory:2024 -smt2 -in (3)] Ended with exit code 0
[2026-07-04 07:17:03,161 WARN  L471      AbstractCegarLoop]: Destroyed unattended storables created during the last iteration: 3 /usr/bin/z3 SMTLIB2_COMPLIANT=true -memory:2024 -smt2 -in
[2026-07-04 07:17:03,161 INFO  L408      AbstractCegarLoop]: === Iteration 3 === Targeting ULTIMATE.startErr0ASSERT_VIOLATIONASSERT === [ULTIMATE.startErr0ASSERT_VIOLATIONASSERT] ===
[2026-07-04 07:17:03,162 INFO  L156       PredicateUnifier]: Initialized classic predicate unifier
[2026-07-04 07:17:03,162 INFO  L85        PathProgramCache]: Analyzing trace with hash -1000762170, now seen corresponding path program 1 times
[2026-07-04 07:17:03,162 INFO  L118   FreeRefinementEngine]: Executing refinement strategy FIXED_PREFERENCES
[2026-07-04 07:17:03,162 INFO  L324   FreeRefinementEngine]: Using trace check IpTcStrategyModulePreferences [1013086608]
[2026-07-04 07:17:03,162 INFO  L97    rtionOrderModulation]: Keeping assertion order NOT_INCREMENTALLY
[2026-07-04 07:17:03,162 INFO  L173          SolverBuilder]: Constructing external solver with command: z3 SMTLIB2_COMPLIANT=true -memory:2024 -smt2 -in
[2026-07-04 07:17:03,163 INFO  L189       MonitoredProcess]: No working directory specified, using /usr/bin/z3
[2026-07-04 07:17:03,173 INFO  L229       MonitoredProcess]: Starting monitored process 4 with /usr/bin/z3 SMTLIB2_COMPLIANT=true -memory:2024 -smt2 -in (exit command is (exit), workingDir is null)
[2026-07-04 07:17:03,175 INFO  L327       MonitoredProcess]: [MP /usr/bin/z3 SMTLIB2_COMPLIANT=true -memory:2024 -smt2 -in (4)] Waiting until timeout for monitored process
[2026-07-04 07:17:03,368 INFO  L108    AnnotateAndAsserter]: Assert order NOT_INCREMENTALLY partitioned 37 statements into 1 equivalence classes.
[2026-07-04 07:17:03,421 INFO  L111    AnnotateAndAsserter]: Assert order NOT_INCREMENTALLY issued 1 check-sat command(s) and asserted 37 of 37 statements.
[2026-07-04 07:17:03,421 INFO  L114    AnnotateAndAsserter]: Assert order NOT_INCREMENTALLY issued 1 check-sat command(s)
[2026-07-04 07:17:03,421 INFO  L115    AnnotateAndAsserter]: Conjunction of SSA is unsat
[2026-07-04 07:17:03,427 INFO  L256         TraceCheckSpWp]: Trace formula consists of 453 conjuncts, 2 conjuncts are in the unsatisfiable core
[2026-07-04 07:17:03,434 INFO  L279         TraceCheckSpWp]: Computing forward predicates...
[2026-07-04 07:17:03,449 INFO  L134       CoverageAnalysis]: Checked inductivity of 0 backedges. 0 proven. 0 refuted. 0 times theorem prover too weak. 0 trivial. 0 not checked.
[2026-07-04 07:17:03,449 INFO  L312         TraceCheckSpWp]: Computing backward predicates...
[2026-07-04 07:17:03,474 INFO  L134       CoverageAnalysis]: Checked inductivity of 0 backedges. 0 proven. 0 refuted. 0 times theorem prover too weak. 0 trivial. 0 not checked.
[2026-07-04 07:17:03,474 INFO  L136   FreeRefinementEngine]: Strategy FIXED_PREFERENCES found an infeasible trace
[2026-07-04 07:17:03,474 INFO  L324   FreeRefinementEngine]: Using interpolant generator IpTcStrategyModulePreferences [1013086608]
[2026-07-04 07:17:03,474 INFO  L158   FreeRefinementEngine]: IpTcStrategyModulePreferences [1013086608] provided 2 perfect and 0 imperfect interpolant sequences
[2026-07-04 07:17:03,474 INFO  L185   FreeRefinementEngine]: Found 2 perfect and 0 imperfect interpolant sequences.
[2026-07-04 07:17:03,474 INFO  L198   FreeRefinementEngine]: Number of different interpolants: perfect sequences [3, 3] imperfect sequences [] total 3
[2026-07-04 07:17:03,474 INFO  L121   tionRefinementEngine]: Using interpolant automaton builder IpAbStrategyModuleStraightlineAll [321955537]
[2026-07-04 07:17:03,474 INFO  L85    oduleStraightlineAll]: Using 2 perfect interpolants to construct interpolant automaton
[2026-07-04 07:17:03,475 INFO  L567      AbstractCegarLoop]: INTERPOLANT automaton has 3 states
[2026-07-04 07:17:03,475 INFO  L100   FreeRefinementEngine]: Using predicate unifier PredicateUnifier provided by strategy FIXED_PREFERENCES
[2026-07-04 07:17:03,475 INFO  L144   InterpolantAutomaton]: Constructing interpolant automaton starting with 3 interpolants.
[2026-07-04 07:17:03,475 INFO  L146   InterpolantAutomaton]: CoverageRelationStatistics Valid=3, Invalid=3, Unknown=0, NotChecked=0, Total=6
[2026-07-04 07:17:03,475 INFO  L87              Difference]: Start difference. First operand 169 states and 243 transitions. Second operand  has 3 states, 3 states have (on average 11.666666666666666) internal successors, (35), 3 states have internal predecessors, (35), 2 states have call successors, (3), 2 states have call predecessors, (3), 2 states have return successors, (3), 1 states have call predecessors, (3), 2 states have call successors, (3)
[2026-07-04 07:17:03,499 INFO  L144             Difference]: Subtrahend was deterministic. Have not used determinization.
[2026-07-04 07:17:03,499 INFO  L93              Difference]: Finished difference Result 325 states and 471 transitions.
[2026-07-04 07:17:03,507 INFO  L140   InterpolantAutomaton]: Switched to read-only mode: deterministic interpolant automaton has 3 states. 
[2026-07-04 07:17:03,507 INFO  L79                 Accepts]: Start accepts. Automaton has  has 3 states, 3 states have (on average 11.666666666666666) internal successors, (35), 3 states have internal predecessors, (35), 2 states have call successors, (3), 2 states have call predecessors, (3), 2 states have return successors, (3), 1 states have call predecessors, (3), 2 states have call successors, (3) Word has length 37
[2026-07-04 07:17:03,507 INFO  L85                 Accepts]: Finished accepts. some prefix is accepted.
[2026-07-04 07:17:03,508 INFO  L225             Difference]: With dead ends: 325
[2026-07-04 07:17:03,508 INFO  L226             Difference]: Without dead ends: 169
[2026-07-04 07:17:03,509 INFO  L425           NwaCegarLoop]: 0 DeclaredPredicates, 72 GetRequests, 71 SyntacticMatches, 0 SemanticMatches, 1 ConstructedPredicates, 0 IntricatePredicates, 0 DeprecatedPredicates, 0 ImplicationChecksByTransitivity, 0.0s TimeCoverageRelationStatistics Valid=3, Invalid=3, Unknown=0, NotChecked=0, Total=6
[2026-07-04 07:17:03,509 INFO  L426           NwaCegarLoop]: 239 mSDtfsCounter, 229 mSDsluCounter, 10 mSDsCounter, 0 mSdLazyCounter, 3 mSolverCounterSat, 1 mSolverCounterUnsat, 0 mSolverCounterUnknown, 0 mSolverCounterNotChecked, 0.0s Time, 0 mProtectedPredicate, 0 mProtectedAction, 229 SdHoareTripleChecker+Valid, 249 SdHoareTripleChecker+Invalid, 4 SdHoareTripleChecker+Unknown, 0 SdHoareTripleChecker+Unchecked, 0.0s SdHoareTripleChecker+Time, 1 IncrementalHoareTripleChecker+Valid, 3 IncrementalHoareTripleChecker+Invalid, 0 IncrementalHoareTripleChecker+Unknown, 0 IncrementalHoareTripleChecker+Unchecked, 0.0s IncrementalHoareTripleChecker+Time
[2026-07-04 07:17:03,509 INFO  L427           NwaCegarLoop]: SdHoareTripleChecker [229 Valid, 249 Invalid, 4 Unknown, 0 Unchecked, 0.0s Time], IncrementalHoareTripleChecker [1 Valid, 3 Invalid, 0 Unknown, 0 Unchecked, 0.0s Time]
[2026-07-04 07:17:03,509 INFO  L82        GeneralOperation]: Start minimizeSevpa. Operand 169 states.
[2026-07-04 07:17:03,522 INFO  L88        GeneralOperation]: Finished minimizeSevpa. Reduced states from 169 to 169.
[2026-07-04 07:17:03,522 INFO  L82        GeneralOperation]: Start removeUnreachable. Operand  has 169 states, 160 states have (on average 1.45625) internal successors, (233), 161 states have internal predecessors, (233), 4 states have call successors, (4), 4 states have call predecessors, (4), 4 states have return successors, (4), 4 states have call predecessors, (4), 4 states have call successors, (4)
[2026-07-04 07:17:03,523 INFO  L88        GeneralOperation]: Finished removeUnreachable. Reduced from 169 states to 169 states and 241 transitions.
[2026-07-04 07:17:03,523 INFO  L79                 Accepts]: Start accepts. Automaton has 169 states and 241 transitions. Word has length 37
[2026-07-04 07:17:03,523 INFO  L85                 Accepts]: Finished accepts. word is rejected.
[2026-07-04 07:17:03,523 INFO  L490      AbstractCegarLoop]: Abstraction has 169 states and 241 transitions.
[2026-07-04 07:17:03,523 INFO  L491      AbstractCegarLoop]: INTERPOLANT automaton has  has 3 states, 3 states have (on average 11.666666666666666) internal successors, (35), 3 states have internal predecessors, (35), 2 states have call successors, (3), 2 states have call predecessors, (3), 2 states have return successors, (3), 1 states have call predecessors, (3), 2 states have call successors, (3)
[2026-07-04 07:17:03,523 INFO  L278                IsEmpty]: Start isEmpty. Operand 169 states and 241 transitions.
[2026-07-04 07:17:03,524 INFO  L284                IsEmpty]: Finished isEmpty. Found accepting run of length 42
[2026-07-04 07:17:03,524 INFO  L199           NwaCegarLoop]: Found error trace
[2026-07-04 07:17:03,524 INFO  L207           NwaCegarLoop]: trace histogram [1, 1, 1, 1, 1, 1, 1, 1, 1, 1, 1, 1, 1, 1, 1, 1, 1, 1, 1, 1, 1, 1, 1, 1, 1, 1, 1, 1, 1, 1, 1, 1, 1, 1, 1, 1, 1, 1, 1, 1, 1]
[2026-07-04 07:17:03,538 INFO  L534       MonitoredProcess]: [MP /usr/bin/z3 SMTLIB2_COMPLIANT=true -memory:2024 -smt2 -in (4)] Forceful destruction successful, exit code 0
[2026-07-04 07:17:03,726 WARN  L471      AbstractCegarLoop]: Destroyed unattended storables created during the last iteration: 4 /usr/bin/z3 SMTLIB2_COMPLIANT=true -memory:2024 -smt2 -in
[2026-07-04 07:17:03,726 INFO  L408      AbstractCegarLoop]: === Iteration 4 === Targeting ULTIMATE.startErr0ASSERT_VIOLATIONASSERT === [ULTIMATE.startErr0ASSERT_VIOLATIONASSERT] ===
[2026-07-04 07:17:03,728 INFO  L156       PredicateUnifier]: Initialized classic predicate unifier
[2026-07-04 07:17:03,728 INFO  L85        PathProgramCache]: Analyzing trace with hash 1721610825, now seen corresponding path program 1 times
[2026-07-04 07:17:03,729 INFO  L118   FreeRefinementEngine]: Executing refinement strategy FIXED_PREFERENCES
[2026-07-04 07:17:03,729 INFO  L324   FreeRefinementEngine]: Using trace check IpTcStrategyModulePreferences [1909251683]
[2026-07-04 07:17:03,729 INFO  L97    rtionOrderModulation]: Keeping assertion order NOT_INCREMENTALLY
[2026-07-04 07:17:03,729 INFO  L173          SolverBuilder]: Constructing external solver with command: z3 SMTLIB2_COMPLIANT=true -memory:2024 -smt2 -in
[2026-07-04 07:17:03,734 INFO  L189       MonitoredProcess]: No working directory specified, using /usr/bin/z3
[2026-07-04 07:17:03,737 INFO  L229       MonitoredProcess]: Starting monitored process 5 with /usr/bin/z3 SMTLIB2_COMPLIANT=true -memory:2024 -smt2 -in (exit command is (exit), workingDir is null)
[2026-07-04 07:17:03,742 INFO  L327       MonitoredProcess]: [MP /usr/bin/z3 SMTLIB2_COMPLIANT=true -memory:2024 -smt2 -in (5)] Waiting until timeout for monitored process
[2026-07-04 07:17:03,900 INFO  L108    AnnotateAndAsserter]: Assert order NOT_INCREMENTALLY partitioned 41 statements into 1 equivalence classes.
[2026-07-04 07:17:03,953 INFO  L111    AnnotateAndAsserter]: Assert order NOT_INCREMENTALLY issued 1 check-sat command(s) and asserted 41 of 41 statements.
[2026-07-04 07:17:03,953 INFO  L114    AnnotateAndAsserter]: Assert order NOT_INCREMENTALLY issued 1 check-sat command(s)
[2026-07-04 07:17:03,953 INFO  L115    AnnotateAndAsserter]: Conjunction of SSA is unsat
[2026-07-04 07:17:03,959 INFO  L256         TraceCheckSpWp]: Trace formula consists of 458 conjuncts, 2 conjuncts are in the unsatisfiable core
[2026-07-04 07:17:03,960 INFO  L279         TraceCheckSpWp]: Computing forward predicates...
[2026-07-04 07:17:03,985 INFO  L134       CoverageAnalysis]: Checked inductivity of 0 backedges. 0 proven. 0 refuted. 0 times theorem prover too weak. 0 trivial. 0 not checked.
[2026-07-04 07:17:03,985 INFO  L312         TraceCheckSpWp]: Computing backward predicates...
[2026-07-04 07:17:04,012 INFO  L134       CoverageAnalysis]: Checked inductivity of 0 backedges. 0 proven. 0 refuted. 0 times theorem prover too weak. 0 trivial. 0 not checked.
[2026-07-04 07:17:04,012 INFO  L136   FreeRefinementEngine]: Strategy FIXED_PREFERENCES found an infeasible trace
[2026-07-04 07:17:04,012 INFO  L324   FreeRefinementEngine]: Using interpolant generator IpTcStrategyModulePreferences [1909251683]
[2026-07-04 07:17:04,012 INFO  L158   FreeRefinementEngine]: IpTcStrategyModulePreferences [1909251683] provided 2 perfect and 0 imperfect interpolant sequences
[2026-07-04 07:17:04,012 INFO  L185   FreeRefinementEngine]: Found 2 perfect and 0 imperfect interpolant sequences.
[2026-07-04 07:17:04,012 INFO  L198   FreeRefinementEngine]: Number of different interpolants: perfect sequences [3, 3] imperfect sequences [] total 3
[2026-07-04 07:17:04,012 INFO  L121   tionRefinementEngine]: Using interpolant automaton builder IpAbStrategyModuleStraightlineAll [645497643]
[2026-07-04 07:17:04,013 INFO  L85    oduleStraightlineAll]: Using 2 perfect interpolants to construct interpolant automaton
[2026-07-04 07:17:04,013 INFO  L567      AbstractCegarLoop]: INTERPOLANT automaton has 3 states
[2026-07-04 07:17:04,013 INFO  L100   FreeRefinementEngine]: Using predicate unifier PredicateUnifier provided by strategy FIXED_PREFERENCES
[2026-07-04 07:17:04,013 INFO  L144   InterpolantAutomaton]: Constructing interpolant automaton starting with 3 interpolants.
[2026-07-04 07:17:04,013 INFO  L146   InterpolantAutomaton]: CoverageRelationStatistics Valid=3, Invalid=3, Unknown=0, NotChecked=0, Total=6
[2026-07-04 07:17:04,013 INFO  L87              Difference]: Start difference. First operand 169 states and 241 transitions. Second operand  has 3 states, 3 states have (on average 13.0) internal successors, (39), 3 states have internal predecessors, (39), 2 states have call successors, (3), 2 states have call predecessors, (3), 2 states have return successors, (3), 1 states have call predecessors, (3), 2 states have call successors, (3)
[2026-07-04 07:17:04,070 INFO  L144             Difference]: Subtrahend was deterministic. Have not used determinization.
[2026-07-04 07:17:04,070 INFO  L93              Difference]: Finished difference Result 401 states and 579 transitions.
[2026-07-04 07:17:04,071 INFO  L140   InterpolantAutomaton]: Switched to read-only mode: deterministic interpolant automaton has 3 states. 
[2026-07-04 07:17:04,071 INFO  L79                 Accepts]: Start accepts. Automaton has  has 3 states, 3 states have (on average 13.0) internal successors, (39), 3 states have internal predecessors, (39), 2 states have call successors, (3), 2 states have call predecessors, (3), 2 states have return successors, (3), 1 states have call predecessors, (3), 2 states have call successors, (3) Word has length 41
[2026-07-04 07:17:04,071 INFO  L85                 Accepts]: Finished accepts. some prefix is accepted.
[2026-07-04 07:17:04,072 INFO  L225             Difference]: With dead ends: 401
[2026-07-04 07:17:04,072 INFO  L226             Difference]: Without dead ends: 289
[2026-07-04 07:17:04,072 INFO  L425           NwaCegarLoop]: 0 DeclaredPredicates, 80 GetRequests, 79 SyntacticMatches, 0 SemanticMatches, 1 ConstructedPredicates, 0 IntricatePredicates, 0 DeprecatedPredicates, 0 ImplicationChecksByTransitivity, 0.0s TimeCoverageRelationStatistics Valid=3, Invalid=3, Unknown=0, NotChecked=0, Total=6
[2026-07-04 07:17:04,073 INFO  L426           NwaCegarLoop]: 236 mSDtfsCounter, 215 mSDsluCounter, 187 mSDsCounter, 0 mSdLazyCounter, 11 mSolverCounterSat, 0 mSolverCounterUnsat, 0 mSolverCounterUnknown, 0 mSolverCounterNotChecked, 0.0s Time, 0 mProtectedPredicate, 0 mProtectedAction, 215 SdHoareTripleChecker+Valid, 423 SdHoareTripleChecker+Invalid, 11 SdHoareTripleChecker+Unknown, 0 SdHoareTripleChecker+Unchecked, 0.0s SdHoareTripleChecker+Time, 0 IncrementalHoareTripleChecker+Valid, 11 IncrementalHoareTripleChecker+Invalid, 0 IncrementalHoareTripleChecker+Unknown, 0 IncrementalHoareTripleChecker+Unchecked, 0.0s IncrementalHoareTripleChecker+Time
[2026-07-04 07:17:04,073 INFO  L427           NwaCegarLoop]: SdHoareTripleChecker [215 Valid, 423 Invalid, 11 Unknown, 0 Unchecked, 0.0s Time], IncrementalHoareTripleChecker [0 Valid, 11 Invalid, 0 Unknown, 0 Unchecked, 0.0s Time]
[2026-07-04 07:17:04,073 INFO  L82        GeneralOperation]: Start minimizeSevpa. Operand 289 states.
[2026-07-04 07:17:04,086 INFO  L88        GeneralOperation]: Finished minimizeSevpa. Reduced states from 289 to 169.
[2026-07-04 07:17:04,087 INFO  L82        GeneralOperation]: Start removeUnreachable. Operand  has 169 states, 160 states have (on average 1.45) internal successors, (232), 161 states have internal predecessors, (232), 4 states have call successors, (4), 4 states have call predecessors, (4), 4 states have return successors, (4), 4 states have call predecessors, (4), 4 states have call successors, (4)
[2026-07-04 07:17:04,087 INFO  L88        GeneralOperation]: Finished removeUnreachable. Reduced from 169 states to 169 states and 240 transitions.
[2026-07-04 07:17:04,088 INFO  L79                 Accepts]: Start accepts. Automaton has 169 states and 240 transitions. Word has length 41
[2026-07-04 07:17:04,088 INFO  L85                 Accepts]: Finished accepts. word is rejected.
[2026-07-04 07:17:04,088 INFO  L490      AbstractCegarLoop]: Abstraction has 169 states and 240 transitions.
[2026-07-04 07:17:04,088 INFO  L491      AbstractCegarLoop]: INTERPOLANT automaton has  has 3 states, 3 states have (on average 13.0) internal successors, (39), 3 states have internal predecessors, (39), 2 states have call successors, (3), 2 states have call predecessors, (3), 2 states have return successors, (3), 1 states have call predecessors, (3), 2 states have call successors, (3)
[2026-07-04 07:17:04,088 INFO  L278                IsEmpty]: Start isEmpty. Operand 169 states and 240 transitions.
[2026-07-04 07:17:04,088 INFO  L284                IsEmpty]: Finished isEmpty. Found accepting run of length 44
[2026-07-04 07:17:04,088 INFO  L199           NwaCegarLoop]: Found error trace
[2026-07-04 07:17:04,088 INFO  L207           NwaCegarLoop]: trace histogram [1, 1, 1, 1, 1, 1, 1, 1, 1, 1, 1, 1, 1, 1, 1, 1, 1, 1, 1, 1, 1, 1, 1, 1, 1, 1, 1, 1, 1, 1, 1, 1, 1, 1, 1, 1, 1, 1, 1, 1, 1, 1, 1]
[2026-07-04 07:17:04,103 INFO  L546       MonitoredProcess]: [MP /usr/bin/z3 SMTLIB2_COMPLIANT=true -memory:2024 -smt2 -in (5)] Ended with exit code 0
[2026-07-04 07:17:04,294 WARN  L471      AbstractCegarLoop]: Destroyed unattended storables created during the last iteration: 5 /usr/bin/z3 SMTLIB2_COMPLIANT=true -memory:2024 -smt2 -in
[2026-07-04 07:17:04,294 INFO  L408      AbstractCegarLoop]: === Iteration 5 === Targeting ULTIMATE.startErr0ASSERT_VIOLATIONASSERT === [ULTIMATE.startErr0ASSERT_VIOLATIONASSERT] ===
[2026-07-04 07:17:04,295 INFO  L156       PredicateUnifier]: Initialized classic predicate unifier
[2026-07-04 07:17:04,295 INFO  L85        PathProgramCache]: Analyzing trace with hash 1941919022, now seen corresponding path program 1 times
[2026-07-04 07:17:04,295 INFO  L118   FreeRefinementEngine]: Executing refinement strategy FIXED_PREFERENCES
[2026-07-04 07:17:04,295 INFO  L324   FreeRefinementEngine]: Using trace check IpTcStrategyModulePreferences [610007440]
[2026-07-04 07:17:04,295 INFO  L97    rtionOrderModulation]: Keeping assertion order NOT_INCREMENTALLY
[2026-07-04 07:17:04,295 INFO  L173          SolverBuilder]: Constructing external solver with command: z3 SMTLIB2_COMPLIANT=true -memory:2024 -smt2 -in
[2026-07-04 07:17:04,297 INFO  L189       MonitoredProcess]: No working directory specified, using /usr/bin/z3
[2026-07-04 07:17:04,298 INFO  L229       MonitoredProcess]: Starting monitored process 6 with /usr/bin/z3 SMTLIB2_COMPLIANT=true -memory:2024 -smt2 -in (exit command is (exit), workingDir is null)
[2026-07-04 07:17:04,301 INFO  L327       MonitoredProcess]: [MP /usr/bin/z3 SMTLIB2_COMPLIANT=true -memory:2024 -smt2 -in (6)] Waiting until timeout for monitored process
[2026-07-04 07:17:04,455 INFO  L108    AnnotateAndAsserter]: Assert order NOT_INCREMENTALLY partitioned 43 statements into 1 equivalence classes.
[2026-07-04 07:17:04,518 INFO  L111    AnnotateAndAsserter]: Assert order NOT_INCREMENTALLY issued 1 check-sat command(s) and asserted 43 of 43 statements.
[2026-07-04 07:17:04,518 INFO  L114    AnnotateAndAsserter]: Assert order NOT_INCREMENTALLY issued 1 check-sat command(s)
[2026-07-04 07:17:04,518 INFO  L115    AnnotateAndAsserter]: Conjunction of SSA is unsat
[2026-07-04 07:17:04,520 INFO  L256         TraceCheckSpWp]: Trace formula consists of 467 conjuncts, 4 conjuncts are in the unsatisfiable core
[2026-07-04 07:17:04,522 INFO  L279         TraceCheckSpWp]: Computing forward predicates...
[2026-07-04 07:17:04,720 INFO  L134       CoverageAnalysis]: Checked inductivity of 0 backedges. 0 proven. 0 refuted. 0 times theorem prover too weak. 0 trivial. 0 not checked.
[2026-07-04 07:17:04,721 INFO  L312         TraceCheckSpWp]: Computing backward predicates...
[2026-07-04 07:17:04,909 INFO  L134       CoverageAnalysis]: Checked inductivity of 0 backedges. 0 proven. 0 refuted. 0 times theorem prover too weak. 0 trivial. 0 not checked.
[2026-07-04 07:17:04,909 INFO  L136   FreeRefinementEngine]: Strategy FIXED_PREFERENCES found an infeasible trace
[2026-07-04 07:17:04,909 INFO  L324   FreeRefinementEngine]: Using interpolant generator IpTcStrategyModulePreferences [610007440]
[2026-07-04 07:17:04,909 INFO  L158   FreeRefinementEngine]: IpTcStrategyModulePreferences [610007440] provided 2 perfect and 0 imperfect interpolant sequences
[2026-07-04 07:17:04,909 INFO  L185   FreeRefinementEngine]: Found 2 perfect and 0 imperfect interpolant sequences.
[2026-07-04 07:17:04,909 INFO  L198   FreeRefinementEngine]: Number of different interpolants: perfect sequences [5, 5] imperfect sequences [] total 8
[2026-07-04 07:17:04,909 INFO  L121   tionRefinementEngine]: Using interpolant automaton builder IpAbStrategyModuleStraightlineAll [1080441893]
[2026-07-04 07:17:04,909 INFO  L85    oduleStraightlineAll]: Using 2 perfect interpolants to construct interpolant automaton
[2026-07-04 07:17:04,909 INFO  L567      AbstractCegarLoop]: INTERPOLANT automaton has 8 states
[2026-07-04 07:17:04,909 INFO  L100   FreeRefinementEngine]: Using predicate unifier PredicateUnifier provided by strategy FIXED_PREFERENCES
[2026-07-04 07:17:04,910 INFO  L144   InterpolantAutomaton]: Constructing interpolant automaton starting with 8 interpolants.
[2026-07-04 07:17:04,910 INFO  L146   InterpolantAutomaton]: CoverageRelationStatistics Valid=21, Invalid=35, Unknown=0, NotChecked=0, Total=56
[2026-07-04 07:17:04,910 INFO  L87              Difference]: Start difference. First operand 169 states and 240 transitions. Second operand  has 8 states, 6 states have (on average 11.5) internal successors, (69), 8 states have internal predecessors, (69), 3 states have call successors, (4), 4 states have call predecessors, (4), 4 states have return successors, (4), 1 states have call predecessors, (4), 3 states have call successors, (4)
[2026-07-04 07:17:05,689 INFO  L144             Difference]: Subtrahend was deterministic. Have not used determinization.
[2026-07-04 07:17:05,689 INFO  L93              Difference]: Finished difference Result 431 states and 620 transitions.
[2026-07-04 07:17:05,689 INFO  L140   InterpolantAutomaton]: Switched to read-only mode: deterministic interpolant automaton has 6 states. 
[2026-07-04 07:17:05,689 INFO  L79                 Accepts]: Start accepts. Automaton has  has 8 states, 6 states have (on average 11.5) internal successors, (69), 8 states have internal predecessors, (69), 3 states have call successors, (4), 4 states have call predecessors, (4), 4 states have return successors, (4), 1 states have call predecessors, (4), 3 states have call successors, (4) Word has length 43
[2026-07-04 07:17:05,690 INFO  L85                 Accepts]: Finished accepts. some prefix is accepted.
[2026-07-04 07:17:05,690 INFO  L225             Difference]: With dead ends: 431
[2026-07-04 07:17:05,690 INFO  L226             Difference]: Without dead ends: 279
[2026-07-04 07:17:05,691 INFO  L425           NwaCegarLoop]: 0 DeclaredPredicates, 88 GetRequests, 80 SyntacticMatches, 0 SemanticMatches, 8 ConstructedPredicates, 0 IntricatePredicates, 0 DeprecatedPredicates, 6 ImplicationChecksByTransitivity, 0.1s TimeCoverageRelationStatistics Valid=33, Invalid=57, Unknown=0, NotChecked=0, Total=90
[2026-07-04 07:17:05,691 INFO  L426           NwaCegarLoop]: 103 mSDtfsCounter, 911 mSDsluCounter, 185 mSDsCounter, 0 mSdLazyCounter, 392 mSolverCounterSat, 25 mSolverCounterUnsat, 0 mSolverCounterUnknown, 0 mSolverCounterNotChecked, 0.6s Time, 0 mProtectedPredicate, 0 mProtectedAction, 917 SdHoareTripleChecker+Valid, 288 SdHoareTripleChecker+Invalid, 417 SdHoareTripleChecker+Unknown, 0 SdHoareTripleChecker+Unchecked, 0.0s SdHoareTripleChecker+Time, 25 IncrementalHoareTripleChecker+Valid, 392 IncrementalHoareTripleChecker+Invalid, 0 IncrementalHoareTripleChecker+Unknown, 0 IncrementalHoareTripleChecker+Unchecked, 0.7s IncrementalHoareTripleChecker+Time
[2026-07-04 07:17:05,691 INFO  L427           NwaCegarLoop]: SdHoareTripleChecker [917 Valid, 288 Invalid, 417 Unknown, 0 Unchecked, 0.0s Time], IncrementalHoareTripleChecker [25 Valid, 392 Invalid, 0 Unknown, 0 Unchecked, 0.7s Time]
[2026-07-04 07:17:05,692 INFO  L82        GeneralOperation]: Start minimizeSevpa. Operand 279 states.
[2026-07-04 07:17:05,712 INFO  L88        GeneralOperation]: Finished minimizeSevpa. Reduced states from 279 to 167.
[2026-07-04 07:17:05,712 INFO  L82        GeneralOperation]: Start removeUnreachable. Operand  has 167 states, 158 states have (on average 1.4113924050632911) internal successors, (223), 159 states have internal predecessors, (223), 4 states have call successors, (4), 4 states have call predecessors, (4), 4 states have return successors, (4), 4 states have call predecessors, (4), 4 states have call successors, (4)
[2026-07-04 07:17:05,713 INFO  L88        GeneralOperation]: Finished removeUnreachable. Reduced from 167 states to 167 states and 231 transitions.
[2026-07-04 07:17:05,713 INFO  L79                 Accepts]: Start accepts. Automaton has 167 states and 231 transitions. Word has length 43
[2026-07-04 07:17:05,713 INFO  L85                 Accepts]: Finished accepts. word is rejected.
[2026-07-04 07:17:05,713 INFO  L490      AbstractCegarLoop]: Abstraction has 167 states and 231 transitions.
[2026-07-04 07:17:05,713 INFO  L491      AbstractCegarLoop]: INTERPOLANT automaton has  has 8 states, 6 states have (on average 11.5) internal successors, (69), 8 states have internal predecessors, (69), 3 states have call successors, (4), 4 states have call predecessors, (4), 4 states have return successors, (4), 1 states have call predecessors, (4), 3 states have call successors, (4)
[2026-07-04 07:17:05,713 INFO  L278                IsEmpty]: Start isEmpty. Operand 167 states and 231 transitions.
[2026-07-04 07:17:05,714 INFO  L284                IsEmpty]: Finished isEmpty. Found accepting run of length 44
[2026-07-04 07:17:05,714 INFO  L199           NwaCegarLoop]: Found error trace
[2026-07-04 07:17:05,714 INFO  L207           NwaCegarLoop]: trace histogram [1, 1, 1, 1, 1, 1, 1, 1, 1, 1, 1, 1, 1, 1, 1, 1, 1, 1, 1, 1, 1, 1, 1, 1, 1, 1, 1, 1, 1, 1, 1, 1, 1, 1, 1, 1, 1, 1, 1, 1, 1, 1, 1]
[2026-07-04 07:17:05,731 INFO  L546       MonitoredProcess]: [MP /usr/bin/z3 SMTLIB2_COMPLIANT=true -memory:2024 -smt2 -in (6)] Ended with exit code 0
[2026-07-04 07:17:05,916 WARN  L471      AbstractCegarLoop]: Destroyed unattended storables created during the last iteration: 6 /usr/bin/z3 SMTLIB2_COMPLIANT=true -memory:2024 -smt2 -in
[2026-07-04 07:17:05,916 INFO  L408      AbstractCegarLoop]: === Iteration 6 === Targeting ULTIMATE.startErr0ASSERT_VIOLATIONASSERT === [ULTIMATE.startErr0ASSERT_VIOLATIONASSERT] ===
[2026-07-04 07:17:05,917 INFO  L156       PredicateUnifier]: Initialized classic predicate unifier
[2026-07-04 07:17:05,917 INFO  L85        PathProgramCache]: Analyzing trace with hash -429820240, now seen corresponding path program 1 times
[2026-07-04 07:17:05,917 INFO  L118   FreeRefinementEngine]: Executing refinement strategy FIXED_PREFERENCES
[2026-07-04 07:17:05,917 INFO  L324   FreeRefinementEngine]: Using trace check IpTcStrategyModulePreferences [1381132872]
[2026-07-04 07:17:05,917 INFO  L97    rtionOrderModulation]: Keeping assertion order NOT_INCREMENTALLY
[2026-07-04 07:17:05,917 INFO  L173          SolverBuilder]: Constructing external solver with command: z3 SMTLIB2_COMPLIANT=true -memory:2024 -smt2 -in
[2026-07-04 07:17:05,918 INFO  L189       MonitoredProcess]: No working directory specified, using /usr/bin/z3
[2026-07-04 07:17:05,922 INFO  L229       MonitoredProcess]: Starting monitored process 7 with /usr/bin/z3 SMTLIB2_COMPLIANT=true -memory:2024 -smt2 -in (exit command is (exit), workingDir is null)
[2026-07-04 07:17:05,922 INFO  L327       MonitoredProcess]: [MP /usr/bin/z3 SMTLIB2_COMPLIANT=true -memory:2024 -smt2 -in (7)] Waiting until timeout for monitored process
[2026-07-04 07:17:06,059 INFO  L108    AnnotateAndAsserter]: Assert order NOT_INCREMENTALLY partitioned 43 statements into 1 equivalence classes.
[2026-07-04 07:17:06,109 INFO  L111    AnnotateAndAsserter]: Assert order NOT_INCREMENTALLY issued 1 check-sat command(s) and asserted 43 of 43 statements.
[2026-07-04 07:17:06,109 INFO  L114    AnnotateAndAsserter]: Assert order NOT_INCREMENTALLY issued 1 check-sat command(s)
[2026-07-04 07:17:06,109 INFO  L115    AnnotateAndAsserter]: Conjunction of SSA is unsat
[2026-07-04 07:17:06,111 INFO  L256         TraceCheckSpWp]: Trace formula consists of 467 conjuncts, 6 conjuncts are in the unsatisfiable core
[2026-07-04 07:17:06,112 INFO  L279         TraceCheckSpWp]: Computing forward predicates...
[2026-07-04 07:17:06,259 INFO  L134       CoverageAnalysis]: Checked inductivity of 0 backedges. 0 proven. 0 refuted. 0 times theorem prover too weak. 0 trivial. 0 not checked.
[2026-07-04 07:17:06,259 INFO  L312         TraceCheckSpWp]: Computing backward predicates...
[2026-07-04 07:17:06,469 INFO  L134       CoverageAnalysis]: Checked inductivity of 0 backedges. 0 proven. 0 refuted. 0 times theorem prover too weak. 0 trivial. 0 not checked.
[2026-07-04 07:17:06,469 INFO  L136   FreeRefinementEngine]: Strategy FIXED_PREFERENCES found an infeasible trace
[2026-07-04 07:17:06,469 INFO  L324   FreeRefinementEngine]: Using interpolant generator IpTcStrategyModulePreferences [1381132872]
[2026-07-04 07:17:06,469 INFO  L158   FreeRefinementEngine]: IpTcStrategyModulePreferences [1381132872] provided 2 perfect and 0 imperfect interpolant sequences
[2026-07-04 07:17:06,469 INFO  L185   FreeRefinementEngine]: Found 2 perfect and 0 imperfect interpolant sequences.
[2026-07-04 07:17:06,469 INFO  L198   FreeRefinementEngine]: Number of different interpolants: perfect sequences [6, 6] imperfect sequences [] total 9
[2026-07-04 07:17:06,469 INFO  L121   tionRefinementEngine]: Using interpolant automaton builder IpAbStrategyModuleStraightlineAll [1732904423]
[2026-07-04 07:17:06,469 INFO  L85    oduleStraightlineAll]: Using 2 perfect interpolants to construct interpolant automaton
[2026-07-04 07:17:06,470 INFO  L567      AbstractCegarLoop]: INTERPOLANT automaton has 9 states
[2026-07-04 07:17:06,470 INFO  L100   FreeRefinementEngine]: Using predicate unifier PredicateUnifier provided by strategy FIXED_PREFERENCES
[2026-07-04 07:17:06,470 INFO  L144   InterpolantAutomaton]: Constructing interpolant automaton starting with 9 interpolants.
[2026-07-04 07:17:06,470 INFO  L146   InterpolantAutomaton]: CoverageRelationStatistics Valid=26, Invalid=46, Unknown=0, NotChecked=0, Total=72
[2026-07-04 07:17:06,470 INFO  L87              Difference]: Start difference. First operand 167 states and 231 transitions. Second operand  has 9 states, 8 states have (on average 8.5) internal successors, (68), 9 states have internal predecessors, (68), 2 states have call successors, (4), 4 states have call predecessors, (4), 4 states have return successors, (4), 1 states have call predecessors, (4), 2 states have call successors, (4)
[2026-07-04 07:17:05,346 INFO  L144             Difference]: Subtrahend was deterministic. Have not used determinization.
[2026-07-04 07:17:05,346 INFO  L93              Difference]: Finished difference Result 279 states and 394 transitions.
[2026-07-04 07:17:05,348 INFO  L140   InterpolantAutomaton]: Switched to read-only mode: deterministic interpolant automaton has 6 states. 
[2026-07-04 07:17:05,349 INFO  L79                 Accepts]: Start accepts. Automaton has  has 9 states, 8 states have (on average 8.5) internal successors, (68), 9 states have internal predecessors, (68), 2 states have call successors, (4), 4 states have call predecessors, (4), 4 states have return successors, (4), 1 states have call predecessors, (4), 2 states have call successors, (4) Word has length 43
[2026-07-04 07:17:05,349 INFO  L85                 Accepts]: Finished accepts. some prefix is accepted.
[2026-07-04 07:17:05,350 INFO  L225             Difference]: With dead ends: 279
[2026-07-04 07:17:05,350 INFO  L226             Difference]: Without dead ends: 167
[2026-07-04 07:17:05,352 INFO  L425           NwaCegarLoop]: 0 DeclaredPredicates, 86 GetRequests, 77 SyntacticMatches, 0 SemanticMatches, 9 ConstructedPredicates, 0 IntricatePredicates, 0 DeprecatedPredicates, 8 ImplicationChecksByTransitivity, 0.1s TimeCoverageRelationStatistics Valid=39, Invalid=71, Unknown=0, NotChecked=0, Total=110
[2026-07-04 07:17:05,353 INFO  L426           NwaCegarLoop]: 110 mSDtfsCounter, 290 mSDsluCounter, 163 mSDsCounter, 0 mSdLazyCounter, 411 mSolverCounterSat, 4 mSolverCounterUnsat, 0 mSolverCounterUnknown, 0 mSolverCounterNotChecked, 0.5s Time, 0 mProtectedPredicate, 0 mProtectedAction, 290 SdHoareTripleChecker+Valid, 273 SdHoareTripleChecker+Invalid, 415 SdHoareTripleChecker+Unknown, 0 SdHoareTripleChecker+Unchecked, 0.0s SdHoareTripleChecker+Time, 4 IncrementalHoareTripleChecker+Valid, 411 IncrementalHoareTripleChecker+Invalid, 0 IncrementalHoareTripleChecker+Unknown, 0 IncrementalHoareTripleChecker+Unchecked, 0.5s IncrementalHoareTripleChecker+Time
[2026-07-04 07:17:05,354 INFO  L427           NwaCegarLoop]: SdHoareTripleChecker [290 Valid, 273 Invalid, 415 Unknown, 0 Unchecked, 0.0s Time], IncrementalHoareTripleChecker [4 Valid, 411 Invalid, 0 Unknown, 0 Unchecked, 0.5s Time]
[2026-07-04 07:17:05,356 INFO  L82        GeneralOperation]: Start minimizeSevpa. Operand 167 states.
[2026-07-04 07:17:05,368 INFO  L88        GeneralOperation]: Finished minimizeSevpa. Reduced states from 167 to 167.
[2026-07-04 07:17:05,371 INFO  L82        GeneralOperation]: Start removeUnreachable. Operand  has 167 states, 158 states have (on average 1.4050632911392404) internal successors, (222), 159 states have internal predecessors, (222), 4 states have call successors, (4), 4 states have call predecessors, (4), 4 states have return successors, (4), 4 states have call predecessors, (4), 4 states have call successors, (4)
[2026-07-04 07:17:05,372 INFO  L88        GeneralOperation]: Finished removeUnreachable. Reduced from 167 states to 167 states and 230 transitions.
[2026-07-04 07:17:05,372 INFO  L79                 Accepts]: Start accepts. Automaton has 167 states and 230 transitions. Word has length 43
[2026-07-04 07:17:05,372 INFO  L85                 Accepts]: Finished accepts. word is rejected.
[2026-07-04 07:17:05,372 INFO  L490      AbstractCegarLoop]: Abstraction has 167 states and 230 transitions.
[2026-07-04 07:17:05,372 INFO  L491      AbstractCegarLoop]: INTERPOLANT automaton has  has 9 states, 8 states have (on average 8.5) internal successors, (68), 9 states have internal predecessors, (68), 2 states have call successors, (4), 4 states have call predecessors, (4), 4 states have return successors, (4), 1 states have call predecessors, (4), 2 states have call successors, (4)
[2026-07-04 07:17:05,372 INFO  L278                IsEmpty]: Start isEmpty. Operand 167 states and 230 transitions.
[2026-07-04 07:17:05,373 INFO  L284                IsEmpty]: Finished isEmpty. Found accepting run of length 57
[2026-07-04 07:17:05,373 INFO  L199           NwaCegarLoop]: Found error trace
[2026-07-04 07:17:05,373 INFO  L207           NwaCegarLoop]: trace histogram [1, 1, 1, 1, 1, 1, 1, 1, 1, 1, 1, 1, 1, 1, 1, 1, 1, 1, 1, 1, 1, 1, 1, 1, 1, 1, 1, 1, 1, 1, 1, 1, 1, 1, 1, 1, 1, 1, 1, 1, 1, 1, 1, 1, 1, 1, 1, 1, 1, 1, 1, 1, 1, 1, 1, 1]
[2026-07-04 07:17:05,385 INFO  L546       MonitoredProcess]: [MP /usr/bin/z3 SMTLIB2_COMPLIANT=true -memory:2024 -smt2 -in (7)] Ended with exit code 0
[2026-07-04 07:17:05,574 WARN  L471      AbstractCegarLoop]: Destroyed unattended storables created during the last iteration: 7 /usr/bin/z3 SMTLIB2_COMPLIANT=true -memory:2024 -smt2 -in
[2026-07-04 07:17:05,575 INFO  L408      AbstractCegarLoop]: === Iteration 7 === Targeting ULTIMATE.startErr0ASSERT_VIOLATIONASSERT === [ULTIMATE.startErr0ASSERT_VIOLATIONASSERT] ===
[2026-07-04 07:17:05,575 INFO  L156       PredicateUnifier]: Initialized classic predicate unifier
[2026-07-04 07:17:05,576 INFO  L85        PathProgramCache]: Analyzing trace with hash 289012963, now seen corresponding path program 1 times
[2026-07-04 07:17:05,576 INFO  L118   FreeRefinementEngine]: Executing refinement strategy FIXED_PREFERENCES
[2026-07-04 07:17:05,576 INFO  L324   FreeRefinementEngine]: Using trace check IpTcStrategyModulePreferences [393855993]
[2026-07-04 07:17:05,576 INFO  L97    rtionOrderModulation]: Keeping assertion order NOT_INCREMENTALLY
[2026-07-04 07:17:05,576 INFO  L173          SolverBuilder]: Constructing external solver with command: z3 SMTLIB2_COMPLIANT=true -memory:2024 -smt2 -in
[2026-07-04 07:17:05,577 INFO  L189       MonitoredProcess]: No working directory specified, using /usr/bin/z3
[2026-07-04 07:17:05,579 INFO  L229       MonitoredProcess]: Starting monitored process 8 with /usr/bin/z3 SMTLIB2_COMPLIANT=true -memory:2024 -smt2 -in (exit command is (exit), workingDir is null)
[2026-07-04 07:17:05,581 INFO  L327       MonitoredProcess]: [MP /usr/bin/z3 SMTLIB2_COMPLIANT=true -memory:2024 -smt2 -in (8)] Waiting until timeout for monitored process
[2026-07-04 07:17:05,705 INFO  L108    AnnotateAndAsserter]: Assert order NOT_INCREMENTALLY partitioned 56 statements into 1 equivalence classes.
[2026-07-04 07:17:05,764 INFO  L111    AnnotateAndAsserter]: Assert order NOT_INCREMENTALLY issued 1 check-sat command(s) and asserted 56 of 56 statements.
[2026-07-04 07:17:05,764 INFO  L114    AnnotateAndAsserter]: Assert order NOT_INCREMENTALLY issued 1 check-sat command(s)
[2026-07-04 07:17:05,764 INFO  L115    AnnotateAndAsserter]: Conjunction of SSA is unsat
[2026-07-04 07:17:05,770 INFO  L256         TraceCheckSpWp]: Trace formula consists of 496 conjuncts, 3 conjuncts are in the unsatisfiable core
[2026-07-04 07:17:05,771 INFO  L279         TraceCheckSpWp]: Computing forward predicates...
[2026-07-04 07:17:05,800 INFO  L134       CoverageAnalysis]: Checked inductivity of 0 backedges. 0 proven. 0 refuted. 0 times theorem prover too weak. 0 trivial. 0 not checked.
[2026-07-04 07:17:05,800 INFO  L312         TraceCheckSpWp]: Computing backward predicates...
[2026-07-04 07:17:05,828 INFO  L134       CoverageAnalysis]: Checked inductivity of 0 backedges. 0 proven. 0 refuted. 0 times theorem prover too weak. 0 trivial. 0 not checked.
[2026-07-04 07:17:05,828 INFO  L136   FreeRefinementEngine]: Strategy FIXED_PREFERENCES found an infeasible trace
[2026-07-04 07:17:05,828 INFO  L324   FreeRefinementEngine]: Using interpolant generator IpTcStrategyModulePreferences [393855993]
[2026-07-04 07:17:05,829 INFO  L158   FreeRefinementEngine]: IpTcStrategyModulePreferences [393855993] provided 2 perfect and 0 imperfect interpolant sequences
[2026-07-04 07:17:05,829 INFO  L185   FreeRefinementEngine]: Found 2 perfect and 0 imperfect interpolant sequences.
[2026-07-04 07:17:05,829 INFO  L198   FreeRefinementEngine]: Number of different interpolants: perfect sequences [3, 3] imperfect sequences [] total 3
[2026-07-04 07:17:05,829 INFO  L121   tionRefinementEngine]: Using interpolant automaton builder IpAbStrategyModuleStraightlineAll [228805135]
[2026-07-04 07:17:05,829 INFO  L85    oduleStraightlineAll]: Using 2 perfect interpolants to construct interpolant automaton
[2026-07-04 07:17:05,829 INFO  L567      AbstractCegarLoop]: INTERPOLANT automaton has 3 states
[2026-07-04 07:17:05,829 INFO  L100   FreeRefinementEngine]: Using predicate unifier PredicateUnifier provided by strategy FIXED_PREFERENCES
[2026-07-04 07:17:05,829 INFO  L144   InterpolantAutomaton]: Constructing interpolant automaton starting with 3 interpolants.
[2026-07-04 07:17:05,829 INFO  L146   InterpolantAutomaton]: CoverageRelationStatistics Valid=3, Invalid=3, Unknown=0, NotChecked=0, Total=6
[2026-07-04 07:17:05,829 INFO  L87              Difference]: Start difference. First operand 167 states and 230 transitions. Second operand  has 3 states, 3 states have (on average 18.0) internal successors, (54), 3 states have internal predecessors, (54), 2 states have call successors, (3), 2 states have call predecessors, (3), 2 states have return successors, (3), 1 states have call predecessors, (3), 2 states have call successors, (3)
[2026-07-04 07:17:05,860 INFO  L144             Difference]: Subtrahend was deterministic. Have not used determinization.
[2026-07-04 07:17:05,860 INFO  L93              Difference]: Finished difference Result 288 states and 405 transitions.
[2026-07-04 07:17:05,868 INFO  L140   InterpolantAutomaton]: Switched to read-only mode: deterministic interpolant automaton has 3 states. 
[2026-07-04 07:17:05,868 INFO  L79                 Accepts]: Start accepts. Automaton has  has 3 states, 3 states have (on average 18.0) internal successors, (54), 3 states have internal predecessors, (54), 2 states have call successors, (3), 2 states have call predecessors, (3), 2 states have return successors, (3), 1 states have call predecessors, (3), 2 states have call successors, (3) Word has length 56
[2026-07-04 07:17:05,869 INFO  L85                 Accepts]: Finished accepts. some prefix is accepted.
[2026-07-04 07:17:05,869 INFO  L225             Difference]: With dead ends: 288
[2026-07-04 07:17:05,869 INFO  L226             Difference]: Without dead ends: 162
[2026-07-04 07:17:05,869 INFO  L425           NwaCegarLoop]: 0 DeclaredPredicates, 110 GetRequests, 109 SyntacticMatches, 0 SemanticMatches, 1 ConstructedPredicates, 0 IntricatePredicates, 0 DeprecatedPredicates, 0 ImplicationChecksByTransitivity, 0.0s TimeCoverageRelationStatistics Valid=3, Invalid=3, Unknown=0, NotChecked=0, Total=6
[2026-07-04 07:17:05,870 INFO  L426           NwaCegarLoop]: 219 mSDtfsCounter, 191 mSDsluCounter, 21 mSDsCounter, 0 mSdLazyCounter, 4 mSolverCounterSat, 2 mSolverCounterUnsat, 0 mSolverCounterUnknown, 0 mSolverCounterNotChecked, 0.0s Time, 0 mProtectedPredicate, 0 mProtectedAction, 191 SdHoareTripleChecker+Valid, 240 SdHoareTripleChecker+Invalid, 6 SdHoareTripleChecker+Unknown, 0 SdHoareTripleChecker+Unchecked, 0.0s SdHoareTripleChecker+Time, 2 IncrementalHoareTripleChecker+Valid, 4 IncrementalHoareTripleChecker+Invalid, 0 IncrementalHoareTripleChecker+Unknown, 0 IncrementalHoareTripleChecker+Unchecked, 0.0s IncrementalHoareTripleChecker+Time
[2026-07-04 07:17:05,870 INFO  L427           NwaCegarLoop]: SdHoareTripleChecker [191 Valid, 240 Invalid, 6 Unknown, 0 Unchecked, 0.0s Time], IncrementalHoareTripleChecker [2 Valid, 4 Invalid, 0 Unknown, 0 Unchecked, 0.0s Time]
[2026-07-04 07:17:05,870 INFO  L82        GeneralOperation]: Start minimizeSevpa. Operand 162 states.
[2026-07-04 07:17:05,877 INFO  L88        GeneralOperation]: Finished minimizeSevpa. Reduced states from 162 to 162.
[2026-07-04 07:17:05,877 INFO  L82        GeneralOperation]: Start removeUnreachable. Operand  has 162 states, 153 states have (on average 1.3986928104575163) internal successors, (214), 154 states have internal predecessors, (214), 4 states have call successors, (4), 4 states have call predecessors, (4), 4 states have return successors, (4), 4 states have call predecessors, (4), 4 states have call successors, (4)
[2026-07-04 07:17:05,878 INFO  L88        GeneralOperation]: Finished removeUnreachable. Reduced from 162 states to 162 states and 222 transitions.
[2026-07-04 07:17:05,878 INFO  L79                 Accepts]: Start accepts. Automaton has 162 states and 222 transitions. Word has length 56
[2026-07-04 07:17:05,878 INFO  L85                 Accepts]: Finished accepts. word is rejected.
[2026-07-04 07:17:05,878 INFO  L490      AbstractCegarLoop]: Abstraction has 162 states and 222 transitions.
[2026-07-04 07:17:05,878 INFO  L491      AbstractCegarLoop]: INTERPOLANT automaton has  has 3 states, 3 states have (on average 18.0) internal successors, (54), 3 states have internal predecessors, (54), 2 states have call successors, (3), 2 states have call predecessors, (3), 2 states have return successors, (3), 1 states have call predecessors, (3), 2 states have call successors, (3)
[2026-07-04 07:17:05,878 INFO  L278                IsEmpty]: Start isEmpty. Operand 162 states and 222 transitions.
[2026-07-04 07:17:05,879 INFO  L284                IsEmpty]: Finished isEmpty. Found accepting run of length 64
[2026-07-04 07:17:05,879 INFO  L199           NwaCegarLoop]: Found error trace
[2026-07-04 07:17:05,879 INFO  L207           NwaCegarLoop]: trace histogram [1, 1, 1, 1, 1, 1, 1, 1, 1, 1, 1, 1, 1, 1, 1, 1, 1, 1, 1, 1, 1, 1, 1, 1, 1, 1, 1, 1, 1, 1, 1, 1, 1, 1, 1, 1, 1, 1, 1, 1, 1, 1, 1, 1, 1, 1, 1, 1, 1, 1, 1, 1, 1, 1, 1, 1, 1, 1, 1, 1, 1, 1, 1]
[2026-07-04 07:17:05,896 INFO  L546       MonitoredProcess]: [MP /usr/bin/z3 SMTLIB2_COMPLIANT=true -memory:2024 -smt2 -in (8)] Ended with exit code 0
[2026-07-04 07:17:06,084 WARN  L471      AbstractCegarLoop]: Destroyed unattended storables created during the last iteration: 8 /usr/bin/z3 SMTLIB2_COMPLIANT=true -memory:2024 -smt2 -in
[2026-07-04 07:17:06,085 INFO  L408      AbstractCegarLoop]: === Iteration 8 === Targeting ULTIMATE.startErr0ASSERT_VIOLATIONASSERT === [ULTIMATE.startErr0ASSERT_VIOLATIONASSERT] ===
[2026-07-04 07:17:06,085 INFO  L156       PredicateUnifier]: Initialized classic predicate unifier
[2026-07-04 07:17:06,085 INFO  L85        PathProgramCache]: Analyzing trace with hash -238549363, now seen corresponding path program 1 times
[2026-07-04 07:17:06,085 INFO  L118   FreeRefinementEngine]: Executing refinement strategy FIXED_PREFERENCES
[2026-07-04 07:17:06,085 INFO  L324   FreeRefinementEngine]: Using trace check IpTcStrategyModulePreferences [1209371198]
[2026-07-04 07:17:06,085 INFO  L97    rtionOrderModulation]: Keeping assertion order NOT_INCREMENTALLY
[2026-07-04 07:17:06,086 INFO  L173          SolverBuilder]: Constructing external solver with command: z3 SMTLIB2_COMPLIANT=true -memory:2024 -smt2 -in
[2026-07-04 07:17:06,087 INFO  L189       MonitoredProcess]: No working directory specified, using /usr/bin/z3
[2026-07-04 07:17:06,092 INFO  L229       MonitoredProcess]: Starting monitored process 9 with /usr/bin/z3 SMTLIB2_COMPLIANT=true -memory:2024 -smt2 -in (exit command is (exit), workingDir is null)
[2026-07-04 07:17:06,093 INFO  L327       MonitoredProcess]: [MP /usr/bin/z3 SMTLIB2_COMPLIANT=true -memory:2024 -smt2 -in (9)] Waiting until timeout for monitored process
[2026-07-04 07:17:06,214 INFO  L108    AnnotateAndAsserter]: Assert order NOT_INCREMENTALLY partitioned 63 statements into 1 equivalence classes.
[2026-07-04 07:17:06,277 INFO  L111    AnnotateAndAsserter]: Assert order NOT_INCREMENTALLY issued 1 check-sat command(s) and asserted 63 of 63 statements.
[2026-07-04 07:17:06,277 INFO  L114    AnnotateAndAsserter]: Assert order NOT_INCREMENTALLY issued 1 check-sat command(s)
[2026-07-04 07:17:06,277 INFO  L115    AnnotateAndAsserter]: Conjunction of SSA is unsat
[2026-07-04 07:17:06,279 INFO  L256         TraceCheckSpWp]: Trace formula consists of 561 conjuncts, 2 conjuncts are in the unsatisfiable core
[2026-07-04 07:17:06,285 INFO  L279         TraceCheckSpWp]: Computing forward predicates...
[2026-07-04 07:17:06,309 INFO  L134       CoverageAnalysis]: Checked inductivity of 0 backedges. 0 proven. 0 refuted. 0 times theorem prover too weak. 0 trivial. 0 not checked.
[2026-07-04 07:17:06,309 INFO  L312         TraceCheckSpWp]: Computing backward predicates...
[2026-07-04 07:17:06,335 INFO  L134       CoverageAnalysis]: Checked inductivity of 0 backedges. 0 proven. 0 refuted. 0 times theorem prover too weak. 0 trivial. 0 not checked.
[2026-07-04 07:17:06,335 INFO  L136   FreeRefinementEngine]: Strategy FIXED_PREFERENCES found an infeasible trace
[2026-07-04 07:17:06,335 INFO  L324   FreeRefinementEngine]: Using interpolant generator IpTcStrategyModulePreferences [1209371198]
[2026-07-04 07:17:06,335 INFO  L158   FreeRefinementEngine]: IpTcStrategyModulePreferences [1209371198] provided 2 perfect and 0 imperfect interpolant sequences
[2026-07-04 07:17:06,335 INFO  L185   FreeRefinementEngine]: Found 2 perfect and 0 imperfect interpolant sequences.
[2026-07-04 07:17:06,335 INFO  L198   FreeRefinementEngine]: Number of different interpolants: perfect sequences [3, 3] imperfect sequences [] total 3
[2026-07-04 07:17:06,335 INFO  L121   tionRefinementEngine]: Using interpolant automaton builder IpAbStrategyModuleStraightlineAll [502684800]
[2026-07-04 07:17:06,335 INFO  L85    oduleStraightlineAll]: Using 2 perfect interpolants to construct interpolant automaton
[2026-07-04 07:17:06,335 INFO  L567      AbstractCegarLoop]: INTERPOLANT automaton has 3 states
[2026-07-04 07:17:06,335 INFO  L100   FreeRefinementEngine]: Using predicate unifier PredicateUnifier provided by strategy FIXED_PREFERENCES
[2026-07-04 07:17:06,335 INFO  L144   InterpolantAutomaton]: Constructing interpolant automaton starting with 3 interpolants.
[2026-07-04 07:17:06,335 INFO  L146   InterpolantAutomaton]: CoverageRelationStatistics Valid=3, Invalid=3, Unknown=0, NotChecked=0, Total=6
[2026-07-04 07:17:06,335 INFO  L87              Difference]: Start difference. First operand 162 states and 222 transitions. Second operand  has 3 states, 3 states have (on average 20.333333333333332) internal successors, (61), 3 states have internal predecessors, (61), 2 states have call successors, (3), 2 states have call predecessors, (3), 2 states have return successors, (3), 1 states have call predecessors, (3), 2 states have call successors, (3)
[2026-07-04 07:17:06,370 INFO  L144             Difference]: Subtrahend was deterministic. Have not used determinization.
[2026-07-04 07:17:06,370 INFO  L93              Difference]: Finished difference Result 287 states and 399 transitions.
[2026-07-04 07:17:06,372 INFO  L140   InterpolantAutomaton]: Switched to read-only mode: deterministic interpolant automaton has 3 states. 
[2026-07-04 07:17:06,373 INFO  L79                 Accepts]: Start accepts. Automaton has  has 3 states, 3 states have (on average 20.333333333333332) internal successors, (61), 3 states have internal predecessors, (61), 2 states have call successors, (3), 2 states have call predecessors, (3), 2 states have return successors, (3), 1 states have call predecessors, (3), 2 states have call successors, (3) Word has length 63
[2026-07-04 07:17:06,373 INFO  L85                 Accepts]: Finished accepts. some prefix is accepted.
[2026-07-04 07:17:06,373 INFO  L225             Difference]: With dead ends: 287
[2026-07-04 07:17:06,373 INFO  L226             Difference]: Without dead ends: 163
[2026-07-04 07:17:06,373 INFO  L425           NwaCegarLoop]: 0 DeclaredPredicates, 124 GetRequests, 123 SyntacticMatches, 0 SemanticMatches, 1 ConstructedPredicates, 0 IntricatePredicates, 0 DeprecatedPredicates, 0 ImplicationChecksByTransitivity, 0.0s TimeCoverageRelationStatistics Valid=3, Invalid=3, Unknown=0, NotChecked=0, Total=6
[2026-07-04 07:17:06,374 INFO  L426           NwaCegarLoop]: 214 mSDtfsCounter, 176 mSDsluCounter, 32 mSDsCounter, 0 mSdLazyCounter, 11 mSolverCounterSat, 2 mSolverCounterUnsat, 0 mSolverCounterUnknown, 0 mSolverCounterNotChecked, 0.0s Time, 0 mProtectedPredicate, 0 mProtectedAction, 176 SdHoareTripleChecker+Valid, 246 SdHoareTripleChecker+Invalid, 13 SdHoareTripleChecker+Unknown, 0 SdHoareTripleChecker+Unchecked, 0.0s SdHoareTripleChecker+Time, 2 IncrementalHoareTripleChecker+Valid, 11 IncrementalHoareTripleChecker+Invalid, 0 IncrementalHoareTripleChecker+Unknown, 0 IncrementalHoareTripleChecker+Unchecked, 0.0s IncrementalHoareTripleChecker+Time
[2026-07-04 07:17:06,374 INFO  L427           NwaCegarLoop]: SdHoareTripleChecker [176 Valid, 246 Invalid, 13 Unknown, 0 Unchecked, 0.0s Time], IncrementalHoareTripleChecker [2 Valid, 11 Invalid, 0 Unknown, 0 Unchecked, 0.0s Time]
[2026-07-04 07:17:06,374 INFO  L82        GeneralOperation]: Start minimizeSevpa. Operand 163 states.
[2026-07-04 07:17:06,385 INFO  L88        GeneralOperation]: Finished minimizeSevpa. Reduced states from 163 to 162.
[2026-07-04 07:17:06,385 INFO  L82        GeneralOperation]: Start removeUnreachable. Operand  has 162 states, 153 states have (on average 1.3856209150326797) internal successors, (212), 154 states have internal predecessors, (212), 4 states have call successors, (4), 4 states have call predecessors, (4), 4 states have return successors, (4), 4 states have call predecessors, (4), 4 states have call successors, (4)
[2026-07-04 07:17:06,386 INFO  L88        GeneralOperation]: Finished removeUnreachable. Reduced from 162 states to 162 states and 220 transitions.
[2026-07-04 07:17:06,386 INFO  L79                 Accepts]: Start accepts. Automaton has 162 states and 220 transitions. Word has length 63
[2026-07-04 07:17:06,386 INFO  L85                 Accepts]: Finished accepts. word is rejected.
[2026-07-04 07:17:06,386 INFO  L490      AbstractCegarLoop]: Abstraction has 162 states and 220 transitions.
[2026-07-04 07:17:06,386 INFO  L491      AbstractCegarLoop]: INTERPOLANT automaton has  has 3 states, 3 states have (on average 20.333333333333332) internal successors, (61), 3 states have internal predecessors, (61), 2 states have call successors, (3), 2 states have call predecessors, (3), 2 states have return successors, (3), 1 states have call predecessors, (3), 2 states have call successors, (3)
[2026-07-04 07:17:06,386 INFO  L278                IsEmpty]: Start isEmpty. Operand 162 states and 220 transitions.
[2026-07-04 07:17:06,387 INFO  L284                IsEmpty]: Finished isEmpty. Found accepting run of length 64
[2026-07-04 07:17:06,387 INFO  L199           NwaCegarLoop]: Found error trace
[2026-07-04 07:17:06,387 INFO  L207           NwaCegarLoop]: trace histogram [1, 1, 1, 1, 1, 1, 1, 1, 1, 1, 1, 1, 1, 1, 1, 1, 1, 1, 1, 1, 1, 1, 1, 1, 1, 1, 1, 1, 1, 1, 1, 1, 1, 1, 1, 1, 1, 1, 1, 1, 1, 1, 1, 1, 1, 1, 1, 1, 1, 1, 1, 1, 1, 1, 1, 1, 1, 1, 1, 1, 1, 1, 1]
[2026-07-04 07:17:06,400 INFO  L546       MonitoredProcess]: [MP /usr/bin/z3 SMTLIB2_COMPLIANT=true -memory:2024 -smt2 -in (9)] Ended with exit code 0
[2026-07-04 07:17:06,589 WARN  L471      AbstractCegarLoop]: Destroyed unattended storables created during the last iteration: 9 /usr/bin/z3 SMTLIB2_COMPLIANT=true -memory:2024 -smt2 -in
[2026-07-04 07:17:06,590 INFO  L408      AbstractCegarLoop]: === Iteration 9 === Targeting ULTIMATE.startErr0ASSERT_VIOLATIONASSERT === [ULTIMATE.startErr0ASSERT_VIOLATIONASSERT] ===
[2026-07-04 07:17:06,590 INFO  L156       PredicateUnifier]: Initialized classic predicate unifier
[2026-07-04 07:17:06,590 INFO  L85        PathProgramCache]: Analyzing trace with hash -513308977, now seen corresponding path program 1 times
[2026-07-04 07:17:06,590 INFO  L118   FreeRefinementEngine]: Executing refinement strategy FIXED_PREFERENCES
[2026-07-04 07:17:06,590 INFO  L324   FreeRefinementEngine]: Using trace check IpTcStrategyModulePreferences [1673604330]
[2026-07-04 07:17:06,590 INFO  L97    rtionOrderModulation]: Keeping assertion order NOT_INCREMENTALLY
[2026-07-04 07:17:06,590 INFO  L173          SolverBuilder]: Constructing external solver with command: z3 SMTLIB2_COMPLIANT=true -memory:2024 -smt2 -in
[2026-07-04 07:17:06,592 INFO  L189       MonitoredProcess]: No working directory specified, using /usr/bin/z3
[2026-07-04 07:17:06,593 INFO  L229       MonitoredProcess]: Starting monitored process 10 with /usr/bin/z3 SMTLIB2_COMPLIANT=true -memory:2024 -smt2 -in (exit command is (exit), workingDir is null)
[2026-07-04 07:17:06,596 INFO  L327       MonitoredProcess]: [MP /usr/bin/z3 SMTLIB2_COMPLIANT=true -memory:2024 -smt2 -in (10)] Waiting until timeout for monitored process
[2026-07-04 07:17:06,714 INFO  L108    AnnotateAndAsserter]: Assert order NOT_INCREMENTALLY partitioned 63 statements into 1 equivalence classes.
[2026-07-04 07:17:06,774 INFO  L111    AnnotateAndAsserter]: Assert order NOT_INCREMENTALLY issued 1 check-sat command(s) and asserted 63 of 63 statements.
[2026-07-04 07:17:06,774 INFO  L114    AnnotateAndAsserter]: Assert order NOT_INCREMENTALLY issued 1 check-sat command(s)
[2026-07-04 07:17:06,774 INFO  L115    AnnotateAndAsserter]: Conjunction of SSA is unsat
[2026-07-04 07:17:06,783 INFO  L256         TraceCheckSpWp]: Trace formula consists of 564 conjuncts, 2 conjuncts are in the unsatisfiable core
[2026-07-04 07:17:06,785 INFO  L279         TraceCheckSpWp]: Computing forward predicates...
[2026-07-04 07:17:06,813 INFO  L134       CoverageAnalysis]: Checked inductivity of 0 backedges. 0 proven. 0 refuted. 0 times theorem prover too weak. 0 trivial. 0 not checked.
[2026-07-04 07:17:06,813 INFO  L312         TraceCheckSpWp]: Computing backward predicates...
[2026-07-04 07:17:06,862 INFO  L134       CoverageAnalysis]: Checked inductivity of 0 backedges. 0 proven. 0 refuted. 0 times theorem prover too weak. 0 trivial. 0 not checked.
[2026-07-04 07:17:06,862 INFO  L136   FreeRefinementEngine]: Strategy FIXED_PREFERENCES found an infeasible trace
[2026-07-04 07:17:06,862 INFO  L324   FreeRefinementEngine]: Using interpolant generator IpTcStrategyModulePreferences [1673604330]
[2026-07-04 07:17:06,862 INFO  L158   FreeRefinementEngine]: IpTcStrategyModulePreferences [1673604330] provided 2 perfect and 0 imperfect interpolant sequences
[2026-07-04 07:17:06,862 INFO  L185   FreeRefinementEngine]: Found 2 perfect and 0 imperfect interpolant sequences.
[2026-07-04 07:17:06,862 INFO  L198   FreeRefinementEngine]: Number of different interpolants: perfect sequences [3, 4] imperfect sequences [] total 5
[2026-07-04 07:17:06,862 INFO  L121   tionRefinementEngine]: Using interpolant automaton builder IpAbStrategyModuleStraightlineAll [1457356613]
[2026-07-04 07:17:06,862 INFO  L85    oduleStraightlineAll]: Using 2 perfect interpolants to construct interpolant automaton
[2026-07-04 07:17:06,862 INFO  L567      AbstractCegarLoop]: INTERPOLANT automaton has 5 states
[2026-07-04 07:17:06,863 INFO  L100   FreeRefinementEngine]: Using predicate unifier PredicateUnifier provided by strategy FIXED_PREFERENCES
[2026-07-04 07:17:06,863 INFO  L144   InterpolantAutomaton]: Constructing interpolant automaton starting with 5 interpolants.
[2026-07-04 07:17:06,863 INFO  L146   InterpolantAutomaton]: CoverageRelationStatistics Valid=8, Invalid=12, Unknown=0, NotChecked=0, Total=20
[2026-07-04 07:17:06,863 INFO  L87              Difference]: Start difference. First operand 162 states and 220 transitions. Second operand  has 5 states, 5 states have (on average 13.8) internal successors, (69), 5 states have internal predecessors, (69), 3 states have call successors, (3), 2 states have call predecessors, (3), 4 states have return successors, (4), 3 states have call predecessors, (4), 3 states have call successors, (4)
[2026-07-04 07:17:07,022 INFO  L144             Difference]: Subtrahend was deterministic. Have not used determinization.
[2026-07-04 07:17:07,022 INFO  L93              Difference]: Finished difference Result 364 states and 509 transitions.
[2026-07-04 07:17:07,022 INFO  L140   InterpolantAutomaton]: Switched to read-only mode: deterministic interpolant automaton has 4 states. 
[2026-07-04 07:17:07,022 INFO  L79                 Accepts]: Start accepts. Automaton has  has 5 states, 5 states have (on average 13.8) internal successors, (69), 5 states have internal predecessors, (69), 3 states have call successors, (3), 2 states have call predecessors, (3), 4 states have return successors, (4), 3 states have call predecessors, (4), 3 states have call successors, (4) Word has length 63
[2026-07-04 07:17:07,022 INFO  L85                 Accepts]: Finished accepts. some prefix is accepted.
[2026-07-04 07:17:07,023 INFO  L225             Difference]: With dead ends: 364
[2026-07-04 07:17:07,023 INFO  L226             Difference]: Without dead ends: 263
[2026-07-04 07:17:07,024 INFO  L425           NwaCegarLoop]: 0 DeclaredPredicates, 124 GetRequests, 121 SyntacticMatches, 0 SemanticMatches, 3 ConstructedPredicates, 0 IntricatePredicates, 0 DeprecatedPredicates, 1 ImplicationChecksByTransitivity, 0.0s TimeCoverageRelationStatistics Valid=8, Invalid=12, Unknown=0, NotChecked=0, Total=20
[2026-07-04 07:17:07,024 INFO  L426           NwaCegarLoop]: 213 mSDtfsCounter, 329 mSDsluCounter, 402 mSDsCounter, 0 mSdLazyCounter, 45 mSolverCounterSat, 10 mSolverCounterUnsat, 0 mSolverCounterUnknown, 0 mSolverCounterNotChecked, 0.1s Time, 0 mProtectedPredicate, 0 mProtectedAction, 329 SdHoareTripleChecker+Valid, 615 SdHoareTripleChecker+Invalid, 55 SdHoareTripleChecker+Unknown, 0 SdHoareTripleChecker+Unchecked, 0.0s SdHoareTripleChecker+Time, 10 IncrementalHoareTripleChecker+Valid, 45 IncrementalHoareTripleChecker+Invalid, 0 IncrementalHoareTripleChecker+Unknown, 0 IncrementalHoareTripleChecker+Unchecked, 0.1s IncrementalHoareTripleChecker+Time
[2026-07-04 07:17:07,024 INFO  L427           NwaCegarLoop]: SdHoareTripleChecker [329 Valid, 615 Invalid, 55 Unknown, 0 Unchecked, 0.0s Time], IncrementalHoareTripleChecker [10 Valid, 45 Invalid, 0 Unknown, 0 Unchecked, 0.1s Time]
[2026-07-04 07:17:07,024 INFO  L82        GeneralOperation]: Start minimizeSevpa. Operand 263 states.
[2026-07-04 07:17:07,037 INFO  L88        GeneralOperation]: Finished minimizeSevpa. Reduced states from 263 to 165.
[2026-07-04 07:17:07,037 INFO  L82        GeneralOperation]: Start removeUnreachable. Operand  has 165 states, 156 states have (on average 1.3717948717948718) internal successors, (214), 157 states have internal predecessors, (214), 4 states have call successors, (4), 4 states have call predecessors, (4), 4 states have return successors, (4), 4 states have call predecessors, (4), 4 states have call successors, (4)
[2026-07-04 07:17:07,038 INFO  L88        GeneralOperation]: Finished removeUnreachable. Reduced from 165 states to 165 states and 222 transitions.
[2026-07-04 07:17:07,038 INFO  L79                 Accepts]: Start accepts. Automaton has 165 states and 222 transitions. Word has length 63
[2026-07-04 07:17:07,038 INFO  L85                 Accepts]: Finished accepts. word is rejected.
[2026-07-04 07:17:07,038 INFO  L490      AbstractCegarLoop]: Abstraction has 165 states and 222 transitions.
[2026-07-04 07:17:07,038 INFO  L491      AbstractCegarLoop]: INTERPOLANT automaton has  has 5 states, 5 states have (on average 13.8) internal successors, (69), 5 states have internal predecessors, (69), 3 states have call successors, (3), 2 states have call predecessors, (3), 4 states have return successors, (4), 3 states have call predecessors, (4), 3 states have call successors, (4)
[2026-07-04 07:17:07,038 INFO  L278                IsEmpty]: Start isEmpty. Operand 165 states and 222 transitions.
[2026-07-04 07:17:07,038 INFO  L284                IsEmpty]: Finished isEmpty. Found accepting run of length 65
[2026-07-04 07:17:07,038 INFO  L199           NwaCegarLoop]: Found error trace
[2026-07-04 07:17:07,038 INFO  L207           NwaCegarLoop]: trace histogram [1, 1, 1, 1, 1, 1, 1, 1, 1, 1, 1, 1, 1, 1, 1, 1, 1, 1, 1, 1, 1, 1, 1, 1, 1, 1, 1, 1, 1, 1, 1, 1, 1, 1, 1, 1, 1, 1, 1, 1, 1, 1, 1, 1, 1, 1, 1, 1, 1, 1, 1, 1, 1, 1, 1, 1, 1, 1, 1, 1, 1, 1, 1, 1]
[2026-07-04 07:17:07,050 INFO  L546       MonitoredProcess]: [MP /usr/bin/z3 SMTLIB2_COMPLIANT=true -memory:2024 -smt2 -in (10)] Ended with exit code 0
[2026-07-04 07:17:07,245 WARN  L471      AbstractCegarLoop]: Destroyed unattended storables created during the last iteration: 10 /usr/bin/z3 SMTLIB2_COMPLIANT=true -memory:2024 -smt2 -in
[2026-07-04 07:17:07,246 INFO  L408      AbstractCegarLoop]: === Iteration 10 === Targeting ULTIMATE.startErr0ASSERT_VIOLATIONASSERT === [ULTIMATE.startErr0ASSERT_VIOLATIONASSERT] ===
[2026-07-04 07:17:07,247 INFO  L156       PredicateUnifier]: Initialized classic predicate unifier
[2026-07-04 07:17:07,247 INFO  L85        PathProgramCache]: Analyzing trace with hash -1148816650, now seen corresponding path program 1 times
[2026-07-04 07:17:07,247 INFO  L118   FreeRefinementEngine]: Executing refinement strategy FIXED_PREFERENCES
[2026-07-04 07:17:07,247 INFO  L324   FreeRefinementEngine]: Using trace check IpTcStrategyModulePreferences [510500683]
[2026-07-04 07:17:07,247 INFO  L97    rtionOrderModulation]: Keeping assertion order NOT_INCREMENTALLY
[2026-07-04 07:17:07,247 INFO  L173          SolverBuilder]: Constructing external solver with command: z3 SMTLIB2_COMPLIANT=true -memory:2024 -smt2 -in
[2026-07-04 07:17:07,248 INFO  L189       MonitoredProcess]: No working directory specified, using /usr/bin/z3
[2026-07-04 07:17:07,250 INFO  L229       MonitoredProcess]: Starting monitored process 11 with /usr/bin/z3 SMTLIB2_COMPLIANT=true -memory:2024 -smt2 -in (exit command is (exit), workingDir is null)
[2026-07-04 07:17:07,253 INFO  L327       MonitoredProcess]: [MP /usr/bin/z3 SMTLIB2_COMPLIANT=true -memory:2024 -smt2 -in (11)] Waiting until timeout for monitored process
[2026-07-04 07:17:07,381 INFO  L108    AnnotateAndAsserter]: Assert order NOT_INCREMENTALLY partitioned 64 statements into 1 equivalence classes.
[2026-07-04 07:17:07,452 INFO  L111    AnnotateAndAsserter]: Assert order NOT_INCREMENTALLY issued 1 check-sat command(s) and asserted 64 of 64 statements.
[2026-07-04 07:17:07,452 INFO  L114    AnnotateAndAsserter]: Assert order NOT_INCREMENTALLY issued 1 check-sat command(s)
[2026-07-04 07:17:07,452 INFO  L115    AnnotateAndAsserter]: Conjunction of SSA is unsat
[2026-07-04 07:17:07,455 INFO  L256         TraceCheckSpWp]: Trace formula consists of 603 conjuncts, 5 conjuncts are in the unsatisfiable core
[2026-07-04 07:17:07,457 INFO  L279         TraceCheckSpWp]: Computing forward predicates...
[2026-07-04 07:17:07,619 INFO  L134       CoverageAnalysis]: Checked inductivity of 0 backedges. 0 proven. 0 refuted. 0 times theorem prover too weak. 0 trivial. 0 not checked.
[2026-07-04 07:17:07,619 INFO  L312         TraceCheckSpWp]: Computing backward predicates...
[2026-07-04 07:17:07,748 INFO  L134       CoverageAnalysis]: Checked inductivity of 0 backedges. 0 proven. 0 refuted. 0 times theorem prover too weak. 0 trivial. 0 not checked.
[2026-07-04 07:17:07,748 INFO  L136   FreeRefinementEngine]: Strategy FIXED_PREFERENCES found an infeasible trace
[2026-07-04 07:17:07,748 INFO  L324   FreeRefinementEngine]: Using interpolant generator IpTcStrategyModulePreferences [510500683]
[2026-07-04 07:17:07,748 INFO  L158   FreeRefinementEngine]: IpTcStrategyModulePreferences [510500683] provided 2 perfect and 0 imperfect interpolant sequences
[2026-07-04 07:17:07,748 INFO  L185   FreeRefinementEngine]: Found 2 perfect and 0 imperfect interpolant sequences.
[2026-07-04 07:17:07,748 INFO  L198   FreeRefinementEngine]: Number of different interpolants: perfect sequences [5, 6] imperfect sequences [] total 8
[2026-07-04 07:17:07,748 INFO  L121   tionRefinementEngine]: Using interpolant automaton builder IpAbStrategyModuleStraightlineAll [2021547374]
[2026-07-04 07:17:07,748 INFO  L85    oduleStraightlineAll]: Using 2 perfect interpolants to construct interpolant automaton
[2026-07-04 07:17:07,749 INFO  L567      AbstractCegarLoop]: INTERPOLANT automaton has 8 states
[2026-07-04 07:17:07,749 INFO  L100   FreeRefinementEngine]: Using predicate unifier PredicateUnifier provided by strategy FIXED_PREFERENCES
[2026-07-04 07:17:07,749 INFO  L144   InterpolantAutomaton]: Constructing interpolant automaton starting with 8 interpolants.
[2026-07-04 07:17:07,749 INFO  L146   InterpolantAutomaton]: CoverageRelationStatistics Valid=22, Invalid=34, Unknown=0, NotChecked=0, Total=56
[2026-07-04 07:17:07,749 INFO  L87              Difference]: Start difference. First operand 165 states and 222 transitions. Second operand  has 8 states, 8 states have (on average 13.75) internal successors, (110), 6 states have internal predecessors, (110), 1 states have call successors, (4), 4 states have call predecessors, (4), 4 states have return successors, (4), 2 states have call predecessors, (4), 1 states have call successors, (4)
[2026-07-04 07:17:08,935 INFO  L144             Difference]: Subtrahend was deterministic. Have not used determinization.
[2026-07-04 07:17:08,936 INFO  L93              Difference]: Finished difference Result 168 states and 224 transitions.
[2026-07-04 07:17:08,936 INFO  L140   InterpolantAutomaton]: Switched to read-only mode: deterministic interpolant automaton has 6 states. 
[2026-07-04 07:17:08,936 INFO  L79                 Accepts]: Start accepts. Automaton has  has 8 states, 8 states have (on average 13.75) internal successors, (110), 6 states have internal predecessors, (110), 1 states have call successors, (4), 4 states have call predecessors, (4), 4 states have return successors, (4), 2 states have call predecessors, (4), 1 states have call successors, (4) Word has length 64
[2026-07-04 07:17:08,937 INFO  L85                 Accepts]: Finished accepts. some prefix is accepted.
[2026-07-04 07:17:08,938 INFO  L225             Difference]: With dead ends: 168
[2026-07-04 07:17:08,938 INFO  L226             Difference]: Without dead ends: 165
[2026-07-04 07:17:08,938 INFO  L425           NwaCegarLoop]: 0 DeclaredPredicates, 129 GetRequests, 119 SyntacticMatches, 2 SemanticMatches, 8 ConstructedPredicates, 0 IntricatePredicates, 0 DeprecatedPredicates, 9 ImplicationChecksByTransitivity, 0.1s TimeCoverageRelationStatistics Valid=36, Invalid=54, Unknown=0, NotChecked=0, Total=90
[2026-07-04 07:17:08,939 INFO  L426           NwaCegarLoop]: 14 mSDtfsCounter, 353 mSDsluCounter, 26 mSDsCounter, 0 mSdLazyCounter, 834 mSolverCounterSat, 5 mSolverCounterUnsat, 0 mSolverCounterUnknown, 0 mSolverCounterNotChecked, 1.0s Time, 0 mProtectedPredicate, 0 mProtectedAction, 355 SdHoareTripleChecker+Valid, 40 SdHoareTripleChecker+Invalid, 839 SdHoareTripleChecker+Unknown, 0 SdHoareTripleChecker+Unchecked, 0.0s SdHoareTripleChecker+Time, 5 IncrementalHoareTripleChecker+Valid, 834 IncrementalHoareTripleChecker+Invalid, 0 IncrementalHoareTripleChecker+Unknown, 0 IncrementalHoareTripleChecker+Unchecked, 1.1s IncrementalHoareTripleChecker+Time
[2026-07-04 07:17:08,939 INFO  L427           NwaCegarLoop]: SdHoareTripleChecker [355 Valid, 40 Invalid, 839 Unknown, 0 Unchecked, 0.0s Time], IncrementalHoareTripleChecker [5 Valid, 834 Invalid, 0 Unknown, 0 Unchecked, 1.1s Time]
[2026-07-04 07:17:08,940 INFO  L82        GeneralOperation]: Start minimizeSevpa. Operand 165 states.
[2026-07-04 07:17:08,947 INFO  L88        GeneralOperation]: Finished minimizeSevpa. Reduced states from 165 to 165.
[2026-07-04 07:17:08,947 INFO  L82        GeneralOperation]: Start removeUnreachable. Operand  has 165 states, 156 states have (on average 1.3653846153846154) internal successors, (213), 156 states have internal predecessors, (213), 4 states have call successors, (4), 4 states have call predecessors, (4), 4 states have return successors, (4), 4 states have call predecessors, (4), 4 states have call successors, (4)
[2026-07-04 07:17:08,948 INFO  L88        GeneralOperation]: Finished removeUnreachable. Reduced from 165 states to 165 states and 221 transitions.
[2026-07-04 07:17:08,948 INFO  L79                 Accepts]: Start accepts. Automaton has 165 states and 221 transitions. Word has length 64
[2026-07-04 07:17:08,948 INFO  L85                 Accepts]: Finished accepts. word is rejected.
[2026-07-04 07:17:08,948 INFO  L490      AbstractCegarLoop]: Abstraction has 165 states and 221 transitions.
[2026-07-04 07:17:08,948 INFO  L491      AbstractCegarLoop]: INTERPOLANT automaton has  has 8 states, 8 states have (on average 13.75) internal successors, (110), 6 states have internal predecessors, (110), 1 states have call successors, (4), 4 states have call predecessors, (4), 4 states have return successors, (4), 2 states have call predecessors, (4), 1 states have call successors, (4)
[2026-07-04 07:17:08,948 INFO  L278                IsEmpty]: Start isEmpty. Operand 165 states and 221 transitions.
[2026-07-04 07:17:08,956 INFO  L284                IsEmpty]: Finished isEmpty. Found accepting run of length 89
[2026-07-04 07:17:08,957 INFO  L199           NwaCegarLoop]: Found error trace
[2026-07-04 07:17:08,957 INFO  L207           NwaCegarLoop]: trace histogram [1, 1, 1, 1, 1, 1, 1, 1, 1, 1, 1, 1, 1, 1, 1, 1, 1, 1, 1, 1, 1, 1, 1, 1, 1, 1, 1, 1, 1, 1, 1, 1, 1, 1, 1, 1, 1, 1, 1, 1, 1, 1, 1, 1, 1, 1, 1, 1, 1, 1, 1, 1, 1, 1, 1, 1, 1, 1, 1, 1, 1, 1, 1, 1, 1, 1, 1, 1, 1, 1, 1, 1, 1, 1, 1, 1, 1, 1, 1, 1, 1, 1, 1, 1, 1, 1, 1, 1]
[2026-07-04 07:17:08,969 INFO  L546       MonitoredProcess]: [MP /usr/bin/z3 SMTLIB2_COMPLIANT=true -memory:2024 -smt2 -in (11)] Ended with exit code 0
[2026-07-04 07:17:09,159 WARN  L471      AbstractCegarLoop]: Destroyed unattended storables created during the last iteration: 11 /usr/bin/z3 SMTLIB2_COMPLIANT=true -memory:2024 -smt2 -in
[2026-07-04 07:17:09,160 INFO  L408      AbstractCegarLoop]: === Iteration 11 === Targeting ULTIMATE.startErr0ASSERT_VIOLATIONASSERT === [ULTIMATE.startErr0ASSERT_VIOLATIONASSERT] ===
[2026-07-04 07:17:09,160 INFO  L156       PredicateUnifier]: Initialized classic predicate unifier
[2026-07-04 07:17:09,160 INFO  L85        PathProgramCache]: Analyzing trace with hash -814851481, now seen corresponding path program 1 times
[2026-07-04 07:17:09,160 INFO  L118   FreeRefinementEngine]: Executing refinement strategy FIXED_PREFERENCES
[2026-07-04 07:17:09,160 INFO  L324   FreeRefinementEngine]: Using trace check IpTcStrategyModulePreferences [1241014328]
[2026-07-04 07:17:09,160 INFO  L97    rtionOrderModulation]: Keeping assertion order NOT_INCREMENTALLY
[2026-07-04 07:17:09,160 INFO  L173          SolverBuilder]: Constructing external solver with command: z3 SMTLIB2_COMPLIANT=true -memory:2024 -smt2 -in
[2026-07-04 07:17:09,162 INFO  L189       MonitoredProcess]: No working directory specified, using /usr/bin/z3
[2026-07-04 07:17:09,163 INFO  L229       MonitoredProcess]: Starting monitored process 12 with /usr/bin/z3 SMTLIB2_COMPLIANT=true -memory:2024 -smt2 -in (exit command is (exit), workingDir is null)
[2026-07-04 07:17:09,166 INFO  L327       MonitoredProcess]: [MP /usr/bin/z3 SMTLIB2_COMPLIANT=true -memory:2024 -smt2 -in (12)] Waiting until timeout for monitored process
[2026-07-04 07:17:09,298 INFO  L108    AnnotateAndAsserter]: Assert order NOT_INCREMENTALLY partitioned 88 statements into 1 equivalence classes.
[2026-07-04 07:17:09,376 INFO  L111    AnnotateAndAsserter]: Assert order NOT_INCREMENTALLY issued 1 check-sat command(s) and asserted 88 of 88 statements.
[2026-07-04 07:17:09,376 INFO  L114    AnnotateAndAsserter]: Assert order NOT_INCREMENTALLY issued 1 check-sat command(s)
[2026-07-04 07:17:09,376 INFO  L115    AnnotateAndAsserter]: Conjunction of SSA is unsat
[2026-07-04 07:17:09,383 INFO  L256         TraceCheckSpWp]: Trace formula consists of 822 conjuncts, 3 conjuncts are in the unsatisfiable core
[2026-07-04 07:17:09,389 INFO  L279         TraceCheckSpWp]: Computing forward predicates...
[2026-07-04 07:17:09,520 INFO  L134       CoverageAnalysis]: Checked inductivity of 0 backedges. 0 proven. 0 refuted. 0 times theorem prover too weak. 0 trivial. 0 not checked.
[2026-07-04 07:17:09,520 INFO  L312         TraceCheckSpWp]: Computing backward predicates...
[2026-07-04 07:17:09,612 INFO  L134       CoverageAnalysis]: Checked inductivity of 0 backedges. 0 proven. 0 refuted. 0 times theorem prover too weak. 0 trivial. 0 not checked.
[2026-07-04 07:17:09,612 INFO  L136   FreeRefinementEngine]: Strategy FIXED_PREFERENCES found an infeasible trace
[2026-07-04 07:17:09,612 INFO  L324   FreeRefinementEngine]: Using interpolant generator IpTcStrategyModulePreferences [1241014328]
[2026-07-04 07:17:09,615 INFO  L158   FreeRefinementEngine]: IpTcStrategyModulePreferences [1241014328] provided 2 perfect and 0 imperfect interpolant sequences
[2026-07-04 07:17:09,615 INFO  L185   FreeRefinementEngine]: Found 2 perfect and 0 imperfect interpolant sequences.
[2026-07-04 07:17:09,616 INFO  L198   FreeRefinementEngine]: Number of different interpolants: perfect sequences [5, 6] imperfect sequences [] total 7
[2026-07-04 07:17:09,616 INFO  L121   tionRefinementEngine]: Using interpolant automaton builder IpAbStrategyModuleStraightlineAll [473702258]
[2026-07-04 07:17:09,616 INFO  L85    oduleStraightlineAll]: Using 2 perfect interpolants to construct interpolant automaton
[2026-07-04 07:17:09,616 INFO  L567      AbstractCegarLoop]: INTERPOLANT automaton has 7 states
[2026-07-04 07:17:09,616 INFO  L100   FreeRefinementEngine]: Using predicate unifier PredicateUnifier provided by strategy FIXED_PREFERENCES
[2026-07-04 07:17:09,616 INFO  L144   InterpolantAutomaton]: Constructing interpolant automaton starting with 7 interpolants.
[2026-07-04 07:17:09,616 INFO  L146   InterpolantAutomaton]: CoverageRelationStatistics Valid=15, Invalid=27, Unknown=0, NotChecked=0, Total=42
[2026-07-04 07:17:09,617 INFO  L87              Difference]: Start difference. First operand 165 states and 221 transitions. Second operand  has 7 states, 7 states have (on average 21.285714285714285) internal successors, (149), 7 states have internal predecessors, (149), 3 states have call successors, (8), 4 states have call predecessors, (8), 6 states have return successors, (8), 3 states have call predecessors, (8), 3 states have call successors, (8)
[2026-07-04 07:17:09,697 INFO  L144             Difference]: Subtrahend was deterministic. Have not used determinization.
[2026-07-04 07:17:09,697 INFO  L93              Difference]: Finished difference Result 235 states and 321 transitions.
[2026-07-04 07:17:09,697 INFO  L140   InterpolantAutomaton]: Switched to read-only mode: deterministic interpolant automaton has 4 states. 
[2026-07-04 07:17:09,697 INFO  L79                 Accepts]: Start accepts. Automaton has  has 7 states, 7 states have (on average 21.285714285714285) internal successors, (149), 7 states have internal predecessors, (149), 3 states have call successors, (8), 4 states have call predecessors, (8), 6 states have return successors, (8), 3 states have call predecessors, (8), 3 states have call successors, (8) Word has length 88
[2026-07-04 07:17:09,698 INFO  L85                 Accepts]: Finished accepts. some prefix is accepted.
[2026-07-04 07:17:09,704 INFO  L225             Difference]: With dead ends: 235
[2026-07-04 07:17:09,704 INFO  L226             Difference]: Without dead ends: 165
[2026-07-04 07:17:09,704 INFO  L425           NwaCegarLoop]: 0 DeclaredPredicates, 174 GetRequests, 169 SyntacticMatches, 0 SemanticMatches, 5 ConstructedPredicates, 0 IntricatePredicates, 0 DeprecatedPredicates, 4 ImplicationChecksByTransitivity, 0.0s TimeCoverageRelationStatistics Valid=15, Invalid=27, Unknown=0, NotChecked=0, Total=42
[2026-07-04 07:17:09,705 INFO  L426           NwaCegarLoop]: 214 mSDtfsCounter, 390 mSDsluCounter, 299 mSDsCounter, 0 mSdLazyCounter, 16 mSolverCounterSat, 7 mSolverCounterUnsat, 0 mSolverCounterUnknown, 0 mSolverCounterNotChecked, 0.1s Time, 0 mProtectedPredicate, 0 mProtectedAction, 391 SdHoareTripleChecker+Valid, 513 SdHoareTripleChecker+Invalid, 23 SdHoareTripleChecker+Unknown, 0 SdHoareTripleChecker+Unchecked, 0.0s SdHoareTripleChecker+Time, 7 IncrementalHoareTripleChecker+Valid, 16 IncrementalHoareTripleChecker+Invalid, 0 IncrementalHoareTripleChecker+Unknown, 0 IncrementalHoareTripleChecker+Unchecked, 0.1s IncrementalHoareTripleChecker+Time
[2026-07-04 07:17:09,705 INFO  L427           NwaCegarLoop]: SdHoareTripleChecker [391 Valid, 513 Invalid, 23 Unknown, 0 Unchecked, 0.0s Time], IncrementalHoareTripleChecker [7 Valid, 16 Invalid, 0 Unknown, 0 Unchecked, 0.1s Time]
[2026-07-04 07:17:09,705 INFO  L82        GeneralOperation]: Start minimizeSevpa. Operand 165 states.
[2026-07-04 07:17:09,710 INFO  L88        GeneralOperation]: Finished minimizeSevpa. Reduced states from 165 to 165.
[2026-07-04 07:17:09,710 INFO  L82        GeneralOperation]: Start removeUnreachable. Operand  has 165 states, 156 states have (on average 1.358974358974359) internal successors, (212), 156 states have internal predecessors, (212), 4 states have call successors, (4), 4 states have call predecessors, (4), 4 states have return successors, (4), 4 states have call predecessors, (4), 4 states have call successors, (4)
[2026-07-04 07:17:09,710 INFO  L88        GeneralOperation]: Finished removeUnreachable. Reduced from 165 states to 165 states and 220 transitions.
[2026-07-04 07:17:09,711 INFO  L79                 Accepts]: Start accepts. Automaton has 165 states and 220 transitions. Word has length 88
[2026-07-04 07:17:09,711 INFO  L85                 Accepts]: Finished accepts. word is rejected.
[2026-07-04 07:17:09,711 INFO  L490      AbstractCegarLoop]: Abstraction has 165 states and 220 transitions.
[2026-07-04 07:17:09,711 INFO  L491      AbstractCegarLoop]: INTERPOLANT automaton has  has 7 states, 7 states have (on average 21.285714285714285) internal successors, (149), 7 states have internal predecessors, (149), 3 states have call successors, (8), 4 states have call predecessors, (8), 6 states have return successors, (8), 3 states have call predecessors, (8), 3 states have call successors, (8)
[2026-07-04 07:17:09,711 INFO  L278                IsEmpty]: Start isEmpty. Operand 165 states and 220 transitions.
[2026-07-04 07:17:09,716 INFO  L284                IsEmpty]: Finished isEmpty. Found accepting run of length 91
[2026-07-04 07:17:09,716 INFO  L199           NwaCegarLoop]: Found error trace
[2026-07-04 07:17:09,716 INFO  L207           NwaCegarLoop]: trace histogram [1, 1, 1, 1, 1, 1, 1, 1, 1, 1, 1, 1, 1, 1, 1, 1, 1, 1, 1, 1, 1, 1, 1, 1, 1, 1, 1, 1, 1, 1, 1, 1, 1, 1, 1, 1, 1, 1, 1, 1, 1, 1, 1, 1, 1, 1, 1, 1, 1, 1, 1, 1, 1, 1, 1, 1, 1, 1, 1, 1, 1, 1, 1, 1, 1, 1, 1, 1, 1, 1, 1, 1, 1, 1, 1, 1, 1, 1, 1, 1, 1, 1, 1, 1, 1, 1, 1, 1, 1, 1]
[2026-07-04 07:17:09,729 INFO  L546       MonitoredProcess]: [MP /usr/bin/z3 SMTLIB2_COMPLIANT=true -memory:2024 -smt2 -in (12)] Ended with exit code 0
[2026-07-04 07:17:09,917 WARN  L471      AbstractCegarLoop]: Destroyed unattended storables created during the last iteration: 12 /usr/bin/z3 SMTLIB2_COMPLIANT=true -memory:2024 -smt2 -in
[2026-07-04 07:17:09,917 INFO  L408      AbstractCegarLoop]: === Iteration 12 === Targeting ULTIMATE.startErr0ASSERT_VIOLATIONASSERT === [ULTIMATE.startErr0ASSERT_VIOLATIONASSERT] ===
[2026-07-04 07:17:09,918 INFO  L156       PredicateUnifier]: Initialized classic predicate unifier
[2026-07-04 07:17:09,918 INFO  L85        PathProgramCache]: Analyzing trace with hash -42318675, now seen corresponding path program 1 times
[2026-07-04 07:17:09,918 INFO  L118   FreeRefinementEngine]: Executing refinement strategy FIXED_PREFERENCES
[2026-07-04 07:17:09,918 INFO  L324   FreeRefinementEngine]: Using trace check IpTcStrategyModulePreferences [468491952]
[2026-07-04 07:17:09,918 INFO  L97    rtionOrderModulation]: Keeping assertion order NOT_INCREMENTALLY
[2026-07-04 07:17:09,918 INFO  L173          SolverBuilder]: Constructing external solver with command: z3 SMTLIB2_COMPLIANT=true -memory:2024 -smt2 -in
[2026-07-04 07:17:09,925 INFO  L189       MonitoredProcess]: No working directory specified, using /usr/bin/z3
[2026-07-04 07:17:09,926 INFO  L229       MonitoredProcess]: Starting monitored process 13 with /usr/bin/z3 SMTLIB2_COMPLIANT=true -memory:2024 -smt2 -in (exit command is (exit), workingDir is null)
[2026-07-04 07:17:09,929 INFO  L327       MonitoredProcess]: [MP /usr/bin/z3 SMTLIB2_COMPLIANT=true -memory:2024 -smt2 -in (13)] Waiting until timeout for monitored process
[2026-07-04 07:17:10,114 INFO  L108    AnnotateAndAsserter]: Assert order NOT_INCREMENTALLY partitioned 90 statements into 1 equivalence classes.
[2026-07-04 07:17:10,217 INFO  L111    AnnotateAndAsserter]: Assert order NOT_INCREMENTALLY issued 1 check-sat command(s) and asserted 90 of 90 statements.
[2026-07-04 07:17:10,217 INFO  L114    AnnotateAndAsserter]: Assert order NOT_INCREMENTALLY issued 1 check-sat command(s)
[2026-07-04 07:17:10,217 INFO  L115    AnnotateAndAsserter]: Conjunction of SSA is unsat
[2026-07-04 07:17:10,220 INFO  L256         TraceCheckSpWp]: Trace formula consists of 826 conjuncts, 2 conjuncts are in the unsatisfiable core
[2026-07-04 07:17:10,222 INFO  L279         TraceCheckSpWp]: Computing forward predicates...
[2026-07-04 07:17:10,231 INFO  L134       CoverageAnalysis]: Checked inductivity of 0 backedges. 0 proven. 0 refuted. 0 times theorem prover too weak. 0 trivial. 0 not checked.
[2026-07-04 07:17:10,232 INFO  L312         TraceCheckSpWp]: Computing backward predicates...
[2026-07-04 07:17:10,253 INFO  L134       CoverageAnalysis]: Checked inductivity of 0 backedges. 0 proven. 0 refuted. 0 times theorem prover too weak. 0 trivial. 0 not checked.
[2026-07-04 07:17:10,253 INFO  L136   FreeRefinementEngine]: Strategy FIXED_PREFERENCES found an infeasible trace
[2026-07-04 07:17:10,253 INFO  L324   FreeRefinementEngine]: Using interpolant generator IpTcStrategyModulePreferences [468491952]
[2026-07-04 07:17:10,253 INFO  L158   FreeRefinementEngine]: IpTcStrategyModulePreferences [468491952] provided 2 perfect and 0 imperfect interpolant sequences
[2026-07-04 07:17:10,253 INFO  L185   FreeRefinementEngine]: Found 2 perfect and 0 imperfect interpolant sequences.
[2026-07-04 07:17:10,253 INFO  L198   FreeRefinementEngine]: Number of different interpolants: perfect sequences [3, 3] imperfect sequences [] total 3
[2026-07-04 07:17:10,254 INFO  L121   tionRefinementEngine]: Using interpolant automaton builder IpAbStrategyModuleStraightlineAll [1445219267]
[2026-07-04 07:17:10,254 INFO  L85    oduleStraightlineAll]: Using 2 perfect interpolants to construct interpolant automaton
[2026-07-04 07:17:10,254 INFO  L567      AbstractCegarLoop]: INTERPOLANT automaton has 3 states
[2026-07-04 07:17:10,254 INFO  L100   FreeRefinementEngine]: Using predicate unifier PredicateUnifier provided by strategy FIXED_PREFERENCES
[2026-07-04 07:17:10,254 INFO  L144   InterpolantAutomaton]: Constructing interpolant automaton starting with 3 interpolants.
[2026-07-04 07:17:10,254 INFO  L146   InterpolantAutomaton]: CoverageRelationStatistics Valid=3, Invalid=3, Unknown=0, NotChecked=0, Total=6
[2026-07-04 07:17:10,254 INFO  L87              Difference]: Start difference. First operand 165 states and 220 transitions. Second operand  has 3 states, 3 states have (on average 28.0) internal successors, (84), 3 states have internal predecessors, (84), 2 states have call successors, (5), 2 states have call predecessors, (5), 2 states have return successors, (5), 2 states have call predecessors, (5), 2 states have call successors, (5)
[2026-07-04 07:17:10,268 INFO  L144             Difference]: Subtrahend was deterministic. Have not used determinization.
[2026-07-04 07:17:10,268 INFO  L93              Difference]: Finished difference Result 235 states and 320 transitions.
[2026-07-04 07:17:10,276 INFO  L140   InterpolantAutomaton]: Switched to read-only mode: deterministic interpolant automaton has 3 states. 
[2026-07-04 07:17:10,277 INFO  L79                 Accepts]: Start accepts. Automaton has  has 3 states, 3 states have (on average 28.0) internal successors, (84), 3 states have internal predecessors, (84), 2 states have call successors, (5), 2 states have call predecessors, (5), 2 states have return successors, (5), 2 states have call predecessors, (5), 2 states have call successors, (5) Word has length 90
[2026-07-04 07:17:10,277 INFO  L85                 Accepts]: Finished accepts. some prefix is accepted.
[2026-07-04 07:17:10,277 INFO  L225             Difference]: With dead ends: 235
[2026-07-04 07:17:10,277 INFO  L226             Difference]: Without dead ends: 164
[2026-07-04 07:17:10,277 INFO  L425           NwaCegarLoop]: 0 DeclaredPredicates, 178 GetRequests, 177 SyntacticMatches, 0 SemanticMatches, 1 ConstructedPredicates, 0 IntricatePredicates, 0 DeprecatedPredicates, 0 ImplicationChecksByTransitivity, 0.0s TimeCoverageRelationStatistics Valid=3, Invalid=3, Unknown=0, NotChecked=0, Total=6
[2026-07-04 07:17:10,278 INFO  L426           NwaCegarLoop]: 213 mSDtfsCounter, 112 mSDsluCounter, 100 mSDsCounter, 0 mSdLazyCounter, 2 mSolverCounterSat, 1 mSolverCounterUnsat, 0 mSolverCounterUnknown, 0 mSolverCounterNotChecked, 0.0s Time, 0 mProtectedPredicate, 0 mProtectedAction, 112 SdHoareTripleChecker+Valid, 313 SdHoareTripleChecker+Invalid, 3 SdHoareTripleChecker+Unknown, 0 SdHoareTripleChecker+Unchecked, 0.0s SdHoareTripleChecker+Time, 1 IncrementalHoareTripleChecker+Valid, 2 IncrementalHoareTripleChecker+Invalid, 0 IncrementalHoareTripleChecker+Unknown, 0 IncrementalHoareTripleChecker+Unchecked, 0.0s IncrementalHoareTripleChecker+Time
[2026-07-04 07:17:10,278 INFO  L427           NwaCegarLoop]: SdHoareTripleChecker [112 Valid, 313 Invalid, 3 Unknown, 0 Unchecked, 0.0s Time], IncrementalHoareTripleChecker [1 Valid, 2 Invalid, 0 Unknown, 0 Unchecked, 0.0s Time]
[2026-07-04 07:17:10,278 INFO  L82        GeneralOperation]: Start minimizeSevpa. Operand 164 states.
[2026-07-04 07:17:10,286 INFO  L88        GeneralOperation]: Finished minimizeSevpa. Reduced states from 164 to 164.
[2026-07-04 07:17:10,286 INFO  L82        GeneralOperation]: Start removeUnreachable. Operand  has 164 states, 155 states have (on average 1.3483870967741935) internal successors, (209), 155 states have internal predecessors, (209), 4 states have call successors, (4), 4 states have call predecessors, (4), 4 states have return successors, (4), 4 states have call predecessors, (4), 4 states have call successors, (4)
[2026-07-04 07:17:10,289 INFO  L88        GeneralOperation]: Finished removeUnreachable. Reduced from 164 states to 164 states and 217 transitions.
[2026-07-04 07:17:10,289 INFO  L79                 Accepts]: Start accepts. Automaton has 164 states and 217 transitions. Word has length 90
[2026-07-04 07:17:10,289 INFO  L85                 Accepts]: Finished accepts. word is rejected.
[2026-07-04 07:17:10,289 INFO  L490      AbstractCegarLoop]: Abstraction has 164 states and 217 transitions.
[2026-07-04 07:17:10,289 INFO  L491      AbstractCegarLoop]: INTERPOLANT automaton has  has 3 states, 3 states have (on average 28.0) internal successors, (84), 3 states have internal predecessors, (84), 2 states have call successors, (5), 2 states have call predecessors, (5), 2 states have return successors, (5), 2 states have call predecessors, (5), 2 states have call successors, (5)
[2026-07-04 07:17:10,289 INFO  L278                IsEmpty]: Start isEmpty. Operand 164 states and 217 transitions.
[2026-07-04 07:17:10,289 INFO  L284                IsEmpty]: Finished isEmpty. Found accepting run of length 93
[2026-07-04 07:17:10,289 INFO  L199           NwaCegarLoop]: Found error trace
[2026-07-04 07:17:10,289 INFO  L207           NwaCegarLoop]: trace histogram [1, 1, 1, 1, 1, 1, 1, 1, 1, 1, 1, 1, 1, 1, 1, 1, 1, 1, 1, 1, 1, 1, 1, 1, 1, 1, 1, 1, 1, 1, 1, 1, 1, 1, 1, 1, 1, 1, 1, 1, 1, 1, 1, 1, 1, 1, 1, 1, 1, 1, 1, 1, 1, 1, 1, 1, 1, 1, 1, 1, 1, 1, 1, 1, 1, 1, 1, 1, 1, 1, 1, 1, 1, 1, 1, 1, 1, 1, 1, 1, 1, 1, 1, 1, 1, 1, 1, 1, 1, 1, 1, 1]
[2026-07-04 07:17:10,305 INFO  L534       MonitoredProcess]: [MP /usr/bin/z3 SMTLIB2_COMPLIANT=true -memory:2024 -smt2 -in (13)] Forceful destruction successful, exit code 0
[2026-07-04 07:17:10,490 WARN  L471      AbstractCegarLoop]: Destroyed unattended storables created during the last iteration: 13 /usr/bin/z3 SMTLIB2_COMPLIANT=true -memory:2024 -smt2 -in
[2026-07-04 07:17:10,490 INFO  L408      AbstractCegarLoop]: === Iteration 13 === Targeting ULTIMATE.startErr0ASSERT_VIOLATIONASSERT === [ULTIMATE.startErr0ASSERT_VIOLATIONASSERT] ===
[2026-07-04 07:17:10,491 INFO  L156       PredicateUnifier]: Initialized classic predicate unifier
[2026-07-04 07:17:10,491 INFO  L85        PathProgramCache]: Analyzing trace with hash -872398573, now seen corresponding path program 1 times
[2026-07-04 07:17:10,491 INFO  L118   FreeRefinementEngine]: Executing refinement strategy FIXED_PREFERENCES
[2026-07-04 07:17:10,491 INFO  L324   FreeRefinementEngine]: Using trace check IpTcStrategyModulePreferences [382641373]
[2026-07-04 07:17:10,491 INFO  L97    rtionOrderModulation]: Keeping assertion order NOT_INCREMENTALLY
[2026-07-04 07:17:10,491 INFO  L173          SolverBuilder]: Constructing external solver with command: z3 SMTLIB2_COMPLIANT=true -memory:2024 -smt2 -in
[2026-07-04 07:17:10,493 INFO  L189       MonitoredProcess]: No working directory specified, using /usr/bin/z3
[2026-07-04 07:17:10,494 INFO  L229       MonitoredProcess]: Starting monitored process 14 with /usr/bin/z3 SMTLIB2_COMPLIANT=true -memory:2024 -smt2 -in (exit command is (exit), workingDir is null)
[2026-07-04 07:17:10,497 INFO  L327       MonitoredProcess]: [MP /usr/bin/z3 SMTLIB2_COMPLIANT=true -memory:2024 -smt2 -in (14)] Waiting until timeout for monitored process
[2026-07-04 07:17:10,633 INFO  L108    AnnotateAndAsserter]: Assert order NOT_INCREMENTALLY partitioned 92 statements into 1 equivalence classes.
[2026-07-04 07:17:10,711 INFO  L111    AnnotateAndAsserter]: Assert order NOT_INCREMENTALLY issued 1 check-sat command(s) and asserted 92 of 92 statements.
[2026-07-04 07:17:10,711 INFO  L114    AnnotateAndAsserter]: Assert order NOT_INCREMENTALLY issued 1 check-sat command(s)
[2026-07-04 07:17:10,711 INFO  L115    AnnotateAndAsserter]: Conjunction of SSA is unsat
[2026-07-04 07:17:10,719 INFO  L256         TraceCheckSpWp]: Trace formula consists of 829 conjuncts, 2 conjuncts are in the unsatisfiable core
[2026-07-04 07:17:10,721 INFO  L279         TraceCheckSpWp]: Computing forward predicates...
[2026-07-04 07:17:10,735 INFO  L134       CoverageAnalysis]: Checked inductivity of 0 backedges. 0 proven. 0 refuted. 0 times theorem prover too weak. 0 trivial. 0 not checked.
[2026-07-04 07:17:10,735 INFO  L312         TraceCheckSpWp]: Computing backward predicates...
[2026-07-04 07:17:10,757 INFO  L134       CoverageAnalysis]: Checked inductivity of 0 backedges. 0 proven. 0 refuted. 0 times theorem prover too weak. 0 trivial. 0 not checked.
[2026-07-04 07:17:10,757 INFO  L136   FreeRefinementEngine]: Strategy FIXED_PREFERENCES found an infeasible trace
[2026-07-04 07:17:10,757 INFO  L324   FreeRefinementEngine]: Using interpolant generator IpTcStrategyModulePreferences [382641373]
[2026-07-04 07:17:10,757 INFO  L158   FreeRefinementEngine]: IpTcStrategyModulePreferences [382641373] provided 2 perfect and 0 imperfect interpolant sequences
[2026-07-04 07:17:10,757 INFO  L185   FreeRefinementEngine]: Found 2 perfect and 0 imperfect interpolant sequences.
[2026-07-04 07:17:10,757 INFO  L198   FreeRefinementEngine]: Number of different interpolants: perfect sequences [3, 3] imperfect sequences [] total 3
[2026-07-04 07:17:10,757 INFO  L121   tionRefinementEngine]: Using interpolant automaton builder IpAbStrategyModuleStraightlineAll [853198526]
[2026-07-04 07:17:10,757 INFO  L85    oduleStraightlineAll]: Using 2 perfect interpolants to construct interpolant automaton
[2026-07-04 07:17:10,757 INFO  L567      AbstractCegarLoop]: INTERPOLANT automaton has 3 states
[2026-07-04 07:17:10,757 INFO  L100   FreeRefinementEngine]: Using predicate unifier PredicateUnifier provided by strategy FIXED_PREFERENCES
[2026-07-04 07:17:10,758 INFO  L144   InterpolantAutomaton]: Constructing interpolant automaton starting with 3 interpolants.
[2026-07-04 07:17:10,758 INFO  L146   InterpolantAutomaton]: CoverageRelationStatistics Valid=3, Invalid=3, Unknown=0, NotChecked=0, Total=6
[2026-07-04 07:17:10,758 INFO  L87              Difference]: Start difference. First operand 164 states and 217 transitions. Second operand  has 3 states, 3 states have (on average 28.666666666666668) internal successors, (86), 3 states have internal predecessors, (86), 2 states have call successors, (5), 2 states have call predecessors, (5), 2 states have return successors, (5), 2 states have call predecessors, (5), 2 states have call successors, (5)
[2026-07-04 07:17:10,785 INFO  L144             Difference]: Subtrahend was deterministic. Have not used determinization.
[2026-07-04 07:17:10,785 INFO  L93              Difference]: Finished difference Result 238 states and 324 transitions.
[2026-07-04 07:17:10,786 INFO  L140   InterpolantAutomaton]: Switched to read-only mode: deterministic interpolant automaton has 3 states. 
[2026-07-04 07:17:10,786 INFO  L79                 Accepts]: Start accepts. Automaton has  has 3 states, 3 states have (on average 28.666666666666668) internal successors, (86), 3 states have internal predecessors, (86), 2 states have call successors, (5), 2 states have call predecessors, (5), 2 states have return successors, (5), 2 states have call predecessors, (5), 2 states have call successors, (5) Word has length 92
[2026-07-04 07:17:10,786 INFO  L85                 Accepts]: Finished accepts. some prefix is accepted.
[2026-07-04 07:17:10,786 INFO  L225             Difference]: With dead ends: 238
[2026-07-04 07:17:10,787 INFO  L226             Difference]: Without dead ends: 164
[2026-07-04 07:17:10,787 INFO  L425           NwaCegarLoop]: 0 DeclaredPredicates, 182 GetRequests, 181 SyntacticMatches, 0 SemanticMatches, 1 ConstructedPredicates, 0 IntricatePredicates, 0 DeprecatedPredicates, 0 ImplicationChecksByTransitivity, 0.0s TimeCoverageRelationStatistics Valid=3, Invalid=3, Unknown=0, NotChecked=0, Total=6
[2026-07-04 07:17:10,787 INFO  L426           NwaCegarLoop]: 211 mSDtfsCounter, 108 mSDsluCounter, 102 mSDsCounter, 0 mSdLazyCounter, 2 mSolverCounterSat, 1 mSolverCounterUnsat, 0 mSolverCounterUnknown, 0 mSolverCounterNotChecked, 0.0s Time, 0 mProtectedPredicate, 0 mProtectedAction, 108 SdHoareTripleChecker+Valid, 313 SdHoareTripleChecker+Invalid, 3 SdHoareTripleChecker+Unknown, 0 SdHoareTripleChecker+Unchecked, 0.0s SdHoareTripleChecker+Time, 1 IncrementalHoareTripleChecker+Valid, 2 IncrementalHoareTripleChecker+Invalid, 0 IncrementalHoareTripleChecker+Unknown, 0 IncrementalHoareTripleChecker+Unchecked, 0.0s IncrementalHoareTripleChecker+Time
[2026-07-04 07:17:10,787 INFO  L427           NwaCegarLoop]: SdHoareTripleChecker [108 Valid, 313 Invalid, 3 Unknown, 0 Unchecked, 0.0s Time], IncrementalHoareTripleChecker [1 Valid, 2 Invalid, 0 Unknown, 0 Unchecked, 0.0s Time]
[2026-07-04 07:17:10,787 INFO  L82        GeneralOperation]: Start minimizeSevpa. Operand 164 states.
[2026-07-04 07:17:10,790 INFO  L88        GeneralOperation]: Finished minimizeSevpa. Reduced states from 164 to 164.
[2026-07-04 07:17:10,796 INFO  L82        GeneralOperation]: Start removeUnreachable. Operand  has 164 states, 155 states have (on average 1.335483870967742) internal successors, (207), 155 states have internal predecessors, (207), 4 states have call successors, (4), 4 states have call predecessors, (4), 4 states have return successors, (4), 4 states have call predecessors, (4), 4 states have call successors, (4)
[2026-07-04 07:17:10,797 INFO  L88        GeneralOperation]: Finished removeUnreachable. Reduced from 164 states to 164 states and 215 transitions.
[2026-07-04 07:17:10,797 INFO  L79                 Accepts]: Start accepts. Automaton has 164 states and 215 transitions. Word has length 92
[2026-07-04 07:17:10,797 INFO  L85                 Accepts]: Finished accepts. word is rejected.
[2026-07-04 07:17:10,797 INFO  L490      AbstractCegarLoop]: Abstraction has 164 states and 215 transitions.
[2026-07-04 07:17:10,797 INFO  L491      AbstractCegarLoop]: INTERPOLANT automaton has  has 3 states, 3 states have (on average 28.666666666666668) internal successors, (86), 3 states have internal predecessors, (86), 2 states have call successors, (5), 2 states have call predecessors, (5), 2 states have return successors, (5), 2 states have call predecessors, (5), 2 states have call successors, (5)
[2026-07-04 07:17:10,797 INFO  L278                IsEmpty]: Start isEmpty. Operand 164 states and 215 transitions.
[2026-07-04 07:17:10,798 INFO  L284                IsEmpty]: Finished isEmpty. Found accepting run of length 97
[2026-07-04 07:17:10,798 INFO  L199           NwaCegarLoop]: Found error trace
[2026-07-04 07:17:10,798 INFO  L207           NwaCegarLoop]: trace histogram [1, 1, 1, 1, 1, 1, 1, 1, 1, 1, 1, 1, 1, 1, 1, 1, 1, 1, 1, 1, 1, 1, 1, 1, 1, 1, 1, 1, 1, 1, 1, 1, 1, 1, 1, 1, 1, 1, 1, 1, 1, 1, 1, 1, 1, 1, 1, 1, 1, 1, 1, 1, 1, 1, 1, 1, 1, 1, 1, 1, 1, 1, 1, 1, 1, 1, 1, 1, 1, 1, 1, 1, 1, 1, 1, 1, 1, 1, 1, 1, 1, 1, 1, 1, 1, 1, 1, 1, 1, 1, 1, 1, 1, 1, 1, 1]
[2026-07-04 07:17:10,815 INFO  L546       MonitoredProcess]: [MP /usr/bin/z3 SMTLIB2_COMPLIANT=true -memory:2024 -smt2 -in (14)] Ended with exit code 0
[2026-07-04 07:17:11,005 WARN  L471      AbstractCegarLoop]: Destroyed unattended storables created during the last iteration: 14 /usr/bin/z3 SMTLIB2_COMPLIANT=true -memory:2024 -smt2 -in
[2026-07-04 07:17:11,005 INFO  L408      AbstractCegarLoop]: === Iteration 14 === Targeting ULTIMATE.startErr0ASSERT_VIOLATIONASSERT === [ULTIMATE.startErr0ASSERT_VIOLATIONASSERT] ===
[2026-07-04 07:17:11,005 INFO  L156       PredicateUnifier]: Initialized classic predicate unifier
[2026-07-04 07:17:11,005 INFO  L85        PathProgramCache]: Analyzing trace with hash -442364842, now seen corresponding path program 1 times
[2026-07-04 07:17:11,005 INFO  L118   FreeRefinementEngine]: Executing refinement strategy FIXED_PREFERENCES
[2026-07-04 07:17:11,005 INFO  L324   FreeRefinementEngine]: Using trace check IpTcStrategyModulePreferences [1917073642]
[2026-07-04 07:17:11,005 INFO  L97    rtionOrderModulation]: Keeping assertion order NOT_INCREMENTALLY
[2026-07-04 07:17:11,005 INFO  L173          SolverBuilder]: Constructing external solver with command: z3 SMTLIB2_COMPLIANT=true -memory:2024 -smt2 -in
[2026-07-04 07:17:11,007 INFO  L189       MonitoredProcess]: No working directory specified, using /usr/bin/z3
[2026-07-04 07:17:11,008 INFO  L229       MonitoredProcess]: Starting monitored process 15 with /usr/bin/z3 SMTLIB2_COMPLIANT=true -memory:2024 -smt2 -in (exit command is (exit), workingDir is null)
[2026-07-04 07:17:11,011 INFO  L327       MonitoredProcess]: [MP /usr/bin/z3 SMTLIB2_COMPLIANT=true -memory:2024 -smt2 -in (15)] Waiting until timeout for monitored process
[2026-07-04 07:17:11,134 INFO  L108    AnnotateAndAsserter]: Assert order NOT_INCREMENTALLY partitioned 96 statements into 1 equivalence classes.
[2026-07-04 07:17:11,218 INFO  L111    AnnotateAndAsserter]: Assert order NOT_INCREMENTALLY issued 1 check-sat command(s) and asserted 96 of 96 statements.
[2026-07-04 07:17:11,218 INFO  L114    AnnotateAndAsserter]: Assert order NOT_INCREMENTALLY issued 1 check-sat command(s)
[2026-07-04 07:17:11,218 INFO  L115    AnnotateAndAsserter]: Conjunction of SSA is unsat
[2026-07-04 07:17:11,221 INFO  L256         TraceCheckSpWp]: Trace formula consists of 834 conjuncts, 2 conjuncts are in the unsatisfiable core
[2026-07-04 07:17:11,236 INFO  L279         TraceCheckSpWp]: Computing forward predicates...
[2026-07-04 07:17:11,253 INFO  L134       CoverageAnalysis]: Checked inductivity of 0 backedges. 0 proven. 0 refuted. 0 times theorem prover too weak. 0 trivial. 0 not checked.
[2026-07-04 07:17:11,253 INFO  L312         TraceCheckSpWp]: Computing backward predicates...
[2026-07-04 07:17:11,283 INFO  L134       CoverageAnalysis]: Checked inductivity of 0 backedges. 0 proven. 0 refuted. 0 times theorem prover too weak. 0 trivial. 0 not checked.
[2026-07-04 07:17:11,283 INFO  L136   FreeRefinementEngine]: Strategy FIXED_PREFERENCES found an infeasible trace
[2026-07-04 07:17:11,283 INFO  L324   FreeRefinementEngine]: Using interpolant generator IpTcStrategyModulePreferences [1917073642]
[2026-07-04 07:17:11,283 INFO  L158   FreeRefinementEngine]: IpTcStrategyModulePreferences [1917073642] provided 2 perfect and 0 imperfect interpolant sequences
[2026-07-04 07:17:11,283 INFO  L185   FreeRefinementEngine]: Found 2 perfect and 0 imperfect interpolant sequences.
[2026-07-04 07:17:11,283 INFO  L198   FreeRefinementEngine]: Number of different interpolants: perfect sequences [3, 3] imperfect sequences [] total 3
[2026-07-04 07:17:11,283 INFO  L121   tionRefinementEngine]: Using interpolant automaton builder IpAbStrategyModuleStraightlineAll [1442103881]
[2026-07-04 07:17:11,284 INFO  L85    oduleStraightlineAll]: Using 2 perfect interpolants to construct interpolant automaton
[2026-07-04 07:17:11,284 INFO  L567      AbstractCegarLoop]: INTERPOLANT automaton has 3 states
[2026-07-04 07:17:11,284 INFO  L100   FreeRefinementEngine]: Using predicate unifier PredicateUnifier provided by strategy FIXED_PREFERENCES
[2026-07-04 07:17:11,284 INFO  L144   InterpolantAutomaton]: Constructing interpolant automaton starting with 3 interpolants.
[2026-07-04 07:17:11,284 INFO  L146   InterpolantAutomaton]: CoverageRelationStatistics Valid=3, Invalid=3, Unknown=0, NotChecked=0, Total=6
[2026-07-04 07:17:11,284 INFO  L87              Difference]: Start difference. First operand 164 states and 215 transitions. Second operand  has 3 states, 3 states have (on average 30.0) internal successors, (90), 3 states have internal predecessors, (90), 2 states have call successors, (5), 2 states have call predecessors, (5), 2 states have return successors, (5), 2 states have call predecessors, (5), 2 states have call successors, (5)
[2026-07-04 07:17:11,314 INFO  L144             Difference]: Subtrahend was deterministic. Have not used determinization.
[2026-07-04 07:17:11,314 INFO  L93              Difference]: Finished difference Result 232 states and 311 transitions.
[2026-07-04 07:17:11,317 INFO  L140   InterpolantAutomaton]: Switched to read-only mode: deterministic interpolant automaton has 3 states. 
[2026-07-04 07:17:11,318 INFO  L79                 Accepts]: Start accepts. Automaton has  has 3 states, 3 states have (on average 30.0) internal successors, (90), 3 states have internal predecessors, (90), 2 states have call successors, (5), 2 states have call predecessors, (5), 2 states have return successors, (5), 2 states have call predecessors, (5), 2 states have call successors, (5) Word has length 96
[2026-07-04 07:17:11,322 INFO  L85                 Accepts]: Finished accepts. some prefix is accepted.
[2026-07-04 07:17:11,322 INFO  L225             Difference]: With dead ends: 232
[2026-07-04 07:17:11,322 INFO  L226             Difference]: Without dead ends: 202
[2026-07-04 07:17:11,322 INFO  L425           NwaCegarLoop]: 0 DeclaredPredicates, 190 GetRequests, 189 SyntacticMatches, 0 SemanticMatches, 1 ConstructedPredicates, 0 IntricatePredicates, 0 DeprecatedPredicates, 0 ImplicationChecksByTransitivity, 0.0s TimeCoverageRelationStatistics Valid=3, Invalid=3, Unknown=0, NotChecked=0, Total=6
[2026-07-04 07:17:11,323 INFO  L426           NwaCegarLoop]: 207 mSDtfsCounter, 94 mSDsluCounter, 158 mSDsCounter, 0 mSdLazyCounter, 11 mSolverCounterSat, 0 mSolverCounterUnsat, 0 mSolverCounterUnknown, 0 mSolverCounterNotChecked, 0.0s Time, 0 mProtectedPredicate, 0 mProtectedAction, 94 SdHoareTripleChecker+Valid, 365 SdHoareTripleChecker+Invalid, 11 SdHoareTripleChecker+Unknown, 0 SdHoareTripleChecker+Unchecked, 0.0s SdHoareTripleChecker+Time, 0 IncrementalHoareTripleChecker+Valid, 11 IncrementalHoareTripleChecker+Invalid, 0 IncrementalHoareTripleChecker+Unknown, 0 IncrementalHoareTripleChecker+Unchecked, 0.0s IncrementalHoareTripleChecker+Time
[2026-07-04 07:17:11,323 INFO  L427           NwaCegarLoop]: SdHoareTripleChecker [94 Valid, 365 Invalid, 11 Unknown, 0 Unchecked, 0.0s Time], IncrementalHoareTripleChecker [0 Valid, 11 Invalid, 0 Unknown, 0 Unchecked, 0.0s Time]
[2026-07-04 07:17:11,323 INFO  L82        GeneralOperation]: Start minimizeSevpa. Operand 202 states.
[2026-07-04 07:17:11,335 INFO  L88        GeneralOperation]: Finished minimizeSevpa. Reduced states from 202 to 164.
[2026-07-04 07:17:11,335 INFO  L82        GeneralOperation]: Start removeUnreachable. Operand  has 164 states, 155 states have (on average 1.3290322580645162) internal successors, (206), 155 states have internal predecessors, (206), 4 states have call successors, (4), 4 states have call predecessors, (4), 4 states have return successors, (4), 4 states have call predecessors, (4), 4 states have call successors, (4)
[2026-07-04 07:17:11,336 INFO  L88        GeneralOperation]: Finished removeUnreachable. Reduced from 164 states to 164 states and 214 transitions.
[2026-07-04 07:17:11,336 INFO  L79                 Accepts]: Start accepts. Automaton has 164 states and 214 transitions. Word has length 96
[2026-07-04 07:17:11,336 INFO  L85                 Accepts]: Finished accepts. word is rejected.
[2026-07-04 07:17:11,336 INFO  L490      AbstractCegarLoop]: Abstraction has 164 states and 214 transitions.
[2026-07-04 07:17:11,336 INFO  L491      AbstractCegarLoop]: INTERPOLANT automaton has  has 3 states, 3 states have (on average 30.0) internal successors, (90), 3 states have internal predecessors, (90), 2 states have call successors, (5), 2 states have call predecessors, (5), 2 states have return successors, (5), 2 states have call predecessors, (5), 2 states have call successors, (5)
[2026-07-04 07:17:11,336 INFO  L278                IsEmpty]: Start isEmpty. Operand 164 states and 214 transitions.
[2026-07-04 07:17:11,341 INFO  L284                IsEmpty]: Finished isEmpty. Found accepting run of length 99
[2026-07-04 07:17:11,341 INFO  L199           NwaCegarLoop]: Found error trace
[2026-07-04 07:17:11,341 INFO  L207           NwaCegarLoop]: trace histogram [1, 1, 1, 1, 1, 1, 1, 1, 1, 1, 1, 1, 1, 1, 1, 1, 1, 1, 1, 1, 1, 1, 1, 1, 1, 1, 1, 1, 1, 1, 1, 1, 1, 1, 1, 1, 1, 1, 1, 1, 1, 1, 1, 1, 1, 1, 1, 1, 1, 1, 1, 1, 1, 1, 1, 1, 1, 1, 1, 1, 1, 1, 1, 1, 1, 1, 1, 1, 1, 1, 1, 1, 1, 1, 1, 1, 1, 1, 1, 1, 1, 1, 1, 1, 1, 1, 1, 1, 1, 1, 1, 1, 1, 1, 1, 1, 1, 1]
[2026-07-04 07:17:11,350 INFO  L546       MonitoredProcess]: [MP /usr/bin/z3 SMTLIB2_COMPLIANT=true -memory:2024 -smt2 -in (15)] Ended with exit code 0
[2026-07-04 07:17:11,542 WARN  L471      AbstractCegarLoop]: Destroyed unattended storables created during the last iteration: 15 /usr/bin/z3 SMTLIB2_COMPLIANT=true -memory:2024 -smt2 -in
[2026-07-04 07:17:11,542 INFO  L408      AbstractCegarLoop]: === Iteration 15 === Targeting ULTIMATE.startErr0ASSERT_VIOLATIONASSERT === [ULTIMATE.startErr0ASSERT_VIOLATIONASSERT] ===
[2026-07-04 07:17:11,552 INFO  L156       PredicateUnifier]: Initialized classic predicate unifier
[2026-07-04 07:17:11,552 INFO  L85        PathProgramCache]: Analyzing trace with hash -607287045, now seen corresponding path program 1 times
[2026-07-04 07:17:11,552 INFO  L118   FreeRefinementEngine]: Executing refinement strategy FIXED_PREFERENCES
[2026-07-04 07:17:11,553 INFO  L324   FreeRefinementEngine]: Using trace check IpTcStrategyModulePreferences [724132492]
[2026-07-04 07:17:11,553 INFO  L97    rtionOrderModulation]: Keeping assertion order NOT_INCREMENTALLY
[2026-07-04 07:17:11,553 INFO  L173          SolverBuilder]: Constructing external solver with command: z3 SMTLIB2_COMPLIANT=true -memory:2024 -smt2 -in
[2026-07-04 07:17:11,554 INFO  L189       MonitoredProcess]: No working directory specified, using /usr/bin/z3
[2026-07-04 07:17:11,557 INFO  L229       MonitoredProcess]: Starting monitored process 16 with /usr/bin/z3 SMTLIB2_COMPLIANT=true -memory:2024 -smt2 -in (exit command is (exit), workingDir is null)
[2026-07-04 07:17:11,558 INFO  L327       MonitoredProcess]: [MP /usr/bin/z3 SMTLIB2_COMPLIANT=true -memory:2024 -smt2 -in (16)] Waiting until timeout for monitored process
[2026-07-04 07:17:11,716 INFO  L108    AnnotateAndAsserter]: Assert order NOT_INCREMENTALLY partitioned 98 statements into 1 equivalence classes.
[2026-07-04 07:17:11,773 INFO  L111    AnnotateAndAsserter]: Assert order NOT_INCREMENTALLY issued 1 check-sat command(s) and asserted 98 of 98 statements.
[2026-07-04 07:17:11,773 INFO  L114    AnnotateAndAsserter]: Assert order NOT_INCREMENTALLY issued 1 check-sat command(s)
[2026-07-04 07:17:11,773 INFO  L115    AnnotateAndAsserter]: Conjunction of SSA is unsat
[2026-07-04 07:17:11,777 INFO  L256         TraceCheckSpWp]: Trace formula consists of 843 conjuncts, 7 conjuncts are in the unsatisfiable core
[2026-07-04 07:17:11,789 INFO  L279         TraceCheckSpWp]: Computing forward predicates...
[2026-07-04 07:17:12,062 INFO  L134       CoverageAnalysis]: Checked inductivity of 0 backedges. 0 proven. 0 refuted. 0 times theorem prover too weak. 0 trivial. 0 not checked.
[2026-07-04 07:17:12,062 INFO  L312         TraceCheckSpWp]: Computing backward predicates...
[2026-07-04 07:17:12,475 INFO  L134       CoverageAnalysis]: Checked inductivity of 0 backedges. 0 proven. 0 refuted. 0 times theorem prover too weak. 0 trivial. 0 not checked.
[2026-07-04 07:17:12,475 INFO  L136   FreeRefinementEngine]: Strategy FIXED_PREFERENCES found an infeasible trace
[2026-07-04 07:17:12,475 INFO  L324   FreeRefinementEngine]: Using interpolant generator IpTcStrategyModulePreferences [724132492]
[2026-07-04 07:17:12,475 INFO  L158   FreeRefinementEngine]: IpTcStrategyModulePreferences [724132492] provided 2 perfect and 0 imperfect interpolant sequences
[2026-07-04 07:17:12,475 INFO  L185   FreeRefinementEngine]: Found 2 perfect and 0 imperfect interpolant sequences.
[2026-07-04 07:17:12,475 INFO  L198   FreeRefinementEngine]: Number of different interpolants: perfect sequences [8, 8] imperfect sequences [] total 14
[2026-07-04 07:17:12,475 INFO  L121   tionRefinementEngine]: Using interpolant automaton builder IpAbStrategyModuleStraightlineAll [1307389323]
[2026-07-04 07:17:12,475 INFO  L85    oduleStraightlineAll]: Using 2 perfect interpolants to construct interpolant automaton
[2026-07-04 07:17:12,475 INFO  L567      AbstractCegarLoop]: INTERPOLANT automaton has 14 states
[2026-07-04 07:17:12,475 INFO  L100   FreeRefinementEngine]: Using predicate unifier PredicateUnifier provided by strategy FIXED_PREFERENCES
[2026-07-04 07:17:12,476 INFO  L144   InterpolantAutomaton]: Constructing interpolant automaton starting with 14 interpolants.
[2026-07-04 07:17:12,476 INFO  L146   InterpolantAutomaton]: CoverageRelationStatistics Valid=46, Invalid=136, Unknown=0, NotChecked=0, Total=182
[2026-07-04 07:17:12,476 INFO  L87              Difference]: Start difference. First operand 164 states and 214 transitions. Second operand  has 14 states, 14 states have (on average 12.357142857142858) internal successors, (173), 14 states have internal predecessors, (173), 5 states have call successors, (8), 7 states have call predecessors, (8), 8 states have return successors, (8), 5 states have call predecessors, (8), 5 states have call successors, (8)
[2026-07-04 07:17:13,189 INFO  L144             Difference]: Subtrahend was deterministic. Have not used determinization.
[2026-07-04 07:17:13,189 INFO  L93              Difference]: Finished difference Result 262 states and 352 transitions.
[2026-07-04 07:17:13,189 INFO  L140   InterpolantAutomaton]: Switched to read-only mode: deterministic interpolant automaton has 10 states. 
[2026-07-04 07:17:13,189 INFO  L79                 Accepts]: Start accepts. Automaton has  has 14 states, 14 states have (on average 12.357142857142858) internal successors, (173), 14 states have internal predecessors, (173), 5 states have call successors, (8), 7 states have call predecessors, (8), 8 states have return successors, (8), 5 states have call predecessors, (8), 5 states have call successors, (8) Word has length 98
[2026-07-04 07:17:13,189 INFO  L85                 Accepts]: Finished accepts. some prefix is accepted.
[2026-07-04 07:17:13,190 INFO  L225             Difference]: With dead ends: 262
[2026-07-04 07:17:13,190 INFO  L226             Difference]: Without dead ends: 192
[2026-07-04 07:17:13,190 INFO  L425           NwaCegarLoop]: 0 DeclaredPredicates, 203 GetRequests, 185 SyntacticMatches, 0 SemanticMatches, 18 ConstructedPredicates, 0 IntricatePredicates, 0 DeprecatedPredicates, 49 ImplicationChecksByTransitivity, 0.2s TimeCoverageRelationStatistics Valid=116, Invalid=264, Unknown=0, NotChecked=0, Total=380
[2026-07-04 07:17:13,191 INFO  L426           NwaCegarLoop]: 15 mSDtfsCounter, 1332 mSDsluCounter, 37 mSDsCounter, 0 mSdLazyCounter, 592 mSolverCounterSat, 61 mSolverCounterUnsat, 0 mSolverCounterUnknown, 0 mSolverCounterNotChecked, 0.5s Time, 0 mProtectedPredicate, 0 mProtectedAction, 1334 SdHoareTripleChecker+Valid, 52 SdHoareTripleChecker+Invalid, 653 SdHoareTripleChecker+Unknown, 0 SdHoareTripleChecker+Unchecked, 0.0s SdHoareTripleChecker+Time, 61 IncrementalHoareTripleChecker+Valid, 592 IncrementalHoareTripleChecker+Invalid, 0 IncrementalHoareTripleChecker+Unknown, 0 IncrementalHoareTripleChecker+Unchecked, 0.6s IncrementalHoareTripleChecker+Time
[2026-07-04 07:17:13,191 INFO  L427           NwaCegarLoop]: SdHoareTripleChecker [1334 Valid, 52 Invalid, 653 Unknown, 0 Unchecked, 0.0s Time], IncrementalHoareTripleChecker [61 Valid, 592 Invalid, 0 Unknown, 0 Unchecked, 0.6s Time]
[2026-07-04 07:17:13,191 INFO  L82        GeneralOperation]: Start minimizeSevpa. Operand 192 states.
[2026-07-04 07:17:13,194 INFO  L88        GeneralOperation]: Finished minimizeSevpa. Reduced states from 192 to 162.
[2026-07-04 07:17:13,194 INFO  L82        GeneralOperation]: Start removeUnreachable. Operand  has 162 states, 153 states have (on average 1.2875816993464053) internal successors, (197), 153 states have internal predecessors, (197), 4 states have call successors, (4), 4 states have call predecessors, (4), 4 states have return successors, (4), 4 states have call predecessors, (4), 4 states have call successors, (4)
[2026-07-04 07:17:13,195 INFO  L88        GeneralOperation]: Finished removeUnreachable. Reduced from 162 states to 162 states and 205 transitions.
[2026-07-04 07:17:13,195 INFO  L79                 Accepts]: Start accepts. Automaton has 162 states and 205 transitions. Word has length 98
[2026-07-04 07:17:13,195 INFO  L85                 Accepts]: Finished accepts. word is rejected.
[2026-07-04 07:17:13,195 INFO  L490      AbstractCegarLoop]: Abstraction has 162 states and 205 transitions.
[2026-07-04 07:17:13,195 INFO  L491      AbstractCegarLoop]: INTERPOLANT automaton has  has 14 states, 14 states have (on average 12.357142857142858) internal successors, (173), 14 states have internal predecessors, (173), 5 states have call successors, (8), 7 states have call predecessors, (8), 8 states have return successors, (8), 5 states have call predecessors, (8), 5 states have call successors, (8)
[2026-07-04 07:17:13,195 INFO  L278                IsEmpty]: Start isEmpty. Operand 162 states and 205 transitions.
[2026-07-04 07:17:13,195 INFO  L284                IsEmpty]: Finished isEmpty. Found accepting run of length 99
[2026-07-04 07:17:13,195 INFO  L199           NwaCegarLoop]: Found error trace
[2026-07-04 07:17:13,195 INFO  L207           NwaCegarLoop]: trace histogram [1, 1, 1, 1, 1, 1, 1, 1, 1, 1, 1, 1, 1, 1, 1, 1, 1, 1, 1, 1, 1, 1, 1, 1, 1, 1, 1, 1, 1, 1, 1, 1, 1, 1, 1, 1, 1, 1, 1, 1, 1, 1, 1, 1, 1, 1, 1, 1, 1, 1, 1, 1, 1, 1, 1, 1, 1, 1, 1, 1, 1, 1, 1, 1, 1, 1, 1, 1, 1, 1, 1, 1, 1, 1, 1, 1, 1, 1, 1, 1, 1, 1, 1, 1, 1, 1, 1, 1, 1, 1, 1, 1, 1, 1, 1, 1, 1, 1]
[2026-07-04 07:17:13,211 INFO  L546       MonitoredProcess]: [MP /usr/bin/z3 SMTLIB2_COMPLIANT=true -memory:2024 -smt2 -in (16)] Ended with exit code 0
[2026-07-04 07:17:13,407 WARN  L471      AbstractCegarLoop]: Destroyed unattended storables created during the last iteration: 16 /usr/bin/z3 SMTLIB2_COMPLIANT=true -memory:2024 -smt2 -in
[2026-07-04 07:17:13,407 INFO  L408      AbstractCegarLoop]: === Iteration 16 === Targeting ULTIMATE.startErr0ASSERT_VIOLATIONASSERT === [ULTIMATE.startErr0ASSERT_VIOLATIONASSERT] ===
[2026-07-04 07:17:13,408 INFO  L156       PredicateUnifier]: Initialized classic predicate unifier
[2026-07-04 07:17:13,408 INFO  L85        PathProgramCache]: Analyzing trace with hash -466738435, now seen corresponding path program 1 times
[2026-07-04 07:17:13,408 INFO  L118   FreeRefinementEngine]: Executing refinement strategy FIXED_PREFERENCES
[2026-07-04 07:17:13,408 INFO  L324   FreeRefinementEngine]: Using trace check IpTcStrategyModulePreferences [2134265210]
[2026-07-04 07:17:13,408 INFO  L97    rtionOrderModulation]: Keeping assertion order NOT_INCREMENTALLY
[2026-07-04 07:17:13,408 INFO  L173          SolverBuilder]: Constructing external solver with command: z3 SMTLIB2_COMPLIANT=true -memory:2024 -smt2 -in
[2026-07-04 07:17:13,410 INFO  L189       MonitoredProcess]: No working directory specified, using /usr/bin/z3
[2026-07-04 07:17:13,413 INFO  L229       MonitoredProcess]: Starting monitored process 17 with /usr/bin/z3 SMTLIB2_COMPLIANT=true -memory:2024 -smt2 -in (exit command is (exit), workingDir is null)
[2026-07-04 07:17:13,419 INFO  L327       MonitoredProcess]: [MP /usr/bin/z3 SMTLIB2_COMPLIANT=true -memory:2024 -smt2 -in (17)] Waiting until timeout for monitored process
[2026-07-04 07:17:13,563 INFO  L108    AnnotateAndAsserter]: Assert order NOT_INCREMENTALLY partitioned 98 statements into 1 equivalence classes.
[2026-07-04 07:17:13,654 INFO  L111    AnnotateAndAsserter]: Assert order NOT_INCREMENTALLY issued 1 check-sat command(s) and asserted 98 of 98 statements.
[2026-07-04 07:17:13,654 INFO  L114    AnnotateAndAsserter]: Assert order NOT_INCREMENTALLY issued 1 check-sat command(s)
[2026-07-04 07:17:13,654 INFO  L115    AnnotateAndAsserter]: Conjunction of SSA is unsat
[2026-07-04 07:17:13,658 INFO  L256         TraceCheckSpWp]: Trace formula consists of 843 conjuncts, 11 conjuncts are in the unsatisfiable core
[2026-07-04 07:17:13,664 INFO  L279         TraceCheckSpWp]: Computing forward predicates...
[2026-07-04 07:17:13,974 INFO  L134       CoverageAnalysis]: Checked inductivity of 0 backedges. 0 proven. 0 refuted. 0 times theorem prover too weak. 0 trivial. 0 not checked.
[2026-07-04 07:17:13,974 INFO  L312         TraceCheckSpWp]: Computing backward predicates...
[2026-07-04 07:17:14,592 INFO  L134       CoverageAnalysis]: Checked inductivity of 0 backedges. 0 proven. 0 refuted. 0 times theorem prover too weak. 0 trivial. 0 not checked.
[2026-07-04 07:17:14,592 INFO  L136   FreeRefinementEngine]: Strategy FIXED_PREFERENCES found an infeasible trace
[2026-07-04 07:17:14,592 INFO  L324   FreeRefinementEngine]: Using interpolant generator IpTcStrategyModulePreferences [2134265210]
[2026-07-04 07:17:14,592 INFO  L158   FreeRefinementEngine]: IpTcStrategyModulePreferences [2134265210] provided 2 perfect and 0 imperfect interpolant sequences
[2026-07-04 07:17:14,592 INFO  L185   FreeRefinementEngine]: Found 2 perfect and 0 imperfect interpolant sequences.
[2026-07-04 07:17:14,593 INFO  L198   FreeRefinementEngine]: Number of different interpolants: perfect sequences [12, 12] imperfect sequences [] total 19
[2026-07-04 07:17:14,593 INFO  L121   tionRefinementEngine]: Using interpolant automaton builder IpAbStrategyModuleStraightlineAll [159614819]
[2026-07-04 07:17:14,593 INFO  L85    oduleStraightlineAll]: Using 2 perfect interpolants to construct interpolant automaton
[2026-07-04 07:17:14,593 INFO  L567      AbstractCegarLoop]: INTERPOLANT automaton has 19 states
[2026-07-04 07:17:14,593 INFO  L100   FreeRefinementEngine]: Using predicate unifier PredicateUnifier provided by strategy FIXED_PREFERENCES
[2026-07-04 07:17:14,593 INFO  L144   InterpolantAutomaton]: Constructing interpolant automaton starting with 19 interpolants.
[2026-07-04 07:17:14,593 INFO  L146   InterpolantAutomaton]: CoverageRelationStatistics Valid=57, Invalid=285, Unknown=0, NotChecked=0, Total=342
[2026-07-04 07:17:14,593 INFO  L87              Difference]: Start difference. First operand 162 states and 205 transitions. Second operand  has 19 states, 18 states have (on average 9.38888888888889) internal successors, (169), 19 states have internal predecessors, (169), 4 states have call successors, (8), 7 states have call predecessors, (8), 8 states have return successors, (8), 3 states have call predecessors, (8), 4 states have call successors, (8)
[2026-07-04 07:17:17,239 INFO  L144             Difference]: Subtrahend was deterministic. Have not used determinization.
[2026-07-04 07:17:17,239 INFO  L93              Difference]: Finished difference Result 305 states and 394 transitions.
[2026-07-04 07:17:17,240 INFO  L140   InterpolantAutomaton]: Switched to read-only mode: deterministic interpolant automaton has 21 states. 
[2026-07-04 07:17:17,240 INFO  L79                 Accepts]: Start accepts. Automaton has  has 19 states, 18 states have (on average 9.38888888888889) internal successors, (169), 19 states have internal predecessors, (169), 4 states have call successors, (8), 7 states have call predecessors, (8), 8 states have return successors, (8), 3 states have call predecessors, (8), 4 states have call successors, (8) Word has length 98
[2026-07-04 07:17:17,240 INFO  L85                 Accepts]: Finished accepts. some prefix is accepted.
[2026-07-04 07:17:17,242 INFO  L225             Difference]: With dead ends: 305
[2026-07-04 07:17:17,242 INFO  L226             Difference]: Without dead ends: 275
[2026-07-04 07:17:17,246 INFO  L425           NwaCegarLoop]: 0 DeclaredPredicates, 216 GetRequests, 180 SyntacticMatches, 0 SemanticMatches, 36 ConstructedPredicates, 0 IntricatePredicates, 0 DeprecatedPredicates, 225 ImplicationChecksByTransitivity, 0.6s TimeCoverageRelationStatistics Valid=272, Invalid=1134, Unknown=0, NotChecked=0, Total=1406
[2026-07-04 07:17:17,246 INFO  L426           NwaCegarLoop]: 24 mSDtfsCounter, 1102 mSDsluCounter, 136 mSDsCounter, 0 mSdLazyCounter, 2176 mSolverCounterSat, 53 mSolverCounterUnsat, 0 mSolverCounterUnknown, 0 mSolverCounterNotChecked, 2.0s Time, 0 mProtectedPredicate, 0 mProtectedAction, 1102 SdHoareTripleChecker+Valid, 160 SdHoareTripleChecker+Invalid, 2229 SdHoareTripleChecker+Unknown, 0 SdHoareTripleChecker+Unchecked, 0.0s SdHoareTripleChecker+Time, 53 IncrementalHoareTripleChecker+Valid, 2176 IncrementalHoareTripleChecker+Invalid, 0 IncrementalHoareTripleChecker+Unknown, 0 IncrementalHoareTripleChecker+Unchecked, 2.2s IncrementalHoareTripleChecker+Time
[2026-07-04 07:17:17,246 INFO  L427           NwaCegarLoop]: SdHoareTripleChecker [1102 Valid, 160 Invalid, 2229 Unknown, 0 Unchecked, 0.0s Time], IncrementalHoareTripleChecker [53 Valid, 2176 Invalid, 0 Unknown, 0 Unchecked, 2.2s Time]
[2026-07-04 07:17:17,247 INFO  L82        GeneralOperation]: Start minimizeSevpa. Operand 275 states.
[2026-07-04 07:17:17,273 INFO  L88        GeneralOperation]: Finished minimizeSevpa. Reduced states from 275 to 162.
[2026-07-04 07:17:17,273 INFO  L82        GeneralOperation]: Start removeUnreachable. Operand  has 162 states, 153 states have (on average 1.2810457516339868) internal successors, (196), 153 states have internal predecessors, (196), 4 states have call successors, (4), 4 states have call predecessors, (4), 4 states have return successors, (4), 4 states have call predecessors, (4), 4 states have call successors, (4)
[2026-07-04 07:17:17,274 INFO  L88        GeneralOperation]: Finished removeUnreachable. Reduced from 162 states to 162 states and 204 transitions.
[2026-07-04 07:17:17,274 INFO  L79                 Accepts]: Start accepts. Automaton has 162 states and 204 transitions. Word has length 98
[2026-07-04 07:17:17,274 INFO  L85                 Accepts]: Finished accepts. word is rejected.
[2026-07-04 07:17:17,274 INFO  L490      AbstractCegarLoop]: Abstraction has 162 states and 204 transitions.
[2026-07-04 07:17:17,274 INFO  L491      AbstractCegarLoop]: INTERPOLANT automaton has  has 19 states, 18 states have (on average 9.38888888888889) internal successors, (169), 19 states have internal predecessors, (169), 4 states have call successors, (8), 7 states have call predecessors, (8), 8 states have return successors, (8), 3 states have call predecessors, (8), 4 states have call successors, (8)
[2026-07-04 07:17:17,274 INFO  L278                IsEmpty]: Start isEmpty. Operand 162 states and 204 transitions.
[2026-07-04 07:17:17,275 INFO  L284                IsEmpty]: Finished isEmpty. Found accepting run of length 112
[2026-07-04 07:17:17,275 INFO  L199           NwaCegarLoop]: Found error trace
[2026-07-04 07:17:17,275 INFO  L207           NwaCegarLoop]: trace histogram [1, 1, 1, 1, 1, 1, 1, 1, 1, 1, 1, 1, 1, 1, 1, 1, 1, 1, 1, 1, 1, 1, 1, 1, 1, 1, 1, 1, 1, 1, 1, 1, 1, 1, 1, 1, 1, 1, 1, 1, 1, 1, 1, 1, 1, 1, 1, 1, 1, 1, 1, 1, 1, 1, 1, 1, 1, 1, 1, 1, 1, 1, 1, 1, 1, 1, 1, 1, 1, 1, 1, 1, 1, 1, 1, 1, 1, 1, 1, 1, 1, 1, 1, 1, 1, 1, 1, 1, 1, 1, 1, 1, 1, 1, 1, 1, 1, 1, 1, 1, 1, 1, 1, 1, 1, 1, 1, 1, 1, 1, 1]
[2026-07-04 07:17:17,293 INFO  L546       MonitoredProcess]: [MP /usr/bin/z3 SMTLIB2_COMPLIANT=true -memory:2024 -smt2 -in (17)] Ended with exit code 0
[2026-07-04 07:17:17,477 WARN  L471      AbstractCegarLoop]: Destroyed unattended storables created during the last iteration: 17 /usr/bin/z3 SMTLIB2_COMPLIANT=true -memory:2024 -smt2 -in
[2026-07-04 07:17:17,477 INFO  L408      AbstractCegarLoop]: === Iteration 17 === Targeting ULTIMATE.startErr0ASSERT_VIOLATIONASSERT === [ULTIMATE.startErr0ASSERT_VIOLATIONASSERT] ===
[2026-07-04 07:17:17,478 INFO  L156       PredicateUnifier]: Initialized classic predicate unifier
[2026-07-04 07:17:17,478 INFO  L85        PathProgramCache]: Analyzing trace with hash -987485932, now seen corresponding path program 1 times
[2026-07-04 07:17:17,478 INFO  L118   FreeRefinementEngine]: Executing refinement strategy FIXED_PREFERENCES
[2026-07-04 07:17:17,478 INFO  L324   FreeRefinementEngine]: Using trace check IpTcStrategyModulePreferences [680184114]
[2026-07-04 07:17:17,478 INFO  L97    rtionOrderModulation]: Keeping assertion order NOT_INCREMENTALLY
[2026-07-04 07:17:17,478 INFO  L173          SolverBuilder]: Constructing external solver with command: z3 SMTLIB2_COMPLIANT=true -memory:2024 -smt2 -in
[2026-07-04 07:17:17,479 INFO  L189       MonitoredProcess]: No working directory specified, using /usr/bin/z3
[2026-07-04 07:17:17,481 INFO  L229       MonitoredProcess]: Starting monitored process 18 with /usr/bin/z3 SMTLIB2_COMPLIANT=true -memory:2024 -smt2 -in (exit command is (exit), workingDir is null)
[2026-07-04 07:17:17,483 INFO  L327       MonitoredProcess]: [MP /usr/bin/z3 SMTLIB2_COMPLIANT=true -memory:2024 -smt2 -in (18)] Waiting until timeout for monitored process
[2026-07-04 07:17:17,592 INFO  L108    AnnotateAndAsserter]: Assert order NOT_INCREMENTALLY partitioned 111 statements into 1 equivalence classes.
[2026-07-04 07:17:17,649 INFO  L111    AnnotateAndAsserter]: Assert order NOT_INCREMENTALLY issued 1 check-sat command(s) and asserted 111 of 111 statements.
[2026-07-04 07:17:17,649 INFO  L114    AnnotateAndAsserter]: Assert order NOT_INCREMENTALLY issued 1 check-sat command(s)
[2026-07-04 07:17:17,649 INFO  L115    AnnotateAndAsserter]: Conjunction of SSA is unsat
[2026-07-04 07:17:17,652 INFO  L256         TraceCheckSpWp]: Trace formula consists of 872 conjuncts, 2 conjuncts are in the unsatisfiable core
[2026-07-04 07:17:17,654 INFO  L279         TraceCheckSpWp]: Computing forward predicates...
[2026-07-04 07:17:17,673 INFO  L134       CoverageAnalysis]: Checked inductivity of 0 backedges. 0 proven. 0 refuted. 0 times theorem prover too weak. 0 trivial. 0 not checked.
[2026-07-04 07:17:17,673 INFO  L312         TraceCheckSpWp]: Computing backward predicates...
[2026-07-04 07:17:17,729 INFO  L134       CoverageAnalysis]: Checked inductivity of 0 backedges. 0 proven. 0 refuted. 0 times theorem prover too weak. 0 trivial. 0 not checked.
[2026-07-04 07:17:17,730 INFO  L136   FreeRefinementEngine]: Strategy FIXED_PREFERENCES found an infeasible trace
[2026-07-04 07:17:17,730 INFO  L324   FreeRefinementEngine]: Using interpolant generator IpTcStrategyModulePreferences [680184114]
[2026-07-04 07:17:17,730 INFO  L158   FreeRefinementEngine]: IpTcStrategyModulePreferences [680184114] provided 2 perfect and 0 imperfect interpolant sequences
[2026-07-04 07:17:17,730 INFO  L185   FreeRefinementEngine]: Found 2 perfect and 0 imperfect interpolant sequences.
[2026-07-04 07:17:17,731 INFO  L198   FreeRefinementEngine]: Number of different interpolants: perfect sequences [3, 4] imperfect sequences [] total 5
[2026-07-04 07:17:17,731 INFO  L121   tionRefinementEngine]: Using interpolant automaton builder IpAbStrategyModuleStraightlineAll [1270919561]
[2026-07-04 07:17:17,731 INFO  L85    oduleStraightlineAll]: Using 2 perfect interpolants to construct interpolant automaton
[2026-07-04 07:17:17,731 INFO  L567      AbstractCegarLoop]: INTERPOLANT automaton has 5 states
[2026-07-04 07:17:17,731 INFO  L100   FreeRefinementEngine]: Using predicate unifier PredicateUnifier provided by strategy FIXED_PREFERENCES
[2026-07-04 07:17:17,732 INFO  L144   InterpolantAutomaton]: Constructing interpolant automaton starting with 5 interpolants.
[2026-07-04 07:17:17,732 INFO  L146   InterpolantAutomaton]: CoverageRelationStatistics Valid=8, Invalid=12, Unknown=0, NotChecked=0, Total=20
[2026-07-04 07:17:17,732 INFO  L87              Difference]: Start difference. First operand 162 states and 204 transitions. Second operand  has 5 states, 5 states have (on average 22.6) internal successors, (113), 5 states have internal predecessors, (113), 3 states have call successors, (5), 2 states have call predecessors, (5), 5 states have return successors, (6), 4 states have call predecessors, (6), 3 states have call successors, (6)
[2026-07-04 07:17:17,800 INFO  L144             Difference]: Subtrahend was deterministic. Have not used determinization.
[2026-07-04 07:17:17,800 INFO  L93              Difference]: Finished difference Result 221 states and 277 transitions.
[2026-07-04 07:17:17,800 INFO  L140   InterpolantAutomaton]: Switched to read-only mode: deterministic interpolant automaton has 5 states. 
[2026-07-04 07:17:17,800 INFO  L79                 Accepts]: Start accepts. Automaton has  has 5 states, 5 states have (on average 22.6) internal successors, (113), 5 states have internal predecessors, (113), 3 states have call successors, (5), 2 states have call predecessors, (5), 5 states have return successors, (6), 4 states have call predecessors, (6), 3 states have call successors, (6) Word has length 111
[2026-07-04 07:17:17,801 INFO  L85                 Accepts]: Finished accepts. some prefix is accepted.
[2026-07-04 07:17:17,801 INFO  L225             Difference]: With dead ends: 221
[2026-07-04 07:17:17,801 INFO  L226             Difference]: Without dead ends: 202
[2026-07-04 07:17:17,802 INFO  L425           NwaCegarLoop]: 0 DeclaredPredicates, 220 GetRequests, 217 SyntacticMatches, 0 SemanticMatches, 3 ConstructedPredicates, 0 IntricatePredicates, 0 DeprecatedPredicates, 1 ImplicationChecksByTransitivity, 0.0s TimeCoverageRelationStatistics Valid=8, Invalid=12, Unknown=0, NotChecked=0, Total=20
[2026-07-04 07:17:17,802 INFO  L426           NwaCegarLoop]: 207 mSDtfsCounter, 31 mSDsluCounter, 388 mSDsCounter, 0 mSdLazyCounter, 51 mSolverCounterSat, 17 mSolverCounterUnsat, 0 mSolverCounterUnknown, 0 mSolverCounterNotChecked, 0.0s Time, 0 mProtectedPredicate, 0 mProtectedAction, 31 SdHoareTripleChecker+Valid, 595 SdHoareTripleChecker+Invalid, 68 SdHoareTripleChecker+Unknown, 0 SdHoareTripleChecker+Unchecked, 0.0s SdHoareTripleChecker+Time, 17 IncrementalHoareTripleChecker+Valid, 51 IncrementalHoareTripleChecker+Invalid, 0 IncrementalHoareTripleChecker+Unknown, 0 IncrementalHoareTripleChecker+Unchecked, 0.1s IncrementalHoareTripleChecker+Time
[2026-07-04 07:17:17,802 INFO  L427           NwaCegarLoop]: SdHoareTripleChecker [31 Valid, 595 Invalid, 68 Unknown, 0 Unchecked, 0.0s Time], IncrementalHoareTripleChecker [17 Valid, 51 Invalid, 0 Unknown, 0 Unchecked, 0.1s Time]
[2026-07-04 07:17:17,803 INFO  L82        GeneralOperation]: Start minimizeSevpa. Operand 202 states.
[2026-07-04 07:17:17,825 INFO  L88        GeneralOperation]: Finished minimizeSevpa. Reduced states from 202 to 196.
[2026-07-04 07:17:17,825 INFO  L82        GeneralOperation]: Start removeUnreachable. Operand  has 196 states, 181 states have (on average 1.270718232044199) internal successors, (230), 183 states have internal predecessors, (230), 6 states have call successors, (6), 6 states have call predecessors, (6), 8 states have return successors, (9), 6 states have call predecessors, (9), 6 states have call successors, (9)
[2026-07-04 07:17:17,833 INFO  L88        GeneralOperation]: Finished removeUnreachable. Reduced from 196 states to 196 states and 245 transitions.
[2026-07-04 07:17:17,833 INFO  L79                 Accepts]: Start accepts. Automaton has 196 states and 245 transitions. Word has length 111
[2026-07-04 07:17:17,833 INFO  L85                 Accepts]: Finished accepts. word is rejected.
[2026-07-04 07:17:17,833 INFO  L490      AbstractCegarLoop]: Abstraction has 196 states and 245 transitions.
[2026-07-04 07:17:17,833 INFO  L491      AbstractCegarLoop]: INTERPOLANT automaton has  has 5 states, 5 states have (on average 22.6) internal successors, (113), 5 states have internal predecessors, (113), 3 states have call successors, (5), 2 states have call predecessors, (5), 5 states have return successors, (6), 4 states have call predecessors, (6), 3 states have call successors, (6)
[2026-07-04 07:17:17,833 INFO  L278                IsEmpty]: Start isEmpty. Operand 196 states and 245 transitions.
[2026-07-04 07:17:17,834 INFO  L284                IsEmpty]: Finished isEmpty. Found accepting run of length 112
[2026-07-04 07:17:17,834 INFO  L199           NwaCegarLoop]: Found error trace
[2026-07-04 07:17:17,834 INFO  L207           NwaCegarLoop]: trace histogram [1, 1, 1, 1, 1, 1, 1, 1, 1, 1, 1, 1, 1, 1, 1, 1, 1, 1, 1, 1, 1, 1, 1, 1, 1, 1, 1, 1, 1, 1, 1, 1, 1, 1, 1, 1, 1, 1, 1, 1, 1, 1, 1, 1, 1, 1, 1, 1, 1, 1, 1, 1, 1, 1, 1, 1, 1, 1, 1, 1, 1, 1, 1, 1, 1, 1, 1, 1, 1, 1, 1, 1, 1, 1, 1, 1, 1, 1, 1, 1, 1, 1, 1, 1, 1, 1, 1, 1, 1, 1, 1, 1, 1, 1, 1, 1, 1, 1, 1, 1, 1, 1, 1, 1, 1, 1, 1, 1, 1, 1, 1]
[2026-07-04 07:17:17,851 INFO  L546       MonitoredProcess]: [MP /usr/bin/z3 SMTLIB2_COMPLIANT=true -memory:2024 -smt2 -in (18)] Ended with exit code 0
[2026-07-04 07:17:18,037 WARN  L471      AbstractCegarLoop]: Destroyed unattended storables created during the last iteration: 18 /usr/bin/z3 SMTLIB2_COMPLIANT=true -memory:2024 -smt2 -in
[2026-07-04 07:17:18,037 INFO  L408      AbstractCegarLoop]: === Iteration 18 === Targeting ULTIMATE.startErr0ASSERT_VIOLATIONASSERT === [ULTIMATE.startErr0ASSERT_VIOLATIONASSERT] ===
[2026-07-04 07:17:18,037 INFO  L156       PredicateUnifier]: Initialized classic predicate unifier
[2026-07-04 07:17:18,037 INFO  L85        PathProgramCache]: Analyzing trace with hash -986562411, now seen corresponding path program 1 times
[2026-07-04 07:17:18,037 INFO  L118   FreeRefinementEngine]: Executing refinement strategy FIXED_PREFERENCES
[2026-07-04 07:17:18,037 INFO  L324   FreeRefinementEngine]: Using trace check IpTcStrategyModulePreferences [177802422]
[2026-07-04 07:17:18,037 INFO  L97    rtionOrderModulation]: Keeping assertion order NOT_INCREMENTALLY
[2026-07-04 07:17:18,037 INFO  L173          SolverBuilder]: Constructing external solver with command: z3 SMTLIB2_COMPLIANT=true -memory:2024 -smt2 -in
[2026-07-04 07:17:18,039 INFO  L189       MonitoredProcess]: No working directory specified, using /usr/bin/z3
[2026-07-04 07:17:18,040 INFO  L229       MonitoredProcess]: Starting monitored process 19 with /usr/bin/z3 SMTLIB2_COMPLIANT=true -memory:2024 -smt2 -in (exit command is (exit), workingDir is null)
[2026-07-04 07:17:18,043 INFO  L327       MonitoredProcess]: [MP /usr/bin/z3 SMTLIB2_COMPLIANT=true -memory:2024 -smt2 -in (19)] Waiting until timeout for monitored process
[2026-07-04 07:17:18,158 INFO  L108    AnnotateAndAsserter]: Assert order NOT_INCREMENTALLY partitioned 111 statements into 1 equivalence classes.
[2026-07-04 07:17:18,221 INFO  L111    AnnotateAndAsserter]: Assert order NOT_INCREMENTALLY issued 1 check-sat command(s) and asserted 111 of 111 statements.
[2026-07-04 07:17:18,221 INFO  L114    AnnotateAndAsserter]: Assert order NOT_INCREMENTALLY issued 1 check-sat command(s)
[2026-07-04 07:17:18,221 INFO  L115    AnnotateAndAsserter]: Conjunction of SSA is unsat
[2026-07-04 07:17:18,225 INFO  L256         TraceCheckSpWp]: Trace formula consists of 872 conjuncts, 23 conjuncts are in the unsatisfiable core
[2026-07-04 07:17:18,232 INFO  L279         TraceCheckSpWp]: Computing forward predicates...
[2026-07-04 07:17:18,249 INFO  L354             Elim1Store]: Elim1 eliminated variable of array dimension 1, 1 stores, 0 select indices, 0 select index equivalence classes, 0 disjoint index pairs (out of 0 index pairs), introduced 0 new quantified variables, introduced 0 case distinctions, treesize of input 6 treesize of output 5
[2026-07-04 07:17:18,277 INFO  L354             Elim1Store]: Elim1 eliminated variable of array dimension 1, 1 stores, 0 select indices, 0 select index equivalence classes, 0 disjoint index pairs (out of 0 index pairs), introduced 0 new quantified variables, introduced 0 case distinctions, treesize of input 8 treesize of output 7
[2026-07-04 07:17:18,309 INFO  L354             Elim1Store]: Elim1 eliminated variable of array dimension 1, 0 stores, 1 select indices, 1 select index equivalence classes, 0 disjoint index pairs (out of 0 index pairs), introduced 1 new quantified variables, introduced 0 case distinctions, treesize of input 13 treesize of output 9
[2026-07-04 07:17:18,682 INFO  L172   IndexEqualityManager]: detected equality via solver
[2026-07-04 07:17:18,688 INFO  L354             Elim1Store]: Elim1 eliminated variable of array dimension 1, 0 stores, 2 select indices, 2 select index equivalence classes, 0 disjoint index pairs (out of 1 index pairs), introduced 1 new quantified variables, introduced 0 case distinctions, treesize of input 22 treesize of output 14
[2026-07-04 07:17:18,806 INFO  L354             Elim1Store]: Elim1 eliminated variable of array dimension 1, 0 stores, 1 select indices, 1 select index equivalence classes, 0 disjoint index pairs (out of 0 index pairs), introduced 1 new quantified variables, introduced 0 case distinctions, treesize of input 5 treesize of output 3
[2026-07-04 07:17:19,356 INFO  L172   IndexEqualityManager]: detected equality via solver
[2026-07-04 07:17:19,357 INFO  L354             Elim1Store]: Elim1 eliminated variable of array dimension 1, 0 stores, 2 select indices, 2 select index equivalence classes, 0 disjoint index pairs (out of 1 index pairs), introduced 1 new quantified variables, introduced 0 case distinctions, treesize of input 18 treesize of output 10
[2026-07-04 07:17:19,366 INFO  L134       CoverageAnalysis]: Checked inductivity of 0 backedges. 0 proven. 0 refuted. 0 times theorem prover too weak. 0 trivial. 0 not checked.
[2026-07-04 07:17:19,366 INFO  L312         TraceCheckSpWp]: Computing backward predicates...
[2026-07-04 07:17:20,431 INFO  L189   IndexEqualityManager]: detected not equals via solver
[2026-07-04 07:17:20,472 INFO  L134       CoverageAnalysis]: Checked inductivity of 0 backedges. 0 proven. 0 refuted. 0 times theorem prover too weak. 0 trivial. 0 not checked.
[2026-07-04 07:17:20,472 INFO  L136   FreeRefinementEngine]: Strategy FIXED_PREFERENCES found an infeasible trace
[2026-07-04 07:17:20,472 INFO  L324   FreeRefinementEngine]: Using interpolant generator IpTcStrategyModulePreferences [177802422]
[2026-07-04 07:17:20,472 INFO  L158   FreeRefinementEngine]: IpTcStrategyModulePreferences [177802422] provided 2 perfect and 0 imperfect interpolant sequences
[2026-07-04 07:17:20,472 INFO  L185   FreeRefinementEngine]: Found 2 perfect and 0 imperfect interpolant sequences.
[2026-07-04 07:17:20,472 INFO  L198   FreeRefinementEngine]: Number of different interpolants: perfect sequences [15, 16] imperfect sequences [] total 30
[2026-07-04 07:17:20,473 INFO  L121   tionRefinementEngine]: Using interpolant automaton builder IpAbStrategyModuleStraightlineAll [1171524144]
[2026-07-04 07:17:20,473 INFO  L85    oduleStraightlineAll]: Using 2 perfect interpolants to construct interpolant automaton
[2026-07-04 07:17:20,473 INFO  L567      AbstractCegarLoop]: INTERPOLANT automaton has 30 states
[2026-07-04 07:17:20,474 INFO  L100   FreeRefinementEngine]: Using predicate unifier PredicateUnifier provided by strategy FIXED_PREFERENCES
[2026-07-04 07:17:20,474 INFO  L144   InterpolantAutomaton]: Constructing interpolant automaton starting with 30 interpolants.
[2026-07-04 07:17:20,474 INFO  L146   InterpolantAutomaton]: CoverageRelationStatistics Valid=102, Invalid=768, Unknown=0, NotChecked=0, Total=870
[2026-07-04 07:17:20,474 INFO  L87              Difference]: Start difference. First operand 196 states and 245 transitions. Second operand  has 30 states, 30 states have (on average 6.766666666666667) internal successors, (203), 30 states have internal predecessors, (203), 7 states have call successors, (8), 7 states have call predecessors, (8), 8 states have return successors, (8), 5 states have call predecessors, (8), 7 states have call successors, (8)
[2026-07-04 07:17:24,319 INFO  L144             Difference]: Subtrahend was deterministic. Have not used determinization.
[2026-07-04 07:17:24,319 INFO  L93              Difference]: Finished difference Result 346 states and 437 transitions.
[2026-07-04 07:17:24,320 INFO  L140   InterpolantAutomaton]: Switched to read-only mode: deterministic interpolant automaton has 22 states. 
[2026-07-04 07:17:24,320 INFO  L79                 Accepts]: Start accepts. Automaton has  has 30 states, 30 states have (on average 6.766666666666667) internal successors, (203), 30 states have internal predecessors, (203), 7 states have call successors, (8), 7 states have call predecessors, (8), 8 states have return successors, (8), 5 states have call predecessors, (8), 7 states have call successors, (8) Word has length 111
[2026-07-04 07:17:24,321 INFO  L85                 Accepts]: Finished accepts. some prefix is accepted.
[2026-07-04 07:17:24,327 INFO  L225             Difference]: With dead ends: 346
[2026-07-04 07:17:24,327 INFO  L226             Difference]: Without dead ends: 274
[2026-07-04 07:17:24,328 INFO  L425           NwaCegarLoop]: 0 DeclaredPredicates, 241 GetRequests, 194 SyntacticMatches, 0 SemanticMatches, 47 ConstructedPredicates, 0 IntricatePredicates, 0 DeprecatedPredicates, 435 ImplicationChecksByTransitivity, 1.6s TimeCoverageRelationStatistics Valid=301, Invalid=2051, Unknown=0, NotChecked=0, Total=2352
[2026-07-04 07:17:24,328 INFO  L426           NwaCegarLoop]: 12 mSDtfsCounter, 896 mSDsluCounter, 80 mSDsCounter, 0 mSdLazyCounter, 2457 mSolverCounterSat, 45 mSolverCounterUnsat, 0 mSolverCounterUnknown, 0 mSolverCounterNotChecked, 2.7s Time, 0 mProtectedPredicate, 0 mProtectedAction, 896 SdHoareTripleChecker+Valid, 92 SdHoareTripleChecker+Invalid, 2502 SdHoareTripleChecker+Unknown, 0 SdHoareTripleChecker+Unchecked, 0.0s SdHoareTripleChecker+Time, 45 IncrementalHoareTripleChecker+Valid, 2457 IncrementalHoareTripleChecker+Invalid, 0 IncrementalHoareTripleChecker+Unknown, 0 IncrementalHoareTripleChecker+Unchecked, 3.0s IncrementalHoareTripleChecker+Time
[2026-07-04 07:17:24,328 INFO  L427           NwaCegarLoop]: SdHoareTripleChecker [896 Valid, 92 Invalid, 2502 Unknown, 0 Unchecked, 0.0s Time], IncrementalHoareTripleChecker [45 Valid, 2457 Invalid, 0 Unknown, 0 Unchecked, 3.0s Time]
[2026-07-04 07:17:24,330 INFO  L82        GeneralOperation]: Start minimizeSevpa. Operand 274 states.
[2026-07-04 07:17:24,355 INFO  L88        GeneralOperation]: Finished minimizeSevpa. Reduced states from 274 to 197.
[2026-07-04 07:17:24,355 INFO  L82        GeneralOperation]: Start removeUnreachable. Operand  has 197 states, 182 states have (on average 1.2692307692307692) internal successors, (231), 184 states have internal predecessors, (231), 6 states have call successors, (6), 6 states have call predecessors, (6), 8 states have return successors, (9), 6 states have call predecessors, (9), 6 states have call successors, (9)
[2026-07-04 07:17:24,358 INFO  L88        GeneralOperation]: Finished removeUnreachable. Reduced from 197 states to 197 states and 246 transitions.
[2026-07-04 07:17:24,358 INFO  L79                 Accepts]: Start accepts. Automaton has 197 states and 246 transitions. Word has length 111
[2026-07-04 07:17:24,358 INFO  L85                 Accepts]: Finished accepts. word is rejected.
[2026-07-04 07:17:24,358 INFO  L490      AbstractCegarLoop]: Abstraction has 197 states and 246 transitions.
[2026-07-04 07:17:24,358 INFO  L491      AbstractCegarLoop]: INTERPOLANT automaton has  has 30 states, 30 states have (on average 6.766666666666667) internal successors, (203), 30 states have internal predecessors, (203), 7 states have call successors, (8), 7 states have call predecessors, (8), 8 states have return successors, (8), 5 states have call predecessors, (8), 7 states have call successors, (8)
[2026-07-04 07:17:24,358 INFO  L278                IsEmpty]: Start isEmpty. Operand 197 states and 246 transitions.
[2026-07-04 07:17:24,359 INFO  L284                IsEmpty]: Finished isEmpty. Found accepting run of length 115
[2026-07-04 07:17:24,359 INFO  L199           NwaCegarLoop]: Found error trace
[2026-07-04 07:17:24,359 INFO  L207           NwaCegarLoop]: trace histogram [1, 1, 1, 1, 1, 1, 1, 1, 1, 1, 1, 1, 1, 1, 1, 1, 1, 1, 1, 1, 1, 1, 1, 1, 1, 1, 1, 1, 1, 1, 1, 1, 1, 1, 1, 1, 1, 1, 1, 1, 1, 1, 1, 1, 1, 1, 1, 1, 1, 1, 1, 1, 1, 1, 1, 1, 1, 1, 1, 1, 1, 1, 1, 1, 1, 1, 1, 1, 1, 1, 1, 1, 1, 1, 1, 1, 1, 1, 1, 1, 1, 1, 1, 1, 1, 1, 1, 1, 1, 1, 1, 1, 1, 1, 1, 1, 1, 1, 1, 1, 1, 1, 1, 1, 1, 1, 1, 1, 1, 1, 1, 1, 1, 1]
[2026-07-04 07:17:24,377 INFO  L546       MonitoredProcess]: [MP /usr/bin/z3 SMTLIB2_COMPLIANT=true -memory:2024 -smt2 -in (19)] Ended with exit code 0
[2026-07-04 07:17:24,560 WARN  L471      AbstractCegarLoop]: Destroyed unattended storables created during the last iteration: 19 /usr/bin/z3 SMTLIB2_COMPLIANT=true -memory:2024 -smt2 -in
[2026-07-04 07:17:24,560 INFO  L408      AbstractCegarLoop]: === Iteration 19 === Targeting ULTIMATE.startErr0ASSERT_VIOLATIONASSERT === [ULTIMATE.startErr0ASSERT_VIOLATIONASSERT] ===
[2026-07-04 07:17:24,561 INFO  L156       PredicateUnifier]: Initialized classic predicate unifier
[2026-07-04 07:17:24,561 INFO  L85        PathProgramCache]: Analyzing trace with hash -1351924700, now seen corresponding path program 1 times
[2026-07-04 07:17:24,561 INFO  L118   FreeRefinementEngine]: Executing refinement strategy FIXED_PREFERENCES
[2026-07-04 07:17:24,561 INFO  L324   FreeRefinementEngine]: Using trace check IpTcStrategyModulePreferences [1114516711]
[2026-07-04 07:17:24,561 INFO  L97    rtionOrderModulation]: Keeping assertion order NOT_INCREMENTALLY
[2026-07-04 07:17:24,561 INFO  L173          SolverBuilder]: Constructing external solver with command: z3 SMTLIB2_COMPLIANT=true -memory:2024 -smt2 -in
[2026-07-04 07:17:24,562 INFO  L189       MonitoredProcess]: No working directory specified, using /usr/bin/z3
[2026-07-04 07:17:24,566 INFO  L229       MonitoredProcess]: Starting monitored process 20 with /usr/bin/z3 SMTLIB2_COMPLIANT=true -memory:2024 -smt2 -in (exit command is (exit), workingDir is null)
[2026-07-04 07:17:24,567 INFO  L327       MonitoredProcess]: [MP /usr/bin/z3 SMTLIB2_COMPLIANT=true -memory:2024 -smt2 -in (20)] Waiting until timeout for monitored process
[2026-07-04 07:17:24,697 INFO  L108    AnnotateAndAsserter]: Assert order NOT_INCREMENTALLY partitioned 114 statements into 1 equivalence classes.
[2026-07-04 07:17:24,774 INFO  L111    AnnotateAndAsserter]: Assert order NOT_INCREMENTALLY issued 1 check-sat command(s) and asserted 114 of 114 statements.
[2026-07-04 07:17:24,774 INFO  L114    AnnotateAndAsserter]: Assert order NOT_INCREMENTALLY issued 1 check-sat command(s)
[2026-07-04 07:17:24,774 INFO  L115    AnnotateAndAsserter]: Conjunction of SSA is unsat
[2026-07-04 07:17:24,779 INFO  L256         TraceCheckSpWp]: Trace formula consists of 918 conjuncts, 56 conjuncts are in the unsatisfiable core
[2026-07-04 07:17:24,786 INFO  L279         TraceCheckSpWp]: Computing forward predicates...
[2026-07-04 07:17:24,793 INFO  L354             Elim1Store]: Elim1 eliminated variable of array dimension 1, 1 stores, 0 select indices, 0 select index equivalence classes, 0 disjoint index pairs (out of 0 index pairs), introduced 0 new quantified variables, introduced 0 case distinctions, treesize of input 6 treesize of output 5
[2026-07-04 07:17:24,839 INFO  L354             Elim1Store]: Elim1 eliminated variable of array dimension 1, 1 stores, 0 select indices, 0 select index equivalence classes, 0 disjoint index pairs (out of 0 index pairs), introduced 0 new quantified variables, introduced 0 case distinctions, treesize of input 6 treesize of output 5
[2026-07-04 07:17:24,984 INFO  L354             Elim1Store]: Elim1 eliminated variable of array dimension 1, 0 stores, 1 select indices, 1 select index equivalence classes, 0 disjoint index pairs (out of 0 index pairs), introduced 1 new quantified variables, introduced 0 case distinctions, treesize of input 7 treesize of output 5
[2026-07-04 07:17:25,762 INFO  L172   IndexEqualityManager]: detected equality via solver
[2026-07-04 07:17:25,762 INFO  L354             Elim1Store]: Elim1 eliminated variable of array dimension 1, 0 stores, 2 select indices, 2 select index equivalence classes, 0 disjoint index pairs (out of 1 index pairs), introduced 1 new quantified variables, introduced 0 case distinctions, treesize of input 15 treesize of output 9
[2026-07-04 07:17:26,199 INFO  L354             Elim1Store]: Elim1 eliminated variable of array dimension 1, 0 stores, 1 select indices, 1 select index equivalence classes, 0 disjoint index pairs (out of 0 index pairs), introduced 1 new quantified variables, introduced 0 case distinctions, treesize of input 7 treesize of output 5
[2026-07-04 07:17:27,110 INFO  L172   IndexEqualityManager]: detected equality via solver
[2026-07-04 07:17:27,110 INFO  L354             Elim1Store]: Elim1 eliminated variable of array dimension 1, 0 stores, 2 select indices, 2 select index equivalence classes, 0 disjoint index pairs (out of 1 index pairs), introduced 1 new quantified variables, introduced 0 case distinctions, treesize of input 13 treesize of output 7
[2026-07-04 07:17:27,420 INFO  L134       CoverageAnalysis]: Checked inductivity of 0 backedges. 0 proven. 0 refuted. 0 times theorem prover too weak. 0 trivial. 0 not checked.
[2026-07-04 07:17:27,420 INFO  L312         TraceCheckSpWp]: Computing backward predicates...
[2026-07-04 07:17:30,069 INFO  L189   IndexEqualityManager]: detected not equals via solver
[2026-07-04 07:17:30,144 INFO  L134       CoverageAnalysis]: Checked inductivity of 0 backedges. 0 proven. 0 refuted. 0 times theorem prover too weak. 0 trivial. 0 not checked.
[2026-07-04 07:17:30,144 INFO  L136   FreeRefinementEngine]: Strategy FIXED_PREFERENCES found an infeasible trace
[2026-07-04 07:17:30,144 INFO  L324   FreeRefinementEngine]: Using interpolant generator IpTcStrategyModulePreferences [1114516711]
[2026-07-04 07:17:30,144 INFO  L158   FreeRefinementEngine]: IpTcStrategyModulePreferences [1114516711] provided 2 perfect and 0 imperfect interpolant sequences
[2026-07-04 07:17:30,144 INFO  L185   FreeRefinementEngine]: Found 2 perfect and 0 imperfect interpolant sequences.
[2026-07-04 07:17:30,144 INFO  L198   FreeRefinementEngine]: Number of different interpolants: perfect sequences [23, 23] imperfect sequences [] total 46
[2026-07-04 07:17:30,145 INFO  L121   tionRefinementEngine]: Using interpolant automaton builder IpAbStrategyModuleStraightlineAll [877781563]
[2026-07-04 07:17:30,152 INFO  L85    oduleStraightlineAll]: Using 2 perfect interpolants to construct interpolant automaton
[2026-07-04 07:17:30,152 INFO  L567      AbstractCegarLoop]: INTERPOLANT automaton has 47 states
[2026-07-04 07:17:30,153 INFO  L100   FreeRefinementEngine]: Using predicate unifier PredicateUnifier provided by strategy FIXED_PREFERENCES
[2026-07-04 07:17:30,153 INFO  L144   InterpolantAutomaton]: Constructing interpolant automaton starting with 47 interpolants.
[2026-07-04 07:17:30,153 INFO  L146   InterpolantAutomaton]: CoverageRelationStatistics Valid=146, Invalid=2016, Unknown=0, NotChecked=0, Total=2162
[2026-07-04 07:17:30,153 INFO  L87              Difference]: Start difference. First operand 197 states and 246 transitions. Second operand  has 47 states, 42 states have (on average 5.0476190476190474) internal successors, (212), 45 states have internal predecessors, (212), 8 states have call successors, (8), 8 states have call predecessors, (8), 8 states have return successors, (8), 6 states have call predecessors, (8), 8 states have call successors, (8)
[2026-07-04 07:17:38,357 INFO  L144             Difference]: Subtrahend was deterministic. Have not used determinization.
[2026-07-04 07:17:38,357 INFO  L93              Difference]: Finished difference Result 391 states and 502 transitions.
[2026-07-04 07:17:38,357 INFO  L140   InterpolantAutomaton]: Switched to read-only mode: deterministic interpolant automaton has 32 states. 
[2026-07-04 07:17:38,357 INFO  L79                 Accepts]: Start accepts. Automaton has  has 47 states, 42 states have (on average 5.0476190476190474) internal successors, (212), 45 states have internal predecessors, (212), 8 states have call successors, (8), 8 states have call predecessors, (8), 8 states have return successors, (8), 6 states have call predecessors, (8), 8 states have call successors, (8) Word has length 114
[2026-07-04 07:17:38,357 INFO  L85                 Accepts]: Finished accepts. some prefix is accepted.
[2026-07-04 07:17:38,359 INFO  L225             Difference]: With dead ends: 391
[2026-07-04 07:17:38,359 INFO  L226             Difference]: Without dead ends: 317
[2026-07-04 07:17:38,359 INFO  L425           NwaCegarLoop]: 0 DeclaredPredicates, 252 GetRequests, 183 SyntacticMatches, 0 SemanticMatches, 69 ConstructedPredicates, 0 IntricatePredicates, 1 DeprecatedPredicates, 931 ImplicationChecksByTransitivity, 4.4s TimeCoverageRelationStatistics Valid=431, Invalid=4539, Unknown=0, NotChecked=0, Total=4970
[2026-07-04 07:17:38,360 INFO  L426           NwaCegarLoop]: 10 mSDtfsCounter, 2268 mSDsluCounter, 146 mSDsCounter, 0 mSdLazyCounter, 5683 mSolverCounterSat, 94 mSolverCounterUnsat, 0 mSolverCounterUnknown, 0 mSolverCounterNotChecked, 7.1s Time, 0 mProtectedPredicate, 0 mProtectedAction, 2268 SdHoareTripleChecker+Valid, 156 SdHoareTripleChecker+Invalid, 5777 SdHoareTripleChecker+Unknown, 0 SdHoareTripleChecker+Unchecked, 0.0s SdHoareTripleChecker+Time, 94 IncrementalHoareTripleChecker+Valid, 5683 IncrementalHoareTripleChecker+Invalid, 0 IncrementalHoareTripleChecker+Unknown, 0 IncrementalHoareTripleChecker+Unchecked, 7.8s IncrementalHoareTripleChecker+Time
[2026-07-04 07:17:38,361 INFO  L427           NwaCegarLoop]: SdHoareTripleChecker [2268 Valid, 156 Invalid, 5777 Unknown, 0 Unchecked, 0.0s Time], IncrementalHoareTripleChecker [94 Valid, 5683 Invalid, 0 Unknown, 0 Unchecked, 7.8s Time]
[2026-07-04 07:17:38,361 INFO  L82        GeneralOperation]: Start minimizeSevpa. Operand 317 states.
[2026-07-04 07:17:38,388 INFO  L88        GeneralOperation]: Finished minimizeSevpa. Reduced states from 317 to 198.
[2026-07-04 07:17:38,388 INFO  L82        GeneralOperation]: Start removeUnreachable. Operand  has 198 states, 183 states have (on average 1.2677595628415301) internal successors, (232), 185 states have internal predecessors, (232), 6 states have call successors, (6), 6 states have call predecessors, (6), 8 states have return successors, (9), 6 states have call predecessors, (9), 6 states have call successors, (9)
[2026-07-04 07:17:38,392 INFO  L88        GeneralOperation]: Finished removeUnreachable. Reduced from 198 states to 198 states and 247 transitions.
[2026-07-04 07:17:38,392 INFO  L79                 Accepts]: Start accepts. Automaton has 198 states and 247 transitions. Word has length 114
[2026-07-04 07:17:38,392 INFO  L85                 Accepts]: Finished accepts. word is rejected.
[2026-07-04 07:17:38,392 INFO  L490      AbstractCegarLoop]: Abstraction has 198 states and 247 transitions.
[2026-07-04 07:17:38,392 INFO  L491      AbstractCegarLoop]: INTERPOLANT automaton has  has 47 states, 42 states have (on average 5.0476190476190474) internal successors, (212), 45 states have internal predecessors, (212), 8 states have call successors, (8), 8 states have call predecessors, (8), 8 states have return successors, (8), 6 states have call predecessors, (8), 8 states have call successors, (8)
[2026-07-04 07:17:38,392 INFO  L278                IsEmpty]: Start isEmpty. Operand 198 states and 247 transitions.
[2026-07-04 07:17:38,393 INFO  L284                IsEmpty]: Finished isEmpty. Found accepting run of length 115
[2026-07-04 07:17:38,393 INFO  L199           NwaCegarLoop]: Found error trace
[2026-07-04 07:17:38,393 INFO  L207           NwaCegarLoop]: trace histogram [1, 1, 1, 1, 1, 1, 1, 1, 1, 1, 1, 1, 1, 1, 1, 1, 1, 1, 1, 1, 1, 1, 1, 1, 1, 1, 1, 1, 1, 1, 1, 1, 1, 1, 1, 1, 1, 1, 1, 1, 1, 1, 1, 1, 1, 1, 1, 1, 1, 1, 1, 1, 1, 1, 1, 1, 1, 1, 1, 1, 1, 1, 1, 1, 1, 1, 1, 1, 1, 1, 1, 1, 1, 1, 1, 1, 1, 1, 1, 1, 1, 1, 1, 1, 1, 1, 1, 1, 1, 1, 1, 1, 1, 1, 1, 1, 1, 1, 1, 1, 1, 1, 1, 1, 1, 1, 1, 1, 1, 1, 1, 1, 1, 1]
[2026-07-04 07:17:38,410 INFO  L546       MonitoredProcess]: [MP /usr/bin/z3 SMTLIB2_COMPLIANT=true -memory:2024 -smt2 -in (20)] Ended with exit code 0
[2026-07-04 07:17:38,594 WARN  L471      AbstractCegarLoop]: Destroyed unattended storables created during the last iteration: 20 /usr/bin/z3 SMTLIB2_COMPLIANT=true -memory:2024 -smt2 -in
[2026-07-04 07:17:38,594 INFO  L408      AbstractCegarLoop]: === Iteration 20 === Targeting ULTIMATE.startErr0ASSERT_VIOLATIONASSERT === [ULTIMATE.startErr0ASSERT_VIOLATIONASSERT] ===
[2026-07-04 07:17:38,595 INFO  L156       PredicateUnifier]: Initialized classic predicate unifier
[2026-07-04 07:17:38,595 INFO  L85        PathProgramCache]: Analyzing trace with hash -1211376090, now seen corresponding path program 1 times
[2026-07-04 07:17:38,595 INFO  L118   FreeRefinementEngine]: Executing refinement strategy FIXED_PREFERENCES
[2026-07-04 07:17:38,595 INFO  L324   FreeRefinementEngine]: Using trace check IpTcStrategyModulePreferences [920920796]
[2026-07-04 07:17:38,595 INFO  L97    rtionOrderModulation]: Keeping assertion order NOT_INCREMENTALLY
[2026-07-04 07:17:38,595 INFO  L173          SolverBuilder]: Constructing external solver with command: z3 SMTLIB2_COMPLIANT=true -memory:2024 -smt2 -in
[2026-07-04 07:17:38,596 INFO  L189       MonitoredProcess]: No working directory specified, using /usr/bin/z3
[2026-07-04 07:17:38,598 INFO  L229       MonitoredProcess]: Starting monitored process 21 with /usr/bin/z3 SMTLIB2_COMPLIANT=true -memory:2024 -smt2 -in (exit command is (exit), workingDir is null)
[2026-07-04 07:17:38,600 INFO  L327       MonitoredProcess]: [MP /usr/bin/z3 SMTLIB2_COMPLIANT=true -memory:2024 -smt2 -in (21)] Waiting until timeout for monitored process
[2026-07-04 07:17:38,741 INFO  L108    AnnotateAndAsserter]: Assert order NOT_INCREMENTALLY partitioned 114 statements into 1 equivalence classes.
[2026-07-04 07:17:38,791 INFO  L111    AnnotateAndAsserter]: Assert order NOT_INCREMENTALLY issued 1 check-sat command(s) and asserted 114 of 114 statements.
[2026-07-04 07:17:38,791 INFO  L114    AnnotateAndAsserter]: Assert order NOT_INCREMENTALLY issued 1 check-sat command(s)
[2026-07-04 07:17:38,791 INFO  L115    AnnotateAndAsserter]: Conjunction of SSA is unsat
[2026-07-04 07:17:38,794 INFO  L256         TraceCheckSpWp]: Trace formula consists of 915 conjuncts, 2 conjuncts are in the unsatisfiable core
[2026-07-04 07:17:38,796 INFO  L279         TraceCheckSpWp]: Computing forward predicates...
[2026-07-04 07:17:38,814 INFO  L134       CoverageAnalysis]: Checked inductivity of 0 backedges. 0 proven. 0 refuted. 0 times theorem prover too weak. 0 trivial. 0 not checked.
[2026-07-04 07:17:38,814 INFO  L312         TraceCheckSpWp]: Computing backward predicates...
[2026-07-04 07:17:38,832 INFO  L134       CoverageAnalysis]: Checked inductivity of 0 backedges. 0 proven. 0 refuted. 0 times theorem prover too weak. 0 trivial. 0 not checked.
[2026-07-04 07:17:38,832 INFO  L136   FreeRefinementEngine]: Strategy FIXED_PREFERENCES found an infeasible trace
[2026-07-04 07:17:38,832 INFO  L324   FreeRefinementEngine]: Using interpolant generator IpTcStrategyModulePreferences [920920796]
[2026-07-04 07:17:38,832 INFO  L158   FreeRefinementEngine]: IpTcStrategyModulePreferences [920920796] provided 2 perfect and 0 imperfect interpolant sequences
[2026-07-04 07:17:38,832 INFO  L185   FreeRefinementEngine]: Found 2 perfect and 0 imperfect interpolant sequences.
[2026-07-04 07:17:38,832 INFO  L198   FreeRefinementEngine]: Number of different interpolants: perfect sequences [3, 3] imperfect sequences [] total 3
[2026-07-04 07:17:38,832 INFO  L121   tionRefinementEngine]: Using interpolant automaton builder IpAbStrategyModuleStraightlineAll [1325224782]
[2026-07-04 07:17:38,832 INFO  L85    oduleStraightlineAll]: Using 2 perfect interpolants to construct interpolant automaton
[2026-07-04 07:17:38,832 INFO  L567      AbstractCegarLoop]: INTERPOLANT automaton has 3 states
[2026-07-04 07:17:38,832 INFO  L100   FreeRefinementEngine]: Using predicate unifier PredicateUnifier provided by strategy FIXED_PREFERENCES
[2026-07-04 07:17:38,833 INFO  L144   InterpolantAutomaton]: Constructing interpolant automaton starting with 3 interpolants.
[2026-07-04 07:17:38,833 INFO  L146   InterpolantAutomaton]: CoverageRelationStatistics Valid=3, Invalid=3, Unknown=0, NotChecked=0, Total=6
[2026-07-04 07:17:38,833 INFO  L87              Difference]: Start difference. First operand 198 states and 247 transitions. Second operand  has 3 states, 3 states have (on average 36.0) internal successors, (108), 3 states have internal predecessors, (108), 2 states have call successors, (5), 2 states have call predecessors, (5), 2 states have return successors, (5), 2 states have call predecessors, (5), 2 states have call successors, (5)
[2026-07-04 07:17:38,875 INFO  L144             Difference]: Subtrahend was deterministic. Have not used determinization.
[2026-07-04 07:17:38,884 INFO  L93              Difference]: Finished difference Result 280 states and 351 transitions.
[2026-07-04 07:17:38,884 INFO  L140   InterpolantAutomaton]: Switched to read-only mode: deterministic interpolant automaton has 3 states. 
[2026-07-04 07:17:38,884 INFO  L79                 Accepts]: Start accepts. Automaton has  has 3 states, 3 states have (on average 36.0) internal successors, (108), 3 states have internal predecessors, (108), 2 states have call successors, (5), 2 states have call predecessors, (5), 2 states have return successors, (5), 2 states have call predecessors, (5), 2 states have call successors, (5) Word has length 114
[2026-07-04 07:17:38,884 INFO  L85                 Accepts]: Finished accepts. some prefix is accepted.
[2026-07-04 07:17:38,885 INFO  L225             Difference]: With dead ends: 280
[2026-07-04 07:17:38,885 INFO  L226             Difference]: Without dead ends: 197
[2026-07-04 07:17:38,885 INFO  L425           NwaCegarLoop]: 0 DeclaredPredicates, 226 GetRequests, 225 SyntacticMatches, 0 SemanticMatches, 1 ConstructedPredicates, 0 IntricatePredicates, 0 DeprecatedPredicates, 0 ImplicationChecksByTransitivity, 0.0s TimeCoverageRelationStatistics Valid=3, Invalid=3, Unknown=0, NotChecked=0, Total=6
[2026-07-04 07:17:38,886 INFO  L426           NwaCegarLoop]: 193 mSDtfsCounter, 182 mSDsluCounter, 4 mSDsCounter, 0 mSdLazyCounter, 10 mSolverCounterSat, 3 mSolverCounterUnsat, 0 mSolverCounterUnknown, 0 mSolverCounterNotChecked, 0.0s Time, 0 mProtectedPredicate, 0 mProtectedAction, 182 SdHoareTripleChecker+Valid, 197 SdHoareTripleChecker+Invalid, 13 SdHoareTripleChecker+Unknown, 0 SdHoareTripleChecker+Unchecked, 0.0s SdHoareTripleChecker+Time, 3 IncrementalHoareTripleChecker+Valid, 10 IncrementalHoareTripleChecker+Invalid, 0 IncrementalHoareTripleChecker+Unknown, 0 IncrementalHoareTripleChecker+Unchecked, 0.0s IncrementalHoareTripleChecker+Time
[2026-07-04 07:17:38,886 INFO  L427           NwaCegarLoop]: SdHoareTripleChecker [182 Valid, 197 Invalid, 13 Unknown, 0 Unchecked, 0.0s Time], IncrementalHoareTripleChecker [3 Valid, 10 Invalid, 0 Unknown, 0 Unchecked, 0.0s Time]
[2026-07-04 07:17:38,889 INFO  L82        GeneralOperation]: Start minimizeSevpa. Operand 197 states.
[2026-07-04 07:17:38,905 INFO  L88        GeneralOperation]: Finished minimizeSevpa. Reduced states from 197 to 196.
[2026-07-04 07:17:38,906 INFO  L82        GeneralOperation]: Start removeUnreachable. Operand  has 196 states, 181 states have (on average 1.2541436464088398) internal successors, (227), 183 states have internal predecessors, (227), 6 states have call successors, (6), 6 states have call predecessors, (6), 8 states have return successors, (9), 6 states have call predecessors, (9), 6 states have call successors, (9)
[2026-07-04 07:17:38,906 INFO  L88        GeneralOperation]: Finished removeUnreachable. Reduced from 196 states to 196 states and 242 transitions.
[2026-07-04 07:17:38,912 INFO  L79                 Accepts]: Start accepts. Automaton has 196 states and 242 transitions. Word has length 114
[2026-07-04 07:17:38,912 INFO  L85                 Accepts]: Finished accepts. word is rejected.
[2026-07-04 07:17:38,912 INFO  L490      AbstractCegarLoop]: Abstraction has 196 states and 242 transitions.
[2026-07-04 07:17:38,912 INFO  L491      AbstractCegarLoop]: INTERPOLANT automaton has  has 3 states, 3 states have (on average 36.0) internal successors, (108), 3 states have internal predecessors, (108), 2 states have call successors, (5), 2 states have call predecessors, (5), 2 states have return successors, (5), 2 states have call predecessors, (5), 2 states have call successors, (5)
[2026-07-04 07:17:38,912 INFO  L278                IsEmpty]: Start isEmpty. Operand 196 states and 242 transitions.
[2026-07-04 07:17:38,913 INFO  L284                IsEmpty]: Finished isEmpty. Found accepting run of length 116
[2026-07-04 07:17:38,913 INFO  L199           NwaCegarLoop]: Found error trace
[2026-07-04 07:17:38,913 INFO  L207           NwaCegarLoop]: trace histogram [1, 1, 1, 1, 1, 1, 1, 1, 1, 1, 1, 1, 1, 1, 1, 1, 1, 1, 1, 1, 1, 1, 1, 1, 1, 1, 1, 1, 1, 1, 1, 1, 1, 1, 1, 1, 1, 1, 1, 1, 1, 1, 1, 1, 1, 1, 1, 1, 1, 1, 1, 1, 1, 1, 1, 1, 1, 1, 1, 1, 1, 1, 1, 1, 1, 1, 1, 1, 1, 1, 1, 1, 1, 1, 1, 1, 1, 1, 1, 1, 1, 1, 1, 1, 1, 1, 1, 1, 1, 1, 1, 1, 1, 1, 1, 1, 1, 1, 1, 1, 1, 1, 1, 1, 1, 1, 1, 1, 1, 1, 1, 1, 1, 1, 1]
[2026-07-04 07:17:38,930 INFO  L546       MonitoredProcess]: [MP /usr/bin/z3 SMTLIB2_COMPLIANT=true -memory:2024 -smt2 -in (21)] Ended with exit code 0
[2026-07-04 07:17:39,113 WARN  L471      AbstractCegarLoop]: Destroyed unattended storables created during the last iteration: 21 /usr/bin/z3 SMTLIB2_COMPLIANT=true -memory:2024 -smt2 -in
[2026-07-04 07:17:39,113 INFO  L408      AbstractCegarLoop]: === Iteration 21 === Targeting ULTIMATE.startErr0ASSERT_VIOLATIONASSERT === [ULTIMATE.startErr0ASSERT_VIOLATIONASSERT] ===
[2026-07-04 07:17:39,114 INFO  L156       PredicateUnifier]: Initialized classic predicate unifier
[2026-07-04 07:17:39,114 INFO  L85        PathProgramCache]: Analyzing trace with hash -1444174852, now seen corresponding path program 1 times
[2026-07-04 07:17:39,114 INFO  L118   FreeRefinementEngine]: Executing refinement strategy FIXED_PREFERENCES
[2026-07-04 07:17:39,114 INFO  L324   FreeRefinementEngine]: Using trace check IpTcStrategyModulePreferences [36279420]
[2026-07-04 07:17:39,114 INFO  L97    rtionOrderModulation]: Keeping assertion order NOT_INCREMENTALLY
[2026-07-04 07:17:39,114 INFO  L173          SolverBuilder]: Constructing external solver with command: z3 SMTLIB2_COMPLIANT=true -memory:2024 -smt2 -in
[2026-07-04 07:17:39,115 INFO  L189       MonitoredProcess]: No working directory specified, using /usr/bin/z3
[2026-07-04 07:17:39,117 INFO  L229       MonitoredProcess]: Starting monitored process 22 with /usr/bin/z3 SMTLIB2_COMPLIANT=true -memory:2024 -smt2 -in (exit command is (exit), workingDir is null)
[2026-07-04 07:17:39,131 INFO  L327       MonitoredProcess]: [MP /usr/bin/z3 SMTLIB2_COMPLIANT=true -memory:2024 -smt2 -in (22)] Waiting until timeout for monitored process
[2026-07-04 07:17:39,228 INFO  L108    AnnotateAndAsserter]: Assert order NOT_INCREMENTALLY partitioned 115 statements into 1 equivalence classes.
[2026-07-04 07:17:39,274 INFO  L111    AnnotateAndAsserter]: Assert order NOT_INCREMENTALLY issued 1 check-sat command(s) and asserted 115 of 115 statements.
[2026-07-04 07:17:39,274 INFO  L114    AnnotateAndAsserter]: Assert order NOT_INCREMENTALLY issued 1 check-sat command(s)
[2026-07-04 07:17:39,274 INFO  L115    AnnotateAndAsserter]: Conjunction of SSA is unsat
[2026-07-04 07:17:39,277 INFO  L256         TraceCheckSpWp]: Trace formula consists of 894 conjuncts, 2 conjuncts are in the unsatisfiable core
[2026-07-04 07:17:39,279 INFO  L279         TraceCheckSpWp]: Computing forward predicates...
[2026-07-04 07:17:39,294 INFO  L134       CoverageAnalysis]: Checked inductivity of 0 backedges. 0 proven. 0 refuted. 0 times theorem prover too weak. 0 trivial. 0 not checked.
[2026-07-04 07:17:39,294 INFO  L312         TraceCheckSpWp]: Computing backward predicates...
[2026-07-04 07:17:39,326 INFO  L134       CoverageAnalysis]: Checked inductivity of 0 backedges. 0 proven. 0 refuted. 0 times theorem prover too weak. 0 trivial. 0 not checked.
[2026-07-04 07:17:39,327 INFO  L136   FreeRefinementEngine]: Strategy FIXED_PREFERENCES found an infeasible trace
[2026-07-04 07:17:39,327 INFO  L324   FreeRefinementEngine]: Using interpolant generator IpTcStrategyModulePreferences [36279420]
[2026-07-04 07:17:39,327 INFO  L158   FreeRefinementEngine]: IpTcStrategyModulePreferences [36279420] provided 2 perfect and 0 imperfect interpolant sequences
[2026-07-04 07:17:39,327 INFO  L185   FreeRefinementEngine]: Found 2 perfect and 0 imperfect interpolant sequences.
[2026-07-04 07:17:39,327 INFO  L198   FreeRefinementEngine]: Number of different interpolants: perfect sequences [3, 3] imperfect sequences [] total 3
[2026-07-04 07:17:39,327 INFO  L121   tionRefinementEngine]: Using interpolant automaton builder IpAbStrategyModuleStraightlineAll [1425937958]
[2026-07-04 07:17:39,327 INFO  L85    oduleStraightlineAll]: Using 2 perfect interpolants to construct interpolant automaton
[2026-07-04 07:17:39,327 INFO  L567      AbstractCegarLoop]: INTERPOLANT automaton has 3 states
[2026-07-04 07:17:39,327 INFO  L100   FreeRefinementEngine]: Using predicate unifier PredicateUnifier provided by strategy FIXED_PREFERENCES
[2026-07-04 07:17:39,327 INFO  L144   InterpolantAutomaton]: Constructing interpolant automaton starting with 3 interpolants.
[2026-07-04 07:17:39,327 INFO  L146   InterpolantAutomaton]: CoverageRelationStatistics Valid=3, Invalid=3, Unknown=0, NotChecked=0, Total=6
[2026-07-04 07:17:39,327 INFO  L87              Difference]: Start difference. First operand 196 states and 242 transitions. Second operand  has 3 states, 3 states have (on average 36.333333333333336) internal successors, (109), 3 states have internal predecessors, (109), 2 states have call successors, (5), 2 states have call predecessors, (5), 2 states have return successors, (5), 2 states have call predecessors, (5), 2 states have call successors, (5)
[2026-07-04 07:17:39,356 INFO  L144             Difference]: Subtrahend was deterministic. Have not used determinization.
[2026-07-04 07:17:39,356 INFO  L93              Difference]: Finished difference Result 263 states and 329 transitions.
[2026-07-04 07:17:39,357 INFO  L140   InterpolantAutomaton]: Switched to read-only mode: deterministic interpolant automaton has 3 states. 
[2026-07-04 07:17:39,357 INFO  L79                 Accepts]: Start accepts. Automaton has  has 3 states, 3 states have (on average 36.333333333333336) internal successors, (109), 3 states have internal predecessors, (109), 2 states have call successors, (5), 2 states have call predecessors, (5), 2 states have return successors, (5), 2 states have call predecessors, (5), 2 states have call successors, (5) Word has length 115
[2026-07-04 07:17:39,357 INFO  L85                 Accepts]: Finished accepts. some prefix is accepted.
[2026-07-04 07:17:39,358 INFO  L225             Difference]: With dead ends: 263
[2026-07-04 07:17:39,358 INFO  L226             Difference]: Without dead ends: 191
[2026-07-04 07:17:39,358 INFO  L425           NwaCegarLoop]: 0 DeclaredPredicates, 228 GetRequests, 227 SyntacticMatches, 0 SemanticMatches, 1 ConstructedPredicates, 0 IntricatePredicates, 0 DeprecatedPredicates, 0 ImplicationChecksByTransitivity, 0.0s TimeCoverageRelationStatistics Valid=3, Invalid=3, Unknown=0, NotChecked=0, Total=6
[2026-07-04 07:17:39,358 INFO  L426           NwaCegarLoop]: 189 mSDtfsCounter, 51 mSDsluCounter, 133 mSDsCounter, 0 mSdLazyCounter, 4 mSolverCounterSat, 1 mSolverCounterUnsat, 0 mSolverCounterUnknown, 0 mSolverCounterNotChecked, 0.0s Time, 0 mProtectedPredicate, 0 mProtectedAction, 51 SdHoareTripleChecker+Valid, 322 SdHoareTripleChecker+Invalid, 5 SdHoareTripleChecker+Unknown, 0 SdHoareTripleChecker+Unchecked, 0.0s SdHoareTripleChecker+Time, 1 IncrementalHoareTripleChecker+Valid, 4 IncrementalHoareTripleChecker+Invalid, 0 IncrementalHoareTripleChecker+Unknown, 0 IncrementalHoareTripleChecker+Unchecked, 0.0s IncrementalHoareTripleChecker+Time
[2026-07-04 07:17:39,358 INFO  L427           NwaCegarLoop]: SdHoareTripleChecker [51 Valid, 322 Invalid, 5 Unknown, 0 Unchecked, 0.0s Time], IncrementalHoareTripleChecker [1 Valid, 4 Invalid, 0 Unknown, 0 Unchecked, 0.0s Time]
[2026-07-04 07:17:39,360 INFO  L82        GeneralOperation]: Start minimizeSevpa. Operand 191 states.
[2026-07-04 07:17:39,375 INFO  L88        GeneralOperation]: Finished minimizeSevpa. Reduced states from 191 to 191.
[2026-07-04 07:17:39,375 INFO  L82        GeneralOperation]: Start removeUnreachable. Operand  has 191 states, 176 states have (on average 1.25) internal successors, (220), 178 states have internal predecessors, (220), 6 states have call successors, (6), 6 states have call predecessors, (6), 8 states have return successors, (9), 6 states have call predecessors, (9), 6 states have call successors, (9)
[2026-07-04 07:17:39,380 INFO  L88        GeneralOperation]: Finished removeUnreachable. Reduced from 191 states to 191 states and 235 transitions.
[2026-07-04 07:17:39,380 INFO  L79                 Accepts]: Start accepts. Automaton has 191 states and 235 transitions. Word has length 115
[2026-07-04 07:17:39,380 INFO  L85                 Accepts]: Finished accepts. word is rejected.
[2026-07-04 07:17:39,380 INFO  L490      AbstractCegarLoop]: Abstraction has 191 states and 235 transitions.
[2026-07-04 07:17:39,380 INFO  L491      AbstractCegarLoop]: INTERPOLANT automaton has  has 3 states, 3 states have (on average 36.333333333333336) internal successors, (109), 3 states have internal predecessors, (109), 2 states have call successors, (5), 2 states have call predecessors, (5), 2 states have return successors, (5), 2 states have call predecessors, (5), 2 states have call successors, (5)
[2026-07-04 07:17:39,380 INFO  L278                IsEmpty]: Start isEmpty. Operand 191 states and 235 transitions.
[2026-07-04 07:17:39,381 INFO  L284                IsEmpty]: Finished isEmpty. Found accepting run of length 119
[2026-07-04 07:17:39,381 INFO  L199           NwaCegarLoop]: Found error trace
[2026-07-04 07:17:39,381 INFO  L207           NwaCegarLoop]: trace histogram [1, 1, 1, 1, 1, 1, 1, 1, 1, 1, 1, 1, 1, 1, 1, 1, 1, 1, 1, 1, 1, 1, 1, 1, 1, 1, 1, 1, 1, 1, 1, 1, 1, 1, 1, 1, 1, 1, 1, 1, 1, 1, 1, 1, 1, 1, 1, 1, 1, 1, 1, 1, 1, 1, 1, 1, 1, 1, 1, 1, 1, 1, 1, 1, 1, 1, 1, 1, 1, 1, 1, 1, 1, 1, 1, 1, 1, 1, 1, 1, 1, 1, 1, 1, 1, 1, 1, 1, 1, 1, 1, 1, 1, 1, 1, 1, 1, 1, 1, 1, 1, 1, 1, 1, 1, 1, 1, 1, 1, 1, 1, 1, 1, 1, 1, 1, 1, 1]
[2026-07-04 07:17:39,389 INFO  L546       MonitoredProcess]: [MP /usr/bin/z3 SMTLIB2_COMPLIANT=true -memory:2024 -smt2 -in (22)] Ended with exit code 0
[2026-07-04 07:17:39,583 WARN  L471      AbstractCegarLoop]: Destroyed unattended storables created during the last iteration: 22 /usr/bin/z3 SMTLIB2_COMPLIANT=true -memory:2024 -smt2 -in
[2026-07-04 07:17:39,584 INFO  L408      AbstractCegarLoop]: === Iteration 22 === Targeting ULTIMATE.startErr0ASSERT_VIOLATIONASSERT === [ULTIMATE.startErr0ASSERT_VIOLATIONASSERT] ===
[2026-07-04 07:17:39,584 INFO  L156       PredicateUnifier]: Initialized classic predicate unifier
[2026-07-04 07:17:39,584 INFO  L85        PathProgramCache]: Analyzing trace with hash -1857957027, now seen corresponding path program 1 times
[2026-07-04 07:17:39,584 INFO  L118   FreeRefinementEngine]: Executing refinement strategy FIXED_PREFERENCES
[2026-07-04 07:17:39,587 INFO  L324   FreeRefinementEngine]: Using trace check IpTcStrategyModulePreferences [337960226]
[2026-07-04 07:17:39,587 INFO  L97    rtionOrderModulation]: Keeping assertion order NOT_INCREMENTALLY
[2026-07-04 07:17:39,587 INFO  L173          SolverBuilder]: Constructing external solver with command: z3 SMTLIB2_COMPLIANT=true -memory:2024 -smt2 -in
[2026-07-04 07:17:39,589 INFO  L189       MonitoredProcess]: No working directory specified, using /usr/bin/z3
[2026-07-04 07:17:39,590 INFO  L229       MonitoredProcess]: Starting monitored process 23 with /usr/bin/z3 SMTLIB2_COMPLIANT=true -memory:2024 -smt2 -in (exit command is (exit), workingDir is null)
[2026-07-04 07:17:39,593 INFO  L327       MonitoredProcess]: [MP /usr/bin/z3 SMTLIB2_COMPLIANT=true -memory:2024 -smt2 -in (23)] Waiting until timeout for monitored process
[2026-07-04 07:17:39,709 INFO  L108    AnnotateAndAsserter]: Assert order NOT_INCREMENTALLY partitioned 118 statements into 1 equivalence classes.
[2026-07-04 07:17:39,764 INFO  L111    AnnotateAndAsserter]: Assert order NOT_INCREMENTALLY issued 1 check-sat command(s) and asserted 118 of 118 statements.
[2026-07-04 07:17:39,764 INFO  L114    AnnotateAndAsserter]: Assert order NOT_INCREMENTALLY issued 1 check-sat command(s)
[2026-07-04 07:17:39,764 INFO  L115    AnnotateAndAsserter]: Conjunction of SSA is unsat
[2026-07-04 07:17:39,769 INFO  L256         TraceCheckSpWp]: Trace formula consists of 940 conjuncts, 3 conjuncts are in the unsatisfiable core
[2026-07-04 07:17:39,770 INFO  L279         TraceCheckSpWp]: Computing forward predicates...
[2026-07-04 07:17:39,802 INFO  L134       CoverageAnalysis]: Checked inductivity of 0 backedges. 0 proven. 0 refuted. 0 times theorem prover too weak. 0 trivial. 0 not checked.
[2026-07-04 07:17:39,802 INFO  L312         TraceCheckSpWp]: Computing backward predicates...
[2026-07-04 07:17:39,843 INFO  L134       CoverageAnalysis]: Checked inductivity of 0 backedges. 0 proven. 0 refuted. 0 times theorem prover too weak. 0 trivial. 0 not checked.
[2026-07-04 07:17:39,843 INFO  L136   FreeRefinementEngine]: Strategy FIXED_PREFERENCES found an infeasible trace
[2026-07-04 07:17:39,843 INFO  L324   FreeRefinementEngine]: Using interpolant generator IpTcStrategyModulePreferences [337960226]
[2026-07-04 07:17:39,843 INFO  L158   FreeRefinementEngine]: IpTcStrategyModulePreferences [337960226] provided 2 perfect and 0 imperfect interpolant sequences
[2026-07-04 07:17:39,843 INFO  L185   FreeRefinementEngine]: Found 2 perfect and 0 imperfect interpolant sequences.
[2026-07-04 07:17:39,843 INFO  L198   FreeRefinementEngine]: Number of different interpolants: perfect sequences [3, 3] imperfect sequences [] total 4
[2026-07-04 07:17:39,844 INFO  L121   tionRefinementEngine]: Using interpolant automaton builder IpAbStrategyModuleStraightlineAll [669345339]
[2026-07-04 07:17:39,844 INFO  L85    oduleStraightlineAll]: Using 2 perfect interpolants to construct interpolant automaton
[2026-07-04 07:17:39,844 INFO  L567      AbstractCegarLoop]: INTERPOLANT automaton has 4 states
[2026-07-04 07:17:39,844 INFO  L100   FreeRefinementEngine]: Using predicate unifier PredicateUnifier provided by strategy FIXED_PREFERENCES
[2026-07-04 07:17:39,845 INFO  L144   InterpolantAutomaton]: Constructing interpolant automaton starting with 4 interpolants.
[2026-07-04 07:17:39,845 INFO  L146   InterpolantAutomaton]: CoverageRelationStatistics Valid=6, Invalid=6, Unknown=0, NotChecked=0, Total=12
[2026-07-04 07:17:39,845 INFO  L87              Difference]: Start difference. First operand 191 states and 235 transitions. Second operand  has 4 states, 4 states have (on average 30.5) internal successors, (122), 4 states have internal predecessors, (122), 2 states have call successors, (5), 2 states have call predecessors, (5), 2 states have return successors, (5), 2 states have call predecessors, (5), 2 states have call successors, (5)
[2026-07-04 07:17:39,857 INFO  L144             Difference]: Subtrahend was deterministic. Have not used determinization.
[2026-07-04 07:17:39,857 INFO  L93              Difference]: Finished difference Result 191 states and 235 transitions.
[2026-07-04 07:17:39,864 INFO  L140   InterpolantAutomaton]: Switched to read-only mode: deterministic interpolant automaton has 3 states. 
[2026-07-04 07:17:39,864 INFO  L79                 Accepts]: Start accepts. Automaton has  has 4 states, 4 states have (on average 30.5) internal successors, (122), 4 states have internal predecessors, (122), 2 states have call successors, (5), 2 states have call predecessors, (5), 2 states have return successors, (5), 2 states have call predecessors, (5), 2 states have call successors, (5) Word has length 118
[2026-07-04 07:17:39,865 INFO  L85                 Accepts]: Finished accepts. some prefix is accepted.
[2026-07-04 07:17:39,865 INFO  L225             Difference]: With dead ends: 191
[2026-07-04 07:17:39,865 INFO  L226             Difference]: Without dead ends: 0
[2026-07-04 07:17:39,865 INFO  L425           NwaCegarLoop]: 0 DeclaredPredicates, 234 GetRequests, 232 SyntacticMatches, 0 SemanticMatches, 2 ConstructedPredicates, 0 IntricatePredicates, 0 DeprecatedPredicates, 0 ImplicationChecksByTransitivity, 0.0s TimeCoverageRelationStatistics Valid=6, Invalid=6, Unknown=0, NotChecked=0, Total=12
[2026-07-04 07:17:39,867 INFO  L426           NwaCegarLoop]: 135 mSDtfsCounter, 121 mSDsluCounter, 8 mSDsCounter, 0 mSdLazyCounter, 0 mSolverCounterSat, 1 mSolverCounterUnsat, 0 mSolverCounterUnknown, 0 mSolverCounterNotChecked, 0.0s Time, 0 mProtectedPredicate, 0 mProtectedAction, 121 SdHoareTripleChecker+Valid, 143 SdHoareTripleChecker+Invalid, 1 SdHoareTripleChecker+Unknown, 0 SdHoareTripleChecker+Unchecked, 0.0s SdHoareTripleChecker+Time, 1 IncrementalHoareTripleChecker+Valid, 0 IncrementalHoareTripleChecker+Invalid, 0 IncrementalHoareTripleChecker+Unknown, 0 IncrementalHoareTripleChecker+Unchecked, 0.0s IncrementalHoareTripleChecker+Time
[2026-07-04 07:17:39,867 INFO  L427           NwaCegarLoop]: SdHoareTripleChecker [121 Valid, 143 Invalid, 1 Unknown, 0 Unchecked, 0.0s Time], IncrementalHoareTripleChecker [1 Valid, 0 Invalid, 0 Unknown, 0 Unchecked, 0.0s Time]
[2026-07-04 07:17:39,867 INFO  L82        GeneralOperation]: Start minimizeSevpa. Operand 0 states.
[2026-07-04 07:17:39,867 INFO  L88        GeneralOperation]: Finished minimizeSevpa. Reduced states from 0 to 0.
[2026-07-04 07:17:39,867 INFO  L82        GeneralOperation]: Start removeUnreachable. Operand  has 0 states, 0 states have (on average 0.0) internal successors, (0), 0 states have internal predecessors, (0), 0 states have call successors, (0), 0 states have call predecessors, (0), 0 states have return successors, (0), 0 states have call predecessors, (0), 0 states have call successors, (0)
[2026-07-04 07:17:39,867 INFO  L88        GeneralOperation]: Finished removeUnreachable. Reduced from 0 states to 0 states and 0 transitions.
[2026-07-04 07:17:39,867 INFO  L79                 Accepts]: Start accepts. Automaton has 0 states and 0 transitions. Word has length 118
[2026-07-04 07:17:39,867 INFO  L85                 Accepts]: Finished accepts. word is rejected.
[2026-07-04 07:17:39,867 INFO  L490      AbstractCegarLoop]: Abstraction has 0 states and 0 transitions.
[2026-07-04 07:17:39,867 INFO  L491      AbstractCegarLoop]: INTERPOLANT automaton has  has 4 states, 4 states have (on average 30.5) internal successors, (122), 4 states have internal predecessors, (122), 2 states have call successors, (5), 2 states have call predecessors, (5), 2 states have return successors, (5), 2 states have call predecessors, (5), 2 states have call successors, (5)
[2026-07-04 07:17:39,867 INFO  L278                IsEmpty]: Start isEmpty. Operand 0 states and 0 transitions.
[2026-07-04 07:17:39,869 INFO  L284                IsEmpty]: Finished isEmpty. No accepting run.
[2026-07-04 07:17:39,876 INFO  L795   garLoopResultBuilder]: Registering result SAFE for location ULTIMATE.startErr0ASSERT_VIOLATIONASSERT (0 of 1 remaining)
[2026-07-04 07:17:39,893 INFO  L546       MonitoredProcess]: [MP /usr/bin/z3 SMTLIB2_COMPLIANT=true -memory:2024 -smt2 -in (23)] Ended with exit code 0
[2026-07-04 07:17:40,077 WARN  L471      AbstractCegarLoop]: Destroyed unattended storables created during the last iteration: 23 /usr/bin/z3 SMTLIB2_COMPLIANT=true -memory:2024 -smt2 -in
[2026-07-04 07:17:40,080 INFO  L424         BasicCegarLoop]: Path program histogram: [1, 1, 1, 1, 1, 1, 1, 1, 1, 1, 1, 1, 1, 1, 1, 1, 1, 1, 1, 1, 1, 1]
[2026-07-04 07:17:40,081 INFO  L312    DoubleDeckerVisitor]: Before removal of dead ends 0 states and 0 transitions.
[2026-07-04 07:17:46,453 INFO  L171   ceAbstractionStarter]: Computing trace abstraction results
[2026-07-04 07:17:46,587 WARN  L161        FloydHoareUtils]: Requires clause for s2_mainProcedure contained old-variable. Original clause: (and (= |old(s2_hdr.nc_hdr.op)| (_ bv12 8)) (= (bvadd (_ bv1 16) (select |old(s2_sequence_reg)| (_ bv0 32))) s1_hdr.nc_hdr.seq) (= (_ bv101 16) s2_meta.my_md.role) (= (_ bv167797762 32) s1_hdr.ipv4.dstAddr) (= s2_hdr.nc_hdr.op (_ bv12 8)) (= (_ bv17 8) s1_hdr.ipv4.protocol) (= (_ bv101 16) |old(s2_meta.my_md.role)|) (= (_ bv167797762 32) s2_hdr.ipv4.dstAddr) (= (_ bv167797762 32) |old(s2_hdr.ipv4.dstAddr)|) (= (concat (_ bv0 16) |old(s2_meta.location.index)|) (_ bv0 32)) (= s2_hdr.ethernet.etherType (_ bv2048 16)) (= s1_hdr.udp.dstPort (_ bv8888 16)) (bvugt |old(s2_hdr.nc_hdr.seq)| (select |old(s2_sequence_reg)| (concat (_ bv0 16) (_ bv0 16)))) (= (_ bv0 32) (concat (_ bv0 16) s1_meta.location.index)) (= |old(s2_sequence_reg)| s2_sequence_reg) (= s1_hdr.nc_hdr.seq s2_hdr.nc_hdr.seq) (bvule.bv16 (bvadd s1_sequence_reg__last0_value (_ bv65535 16)) (_ bv65534 16)) (= (_ bv100 16) s1_meta.my_md.role) (= s2_inbox_count 0) (= (_ bv12 8) s1_hdr.nc_hdr.op) (not (= s1_standard_metadata.egress_port (_ bv0 9))) (= s1_inbox_count 0) (= s1_hdr.ethernet.etherType (_ bv2048 16)) (= (_ bv0 32) (concat (_ bv0 16) s2_meta.location.index)) (= |old(s2_hdr.nc_hdr.seq)| s1_hdr.nc_hdr.seq))  Eliminated clause: (and (= (_ bv101 16) s2_meta.my_md.role) (= (_ bv167797762 32) s1_hdr.ipv4.dstAddr) (= s2_hdr.nc_hdr.op (_ bv12 8)) (= (_ bv17 8) s1_hdr.ipv4.protocol) (= (_ bv167797762 32) s2_hdr.ipv4.dstAddr) (bvugt s1_hdr.nc_hdr.seq (select s2_sequence_reg (concat (_ bv0 16) (_ bv0 16)))) (= s1_hdr.nc_hdr.seq (bvadd (_ bv1 16) (select s2_sequence_reg (_ bv0 32)))) (exists ((|old(s2_meta.location.index)| (_ BitVec 16))) (= (concat (_ bv0 16) |old(s2_meta.location.index)|) (_ bv0 32))) (= s2_hdr.ethernet.etherType (_ bv2048 16)) (= s1_hdr.udp.dstPort (_ bv8888 16)) (= (_ bv0 32) (concat (_ bv0 16) s1_meta.location.index)) (= s1_hdr.nc_hdr.seq s2_hdr.nc_hdr.seq) (bvule.bv16 (bvadd s1_sequence_reg__last0_value (_ bv65535 16)) (_ bv65534 16)) (= (_ bv100 16) s1_meta.my_md.role) (= s2_inbox_count 0) (= (_ bv12 8) s1_hdr.nc_hdr.op) (not (= s1_standard_metadata.egress_port (_ bv0 9))) (= s1_inbox_count 0) (= s1_hdr.ethernet.etherType (_ bv2048 16)) (= (_ bv0 32) (concat (_ bv0 16) s2_meta.location.index)))
[2026-07-04 07:17:46,617 WARN  L161        FloydHoareUtils]: Requires clause for s1_Forward contained old-variable. Original clause: (let ((.cse0 (select s2_sequence_reg (_ bv0 32)))) (and (= (_ bv101 16) s2_meta.my_md.role) (= s1_sequence_reg__last0_value s1_hdr.nc_hdr.seq) (= s2_hdr.nc_hdr.op |old(s2_hdr.nc_hdr.op)|) (= (_ bv167797762 32) s1_hdr.ipv4.dstAddr) (= (_ bv17 8) s1_hdr.ipv4.protocol) (= s1_hdr.nc_hdr.seq (bvadd (_ bv1 16) .cse0)) (= s1_hdr.udp.dstPort (_ bv8888 16)) (= s2_hdr.ipv4.dstAddr |old(s2_hdr.ipv4.dstAddr)|) (= (_ bv0 32) (concat (_ bv0 16) s1_meta.location.index)) (= |old(s2_hdr.nc_hdr.seq)| s2_hdr.nc_hdr.seq) (= (_ bv100 16) s1_meta.my_md.role) (bvule.bv16 .cse0 (_ bv65534 16)) (= s2_inbox_count 0) (= (_ bv12 8) s1_hdr.nc_hdr.op) (not (= s1_standard_metadata.egress_port (_ bv0 9))) (= s1_inbox_count 0) (= s1_hdr.ethernet.etherType (_ bv2048 16)) (= (_ bv0 32) (concat (_ bv0 16) s2_meta.location.index)) (= |old(s2_inbox_count)| 0)))  Eliminated clause: (let ((.cse0 (select s2_sequence_reg (_ bv0 32)))) (and (= (_ bv101 16) s2_meta.my_md.role) (= s1_sequence_reg__last0_value s1_hdr.nc_hdr.seq) (= (_ bv167797762 32) s1_hdr.ipv4.dstAddr) (= (_ bv17 8) s1_hdr.ipv4.protocol) (= s1_hdr.nc_hdr.seq (bvadd (_ bv1 16) .cse0)) (= s1_hdr.udp.dstPort (_ bv8888 16)) (= (_ bv0 32) (concat (_ bv0 16) s1_meta.location.index)) (= (_ bv100 16) s1_meta.my_md.role) (bvule.bv16 .cse0 (_ bv65534 16)) (= s2_inbox_count 0) (= (_ bv12 8) s1_hdr.nc_hdr.op) (not (= s1_standard_metadata.egress_port (_ bv0 9))) (= s1_inbox_count 0) (= s1_hdr.ethernet.etherType (_ bv2048 16)) (= (_ bv0 32) (concat (_ bv0 16) s2_meta.location.index))))
[2026-07-04 07:17:46,631 WARN  L161        FloydHoareUtils]: Requires clause for s1_mainProcedure contained old-variable. Original clause: (let ((.cse0 (select s2_sequence_reg (_ bv0 32)))) (and (= |old(s1_hdr.nc_hdr.op)| (_ bv12 8)) (= (_ bv101 16) s2_meta.my_md.role) (= (_ bv167797762 32) s1_hdr.overlay.1.swip) (= (_ bv17 8) s1_hdr.ipv4.protocol) (= (_ bv167797761 32) s1_hdr.ipv4.dstAddr) (= .cse0 (select |old(s1_sequence_reg)| (_ bv0 32))) (= (_ bv167797762 32) |old(s1_hdr.overlay.1.swip)|) (= s1_sequence_reg |old(s1_sequence_reg)|) (not (= |old(s1_standard_metadata.egress_port)| (_ bv0 9))) (= |old(s1_hdr.ipv4.dstAddr)| (_ bv167797761 32)) (bvule.bv16 .cse0 (_ bv65534 16)) (= s2_inbox_count 0) (= (_ bv12 8) s1_hdr.nc_hdr.op) (not (= s1_standard_metadata.egress_port (_ bv0 9))) (= s1_inbox_count 0) (= (_ bv17 8) |old(s1_hdr.ipv4.protocol)|) (= s1_hdr.ethernet.etherType (_ bv2048 16)) (= (_ bv0 32) (concat (_ bv0 16) s2_meta.location.index))))  Eliminated clause: (let ((.cse0 (select s2_sequence_reg (_ bv0 32)))) (and (= (_ bv101 16) s2_meta.my_md.role) (= (_ bv167797762 32) s1_hdr.overlay.1.swip) (= (_ bv17 8) s1_hdr.ipv4.protocol) (= (_ bv167797761 32) s1_hdr.ipv4.dstAddr) (= (select s1_sequence_reg (_ bv0 32)) .cse0) (bvule.bv16 .cse0 (_ bv65534 16)) (= s2_inbox_count 0) (= (_ bv12 8) s1_hdr.nc_hdr.op) (not (= s1_standard_metadata.egress_port (_ bv0 9))) (= s1_inbox_count 0) (= s1_hdr.ethernet.etherType (_ bv2048 16)) (= (_ bv0 32) (concat (_ bv0 16) s2_meta.location.index))))
[2026-07-04 07:17:46,645 INFO  L201        PluginConnector]: Adding new model netchain_wraparound_bug.cegis.00.closure_check.bpl de.uni_freiburg.informatik.ultimate.plugins.generator.traceabstraction CFG 04.07 07:17:46 BoogieIcfgContainer
[2026-07-04 07:17:46,645 INFO  L131        PluginConnector]: ------------------------ END TraceAbstraction----------------------------
[2026-07-04 07:17:46,645 INFO  L158              Benchmark]: Toolchain (without parser) took 50284.67ms. Allocated memory is still 519.1MB. Free memory was 478.8MB in the beginning and 427.3MB in the end (delta: 51.5MB). Peak memory consumption was 137.1MB. Max. memory is 4.2GB.
[2026-07-04 07:17:46,646 INFO  L158              Benchmark]: Boogie PL CUP Parser took 0.09ms. Allocated memory is still 519.1MB. Free memory is still 487.4MB. There was no memory consumed. Max. memory is 4.2GB.
[2026-07-04 07:17:46,646 INFO  L158              Benchmark]: Boogie Procedure Inliner took 87.46ms. Allocated memory is still 519.1MB. Free memory was 478.8MB in the beginning and 474.5MB in the end (delta: 4.3MB). Peak memory consumption was 4.3MB. Max. memory is 4.2GB.
[2026-07-04 07:17:46,646 INFO  L158              Benchmark]: Boogie Preprocessor took 82.09ms. Allocated memory is still 519.1MB. Free memory was 474.5MB in the beginning and 471.7MB in the end (delta: 2.9MB). Peak memory consumption was 2.9MB. Max. memory is 4.2GB.
[2026-07-04 07:17:46,646 INFO  L158              Benchmark]: RCFGBuilder took 1317.10ms. Allocated memory is still 519.1MB. Free memory was 471.7MB in the beginning and 416.9MB in the end (delta: 54.8MB). Peak memory consumption was 54.8MB. Max. memory is 4.2GB.
[2026-07-04 07:17:46,646 INFO  L158              Benchmark]: TraceAbstraction took 48776.27ms. Allocated memory is still 519.1MB. Free memory was 416.9MB in the beginning and 427.3MB in the end (delta: -10.5MB). Peak memory consumption was 75.1MB. Max. memory is 4.2GB.
[2026-07-04 07:17:46,646 INFO  L338   ainManager$Toolchain]: #######################  End [Toolchain 1] #######################
 --- Results ---
 * Results from de.uni_freiburg.informatik.ultimate.core:
  - StatisticsResult: Toolchain Benchmarks
    Benchmark results are:
 * Boogie PL CUP Parser took 0.09ms. Allocated memory is still 519.1MB. Free memory is still 487.4MB. There was no memory consumed. Max. memory is 4.2GB.
 * Boogie Procedure Inliner took 87.46ms. Allocated memory is still 519.1MB. Free memory was 478.8MB in the beginning and 474.5MB in the end (delta: 4.3MB). Peak memory consumption was 4.3MB. Max. memory is 4.2GB.
 * Boogie Preprocessor took 82.09ms. Allocated memory is still 519.1MB. Free memory was 474.5MB in the beginning and 471.7MB in the end (delta: 2.9MB). Peak memory consumption was 2.9MB. Max. memory is 4.2GB.
 * RCFGBuilder took 1317.10ms. Allocated memory is still 519.1MB. Free memory was 471.7MB in the beginning and 416.9MB in the end (delta: 54.8MB). Peak memory consumption was 54.8MB. Max. memory is 4.2GB.
 * TraceAbstraction took 48776.27ms. Allocated memory is still 519.1MB. Free memory was 416.9MB in the beginning and 427.3MB in the end (delta: -10.5MB). Peak memory consumption was 75.1MB. Max. memory is 4.2GB.
 * Results from de.uni_freiburg.informatik.ultimate.plugins.generator.traceabstraction:
  - StatisticsResult: ErrorAutomatonStatistics
    NumberErrorTraces: 0, NumberStatementsAllTraces: 0, NumberRelevantStatements: 0, 0.0s ErrorAutomatonConstructionTimeTotal, 0.0s FaulLocalizationTime, NumberStatementsFirstTrace: -1, TraceLengthAvg: 0, 0.0s ErrorAutomatonConstructionTimeAvg, 0.0s ErrorAutomatonDifferenceTimeAvg, 0.0s ErrorAutomatonDifferenceTimeTotal, NumberOfNoEnhancement: 0, NumberOfFiniteEnhancement: 0, NumberOfInfiniteEnhancement: 0
  - PositiveResult [Line: 2447]: assertion always holds
    For all program executions holds that assertion always holds at this location
  - StatisticsResult: Ultimate Automizer benchmark data
    CFG has 5 procedures, 174 locations, 257 edges, 1 error locations. Started 1 CEGAR loops. OverallTime: 42.1s, OverallIterations: 22, TraceHistogramMax: 1, PathProgramHistogramMax: 1, EmptinessCheckTime: 0.0s, AutomataDifference: 20.7s, DeadEndRemovalTime: 0.0s, HoareAnnotationTime: 0.0s, InitialAbstractionConstructionTime: 0.0s, HoareTripleCheckerStatistics: 0 mSolverCounterUnknown, 9871 SdHoareTripleChecker+Valid, 16.5s IncrementalHoareTripleChecker+Time, 0 mSdLazyCounter, 9860 mSDsluCounter, 6331 SdHoareTripleChecker+Invalid, 14.9s Time, 0 mProtectedAction, 0 SdHoareTripleChecker+Unchecked, 0 IncrementalHoareTripleChecker+Unchecked, 2864 mSDsCounter, 335 IncrementalHoareTripleChecker+Valid, 0 mProtectedPredicate, 12730 IncrementalHoareTripleChecker+Invalid, 13065 SdHoareTripleChecker+Unknown, 0 mSolverCounterNotChecked, 335 mSolverCounterUnsat, 3467 mSDtfsCounter, 12730 mSolverCounterSat, 0.2s SdHoareTripleChecker+Time, 0 IncrementalHoareTripleChecker+Unknown, PredicateUnifierStatistics: 0 DeclaredPredicates, 3489 GetRequests, 3267 SyntacticMatches, 2 SemanticMatches, 220 ConstructedPredicates, 0 IntricatePredicates, 1 DeprecatedPredicates, 1669 ImplicationChecksByTransitivity, 7.2s Time, 0.0s BasicInterpolantAutomatonTime, BiggestAbstraction: size=198occurred in iteration=19, InterpolantAutomatonStates: 152, traceCheckStatistics: No data available, InterpolantConsolidationStatistics: No data available, PathInvariantsStatistics: No data available, 0/0 InterpolantCoveringCapability, TotalInterpolationStatistics: No data available, 0.0s DumpTime, AutomataMinimizationStatistics: 0.4s AutomataMinimizationTime, 22 MinimizatonAttempts, 715 StatesRemovedByMinimization, 11 NontrivialMinimizations, HoareAnnotationStatistics: No data available, RefinementEngineStatistics: TRACE_CHECK: 1.2s SsaConstructionTime, 1.5s SatisfiabilityAnalysisTime, 11.5s InterpolantComputationTime, 1723 NumberOfCodeBlocks, 1723 NumberOfCodeBlocksAsserted, 22 NumberOfCheckSat, 3402 ConstructedInterpolants, 42 QuantifiedInterpolants, 14149 SizeOfPredicates, 40 NumberOfNonLiveVariables, 15373 ConjunctsInSsa, 145 ConjunctsInUnsatCore, 44 InterpolantComputations, 44 PerfectInterpolantSequences, 0/0 InterpolantCoveringCapability, INVARIANT_SYNTHESIS: No data available, INTERPOLANT_CONSOLIDATION: No data available, ABSTRACT_INTERPRETATION: No data available, PDR: No data available, ACCELERATED_INTERPOLATION: No data available, SIFA: No data available, ReuseStatistics: No data available, ConComCheckerStatistics: No data available
  - AllSpecificationsHoldResult: All specifications hold
    1 specifications checked. All of them hold
  - ProcedureContractResult [Line: 1994]: Procedure Contract for s2_Forward
    Derived contract for procedure s2_Forward. Requires: (((((((((((((((167797762bv32 == s1_hdr.ipv4.dstAddr && 17bv8 == s2_hdr.ipv4.protocol) && 17bv8 == s1_hdr.ipv4.protocol) && 8888bv16 == s2_hdr.udp.dstPort) && s2_hdr.ethernet.etherType == 2048bv16) && s1_hdr.udp.dstPort == 8888bv16) && s2_hdr.nc_hdr.op != 10bv8) && 0bv32 == 0bv16 ++ s1_meta.location.index) && bvule.bv16(add.bv16(s1_sequence_reg__last0_value, 65535bv16), 65534bv16)) && s1_sequence_reg__last0_value == s2_sequence_reg__last0_value) && 100bv16 == s1_meta.my_md.role) && s2_inbox_count == 0) && 12bv8 == s1_hdr.nc_hdr.op) && s1_standard_metadata.egress_port != 0bv9) && s1_inbox_count == 0) && !bugt.bv16(s2_hdr.nc_hdr.seq, s2_sequence_reg[0bv16 ++ 0bv16])) && s1_hdr.ethernet.etherType == 2048bv16. Ensures: (((((((((((((((167797762bv32 == s1_hdr.ipv4.dstAddr && 17bv8 == s2_hdr.ipv4.protocol) && 17bv8 == s1_hdr.ipv4.protocol) && 8888bv16 == s2_hdr.udp.dstPort) && s2_hdr.ethernet.etherType == 2048bv16) && s1_hdr.udp.dstPort == 8888bv16) && s2_hdr.nc_hdr.op != 10bv8) && 0bv32 == 0bv16 ++ s1_meta.location.index) && bvule.bv16(add.bv16(s1_sequence_reg__last0_value, 65535bv16), 65534bv16)) && s1_sequence_reg__last0_value == s2_sequence_reg__last0_value) && 100bv16 == s1_meta.my_md.role) && s2_inbox_count == 0) && 12bv8 == s1_hdr.nc_hdr.op) && s1_standard_metadata.egress_port != 0bv9) && s1_inbox_count == 0) && !bugt.bv16(s2_hdr.nc_hdr.seq, s2_sequence_reg[0bv16 ++ 0bv16])) && s1_hdr.ethernet.etherType == 2048bv16. Modifies: [].
  - ProcedureContractResult [Line: 1716]: Procedure Contract for s2_mainProcedure
    Derived contract for procedure s2_mainProcedure. Requires: ((((((((((((((((((101bv16 == s2_meta.my_md.role && 167797762bv32 == s1_hdr.ipv4.dstAddr) && s2_hdr.nc_hdr.op == 12bv8) && 17bv8 == s1_hdr.ipv4.protocol) && 167797762bv32 == s2_hdr.ipv4.dstAddr) && bugt.bv16(s1_hdr.nc_hdr.seq, s2_sequence_reg[0bv16 ++ 0bv16])) && s1_hdr.nc_hdr.seq == add.bv16(1bv16, s2_sequence_reg[0bv32])) && (exists old(s2_meta.location.index) : bv16 :: 0bv16 ++ old_s2_meta.location.index_ == 0bv32)) && s2_hdr.ethernet.etherType == 2048bv16) && s1_hdr.udp.dstPort == 8888bv16) && 0bv32 == 0bv16 ++ s1_meta.location.index) && s1_hdr.nc_hdr.seq == s2_hdr.nc_hdr.seq) && bvule.bv16(add.bv16(s1_sequence_reg__last0_value, 65535bv16), 65534bv16)) && 100bv16 == s1_meta.my_md.role) && s2_inbox_count == 0) && 12bv8 == s1_hdr.nc_hdr.op) && s1_standard_metadata.egress_port != 0bv9) && s1_inbox_count == 0) && s1_hdr.ethernet.etherType == 2048bv16) && 0bv32 == 0bv16 ++ s2_meta.location.index. Ensures: (((((((((((((((((((((((((old(s2_hdr.nc_hdr.op) == 12bv8 && add.bv16(1bv16, old(s2_sequence_reg)[0bv32]) == s1_hdr.nc_hdr.seq) && 167797762bv32 == s1_hdr.ipv4.dstAddr) && 17bv8 == s2_hdr.ipv4.protocol) && 17bv8 == s1_hdr.ipv4.protocol) && 8888bv16 == s2_hdr.udp.dstPort) && 101bv16 == old(s2_meta.my_md.role)) && 167797762bv32 == old(s2_hdr.ipv4.dstAddr)) && s2_meta.sequence_md.seq == old(s2_sequence_reg)[0bv16 ++ 0bv16]) && 0bv16 ++ old(s2_meta.location.index) == 0bv32) && s2_hdr.ethernet.etherType == 2048bv16) && s1_hdr.udp.dstPort == 8888bv16) && bugt.bv16(old(s2_hdr.nc_hdr.seq), old(s2_sequence_reg)[0bv16 ++ 0bv16])) && s2_hdr.nc_hdr.op != 10bv8) && 0bv32 == 0bv16 ++ s1_meta.location.index) && old(s2_hdr.nc_hdr.seq) == s2_hdr.nc_hdr.seq) && bvule.bv16(add.bv16(s1_sequence_reg__last0_value, 65535bv16), 65534bv16)) && 100bv16 == s1_meta.my_md.role) && s2_inbox_count == 0) && 12bv8 == s1_hdr.nc_hdr.op) && s1_standard_metadata.egress_port != 0bv9) && s1_inbox_count == 0) && !bugt.bv16(s2_hdr.nc_hdr.seq, s2_sequence_reg[0bv16 ++ 0bv16])) && 100bv16 != s2_meta.my_md.role) && s2_sequence_reg__last0_value == s2_hdr.nc_hdr.seq) && s1_hdr.ethernet.etherType == 2048bv16) && old(s2_hdr.nc_hdr.seq) == s1_hdr.nc_hdr.seq. Modifies: [s2_standard_metadata.egress_port, s2_get_my_address.get_my_address_act.sw_role, s2_hdr.overlay.7.swip, s2_find_index.action_run, s2_p4b_checksum_error, s2_hdr.overlay.1.swip, s2_hdr.ipv4.srcAddr, s2_assign_value.action_run, s2_pop_chain.hit, s2_ethernet_set_mac.ethernet_set_mac_act.smac, s2_p4b_digest, s2_hdr.udp.dstPort, s2_p4b_checksum_updated, s2_drop_packet.action_run, s2_hdr.overlay.9.valid, s2_p4b_checksum_verified, s2_hdr.overlay.0.swip, s2_hdr.overlay.6.valid, s2_find_index.hit, s2_sequence_reg__last_value, s2_sequence_reg, s2_gen_reply.gen_reply_act.message_type, s2_hdr.overlay.6.swip, s2_sequence_reg__last0_value, s2_p4b_clone_i2i, s2_hdr.ipv4.protocol, s2_get_my_address.get_my_address_act.sw_ip, s2_p4b_clone_i2e, s2_hdr.nc_hdr.seq, s2_meta.location.index, s2_hdr.nc_hdr.key, s2_hdr.overlay.0.valid, s2_drop, s2_ethernet_set_mac.hit, s2_hdr.overlay.3.valid, s2_ethernet_set_mac.ethernet_set_mac_act.dmac, s2_p4b_clone_e2e, s2_forward, s2_stack.index, s2_sequence_reg__last_index, s2_sequence_reg__last_write_site, s2_maintain_sequence.action_run, s2_ipv4_route.hit, s2_hdr.overlay.7.valid, s2_drop_packet.hit, s2_gen_reply.action_run, s2_maintain_sequence.hit, s2_get_next_hop.hit, s2_get_my_address.action_run, s2_hdr.overlay.4.swip, s2_hdr.overlay.4.valid, s2_pop_chain.action_run, s2_standard_metadata.egress_spec, s2_get_my_address.hit, s2_get_next_hop.action_run, s2_get_sequence.hit, s2_hdr.ipv4.dstAddr, s2_isValid, s2_meta.sequence_md.seq, s2_get_sequence.action_run, s2_gen_reply.hit, s2_hdr.overlay.3.swip, s2_sequence_reg__wrote_any, s2_hdr.overlay.1.valid, s2_ipv4_route.set_egress.egress_spec_1, s2_meta.my_md.role, s2_sequence_reg__last0_old_value, s2_hdr.overlay.5.valid, s2_p4b_recirculate, s2_meta.reply_to_client_md.ipv4_srcAddr, s2_ipv4_route.action_run, s2_hdr.overlay.2.swip, s2_sequence_reg__wrote_index0, s2_meta.my_md.ipaddress, s2_meta.reply_to_client_md.ipv4_dstAddr, s2_hdr.overlay.8.valid, s2_sequence_reg__next_write_site, s2_hdr.overlay.5.swip, s2_assign_value.hit, s2_hdr.overlay.2.valid, s2_hdr.overlay.8.swip, s2_hdr.nc_hdr.op, s2_find_index.find_index_act.index_1, s2_sequence_reg__last_old_value, s2_ethernet_set_mac.action_run].
  - ProcedureContractResult [Line: 1981]: Procedure Contract for s1_Forward
    Derived contract for procedure s1_Forward. Requires: (((((((((((((101bv16 == s2_meta.my_md.role && s1_sequence_reg__last0_value == s1_hdr.nc_hdr.seq) && 167797762bv32 == s1_hdr.ipv4.dstAddr) && 17bv8 == s1_hdr.ipv4.protocol) && s1_hdr.nc_hdr.seq == add.bv16(1bv16, s2_sequence_reg[0bv32])) && s1_hdr.udp.dstPort == 8888bv16) && 0bv32 == 0bv16 ++ s1_meta.location.index) && 100bv16 == s1_meta.my_md.role) && bvule.bv16(s2_sequence_reg[0bv32], 65534bv16)) && s2_inbox_count == 0) && 12bv8 == s1_hdr.nc_hdr.op) && s1_standard_metadata.egress_port != 0bv9) && s1_inbox_count == 0) && s1_hdr.ethernet.etherType == 2048bv16) && 0bv32 == 0bv16 ++ s2_meta.location.index. Ensures: ((((((((((((((((((101bv16 == s2_meta.my_md.role && s1_sequence_reg__last0_value == s1_hdr.nc_hdr.seq) && 167797762bv32 == s1_hdr.ipv4.dstAddr) && s2_hdr.nc_hdr.op == 12bv8) && 17bv8 == s1_hdr.ipv4.protocol) && 167797762bv32 == s2_hdr.ipv4.dstAddr) && s1_hdr.nc_hdr.seq == add.bv16(1bv16, s2_sequence_reg[0bv32])) && s2_hdr.ethernet.etherType == 2048bv16) && s1_hdr.udp.dstPort == 8888bv16) && 0bv32 == 0bv16 ++ s1_meta.location.index) && s1_hdr.nc_hdr.seq == s2_hdr.nc_hdr.seq) && s2_inbox_count == 1) && 100bv16 == s1_meta.my_md.role) && bvule.bv16(s2_sequence_reg[0bv32], 65534bv16)) && 12bv8 == s1_hdr.nc_hdr.op) && s1_standard_metadata.egress_port != 0bv9) && s1_inbox_count == 0) && s1_hdr.ethernet.etherType == 2048bv16) && 0bv32 == 0bv16 ++ s2_meta.location.index) && old(s2_inbox_count) == 0. Modifies: [s2_hdr.overlay.4.swip, s2_hdr.nc_hdr.valid, s2_hdr.overlay.7.swip, s2_hdr.overlay.1.swip, s2_hdr.tcp.valid, s2_hdr.overlay.4.valid, s2_hdr.ipv4.srcAddr, s2_hdr.udp.valid, s2_hdr.ipv4.dstAddr, s2_hdr.udp.dstPort, s2_hdr.overlay.9.swip, s2_hdr.overlay.9.valid, s2_hdr.overlay.0.swip, s2_hdr.overlay.3.swip, s2_hdr.overlay.6.valid, s2_hdr.overlay.1.valid, s2_hdr.overlay.6.swip, s2_hdr.ipv4.protocol, s2_hdr.overlay.5.valid, s2_hdr.nc_hdr.key, s2_hdr.nc_hdr.seq, s2_hdr.overlay.0.valid, s2_pkt_external, s2_hdr.overlay.3.valid, s2_hdr.overlay.2.swip, s2_hdr.overlay.last.swip, s2_hdr.overlay.8.valid, s2_inbox_count, s2_hdr.overlay.7.valid, s2_hdr.overlay.5.swip, s2_hdr.ipv4.valid, s2_hdr.overlay.2.valid, s2_hdr.ethernet.etherType, s2_hdr.overlay.8.swip, s2_hdr.nc_hdr.op, s2_hdr.ethernet.valid].
  - ProcedureContractResult [Line: 791]: Procedure Contract for s1_mainProcedure
    Derived contract for procedure s1_mainProcedure. Requires: ((((((((((101bv16 == s2_meta.my_md.role && 167797762bv32 == s1_hdr.overlay.1.swip) && 17bv8 == s1_hdr.ipv4.protocol) && 167797761bv32 == s1_hdr.ipv4.dstAddr) && s1_sequence_reg[0bv32] == s2_sequence_reg[0bv32]) && bvule.bv16(s2_sequence_reg[0bv32], 65534bv16)) && s2_inbox_count == 0) && 12bv8 == s1_hdr.nc_hdr.op) && s1_standard_metadata.egress_port != 0bv9) && s1_inbox_count == 0) && s1_hdr.ethernet.etherType == 2048bv16) && 0bv32 == 0bv16 ++ s2_meta.location.index. Ensures: (((((((((((((((((((((old(s1_hdr.nc_hdr.op) == 12bv8 && 101bv16 == s2_meta.my_md.role) && s1_sequence_reg__last0_value == s1_hdr.nc_hdr.seq) && 167797762bv32 == s1_hdr.ipv4.dstAddr) && 167797762bv32 == s1_hdr.overlay.0.swip) && 17bv8 == s1_hdr.ipv4.protocol) && s2_sequence_reg[0bv32] == old(s1_sequence_reg)[0bv32]) && 167797762bv32 == old(s1_hdr.overlay.1.swip)) && s1_hdr.udp.dstPort == 8888bv16) && add.bv16(1bv16, old(s1_sequence_reg)[0bv16 ++ 0bv16]) == s1_hdr.nc_hdr.seq) && s1_sequence_reg == old(s1_sequence_reg)[0bv16 ++ 0bv16 := add.bv16(1bv16, old(s1_sequence_reg)[0bv16 ++ 0bv16])]) && 100bv16 == s1_meta.my_md.role) && old(s1_standard_metadata.egress_port) != 0bv9) && old(s1_hdr.ipv4.dstAddr) == 167797761bv32) && bvule.bv16(s2_sequence_reg[0bv32], 65534bv16)) && s2_inbox_count == 0) && 12bv8 == s1_hdr.nc_hdr.op) && s1_standard_metadata.egress_port != 0bv9) && s1_inbox_count == 0) && 17bv8 == old(s1_hdr.ipv4.protocol)) && s1_hdr.ethernet.etherType == 2048bv16) && 0bv32 == 0bv16 ++ s2_meta.location.index) && 0bv16 == s1_meta.location.index. Modifies: [s1_get_my_address.get_my_address_act.sw_role, s1_hdr.overlay.3.valid, s1_find_index.find_index_act.index_1, s1_drop, s1_get_my_address.get_my_address_act.sw_ip, s1_hdr.overlay.4.swip, s1_meta.reply_to_client_md.ipv4_dstAddr, s1_ethernet_set_mac.ethernet_set_mac_act.smac, s1_hdr.ipv4.protocol, s1_meta.location.index, s1_hdr.ipv4.srcAddr, s1_meta.my_md.ipaddress, s1_sequence_reg__wrote_any, s1_ipv4_route.set_egress.egress_spec_1, s1_hdr.overlay.0.valid, s1_stack.index, s1_get_my_address.hit, s1_sequence_reg__last_index, s1_find_index.action_run, s1_get_next_hop.action_run, s1_hdr.overlay.3.swip, s1_sequence_reg__last_write_site, s1_sequence_reg__wrote_index0, s1_ipv4_route.hit, s1_p4b_checksum_verified, s1_gen_reply.gen_reply_act.message_type, s1_sequence_reg__next_write_site, s1_hdr.overlay.4.valid, s1_get_sequence.action_run, s1_maintain_sequence.hit, s1_sequence_reg__last_old_value, s1_standard_metadata.egress_port, s1_hdr.udp.dstPort, s1_ethernet_set_mac.action_run, s1_pop_chain.action_run, s1_hdr.overlay.7.valid, s1_get_my_address.action_run, s1_sequence_reg__last0_value, s1_p4b_checksum_updated, s1_p4b_clone_e2e, s1_hdr.overlay.1.valid, s1_meta.my_md.role, s1_p4b_clone_i2i, s1_assign_value.hit, s1_p4b_clone_i2e, s1_maintain_sequence.action_run, s1_get_sequence.hit, s1_gen_reply.hit, s1_p4b_digest, s1_p4b_recirculate, s1_hdr.overlay.1.swip, s1_p4b_checksum_error, s1_hdr.overlay.8.valid, s1_sequence_reg__last0_old_value, s1_find_index.hit, s1_get_next_hop.hit, s1_hdr.overlay.7.swip, s1_hdr.ipv4.dstAddr, s1_ethernet_set_mac.hit, s1_sequence_reg__last_value, s1_hdr.nc_hdr.seq, s1_hdr.nc_hdr.key, s1_hdr.overlay.6.swip, s1_hdr.overlay.5.valid, s1_sequence_reg, s1_assign_value.action_run, s1_hdr.nc_hdr.op, s1_standard_metadata.egress_spec, s1_drop_packet.hit, s1_hdr.overlay.0.swip, s1_hdr.overlay.2.valid, s1_isValid, s1_gen_reply.action_run, s1_pop_chain.hit, s1_forward, s1_hdr.overlay.2.swip, s1_hdr.overlay.6.valid, s1_drop_packet.action_run, s1_hdr.overlay.8.swip, s1_hdr.overlay.5.swip, s1_meta.sequence_md.seq, s1_meta.reply_to_client_md.ipv4_srcAddr, s1_ipv4_route.action_run, s1_hdr.overlay.9.valid, s1_ethernet_set_mac.ethernet_set_mac_act.dmac].
RESULT: Ultimate proved your program to be correct!
[2026-07-04 07:17:46,716 INFO  L546       MonitoredProcess]: [MP /usr/bin/z3 SMTLIB2_COMPLIANT=true -memory:2024 -smt2 -in -t:2000 (1)] Ended with exit code 0
Received shutdown request...
