[RUN] taskset -c 0 nice -n 19 ionice -c 3 timeout 1200 /home/smy/p4-verify-camera-ready/.tmp/orphan-worktree-20260703-gemcutter/UGemCutter-linux/Ultimate --launcher.ini /home/smy/p4-verify-camera-ready/.tmp/procurator/verify/p4xos_bug/20260704-091208-4480/ultimate-home/witness/Ultimate.launcher.ini --core.toolchain.timeout.in.seconds=900 -tc /home/smy/p4-verify-camera-ready/src/dslc/toolchain/ultimate/toolchains/ReachSafety-Witness.xml -s /home/smy/p4-verify-camera-ready/src/dslc/toolchain/ultimate/settings/gemcutter/8g/ReachSafety-32bit-GemCutter-ALL-8g.epf -i /home/smy/p4-verify-camera-ready/.tmp/procurator/verify/p4xos_bug/20260704-091208-4480/p4xos_bug.bpl
Picked up JAVA_TOOL_OPTIONS: -Duser.home=/home/smy/p4-verify-camera-ready/.tmp/procurator/verify/p4xos_bug/20260704-091208-4480/ultimate-home/witness
WARNING: A terminally deprecated method in sun.misc.Unsafe has been called
WARNING: sun.misc.Unsafe::staticFieldOffset has been called by org.eclipse.osgi.internal.url.MultiplexingFactory (file:/home/smy/p4-verify-camera-ready/.tmp/orphan-worktree-20260703-gemcutter/UGemCutter-linux/plugins/org.eclipse.osgi_3.20.0.v20240509-1421.jar)
WARNING: Please consider reporting this to the maintainers of class org.eclipse.osgi.internal.url.MultiplexingFactory
WARNING: sun.misc.Unsafe::staticFieldOffset will be removed in a future release
WARNING: A restricted method in java.lang.Runtime has been called
WARNING: java.lang.Runtime::load has been called by org.eclipse.equinox.launcher.JNIBridge in an unnamed module (file:/home/smy/p4-verify-camera-ready/.tmp/orphan-worktree-20260703-gemcutter/UGemCutter-linux/plugins/org.eclipse.equinox.launcher_1.6.800.v20240513-1750.jar)
WARNING: Use --enable-native-access=ALL-UNNAMED to avoid a warning for callers in this module
WARNING: Restricted methods will be blocked in a future release unless native access is enabled

This is Ultimate 0.3.1-dev-35a8436538
[2026-07-04 09:13:11,008 INFO  L188        SettingsManager]: Resetting all preferences to default values...
[2026-07-04 09:13:11,087 INFO  L114        SettingsManager]: Loading settings from /home/smy/p4-verify-camera-ready/src/dslc/toolchain/ultimate/settings/gemcutter/8g/ReachSafety-32bit-GemCutter-ALL-8g.epf
[2026-07-04 09:13:11,104 WARN  L101        SettingsManager]: Preference file contains the following unknown settings:
[2026-07-04 09:13:11,105 WARN  L103        SettingsManager]:   * de.uni_freiburg.informatik.ultimate.core.Log level for class
[2026-07-04 09:13:11,132 INFO  L130        SettingsManager]: Preferences different from defaults after loading the file:
[2026-07-04 09:13:11,133 INFO  L151        SettingsManager]: Preferences of UltimateCore differ from their defaults:
[2026-07-04 09:13:11,133 INFO  L153        SettingsManager]:  * Log level for class=de.uni_freiburg.informatik.ultimate.lib.smtlibutils.quantifier.QuantifierPusher=ERROR;
[2026-07-04 09:13:11,133 INFO  L151        SettingsManager]: Preferences of Boogie Procedure Inliner differ from their defaults:
[2026-07-04 09:13:11,133 INFO  L153        SettingsManager]:  * Ignore calls to procedures called more than once=ONLY_FOR_SEQUENTIAL_PROGRAMS
[2026-07-04 09:13:11,133 INFO  L151        SettingsManager]: Preferences of BlockEncodingV2 differ from their defaults:
[2026-07-04 09:13:11,133 INFO  L153        SettingsManager]:  * Create parallel compositions if possible=false
[2026-07-04 09:13:11,133 INFO  L153        SettingsManager]:  * Use SBE=true
[2026-07-04 09:13:11,133 INFO  L151        SettingsManager]: Preferences of CACSL2BoogieTranslator differ from their defaults:
[2026-07-04 09:13:11,133 INFO  L153        SettingsManager]:  * sizeof long=4
[2026-07-04 09:13:11,133 INFO  L153        SettingsManager]:  * Overapproximate operations on floating types=true
[2026-07-04 09:13:11,133 INFO  L153        SettingsManager]:  * sizeof POINTER=4
[2026-07-04 09:13:11,133 INFO  L153        SettingsManager]:  * Check division by zero=IGNORE
[2026-07-04 09:13:11,133 INFO  L153        SettingsManager]:  * If two pointers are subtracted or compared they have the same base address=IGNORE
[2026-07-04 09:13:11,134 INFO  L153        SettingsManager]:  * Pointer dereference validity=IGNORE
[2026-07-04 09:13:11,134 INFO  L153        SettingsManager]:  * sizeof long double=12
[2026-07-04 09:13:11,134 INFO  L153        SettingsManager]:  * Check if freed pointer was valid=false
[2026-07-04 09:13:11,134 INFO  L153        SettingsManager]:  * Use constant arrays=true
[2026-07-04 09:13:11,134 INFO  L151        SettingsManager]: Preferences of RCFGBuilder differ from their defaults:
[2026-07-04 09:13:11,134 INFO  L153        SettingsManager]:  * Size of a code block=SequenceOfStatements
[2026-07-04 09:13:11,134 INFO  L153        SettingsManager]:  * SMT solver=External_DefaultMode
[2026-07-04 09:13:11,134 INFO  L153        SettingsManager]:  * Command for external solver=z3 SMTLIB2_COMPLIANT=true -memory:8192 -smt2 -in -t:2000
[2026-07-04 09:13:11,134 INFO  L151        SettingsManager]: Preferences of TraceAbstraction differ from their defaults:
[2026-07-04 09:13:11,134 INFO  L153        SettingsManager]:  * Compute Interpolants along a Counterexample=FPandBP
[2026-07-04 09:13:11,134 INFO  L153        SettingsManager]:  * Positions where we compute the Hoare Annotation=LoopHeads
[2026-07-04 09:13:11,134 INFO  L153        SettingsManager]:  * DFS Order used in POR=LOOP_LOCKSTEP
[2026-07-04 09:13:11,134 INFO  L153        SettingsManager]:  * Command for external solver=z3 SMTLIB2_COMPLIANT=true -memory:8192 -smt2 -in
[2026-07-04 09:13:11,134 INFO  L153        SettingsManager]:  * Automaton type used in concurrency analysis=PARTIAL_ORDER_FA
[2026-07-04 09:13:11,134 INFO  L153        SettingsManager]:  * CEGAR restart behaviour=ONE_CEGAR_PER_THREAD_INSTANCE
[2026-07-04 09:13:11,134 INFO  L153        SettingsManager]:  * Partial Order Reduction in concurrent analysis=PERSISTENT_SLEEP_NEW_STATES_FIXEDORDER
[2026-07-04 09:13:11,134 INFO  L153        SettingsManager]:  * SMT solver=External_ModelsAndUnsatCoreMode
Applying setting for plugin de.uni_freiburg.informatik.ultimate.core: Toolchain timeout in seconds -> 900
[2026-07-04 09:13:11,711 INFO  L75    nceAwareModelManager]: Repository-Root is: /tmp
[2026-07-04 09:13:11,725 INFO  L261   ainManager$Toolchain]: [Toolchain 1]: Applicable parser(s) successfully (re)initialized
[2026-07-04 09:13:11,726 INFO  L217   ainManager$Toolchain]: [Toolchain 1]: Toolchain selected.
[2026-07-04 09:13:11,727 INFO  L270        PluginConnector]: Initializing Boogie PL CUP Parser...
[2026-07-04 09:13:11,736 INFO  L274        PluginConnector]: Boogie PL CUP Parser initialized
[2026-07-04 09:13:11,737 INFO  L431   ainManager$Toolchain]: [Toolchain 1]: Parsing single file: /home/smy/p4-verify-camera-ready/.tmp/procurator/verify/p4xos_bug/20260704-091208-4480/p4xos_bug.bpl
[2026-07-04 09:13:11,737 INFO  L110           BoogieParser]: Parsing: '/home/smy/p4-verify-camera-ready/.tmp/procurator/verify/p4xos_bug/20260704-091208-4480/p4xos_bug.bpl'
[2026-07-04 09:13:11,889 INFO  L299   ainManager$Toolchain]: ####################### [Toolchain 1] #######################
[2026-07-04 09:13:11,900 INFO  L133        ToolchainWalker]: Walking toolchain with 5 elements.
[2026-07-04 09:13:11,904 INFO  L112        PluginConnector]: ------------------------Boogie Procedure Inliner----------------------------
[2026-07-04 09:13:11,904 INFO  L270        PluginConnector]: Initializing Boogie Procedure Inliner...
[2026-07-04 09:13:11,904 INFO  L274        PluginConnector]: Boogie Procedure Inliner initialized
[2026-07-04 09:13:11,929 INFO  L184        PluginConnector]: Executing the observer TypeChecker from plugin Boogie Procedure Inliner for "p4xos_bug.bpl de.uni_freiburg.informatik.ultimate.boogie.parser AST 04.07 09:13:11" (1/1) ...
[2026-07-04 09:13:11,991 INFO  L184        PluginConnector]: Executing the observer Inliner from plugin Boogie Procedure Inliner for "p4xos_bug.bpl de.uni_freiburg.informatik.ultimate.boogie.parser AST 04.07 09:13:11" (1/1) ...
[2026-07-04 09:13:12,104 INFO  L138                Inliner]: procedures = 179, calls = 185, calls flagged for inlining = 121, calls inlined = 121, statements flattened = 2764
[2026-07-04 09:13:12,105 INFO  L131        PluginConnector]: ------------------------ END Boogie Procedure Inliner----------------------------
[2026-07-04 09:13:12,106 INFO  L112        PluginConnector]: ------------------------Boogie Preprocessor----------------------------
[2026-07-04 09:13:12,106 INFO  L270        PluginConnector]: Initializing Boogie Preprocessor...
[2026-07-04 09:13:12,106 INFO  L274        PluginConnector]: Boogie Preprocessor initialized
[2026-07-04 09:13:12,117 INFO  L184        PluginConnector]: Executing the observer EnsureBoogieModelObserver from plugin Boogie Preprocessor for "p4xos_bug.bpl de.uni_freiburg.informatik.ultimate.boogie.parser AST 04.07 09:13:11" (1/1) ...
[2026-07-04 09:13:12,117 INFO  L184        PluginConnector]: Executing the observer TypeChecker from plugin Boogie Preprocessor for "p4xos_bug.bpl de.uni_freiburg.informatik.ultimate.boogie.parser AST 04.07 09:13:11" (1/1) ...
[2026-07-04 09:13:12,133 INFO  L184        PluginConnector]: Executing the observer ConstExpander from plugin Boogie Preprocessor for "p4xos_bug.bpl de.uni_freiburg.informatik.ultimate.boogie.parser AST 04.07 09:13:11" (1/1) ...
[2026-07-04 09:13:12,133 INFO  L184        PluginConnector]: Executing the observer StructExpander from plugin Boogie Preprocessor for "p4xos_bug.bpl de.uni_freiburg.informatik.ultimate.boogie.parser AST 04.07 09:13:11" (1/1) ...
[2026-07-04 09:13:12,174 INFO  L184        PluginConnector]: Executing the observer ReplaceArrayAssignments from plugin Boogie Preprocessor for "p4xos_bug.bpl de.uni_freiburg.informatik.ultimate.boogie.parser AST 04.07 09:13:11" (1/1) ...
[2026-07-04 09:13:12,185 INFO  L184        PluginConnector]: Executing the observer UnstructureCode from plugin Boogie Preprocessor for "p4xos_bug.bpl de.uni_freiburg.informatik.ultimate.boogie.parser AST 04.07 09:13:11" (1/1) ...
[2026-07-04 09:13:12,197 INFO  L184        PluginConnector]: Executing the observer FunctionInliner from plugin Boogie Preprocessor for "p4xos_bug.bpl de.uni_freiburg.informatik.ultimate.boogie.parser AST 04.07 09:13:11" (1/1) ...
[2026-07-04 09:13:12,231 INFO  L184        PluginConnector]: Executing the observer LTLStepAnnotator from plugin Boogie Preprocessor for "p4xos_bug.bpl de.uni_freiburg.informatik.ultimate.boogie.parser AST 04.07 09:13:11" (1/1) ...
[2026-07-04 09:13:12,235 INFO  L184        PluginConnector]: Executing the observer BoogieSymbolTableConstructor from plugin Boogie Preprocessor for "p4xos_bug.bpl de.uni_freiburg.informatik.ultimate.boogie.parser AST 04.07 09:13:11" (1/1) ...
[2026-07-04 09:13:12,268 INFO  L131        PluginConnector]: ------------------------ END Boogie Preprocessor----------------------------
[2026-07-04 09:13:12,269 INFO  L112        PluginConnector]: ------------------------RCFGBuilder----------------------------
[2026-07-04 09:13:12,269 INFO  L270        PluginConnector]: Initializing RCFGBuilder...
[2026-07-04 09:13:12,269 INFO  L274        PluginConnector]: RCFGBuilder initialized
[2026-07-04 09:13:12,276 INFO  L184        PluginConnector]: Executing the observer RCFGBuilderObserver from plugin RCFGBuilder for "p4xos_bug.bpl de.uni_freiburg.informatik.ultimate.boogie.parser AST 04.07 09:13:11" (1/1) ...
[2026-07-04 09:13:12,284 INFO  L173          SolverBuilder]: Constructing external solver with command: z3 SMTLIB2_COMPLIANT=true -memory:8192 -smt2 -in -t:2000
[2026-07-04 09:13:12,314 INFO  L189       MonitoredProcess]: No working directory specified, using /usr/bin/z3
[2026-07-04 09:13:12,332 INFO  L229       MonitoredProcess]: Starting monitored process 1 with /usr/bin/z3 SMTLIB2_COMPLIANT=true -memory:8192 -smt2 -in -t:2000 (exit command is (exit), workingDir is null)
[2026-07-04 09:13:12,341 INFO  L327       MonitoredProcess]: [MP /usr/bin/z3 SMTLIB2_COMPLIANT=true -memory:8192 -smt2 -in -t:2000 (1)] Waiting until timeout for monitored process
[2026-07-04 09:13:12,398 INFO  L124     BoogieDeclarations]: Specification and implementation of procedure learner_ingress_registerValue.write given in one single declaration
[2026-07-04 09:13:12,398 INFO  L130     BoogieDeclarations]: Found specification of procedure learner_ingress_registerValue.write
[2026-07-04 09:13:12,398 INFO  L138     BoogieDeclarations]: Found implementation of procedure learner_ingress_registerValue.write
[2026-07-04 09:13:12,398 INFO  L130     BoogieDeclarations]: Found specification of procedure learner_mark_to_drop
[2026-07-04 09:13:12,398 INFO  L124     BoogieDeclarations]: Specification and implementation of procedure leader_ingress_ctrlInstane.write given in one single declaration
[2026-07-04 09:13:12,398 INFO  L130     BoogieDeclarations]: Found specification of procedure leader_ingress_ctrlInstane.write
[2026-07-04 09:13:12,398 INFO  L138     BoogieDeclarations]: Found implementation of procedure leader_ingress_ctrlInstane.write
[2026-07-04 09:13:12,398 INFO  L130     BoogieDeclarations]: Found specification of procedure leader_reject
[2026-07-04 09:13:12,398 INFO  L124     BoogieDeclarations]: Specification and implementation of procedure acceptor2_ingress_registerRound.write given in one single declaration
[2026-07-04 09:13:12,398 INFO  L130     BoogieDeclarations]: Found specification of procedure acceptor2_ingress_registerRound.write
[2026-07-04 09:13:12,398 INFO  L138     BoogieDeclarations]: Found implementation of procedure acceptor2_ingress_registerRound.write
[2026-07-04 09:13:12,398 INFO  L124     BoogieDeclarations]: Specification and implementation of procedure learner_ingress_registerHistory2B.write given in one single declaration
[2026-07-04 09:13:12,398 INFO  L130     BoogieDeclarations]: Found specification of procedure learner_ingress_registerHistory2B.write
[2026-07-04 09:13:12,398 INFO  L138     BoogieDeclarations]: Found implementation of procedure learner_ingress_registerHistory2B.write
[2026-07-04 09:13:12,398 INFO  L130     BoogieDeclarations]: Found specification of procedure leader_mark_to_drop
[2026-07-04 09:13:12,398 INFO  L130     BoogieDeclarations]: Found specification of procedure acceptor1_reject
[2026-07-04 09:13:12,398 INFO  L130     BoogieDeclarations]: Found specification of procedure acceptor0_reject
[2026-07-04 09:13:12,398 INFO  L130     BoogieDeclarations]: Found specification of procedure learner_packet_in.extract
[2026-07-04 09:13:12,398 INFO  L124     BoogieDeclarations]: Specification and implementation of procedure acceptor0_ingress_registerRound.write given in one single declaration
[2026-07-04 09:13:12,398 INFO  L130     BoogieDeclarations]: Found specification of procedure acceptor0_ingress_registerRound.write
[2026-07-04 09:13:12,398 INFO  L138     BoogieDeclarations]: Found implementation of procedure acceptor0_ingress_registerRound.write
[2026-07-04 09:13:12,398 INFO  L130     BoogieDeclarations]: Found specification of procedure learner_reject
[2026-07-04 09:13:12,398 INFO  L124     BoogieDeclarations]: Specification and implementation of procedure learner_ingress_registerRound.write given in one single declaration
[2026-07-04 09:13:12,399 INFO  L130     BoogieDeclarations]: Found specification of procedure learner_ingress_registerRound.write
[2026-07-04 09:13:12,399 INFO  L138     BoogieDeclarations]: Found implementation of procedure learner_ingress_registerRound.write
[2026-07-04 09:13:12,399 INFO  L124     BoogieDeclarations]: Specification and implementation of procedure acceptor1_ingress_registerRound.write given in one single declaration
[2026-07-04 09:13:12,399 INFO  L130     BoogieDeclarations]: Found specification of procedure acceptor1_ingress_registerRound.write
[2026-07-04 09:13:12,399 INFO  L138     BoogieDeclarations]: Found implementation of procedure acceptor1_ingress_registerRound.write
[2026-07-04 09:13:12,399 INFO  L130     BoogieDeclarations]: Found specification of procedure acceptor1_mark_to_drop
[2026-07-04 09:13:12,399 INFO  L130     BoogieDeclarations]: Found specification of procedure acceptor0_packet_in.extract
[2026-07-04 09:13:12,399 INFO  L130     BoogieDeclarations]: Found specification of procedure acceptor1_packet_in.extract
[2026-07-04 09:13:12,399 INFO  L130     BoogieDeclarations]: Found specification of procedure acceptor2_packet_in.extract
[2026-07-04 09:13:12,399 INFO  L130     BoogieDeclarations]: Found specification of procedure acceptor2_reject
[2026-07-04 09:13:12,399 INFO  L124     BoogieDeclarations]: Specification and implementation of procedure ULTIMATE.start given in one single declaration
[2026-07-04 09:13:12,399 INFO  L130     BoogieDeclarations]: Found specification of procedure ULTIMATE.start
[2026-07-04 09:13:12,399 INFO  L138     BoogieDeclarations]: Found implementation of procedure ULTIMATE.start
[2026-07-04 09:13:12,399 INFO  L130     BoogieDeclarations]: Found specification of procedure leader_packet_in.extract
[2026-07-04 09:13:12,399 INFO  L130     BoogieDeclarations]: Found specification of procedure acceptor2_mark_to_drop
[2026-07-04 09:13:12,399 INFO  L130     BoogieDeclarations]: Found specification of procedure acceptor0_mark_to_drop
[2026-07-04 09:13:12,895 INFO  L234             CfgBuilder]: Building ICFG
[2026-07-04 09:13:12,900 INFO  L260             CfgBuilder]: Building CFG for each procedure with an implementation
[2026-07-04 09:13:18,254 INFO  L?                        ?]: Removed 28 outVars from TransFormulas that were not future-live.
[2026-07-04 09:13:18,254 INFO  L283             CfgBuilder]: Performing block encoding
[2026-07-04 09:13:18,286 INFO  L89      LargeBlockEncoding]: Applying CFG Large Block Encoding to ICFG that has 8 procedures, 370 locations, 520 edges, 0 initial locations, 1 loop locations, and 19 error locations.
[2026-07-04 09:13:18,302 INFO  L139     LargeBlockEncoding]: LargeBlockEncoding completed in 46 ms, with 0 straightline sequential compositions, 0 parallel compositions, 0 1:n/n:1 sequential compositions and 0 complex sequential compositions.
[2026-07-04 09:13:18,304 INFO  L307             CfgBuilder]: Using the 1 location(s) as analysis (start of procedure ULTIMATE.start)
[2026-07-04 09:13:18,304 INFO  L312             CfgBuilder]: Removed 1 assume(true) statements.
[2026-07-04 09:13:18,304 INFO  L314             CfgBuilder]: Constructed ICFG has 8 procedures, 370 locations, 520 edges, 1 initial locations, 1 loop locations, and 19 error locations.
[2026-07-04 09:13:18,304 INFO  L201        PluginConnector]: Adding new model p4xos_bug.bpl de.uni_freiburg.informatik.ultimate.plugins.generator.rcfgbuilder CFG 04.07 09:13:18 BoogieIcfgContainer
[2026-07-04 09:13:18,305 INFO  L131        PluginConnector]: ------------------------ END RCFGBuilder----------------------------
[2026-07-04 09:13:18,306 INFO  L112        PluginConnector]: ------------------------TraceAbstraction----------------------------
[2026-07-04 09:13:18,306 INFO  L270        PluginConnector]: Initializing TraceAbstraction...
[2026-07-04 09:13:18,317 INFO  L274        PluginConnector]: TraceAbstraction initialized
[2026-07-04 09:13:18,317 INFO  L184        PluginConnector]: Executing the observer TraceAbstractionObserver from plugin TraceAbstraction for "p4xos_bug.bpl de.uni_freiburg.informatik.ultimate.boogie.parser AST 04.07 09:13:11" (1/2) ...
[2026-07-04 09:13:18,317 INFO  L204        PluginConnector]: Invalid model from TraceAbstraction for observer de.uni_freiburg.informatik.ultimate.plugins.generator.traceabstraction.TraceAbstractionObserver@5712ba7f and model type p4xos_bug.bpl de.uni_freiburg.informatik.ultimate.plugins.generator.traceabstraction AST 04.07 09:13:18, skipping insertion in model container
[2026-07-04 09:13:18,318 INFO  L184        PluginConnector]: Executing the observer TraceAbstractionObserver from plugin TraceAbstraction for "p4xos_bug.bpl de.uni_freiburg.informatik.ultimate.plugins.generator.rcfgbuilder CFG 04.07 09:13:18" (2/2) ...
[2026-07-04 09:13:18,320 INFO  L128   eAbstractionObserver]: Analyzing ICFG p4xos_bug.bpl
[2026-07-04 09:13:18,334 INFO  L217   ceAbstractionStarter]: Automizer settings: Hoare:LoopHeads NWA Interpolation:FPandBP Determinization: PREDICATE_ABSTRACTION
[2026-07-04 09:13:18,335 INFO  L151   ceAbstractionStarter]: Applying trace abstraction to ICFG p4xos_bug.bpl that has 8 procedures, 370 locations, 520 edges, 1 initial locations, 1 loop locations, and 19 error locations.
[2026-07-04 09:13:18,336 WARN  L366   ceAbstractionStarter]: Program is not concurrent. Changing CEGAR restart behaviour to ONLY_ONE_CEGAR
[2026-07-04 09:13:18,473 INFO  L344      AbstractCegarLoop]: ======== Iteration 0 == of CEGAR loop == AllErrorsAtOnce ========
[2026-07-04 09:13:18,489 INFO  L345      AbstractCegarLoop]: Settings: SEPARATE_VIOLATION_CHECK=true, mInterprocedural=true, mMaxIterations=1000000, mWatchIteration=1000000, mArtifact=RCFG, mInterpolation=FPandBP, mInterpolantAutomaton=STRAIGHT_LINE, mDumpAutomata=false, mAutomataFormat=ATS_NUMERATE, mDumpPath=., mDeterminiation=PREDICATE_ABSTRACTION, mMinimize=MINIMIZE_SEVPA, mAutomataTypeConcurrency=PARTIAL_ORDER_FA, mHoareTripleChecks=INCREMENTAL, mHoareAnnotationPositions=LoopHeads, mDumpOnlyReuseAutomata=false, mLimitTraceHistogram=0, mErrorLocTimeLimit=0, mLimitPathProgramCount=0, mCollectInterpolantStatistics=true, mHeuristicEmptinessCheck=false, mHeuristicEmptinessCheckAStarHeuristic=ZERO, mHeuristicEmptinessCheckAStarHeuristicRandomSeed=1337, mHeuristicEmptinessCheckSmtFeatureScoringMethod=DAGSIZE, mSMTFeatureExtraction=false, mSMTFeatureExtractionDumpPath=., mOverrideInterpolantAutomaton=false, mMcrInterpolantMethod=WP, mPorIndependenceSettings=[Lde.uni_freiburg.informatik.ultimate.lib.tracecheckerutils.partialorder.independence.IndependenceSettings;@2c2c5c8d, mLbeIndependenceSettings=[IndependenceType=SEMANTIC, AbstractionType=NONE, UseConditional=false, UseSemiCommutativity=true, Solver=Z3, SolverTimeout=1000ms]
[2026-07-04 09:13:18,489 INFO  L346      AbstractCegarLoop]: Starting to check reachability of 19 error locations.
[2026-07-04 09:13:18,497 INFO  L278                IsEmpty]: Start isEmpty. Operand  has 370 states, 329 states have (on average 1.452887537993921) internal successors, (478), 348 states have internal predecessors, (478), 14 states have call successors, (14), 7 states have call predecessors, (14), 7 states have return successors, (14), 14 states have call predecessors, (14), 14 states have call successors, (14)
[2026-07-04 09:13:18,512 INFO  L284                IsEmpty]: Finished isEmpty. Found accepting run of length 15
[2026-07-04 09:13:18,512 INFO  L199           NwaCegarLoop]: Found error trace
[2026-07-04 09:13:18,513 INFO  L207           NwaCegarLoop]: trace histogram [1, 1, 1, 1, 1, 1, 1, 1, 1, 1, 1, 1, 1, 1]
[2026-07-04 09:13:18,513 INFO  L408      AbstractCegarLoop]: === Iteration 1 === Targeting ULTIMATE.startErr11ASSERT_VIOLATIONASSERT === [ULTIMATE.startErr0ASSERT_VIOLATIONASSERT, ULTIMATE.startErr1ASSERT_VIOLATIONASSERT, ULTIMATE.startErr2ASSERT_VIOLATIONASSERT (and 16 more)] ===
[2026-07-04 09:13:18,520 INFO  L156       PredicateUnifier]: Initialized classic predicate unifier
[2026-07-04 09:13:18,521 INFO  L85        PathProgramCache]: Analyzing trace with hash -1675881300, now seen corresponding path program 1 times
[2026-07-04 09:13:18,531 INFO  L118   FreeRefinementEngine]: Executing refinement strategy FIXED_PREFERENCES
[2026-07-04 09:13:18,531 INFO  L324   FreeRefinementEngine]: Using trace check IpTcStrategyModulePreferences [1988086837]
[2026-07-04 09:13:18,531 INFO  L97    rtionOrderModulation]: Keeping assertion order NOT_INCREMENTALLY
[2026-07-04 09:13:18,531 INFO  L173          SolverBuilder]: Constructing external solver with command: z3 SMTLIB2_COMPLIANT=true -memory:8192 -smt2 -in
[2026-07-04 09:13:18,533 INFO  L189       MonitoredProcess]: No working directory specified, using /usr/bin/z3
[2026-07-04 09:13:18,541 INFO  L229       MonitoredProcess]: Starting monitored process 2 with /usr/bin/z3 SMTLIB2_COMPLIANT=true -memory:8192 -smt2 -in (exit command is (exit), workingDir is null)
[2026-07-04 09:13:18,543 INFO  L327       MonitoredProcess]: [MP /usr/bin/z3 SMTLIB2_COMPLIANT=true -memory:8192 -smt2 -in (2)] Waiting until timeout for monitored process
[2026-07-04 09:13:19,039 INFO  L108    AnnotateAndAsserter]: Assert order NOT_INCREMENTALLY partitioned 14 statements into 1 equivalence classes.
[2026-07-04 09:13:19,080 INFO  L111    AnnotateAndAsserter]: Assert order NOT_INCREMENTALLY issued 1 check-sat command(s) and asserted 14 of 14 statements.
[2026-07-04 09:13:19,080 INFO  L114    AnnotateAndAsserter]: Assert order NOT_INCREMENTALLY issued 1 check-sat command(s)
[2026-07-04 09:13:19,081 INFO  L115    AnnotateAndAsserter]: Conjunction of SSA is unsat
[2026-07-04 09:13:19,090 INFO  L256         TraceCheckSpWp]: Trace formula consists of 29 conjuncts, 2 conjuncts are in the unsatisfiable core
[2026-07-04 09:13:19,103 INFO  L279         TraceCheckSpWp]: Computing forward predicates...
[2026-07-04 09:13:21,895 INFO  L134       CoverageAnalysis]: Checked inductivity of 0 backedges. 0 proven. 0 refuted. 0 times theorem prover too weak. 0 trivial. 0 not checked.
[2026-07-04 09:13:21,895 INFO  L312         TraceCheckSpWp]: Computing backward predicates...
[2026-07-04 09:13:21,920 INFO  L134       CoverageAnalysis]: Checked inductivity of 0 backedges. 0 proven. 0 refuted. 0 times theorem prover too weak. 0 trivial. 0 not checked.
[2026-07-04 09:13:21,921 INFO  L136   FreeRefinementEngine]: Strategy FIXED_PREFERENCES found an infeasible trace
[2026-07-04 09:13:21,921 INFO  L324   FreeRefinementEngine]: Using interpolant generator IpTcStrategyModulePreferences [1988086837]
[2026-07-04 09:13:21,921 INFO  L158   FreeRefinementEngine]: IpTcStrategyModulePreferences [1988086837] provided 2 perfect and 0 imperfect interpolant sequences
[2026-07-04 09:13:21,921 INFO  L185   FreeRefinementEngine]: Found 2 perfect and 0 imperfect interpolant sequences.
[2026-07-04 09:13:21,928 INFO  L198   FreeRefinementEngine]: Number of different interpolants: perfect sequences [2, 2] imperfect sequences [] total 3
[2026-07-04 09:13:21,929 INFO  L121   tionRefinementEngine]: Using interpolant automaton builder IpAbStrategyModuleStraightlineAll [890044579]
[2026-07-04 09:13:21,929 INFO  L85    oduleStraightlineAll]: Using 2 perfect interpolants to construct interpolant automaton
[2026-07-04 09:13:21,938 INFO  L567      AbstractCegarLoop]: INTERPOLANT automaton has 4 states
[2026-07-04 09:13:21,938 INFO  L100   FreeRefinementEngine]: Using predicate unifier PredicateUnifier provided by strategy FIXED_PREFERENCES
[2026-07-04 09:13:21,965 INFO  L144   InterpolantAutomaton]: Constructing interpolant automaton starting with 4 interpolants.
[2026-07-04 09:13:21,965 INFO  L146   InterpolantAutomaton]: CoverageRelationStatistics Valid=6, Invalid=6, Unknown=0, NotChecked=0, Total=12
[2026-07-04 09:13:21,972 INFO  L87              Difference]: Start difference. First operand  has 370 states, 329 states have (on average 1.452887537993921) internal successors, (478), 348 states have internal predecessors, (478), 14 states have call successors, (14), 7 states have call predecessors, (14), 7 states have return successors, (14), 14 states have call predecessors, (14), 14 states have call successors, (14) Second operand  has 4 states, 4 states have (on average 4.25) internal successors, (17), 3 states have internal predecessors, (17), 0 states have call successors, (0), 0 states have call predecessors, (0), 0 states have return successors, (0), 0 states have call predecessors, (0), 0 states have call successors, (0)
[2026-07-04 09:13:22,132 INFO  L144             Difference]: Subtrahend was deterministic. Have not used determinization.
[2026-07-04 09:13:22,133 INFO  L93              Difference]: Finished difference Result 1026 states and 1408 transitions.
[2026-07-04 09:13:22,142 INFO  L140   InterpolantAutomaton]: Switched to read-only mode: deterministic interpolant automaton has 3 states. 
[2026-07-04 09:13:22,144 INFO  L79                 Accepts]: Start accepts. Automaton has  has 4 states, 4 states have (on average 4.25) internal successors, (17), 3 states have internal predecessors, (17), 0 states have call successors, (0), 0 states have call predecessors, (0), 0 states have return successors, (0), 0 states have call predecessors, (0), 0 states have call successors, (0) Word has length 14
[2026-07-04 09:13:22,144 INFO  L85                 Accepts]: Finished accepts. some prefix is accepted.
[2026-07-04 09:13:22,157 INFO  L225             Difference]: With dead ends: 1026
[2026-07-04 09:13:22,157 INFO  L226             Difference]: Without dead ends: 657
[2026-07-04 09:13:22,168 INFO  L425           NwaCegarLoop]: 0 DeclaredPredicates, 26 GetRequests, 24 SyntacticMatches, 0 SemanticMatches, 2 ConstructedPredicates, 0 IntricatePredicates, 0 DeprecatedPredicates, 0 ImplicationChecksByTransitivity, 0.0s TimeCoverageRelationStatistics Valid=6, Invalid=6, Unknown=0, NotChecked=0, Total=12
[2026-07-04 09:13:22,169 INFO  L426           NwaCegarLoop]: 503 mSDtfsCounter, 395 mSDsluCounter, 992 mSDsCounter, 0 mSdLazyCounter, 13 mSolverCounterSat, 0 mSolverCounterUnsat, 0 mSolverCounterUnknown, 0 mSolverCounterNotChecked, 0.0s Time, 0 mProtectedPredicate, 0 mProtectedAction, 395 SdHoareTripleChecker+Valid, 1495 SdHoareTripleChecker+Invalid, 13 SdHoareTripleChecker+Unknown, 0 SdHoareTripleChecker+Unchecked, 0.0s SdHoareTripleChecker+Time, 0 IncrementalHoareTripleChecker+Valid, 13 IncrementalHoareTripleChecker+Invalid, 0 IncrementalHoareTripleChecker+Unknown, 0 IncrementalHoareTripleChecker+Unchecked, 0.1s IncrementalHoareTripleChecker+Time
[2026-07-04 09:13:22,169 INFO  L427           NwaCegarLoop]: SdHoareTripleChecker [395 Valid, 1495 Invalid, 13 Unknown, 0 Unchecked, 0.0s Time], IncrementalHoareTripleChecker [0 Valid, 13 Invalid, 0 Unknown, 0 Unchecked, 0.1s Time]
[2026-07-04 09:13:22,198 INFO  L82        GeneralOperation]: Start minimizeSevpa. Operand 657 states.
[2026-07-04 09:13:22,261 INFO  L88        GeneralOperation]: Finished minimizeSevpa. Reduced states from 657 to 642.
[2026-07-04 09:13:22,264 INFO  L82        GeneralOperation]: Start removeUnreachable. Operand  has 642 states, 584 states have (on average 1.452054794520548) internal successors, (848), 602 states have internal predecessors, (848), 26 states have call successors, (26), 13 states have call predecessors, (26), 13 states have return successors, (26), 26 states have call predecessors, (26), 26 states have call successors, (26)
[2026-07-04 09:13:22,266 INFO  L88        GeneralOperation]: Finished removeUnreachable. Reduced from 642 states to 642 states and 900 transitions.
[2026-07-04 09:13:22,276 INFO  L79                 Accepts]: Start accepts. Automaton has 642 states and 900 transitions. Word has length 14
[2026-07-04 09:13:22,276 INFO  L85                 Accepts]: Finished accepts. word is rejected.
[2026-07-04 09:13:22,277 INFO  L490      AbstractCegarLoop]: Abstraction has 642 states and 900 transitions.
[2026-07-04 09:13:22,277 INFO  L491      AbstractCegarLoop]: INTERPOLANT automaton has  has 4 states, 4 states have (on average 4.25) internal successors, (17), 3 states have internal predecessors, (17), 0 states have call successors, (0), 0 states have call predecessors, (0), 0 states have return successors, (0), 0 states have call predecessors, (0), 0 states have call successors, (0)
[2026-07-04 09:13:22,277 INFO  L278                IsEmpty]: Start isEmpty. Operand 642 states and 900 transitions.
[2026-07-04 09:13:22,278 INFO  L284                IsEmpty]: Finished isEmpty. Found accepting run of length 15
[2026-07-04 09:13:22,278 INFO  L199           NwaCegarLoop]: Found error trace
[2026-07-04 09:13:22,278 INFO  L207           NwaCegarLoop]: trace histogram [1, 1, 1, 1, 1, 1, 1, 1, 1, 1, 1, 1, 1, 1]
[2026-07-04 09:13:22,297 INFO  L534       MonitoredProcess]: [MP /usr/bin/z3 SMTLIB2_COMPLIANT=true -memory:8192 -smt2 -in (2)] Forceful destruction successful, exit code 0
[2026-07-04 09:13:22,482 WARN  L471      AbstractCegarLoop]: Destroyed unattended storables created during the last iteration: 2 /usr/bin/z3 SMTLIB2_COMPLIANT=true -memory:8192 -smt2 -in
[2026-07-04 09:13:22,483 INFO  L408      AbstractCegarLoop]: === Iteration 2 === Targeting ULTIMATE.startErr7ASSERT_VIOLATIONASSERT === [ULTIMATE.startErr0ASSERT_VIOLATIONASSERT, ULTIMATE.startErr1ASSERT_VIOLATIONASSERT, ULTIMATE.startErr2ASSERT_VIOLATIONASSERT (and 16 more)] ===
[2026-07-04 09:13:22,483 INFO  L156       PredicateUnifier]: Initialized classic predicate unifier
[2026-07-04 09:13:22,483 INFO  L85        PathProgramCache]: Analyzing trace with hash -1128420884, now seen corresponding path program 1 times
[2026-07-04 09:13:22,484 INFO  L118   FreeRefinementEngine]: Executing refinement strategy FIXED_PREFERENCES
[2026-07-04 09:13:22,484 INFO  L324   FreeRefinementEngine]: Using trace check IpTcStrategyModulePreferences [2036558616]
[2026-07-04 09:13:22,484 INFO  L97    rtionOrderModulation]: Keeping assertion order NOT_INCREMENTALLY
[2026-07-04 09:13:22,484 INFO  L173          SolverBuilder]: Constructing external solver with command: z3 SMTLIB2_COMPLIANT=true -memory:8192 -smt2 -in
[2026-07-04 09:13:22,485 INFO  L189       MonitoredProcess]: No working directory specified, using /usr/bin/z3
[2026-07-04 09:13:22,491 INFO  L229       MonitoredProcess]: Starting monitored process 3 with /usr/bin/z3 SMTLIB2_COMPLIANT=true -memory:8192 -smt2 -in (exit command is (exit), workingDir is null)
[2026-07-04 09:13:22,493 INFO  L327       MonitoredProcess]: [MP /usr/bin/z3 SMTLIB2_COMPLIANT=true -memory:8192 -smt2 -in (3)] Waiting until timeout for monitored process
[2026-07-04 09:13:22,853 INFO  L108    AnnotateAndAsserter]: Assert order NOT_INCREMENTALLY partitioned 14 statements into 1 equivalence classes.
[2026-07-04 09:13:22,887 INFO  L111    AnnotateAndAsserter]: Assert order NOT_INCREMENTALLY issued 1 check-sat command(s) and asserted 14 of 14 statements.
[2026-07-04 09:13:22,888 INFO  L114    AnnotateAndAsserter]: Assert order NOT_INCREMENTALLY issued 1 check-sat command(s)
[2026-07-04 09:13:22,888 INFO  L115    AnnotateAndAsserter]: Conjunction of SSA is unsat
[2026-07-04 09:13:22,895 INFO  L256         TraceCheckSpWp]: Trace formula consists of 29 conjuncts, 2 conjuncts are in the unsatisfiable core
[2026-07-04 09:13:22,898 INFO  L279         TraceCheckSpWp]: Computing forward predicates...
[2026-07-04 09:13:24,128 INFO  L134       CoverageAnalysis]: Checked inductivity of 0 backedges. 0 proven. 0 refuted. 0 times theorem prover too weak. 0 trivial. 0 not checked.
[2026-07-04 09:13:24,128 INFO  L312         TraceCheckSpWp]: Computing backward predicates...
[2026-07-04 09:13:24,147 INFO  L134       CoverageAnalysis]: Checked inductivity of 0 backedges. 0 proven. 0 refuted. 0 times theorem prover too weak. 0 trivial. 0 not checked.
[2026-07-04 09:13:24,147 INFO  L136   FreeRefinementEngine]: Strategy FIXED_PREFERENCES found an infeasible trace
[2026-07-04 09:13:24,147 INFO  L324   FreeRefinementEngine]: Using interpolant generator IpTcStrategyModulePreferences [2036558616]
[2026-07-04 09:13:24,147 INFO  L158   FreeRefinementEngine]: IpTcStrategyModulePreferences [2036558616] provided 2 perfect and 0 imperfect interpolant sequences
[2026-07-04 09:13:24,147 INFO  L185   FreeRefinementEngine]: Found 2 perfect and 0 imperfect interpolant sequences.
[2026-07-04 09:13:24,147 INFO  L198   FreeRefinementEngine]: Number of different interpolants: perfect sequences [2, 2] imperfect sequences [] total 3
[2026-07-04 09:13:24,148 INFO  L121   tionRefinementEngine]: Using interpolant automaton builder IpAbStrategyModuleStraightlineAll [1115841498]
[2026-07-04 09:13:24,148 INFO  L85    oduleStraightlineAll]: Using 2 perfect interpolants to construct interpolant automaton
[2026-07-04 09:13:24,148 INFO  L567      AbstractCegarLoop]: INTERPOLANT automaton has 4 states
[2026-07-04 09:13:24,148 INFO  L100   FreeRefinementEngine]: Using predicate unifier PredicateUnifier provided by strategy FIXED_PREFERENCES
[2026-07-04 09:13:24,149 INFO  L144   InterpolantAutomaton]: Constructing interpolant automaton starting with 4 interpolants.
[2026-07-04 09:13:24,149 INFO  L146   InterpolantAutomaton]: CoverageRelationStatistics Valid=6, Invalid=6, Unknown=0, NotChecked=0, Total=12
[2026-07-04 09:13:24,149 INFO  L87              Difference]: Start difference. First operand 642 states and 900 transitions. Second operand  has 4 states, 4 states have (on average 4.25) internal successors, (17), 3 states have internal predecessors, (17), 0 states have call successors, (0), 0 states have call predecessors, (0), 0 states have return successors, (0), 0 states have call predecessors, (0), 0 states have call successors, (0)
[2026-07-04 09:13:24,232 INFO  L144             Difference]: Subtrahend was deterministic. Have not used determinization.
[2026-07-04 09:13:24,232 INFO  L93              Difference]: Finished difference Result 1776 states and 2490 transitions.
[2026-07-04 09:13:24,239 INFO  L140   InterpolantAutomaton]: Switched to read-only mode: deterministic interpolant automaton has 3 states. 
[2026-07-04 09:13:24,240 INFO  L79                 Accepts]: Start accepts. Automaton has  has 4 states, 4 states have (on average 4.25) internal successors, (17), 3 states have internal predecessors, (17), 0 states have call successors, (0), 0 states have call predecessors, (0), 0 states have return successors, (0), 0 states have call predecessors, (0), 0 states have call successors, (0) Word has length 14
[2026-07-04 09:13:24,240 INFO  L85                 Accepts]: Finished accepts. some prefix is accepted.
[2026-07-04 09:13:24,243 INFO  L225             Difference]: With dead ends: 1776
[2026-07-04 09:13:24,243 INFO  L226             Difference]: Without dead ends: 1135
[2026-07-04 09:13:24,246 INFO  L425           NwaCegarLoop]: 0 DeclaredPredicates, 26 GetRequests, 24 SyntacticMatches, 0 SemanticMatches, 2 ConstructedPredicates, 0 IntricatePredicates, 0 DeprecatedPredicates, 0 ImplicationChecksByTransitivity, 0.0s TimeCoverageRelationStatistics Valid=6, Invalid=6, Unknown=0, NotChecked=0, Total=12
[2026-07-04 09:13:24,247 INFO  L426           NwaCegarLoop]: 502 mSDtfsCounter, 395 mSDsluCounter, 992 mSDsCounter, 0 mSdLazyCounter, 13 mSolverCounterSat, 0 mSolverCounterUnsat, 0 mSolverCounterUnknown, 0 mSolverCounterNotChecked, 0.0s Time, 0 mProtectedPredicate, 0 mProtectedAction, 395 SdHoareTripleChecker+Valid, 1494 SdHoareTripleChecker+Invalid, 13 SdHoareTripleChecker+Unknown, 0 SdHoareTripleChecker+Unchecked, 0.0s SdHoareTripleChecker+Time, 0 IncrementalHoareTripleChecker+Valid, 13 IncrementalHoareTripleChecker+Invalid, 0 IncrementalHoareTripleChecker+Unknown, 0 IncrementalHoareTripleChecker+Unchecked, 0.0s IncrementalHoareTripleChecker+Time
[2026-07-04 09:13:24,247 INFO  L427           NwaCegarLoop]: SdHoareTripleChecker [395 Valid, 1494 Invalid, 13 Unknown, 0 Unchecked, 0.0s Time], IncrementalHoareTripleChecker [0 Valid, 13 Invalid, 0 Unknown, 0 Unchecked, 0.0s Time]
[2026-07-04 09:13:24,247 INFO  L82        GeneralOperation]: Start minimizeSevpa. Operand 1135 states.
[2026-07-04 09:13:24,307 INFO  L88        GeneralOperation]: Finished minimizeSevpa. Reduced states from 1135 to 1120.
[2026-07-04 09:13:24,308 INFO  L82        GeneralOperation]: Start removeUnreachable. Operand  has 1120 states, 1029 states have (on average 1.4509232264334304) internal successors, (1493), 1047 states have internal predecessors, (1493), 48 states have call successors, (48), 24 states have call predecessors, (48), 24 states have return successors, (48), 48 states have call predecessors, (48), 48 states have call successors, (48)
[2026-07-04 09:13:24,310 INFO  L88        GeneralOperation]: Finished removeUnreachable. Reduced from 1120 states to 1120 states and 1589 transitions.
[2026-07-04 09:13:24,311 INFO  L79                 Accepts]: Start accepts. Automaton has 1120 states and 1589 transitions. Word has length 14
[2026-07-04 09:13:24,311 INFO  L85                 Accepts]: Finished accepts. word is rejected.
[2026-07-04 09:13:24,311 INFO  L490      AbstractCegarLoop]: Abstraction has 1120 states and 1589 transitions.
[2026-07-04 09:13:24,311 INFO  L491      AbstractCegarLoop]: INTERPOLANT automaton has  has 4 states, 4 states have (on average 4.25) internal successors, (17), 3 states have internal predecessors, (17), 0 states have call successors, (0), 0 states have call predecessors, (0), 0 states have return successors, (0), 0 states have call predecessors, (0), 0 states have call successors, (0)
[2026-07-04 09:13:24,311 INFO  L278                IsEmpty]: Start isEmpty. Operand 1120 states and 1589 transitions.
[2026-07-04 09:13:24,320 INFO  L284                IsEmpty]: Finished isEmpty. Found accepting run of length 15
[2026-07-04 09:13:24,320 INFO  L199           NwaCegarLoop]: Found error trace
[2026-07-04 09:13:24,320 INFO  L207           NwaCegarLoop]: trace histogram [1, 1, 1, 1, 1, 1, 1, 1, 1, 1, 1, 1, 1, 1]
[2026-07-04 09:13:24,333 INFO  L546       MonitoredProcess]: [MP /usr/bin/z3 SMTLIB2_COMPLIANT=true -memory:8192 -smt2 -in (3)] Ended with exit code 0
[2026-07-04 09:13:24,521 WARN  L471      AbstractCegarLoop]: Destroyed unattended storables created during the last iteration: 3 /usr/bin/z3 SMTLIB2_COMPLIANT=true -memory:8192 -smt2 -in
[2026-07-04 09:13:24,522 INFO  L408      AbstractCegarLoop]: === Iteration 3 === Targeting ULTIMATE.startErr3ASSERT_VIOLATIONASSERT === [ULTIMATE.startErr0ASSERT_VIOLATIONASSERT, ULTIMATE.startErr1ASSERT_VIOLATIONASSERT, ULTIMATE.startErr2ASSERT_VIOLATIONASSERT (and 16 more)] ===
[2026-07-04 09:13:24,522 INFO  L156       PredicateUnifier]: Initialized classic predicate unifier
[2026-07-04 09:13:24,522 INFO  L85        PathProgramCache]: Analyzing trace with hash -580960468, now seen corresponding path program 1 times
[2026-07-04 09:13:24,522 INFO  L118   FreeRefinementEngine]: Executing refinement strategy FIXED_PREFERENCES
[2026-07-04 09:13:24,522 INFO  L324   FreeRefinementEngine]: Using trace check IpTcStrategyModulePreferences [982677392]
[2026-07-04 09:13:24,522 INFO  L97    rtionOrderModulation]: Keeping assertion order NOT_INCREMENTALLY
[2026-07-04 09:13:24,522 INFO  L173          SolverBuilder]: Constructing external solver with command: z3 SMTLIB2_COMPLIANT=true -memory:8192 -smt2 -in
[2026-07-04 09:13:24,524 INFO  L189       MonitoredProcess]: No working directory specified, using /usr/bin/z3
[2026-07-04 09:13:24,534 INFO  L229       MonitoredProcess]: Starting monitored process 4 with /usr/bin/z3 SMTLIB2_COMPLIANT=true -memory:8192 -smt2 -in (exit command is (exit), workingDir is null)
[2026-07-04 09:13:24,536 INFO  L327       MonitoredProcess]: [MP /usr/bin/z3 SMTLIB2_COMPLIANT=true -memory:8192 -smt2 -in (4)] Waiting until timeout for monitored process
[2026-07-04 09:13:24,864 INFO  L108    AnnotateAndAsserter]: Assert order NOT_INCREMENTALLY partitioned 14 statements into 1 equivalence classes.
[2026-07-04 09:13:24,903 INFO  L111    AnnotateAndAsserter]: Assert order NOT_INCREMENTALLY issued 1 check-sat command(s) and asserted 14 of 14 statements.
[2026-07-04 09:13:24,904 INFO  L114    AnnotateAndAsserter]: Assert order NOT_INCREMENTALLY issued 1 check-sat command(s)
[2026-07-04 09:13:24,904 INFO  L115    AnnotateAndAsserter]: Conjunction of SSA is unsat
[2026-07-04 09:13:24,906 INFO  L256         TraceCheckSpWp]: Trace formula consists of 29 conjuncts, 2 conjuncts are in the unsatisfiable core
[2026-07-04 09:13:24,912 INFO  L279         TraceCheckSpWp]: Computing forward predicates...
[2026-07-04 09:13:26,116 INFO  L134       CoverageAnalysis]: Checked inductivity of 0 backedges. 0 proven. 0 refuted. 0 times theorem prover too weak. 0 trivial. 0 not checked.
[2026-07-04 09:13:26,116 INFO  L312         TraceCheckSpWp]: Computing backward predicates...
[2026-07-04 09:13:26,132 INFO  L134       CoverageAnalysis]: Checked inductivity of 0 backedges. 0 proven. 0 refuted. 0 times theorem prover too weak. 0 trivial. 0 not checked.
[2026-07-04 09:13:26,133 INFO  L136   FreeRefinementEngine]: Strategy FIXED_PREFERENCES found an infeasible trace
[2026-07-04 09:13:26,133 INFO  L324   FreeRefinementEngine]: Using interpolant generator IpTcStrategyModulePreferences [982677392]
[2026-07-04 09:13:26,133 INFO  L158   FreeRefinementEngine]: IpTcStrategyModulePreferences [982677392] provided 2 perfect and 0 imperfect interpolant sequences
[2026-07-04 09:13:26,133 INFO  L185   FreeRefinementEngine]: Found 2 perfect and 0 imperfect interpolant sequences.
[2026-07-04 09:13:26,133 INFO  L198   FreeRefinementEngine]: Number of different interpolants: perfect sequences [2, 2] imperfect sequences [] total 3
[2026-07-04 09:13:26,133 INFO  L121   tionRefinementEngine]: Using interpolant automaton builder IpAbStrategyModuleStraightlineAll [402132257]
[2026-07-04 09:13:26,133 INFO  L85    oduleStraightlineAll]: Using 2 perfect interpolants to construct interpolant automaton
[2026-07-04 09:13:26,134 INFO  L567      AbstractCegarLoop]: INTERPOLANT automaton has 4 states
[2026-07-04 09:13:26,134 INFO  L100   FreeRefinementEngine]: Using predicate unifier PredicateUnifier provided by strategy FIXED_PREFERENCES
[2026-07-04 09:13:26,139 INFO  L144   InterpolantAutomaton]: Constructing interpolant automaton starting with 4 interpolants.
[2026-07-04 09:13:26,140 INFO  L146   InterpolantAutomaton]: CoverageRelationStatistics Valid=6, Invalid=6, Unknown=0, NotChecked=0, Total=12
[2026-07-04 09:13:26,140 INFO  L87              Difference]: Start difference. First operand 1120 states and 1589 transitions. Second operand  has 4 states, 4 states have (on average 4.25) internal successors, (17), 3 states have internal predecessors, (17), 0 states have call successors, (0), 0 states have call predecessors, (0), 0 states have return successors, (0), 0 states have call predecessors, (0), 0 states have call successors, (0)
[2026-07-04 09:13:26,215 INFO  L144             Difference]: Subtrahend was deterministic. Have not used determinization.
[2026-07-04 09:13:26,219 INFO  L93              Difference]: Finished difference Result 3066 states and 4349 transitions.
[2026-07-04 09:13:26,220 INFO  L140   InterpolantAutomaton]: Switched to read-only mode: deterministic interpolant automaton has 3 states. 
[2026-07-04 09:13:26,220 INFO  L79                 Accepts]: Start accepts. Automaton has  has 4 states, 4 states have (on average 4.25) internal successors, (17), 3 states have internal predecessors, (17), 0 states have call successors, (0), 0 states have call predecessors, (0), 0 states have return successors, (0), 0 states have call predecessors, (0), 0 states have call successors, (0) Word has length 14
[2026-07-04 09:13:26,220 INFO  L85                 Accepts]: Finished accepts. some prefix is accepted.
[2026-07-04 09:13:26,231 INFO  L225             Difference]: With dead ends: 3066
[2026-07-04 09:13:26,231 INFO  L226             Difference]: Without dead ends: 1947
[2026-07-04 09:13:26,236 INFO  L425           NwaCegarLoop]: 0 DeclaredPredicates, 26 GetRequests, 24 SyntacticMatches, 0 SemanticMatches, 2 ConstructedPredicates, 0 IntricatePredicates, 0 DeprecatedPredicates, 0 ImplicationChecksByTransitivity, 0.0s TimeCoverageRelationStatistics Valid=6, Invalid=6, Unknown=0, NotChecked=0, Total=12
[2026-07-04 09:13:26,236 INFO  L426           NwaCegarLoop]: 502 mSDtfsCounter, 395 mSDsluCounter, 992 mSDsCounter, 0 mSdLazyCounter, 13 mSolverCounterSat, 0 mSolverCounterUnsat, 0 mSolverCounterUnknown, 0 mSolverCounterNotChecked, 0.0s Time, 0 mProtectedPredicate, 0 mProtectedAction, 395 SdHoareTripleChecker+Valid, 1494 SdHoareTripleChecker+Invalid, 13 SdHoareTripleChecker+Unknown, 0 SdHoareTripleChecker+Unchecked, 0.0s SdHoareTripleChecker+Time, 0 IncrementalHoareTripleChecker+Valid, 13 IncrementalHoareTripleChecker+Invalid, 0 IncrementalHoareTripleChecker+Unknown, 0 IncrementalHoareTripleChecker+Unchecked, 0.0s IncrementalHoareTripleChecker+Time
[2026-07-04 09:13:26,237 INFO  L427           NwaCegarLoop]: SdHoareTripleChecker [395 Valid, 1494 Invalid, 13 Unknown, 0 Unchecked, 0.0s Time], IncrementalHoareTripleChecker [0 Valid, 13 Invalid, 0 Unknown, 0 Unchecked, 0.0s Time]
[2026-07-04 09:13:26,238 INFO  L82        GeneralOperation]: Start minimizeSevpa. Operand 1947 states.
[2026-07-04 09:13:26,317 INFO  L88        GeneralOperation]: Finished minimizeSevpa. Reduced states from 1947 to 1932.
[2026-07-04 09:13:26,319 INFO  L82        GeneralOperation]: Start removeUnreachable. Operand  has 1932 states, 1781 states have (on average 1.4491858506457047) internal successors, (2581), 1799 states have internal predecessors, (2581), 88 states have call successors, (88), 44 states have call predecessors, (88), 44 states have return successors, (88), 88 states have call predecessors, (88), 88 states have call successors, (88)
[2026-07-04 09:13:26,330 INFO  L88        GeneralOperation]: Finished removeUnreachable. Reduced from 1932 states to 1932 states and 2757 transitions.
[2026-07-04 09:13:26,331 INFO  L79                 Accepts]: Start accepts. Automaton has 1932 states and 2757 transitions. Word has length 14
[2026-07-04 09:13:26,331 INFO  L85                 Accepts]: Finished accepts. word is rejected.
[2026-07-04 09:13:26,331 INFO  L490      AbstractCegarLoop]: Abstraction has 1932 states and 2757 transitions.
[2026-07-04 09:13:26,331 INFO  L491      AbstractCegarLoop]: INTERPOLANT automaton has  has 4 states, 4 states have (on average 4.25) internal successors, (17), 3 states have internal predecessors, (17), 0 states have call successors, (0), 0 states have call predecessors, (0), 0 states have return successors, (0), 0 states have call predecessors, (0), 0 states have call successors, (0)
[2026-07-04 09:13:26,332 INFO  L278                IsEmpty]: Start isEmpty. Operand 1932 states and 2757 transitions.
[2026-07-04 09:13:26,333 INFO  L284                IsEmpty]: Finished isEmpty. Found accepting run of length 16
[2026-07-04 09:13:26,333 INFO  L199           NwaCegarLoop]: Found error trace
[2026-07-04 09:13:26,333 INFO  L207           NwaCegarLoop]: trace histogram [1, 1, 1, 1, 1, 1, 1, 1, 1, 1, 1, 1, 1, 1, 1]
[2026-07-04 09:13:26,352 INFO  L546       MonitoredProcess]: [MP /usr/bin/z3 SMTLIB2_COMPLIANT=true -memory:8192 -smt2 -in (4)] Ended with exit code 0
[2026-07-04 09:13:26,536 WARN  L471      AbstractCegarLoop]: Destroyed unattended storables created during the last iteration: 4 /usr/bin/z3 SMTLIB2_COMPLIANT=true -memory:8192 -smt2 -in
[2026-07-04 09:13:26,536 INFO  L408      AbstractCegarLoop]: === Iteration 4 === Targeting ULTIMATE.startErr15ASSERT_VIOLATIONASSERT === [ULTIMATE.startErr0ASSERT_VIOLATIONASSERT, ULTIMATE.startErr1ASSERT_VIOLATIONASSERT, ULTIMATE.startErr2ASSERT_VIOLATIONASSERT (and 16 more)] ===
[2026-07-04 09:13:26,537 INFO  L156       PredicateUnifier]: Initialized classic predicate unifier
[2026-07-04 09:13:26,537 INFO  L85        PathProgramCache]: Analyzing trace with hash 467675302, now seen corresponding path program 1 times
[2026-07-04 09:13:26,537 INFO  L118   FreeRefinementEngine]: Executing refinement strategy FIXED_PREFERENCES
[2026-07-04 09:13:26,537 INFO  L324   FreeRefinementEngine]: Using trace check IpTcStrategyModulePreferences [2130988630]
[2026-07-04 09:13:26,537 INFO  L97    rtionOrderModulation]: Keeping assertion order NOT_INCREMENTALLY
[2026-07-04 09:13:26,537 INFO  L173          SolverBuilder]: Constructing external solver with command: z3 SMTLIB2_COMPLIANT=true -memory:8192 -smt2 -in
[2026-07-04 09:13:26,544 INFO  L189       MonitoredProcess]: No working directory specified, using /usr/bin/z3
[2026-07-04 09:13:26,546 INFO  L229       MonitoredProcess]: Starting monitored process 5 with /usr/bin/z3 SMTLIB2_COMPLIANT=true -memory:8192 -smt2 -in (exit command is (exit), workingDir is null)
[2026-07-04 09:13:26,548 INFO  L327       MonitoredProcess]: [MP /usr/bin/z3 SMTLIB2_COMPLIANT=true -memory:8192 -smt2 -in (5)] Waiting until timeout for monitored process
[2026-07-04 09:13:26,782 INFO  L108    AnnotateAndAsserter]: Assert order NOT_INCREMENTALLY partitioned 15 statements into 1 equivalence classes.
[2026-07-04 09:13:26,816 INFO  L111    AnnotateAndAsserter]: Assert order NOT_INCREMENTALLY issued 1 check-sat command(s) and asserted 15 of 15 statements.
[2026-07-04 09:13:26,816 INFO  L114    AnnotateAndAsserter]: Assert order NOT_INCREMENTALLY issued 1 check-sat command(s)
[2026-07-04 09:13:26,816 INFO  L115    AnnotateAndAsserter]: Conjunction of SSA is unsat
[2026-07-04 09:13:26,818 INFO  L256         TraceCheckSpWp]: Trace formula consists of 34 conjuncts, 2 conjuncts are in the unsatisfiable core
[2026-07-04 09:13:26,826 INFO  L279         TraceCheckSpWp]: Computing forward predicates...
[2026-07-04 09:13:28,004 INFO  L134       CoverageAnalysis]: Checked inductivity of 0 backedges. 0 proven. 0 refuted. 0 times theorem prover too weak. 0 trivial. 0 not checked.
[2026-07-04 09:13:28,004 INFO  L312         TraceCheckSpWp]: Computing backward predicates...
[2026-07-04 09:13:28,016 INFO  L134       CoverageAnalysis]: Checked inductivity of 0 backedges. 0 proven. 0 refuted. 0 times theorem prover too weak. 0 trivial. 0 not checked.
[2026-07-04 09:13:28,016 INFO  L136   FreeRefinementEngine]: Strategy FIXED_PREFERENCES found an infeasible trace
[2026-07-04 09:13:28,016 INFO  L324   FreeRefinementEngine]: Using interpolant generator IpTcStrategyModulePreferences [2130988630]
[2026-07-04 09:13:28,016 INFO  L158   FreeRefinementEngine]: IpTcStrategyModulePreferences [2130988630] provided 2 perfect and 0 imperfect interpolant sequences
[2026-07-04 09:13:28,016 INFO  L185   FreeRefinementEngine]: Found 2 perfect and 0 imperfect interpolant sequences.
[2026-07-04 09:13:28,016 INFO  L198   FreeRefinementEngine]: Number of different interpolants: perfect sequences [2, 2] imperfect sequences [] total 3
[2026-07-04 09:13:28,016 INFO  L121   tionRefinementEngine]: Using interpolant automaton builder IpAbStrategyModuleStraightlineAll [941112674]
[2026-07-04 09:13:28,016 INFO  L85    oduleStraightlineAll]: Using 2 perfect interpolants to construct interpolant automaton
[2026-07-04 09:13:28,017 INFO  L567      AbstractCegarLoop]: INTERPOLANT automaton has 4 states
[2026-07-04 09:13:28,017 INFO  L100   FreeRefinementEngine]: Using predicate unifier PredicateUnifier provided by strategy FIXED_PREFERENCES
[2026-07-04 09:13:28,017 INFO  L144   InterpolantAutomaton]: Constructing interpolant automaton starting with 4 interpolants.
[2026-07-04 09:13:28,017 INFO  L146   InterpolantAutomaton]: CoverageRelationStatistics Valid=6, Invalid=6, Unknown=0, NotChecked=0, Total=12
[2026-07-04 09:13:28,017 INFO  L87              Difference]: Start difference. First operand 1932 states and 2757 transitions. Second operand  has 4 states, 4 states have (on average 4.5) internal successors, (18), 3 states have internal predecessors, (18), 0 states have call successors, (0), 0 states have call predecessors, (0), 0 states have return successors, (0), 0 states have call predecessors, (0), 0 states have call successors, (0)
[2026-07-04 09:13:28,058 INFO  L144             Difference]: Subtrahend was deterministic. Have not used determinization.
[2026-07-04 09:13:28,058 INFO  L93              Difference]: Finished difference Result 3267 states and 4697 transitions.
[2026-07-04 09:13:28,058 INFO  L140   InterpolantAutomaton]: Switched to read-only mode: deterministic interpolant automaton has 3 states. 
[2026-07-04 09:13:28,058 INFO  L79                 Accepts]: Start accepts. Automaton has  has 4 states, 4 states have (on average 4.5) internal successors, (18), 3 states have internal predecessors, (18), 0 states have call successors, (0), 0 states have call predecessors, (0), 0 states have return successors, (0), 0 states have call predecessors, (0), 0 states have call successors, (0) Word has length 15
[2026-07-04 09:13:28,058 INFO  L85                 Accepts]: Finished accepts. some prefix is accepted.
[2026-07-04 09:13:28,064 INFO  L225             Difference]: With dead ends: 3267
[2026-07-04 09:13:28,064 INFO  L226             Difference]: Without dead ends: 1336
[2026-07-04 09:13:28,066 INFO  L425           NwaCegarLoop]: 0 DeclaredPredicates, 28 GetRequests, 26 SyntacticMatches, 0 SemanticMatches, 2 ConstructedPredicates, 0 IntricatePredicates, 0 DeprecatedPredicates, 0 ImplicationChecksByTransitivity, 0.0s TimeCoverageRelationStatistics Valid=6, Invalid=6, Unknown=0, NotChecked=0, Total=12
[2026-07-04 09:13:28,066 INFO  L426           NwaCegarLoop]: 400 mSDtfsCounter, 398 mSDsluCounter, 0 mSDsCounter, 0 mSdLazyCounter, 0 mSolverCounterSat, 0 mSolverCounterUnsat, 0 mSolverCounterUnknown, 0 mSolverCounterNotChecked, 0.0s Time, 0 mProtectedPredicate, 0 mProtectedAction, 398 SdHoareTripleChecker+Valid, 400 SdHoareTripleChecker+Invalid, 0 SdHoareTripleChecker+Unknown, 0 SdHoareTripleChecker+Unchecked, 0.0s SdHoareTripleChecker+Time, 0 IncrementalHoareTripleChecker+Valid, 0 IncrementalHoareTripleChecker+Invalid, 0 IncrementalHoareTripleChecker+Unknown, 0 IncrementalHoareTripleChecker+Unchecked, 0.0s IncrementalHoareTripleChecker+Time
[2026-07-04 09:13:28,066 INFO  L427           NwaCegarLoop]: SdHoareTripleChecker [398 Valid, 400 Invalid, 0 Unknown, 0 Unchecked, 0.0s Time], IncrementalHoareTripleChecker [0 Valid, 0 Invalid, 0 Unknown, 0 Unchecked, 0.0s Time]
[2026-07-04 09:13:28,067 INFO  L82        GeneralOperation]: Start minimizeSevpa. Operand 1336 states.
[2026-07-04 09:13:28,117 INFO  L88        GeneralOperation]: Finished minimizeSevpa. Reduced states from 1336 to 1336.
[2026-07-04 09:13:28,118 INFO  L82        GeneralOperation]: Start removeUnreachable. Operand  has 1336 states, 1261 states have (on average 1.4694686756542428) internal successors, (1853), 1275 states have internal predecessors, (1853), 40 states have call successors, (40), 20 states have call predecessors, (40), 20 states have return successors, (40), 40 states have call predecessors, (40), 40 states have call successors, (40)
[2026-07-04 09:13:28,123 INFO  L88        GeneralOperation]: Finished removeUnreachable. Reduced from 1336 states to 1336 states and 1933 transitions.
[2026-07-04 09:13:28,124 INFO  L79                 Accepts]: Start accepts. Automaton has 1336 states and 1933 transitions. Word has length 15
[2026-07-04 09:13:28,124 INFO  L85                 Accepts]: Finished accepts. word is rejected.
[2026-07-04 09:13:28,124 INFO  L490      AbstractCegarLoop]: Abstraction has 1336 states and 1933 transitions.
[2026-07-04 09:13:28,124 INFO  L491      AbstractCegarLoop]: INTERPOLANT automaton has  has 4 states, 4 states have (on average 4.5) internal successors, (18), 3 states have internal predecessors, (18), 0 states have call successors, (0), 0 states have call predecessors, (0), 0 states have return successors, (0), 0 states have call predecessors, (0), 0 states have call successors, (0)
[2026-07-04 09:13:28,124 INFO  L278                IsEmpty]: Start isEmpty. Operand 1336 states and 1933 transitions.
[2026-07-04 09:13:28,132 INFO  L284                IsEmpty]: Finished isEmpty. Found accepting run of length 18
[2026-07-04 09:13:28,132 INFO  L199           NwaCegarLoop]: Found error trace
[2026-07-04 09:13:28,132 INFO  L207           NwaCegarLoop]: trace histogram [2, 1, 1, 1, 1, 1, 1, 1, 1, 1, 1, 1, 1, 1, 1, 1]
[2026-07-04 09:13:28,148 INFO  L546       MonitoredProcess]: [MP /usr/bin/z3 SMTLIB2_COMPLIANT=true -memory:8192 -smt2 -in (5)] Ended with exit code 0
[2026-07-04 09:13:28,333 WARN  L471      AbstractCegarLoop]: Destroyed unattended storables created during the last iteration: 5 /usr/bin/z3 SMTLIB2_COMPLIANT=true -memory:8192 -smt2 -in
[2026-07-04 09:13:28,333 INFO  L408      AbstractCegarLoop]: === Iteration 5 === Targeting ULTIMATE.startErr11ASSERT_VIOLATIONASSERT === [ULTIMATE.startErr0ASSERT_VIOLATIONASSERT, ULTIMATE.startErr1ASSERT_VIOLATIONASSERT, ULTIMATE.startErr2ASSERT_VIOLATIONASSERT (and 16 more)] ===
[2026-07-04 09:13:28,335 INFO  L156       PredicateUnifier]: Initialized classic predicate unifier
[2026-07-04 09:13:28,336 INFO  L85        PathProgramCache]: Analyzing trace with hash -449324926, now seen corresponding path program 1 times
[2026-07-04 09:13:28,336 INFO  L118   FreeRefinementEngine]: Executing refinement strategy FIXED_PREFERENCES
[2026-07-04 09:13:28,336 INFO  L324   FreeRefinementEngine]: Using trace check IpTcStrategyModulePreferences [208339108]
[2026-07-04 09:13:28,336 INFO  L97    rtionOrderModulation]: Keeping assertion order NOT_INCREMENTALLY
[2026-07-04 09:13:28,336 INFO  L173          SolverBuilder]: Constructing external solver with command: z3 SMTLIB2_COMPLIANT=true -memory:8192 -smt2 -in
[2026-07-04 09:13:28,337 INFO  L189       MonitoredProcess]: No working directory specified, using /usr/bin/z3
[2026-07-04 09:13:28,339 INFO  L229       MonitoredProcess]: Starting monitored process 6 with /usr/bin/z3 SMTLIB2_COMPLIANT=true -memory:8192 -smt2 -in (exit command is (exit), workingDir is null)
[2026-07-04 09:13:28,342 INFO  L327       MonitoredProcess]: [MP /usr/bin/z3 SMTLIB2_COMPLIANT=true -memory:8192 -smt2 -in (6)] Waiting until timeout for monitored process
[2026-07-04 09:13:28,539 INFO  L108    AnnotateAndAsserter]: Assert order NOT_INCREMENTALLY partitioned 17 statements into 1 equivalence classes.
[2026-07-04 09:13:28,598 INFO  L111    AnnotateAndAsserter]: Assert order NOT_INCREMENTALLY issued 1 check-sat command(s) and asserted 17 of 17 statements.
[2026-07-04 09:13:28,598 INFO  L114    AnnotateAndAsserter]: Assert order NOT_INCREMENTALLY issued 1 check-sat command(s)
[2026-07-04 09:13:28,598 INFO  L115    AnnotateAndAsserter]: Conjunction of SSA is unsat
[2026-07-04 09:13:28,600 INFO  L256         TraceCheckSpWp]: Trace formula consists of 36 conjuncts, 3 conjuncts are in the unsatisfiable core
[2026-07-04 09:13:28,604 INFO  L279         TraceCheckSpWp]: Computing forward predicates...
[2026-07-04 09:13:29,617 INFO  L325             Elim1Store]: treesize reduction 8, result has 68.0 percent of original size
[2026-07-04 09:13:29,619 INFO  L354             Elim1Store]: Elim1 eliminated variable of array dimension 1, 0 stores, 3 select indices, 3 select index equivalence classes, 0 disjoint index pairs (out of 3 index pairs), introduced 3 new quantified variables, introduced 3 case distinctions, treesize of input 16 treesize of output 26
[2026-07-04 09:13:29,666 INFO  L134       CoverageAnalysis]: Checked inductivity of 2 backedges. 0 proven. 0 refuted. 0 times theorem prover too weak. 2 trivial. 0 not checked.
[2026-07-04 09:13:29,666 INFO  L312         TraceCheckSpWp]: Computing backward predicates...
[2026-07-04 09:13:29,825 INFO  L134       CoverageAnalysis]: Checked inductivity of 2 backedges. 0 proven. 0 refuted. 0 times theorem prover too weak. 2 trivial. 0 not checked.
[2026-07-04 09:13:29,825 INFO  L136   FreeRefinementEngine]: Strategy FIXED_PREFERENCES found an infeasible trace
[2026-07-04 09:13:29,826 INFO  L324   FreeRefinementEngine]: Using interpolant generator IpTcStrategyModulePreferences [208339108]
[2026-07-04 09:13:29,826 INFO  L158   FreeRefinementEngine]: IpTcStrategyModulePreferences [208339108] provided 2 perfect and 0 imperfect interpolant sequences
[2026-07-04 09:13:29,826 INFO  L185   FreeRefinementEngine]: Found 2 perfect and 0 imperfect interpolant sequences.
[2026-07-04 09:13:29,826 INFO  L198   FreeRefinementEngine]: Number of different interpolants: perfect sequences [2, 2] imperfect sequences [] total 2
[2026-07-04 09:13:29,827 INFO  L121   tionRefinementEngine]: Using interpolant automaton builder IpAbStrategyModuleStraightlineAll [1806854710]
[2026-07-04 09:13:29,827 INFO  L85    oduleStraightlineAll]: Using 2 perfect interpolants to construct interpolant automaton
[2026-07-04 09:13:29,827 INFO  L567      AbstractCegarLoop]: INTERPOLANT automaton has 4 states
[2026-07-04 09:13:29,827 INFO  L100   FreeRefinementEngine]: Using predicate unifier PredicateUnifier provided by strategy FIXED_PREFERENCES
[2026-07-04 09:13:29,827 INFO  L144   InterpolantAutomaton]: Constructing interpolant automaton starting with 4 interpolants.
[2026-07-04 09:13:29,827 INFO  L146   InterpolantAutomaton]: CoverageRelationStatistics Valid=5, Invalid=7, Unknown=0, NotChecked=0, Total=12
[2026-07-04 09:13:29,827 INFO  L87              Difference]: Start difference. First operand 1336 states and 1933 transitions. Second operand  has 4 states, 3 states have (on average 5.333333333333333) internal successors, (16), 3 states have internal predecessors, (16), 0 states have call successors, (0), 0 states have call predecessors, (0), 0 states have return successors, (0), 0 states have call predecessors, (0), 0 states have call successors, (0)
[2026-07-04 09:13:31,226 INFO  L144             Difference]: Subtrahend was deterministic. Have not used determinization.
[2026-07-04 09:13:31,226 INFO  L93              Difference]: Finished difference Result 3643 states and 5253 transitions.
[2026-07-04 09:13:31,229 INFO  L140   InterpolantAutomaton]: Switched to read-only mode: deterministic interpolant automaton has 5 states. 
[2026-07-04 09:13:31,229 INFO  L79                 Accepts]: Start accepts. Automaton has  has 4 states, 3 states have (on average 5.333333333333333) internal successors, (16), 3 states have internal predecessors, (16), 0 states have call successors, (0), 0 states have call predecessors, (0), 0 states have return successors, (0), 0 states have call predecessors, (0), 0 states have call successors, (0) Word has length 17
[2026-07-04 09:13:31,229 INFO  L85                 Accepts]: Finished accepts. some prefix is accepted.
[2026-07-04 09:13:31,246 INFO  L225             Difference]: With dead ends: 3643
[2026-07-04 09:13:31,246 INFO  L226             Difference]: Without dead ends: 3642
[2026-07-04 09:13:31,250 INFO  L425           NwaCegarLoop]: 0 DeclaredPredicates, 33 GetRequests, 29 SyntacticMatches, 1 SemanticMatches, 3 ConstructedPredicates, 0 IntricatePredicates, 0 DeprecatedPredicates, 0 ImplicationChecksByTransitivity, 0.0s TimeCoverageRelationStatistics Valid=9, Invalid=11, Unknown=0, NotChecked=0, Total=20
[2026-07-04 09:13:31,252 INFO  L426           NwaCegarLoop]: 757 mSDtfsCounter, 1126 mSDsluCounter, 783 mSDsCounter, 0 mSdLazyCounter, 30 mSolverCounterSat, 21 mSolverCounterUnsat, 0 mSolverCounterUnknown, 0 mSolverCounterNotChecked, 1.2s Time, 0 mProtectedPredicate, 0 mProtectedAction, 1126 SdHoareTripleChecker+Valid, 1540 SdHoareTripleChecker+Invalid, 51 SdHoareTripleChecker+Unknown, 0 SdHoareTripleChecker+Unchecked, 0.0s SdHoareTripleChecker+Time, 21 IncrementalHoareTripleChecker+Valid, 30 IncrementalHoareTripleChecker+Invalid, 0 IncrementalHoareTripleChecker+Unknown, 0 IncrementalHoareTripleChecker+Unchecked, 1.3s IncrementalHoareTripleChecker+Time
[2026-07-04 09:13:31,252 INFO  L427           NwaCegarLoop]: SdHoareTripleChecker [1126 Valid, 1540 Invalid, 51 Unknown, 0 Unchecked, 0.0s Time], IncrementalHoareTripleChecker [21 Valid, 30 Invalid, 0 Unknown, 0 Unchecked, 1.3s Time]
[2026-07-04 09:13:31,257 INFO  L82        GeneralOperation]: Start minimizeSevpa. Operand 3642 states.
[2026-07-04 09:13:31,333 INFO  L88        GeneralOperation]: Finished minimizeSevpa. Reduced states from 3642 to 2116.
[2026-07-04 09:13:31,335 INFO  L82        GeneralOperation]: Start removeUnreachable. Operand  has 2116 states, 2005 states have (on average 1.4688279301745637) internal successors, (2945), 2023 states have internal predecessors, (2945), 64 states have call successors, (64), 32 states have call predecessors, (64), 32 states have return successors, (64), 60 states have call predecessors, (64), 64 states have call successors, (64)
[2026-07-04 09:13:31,347 INFO  L88        GeneralOperation]: Finished removeUnreachable. Reduced from 2116 states to 2116 states and 3073 transitions.
[2026-07-04 09:13:31,350 INFO  L79                 Accepts]: Start accepts. Automaton has 2116 states and 3073 transitions. Word has length 17
[2026-07-04 09:13:31,351 INFO  L85                 Accepts]: Finished accepts. word is rejected.
[2026-07-04 09:13:31,351 INFO  L490      AbstractCegarLoop]: Abstraction has 2116 states and 3073 transitions.
[2026-07-04 09:13:31,351 INFO  L491      AbstractCegarLoop]: INTERPOLANT automaton has  has 4 states, 3 states have (on average 5.333333333333333) internal successors, (16), 3 states have internal predecessors, (16), 0 states have call successors, (0), 0 states have call predecessors, (0), 0 states have return successors, (0), 0 states have call predecessors, (0), 0 states have call successors, (0)
[2026-07-04 09:13:31,351 INFO  L278                IsEmpty]: Start isEmpty. Operand 2116 states and 3073 transitions.
[2026-07-04 09:13:31,361 INFO  L284                IsEmpty]: Finished isEmpty. Found accepting run of length 18
[2026-07-04 09:13:31,361 INFO  L199           NwaCegarLoop]: Found error trace
[2026-07-04 09:13:31,361 INFO  L207           NwaCegarLoop]: trace histogram [2, 1, 1, 1, 1, 1, 1, 1, 1, 1, 1, 1, 1, 1, 1, 1]
[2026-07-04 09:13:31,376 INFO  L546       MonitoredProcess]: [MP /usr/bin/z3 SMTLIB2_COMPLIANT=true -memory:8192 -smt2 -in (6)] Ended with exit code 0
[2026-07-04 09:13:31,562 WARN  L471      AbstractCegarLoop]: Destroyed unattended storables created during the last iteration: 6 /usr/bin/z3 SMTLIB2_COMPLIANT=true -memory:8192 -smt2 -in
[2026-07-04 09:13:31,563 INFO  L408      AbstractCegarLoop]: === Iteration 6 === Targeting ULTIMATE.startErr3ASSERT_VIOLATIONASSERT === [ULTIMATE.startErr0ASSERT_VIOLATIONASSERT, ULTIMATE.startErr1ASSERT_VIOLATIONASSERT, ULTIMATE.startErr2ASSERT_VIOLATIONASSERT (and 16 more)] ===
[2026-07-04 09:13:31,564 INFO  L156       PredicateUnifier]: Initialized classic predicate unifier
[2026-07-04 09:13:31,564 INFO  L85        PathProgramCache]: Analyzing trace with hash 1470083322, now seen corresponding path program 1 times
[2026-07-04 09:13:31,564 INFO  L118   FreeRefinementEngine]: Executing refinement strategy FIXED_PREFERENCES
[2026-07-04 09:13:31,564 INFO  L324   FreeRefinementEngine]: Using trace check IpTcStrategyModulePreferences [262755846]
[2026-07-04 09:13:31,564 INFO  L97    rtionOrderModulation]: Keeping assertion order NOT_INCREMENTALLY
[2026-07-04 09:13:31,564 INFO  L173          SolverBuilder]: Constructing external solver with command: z3 SMTLIB2_COMPLIANT=true -memory:8192 -smt2 -in
[2026-07-04 09:13:31,565 INFO  L189       MonitoredProcess]: No working directory specified, using /usr/bin/z3
[2026-07-04 09:13:31,567 INFO  L229       MonitoredProcess]: Starting monitored process 7 with /usr/bin/z3 SMTLIB2_COMPLIANT=true -memory:8192 -smt2 -in (exit command is (exit), workingDir is null)
[2026-07-04 09:13:31,570 INFO  L327       MonitoredProcess]: [MP /usr/bin/z3 SMTLIB2_COMPLIANT=true -memory:8192 -smt2 -in (7)] Waiting until timeout for monitored process
[2026-07-04 09:13:31,772 INFO  L108    AnnotateAndAsserter]: Assert order NOT_INCREMENTALLY partitioned 17 statements into 1 equivalence classes.
[2026-07-04 09:13:31,798 INFO  L111    AnnotateAndAsserter]: Assert order NOT_INCREMENTALLY issued 1 check-sat command(s) and asserted 17 of 17 statements.
[2026-07-04 09:13:31,798 INFO  L114    AnnotateAndAsserter]: Assert order NOT_INCREMENTALLY issued 1 check-sat command(s)
[2026-07-04 09:13:31,798 INFO  L115    AnnotateAndAsserter]: Conjunction of SSA is unsat
[2026-07-04 09:13:31,800 INFO  L256         TraceCheckSpWp]: Trace formula consists of 36 conjuncts, 3 conjuncts are in the unsatisfiable core
[2026-07-04 09:13:31,807 INFO  L279         TraceCheckSpWp]: Computing forward predicates...
[2026-07-04 09:13:32,999 INFO  L325             Elim1Store]: treesize reduction 8, result has 68.0 percent of original size
[2026-07-04 09:13:32,999 INFO  L354             Elim1Store]: Elim1 eliminated variable of array dimension 1, 0 stores, 3 select indices, 3 select index equivalence classes, 0 disjoint index pairs (out of 3 index pairs), introduced 3 new quantified variables, introduced 3 case distinctions, treesize of input 16 treesize of output 26
[2026-07-04 09:13:33,044 INFO  L134       CoverageAnalysis]: Checked inductivity of 2 backedges. 0 proven. 0 refuted. 0 times theorem prover too weak. 2 trivial. 0 not checked.
[2026-07-04 09:13:33,044 INFO  L312         TraceCheckSpWp]: Computing backward predicates...
[2026-07-04 09:13:33,179 INFO  L134       CoverageAnalysis]: Checked inductivity of 2 backedges. 0 proven. 0 refuted. 0 times theorem prover too weak. 2 trivial. 0 not checked.
[2026-07-04 09:13:33,179 INFO  L136   FreeRefinementEngine]: Strategy FIXED_PREFERENCES found an infeasible trace
[2026-07-04 09:13:33,179 INFO  L324   FreeRefinementEngine]: Using interpolant generator IpTcStrategyModulePreferences [262755846]
[2026-07-04 09:13:33,179 INFO  L158   FreeRefinementEngine]: IpTcStrategyModulePreferences [262755846] provided 2 perfect and 0 imperfect interpolant sequences
[2026-07-04 09:13:33,179 INFO  L185   FreeRefinementEngine]: Found 2 perfect and 0 imperfect interpolant sequences.
[2026-07-04 09:13:33,179 INFO  L198   FreeRefinementEngine]: Number of different interpolants: perfect sequences [2, 2] imperfect sequences [] total 2
[2026-07-04 09:13:33,179 INFO  L121   tionRefinementEngine]: Using interpolant automaton builder IpAbStrategyModuleStraightlineAll [62034317]
[2026-07-04 09:13:33,179 INFO  L85    oduleStraightlineAll]: Using 2 perfect interpolants to construct interpolant automaton
[2026-07-04 09:13:33,180 INFO  L567      AbstractCegarLoop]: INTERPOLANT automaton has 4 states
[2026-07-04 09:13:33,180 INFO  L100   FreeRefinementEngine]: Using predicate unifier PredicateUnifier provided by strategy FIXED_PREFERENCES
[2026-07-04 09:13:33,180 INFO  L144   InterpolantAutomaton]: Constructing interpolant automaton starting with 4 interpolants.
[2026-07-04 09:13:33,180 INFO  L146   InterpolantAutomaton]: CoverageRelationStatistics Valid=5, Invalid=7, Unknown=0, NotChecked=0, Total=12
[2026-07-04 09:13:33,180 INFO  L87              Difference]: Start difference. First operand 2116 states and 3073 transitions. Second operand  has 4 states, 3 states have (on average 5.333333333333333) internal successors, (16), 3 states have internal predecessors, (16), 0 states have call successors, (0), 0 states have call predecessors, (0), 0 states have return successors, (0), 0 states have call predecessors, (0), 0 states have call successors, (0)
[2026-07-04 09:13:34,322 INFO  L144             Difference]: Subtrahend was deterministic. Have not used determinization.
[2026-07-04 09:13:34,322 INFO  L93              Difference]: Finished difference Result 5735 states and 8314 transitions.
[2026-07-04 09:13:34,325 INFO  L140   InterpolantAutomaton]: Switched to read-only mode: deterministic interpolant automaton has 5 states. 
[2026-07-04 09:13:34,325 INFO  L79                 Accepts]: Start accepts. Automaton has  has 4 states, 3 states have (on average 5.333333333333333) internal successors, (16), 3 states have internal predecessors, (16), 0 states have call successors, (0), 0 states have call predecessors, (0), 0 states have return successors, (0), 0 states have call predecessors, (0), 0 states have call successors, (0) Word has length 17
[2026-07-04 09:13:34,325 INFO  L85                 Accepts]: Finished accepts. some prefix is accepted.
[2026-07-04 09:13:34,358 INFO  L225             Difference]: With dead ends: 5735
[2026-07-04 09:13:34,358 INFO  L226             Difference]: Without dead ends: 5734
[2026-07-04 09:13:34,359 INFO  L425           NwaCegarLoop]: 0 DeclaredPredicates, 33 GetRequests, 29 SyntacticMatches, 1 SemanticMatches, 3 ConstructedPredicates, 0 IntricatePredicates, 0 DeprecatedPredicates, 0 ImplicationChecksByTransitivity, 0.0s TimeCoverageRelationStatistics Valid=9, Invalid=11, Unknown=0, NotChecked=0, Total=20
[2026-07-04 09:13:34,363 INFO  L426           NwaCegarLoop]: 757 mSDtfsCounter, 1126 mSDsluCounter, 783 mSDsCounter, 0 mSdLazyCounter, 30 mSolverCounterSat, 21 mSolverCounterUnsat, 0 mSolverCounterUnknown, 0 mSolverCounterNotChecked, 0.9s Time, 0 mProtectedPredicate, 0 mProtectedAction, 1126 SdHoareTripleChecker+Valid, 1540 SdHoareTripleChecker+Invalid, 51 SdHoareTripleChecker+Unknown, 0 SdHoareTripleChecker+Unchecked, 0.0s SdHoareTripleChecker+Time, 21 IncrementalHoareTripleChecker+Valid, 30 IncrementalHoareTripleChecker+Invalid, 0 IncrementalHoareTripleChecker+Unknown, 0 IncrementalHoareTripleChecker+Unchecked, 1.0s IncrementalHoareTripleChecker+Time
[2026-07-04 09:13:34,364 INFO  L427           NwaCegarLoop]: SdHoareTripleChecker [1126 Valid, 1540 Invalid, 51 Unknown, 0 Unchecked, 0.0s Time], IncrementalHoareTripleChecker [21 Valid, 30 Invalid, 0 Unknown, 0 Unchecked, 1.0s Time]
[2026-07-04 09:13:34,366 INFO  L82        GeneralOperation]: Start minimizeSevpa. Operand 5734 states.
[2026-07-04 09:13:34,504 INFO  L88        GeneralOperation]: Finished minimizeSevpa. Reduced states from 5734 to 3346.
[2026-07-04 09:13:34,511 INFO  L82        GeneralOperation]: Start removeUnreachable. Operand  has 3346 states, 3178 states have (on average 1.4682190056639395) internal successors, (4666), 3204 states have internal predecessors, (4666), 102 states have call successors, (102), 51 states have call predecessors, (102), 51 states have return successors, (102), 90 states have call predecessors, (102), 102 states have call successors, (102)
[2026-07-04 09:13:34,529 INFO  L88        GeneralOperation]: Finished removeUnreachable. Reduced from 3346 states to 3346 states and 4870 transitions.
[2026-07-04 09:13:34,531 INFO  L79                 Accepts]: Start accepts. Automaton has 3346 states and 4870 transitions. Word has length 17
[2026-07-04 09:13:34,532 INFO  L85                 Accepts]: Finished accepts. word is rejected.
[2026-07-04 09:13:34,532 INFO  L490      AbstractCegarLoop]: Abstraction has 3346 states and 4870 transitions.
[2026-07-04 09:13:34,532 INFO  L491      AbstractCegarLoop]: INTERPOLANT automaton has  has 4 states, 3 states have (on average 5.333333333333333) internal successors, (16), 3 states have internal predecessors, (16), 0 states have call successors, (0), 0 states have call predecessors, (0), 0 states have return successors, (0), 0 states have call predecessors, (0), 0 states have call successors, (0)
[2026-07-04 09:13:34,532 INFO  L278                IsEmpty]: Start isEmpty. Operand 3346 states and 4870 transitions.
[2026-07-04 09:13:34,533 INFO  L284                IsEmpty]: Finished isEmpty. Found accepting run of length 18
[2026-07-04 09:13:34,533 INFO  L199           NwaCegarLoop]: Found error trace
[2026-07-04 09:13:34,533 INFO  L207           NwaCegarLoop]: trace histogram [2, 1, 1, 1, 1, 1, 1, 1, 1, 1, 1, 1, 1, 1, 1, 1]
[2026-07-04 09:13:34,548 INFO  L546       MonitoredProcess]: [MP /usr/bin/z3 SMTLIB2_COMPLIANT=true -memory:8192 -smt2 -in (7)] Ended with exit code 0
[2026-07-04 09:13:34,736 WARN  L471      AbstractCegarLoop]: Destroyed unattended storables created during the last iteration: 7 /usr/bin/z3 SMTLIB2_COMPLIANT=true -memory:8192 -smt2 -in
[2026-07-04 09:13:34,736 INFO  L408      AbstractCegarLoop]: === Iteration 7 === Targeting ULTIMATE.startErr7ASSERT_VIOLATIONASSERT === [ULTIMATE.startErr0ASSERT_VIOLATIONASSERT, ULTIMATE.startErr1ASSERT_VIOLATIONASSERT, ULTIMATE.startErr2ASSERT_VIOLATIONASSERT (and 16 more)] ===
[2026-07-04 09:13:34,737 INFO  L156       PredicateUnifier]: Initialized classic predicate unifier
[2026-07-04 09:13:34,737 INFO  L85        PathProgramCache]: Analyzing trace with hash -1637104450, now seen corresponding path program 1 times
[2026-07-04 09:13:34,737 INFO  L118   FreeRefinementEngine]: Executing refinement strategy FIXED_PREFERENCES
[2026-07-04 09:13:34,738 INFO  L324   FreeRefinementEngine]: Using trace check IpTcStrategyModulePreferences [101516098]
[2026-07-04 09:13:34,738 INFO  L97    rtionOrderModulation]: Keeping assertion order NOT_INCREMENTALLY
[2026-07-04 09:13:34,738 INFO  L173          SolverBuilder]: Constructing external solver with command: z3 SMTLIB2_COMPLIANT=true -memory:8192 -smt2 -in
[2026-07-04 09:13:34,739 INFO  L189       MonitoredProcess]: No working directory specified, using /usr/bin/z3
[2026-07-04 09:13:34,741 INFO  L229       MonitoredProcess]: Starting monitored process 8 with /usr/bin/z3 SMTLIB2_COMPLIANT=true -memory:8192 -smt2 -in (exit command is (exit), workingDir is null)
[2026-07-04 09:13:34,744 INFO  L327       MonitoredProcess]: [MP /usr/bin/z3 SMTLIB2_COMPLIANT=true -memory:8192 -smt2 -in (8)] Waiting until timeout for monitored process
[2026-07-04 09:13:34,989 INFO  L108    AnnotateAndAsserter]: Assert order NOT_INCREMENTALLY partitioned 17 statements into 1 equivalence classes.
[2026-07-04 09:13:35,082 INFO  L111    AnnotateAndAsserter]: Assert order NOT_INCREMENTALLY issued 1 check-sat command(s) and asserted 17 of 17 statements.
[2026-07-04 09:13:35,083 INFO  L114    AnnotateAndAsserter]: Assert order NOT_INCREMENTALLY issued 1 check-sat command(s)
[2026-07-04 09:13:35,083 INFO  L115    AnnotateAndAsserter]: Conjunction of SSA is unsat
[2026-07-04 09:13:35,090 INFO  L256         TraceCheckSpWp]: Trace formula consists of 36 conjuncts, 3 conjuncts are in the unsatisfiable core
[2026-07-04 09:13:35,099 INFO  L279         TraceCheckSpWp]: Computing forward predicates...
[2026-07-04 09:13:36,292 INFO  L325             Elim1Store]: treesize reduction 8, result has 68.0 percent of original size
[2026-07-04 09:13:36,293 INFO  L354             Elim1Store]: Elim1 eliminated variable of array dimension 1, 0 stores, 3 select indices, 3 select index equivalence classes, 0 disjoint index pairs (out of 3 index pairs), introduced 3 new quantified variables, introduced 3 case distinctions, treesize of input 16 treesize of output 26
[2026-07-04 09:13:36,317 INFO  L134       CoverageAnalysis]: Checked inductivity of 2 backedges. 0 proven. 0 refuted. 0 times theorem prover too weak. 2 trivial. 0 not checked.
[2026-07-04 09:13:36,317 INFO  L312         TraceCheckSpWp]: Computing backward predicates...
[2026-07-04 09:13:36,428 INFO  L134       CoverageAnalysis]: Checked inductivity of 2 backedges. 0 proven. 0 refuted. 0 times theorem prover too weak. 2 trivial. 0 not checked.
[2026-07-04 09:13:36,428 INFO  L136   FreeRefinementEngine]: Strategy FIXED_PREFERENCES found an infeasible trace
[2026-07-04 09:13:36,428 INFO  L324   FreeRefinementEngine]: Using interpolant generator IpTcStrategyModulePreferences [101516098]
[2026-07-04 09:13:36,428 INFO  L158   FreeRefinementEngine]: IpTcStrategyModulePreferences [101516098] provided 2 perfect and 0 imperfect interpolant sequences
[2026-07-04 09:13:36,428 INFO  L185   FreeRefinementEngine]: Found 2 perfect and 0 imperfect interpolant sequences.
[2026-07-04 09:13:36,428 INFO  L198   FreeRefinementEngine]: Number of different interpolants: perfect sequences [2, 2] imperfect sequences [] total 2
[2026-07-04 09:13:36,428 INFO  L121   tionRefinementEngine]: Using interpolant automaton builder IpAbStrategyModuleStraightlineAll [1225306554]
[2026-07-04 09:13:36,428 INFO  L85    oduleStraightlineAll]: Using 2 perfect interpolants to construct interpolant automaton
[2026-07-04 09:13:36,428 INFO  L567      AbstractCegarLoop]: INTERPOLANT automaton has 4 states
[2026-07-04 09:13:36,428 INFO  L100   FreeRefinementEngine]: Using predicate unifier PredicateUnifier provided by strategy FIXED_PREFERENCES
[2026-07-04 09:13:36,428 INFO  L144   InterpolantAutomaton]: Constructing interpolant automaton starting with 4 interpolants.
[2026-07-04 09:13:36,429 INFO  L146   InterpolantAutomaton]: CoverageRelationStatistics Valid=5, Invalid=7, Unknown=0, NotChecked=0, Total=12
[2026-07-04 09:13:36,429 INFO  L87              Difference]: Start difference. First operand 3346 states and 4870 transitions. Second operand  has 4 states, 3 states have (on average 5.333333333333333) internal successors, (16), 3 states have internal predecessors, (16), 0 states have call successors, (0), 0 states have call predecessors, (0), 0 states have return successors, (0), 0 states have call predecessors, (0), 0 states have call successors, (0)
[2026-07-04 09:13:37,244 INFO  L144             Difference]: Subtrahend was deterministic. Have not used determinization.
[2026-07-04 09:13:37,245 INFO  L93              Difference]: Finished difference Result 9023 states and 13123 transitions.
[2026-07-04 09:13:37,251 INFO  L140   InterpolantAutomaton]: Switched to read-only mode: deterministic interpolant automaton has 5 states. 
[2026-07-04 09:13:37,252 INFO  L79                 Accepts]: Start accepts. Automaton has  has 4 states, 3 states have (on average 5.333333333333333) internal successors, (16), 3 states have internal predecessors, (16), 0 states have call successors, (0), 0 states have call predecessors, (0), 0 states have return successors, (0), 0 states have call predecessors, (0), 0 states have call successors, (0) Word has length 17
[2026-07-04 09:13:37,252 INFO  L85                 Accepts]: Finished accepts. some prefix is accepted.
[2026-07-04 09:13:37,299 INFO  L225             Difference]: With dead ends: 9023
[2026-07-04 09:13:37,301 INFO  L226             Difference]: Without dead ends: 9022
[2026-07-04 09:13:37,311 INFO  L425           NwaCegarLoop]: 0 DeclaredPredicates, 33 GetRequests, 29 SyntacticMatches, 1 SemanticMatches, 3 ConstructedPredicates, 0 IntricatePredicates, 0 DeprecatedPredicates, 0 ImplicationChecksByTransitivity, 0.0s TimeCoverageRelationStatistics Valid=9, Invalid=11, Unknown=0, NotChecked=0, Total=20
[2026-07-04 09:13:37,311 INFO  L426           NwaCegarLoop]: 757 mSDtfsCounter, 1126 mSDsluCounter, 783 mSDsCounter, 0 mSdLazyCounter, 30 mSolverCounterSat, 21 mSolverCounterUnsat, 0 mSolverCounterUnknown, 0 mSolverCounterNotChecked, 0.6s Time, 0 mProtectedPredicate, 0 mProtectedAction, 1126 SdHoareTripleChecker+Valid, 1540 SdHoareTripleChecker+Invalid, 51 SdHoareTripleChecker+Unknown, 0 SdHoareTripleChecker+Unchecked, 0.0s SdHoareTripleChecker+Time, 21 IncrementalHoareTripleChecker+Valid, 30 IncrementalHoareTripleChecker+Invalid, 0 IncrementalHoareTripleChecker+Unknown, 0 IncrementalHoareTripleChecker+Unchecked, 0.7s IncrementalHoareTripleChecker+Time
[2026-07-04 09:13:37,311 INFO  L427           NwaCegarLoop]: SdHoareTripleChecker [1126 Valid, 1540 Invalid, 51 Unknown, 0 Unchecked, 0.0s Time], IncrementalHoareTripleChecker [21 Valid, 30 Invalid, 0 Unknown, 0 Unchecked, 0.7s Time]
[2026-07-04 09:13:37,321 INFO  L82        GeneralOperation]: Start minimizeSevpa. Operand 9022 states.
[2026-07-04 09:13:37,563 INFO  L88        GeneralOperation]: Finished minimizeSevpa. Reduced states from 9022 to 5281.
[2026-07-04 09:13:37,577 INFO  L82        GeneralOperation]: Start removeUnreachable. Operand  has 5281 states, 5023 states have (on average 1.4676488154489349) internal successors, (7372), 5064 states have internal predecessors, (7372), 162 states have call successors, (162), 81 states have call predecessors, (162), 81 states have return successors, (162), 135 states have call predecessors, (162), 162 states have call successors, (162)
[2026-07-04 09:13:37,594 INFO  L88        GeneralOperation]: Finished removeUnreachable. Reduced from 5281 states to 5281 states and 7696 transitions.
[2026-07-04 09:13:37,599 INFO  L79                 Accepts]: Start accepts. Automaton has 5281 states and 7696 transitions. Word has length 17
[2026-07-04 09:13:37,599 INFO  L85                 Accepts]: Finished accepts. word is rejected.
[2026-07-04 09:13:37,599 INFO  L490      AbstractCegarLoop]: Abstraction has 5281 states and 7696 transitions.
[2026-07-04 09:13:37,599 INFO  L491      AbstractCegarLoop]: INTERPOLANT automaton has  has 4 states, 3 states have (on average 5.333333333333333) internal successors, (16), 3 states have internal predecessors, (16), 0 states have call successors, (0), 0 states have call predecessors, (0), 0 states have return successors, (0), 0 states have call predecessors, (0), 0 states have call successors, (0)
[2026-07-04 09:13:37,599 INFO  L278                IsEmpty]: Start isEmpty. Operand 5281 states and 7696 transitions.
[2026-07-04 09:13:37,607 INFO  L284                IsEmpty]: Finished isEmpty. Found accepting run of length 29
[2026-07-04 09:13:37,607 INFO  L199           NwaCegarLoop]: Found error trace
[2026-07-04 09:13:37,607 INFO  L207           NwaCegarLoop]: trace histogram [1, 1, 1, 1, 1, 1, 1, 1, 1, 1, 1, 1, 1, 1, 1, 1, 1, 1, 1, 1, 1, 1, 1, 1, 1, 1, 1, 1]
[2026-07-04 09:13:37,624 INFO  L546       MonitoredProcess]: [MP /usr/bin/z3 SMTLIB2_COMPLIANT=true -memory:8192 -smt2 -in (8)] Ended with exit code 0
[2026-07-04 09:13:37,808 WARN  L471      AbstractCegarLoop]: Destroyed unattended storables created during the last iteration: 8 /usr/bin/z3 SMTLIB2_COMPLIANT=true -memory:8192 -smt2 -in
[2026-07-04 09:13:37,808 INFO  L408      AbstractCegarLoop]: === Iteration 8 === Targeting ULTIMATE.startErr0ASSERT_VIOLATIONASSERT === [ULTIMATE.startErr0ASSERT_VIOLATIONASSERT, ULTIMATE.startErr1ASSERT_VIOLATIONASSERT, ULTIMATE.startErr2ASSERT_VIOLATIONASSERT (and 16 more)] ===
[2026-07-04 09:13:37,808 INFO  L156       PredicateUnifier]: Initialized classic predicate unifier
[2026-07-04 09:13:37,808 INFO  L85        PathProgramCache]: Analyzing trace with hash 1220132738, now seen corresponding path program 1 times
[2026-07-04 09:13:37,809 INFO  L118   FreeRefinementEngine]: Executing refinement strategy FIXED_PREFERENCES
[2026-07-04 09:13:37,809 INFO  L324   FreeRefinementEngine]: Using trace check IpTcStrategyModulePreferences [1684303638]
[2026-07-04 09:13:37,809 INFO  L97    rtionOrderModulation]: Keeping assertion order NOT_INCREMENTALLY
[2026-07-04 09:13:37,809 INFO  L173          SolverBuilder]: Constructing external solver with command: z3 SMTLIB2_COMPLIANT=true -memory:8192 -smt2 -in
[2026-07-04 09:13:37,811 INFO  L189       MonitoredProcess]: No working directory specified, using /usr/bin/z3
[2026-07-04 09:13:37,813 INFO  L229       MonitoredProcess]: Starting monitored process 9 with /usr/bin/z3 SMTLIB2_COMPLIANT=true -memory:8192 -smt2 -in (exit command is (exit), workingDir is null)
[2026-07-04 09:13:37,823 INFO  L327       MonitoredProcess]: [MP /usr/bin/z3 SMTLIB2_COMPLIANT=true -memory:8192 -smt2 -in (9)] Waiting until timeout for monitored process
[2026-07-04 09:13:38,182 INFO  L108    AnnotateAndAsserter]: Assert order NOT_INCREMENTALLY partitioned 28 statements into 1 equivalence classes.
[2026-07-04 09:13:38,222 INFO  L111    AnnotateAndAsserter]: Assert order NOT_INCREMENTALLY issued 1 check-sat command(s) and asserted 28 of 28 statements.
[2026-07-04 09:13:38,222 INFO  L114    AnnotateAndAsserter]: Assert order NOT_INCREMENTALLY issued 1 check-sat command(s)
[2026-07-04 09:13:38,222 INFO  L115    AnnotateAndAsserter]: Conjunction of SSA is unsat
[2026-07-04 09:13:38,226 INFO  L256         TraceCheckSpWp]: Trace formula consists of 282 conjuncts, 2 conjuncts are in the unsatisfiable core
[2026-07-04 09:13:38,239 INFO  L279         TraceCheckSpWp]: Computing forward predicates...
[2026-07-04 09:13:38,266 INFO  L134       CoverageAnalysis]: Checked inductivity of 0 backedges. 0 proven. 0 refuted. 0 times theorem prover too weak. 0 trivial. 0 not checked.
[2026-07-04 09:13:38,266 INFO  L312         TraceCheckSpWp]: Computing backward predicates...
[2026-07-04 09:13:38,277 INFO  L134       CoverageAnalysis]: Checked inductivity of 0 backedges. 0 proven. 0 refuted. 0 times theorem prover too weak. 0 trivial. 0 not checked.
[2026-07-04 09:13:38,278 INFO  L136   FreeRefinementEngine]: Strategy FIXED_PREFERENCES found an infeasible trace
[2026-07-04 09:13:38,278 INFO  L324   FreeRefinementEngine]: Using interpolant generator IpTcStrategyModulePreferences [1684303638]
[2026-07-04 09:13:38,278 INFO  L158   FreeRefinementEngine]: IpTcStrategyModulePreferences [1684303638] provided 2 perfect and 0 imperfect interpolant sequences
[2026-07-04 09:13:38,278 INFO  L185   FreeRefinementEngine]: Found 2 perfect and 0 imperfect interpolant sequences.
[2026-07-04 09:13:38,278 INFO  L198   FreeRefinementEngine]: Number of different interpolants: perfect sequences [3, 3] imperfect sequences [] total 3
[2026-07-04 09:13:38,278 INFO  L121   tionRefinementEngine]: Using interpolant automaton builder IpAbStrategyModuleStraightlineAll [1249449308]
[2026-07-04 09:13:38,278 INFO  L85    oduleStraightlineAll]: Using 2 perfect interpolants to construct interpolant automaton
[2026-07-04 09:13:38,278 INFO  L567      AbstractCegarLoop]: INTERPOLANT automaton has 3 states
[2026-07-04 09:13:38,278 INFO  L100   FreeRefinementEngine]: Using predicate unifier PredicateUnifier provided by strategy FIXED_PREFERENCES
[2026-07-04 09:13:38,278 INFO  L144   InterpolantAutomaton]: Constructing interpolant automaton starting with 3 interpolants.
[2026-07-04 09:13:38,278 INFO  L146   InterpolantAutomaton]: CoverageRelationStatistics Valid=3, Invalid=3, Unknown=0, NotChecked=0, Total=6
[2026-07-04 09:13:38,278 INFO  L87              Difference]: Start difference. First operand 5281 states and 7696 transitions. Second operand  has 3 states, 3 states have (on average 9.333333333333334) internal successors, (28), 3 states have internal predecessors, (28), 0 states have call successors, (0), 0 states have call predecessors, (0), 0 states have return successors, (0), 0 states have call predecessors, (0), 0 states have call successors, (0)
[2026-07-04 09:13:38,482 INFO  L144             Difference]: Subtrahend was deterministic. Have not used determinization.
[2026-07-04 09:13:38,483 INFO  L93              Difference]: Finished difference Result 14977 states and 21898 transitions.
[2026-07-04 09:13:38,487 INFO  L140   InterpolantAutomaton]: Switched to read-only mode: deterministic interpolant automaton has 3 states. 
[2026-07-04 09:13:38,487 INFO  L79                 Accepts]: Start accepts. Automaton has  has 3 states, 3 states have (on average 9.333333333333334) internal successors, (28), 3 states have internal predecessors, (28), 0 states have call successors, (0), 0 states have call predecessors, (0), 0 states have return successors, (0), 0 states have call predecessors, (0), 0 states have call successors, (0) Word has length 28
[2026-07-04 09:13:38,487 INFO  L85                 Accepts]: Finished accepts. some prefix is accepted.
[2026-07-04 09:13:38,526 INFO  L225             Difference]: With dead ends: 14977
[2026-07-04 09:13:38,526 INFO  L226             Difference]: Without dead ends: 9697
[2026-07-04 09:13:38,546 INFO  L425           NwaCegarLoop]: 0 DeclaredPredicates, 54 GetRequests, 53 SyntacticMatches, 0 SemanticMatches, 1 ConstructedPredicates, 0 IntricatePredicates, 0 DeprecatedPredicates, 0 ImplicationChecksByTransitivity, 0.0s TimeCoverageRelationStatistics Valid=3, Invalid=3, Unknown=0, NotChecked=0, Total=6
[2026-07-04 09:13:38,547 INFO  L426           NwaCegarLoop]: 723 mSDtfsCounter, 350 mSDsluCounter, 388 mSDsCounter, 0 mSdLazyCounter, 12 mSolverCounterSat, 1 mSolverCounterUnsat, 0 mSolverCounterUnknown, 0 mSolverCounterNotChecked, 0.0s Time, 0 mProtectedPredicate, 0 mProtectedAction, 350 SdHoareTripleChecker+Valid, 1111 SdHoareTripleChecker+Invalid, 13 SdHoareTripleChecker+Unknown, 0 SdHoareTripleChecker+Unchecked, 0.0s SdHoareTripleChecker+Time, 1 IncrementalHoareTripleChecker+Valid, 12 IncrementalHoareTripleChecker+Invalid, 0 IncrementalHoareTripleChecker+Unknown, 0 IncrementalHoareTripleChecker+Unchecked, 0.0s IncrementalHoareTripleChecker+Time
[2026-07-04 09:13:38,551 INFO  L427           NwaCegarLoop]: SdHoareTripleChecker [350 Valid, 1111 Invalid, 13 Unknown, 0 Unchecked, 0.0s Time], IncrementalHoareTripleChecker [1 Valid, 12 Invalid, 0 Unknown, 0 Unchecked, 0.0s Time]
[2026-07-04 09:13:38,560 INFO  L82        GeneralOperation]: Start minimizeSevpa. Operand 9697 states.
[2026-07-04 09:13:38,843 INFO  L88        GeneralOperation]: Finished minimizeSevpa. Reduced states from 9697 to 5389.
[2026-07-04 09:13:38,850 INFO  L82        GeneralOperation]: Start removeUnreachable. Operand  has 5389 states, 5131 states have (on average 1.4578054960046773) internal successors, (7480), 5172 states have internal predecessors, (7480), 162 states have call successors, (162), 81 states have call predecessors, (162), 81 states have return successors, (162), 135 states have call predecessors, (162), 162 states have call successors, (162)
[2026-07-04 09:13:38,865 INFO  L88        GeneralOperation]: Finished removeUnreachable. Reduced from 5389 states to 5389 states and 7804 transitions.
[2026-07-04 09:13:38,866 INFO  L79                 Accepts]: Start accepts. Automaton has 5389 states and 7804 transitions. Word has length 28
[2026-07-04 09:13:38,867 INFO  L85                 Accepts]: Finished accepts. word is rejected.
[2026-07-04 09:13:38,867 INFO  L490      AbstractCegarLoop]: Abstraction has 5389 states and 7804 transitions.
[2026-07-04 09:13:38,867 INFO  L491      AbstractCegarLoop]: INTERPOLANT automaton has  has 3 states, 3 states have (on average 9.333333333333334) internal successors, (28), 3 states have internal predecessors, (28), 0 states have call successors, (0), 0 states have call predecessors, (0), 0 states have return successors, (0), 0 states have call predecessors, (0), 0 states have call successors, (0)
[2026-07-04 09:13:38,867 INFO  L278                IsEmpty]: Start isEmpty. Operand 5389 states and 7804 transitions.
[2026-07-04 09:13:38,872 INFO  L284                IsEmpty]: Finished isEmpty. Found accepting run of length 29
[2026-07-04 09:13:38,872 INFO  L199           NwaCegarLoop]: Found error trace
[2026-07-04 09:13:38,873 INFO  L207           NwaCegarLoop]: trace histogram [1, 1, 1, 1, 1, 1, 1, 1, 1, 1, 1, 1, 1, 1, 1, 1, 1, 1, 1, 1, 1, 1, 1, 1, 1, 1, 1, 1]
[2026-07-04 09:13:38,892 INFO  L534       MonitoredProcess]: [MP /usr/bin/z3 SMTLIB2_COMPLIANT=true -memory:8192 -smt2 -in (9)] Forceful destruction successful, exit code 0
[2026-07-04 09:13:39,073 WARN  L471      AbstractCegarLoop]: Destroyed unattended storables created during the last iteration: 9 /usr/bin/z3 SMTLIB2_COMPLIANT=true -memory:8192 -smt2 -in
[2026-07-04 09:13:39,073 INFO  L408      AbstractCegarLoop]: === Iteration 9 === Targeting ULTIMATE.startErr0ASSERT_VIOLATIONASSERT === [ULTIMATE.startErr0ASSERT_VIOLATIONASSERT, ULTIMATE.startErr1ASSERT_VIOLATIONASSERT, ULTIMATE.startErr2ASSERT_VIOLATIONASSERT (and 16 more)] ===
[2026-07-04 09:13:39,074 INFO  L156       PredicateUnifier]: Initialized classic predicate unifier
[2026-07-04 09:13:39,074 INFO  L85        PathProgramCache]: Analyzing trace with hash 199064384, now seen corresponding path program 1 times
[2026-07-04 09:13:39,074 INFO  L118   FreeRefinementEngine]: Executing refinement strategy FIXED_PREFERENCES
[2026-07-04 09:13:39,074 INFO  L324   FreeRefinementEngine]: Using trace check IpTcStrategyModulePreferences [1253893359]
[2026-07-04 09:13:39,074 INFO  L97    rtionOrderModulation]: Keeping assertion order NOT_INCREMENTALLY
[2026-07-04 09:13:39,074 INFO  L173          SolverBuilder]: Constructing external solver with command: z3 SMTLIB2_COMPLIANT=true -memory:8192 -smt2 -in
[2026-07-04 09:13:39,075 INFO  L189       MonitoredProcess]: No working directory specified, using /usr/bin/z3
[2026-07-04 09:13:39,086 INFO  L229       MonitoredProcess]: Starting monitored process 10 with /usr/bin/z3 SMTLIB2_COMPLIANT=true -memory:8192 -smt2 -in (exit command is (exit), workingDir is null)
[2026-07-04 09:13:39,087 INFO  L327       MonitoredProcess]: [MP /usr/bin/z3 SMTLIB2_COMPLIANT=true -memory:8192 -smt2 -in (10)] Waiting until timeout for monitored process
[2026-07-04 09:13:39,435 INFO  L108    AnnotateAndAsserter]: Assert order NOT_INCREMENTALLY partitioned 28 statements into 1 equivalence classes.
[2026-07-04 09:13:39,500 INFO  L111    AnnotateAndAsserter]: Assert order NOT_INCREMENTALLY issued 1 check-sat command(s) and asserted 28 of 28 statements.
[2026-07-04 09:13:39,500 INFO  L114    AnnotateAndAsserter]: Assert order NOT_INCREMENTALLY issued 1 check-sat command(s)
[2026-07-04 09:13:39,500 INFO  L115    AnnotateAndAsserter]: Conjunction of SSA is unsat
[2026-07-04 09:13:39,511 INFO  L256         TraceCheckSpWp]: Trace formula consists of 281 conjuncts, 2 conjuncts are in the unsatisfiable core
[2026-07-04 09:13:39,512 INFO  L279         TraceCheckSpWp]: Computing forward predicates...
[2026-07-04 09:13:39,578 INFO  L134       CoverageAnalysis]: Checked inductivity of 0 backedges. 0 proven. 0 refuted. 0 times theorem prover too weak. 0 trivial. 0 not checked.
[2026-07-04 09:13:39,578 INFO  L312         TraceCheckSpWp]: Computing backward predicates...
[2026-07-04 09:13:39,648 INFO  L134       CoverageAnalysis]: Checked inductivity of 0 backedges. 0 proven. 0 refuted. 0 times theorem prover too weak. 0 trivial. 0 not checked.
[2026-07-04 09:13:39,649 INFO  L136   FreeRefinementEngine]: Strategy FIXED_PREFERENCES found an infeasible trace
[2026-07-04 09:13:39,649 INFO  L324   FreeRefinementEngine]: Using interpolant generator IpTcStrategyModulePreferences [1253893359]
[2026-07-04 09:13:39,649 INFO  L158   FreeRefinementEngine]: IpTcStrategyModulePreferences [1253893359] provided 2 perfect and 0 imperfect interpolant sequences
[2026-07-04 09:13:39,649 INFO  L185   FreeRefinementEngine]: Found 2 perfect and 0 imperfect interpolant sequences.
[2026-07-04 09:13:39,649 INFO  L198   FreeRefinementEngine]: Number of different interpolants: perfect sequences [3, 3] imperfect sequences [] total 3
[2026-07-04 09:13:39,649 INFO  L121   tionRefinementEngine]: Using interpolant automaton builder IpAbStrategyModuleStraightlineAll [559667890]
[2026-07-04 09:13:39,649 INFO  L85    oduleStraightlineAll]: Using 2 perfect interpolants to construct interpolant automaton
[2026-07-04 09:13:39,649 INFO  L567      AbstractCegarLoop]: INTERPOLANT automaton has 3 states
[2026-07-04 09:13:39,649 INFO  L100   FreeRefinementEngine]: Using predicate unifier PredicateUnifier provided by strategy FIXED_PREFERENCES
[2026-07-04 09:13:39,649 INFO  L144   InterpolantAutomaton]: Constructing interpolant automaton starting with 3 interpolants.
[2026-07-04 09:13:39,650 INFO  L146   InterpolantAutomaton]: CoverageRelationStatistics Valid=3, Invalid=3, Unknown=0, NotChecked=0, Total=6
[2026-07-04 09:13:39,654 INFO  L87              Difference]: Start difference. First operand 5389 states and 7804 transitions. Second operand  has 3 states, 3 states have (on average 9.333333333333334) internal successors, (28), 3 states have internal predecessors, (28), 0 states have call successors, (0), 0 states have call predecessors, (0), 0 states have return successors, (0), 0 states have call predecessors, (0), 0 states have call successors, (0)
[2026-07-04 09:13:39,864 INFO  L144             Difference]: Subtrahend was deterministic. Have not used determinization.
[2026-07-04 09:13:39,864 INFO  L93              Difference]: Finished difference Result 10777 states and 15607 transitions.
[2026-07-04 09:13:39,866 INFO  L140   InterpolantAutomaton]: Switched to read-only mode: deterministic interpolant automaton has 3 states. 
[2026-07-04 09:13:39,866 INFO  L79                 Accepts]: Start accepts. Automaton has  has 3 states, 3 states have (on average 9.333333333333334) internal successors, (28), 3 states have internal predecessors, (28), 0 states have call successors, (0), 0 states have call predecessors, (0), 0 states have return successors, (0), 0 states have call predecessors, (0), 0 states have call successors, (0) Word has length 28
[2026-07-04 09:13:39,866 INFO  L85                 Accepts]: Finished accepts. some prefix is accepted.
[2026-07-04 09:13:39,888 INFO  L225             Difference]: With dead ends: 10777
[2026-07-04 09:13:39,888 INFO  L226             Difference]: Without dead ends: 5389
[2026-07-04 09:13:39,898 INFO  L425           NwaCegarLoop]: 0 DeclaredPredicates, 54 GetRequests, 53 SyntacticMatches, 0 SemanticMatches, 1 ConstructedPredicates, 0 IntricatePredicates, 0 DeprecatedPredicates, 0 ImplicationChecksByTransitivity, 0.0s TimeCoverageRelationStatistics Valid=3, Invalid=3, Unknown=0, NotChecked=0, Total=6
[2026-07-04 09:13:39,903 INFO  L426           NwaCegarLoop]: 398 mSDtfsCounter, 382 mSDsluCounter, 0 mSDsCounter, 0 mSdLazyCounter, 1 mSolverCounterSat, 2 mSolverCounterUnsat, 0 mSolverCounterUnknown, 0 mSolverCounterNotChecked, 0.0s Time, 0 mProtectedPredicate, 0 mProtectedAction, 382 SdHoareTripleChecker+Valid, 398 SdHoareTripleChecker+Invalid, 3 SdHoareTripleChecker+Unknown, 0 SdHoareTripleChecker+Unchecked, 0.0s SdHoareTripleChecker+Time, 2 IncrementalHoareTripleChecker+Valid, 1 IncrementalHoareTripleChecker+Invalid, 0 IncrementalHoareTripleChecker+Unknown, 0 IncrementalHoareTripleChecker+Unchecked, 0.0s IncrementalHoareTripleChecker+Time
[2026-07-04 09:13:39,903 INFO  L427           NwaCegarLoop]: SdHoareTripleChecker [382 Valid, 398 Invalid, 3 Unknown, 0 Unchecked, 0.0s Time], IncrementalHoareTripleChecker [2 Valid, 1 Invalid, 0 Unknown, 0 Unchecked, 0.0s Time]
[2026-07-04 09:13:39,906 INFO  L82        GeneralOperation]: Start minimizeSevpa. Operand 5389 states.
[2026-07-04 09:13:40,098 INFO  L88        GeneralOperation]: Finished minimizeSevpa. Reduced states from 5389 to 5389.
[2026-07-04 09:13:40,114 INFO  L82        GeneralOperation]: Start removeUnreachable. Operand  has 5389 states, 5131 states have (on average 1.4525433638666927) internal successors, (7453), 5172 states have internal predecessors, (7453), 162 states have call successors, (162), 81 states have call predecessors, (162), 81 states have return successors, (162), 135 states have call predecessors, (162), 162 states have call successors, (162)
[2026-07-04 09:13:40,136 INFO  L88        GeneralOperation]: Finished removeUnreachable. Reduced from 5389 states to 5389 states and 7777 transitions.
[2026-07-04 09:13:40,137 INFO  L79                 Accepts]: Start accepts. Automaton has 5389 states and 7777 transitions. Word has length 28
[2026-07-04 09:13:40,137 INFO  L85                 Accepts]: Finished accepts. word is rejected.
[2026-07-04 09:13:40,137 INFO  L490      AbstractCegarLoop]: Abstraction has 5389 states and 7777 transitions.
[2026-07-04 09:13:40,137 INFO  L491      AbstractCegarLoop]: INTERPOLANT automaton has  has 3 states, 3 states have (on average 9.333333333333334) internal successors, (28), 3 states have internal predecessors, (28), 0 states have call successors, (0), 0 states have call predecessors, (0), 0 states have return successors, (0), 0 states have call predecessors, (0), 0 states have call successors, (0)
[2026-07-04 09:13:40,138 INFO  L278                IsEmpty]: Start isEmpty. Operand 5389 states and 7777 transitions.
[2026-07-04 09:13:40,147 INFO  L284                IsEmpty]: Finished isEmpty. Found accepting run of length 29
[2026-07-04 09:13:40,148 INFO  L199           NwaCegarLoop]: Found error trace
[2026-07-04 09:13:40,148 INFO  L207           NwaCegarLoop]: trace histogram [1, 1, 1, 1, 1, 1, 1, 1, 1, 1, 1, 1, 1, 1, 1, 1, 1, 1, 1, 1, 1, 1, 1, 1, 1, 1, 1, 1]
[2026-07-04 09:13:40,155 INFO  L546       MonitoredProcess]: [MP /usr/bin/z3 SMTLIB2_COMPLIANT=true -memory:8192 -smt2 -in (10)] Ended with exit code 0
[2026-07-04 09:13:40,348 WARN  L471      AbstractCegarLoop]: Destroyed unattended storables created during the last iteration: 10 /usr/bin/z3 SMTLIB2_COMPLIANT=true -memory:8192 -smt2 -in
[2026-07-04 09:13:40,349 INFO  L408      AbstractCegarLoop]: === Iteration 10 === Targeting ULTIMATE.startErr0ASSERT_VIOLATIONASSERT === [ULTIMATE.startErr0ASSERT_VIOLATIONASSERT, ULTIMATE.startErr1ASSERT_VIOLATIONASSERT, ULTIMATE.startErr2ASSERT_VIOLATIONASSERT (and 16 more)] ===
[2026-07-04 09:13:40,349 INFO  L156       PredicateUnifier]: Initialized classic predicate unifier
[2026-07-04 09:13:40,349 INFO  L85        PathProgramCache]: Analyzing trace with hash 900128962, now seen corresponding path program 1 times
[2026-07-04 09:13:40,349 INFO  L118   FreeRefinementEngine]: Executing refinement strategy FIXED_PREFERENCES
[2026-07-04 09:13:40,349 INFO  L324   FreeRefinementEngine]: Using trace check IpTcStrategyModulePreferences [837445244]
[2026-07-04 09:13:40,349 INFO  L97    rtionOrderModulation]: Keeping assertion order NOT_INCREMENTALLY
[2026-07-04 09:13:40,349 INFO  L173          SolverBuilder]: Constructing external solver with command: z3 SMTLIB2_COMPLIANT=true -memory:8192 -smt2 -in
[2026-07-04 09:13:40,350 INFO  L189       MonitoredProcess]: No working directory specified, using /usr/bin/z3
[2026-07-04 09:13:40,352 INFO  L229       MonitoredProcess]: Starting monitored process 11 with /usr/bin/z3 SMTLIB2_COMPLIANT=true -memory:8192 -smt2 -in (exit command is (exit), workingDir is null)
[2026-07-04 09:13:40,354 INFO  L327       MonitoredProcess]: [MP /usr/bin/z3 SMTLIB2_COMPLIANT=true -memory:8192 -smt2 -in (11)] Waiting until timeout for monitored process
[2026-07-04 09:13:40,543 INFO  L108    AnnotateAndAsserter]: Assert order NOT_INCREMENTALLY partitioned 28 statements into 1 equivalence classes.
[2026-07-04 09:13:40,582 INFO  L111    AnnotateAndAsserter]: Assert order NOT_INCREMENTALLY issued 1 check-sat command(s) and asserted 28 of 28 statements.
[2026-07-04 09:13:40,582 INFO  L114    AnnotateAndAsserter]: Assert order NOT_INCREMENTALLY issued 1 check-sat command(s)
[2026-07-04 09:13:40,582 INFO  L115    AnnotateAndAsserter]: Conjunction of SSA is unsat
[2026-07-04 09:13:40,586 INFO  L256         TraceCheckSpWp]: Trace formula consists of 277 conjuncts, 2 conjuncts are in the unsatisfiable core
[2026-07-04 09:13:40,587 INFO  L279         TraceCheckSpWp]: Computing forward predicates...
[2026-07-04 09:13:40,626 INFO  L134       CoverageAnalysis]: Checked inductivity of 0 backedges. 0 proven. 0 refuted. 0 times theorem prover too weak. 0 trivial. 0 not checked.
[2026-07-04 09:13:40,626 INFO  L312         TraceCheckSpWp]: Computing backward predicates...
[2026-07-04 09:13:40,659 INFO  L134       CoverageAnalysis]: Checked inductivity of 0 backedges. 0 proven. 0 refuted. 0 times theorem prover too weak. 0 trivial. 0 not checked.
[2026-07-04 09:13:40,659 INFO  L136   FreeRefinementEngine]: Strategy FIXED_PREFERENCES found an infeasible trace
[2026-07-04 09:13:40,659 INFO  L324   FreeRefinementEngine]: Using interpolant generator IpTcStrategyModulePreferences [837445244]
[2026-07-04 09:13:40,659 INFO  L158   FreeRefinementEngine]: IpTcStrategyModulePreferences [837445244] provided 2 perfect and 0 imperfect interpolant sequences
[2026-07-04 09:13:40,659 INFO  L185   FreeRefinementEngine]: Found 2 perfect and 0 imperfect interpolant sequences.
[2026-07-04 09:13:40,659 INFO  L198   FreeRefinementEngine]: Number of different interpolants: perfect sequences [3, 3] imperfect sequences [] total 3
[2026-07-04 09:13:40,659 INFO  L121   tionRefinementEngine]: Using interpolant automaton builder IpAbStrategyModuleStraightlineAll [69614515]
[2026-07-04 09:13:40,659 INFO  L85    oduleStraightlineAll]: Using 2 perfect interpolants to construct interpolant automaton
[2026-07-04 09:13:40,659 INFO  L567      AbstractCegarLoop]: INTERPOLANT automaton has 3 states
[2026-07-04 09:13:40,659 INFO  L100   FreeRefinementEngine]: Using predicate unifier PredicateUnifier provided by strategy FIXED_PREFERENCES
[2026-07-04 09:13:40,660 INFO  L144   InterpolantAutomaton]: Constructing interpolant automaton starting with 3 interpolants.
[2026-07-04 09:13:40,660 INFO  L146   InterpolantAutomaton]: CoverageRelationStatistics Valid=3, Invalid=3, Unknown=0, NotChecked=0, Total=6
[2026-07-04 09:13:40,660 INFO  L87              Difference]: Start difference. First operand 5389 states and 7777 transitions. Second operand  has 3 states, 3 states have (on average 9.333333333333334) internal successors, (28), 3 states have internal predecessors, (28), 0 states have call successors, (0), 0 states have call predecessors, (0), 0 states have return successors, (0), 0 states have call predecessors, (0), 0 states have call successors, (0)
[2026-07-04 09:13:40,824 INFO  L144             Difference]: Subtrahend was deterministic. Have not used determinization.
[2026-07-04 09:13:40,824 INFO  L93              Difference]: Finished difference Result 10777 states and 15553 transitions.
[2026-07-04 09:13:40,824 INFO  L140   InterpolantAutomaton]: Switched to read-only mode: deterministic interpolant automaton has 3 states. 
[2026-07-04 09:13:40,825 INFO  L79                 Accepts]: Start accepts. Automaton has  has 3 states, 3 states have (on average 9.333333333333334) internal successors, (28), 3 states have internal predecessors, (28), 0 states have call successors, (0), 0 states have call predecessors, (0), 0 states have return successors, (0), 0 states have call predecessors, (0), 0 states have call successors, (0) Word has length 28
[2026-07-04 09:13:40,825 INFO  L85                 Accepts]: Finished accepts. some prefix is accepted.
[2026-07-04 09:13:40,840 INFO  L225             Difference]: With dead ends: 10777
[2026-07-04 09:13:40,840 INFO  L226             Difference]: Without dead ends: 5389
[2026-07-04 09:13:40,849 INFO  L425           NwaCegarLoop]: 0 DeclaredPredicates, 54 GetRequests, 53 SyntacticMatches, 0 SemanticMatches, 1 ConstructedPredicates, 0 IntricatePredicates, 0 DeprecatedPredicates, 0 ImplicationChecksByTransitivity, 0.0s TimeCoverageRelationStatistics Valid=3, Invalid=3, Unknown=0, NotChecked=0, Total=6
[2026-07-04 09:13:40,849 INFO  L426           NwaCegarLoop]: 397 mSDtfsCounter, 379 mSDsluCounter, 0 mSDsCounter, 0 mSdLazyCounter, 1 mSolverCounterSat, 2 mSolverCounterUnsat, 0 mSolverCounterUnknown, 0 mSolverCounterNotChecked, 0.0s Time, 0 mProtectedPredicate, 0 mProtectedAction, 379 SdHoareTripleChecker+Valid, 397 SdHoareTripleChecker+Invalid, 3 SdHoareTripleChecker+Unknown, 0 SdHoareTripleChecker+Unchecked, 0.0s SdHoareTripleChecker+Time, 2 IncrementalHoareTripleChecker+Valid, 1 IncrementalHoareTripleChecker+Invalid, 0 IncrementalHoareTripleChecker+Unknown, 0 IncrementalHoareTripleChecker+Unchecked, 0.0s IncrementalHoareTripleChecker+Time
[2026-07-04 09:13:40,849 INFO  L427           NwaCegarLoop]: SdHoareTripleChecker [379 Valid, 397 Invalid, 3 Unknown, 0 Unchecked, 0.0s Time], IncrementalHoareTripleChecker [2 Valid, 1 Invalid, 0 Unknown, 0 Unchecked, 0.0s Time]
[2026-07-04 09:13:40,851 INFO  L82        GeneralOperation]: Start minimizeSevpa. Operand 5389 states.
[2026-07-04 09:13:41,037 INFO  L88        GeneralOperation]: Finished minimizeSevpa. Reduced states from 5389 to 5389.
[2026-07-04 09:13:41,044 INFO  L82        GeneralOperation]: Start removeUnreachable. Operand  has 5389 states, 5131 states have (on average 1.4472812317287078) internal successors, (7426), 5172 states have internal predecessors, (7426), 162 states have call successors, (162), 81 states have call predecessors, (162), 81 states have return successors, (162), 135 states have call predecessors, (162), 162 states have call successors, (162)
[2026-07-04 09:13:41,049 INFO  L88        GeneralOperation]: Finished removeUnreachable. Reduced from 5389 states to 5389 states and 7750 transitions.
[2026-07-04 09:13:41,050 INFO  L79                 Accepts]: Start accepts. Automaton has 5389 states and 7750 transitions. Word has length 28
[2026-07-04 09:13:41,050 INFO  L85                 Accepts]: Finished accepts. word is rejected.
[2026-07-04 09:13:41,050 INFO  L490      AbstractCegarLoop]: Abstraction has 5389 states and 7750 transitions.
[2026-07-04 09:13:41,050 INFO  L491      AbstractCegarLoop]: INTERPOLANT automaton has  has 3 states, 3 states have (on average 9.333333333333334) internal successors, (28), 3 states have internal predecessors, (28), 0 states have call successors, (0), 0 states have call predecessors, (0), 0 states have return successors, (0), 0 states have call predecessors, (0), 0 states have call successors, (0)
[2026-07-04 09:13:41,050 INFO  L278                IsEmpty]: Start isEmpty. Operand 5389 states and 7750 transitions.
[2026-07-04 09:13:41,056 INFO  L284                IsEmpty]: Finished isEmpty. Found accepting run of length 29
[2026-07-04 09:13:41,056 INFO  L199           NwaCegarLoop]: Found error trace
[2026-07-04 09:13:41,063 INFO  L207           NwaCegarLoop]: trace histogram [1, 1, 1, 1, 1, 1, 1, 1, 1, 1, 1, 1, 1, 1, 1, 1, 1, 1, 1, 1, 1, 1, 1, 1, 1, 1, 1, 1]
[2026-07-04 09:13:41,076 INFO  L546       MonitoredProcess]: [MP /usr/bin/z3 SMTLIB2_COMPLIANT=true -memory:8192 -smt2 -in (11)] Ended with exit code 0
[2026-07-04 09:13:41,267 WARN  L471      AbstractCegarLoop]: Destroyed unattended storables created during the last iteration: 11 /usr/bin/z3 SMTLIB2_COMPLIANT=true -memory:8192 -smt2 -in
[2026-07-04 09:13:41,268 INFO  L408      AbstractCegarLoop]: === Iteration 11 === Targeting ULTIMATE.startErr0ASSERT_VIOLATIONASSERT === [ULTIMATE.startErr0ASSERT_VIOLATIONASSERT, ULTIMATE.startErr1ASSERT_VIOLATIONASSERT, ULTIMATE.startErr2ASSERT_VIOLATIONASSERT (and 16 more)] ===
[2026-07-04 09:13:41,268 INFO  L156       PredicateUnifier]: Initialized classic predicate unifier
[2026-07-04 09:13:41,268 INFO  L85        PathProgramCache]: Analyzing trace with hash 1580187332, now seen corresponding path program 1 times
[2026-07-04 09:13:41,268 INFO  L118   FreeRefinementEngine]: Executing refinement strategy FIXED_PREFERENCES
[2026-07-04 09:13:41,268 INFO  L324   FreeRefinementEngine]: Using trace check IpTcStrategyModulePreferences [1430184119]
[2026-07-04 09:13:41,268 INFO  L97    rtionOrderModulation]: Keeping assertion order NOT_INCREMENTALLY
[2026-07-04 09:13:41,268 INFO  L173          SolverBuilder]: Constructing external solver with command: z3 SMTLIB2_COMPLIANT=true -memory:8192 -smt2 -in
[2026-07-04 09:13:41,270 INFO  L189       MonitoredProcess]: No working directory specified, using /usr/bin/z3
[2026-07-04 09:13:41,273 INFO  L229       MonitoredProcess]: Starting monitored process 12 with /usr/bin/z3 SMTLIB2_COMPLIANT=true -memory:8192 -smt2 -in (exit command is (exit), workingDir is null)
[2026-07-04 09:13:41,274 INFO  L327       MonitoredProcess]: [MP /usr/bin/z3 SMTLIB2_COMPLIANT=true -memory:8192 -smt2 -in (12)] Waiting until timeout for monitored process
[2026-07-04 09:13:41,480 INFO  L108    AnnotateAndAsserter]: Assert order NOT_INCREMENTALLY partitioned 28 statements into 1 equivalence classes.
[2026-07-04 09:13:41,520 INFO  L111    AnnotateAndAsserter]: Assert order NOT_INCREMENTALLY issued 1 check-sat command(s) and asserted 28 of 28 statements.
[2026-07-04 09:13:41,520 INFO  L114    AnnotateAndAsserter]: Assert order NOT_INCREMENTALLY issued 1 check-sat command(s)
[2026-07-04 09:13:41,520 INFO  L115    AnnotateAndAsserter]: Conjunction of SSA is unsat
[2026-07-04 09:13:41,525 INFO  L256         TraceCheckSpWp]: Trace formula consists of 273 conjuncts, 2 conjuncts are in the unsatisfiable core
[2026-07-04 09:13:41,526 INFO  L279         TraceCheckSpWp]: Computing forward predicates...
[2026-07-04 09:13:41,579 INFO  L134       CoverageAnalysis]: Checked inductivity of 0 backedges. 0 proven. 0 refuted. 0 times theorem prover too weak. 0 trivial. 0 not checked.
[2026-07-04 09:13:41,580 INFO  L312         TraceCheckSpWp]: Computing backward predicates...
[2026-07-04 09:13:41,675 INFO  L134       CoverageAnalysis]: Checked inductivity of 0 backedges. 0 proven. 0 refuted. 0 times theorem prover too weak. 0 trivial. 0 not checked.
[2026-07-04 09:13:41,675 INFO  L136   FreeRefinementEngine]: Strategy FIXED_PREFERENCES found an infeasible trace
[2026-07-04 09:13:41,675 INFO  L324   FreeRefinementEngine]: Using interpolant generator IpTcStrategyModulePreferences [1430184119]
[2026-07-04 09:13:41,675 INFO  L158   FreeRefinementEngine]: IpTcStrategyModulePreferences [1430184119] provided 2 perfect and 0 imperfect interpolant sequences
[2026-07-04 09:13:41,675 INFO  L185   FreeRefinementEngine]: Found 2 perfect and 0 imperfect interpolant sequences.
[2026-07-04 09:13:41,676 INFO  L198   FreeRefinementEngine]: Number of different interpolants: perfect sequences [3, 3] imperfect sequences [] total 3
[2026-07-04 09:13:41,676 INFO  L121   tionRefinementEngine]: Using interpolant automaton builder IpAbStrategyModuleStraightlineAll [149048314]
[2026-07-04 09:13:41,676 INFO  L85    oduleStraightlineAll]: Using 2 perfect interpolants to construct interpolant automaton
[2026-07-04 09:13:41,676 INFO  L567      AbstractCegarLoop]: INTERPOLANT automaton has 3 states
[2026-07-04 09:13:41,676 INFO  L100   FreeRefinementEngine]: Using predicate unifier PredicateUnifier provided by strategy FIXED_PREFERENCES
[2026-07-04 09:13:41,676 INFO  L144   InterpolantAutomaton]: Constructing interpolant automaton starting with 3 interpolants.
[2026-07-04 09:13:41,676 INFO  L146   InterpolantAutomaton]: CoverageRelationStatistics Valid=3, Invalid=3, Unknown=0, NotChecked=0, Total=6
[2026-07-04 09:13:41,676 INFO  L87              Difference]: Start difference. First operand 5389 states and 7750 transitions. Second operand  has 3 states, 3 states have (on average 9.333333333333334) internal successors, (28), 3 states have internal predecessors, (28), 0 states have call successors, (0), 0 states have call predecessors, (0), 0 states have return successors, (0), 0 states have call predecessors, (0), 0 states have call successors, (0)
[2026-07-04 09:13:41,866 INFO  L144             Difference]: Subtrahend was deterministic. Have not used determinization.
[2026-07-04 09:13:41,867 INFO  L93              Difference]: Finished difference Result 10777 states and 15499 transitions.
[2026-07-04 09:13:41,867 INFO  L140   InterpolantAutomaton]: Switched to read-only mode: deterministic interpolant automaton has 3 states. 
[2026-07-04 09:13:41,867 INFO  L79                 Accepts]: Start accepts. Automaton has  has 3 states, 3 states have (on average 9.333333333333334) internal successors, (28), 3 states have internal predecessors, (28), 0 states have call successors, (0), 0 states have call predecessors, (0), 0 states have return successors, (0), 0 states have call predecessors, (0), 0 states have call successors, (0) Word has length 28
[2026-07-04 09:13:41,867 INFO  L85                 Accepts]: Finished accepts. some prefix is accepted.
[2026-07-04 09:13:41,887 INFO  L225             Difference]: With dead ends: 10777
[2026-07-04 09:13:41,887 INFO  L226             Difference]: Without dead ends: 5389
[2026-07-04 09:13:41,890 INFO  L425           NwaCegarLoop]: 0 DeclaredPredicates, 54 GetRequests, 53 SyntacticMatches, 0 SemanticMatches, 1 ConstructedPredicates, 0 IntricatePredicates, 0 DeprecatedPredicates, 0 ImplicationChecksByTransitivity, 0.0s TimeCoverageRelationStatistics Valid=3, Invalid=3, Unknown=0, NotChecked=0, Total=6
[2026-07-04 09:13:41,895 INFO  L426           NwaCegarLoop]: 396 mSDtfsCounter, 376 mSDsluCounter, 0 mSDsCounter, 0 mSdLazyCounter, 1 mSolverCounterSat, 2 mSolverCounterUnsat, 0 mSolverCounterUnknown, 0 mSolverCounterNotChecked, 0.0s Time, 0 mProtectedPredicate, 0 mProtectedAction, 376 SdHoareTripleChecker+Valid, 396 SdHoareTripleChecker+Invalid, 3 SdHoareTripleChecker+Unknown, 0 SdHoareTripleChecker+Unchecked, 0.0s SdHoareTripleChecker+Time, 2 IncrementalHoareTripleChecker+Valid, 1 IncrementalHoareTripleChecker+Invalid, 0 IncrementalHoareTripleChecker+Unknown, 0 IncrementalHoareTripleChecker+Unchecked, 0.0s IncrementalHoareTripleChecker+Time
[2026-07-04 09:13:41,895 INFO  L427           NwaCegarLoop]: SdHoareTripleChecker [376 Valid, 396 Invalid, 3 Unknown, 0 Unchecked, 0.0s Time], IncrementalHoareTripleChecker [2 Valid, 1 Invalid, 0 Unknown, 0 Unchecked, 0.0s Time]
[2026-07-04 09:13:41,897 INFO  L82        GeneralOperation]: Start minimizeSevpa. Operand 5389 states.
[2026-07-04 09:13:42,020 INFO  L88        GeneralOperation]: Finished minimizeSevpa. Reduced states from 5389 to 5389.
[2026-07-04 09:13:42,031 INFO  L82        GeneralOperation]: Start removeUnreachable. Operand  has 5389 states, 5131 states have (on average 1.4420190995907232) internal successors, (7399), 5172 states have internal predecessors, (7399), 162 states have call successors, (162), 81 states have call predecessors, (162), 81 states have return successors, (162), 135 states have call predecessors, (162), 162 states have call successors, (162)
[2026-07-04 09:13:42,035 INFO  L88        GeneralOperation]: Finished removeUnreachable. Reduced from 5389 states to 5389 states and 7723 transitions.
[2026-07-04 09:13:42,040 INFO  L79                 Accepts]: Start accepts. Automaton has 5389 states and 7723 transitions. Word has length 28
[2026-07-04 09:13:42,041 INFO  L85                 Accepts]: Finished accepts. word is rejected.
[2026-07-04 09:13:42,041 INFO  L490      AbstractCegarLoop]: Abstraction has 5389 states and 7723 transitions.
[2026-07-04 09:13:42,041 INFO  L491      AbstractCegarLoop]: INTERPOLANT automaton has  has 3 states, 3 states have (on average 9.333333333333334) internal successors, (28), 3 states have internal predecessors, (28), 0 states have call successors, (0), 0 states have call predecessors, (0), 0 states have return successors, (0), 0 states have call predecessors, (0), 0 states have call successors, (0)
[2026-07-04 09:13:42,041 INFO  L278                IsEmpty]: Start isEmpty. Operand 5389 states and 7723 transitions.
[2026-07-04 09:13:40,596 INFO  L284                IsEmpty]: Finished isEmpty. Found accepting run of length 29
[2026-07-04 09:13:40,596 INFO  L199           NwaCegarLoop]: Found error trace
[2026-07-04 09:13:40,596 INFO  L207           NwaCegarLoop]: trace histogram [1, 1, 1, 1, 1, 1, 1, 1, 1, 1, 1, 1, 1, 1, 1, 1, 1, 1, 1, 1, 1, 1, 1, 1, 1, 1, 1, 1]
[2026-07-04 09:13:40,614 INFO  L546       MonitoredProcess]: [MP /usr/bin/z3 SMTLIB2_COMPLIANT=true -memory:8192 -smt2 -in (12)] Ended with exit code 0
[2026-07-04 09:13:40,801 WARN  L471      AbstractCegarLoop]: Destroyed unattended storables created during the last iteration: 12 /usr/bin/z3 SMTLIB2_COMPLIANT=true -memory:8192 -smt2 -in
[2026-07-04 09:13:40,801 INFO  L408      AbstractCegarLoop]: === Iteration 12 === Targeting ULTIMATE.startErr0ASSERT_VIOLATIONASSERT === [ULTIMATE.startErr0ASSERT_VIOLATIONASSERT, ULTIMATE.startErr1ASSERT_VIOLATIONASSERT, ULTIMATE.startErr2ASSERT_VIOLATIONASSERT (and 16 more)] ===
[2026-07-04 09:13:40,803 INFO  L156       PredicateUnifier]: Initialized classic predicate unifier
[2026-07-04 09:13:40,803 INFO  L85        PathProgramCache]: Analyzing trace with hash -939772602, now seen corresponding path program 1 times
[2026-07-04 09:13:40,803 INFO  L118   FreeRefinementEngine]: Executing refinement strategy FIXED_PREFERENCES
[2026-07-04 09:13:40,803 INFO  L324   FreeRefinementEngine]: Using trace check IpTcStrategyModulePreferences [1378141427]
[2026-07-04 09:13:40,803 INFO  L97    rtionOrderModulation]: Keeping assertion order NOT_INCREMENTALLY
[2026-07-04 09:13:40,803 INFO  L173          SolverBuilder]: Constructing external solver with command: z3 SMTLIB2_COMPLIANT=true -memory:8192 -smt2 -in
[2026-07-04 09:13:40,804 INFO  L189       MonitoredProcess]: No working directory specified, using /usr/bin/z3
[2026-07-04 09:13:40,813 INFO  L229       MonitoredProcess]: Starting monitored process 13 with /usr/bin/z3 SMTLIB2_COMPLIANT=true -memory:8192 -smt2 -in (exit command is (exit), workingDir is null)
[2026-07-04 09:13:40,814 INFO  L327       MonitoredProcess]: [MP /usr/bin/z3 SMTLIB2_COMPLIANT=true -memory:8192 -smt2 -in (13)] Waiting until timeout for monitored process
[2026-07-04 09:13:41,165 INFO  L108    AnnotateAndAsserter]: Assert order NOT_INCREMENTALLY partitioned 28 statements into 1 equivalence classes.
[2026-07-04 09:13:41,196 INFO  L111    AnnotateAndAsserter]: Assert order NOT_INCREMENTALLY issued 1 check-sat command(s) and asserted 28 of 28 statements.
[2026-07-04 09:13:41,196 INFO  L114    AnnotateAndAsserter]: Assert order NOT_INCREMENTALLY issued 1 check-sat command(s)
[2026-07-04 09:13:41,196 INFO  L115    AnnotateAndAsserter]: Conjunction of SSA is unsat
[2026-07-04 09:13:41,200 INFO  L256         TraceCheckSpWp]: Trace formula consists of 269 conjuncts, 2 conjuncts are in the unsatisfiable core
[2026-07-04 09:13:41,201 INFO  L279         TraceCheckSpWp]: Computing forward predicates...
[2026-07-04 09:13:41,240 INFO  L134       CoverageAnalysis]: Checked inductivity of 0 backedges. 0 proven. 0 refuted. 0 times theorem prover too weak. 0 trivial. 0 not checked.
[2026-07-04 09:13:41,241 INFO  L312         TraceCheckSpWp]: Computing backward predicates...
[2026-07-04 09:13:41,278 INFO  L134       CoverageAnalysis]: Checked inductivity of 0 backedges. 0 proven. 0 refuted. 0 times theorem prover too weak. 0 trivial. 0 not checked.
[2026-07-04 09:13:41,278 INFO  L136   FreeRefinementEngine]: Strategy FIXED_PREFERENCES found an infeasible trace
[2026-07-04 09:13:41,278 INFO  L324   FreeRefinementEngine]: Using interpolant generator IpTcStrategyModulePreferences [1378141427]
[2026-07-04 09:13:41,278 INFO  L158   FreeRefinementEngine]: IpTcStrategyModulePreferences [1378141427] provided 2 perfect and 0 imperfect interpolant sequences
[2026-07-04 09:13:41,278 INFO  L185   FreeRefinementEngine]: Found 2 perfect and 0 imperfect interpolant sequences.
[2026-07-04 09:13:41,278 INFO  L198   FreeRefinementEngine]: Number of different interpolants: perfect sequences [3, 3] imperfect sequences [] total 3
[2026-07-04 09:13:41,278 INFO  L121   tionRefinementEngine]: Using interpolant automaton builder IpAbStrategyModuleStraightlineAll [1490359511]
[2026-07-04 09:13:41,278 INFO  L85    oduleStraightlineAll]: Using 2 perfect interpolants to construct interpolant automaton
[2026-07-04 09:13:41,278 INFO  L567      AbstractCegarLoop]: INTERPOLANT automaton has 3 states
[2026-07-04 09:13:41,278 INFO  L100   FreeRefinementEngine]: Using predicate unifier PredicateUnifier provided by strategy FIXED_PREFERENCES
[2026-07-04 09:13:41,278 INFO  L144   InterpolantAutomaton]: Constructing interpolant automaton starting with 3 interpolants.
[2026-07-04 09:13:41,278 INFO  L146   InterpolantAutomaton]: CoverageRelationStatistics Valid=3, Invalid=3, Unknown=0, NotChecked=0, Total=6
[2026-07-04 09:13:41,279 INFO  L87              Difference]: Start difference. First operand 5389 states and 7723 transitions. Second operand  has 3 states, 3 states have (on average 9.333333333333334) internal successors, (28), 3 states have internal predecessors, (28), 0 states have call successors, (0), 0 states have call predecessors, (0), 0 states have return successors, (0), 0 states have call predecessors, (0), 0 states have call successors, (0)
[2026-07-04 09:13:41,348 INFO  L144             Difference]: Subtrahend was deterministic. Have not used determinization.
[2026-07-04 09:13:41,353 INFO  L93              Difference]: Finished difference Result 10777 states and 15445 transitions.
[2026-07-04 09:13:41,354 INFO  L140   InterpolantAutomaton]: Switched to read-only mode: deterministic interpolant automaton has 3 states. 
[2026-07-04 09:13:41,354 INFO  L79                 Accepts]: Start accepts. Automaton has  has 3 states, 3 states have (on average 9.333333333333334) internal successors, (28), 3 states have internal predecessors, (28), 0 states have call successors, (0), 0 states have call predecessors, (0), 0 states have return successors, (0), 0 states have call predecessors, (0), 0 states have call successors, (0) Word has length 28
[2026-07-04 09:13:41,354 INFO  L85                 Accepts]: Finished accepts. some prefix is accepted.
[2026-07-04 09:13:41,368 INFO  L225             Difference]: With dead ends: 10777
[2026-07-04 09:13:41,368 INFO  L226             Difference]: Without dead ends: 5389
[2026-07-04 09:13:41,372 INFO  L425           NwaCegarLoop]: 0 DeclaredPredicates, 54 GetRequests, 53 SyntacticMatches, 0 SemanticMatches, 1 ConstructedPredicates, 0 IntricatePredicates, 0 DeprecatedPredicates, 0 ImplicationChecksByTransitivity, 0.0s TimeCoverageRelationStatistics Valid=3, Invalid=3, Unknown=0, NotChecked=0, Total=6
[2026-07-04 09:13:41,372 INFO  L426           NwaCegarLoop]: 395 mSDtfsCounter, 373 mSDsluCounter, 0 mSDsCounter, 0 mSdLazyCounter, 1 mSolverCounterSat, 2 mSolverCounterUnsat, 0 mSolverCounterUnknown, 0 mSolverCounterNotChecked, 0.0s Time, 0 mProtectedPredicate, 0 mProtectedAction, 373 SdHoareTripleChecker+Valid, 395 SdHoareTripleChecker+Invalid, 3 SdHoareTripleChecker+Unknown, 0 SdHoareTripleChecker+Unchecked, 0.0s SdHoareTripleChecker+Time, 2 IncrementalHoareTripleChecker+Valid, 1 IncrementalHoareTripleChecker+Invalid, 0 IncrementalHoareTripleChecker+Unknown, 0 IncrementalHoareTripleChecker+Unchecked, 0.0s IncrementalHoareTripleChecker+Time
[2026-07-04 09:13:41,372 INFO  L427           NwaCegarLoop]: SdHoareTripleChecker [373 Valid, 395 Invalid, 3 Unknown, 0 Unchecked, 0.0s Time], IncrementalHoareTripleChecker [2 Valid, 1 Invalid, 0 Unknown, 0 Unchecked, 0.0s Time]
[2026-07-04 09:13:41,382 INFO  L82        GeneralOperation]: Start minimizeSevpa. Operand 5389 states.
[2026-07-04 09:13:41,545 INFO  L88        GeneralOperation]: Finished minimizeSevpa. Reduced states from 5389 to 5389.
[2026-07-04 09:13:41,552 INFO  L82        GeneralOperation]: Start removeUnreachable. Operand  has 5389 states, 5131 states have (on average 1.4367569674527383) internal successors, (7372), 5172 states have internal predecessors, (7372), 162 states have call successors, (162), 81 states have call predecessors, (162), 81 states have return successors, (162), 135 states have call predecessors, (162), 162 states have call successors, (162)
[2026-07-04 09:13:41,566 INFO  L88        GeneralOperation]: Finished removeUnreachable. Reduced from 5389 states to 5389 states and 7696 transitions.
[2026-07-04 09:13:41,567 INFO  L79                 Accepts]: Start accepts. Automaton has 5389 states and 7696 transitions. Word has length 28
[2026-07-04 09:13:41,574 INFO  L85                 Accepts]: Finished accepts. word is rejected.
[2026-07-04 09:13:41,574 INFO  L490      AbstractCegarLoop]: Abstraction has 5389 states and 7696 transitions.
[2026-07-04 09:13:41,574 INFO  L491      AbstractCegarLoop]: INTERPOLANT automaton has  has 3 states, 3 states have (on average 9.333333333333334) internal successors, (28), 3 states have internal predecessors, (28), 0 states have call successors, (0), 0 states have call predecessors, (0), 0 states have return successors, (0), 0 states have call predecessors, (0), 0 states have call successors, (0)
[2026-07-04 09:13:41,574 INFO  L278                IsEmpty]: Start isEmpty. Operand 5389 states and 7696 transitions.
[2026-07-04 09:13:41,576 INFO  L284                IsEmpty]: Finished isEmpty. Found accepting run of length 29
[2026-07-04 09:13:41,576 INFO  L199           NwaCegarLoop]: Found error trace
[2026-07-04 09:13:41,576 INFO  L207           NwaCegarLoop]: trace histogram [1, 1, 1, 1, 1, 1, 1, 1, 1, 1, 1, 1, 1, 1, 1, 1, 1, 1, 1, 1, 1, 1, 1, 1, 1, 1, 1, 1]
[2026-07-04 09:13:41,592 INFO  L546       MonitoredProcess]: [MP /usr/bin/z3 SMTLIB2_COMPLIANT=true -memory:8192 -smt2 -in (13)] Ended with exit code 0
[2026-07-04 09:13:41,777 WARN  L471      AbstractCegarLoop]: Destroyed unattended storables created during the last iteration: 13 /usr/bin/z3 SMTLIB2_COMPLIANT=true -memory:8192 -smt2 -in
[2026-07-04 09:13:41,778 INFO  L408      AbstractCegarLoop]: === Iteration 13 === Targeting ULTIMATE.startErr0ASSERT_VIOLATIONASSERT === [ULTIMATE.startErr0ASSERT_VIOLATIONASSERT, ULTIMATE.startErr1ASSERT_VIOLATIONASSERT, ULTIMATE.startErr2ASSERT_VIOLATIONASSERT (and 16 more)] ===
[2026-07-04 09:13:41,778 INFO  L156       PredicateUnifier]: Initialized classic predicate unifier
[2026-07-04 09:13:41,778 INFO  L85        PathProgramCache]: Analyzing trace with hash -937925560, now seen corresponding path program 1 times
[2026-07-04 09:13:41,778 INFO  L118   FreeRefinementEngine]: Executing refinement strategy FIXED_PREFERENCES
[2026-07-04 09:13:41,778 INFO  L324   FreeRefinementEngine]: Using trace check IpTcStrategyModulePreferences [1073158367]
[2026-07-04 09:13:41,778 INFO  L97    rtionOrderModulation]: Keeping assertion order NOT_INCREMENTALLY
[2026-07-04 09:13:41,779 INFO  L173          SolverBuilder]: Constructing external solver with command: z3 SMTLIB2_COMPLIANT=true -memory:8192 -smt2 -in
[2026-07-04 09:13:41,780 INFO  L189       MonitoredProcess]: No working directory specified, using /usr/bin/z3
[2026-07-04 09:13:41,781 INFO  L229       MonitoredProcess]: Starting monitored process 14 with /usr/bin/z3 SMTLIB2_COMPLIANT=true -memory:8192 -smt2 -in (exit command is (exit), workingDir is null)
[2026-07-04 09:13:41,784 INFO  L327       MonitoredProcess]: [MP /usr/bin/z3 SMTLIB2_COMPLIANT=true -memory:8192 -smt2 -in (14)] Waiting until timeout for monitored process
[2026-07-04 09:13:41,983 INFO  L108    AnnotateAndAsserter]: Assert order NOT_INCREMENTALLY partitioned 28 statements into 1 equivalence classes.
[2026-07-04 09:13:42,014 INFO  L111    AnnotateAndAsserter]: Assert order NOT_INCREMENTALLY issued 1 check-sat command(s) and asserted 28 of 28 statements.
[2026-07-04 09:13:42,014 INFO  L114    AnnotateAndAsserter]: Assert order NOT_INCREMENTALLY issued 1 check-sat command(s)
[2026-07-04 09:13:42,014 INFO  L115    AnnotateAndAsserter]: Conjunction of SSA is unsat
[2026-07-04 09:13:42,018 INFO  L256         TraceCheckSpWp]: Trace formula consists of 265 conjuncts, 2 conjuncts are in the unsatisfiable core
[2026-07-04 09:13:42,021 INFO  L279         TraceCheckSpWp]: Computing forward predicates...
[2026-07-04 09:13:42,900 INFO  L134       CoverageAnalysis]: Checked inductivity of 0 backedges. 0 proven. 0 refuted. 0 times theorem prover too weak. 0 trivial. 0 not checked.
[2026-07-04 09:13:42,900 INFO  L312         TraceCheckSpWp]: Computing backward predicates...
[2026-07-04 09:13:42,913 INFO  L134       CoverageAnalysis]: Checked inductivity of 0 backedges. 0 proven. 0 refuted. 0 times theorem prover too weak. 0 trivial. 0 not checked.
[2026-07-04 09:13:42,913 INFO  L136   FreeRefinementEngine]: Strategy FIXED_PREFERENCES found an infeasible trace
[2026-07-04 09:13:42,913 INFO  L324   FreeRefinementEngine]: Using interpolant generator IpTcStrategyModulePreferences [1073158367]
[2026-07-04 09:13:42,913 INFO  L158   FreeRefinementEngine]: IpTcStrategyModulePreferences [1073158367] provided 2 perfect and 0 imperfect interpolant sequences
[2026-07-04 09:13:42,913 INFO  L185   FreeRefinementEngine]: Found 2 perfect and 0 imperfect interpolant sequences.
[2026-07-04 09:13:42,913 INFO  L198   FreeRefinementEngine]: Number of different interpolants: perfect sequences [2, 2] imperfect sequences [] total 3
[2026-07-04 09:13:42,913 INFO  L121   tionRefinementEngine]: Using interpolant automaton builder IpAbStrategyModuleStraightlineAll [287412689]
[2026-07-04 09:13:42,913 INFO  L85    oduleStraightlineAll]: Using 2 perfect interpolants to construct interpolant automaton
[2026-07-04 09:13:42,914 INFO  L567      AbstractCegarLoop]: INTERPOLANT automaton has 4 states
[2026-07-04 09:13:42,914 INFO  L100   FreeRefinementEngine]: Using predicate unifier PredicateUnifier provided by strategy FIXED_PREFERENCES
[2026-07-04 09:13:42,914 INFO  L144   InterpolantAutomaton]: Constructing interpolant automaton starting with 4 interpolants.
[2026-07-04 09:13:42,915 INFO  L146   InterpolantAutomaton]: CoverageRelationStatistics Valid=6, Invalid=6, Unknown=0, NotChecked=0, Total=12
[2026-07-04 09:13:42,915 INFO  L87              Difference]: Start difference. First operand 5389 states and 7696 transitions. Second operand  has 4 states, 4 states have (on average 7.75) internal successors, (31), 3 states have internal predecessors, (31), 0 states have call successors, (0), 0 states have call predecessors, (0), 0 states have return successors, (0), 0 states have call predecessors, (0), 0 states have call successors, (0)
[2026-07-04 09:13:43,087 INFO  L144             Difference]: Subtrahend was deterministic. Have not used determinization.
[2026-07-04 09:13:43,088 INFO  L93              Difference]: Finished difference Result 14596 states and 21034 transitions.
[2026-07-04 09:13:43,097 INFO  L140   InterpolantAutomaton]: Switched to read-only mode: deterministic interpolant automaton has 3 states. 
[2026-07-04 09:13:43,098 INFO  L79                 Accepts]: Start accepts. Automaton has  has 4 states, 4 states have (on average 7.75) internal successors, (31), 3 states have internal predecessors, (31), 0 states have call successors, (0), 0 states have call predecessors, (0), 0 states have return successors, (0), 0 states have call predecessors, (0), 0 states have call successors, (0) Word has length 28
[2026-07-04 09:13:43,098 INFO  L85                 Accepts]: Finished accepts. some prefix is accepted.
[2026-07-04 09:13:43,117 INFO  L225             Difference]: With dead ends: 14596
[2026-07-04 09:13:43,117 INFO  L226             Difference]: Without dead ends: 9208
[2026-07-04 09:13:43,127 INFO  L425           NwaCegarLoop]: 0 DeclaredPredicates, 54 GetRequests, 52 SyntacticMatches, 0 SemanticMatches, 2 ConstructedPredicates, 0 IntricatePredicates, 0 DeprecatedPredicates, 0 ImplicationChecksByTransitivity, 0.0s TimeCoverageRelationStatistics Valid=6, Invalid=6, Unknown=0, NotChecked=0, Total=12
[2026-07-04 09:13:43,133 INFO  L426           NwaCegarLoop]: 395 mSDtfsCounter, 320 mSDsluCounter, 786 mSDsCounter, 0 mSdLazyCounter, 5 mSolverCounterSat, 0 mSolverCounterUnsat, 0 mSolverCounterUnknown, 0 mSolverCounterNotChecked, 0.0s Time, 0 mProtectedPredicate, 0 mProtectedAction, 320 SdHoareTripleChecker+Valid, 1181 SdHoareTripleChecker+Invalid, 5 SdHoareTripleChecker+Unknown, 0 SdHoareTripleChecker+Unchecked, 0.0s SdHoareTripleChecker+Time, 0 IncrementalHoareTripleChecker+Valid, 5 IncrementalHoareTripleChecker+Invalid, 0 IncrementalHoareTripleChecker+Unknown, 0 IncrementalHoareTripleChecker+Unchecked, 0.0s IncrementalHoareTripleChecker+Time
[2026-07-04 09:13:43,133 INFO  L427           NwaCegarLoop]: SdHoareTripleChecker [320 Valid, 1181 Invalid, 5 Unknown, 0 Unchecked, 0.0s Time], IncrementalHoareTripleChecker [0 Valid, 5 Invalid, 0 Unknown, 0 Unchecked, 0.0s Time]
[2026-07-04 09:13:43,136 INFO  L82        GeneralOperation]: Start minimizeSevpa. Operand 9208 states.
[2026-07-04 09:13:43,422 INFO  L88        GeneralOperation]: Finished minimizeSevpa. Reduced states from 9208 to 9196.
[2026-07-04 09:13:43,437 INFO  L82        GeneralOperation]: Start removeUnreachable. Operand  has 9196 states, 8776 states have (on average 1.4553327256153146) internal successors, (12772), 8844 states have internal predecessors, (12772), 270 states have call successors, (270), 135 states have call predecessors, (270), 135 states have return successors, (270), 216 states have call predecessors, (270), 270 states have call successors, (270)
[2026-07-04 09:13:43,551 INFO  L88        GeneralOperation]: Finished removeUnreachable. Reduced from 9196 states to 9196 states and 13312 transitions.
[2026-07-04 09:13:43,553 INFO  L79                 Accepts]: Start accepts. Automaton has 9196 states and 13312 transitions. Word has length 28
[2026-07-04 09:13:43,554 INFO  L85                 Accepts]: Finished accepts. word is rejected.
[2026-07-04 09:13:43,554 INFO  L490      AbstractCegarLoop]: Abstraction has 9196 states and 13312 transitions.
[2026-07-04 09:13:43,554 INFO  L491      AbstractCegarLoop]: INTERPOLANT automaton has  has 4 states, 4 states have (on average 7.75) internal successors, (31), 3 states have internal predecessors, (31), 0 states have call successors, (0), 0 states have call predecessors, (0), 0 states have return successors, (0), 0 states have call predecessors, (0), 0 states have call successors, (0)
[2026-07-04 09:13:43,554 INFO  L278                IsEmpty]: Start isEmpty. Operand 9196 states and 13312 transitions.
[2026-07-04 09:13:43,563 INFO  L284                IsEmpty]: Finished isEmpty. Found accepting run of length 32
[2026-07-04 09:13:43,563 INFO  L199           NwaCegarLoop]: Found error trace
[2026-07-04 09:13:43,563 INFO  L207           NwaCegarLoop]: trace histogram [2, 1, 1, 1, 1, 1, 1, 1, 1, 1, 1, 1, 1, 1, 1, 1, 1, 1, 1, 1, 1, 1, 1, 1, 1, 1, 1, 1, 1, 1]
[2026-07-04 09:13:43,582 INFO  L546       MonitoredProcess]: [MP /usr/bin/z3 SMTLIB2_COMPLIANT=true -memory:8192 -smt2 -in (14)] Ended with exit code 0
[2026-07-04 09:13:43,764 WARN  L471      AbstractCegarLoop]: Destroyed unattended storables created during the last iteration: 14 /usr/bin/z3 SMTLIB2_COMPLIANT=true -memory:8192 -smt2 -in
[2026-07-04 09:13:43,764 INFO  L408      AbstractCegarLoop]: === Iteration 14 === Targeting ULTIMATE.startErr0ASSERT_VIOLATIONASSERT === [ULTIMATE.startErr0ASSERT_VIOLATIONASSERT, ULTIMATE.startErr1ASSERT_VIOLATIONASSERT, ULTIMATE.startErr2ASSERT_VIOLATIONASSERT (and 16 more)] ===
[2026-07-04 09:13:43,765 INFO  L156       PredicateUnifier]: Initialized classic predicate unifier
[2026-07-04 09:13:43,765 INFO  L85        PathProgramCache]: Analyzing trace with hash -712047726, now seen corresponding path program 1 times
[2026-07-04 09:13:43,765 INFO  L118   FreeRefinementEngine]: Executing refinement strategy FIXED_PREFERENCES
[2026-07-04 09:13:43,765 INFO  L324   FreeRefinementEngine]: Using trace check IpTcStrategyModulePreferences [1920938063]
[2026-07-04 09:13:43,765 INFO  L97    rtionOrderModulation]: Keeping assertion order NOT_INCREMENTALLY
[2026-07-04 09:13:43,765 INFO  L173          SolverBuilder]: Constructing external solver with command: z3 SMTLIB2_COMPLIANT=true -memory:8192 -smt2 -in
[2026-07-04 09:13:43,767 INFO  L189       MonitoredProcess]: No working directory specified, using /usr/bin/z3
[2026-07-04 09:13:43,768 INFO  L229       MonitoredProcess]: Starting monitored process 15 with /usr/bin/z3 SMTLIB2_COMPLIANT=true -memory:8192 -smt2 -in (exit command is (exit), workingDir is null)
[2026-07-04 09:13:43,771 INFO  L327       MonitoredProcess]: [MP /usr/bin/z3 SMTLIB2_COMPLIANT=true -memory:8192 -smt2 -in (15)] Waiting until timeout for monitored process
[2026-07-04 09:13:43,968 INFO  L108    AnnotateAndAsserter]: Assert order NOT_INCREMENTALLY partitioned 31 statements into 1 equivalence classes.
[2026-07-04 09:13:59,707 INFO  L111    AnnotateAndAsserter]: Assert order NOT_INCREMENTALLY issued 1 check-sat command(s) and asserted 31 of 31 statements.
[2026-07-04 09:13:59,707 INFO  L114    AnnotateAndAsserter]: Assert order NOT_INCREMENTALLY issued 1 check-sat command(s)
[2026-07-04 09:13:59,707 INFO  L115    AnnotateAndAsserter]: Conjunction of SSA is sat
[2026-07-04 09:13:59,707 INFO  L348             TraceCheck]: Trace is feasible, we will do another trace check, this time with branch encoders.
[2026-07-04 09:14:00,158 INFO  L108    AnnotateAndAsserter]: Assert order NOT_INCREMENTALLY partitioned 31 statements into 1 equivalence classes.
[2026-07-04 09:14:06,780 INFO  L111    AnnotateAndAsserter]: Assert order NOT_INCREMENTALLY issued 1 check-sat command(s) and asserted 31 of 31 statements.
[2026-07-04 09:14:06,780 INFO  L114    AnnotateAndAsserter]: Assert order NOT_INCREMENTALLY issued 1 check-sat command(s)
[2026-07-04 09:14:06,780 INFO  L115    AnnotateAndAsserter]: Conjunction of SSA is sat
[2026-07-04 09:14:07,285 INFO  L130   FreeRefinementEngine]: Strategy FIXED_PREFERENCES found a feasible trace
[2026-07-04 09:14:07,286 INFO  L342         BasicCegarLoop]: Counterexample is feasible
[2026-07-04 09:14:07,286 INFO  L795   garLoopResultBuilder]: Registering result UNSAFE for location ULTIMATE.startErr0ASSERT_VIOLATIONASSERT (18 of 19 remaining)
[2026-07-04 09:14:07,287 INFO  L795   garLoopResultBuilder]: Registering result UNKNOWN for location ULTIMATE.startErr1ASSERT_VIOLATIONASSERT (17 of 19 remaining)
[2026-07-04 09:14:07,288 INFO  L795   garLoopResultBuilder]: Registering result UNKNOWN for location ULTIMATE.startErr2ASSERT_VIOLATIONASSERT (16 of 19 remaining)
[2026-07-04 09:14:07,293 INFO  L795   garLoopResultBuilder]: Registering result UNKNOWN for location ULTIMATE.startErr3ASSERT_VIOLATIONASSERT (15 of 19 remaining)
[2026-07-04 09:14:07,293 INFO  L795   garLoopResultBuilder]: Registering result UNKNOWN for location ULTIMATE.startErr4ASSERT_VIOLATIONASSERT (14 of 19 remaining)
[2026-07-04 09:14:07,293 INFO  L795   garLoopResultBuilder]: Registering result UNKNOWN for location ULTIMATE.startErr5ASSERT_VIOLATIONASSERT (13 of 19 remaining)
[2026-07-04 09:14:07,293 INFO  L795   garLoopResultBuilder]: Registering result UNKNOWN for location ULTIMATE.startErr6ASSERT_VIOLATIONASSERT (12 of 19 remaining)
[2026-07-04 09:14:07,293 INFO  L795   garLoopResultBuilder]: Registering result UNKNOWN for location ULTIMATE.startErr7ASSERT_VIOLATIONASSERT (11 of 19 remaining)
[2026-07-04 09:14:07,293 INFO  L795   garLoopResultBuilder]: Registering result UNKNOWN for location ULTIMATE.startErr8ASSERT_VIOLATIONASSERT (10 of 19 remaining)
[2026-07-04 09:14:07,293 INFO  L795   garLoopResultBuilder]: Registering result UNKNOWN for location ULTIMATE.startErr9ASSERT_VIOLATIONASSERT (9 of 19 remaining)
[2026-07-04 09:14:07,294 INFO  L795   garLoopResultBuilder]: Registering result UNKNOWN for location ULTIMATE.startErr10ASSERT_VIOLATIONASSERT (8 of 19 remaining)
[2026-07-04 09:14:07,294 INFO  L795   garLoopResultBuilder]: Registering result UNKNOWN for location ULTIMATE.startErr11ASSERT_VIOLATIONASSERT (7 of 19 remaining)
[2026-07-04 09:14:07,294 INFO  L795   garLoopResultBuilder]: Registering result UNKNOWN for location ULTIMATE.startErr12ASSERT_VIOLATIONASSERT (6 of 19 remaining)
[2026-07-04 09:14:07,294 INFO  L795   garLoopResultBuilder]: Registering result UNKNOWN for location ULTIMATE.startErr13ASSERT_VIOLATIONASSERT (5 of 19 remaining)
[2026-07-04 09:14:07,294 INFO  L795   garLoopResultBuilder]: Registering result UNKNOWN for location ULTIMATE.startErr14ASSERT_VIOLATIONASSERT (4 of 19 remaining)
[2026-07-04 09:14:07,294 INFO  L795   garLoopResultBuilder]: Registering result UNKNOWN for location ULTIMATE.startErr15ASSERT_VIOLATIONASSERT (3 of 19 remaining)
[2026-07-04 09:14:07,294 INFO  L795   garLoopResultBuilder]: Registering result UNKNOWN for location ULTIMATE.startErr16ASSERT_VIOLATIONASSERT (2 of 19 remaining)
[2026-07-04 09:14:07,294 INFO  L795   garLoopResultBuilder]: Registering result UNKNOWN for location ULTIMATE.startErr17ASSERT_VIOLATIONASSERT (1 of 19 remaining)
[2026-07-04 09:14:07,294 INFO  L795   garLoopResultBuilder]: Registering result UNKNOWN for location ULTIMATE.startErr18ASSERT_VIOLATIONASSERT (0 of 19 remaining)
[2026-07-04 09:14:07,494 WARN  L435       MonitoredProcess]: [MP /usr/bin/z3 SMTLIB2_COMPLIANT=true -memory:8192 -smt2 -in (15)] Forcibly destroying the process
[2026-07-04 09:14:07,609 INFO  L534       MonitoredProcess]: [MP /usr/bin/z3 SMTLIB2_COMPLIANT=true -memory:8192 -smt2 -in (15)] Forceful destruction successful, exit code 0
[2026-07-04 09:14:07,610 WARN  L471      AbstractCegarLoop]: Destroyed unattended storables created during the last iteration: 15 /usr/bin/z3 SMTLIB2_COMPLIANT=true -memory:8192 -smt2 -in
[2026-07-04 09:14:07,613 INFO  L424         BasicCegarLoop]: Path program histogram: [1, 1, 1, 1, 1, 1, 1, 1, 1, 1, 1, 1, 1, 1]
[2026-07-04 09:14:07,744 INFO  L171   ceAbstractionStarter]: Computing trace abstraction results
[2026-07-04 09:14:07,748 INFO  L201        PluginConnector]: Adding new model p4xos_bug.bpl de.uni_freiburg.informatik.ultimate.plugins.generator.traceabstraction CFG 04.07 09:14:07 BoogieIcfgContainer
[2026-07-04 09:14:07,748 INFO  L131        PluginConnector]: ------------------------ END TraceAbstraction----------------------------
[2026-07-04 09:14:07,749 INFO  L112        PluginConnector]: ------------------------Witness Printer----------------------------
[2026-07-04 09:14:07,749 INFO  L270        PluginConnector]: Initializing Witness Printer...
[2026-07-04 09:14:07,749 INFO  L274        PluginConnector]: Witness Printer initialized
[2026-07-04 09:14:07,749 INFO  L184        PluginConnector]: Executing the observer RCFGCatcher from plugin Witness Printer for "p4xos_bug.bpl de.uni_freiburg.informatik.ultimate.plugins.generator.rcfgbuilder CFG 04.07 09:13:18" (2/3) ...
[2026-07-04 09:14:07,750 INFO  L141         WitnessPrinter]: Generating witness for reachability counterexample
[2026-07-04 09:14:08,089 INFO  L163   tionWitnessGenerator]: Generated YAML witness of length 31.
[2026-07-04 09:14:08,180 INFO  L149         WitnessManager]: Wrote witness to /home/smy/p4-verify-camera-ready/.tmp/procurator/verify/p4xos_bug/20260704-091208-4480/p4xos_bug.bpl-witness.graphml
[2026-07-04 09:14:08,180 INFO  L149         WitnessManager]: Wrote witness to /home/smy/p4-verify-camera-ready/.tmp/procurator/verify/p4xos_bug/20260704-091208-4480/p4xos_bug.bpl-witness.yml
[2026-07-04 09:14:08,181 INFO  L131        PluginConnector]: ------------------------ END Witness Printer----------------------------
[2026-07-04 09:14:08,181 INFO  L158              Benchmark]: Toolchain (without parser) took 57736.82ms. Allocated memory is still 519.1MB. Free memory was 476.0MB in the beginning and 420.1MB in the end (delta: 55.9MB). Peak memory consumption was 213.4MB. Max. memory is 4.2GB.
[2026-07-04 09:14:08,181 INFO  L158              Benchmark]: Boogie PL CUP Parser took 0.17ms. Allocated memory is still 519.1MB. Free memory is still 487.4MB. There was no memory consumed. Max. memory is 4.2GB.
[2026-07-04 09:14:08,181 INFO  L158              Benchmark]: Boogie Procedure Inliner took 203.90ms. Allocated memory is still 519.1MB. Free memory was 474.5MB in the beginning and 461.6MB in the end (delta: 12.9MB). Peak memory consumption was 12.9MB. Max. memory is 4.2GB.
[2026-07-04 09:14:08,182 INFO  L158              Benchmark]: Boogie Preprocessor took 162.27ms. Allocated memory is still 519.1MB. Free memory was 461.6MB in the beginning and 451.6MB in the end (delta: 10.0MB). Peak memory consumption was 10.0MB. Max. memory is 4.2GB.
[2026-07-04 09:14:08,182 INFO  L158              Benchmark]: RCFGBuilder took 6035.97ms. Allocated memory is still 519.1MB. Free memory was 451.6MB in the beginning and 477.3MB in the end (delta: -25.7MB). Peak memory consumption was 121.8MB. Max. memory is 4.2GB.
[2026-07-04 09:14:08,182 INFO  L158              Benchmark]: TraceAbstraction took 50888.66ms. Allocated memory is still 519.1MB. Free memory was 477.3MB in the beginning and 263.2MB in the end (delta: 214.1MB). Peak memory consumption was 214.1MB. Max. memory is 4.2GB.
[2026-07-04 09:14:08,182 INFO  L158              Benchmark]: Witness Printer took 431.72ms. Allocated memory is still 519.1MB. Free memory was 263.2MB in the beginning and 420.1MB in the end (delta: -156.9MB). Peak memory consumption was 605.4kB. Max. memory is 4.2GB.
[2026-07-04 09:14:08,183 INFO  L338   ainManager$Toolchain]: #######################  End [Toolchain 1] #######################
 --- Results ---
 * Results from de.uni_freiburg.informatik.ultimate.core:
  - StatisticsResult: Toolchain Benchmarks
    Benchmark results are:
 * Boogie PL CUP Parser took 0.17ms. Allocated memory is still 519.1MB. Free memory is still 487.4MB. There was no memory consumed. Max. memory is 4.2GB.
 * Boogie Procedure Inliner took 203.90ms. Allocated memory is still 519.1MB. Free memory was 474.5MB in the beginning and 461.6MB in the end (delta: 12.9MB). Peak memory consumption was 12.9MB. Max. memory is 4.2GB.
 * Boogie Preprocessor took 162.27ms. Allocated memory is still 519.1MB. Free memory was 461.6MB in the beginning and 451.6MB in the end (delta: 10.0MB). Peak memory consumption was 10.0MB. Max. memory is 4.2GB.
 * RCFGBuilder took 6035.97ms. Allocated memory is still 519.1MB. Free memory was 451.6MB in the beginning and 477.3MB in the end (delta: -25.7MB). Peak memory consumption was 121.8MB. Max. memory is 4.2GB.
 * TraceAbstraction took 50888.66ms. Allocated memory is still 519.1MB. Free memory was 477.3MB in the beginning and 263.2MB in the end (delta: 214.1MB). Peak memory consumption was 214.1MB. Max. memory is 4.2GB.
 * Witness Printer took 431.72ms. Allocated memory is still 519.1MB. Free memory was 263.2MB in the beginning and 420.1MB in the end (delta: -156.9MB). Peak memory consumption was 605.4kB. Max. memory is 4.2GB.
 * Results from de.uni_freiburg.informatik.ultimate.plugins.generator.traceabstraction:
  - StatisticsResult: ErrorAutomatonStatistics
    NumberErrorTraces: 0, NumberStatementsAllTraces: 0, NumberRelevantStatements: 0, 0.0s ErrorAutomatonConstructionTimeTotal, 0.0s FaulLocalizationTime, NumberStatementsFirstTrace: -1, TraceLengthAvg: 0, 0.0s ErrorAutomatonConstructionTimeAvg, 0.0s ErrorAutomatonDifferenceTimeAvg, 0.0s ErrorAutomatonDifferenceTimeTotal, NumberOfNoEnhancement: 0, NumberOfFiniteEnhancement: 0, NumberOfInfiniteEnhancement: 0
  - CounterExampleResult [Line: 4349]: assertion can be violated
    assertion can be violated
We found a FailurePath: 
[L5735]  CALL        call mainProcedure();
[L5397]              leader_inbox_count := 0;
[L5398]              leader_pkt_external := false;
[L5399]              acceptor0_inbox_count := 0;
[L5400]              acceptor0_pkt_external := false;
[L5401]              acceptor1_inbox_count := 0;
[L5402]              acceptor1_pkt_external := false;
[L5403]              acceptor2_inbox_count := 0;
[L5404]              acceptor2_pkt_external := false;
[L5405]              learner_inbox_count := 0;
[L5406]              learner_pkt_external := false;
[L5408]              leader_p4b_clone_i2e := false;
[L5409]              leader_p4b_clone_e2e := false;
[L5410]              leader_p4b_clone_i2i := false;
[L5411]              leader_p4b_recirculate := false;
[L5412]              acceptor0_p4b_clone_i2e := false;
[L5413]              acceptor0_p4b_clone_e2e := false;
[L5414]              acceptor0_p4b_clone_i2i := false;
[L5415]              acceptor0_p4b_recirculate := false;
[L5416]              acceptor1_p4b_clone_i2e := false;
[L5417]              acceptor1_p4b_clone_e2e := false;
[L5418]              acceptor1_p4b_clone_i2i := false;
[L5419]              acceptor1_p4b_recirculate := false;
[L5420]              acceptor2_p4b_clone_i2e := false;
[L5421]              acceptor2_p4b_clone_e2e := false;
[L5422]              acceptor2_p4b_clone_i2i := false;
[L5423]              acceptor2_p4b_recirculate := false;
[L5424]              learner_p4b_clone_i2e := false;
[L5425]              learner_p4b_clone_e2e := false;
[L5426]              learner_p4b_clone_i2i := false;
[L5427]              learner_p4b_recirculate := false;
[L5430]              assume leader_ingress_ctrlInstane[0bv32] == 0bv32;
[L5431]              assume acceptor0_ingress_learner_address[0bv32] == 0bv32;
[L5432]              assume acceptor0_ingress_learner_mac_address[0bv32] == 0bv48;
[L5433]              assume acceptor0_ingress_my_ip_address[0bv32] == 0bv32;
[L5434]              assume acceptor0_ingress_my_mac_address[0bv32] == 0bv48;
[L5435]              assume acceptor0_ingress_registerAcceptorID[0bv32] == 0bv16;
[L5436]              assume (forall i : bv32 :: acceptor0_ingress_registerRound[i] == 0bv16);
[L5437]              assume acceptor0_ingress_registerRound[0bv32] == 0bv16;
[L5438]              assume (forall i : bv32 :: acceptor0_ingress_registerVRound[i] == 0bv16);
[L5439]              assume acceptor0_ingress_registerVRound[0bv32] == 0bv16;
[L5440]              assume (forall i : bv32 :: acceptor0_ingress_registerValue[i] == 0bv256);
[L5441]              assume acceptor0_ingress_registerValue[0bv32] == 0bv256;
[L5442]              assume acceptor1_ingress_learner_address[0bv32] == 0bv32;
[L5443]              assume acceptor1_ingress_learner_mac_address[0bv32] == 0bv48;
[L5444]              assume acceptor1_ingress_my_ip_address[0bv32] == 0bv32;
[L5445]              assume acceptor1_ingress_my_mac_address[0bv32] == 0bv48;
[L5446]              assume acceptor1_ingress_registerAcceptorID[0bv32] == 0bv16;
[L5447]              assume (forall i : bv32 :: acceptor1_ingress_registerRound[i] == 0bv16);
[L5448]              assume acceptor1_ingress_registerRound[0bv32] == 0bv16;
[L5449]              assume (forall i : bv32 :: acceptor1_ingress_registerVRound[i] == 0bv16);
[L5450]              assume acceptor1_ingress_registerVRound[0bv32] == 0bv16;
[L5451]              assume (forall i : bv32 :: acceptor1_ingress_registerValue[i] == 0bv256);
[L5452]              assume acceptor1_ingress_registerValue[0bv32] == 0bv256;
[L5453]              assume acceptor2_ingress_learner_address[0bv32] == 0bv32;
[L5454]              assume acceptor2_ingress_learner_mac_address[0bv32] == 0bv48;
[L5455]              assume acceptor2_ingress_my_ip_address[0bv32] == 0bv32;
[L5456]              assume acceptor2_ingress_my_mac_address[0bv32] == 0bv48;
[L5457]              assume acceptor2_ingress_registerAcceptorID[0bv32] == 0bv16;
[L5458]              assume (forall i : bv32 :: acceptor2_ingress_registerRound[i] == 0bv16);
[L5459]              assume acceptor2_ingress_registerRound[0bv32] == 0bv16;
[L5460]              assume (forall i : bv32 :: acceptor2_ingress_registerVRound[i] == 0bv16);
[L5461]              assume acceptor2_ingress_registerVRound[0bv32] == 0bv16;
[L5462]              assume (forall i : bv32 :: acceptor2_ingress_registerValue[i] == 0bv256);
[L5463]              assume acceptor2_ingress_registerValue[0bv32] == 0bv256;
[L5464]              assume (forall i : bv32 :: learner_ingress_registerHistory2B[i] == 0bv8);
[L5465]              assume learner_ingress_registerHistory2B[0bv32] == 0bv8;
[L5466]              assume (forall i : bv32 :: learner_ingress_registerRound[i] == 0bv16);
[L5467]              assume learner_ingress_registerRound[0bv32] == 0bv16;
[L5468]              assume (forall i : bv32 :: learner_ingress_registerValue[i] == 0bv256);
[L5469]              assume learner_ingress_registerValue[0bv32] == 0bv256;
[L5471]              leader_ingress_ctrlInstane__last_index := 0bv32;
[L5472]              leader_ingress_ctrlInstane__last_value := 0bv32;
[L5473]              leader_ingress_ctrlInstane__last_old_value := 0bv32;
[L5474]              leader_ingress_ctrlInstane__wrote_any := false;
[L5475]              leader_ingress_ctrlInstane__wrote_index0 := false;
[L5476]              leader_ingress_ctrlInstane__next_write_site := 0;
[L5477]              leader_ingress_ctrlInstane__last_write_site := 0;
[L5478]              leader_ingress_ctrlInstane__last0_old_value := 0bv32;
[L5479]              leader_ingress_ctrlInstane__last0_value := 0bv32;
[L5480]              acceptor0_ingress_learner_address__last_index := 0bv32;
[L5481]              acceptor0_ingress_learner_address__last_value := 0bv32;
[L5482]              acceptor0_ingress_learner_address__last_old_value := 0bv32;
[L5483]              acceptor0_ingress_learner_address__wrote_any := false;
[L5484]              acceptor0_ingress_learner_address__wrote_index0 := false;
[L5485]              acceptor0_ingress_learner_address__next_write_site := 0;
[L5486]              acceptor0_ingress_learner_address__last_write_site := 0;
[L5487]              acceptor0_ingress_learner_address__last0_old_value := 0bv32;
[L5488]              acceptor0_ingress_learner_address__last0_value := 0bv32;
[L5489]              acceptor0_ingress_learner_mac_address__last_index := 0bv32;
[L5490]              acceptor0_ingress_learner_mac_address__last_value := 0bv48;
[L5491]              acceptor0_ingress_learner_mac_address__last_old_value := 0bv48;
[L5492]              acceptor0_ingress_learner_mac_address__wrote_any := false;
[L5493]              acceptor0_ingress_learner_mac_address__wrote_index0 := false;
[L5494]              acceptor0_ingress_learner_mac_address__next_write_site := 0;
[L5495]              acceptor0_ingress_learner_mac_address__last_write_site := 0;
[L5496]              acceptor0_ingress_learner_mac_address__last0_old_value := 0bv48;
[L5497]              acceptor0_ingress_learner_mac_address__last0_value := 0bv48;
[L5498]              acceptor0_ingress_my_ip_address__last_index := 0bv32;
[L5499]              acceptor0_ingress_my_ip_address__last_value := 0bv32;
[L5500]              acceptor0_ingress_my_ip_address__last_old_value := 0bv32;
[L5501]              acceptor0_ingress_my_ip_address__wrote_any := false;
[L5502]              acceptor0_ingress_my_ip_address__wrote_index0 := false;
[L5503]              acceptor0_ingress_my_ip_address__next_write_site := 0;
[L5504]              acceptor0_ingress_my_ip_address__last_write_site := 0;
[L5505]              acceptor0_ingress_my_ip_address__last0_old_value := 0bv32;
[L5506]              acceptor0_ingress_my_ip_address__last0_value := 0bv32;
[L5507]              acceptor0_ingress_my_mac_address__last_index := 0bv32;
[L5508]              acceptor0_ingress_my_mac_address__last_value := 0bv48;
[L5509]              acceptor0_ingress_my_mac_address__last_old_value := 0bv48;
[L5510]              acceptor0_ingress_my_mac_address__wrote_any := false;
[L5511]              acceptor0_ingress_my_mac_address__wrote_index0 := false;
[L5512]              acceptor0_ingress_my_mac_address__next_write_site := 0;
[L5513]              acceptor0_ingress_my_mac_address__last_write_site := 0;
[L5514]              acceptor0_ingress_my_mac_address__last0_old_value := 0bv48;
[L5515]              acceptor0_ingress_my_mac_address__last0_value := 0bv48;
[L5516]              acceptor0_ingress_registerAcceptorID__last_index := 0bv32;
[L5517]              acceptor0_ingress_registerAcceptorID__last_value := 0bv16;
[L5518]              acceptor0_ingress_registerAcceptorID__last_old_value := 0bv16;
[L5519]              acceptor0_ingress_registerAcceptorID__wrote_any := false;
[L5520]              acceptor0_ingress_registerAcceptorID__wrote_index0 := false;
[L5521]              acceptor0_ingress_registerAcceptorID__next_write_site := 0;
[L5522]              acceptor0_ingress_registerAcceptorID__last_write_site := 0;
[L5523]              acceptor0_ingress_registerAcceptorID__last0_old_value := 0bv16;
[L5524]              acceptor0_ingress_registerAcceptorID__last0_value := 0bv16;
[L5525]              acceptor0_ingress_registerRound__last_index := 0bv32;
[L5526]              acceptor0_ingress_registerRound__last_value := 0bv16;
[L5527]              acceptor0_ingress_registerRound__last_old_value := 0bv16;
[L5528]              acceptor0_ingress_registerRound__wrote_any := false;
[L5529]              acceptor0_ingress_registerRound__wrote_index0 := false;
[L5530]              acceptor0_ingress_registerRound__next_write_site := 0;
[L5531]              acceptor0_ingress_registerRound__last_write_site := 0;
[L5532]              acceptor0_ingress_registerRound__last0_old_value := 0bv16;
[L5533]              acceptor0_ingress_registerRound__last0_value := 0bv16;
[L5534]              acceptor0_ingress_registerVRound__last_index := 0bv32;
[L5535]              acceptor0_ingress_registerVRound__last_value := 0bv16;
[L5536]              acceptor0_ingress_registerVRound__last_old_value := 0bv16;
[L5537]              acceptor0_ingress_registerVRound__wrote_any := false;
[L5538]              acceptor0_ingress_registerVRound__wrote_index0 := false;
[L5539]              acceptor0_ingress_registerVRound__next_write_site := 0;
[L5540]              acceptor0_ingress_registerVRound__last_write_site := 0;
[L5541]              acceptor0_ingress_registerVRound__last0_old_value := 0bv16;
[L5542]              acceptor0_ingress_registerVRound__last0_value := 0bv16;
[L5543]              acceptor0_ingress_registerValue__last_index := 0bv32;
[L5544]              acceptor0_ingress_registerValue__last_value := 0bv256;
[L5545]              acceptor0_ingress_registerValue__last_old_value := 0bv256;
[L5546]              acceptor0_ingress_registerValue__wrote_any := false;
[L5547]              acceptor0_ingress_registerValue__wrote_index0 := false;
[L5548]              acceptor0_ingress_registerValue__next_write_site := 0;
[L5549]              acceptor0_ingress_registerValue__last_write_site := 0;
[L5550]              acceptor0_ingress_registerValue__last0_old_value := 0bv256;
[L5551]              acceptor0_ingress_registerValue__last0_value := 0bv256;
[L5552]              acceptor1_ingress_learner_address__last_index := 0bv32;
[L5553]              acceptor1_ingress_learner_address__last_value := 0bv32;
[L5554]              acceptor1_ingress_learner_address__last_old_value := 0bv32;
[L5555]              acceptor1_ingress_learner_address__wrote_any := false;
[L5556]              acceptor1_ingress_learner_address__wrote_index0 := false;
[L5557]              acceptor1_ingress_learner_address__next_write_site := 0;
[L5558]              acceptor1_ingress_learner_address__last_write_site := 0;
[L5559]              acceptor1_ingress_learner_address__last0_old_value := 0bv32;
[L5560]              acceptor1_ingress_learner_address__last0_value := 0bv32;
[L5561]              acceptor1_ingress_learner_mac_address__last_index := 0bv32;
[L5562]              acceptor1_ingress_learner_mac_address__last_value := 0bv48;
[L5563]              acceptor1_ingress_learner_mac_address__last_old_value := 0bv48;
[L5564]              acceptor1_ingress_learner_mac_address__wrote_any := false;
[L5565]              acceptor1_ingress_learner_mac_address__wrote_index0 := false;
[L5566]              acceptor1_ingress_learner_mac_address__next_write_site := 0;
[L5567]              acceptor1_ingress_learner_mac_address__last_write_site := 0;
[L5568]              acceptor1_ingress_learner_mac_address__last0_old_value := 0bv48;
[L5569]              acceptor1_ingress_learner_mac_address__last0_value := 0bv48;
[L5570]              acceptor1_ingress_my_ip_address__last_index := 0bv32;
[L5571]              acceptor1_ingress_my_ip_address__last_value := 0bv32;
[L5572]              acceptor1_ingress_my_ip_address__last_old_value := 0bv32;
[L5573]              acceptor1_ingress_my_ip_address__wrote_any := false;
[L5574]              acceptor1_ingress_my_ip_address__wrote_index0 := false;
[L5575]              acceptor1_ingress_my_ip_address__next_write_site := 0;
[L5576]              acceptor1_ingress_my_ip_address__last_write_site := 0;
[L5577]              acceptor1_ingress_my_ip_address__last0_old_value := 0bv32;
[L5578]              acceptor1_ingress_my_ip_address__last0_value := 0bv32;
[L5579]              acceptor1_ingress_my_mac_address__last_index := 0bv32;
[L5580]              acceptor1_ingress_my_mac_address__last_value := 0bv48;
[L5581]              acceptor1_ingress_my_mac_address__last_old_value := 0bv48;
[L5582]              acceptor1_ingress_my_mac_address__wrote_any := false;
[L5583]              acceptor1_ingress_my_mac_address__wrote_index0 := false;
[L5584]              acceptor1_ingress_my_mac_address__next_write_site := 0;
[L5585]              acceptor1_ingress_my_mac_address__last_write_site := 0;
[L5586]              acceptor1_ingress_my_mac_address__last0_old_value := 0bv48;
[L5587]              acceptor1_ingress_my_mac_address__last0_value := 0bv48;
[L5588]              acceptor1_ingress_registerAcceptorID__last_index := 0bv32;
[L5589]              acceptor1_ingress_registerAcceptorID__last_value := 0bv16;
[L5590]              acceptor1_ingress_registerAcceptorID__last_old_value := 0bv16;
[L5591]              acceptor1_ingress_registerAcceptorID__wrote_any := false;
[L5592]              acceptor1_ingress_registerAcceptorID__wrote_index0 := false;
[L5593]              acceptor1_ingress_registerAcceptorID__next_write_site := 0;
[L5594]              acceptor1_ingress_registerAcceptorID__last_write_site := 0;
[L5595]              acceptor1_ingress_registerAcceptorID__last0_old_value := 0bv16;
[L5596]              acceptor1_ingress_registerAcceptorID__last0_value := 0bv16;
[L5597]              acceptor1_ingress_registerRound__last_index := 0bv32;
[L5598]              acceptor1_ingress_registerRound__last_value := 0bv16;
[L5599]              acceptor1_ingress_registerRound__last_old_value := 0bv16;
[L5600]              acceptor1_ingress_registerRound__wrote_any := false;
[L5601]              acceptor1_ingress_registerRound__wrote_index0 := false;
[L5602]              acceptor1_ingress_registerRound__next_write_site := 0;
[L5603]              acceptor1_ingress_registerRound__last_write_site := 0;
[L5604]              acceptor1_ingress_registerRound__last0_old_value := 0bv16;
[L5605]              acceptor1_ingress_registerRound__last0_value := 0bv16;
[L5606]              acceptor1_ingress_registerVRound__last_index := 0bv32;
[L5607]              acceptor1_ingress_registerVRound__last_value := 0bv16;
[L5608]              acceptor1_ingress_registerVRound__last_old_value := 0bv16;
[L5609]              acceptor1_ingress_registerVRound__wrote_any := false;
[L5610]              acceptor1_ingress_registerVRound__wrote_index0 := false;
[L5611]              acceptor1_ingress_registerVRound__next_write_site := 0;
[L5612]              acceptor1_ingress_registerVRound__last_write_site := 0;
[L5613]              acceptor1_ingress_registerVRound__last0_old_value := 0bv16;
[L5614]              acceptor1_ingress_registerVRound__last0_value := 0bv16;
[L5615]              acceptor1_ingress_registerValue__last_index := 0bv32;
[L5616]              acceptor1_ingress_registerValue__last_value := 0bv256;
[L5617]              acceptor1_ingress_registerValue__last_old_value := 0bv256;
[L5618]              acceptor1_ingress_registerValue__wrote_any := false;
[L5619]              acceptor1_ingress_registerValue__wrote_index0 := false;
[L5620]              acceptor1_ingress_registerValue__next_write_site := 0;
[L5621]              acceptor1_ingress_registerValue__last_write_site := 0;
[L5622]              acceptor1_ingress_registerValue__last0_old_value := 0bv256;
[L5623]              acceptor1_ingress_registerValue__last0_value := 0bv256;
[L5624]              acceptor2_ingress_learner_address__last_index := 0bv32;
[L5625]              acceptor2_ingress_learner_address__last_value := 0bv32;
[L5626]              acceptor2_ingress_learner_address__last_old_value := 0bv32;
[L5627]              acceptor2_ingress_learner_address__wrote_any := false;
[L5628]              acceptor2_ingress_learner_address__wrote_index0 := false;
[L5629]              acceptor2_ingress_learner_address__next_write_site := 0;
[L5630]              acceptor2_ingress_learner_address__last_write_site := 0;
[L5631]              acceptor2_ingress_learner_address__last0_old_value := 0bv32;
[L5632]              acceptor2_ingress_learner_address__last0_value := 0bv32;
[L5633]              acceptor2_ingress_learner_mac_address__last_index := 0bv32;
[L5634]              acceptor2_ingress_learner_mac_address__last_value := 0bv48;
[L5635]              acceptor2_ingress_learner_mac_address__last_old_value := 0bv48;
[L5636]              acceptor2_ingress_learner_mac_address__wrote_any := false;
[L5637]              acceptor2_ingress_learner_mac_address__wrote_index0 := false;
[L5638]              acceptor2_ingress_learner_mac_address__next_write_site := 0;
[L5639]              acceptor2_ingress_learner_mac_address__last_write_site := 0;
[L5640]              acceptor2_ingress_learner_mac_address__last0_old_value := 0bv48;
[L5641]              acceptor2_ingress_learner_mac_address__last0_value := 0bv48;
[L5642]              acceptor2_ingress_my_ip_address__last_index := 0bv32;
[L5643]              acceptor2_ingress_my_ip_address__last_value := 0bv32;
[L5644]              acceptor2_ingress_my_ip_address__last_old_value := 0bv32;
[L5645]              acceptor2_ingress_my_ip_address__wrote_any := false;
[L5646]              acceptor2_ingress_my_ip_address__wrote_index0 := false;
[L5647]              acceptor2_ingress_my_ip_address__next_write_site := 0;
[L5648]              acceptor2_ingress_my_ip_address__last_write_site := 0;
[L5649]              acceptor2_ingress_my_ip_address__last0_old_value := 0bv32;
[L5650]              acceptor2_ingress_my_ip_address__last0_value := 0bv32;
[L5651]              acceptor2_ingress_my_mac_address__last_index := 0bv32;
[L5652]              acceptor2_ingress_my_mac_address__last_value := 0bv48;
[L5653]              acceptor2_ingress_my_mac_address__last_old_value := 0bv48;
[L5654]              acceptor2_ingress_my_mac_address__wrote_any := false;
[L5655]              acceptor2_ingress_my_mac_address__wrote_index0 := false;
[L5656]              acceptor2_ingress_my_mac_address__next_write_site := 0;
[L5657]              acceptor2_ingress_my_mac_address__last_write_site := 0;
[L5658]              acceptor2_ingress_my_mac_address__last0_old_value := 0bv48;
[L5659]              acceptor2_ingress_my_mac_address__last0_value := 0bv48;
[L5660]              acceptor2_ingress_registerAcceptorID__last_index := 0bv32;
[L5661]              acceptor2_ingress_registerAcceptorID__last_value := 0bv16;
[L5662]              acceptor2_ingress_registerAcceptorID__last_old_value := 0bv16;
[L5663]              acceptor2_ingress_registerAcceptorID__wrote_any := false;
[L5664]              acceptor2_ingress_registerAcceptorID__wrote_index0 := false;
[L5665]              acceptor2_ingress_registerAcceptorID__next_write_site := 0;
[L5666]              acceptor2_ingress_registerAcceptorID__last_write_site := 0;
[L5667]              acceptor2_ingress_registerAcceptorID__last0_old_value := 0bv16;
[L5668]              acceptor2_ingress_registerAcceptorID__last0_value := 0bv16;
[L5669]              acceptor2_ingress_registerRound__last_index := 0bv32;
[L5670]              acceptor2_ingress_registerRound__last_value := 0bv16;
[L5671]              acceptor2_ingress_registerRound__last_old_value := 0bv16;
[L5672]              acceptor2_ingress_registerRound__wrote_any := false;
[L5673]              acceptor2_ingress_registerRound__wrote_index0 := false;
[L5674]              acceptor2_ingress_registerRound__next_write_site := 0;
[L5675]              acceptor2_ingress_registerRound__last_write_site := 0;
[L5676]              acceptor2_ingress_registerRound__last0_old_value := 0bv16;
[L5677]              acceptor2_ingress_registerRound__last0_value := 0bv16;
[L5678]              acceptor2_ingress_registerVRound__last_index := 0bv32;
[L5679]              acceptor2_ingress_registerVRound__last_value := 0bv16;
[L5680]              acceptor2_ingress_registerVRound__last_old_value := 0bv16;
[L5681]              acceptor2_ingress_registerVRound__wrote_any := false;
[L5682]              acceptor2_ingress_registerVRound__wrote_index0 := false;
[L5683]              acceptor2_ingress_registerVRound__next_write_site := 0;
[L5684]              acceptor2_ingress_registerVRound__last_write_site := 0;
[L5685]              acceptor2_ingress_registerVRound__last0_old_value := 0bv16;
[L5686]              acceptor2_ingress_registerVRound__last0_value := 0bv16;
[L5687]              acceptor2_ingress_registerValue__last_index := 0bv32;
[L5688]              acceptor2_ingress_registerValue__last_value := 0bv256;
[L5689]              acceptor2_ingress_registerValue__last_old_value := 0bv256;
[L5690]              acceptor2_ingress_registerValue__wrote_any := false;
[L5691]              acceptor2_ingress_registerValue__wrote_index0 := false;
[L5692]              acceptor2_ingress_registerValue__next_write_site := 0;
[L5693]              acceptor2_ingress_registerValue__last_write_site := 0;
[L5694]              acceptor2_ingress_registerValue__last0_old_value := 0bv256;
[L5695]              acceptor2_ingress_registerValue__last0_value := 0bv256;
[L5696]              learner_ingress_registerHistory2B__last_index := 0bv32;
[L5697]              learner_ingress_registerHistory2B__last_value := 0bv8;
[L5698]              learner_ingress_registerHistory2B__last_old_value := 0bv8;
[L5699]              learner_ingress_registerHistory2B__wrote_any := false;
[L5700]              learner_ingress_registerHistory2B__wrote_index0 := false;
[L5701]              learner_ingress_registerHistory2B__next_write_site := 0;
[L5702]              learner_ingress_registerHistory2B__last_write_site := 0;
[L5703]              learner_ingress_registerHistory2B__last0_old_value := 0bv8;
[L5704]              learner_ingress_registerHistory2B__last0_value := 0bv8;
[L5705]              learner_ingress_registerRound__last_index := 0bv32;
[L5706]              learner_ingress_registerRound__last_value := 0bv16;
[L5707]              learner_ingress_registerRound__last_old_value := 0bv16;
[L5708]              learner_ingress_registerRound__wrote_any := false;
[L5709]              learner_ingress_registerRound__wrote_index0 := false;
[L5710]              learner_ingress_registerRound__next_write_site := 0;
[L5711]              learner_ingress_registerRound__last_write_site := 0;
[L5712]              learner_ingress_registerRound__last0_old_value := 0bv16;
[L5713]              learner_ingress_registerRound__last0_value := 0bv16;
[L5714]              learner_ingress_registerValue__last_index := 0bv32;
[L5715]              learner_ingress_registerValue__last_value := 0bv256;
[L5716]              learner_ingress_registerValue__last_old_value := 0bv256;
[L5717]              learner_ingress_registerValue__wrote_any := false;
[L5718]              learner_ingress_registerValue__wrote_index0 := false;
[L5719]              learner_ingress_registerValue__next_write_site := 0;
[L5720]              learner_ingress_registerValue__last_write_site := 0;
[L5721]              learner_ingress_registerValue__last0_old_value := 0bv256;
[L5722]              learner_ingress_registerValue__last0_value := 0bv256;
[L5724]              procurator_step := 0;
         VAL         [acceptor0_inbox_count=0, acceptor0_ingress_learner_address__last0_old_value=0bv32, acceptor0_ingress_learner_address__last0_value=0bv32, acceptor0_ingress_learner_address__last_index=0bv32, acceptor0_ingress_learner_address__last_old_value=0bv32, acceptor0_ingress_learner_address__last_value=0bv32, acceptor0_ingress_learner_address__last_write_site=0, acceptor0_ingress_learner_address__next_write_site=0, acceptor0_ingress_learner_address__wrote_any=false, acceptor0_ingress_learner_address__wrote_index0=false, acceptor0_ingress_learner_mac_address__last0_old_value=0bv48, acceptor0_ingress_learner_mac_address__last0_value=0bv48, acceptor0_ingress_learner_mac_address__last_index=0bv32, acceptor0_ingress_learner_mac_address__last_old_value=0bv48, acceptor0_ingress_learner_mac_address__last_value=0bv48, acceptor0_ingress_learner_mac_address__last_write_site=0, acceptor0_ingress_learner_mac_address__next_write_site=0, acceptor0_ingress_learner_mac_address__wrote_any=false, acceptor0_ingress_learner_mac_address__wrote_index0=false, acceptor0_ingress_my_ip_address__last0_old_value=0bv32, acceptor0_ingress_my_ip_address__last0_value=0bv32, acceptor0_ingress_my_ip_address__last_index=0bv32, acceptor0_ingress_my_ip_address__last_old_value=0bv32, acceptor0_ingress_my_ip_address__last_value=0bv32, acceptor0_ingress_my_ip_address__last_write_site=0, acceptor0_ingress_my_ip_address__next_write_site=0, acceptor0_ingress_my_ip_address__wrote_any=false, acceptor0_ingress_my_ip_address__wrote_index0=false, acceptor0_ingress_my_mac_address__last0_old_value=0bv48, acceptor0_ingress_my_mac_address__last0_value=0bv48, acceptor0_ingress_my_mac_address__last_index=0bv32, acceptor0_ingress_my_mac_address__last_old_value=0bv48, acceptor0_ingress_my_mac_address__last_value=0bv48, acceptor0_ingress_my_mac_address__last_write_site=0, acceptor0_ingress_my_mac_address__next_write_site=0, acceptor0_ingress_my_mac_address__wrote_any=false, acceptor0_ingress_my_mac_address__wrote_index0=false, acceptor0_ingress_registerAcceptorID__last0_old_value=0bv16, acceptor0_ingress_registerAcceptorID__last0_value=0bv16, acceptor0_ingress_registerAcceptorID__last_index=0bv32, acceptor0_ingress_registerAcceptorID__last_old_value=0bv16, acceptor0_ingress_registerAcceptorID__last_value=0bv16, acceptor0_ingress_registerAcceptorID__last_write_site=0, acceptor0_ingress_registerAcceptorID__next_write_site=0, acceptor0_ingress_registerAcceptorID__wrote_any=false, acceptor0_ingress_registerAcceptorID__wrote_index0=false, acceptor0_ingress_registerRound__last0_old_value=0bv16, acceptor0_ingress_registerRound__last0_value=0bv16, acceptor0_ingress_registerRound__last_index=0bv32, acceptor0_ingress_registerRound__last_old_value=0bv16, acceptor0_ingress_registerRound__last_value=0bv16, acceptor0_ingress_registerRound__last_write_site=0, acceptor0_ingress_registerRound__next_write_site=0, acceptor0_ingress_registerRound__wrote_any=false, acceptor0_ingress_registerRound__wrote_index0=false, acceptor0_ingress_registerVRound__last0_old_value=0bv16, acceptor0_ingress_registerVRound__last0_value=0bv16, acceptor0_ingress_registerVRound__last_index=0bv32, acceptor0_ingress_registerVRound__last_old_value=0bv16, acceptor0_ingress_registerVRound__last_value=0bv16, acceptor0_ingress_registerVRound__last_write_site=0, acceptor0_ingress_registerVRound__next_write_site=0, acceptor0_ingress_registerVRound__wrote_any=false, acceptor0_ingress_registerVRound__wrote_index0=false, acceptor0_ingress_registerValue__last0_old_value=0bv256, acceptor0_ingress_registerValue__last0_value=0bv256, acceptor0_ingress_registerValue__last_index=0bv32, acceptor0_ingress_registerValue__last_old_value=0bv256, acceptor0_ingress_registerValue__last_value=0bv256, acceptor0_ingress_registerValue__last_write_site=0, acceptor0_ingress_registerValue__next_write_site=0, acceptor0_ingress_registerValue__wrote_any=false, acceptor0_ingress_registerValue__wrote_index0=false, acceptor0_p4b_clone_e2e=false, acceptor0_p4b_clone_i2e=false, acceptor0_p4b_clone_i2i=false, acceptor0_p4b_recirculate=false, acceptor0_pkt_external=false, acceptor1_inbox_count=0, acceptor1_ingress_learner_address__last0_old_value=0bv32, acceptor1_ingress_learner_address__last0_value=0bv32, acceptor1_ingress_learner_address__last_index=0bv32, acceptor1_ingress_learner_address__last_old_value=0bv32, acceptor1_ingress_learner_address__last_value=0bv32, acceptor1_ingress_learner_address__last_write_site=0, acceptor1_ingress_learner_address__next_write_site=0, acceptor1_ingress_learner_address__wrote_any=false, acceptor1_ingress_learner_address__wrote_index0=false, acceptor1_ingress_learner_mac_address__last0_old_value=0bv48, acceptor1_ingress_learner_mac_address__last0_value=0bv48, acceptor1_ingress_learner_mac_address__last_index=0bv32, acceptor1_ingress_learner_mac_address__last_old_value=0bv48, acceptor1_ingress_learner_mac_address__last_value=0bv48, acceptor1_ingress_learner_mac_address__last_write_site=0, acceptor1_ingress_learner_mac_address__next_write_site=0, acceptor1_ingress_learner_mac_address__wrote_any=false, acceptor1_ingress_learner_mac_address__wrote_index0=false, acceptor1_ingress_my_ip_address__last0_old_value=0bv32, acceptor1_ingress_my_ip_address__last0_value=0bv32, acceptor1_ingress_my_ip_address__last_index=0bv32, acceptor1_ingress_my_ip_address__last_old_value=0bv32, acceptor1_ingress_my_ip_address__last_value=0bv32, acceptor1_ingress_my_ip_address__last_write_site=0, acceptor1_ingress_my_ip_address__next_write_site=0, acceptor1_ingress_my_ip_address__wrote_any=false, acceptor1_ingress_my_ip_address__wrote_index0=false, acceptor1_ingress_my_mac_address__last0_old_value=0bv48, acceptor1_ingress_my_mac_address__last0_value=0bv48, acceptor1_ingress_my_mac_address__last_index=0bv32, acceptor1_ingress_my_mac_address__last_old_value=0bv48, acceptor1_ingress_my_mac_address__last_value=0bv48, acceptor1_ingress_my_mac_address__last_write_site=0, acceptor1_ingress_my_mac_address__next_write_site=0, acceptor1_ingress_my_mac_address__wrote_any=false, acceptor1_ingress_my_mac_address__wrote_index0=false, acceptor1_ingress_registerAcceptorID__last0_old_value=0bv16, acceptor1_ingress_registerAcceptorID__last0_value=0bv16, acceptor1_ingress_registerAcceptorID__last_index=0bv32, acceptor1_ingress_registerAcceptorID__last_old_value=0bv16, acceptor1_ingress_registerAcceptorID__last_value=0bv16, acceptor1_ingress_registerAcceptorID__last_write_site=0, acceptor1_ingress_registerAcceptorID__next_write_site=0, acceptor1_ingress_registerAcceptorID__wrote_any=false, acceptor1_ingress_registerAcceptorID__wrote_index0=false, acceptor1_ingress_registerRound__last0_old_value=0bv16, acceptor1_ingress_registerRound__last0_value=0bv16, acceptor1_ingress_registerRound__last_index=0bv32, acceptor1_ingress_registerRound__last_old_value=0bv16, acceptor1_ingress_registerRound__last_value=0bv16, acceptor1_ingress_registerRound__last_write_site=0, acceptor1_ingress_registerRound__next_write_site=0, acceptor1_ingress_registerRound__wrote_any=false, acceptor1_ingress_registerRound__wrote_index0=false, acceptor1_ingress_registerVRound__last0_old_value=0bv16, acceptor1_ingress_registerVRound__last0_value=0bv16, acceptor1_ingress_registerVRound__last_index=0bv32, acceptor1_ingress_registerVRound__last_old_value=0bv16, acceptor1_ingress_registerVRound__last_value=0bv16, acceptor1_ingress_registerVRound__last_write_site=0, acceptor1_ingress_registerVRound__next_write_site=0, acceptor1_ingress_registerVRound__wrote_any=false, acceptor1_ingress_registerVRound__wrote_index0=false, acceptor1_ingress_registerValue__last0_old_value=0bv256, acceptor1_ingress_registerValue__last0_value=0bv256, acceptor1_ingress_registerValue__last_index=0bv32, acceptor1_ingress_registerValue__last_old_value=0bv256, acceptor1_ingress_registerValue__last_value=0bv256, acceptor1_ingress_registerValue__last_write_site=0, acceptor1_ingress_registerValue__next_write_site=0, acceptor1_ingress_registerValue__wrote_any=false, acceptor1_ingress_registerValue__wrote_index0=false, acceptor1_p4b_clone_e2e=false, acceptor1_p4b_clone_i2e=false, acceptor1_p4b_clone_i2i=false, acceptor1_p4b_recirculate=false, acceptor1_pkt_external=false, acceptor2_inbox_count=0, acceptor2_ingress_learner_address__last0_old_value=0bv32, acceptor2_ingress_learner_address__last0_value=0bv32, acceptor2_ingress_learner_address__last_index=0bv32, acceptor2_ingress_learner_address__last_old_value=0bv32, acceptor2_ingress_learner_address__last_value=0bv32, acceptor2_ingress_learner_address__last_write_site=0, acceptor2_ingress_learner_address__next_write_site=0, acceptor2_ingress_learner_address__wrote_any=false, acceptor2_ingress_learner_address__wrote_index0=false, acceptor2_ingress_learner_mac_address__last0_old_value=0bv48, acceptor2_ingress_learner_mac_address__last0_value=0bv48, acceptor2_ingress_learner_mac_address__last_index=0bv32, acceptor2_ingress_learner_mac_address__last_old_value=0bv48, acceptor2_ingress_learner_mac_address__last_value=0bv48, acceptor2_ingress_learner_mac_address__last_write_site=0, acceptor2_ingress_learner_mac_address__next_write_site=0, acceptor2_ingress_learner_mac_address__wrote_any=false, acceptor2_ingress_learner_mac_address__wrote_index0=false, acceptor2_ingress_my_ip_address__last0_old_value=0bv32, acceptor2_ingress_my_ip_address__last0_value=0bv32, acceptor2_ingress_my_ip_address__last_index=0bv32, acceptor2_ingress_my_ip_address__last_old_value=0bv32, acceptor2_ingress_my_ip_address__last_value=0bv32, acceptor2_ingress_my_ip_address__last_write_site=0, acceptor2_ingress_my_ip_address__next_write_site=0, acceptor2_ingress_my_ip_address__wrote_any=false, acceptor2_ingress_my_ip_address__wrote_index0=false, acceptor2_ingress_my_mac_address__last0_old_value=0bv48, acceptor2_ingress_my_mac_address__last0_value=0bv48, acceptor2_ingress_my_mac_address__last_index=0bv32, acceptor2_ingress_my_mac_address__last_old_value=0bv48, acceptor2_ingress_my_mac_address__last_value=0bv48, acceptor2_ingress_my_mac_address__last_write_site=0, acceptor2_ingress_my_mac_address__next_write_site=0, acceptor2_ingress_my_mac_address__wrote_any=false, acceptor2_ingress_my_mac_address__wrote_index0=false, acceptor2_ingress_registerAcceptorID__last0_old_value=0bv16, acceptor2_ingress_registerAcceptorID__last0_value=0bv16, acceptor2_ingress_registerAcceptorID__last_index=0bv32, acceptor2_ingress_registerAcceptorID__last_old_value=0bv16, acceptor2_ingress_registerAcceptorID__last_value=0bv16, acceptor2_ingress_registerAcceptorID__last_write_site=0, acceptor2_ingress_registerAcceptorID__next_write_site=0, acceptor2_ingress_registerAcceptorID__wrote_any=false, acceptor2_ingress_registerAcceptorID__wrote_index0=false, acceptor2_ingress_registerRound__last0_old_value=0bv16, acceptor2_ingress_registerRound__last0_value=0bv16, acceptor2_ingress_registerRound__last_index=0bv32, acceptor2_ingress_registerRound__last_old_value=0bv16, acceptor2_ingress_registerRound__last_value=0bv16, acceptor2_ingress_registerRound__last_write_site=0, acceptor2_ingress_registerRound__next_write_site=0, acceptor2_ingress_registerRound__wrote_any=false, acceptor2_ingress_registerRound__wrote_index0=false, acceptor2_ingress_registerVRound__last0_old_value=0bv16, acceptor2_ingress_registerVRound__last0_value=0bv16, acceptor2_ingress_registerVRound__last_index=0bv32, acceptor2_ingress_registerVRound__last_old_value=0bv16, acceptor2_ingress_registerVRound__last_value=0bv16, acceptor2_ingress_registerVRound__last_write_site=0, acceptor2_ingress_registerVRound__next_write_site=0, acceptor2_ingress_registerVRound__wrote_any=false, acceptor2_ingress_registerVRound__wrote_index0=false, acceptor2_ingress_registerValue__last0_old_value=0bv256, acceptor2_ingress_registerValue__last0_value=0bv256, acceptor2_ingress_registerValue__last_index=0bv32, acceptor2_ingress_registerValue__last_old_value=0bv256, acceptor2_ingress_registerValue__last_value=0bv256, acceptor2_ingress_registerValue__last_write_site=0, acceptor2_ingress_registerValue__next_write_site=0, acceptor2_ingress_registerValue__wrote_any=false, acceptor2_ingress_registerValue__wrote_index0=false, acceptor2_p4b_clone_e2e=false, acceptor2_p4b_clone_i2e=false, acceptor2_p4b_clone_i2i=false, acceptor2_p4b_recirculate=false, acceptor2_pkt_external=false, leader_inbox_count=0, leader_ingress_ctrlInstane__last0_old_value=0bv32, leader_ingress_ctrlInstane__last0_value=0bv32, leader_ingress_ctrlInstane__last_index=0bv32, leader_ingress_ctrlInstane__last_old_value=0bv32, leader_ingress_ctrlInstane__last_value=0bv32, leader_ingress_ctrlInstane__last_write_site=0, leader_ingress_ctrlInstane__next_write_site=0, leader_ingress_ctrlInstane__wrote_any=false, leader_ingress_ctrlInstane__wrote_index0=false, leader_p4b_clone_e2e=false, leader_p4b_clone_i2e=false, leader_p4b_clone_i2i=false, leader_p4b_recirculate=false, leader_pkt_external=false, learner_inbox_count=0, learner_ingress_registerHistory2B__last0_old_value=0bv8, learner_ingress_registerHistory2B__last0_value=0bv8, learner_ingress_registerHistory2B__last_index=0bv32, learner_ingress_registerHistory2B__last_old_value=0bv8, learner_ingress_registerHistory2B__last_value=0bv8, learner_ingress_registerHistory2B__last_write_site=0, learner_ingress_registerHistory2B__next_write_site=0, learner_ingress_registerHistory2B__wrote_any=false, learner_ingress_registerHistory2B__wrote_index0=false, learner_ingress_registerRound__last0_old_value=0bv16, learner_ingress_registerRound__last0_value=0bv16, learner_ingress_registerRound__last_index=0bv32, learner_ingress_registerRound__last_old_value=0bv16, learner_ingress_registerRound__last_value=0bv16, learner_ingress_registerRound__last_write_site=0, learner_ingress_registerRound__next_write_site=0, learner_ingress_registerRound__wrote_any=false, learner_ingress_registerRound__wrote_index0=false, learner_ingress_registerValue__last0_old_value=0bv256, learner_ingress_registerValue__last0_value=0bv256, learner_ingress_registerValue__last_index=0bv32, learner_ingress_registerValue__last_old_value=0bv256, learner_ingress_registerValue__last_value=0bv256, learner_ingress_registerValue__last_write_site=0, learner_ingress_registerValue__next_write_site=0, learner_ingress_registerValue__wrote_any=false, learner_ingress_registerValue__wrote_index0=false, learner_p4b_clone_e2e=false, learner_p4b_clone_i2e=false, learner_p4b_clone_i2i=false, learner_p4b_recirculate=false, learner_pkt_external=false, procurator_step=0]
[L5726]  CALL        call main();
[L3811]              assume leader_inbox_count < 3;
[L3812]              leader_pkt_external := true;
[L3813]              havoc leader_standard_metadata.ingress_port;
[L3814]              havoc leader_standard_metadata.instance_type;
[L3815]              havoc leader_standard_metadata.packet_length;
[L3816]              havoc leader_standard_metadata.enq_timestamp;
[L3817]              havoc leader_standard_metadata.enq_qdepth;
[L3818]              havoc leader_standard_metadata.deq_timedelta;
[L3819]              havoc leader_standard_metadata.deq_qdepth;
[L3820]              havoc leader_standard_metadata.ingress_global_timestamp;
[L3821]              havoc leader_standard_metadata.egress_global_timestamp;
[L3822]              havoc leader_standard_metadata.mcast_grp;
[L3823]              havoc leader_standard_metadata.egress_rid;
[L3824]              havoc leader_standard_metadata.checksum_error;
[L3825]              havoc leader_standard_metadata.parser_error;
[L3826]              havoc leader_standard_metadata.priority;
[L3827]              havoc leader_hdr.ethernet.valid;
[L3828]              havoc leader_hdr.ethernet.dstAddr;
[L3829]              havoc leader_hdr.ethernet.srcAddr;
[L3830]              havoc leader_hdr.ethernet.etherType;
[L3831]              havoc leader_hdr.arp.valid;
[L3832]              havoc leader_hdr.arp.hrd;
[L3833]              havoc leader_hdr.arp.pro;
[L3834]              havoc leader_hdr.arp.hln;
[L3835]              havoc leader_hdr.arp.pln;
[L3836]              havoc leader_hdr.arp.op;
[L3837]              havoc leader_hdr.arp.sha;
[L3838]              havoc leader_hdr.arp.spa;
[L3839]              havoc leader_hdr.arp.tha;
[L3840]              havoc leader_hdr.arp.tpa;
[L3841]              havoc leader_hdr.ipv4.valid;
[L3842]              havoc leader_hdr.ipv4.version;
[L3843]              havoc leader_hdr.ipv4.ihl;
[L3844]              havoc leader_hdr.ipv4.diffserv;
[L3845]              havoc leader_hdr.ipv4.totalLen;
[L3846]              havoc leader_hdr.ipv4.identification;
[L3847]              havoc leader_hdr.ipv4.flags;
[L3848]              havoc leader_hdr.ipv4.fragOffset;
[L3849]              havoc leader_hdr.ipv4.ttl;
[L3850]              havoc leader_hdr.ipv4.protocol;
[L3851]              havoc leader_hdr.ipv4.hdrChecksum;
[L3852]              havoc leader_hdr.ipv4.srcAddr;
[L3853]              havoc leader_hdr.ipv4.dstAddr;
[L3854]              havoc leader_hdr.icmp.valid;
[L3855]              havoc leader_hdr.icmp.icmpType;
[L3856]              havoc leader_hdr.icmp.icmpCode;
[L3857]              havoc leader_hdr.icmp.hdrChecksum;
[L3858]              havoc leader_hdr.icmp.identifier;
[L3859]              havoc leader_hdr.icmp.seqNumber;
[L3860]              havoc leader_hdr.icmp.payload;
[L3861]              havoc leader_hdr.udp.valid;
[L3862]              havoc leader_hdr.udp.srcPort;
[L3863]              havoc leader_hdr.udp.dstPort;
[L3864]              havoc leader_hdr.udp.length_;
[L3865]              havoc leader_hdr.udp.checksum;
[L3866]              havoc leader_hdr.paxos.valid;
[L3867]              havoc leader_hdr.paxos.msgtype;
[L3868]              havoc leader_hdr.paxos.inst;
[L3869]              havoc leader_hdr.paxos.rnd;
[L3870]              havoc leader_hdr.paxos.vrnd;
[L3871]              havoc leader_hdr.paxos.acptid;
[L3872]              havoc leader_hdr.paxos.paxoslen;
[L3873]              havoc leader_hdr.paxos.paxosval;
[L3874]              havoc leader_meta.paxos_metadata;
[L3875]              havoc leader_meta.paxos_metadata.round;
[L3876]              havoc leader_meta.paxos_metadata.set_drop;
[L3877]              havoc leader_meta.paxos_metadata.ack_count;
[L3878]              havoc leader_meta.paxos_metadata.ack_acceptors;
[L3879]              leader_inbox_count := leader_inbox_count + 1;
         VAL         [acceptor0_inbox_count=0, acceptor0_ingress_learner_address__last0_old_value=0bv32, acceptor0_ingress_learner_address__last0_value=0bv32, acceptor0_ingress_learner_address__last_index=0bv32, acceptor0_ingress_learner_address__last_old_value=0bv32, acceptor0_ingress_learner_address__last_value=0bv32, acceptor0_ingress_learner_address__last_write_site=0, acceptor0_ingress_learner_address__next_write_site=0, acceptor0_ingress_learner_address__wrote_any=false, acceptor0_ingress_learner_address__wrote_index0=false, acceptor0_ingress_learner_mac_address__last0_old_value=0bv48, acceptor0_ingress_learner_mac_address__last0_value=0bv48, acceptor0_ingress_learner_mac_address__last_index=0bv32, acceptor0_ingress_learner_mac_address__last_old_value=0bv48, acceptor0_ingress_learner_mac_address__last_value=0bv48, acceptor0_ingress_learner_mac_address__last_write_site=0, acceptor0_ingress_learner_mac_address__next_write_site=0, acceptor0_ingress_learner_mac_address__wrote_any=false, acceptor0_ingress_learner_mac_address__wrote_index0=false, acceptor0_ingress_my_ip_address__last0_old_value=0bv32, acceptor0_ingress_my_ip_address__last0_value=0bv32, acceptor0_ingress_my_ip_address__last_index=0bv32, acceptor0_ingress_my_ip_address__last_old_value=0bv32, acceptor0_ingress_my_ip_address__last_value=0bv32, acceptor0_ingress_my_ip_address__last_write_site=0, acceptor0_ingress_my_ip_address__next_write_site=0, acceptor0_ingress_my_ip_address__wrote_any=false, acceptor0_ingress_my_ip_address__wrote_index0=false, acceptor0_ingress_my_mac_address__last0_old_value=0bv48, acceptor0_ingress_my_mac_address__last0_value=0bv48, acceptor0_ingress_my_mac_address__last_index=0bv32, acceptor0_ingress_my_mac_address__last_old_value=0bv48, acceptor0_ingress_my_mac_address__last_value=0bv48, acceptor0_ingress_my_mac_address__last_write_site=0, acceptor0_ingress_my_mac_address__next_write_site=0, acceptor0_ingress_my_mac_address__wrote_any=false, acceptor0_ingress_my_mac_address__wrote_index0=false, acceptor0_ingress_registerAcceptorID__last0_old_value=0bv16, acceptor0_ingress_registerAcceptorID__last0_value=0bv16, acceptor0_ingress_registerAcceptorID__last_index=0bv32, acceptor0_ingress_registerAcceptorID__last_old_value=0bv16, acceptor0_ingress_registerAcceptorID__last_value=0bv16, acceptor0_ingress_registerAcceptorID__last_write_site=0, acceptor0_ingress_registerAcceptorID__next_write_site=0, acceptor0_ingress_registerAcceptorID__wrote_any=false, acceptor0_ingress_registerAcceptorID__wrote_index0=false, acceptor0_ingress_registerRound__last0_old_value=0bv16, acceptor0_ingress_registerRound__last0_value=0bv16, acceptor0_ingress_registerRound__last_index=0bv32, acceptor0_ingress_registerRound__last_old_value=0bv16, acceptor0_ingress_registerRound__last_value=0bv16, acceptor0_ingress_registerRound__last_write_site=0, acceptor0_ingress_registerRound__next_write_site=0, acceptor0_ingress_registerRound__wrote_any=false, acceptor0_ingress_registerRound__wrote_index0=false, acceptor0_ingress_registerVRound__last0_old_value=0bv16, acceptor0_ingress_registerVRound__last0_value=0bv16, acceptor0_ingress_registerVRound__last_index=0bv32, acceptor0_ingress_registerVRound__last_old_value=0bv16, acceptor0_ingress_registerVRound__last_value=0bv16, acceptor0_ingress_registerVRound__last_write_site=0, acceptor0_ingress_registerVRound__next_write_site=0, acceptor0_ingress_registerVRound__wrote_any=false, acceptor0_ingress_registerVRound__wrote_index0=false, acceptor0_ingress_registerValue__last0_old_value=0bv256, acceptor0_ingress_registerValue__last0_value=0bv256, acceptor0_ingress_registerValue__last_index=0bv32, acceptor0_ingress_registerValue__last_old_value=0bv256, acceptor0_ingress_registerValue__last_value=0bv256, acceptor0_ingress_registerValue__last_write_site=0, acceptor0_ingress_registerValue__next_write_site=0, acceptor0_ingress_registerValue__wrote_any=false, acceptor0_ingress_registerValue__wrote_index0=false, acceptor0_p4b_clone_e2e=false, acceptor0_p4b_clone_i2e=false, acceptor0_p4b_clone_i2i=false, acceptor0_p4b_recirculate=false, acceptor0_pkt_external=false, acceptor1_inbox_count=0, acceptor1_ingress_learner_address__last0_old_value=0bv32, acceptor1_ingress_learner_address__last0_value=0bv32, acceptor1_ingress_learner_address__last_index=0bv32, acceptor1_ingress_learner_address__last_old_value=0bv32, acceptor1_ingress_learner_address__last_value=0bv32, acceptor1_ingress_learner_address__last_write_site=0, acceptor1_ingress_learner_address__next_write_site=0, acceptor1_ingress_learner_address__wrote_any=false, acceptor1_ingress_learner_address__wrote_index0=false, acceptor1_ingress_learner_mac_address__last0_old_value=0bv48, acceptor1_ingress_learner_mac_address__last0_value=0bv48, acceptor1_ingress_learner_mac_address__last_index=0bv32, acceptor1_ingress_learner_mac_address__last_old_value=0bv48, acceptor1_ingress_learner_mac_address__last_value=0bv48, acceptor1_ingress_learner_mac_address__last_write_site=0, acceptor1_ingress_learner_mac_address__next_write_site=0, acceptor1_ingress_learner_mac_address__wrote_any=false, acceptor1_ingress_learner_mac_address__wrote_index0=false, acceptor1_ingress_my_ip_address__last0_old_value=0bv32, acceptor1_ingress_my_ip_address__last0_value=0bv32, acceptor1_ingress_my_ip_address__last_index=0bv32, acceptor1_ingress_my_ip_address__last_old_value=0bv32, acceptor1_ingress_my_ip_address__last_value=0bv32, acceptor1_ingress_my_ip_address__last_write_site=0, acceptor1_ingress_my_ip_address__next_write_site=0, acceptor1_ingress_my_ip_address__wrote_any=false, acceptor1_ingress_my_ip_address__wrote_index0=false, acceptor1_ingress_my_mac_address__last0_old_value=0bv48, acceptor1_ingress_my_mac_address__last0_value=0bv48, acceptor1_ingress_my_mac_address__last_index=0bv32, acceptor1_ingress_my_mac_address__last_old_value=0bv48, acceptor1_ingress_my_mac_address__last_value=0bv48, acceptor1_ingress_my_mac_address__last_write_site=0, acceptor1_ingress_my_mac_address__next_write_site=0, acceptor1_ingress_my_mac_address__wrote_any=false, acceptor1_ingress_my_mac_address__wrote_index0=false, acceptor1_ingress_registerAcceptorID__last0_old_value=0bv16, acceptor1_ingress_registerAcceptorID__last0_value=0bv16, acceptor1_ingress_registerAcceptorID__last_index=0bv32, acceptor1_ingress_registerAcceptorID__last_old_value=0bv16, acceptor1_ingress_registerAcceptorID__last_value=0bv16, acceptor1_ingress_registerAcceptorID__last_write_site=0, acceptor1_ingress_registerAcceptorID__next_write_site=0, acceptor1_ingress_registerAcceptorID__wrote_any=false, acceptor1_ingress_registerAcceptorID__wrote_index0=false, acceptor1_ingress_registerRound__last0_old_value=0bv16, acceptor1_ingress_registerRound__last0_value=0bv16, acceptor1_ingress_registerRound__last_index=0bv32, acceptor1_ingress_registerRound__last_old_value=0bv16, acceptor1_ingress_registerRound__last_value=0bv16, acceptor1_ingress_registerRound__last_write_site=0, acceptor1_ingress_registerRound__next_write_site=0, acceptor1_ingress_registerRound__wrote_any=false, acceptor1_ingress_registerRound__wrote_index0=false, acceptor1_ingress_registerVRound__last0_old_value=0bv16, acceptor1_ingress_registerVRound__last0_value=0bv16, acceptor1_ingress_registerVRound__last_index=0bv32, acceptor1_ingress_registerVRound__last_old_value=0bv16, acceptor1_ingress_registerVRound__last_value=0bv16, acceptor1_ingress_registerVRound__last_write_site=0, acceptor1_ingress_registerVRound__next_write_site=0, acceptor1_ingress_registerVRound__wrote_any=false, acceptor1_ingress_registerVRound__wrote_index0=false, acceptor1_ingress_registerValue__last0_old_value=0bv256, acceptor1_ingress_registerValue__last0_value=0bv256, acceptor1_ingress_registerValue__last_index=0bv32, acceptor1_ingress_registerValue__last_old_value=0bv256, acceptor1_ingress_registerValue__last_value=0bv256, acceptor1_ingress_registerValue__last_write_site=0, acceptor1_ingress_registerValue__next_write_site=0, acceptor1_ingress_registerValue__wrote_any=false, acceptor1_ingress_registerValue__wrote_index0=false, acceptor1_p4b_clone_e2e=false, acceptor1_p4b_clone_i2e=false, acceptor1_p4b_clone_i2i=false, acceptor1_p4b_recirculate=false, acceptor1_pkt_external=false, acceptor2_inbox_count=0, acceptor2_ingress_learner_address__last0_old_value=0bv32, acceptor2_ingress_learner_address__last0_value=0bv32, acceptor2_ingress_learner_address__last_index=0bv32, acceptor2_ingress_learner_address__last_old_value=0bv32, acceptor2_ingress_learner_address__last_value=0bv32, acceptor2_ingress_learner_address__last_write_site=0, acceptor2_ingress_learner_address__next_write_site=0, acceptor2_ingress_learner_address__wrote_any=false, acceptor2_ingress_learner_address__wrote_index0=false, acceptor2_ingress_learner_mac_address__last0_old_value=0bv48, acceptor2_ingress_learner_mac_address__last0_value=0bv48, acceptor2_ingress_learner_mac_address__last_index=0bv32, acceptor2_ingress_learner_mac_address__last_old_value=0bv48, acceptor2_ingress_learner_mac_address__last_value=0bv48, acceptor2_ingress_learner_mac_address__last_write_site=0, acceptor2_ingress_learner_mac_address__next_write_site=0, acceptor2_ingress_learner_mac_address__wrote_any=false, acceptor2_ingress_learner_mac_address__wrote_index0=false, acceptor2_ingress_my_ip_address__last0_old_value=0bv32, acceptor2_ingress_my_ip_address__last0_value=0bv32, acceptor2_ingress_my_ip_address__last_index=0bv32, acceptor2_ingress_my_ip_address__last_old_value=0bv32, acceptor2_ingress_my_ip_address__last_value=0bv32, acceptor2_ingress_my_ip_address__last_write_site=0, acceptor2_ingress_my_ip_address__next_write_site=0, acceptor2_ingress_my_ip_address__wrote_any=false, acceptor2_ingress_my_ip_address__wrote_index0=false, acceptor2_ingress_my_mac_address__last0_old_value=0bv48, acceptor2_ingress_my_mac_address__last0_value=0bv48, acceptor2_ingress_my_mac_address__last_index=0bv32, acceptor2_ingress_my_mac_address__last_old_value=0bv48, acceptor2_ingress_my_mac_address__last_value=0bv48, acceptor2_ingress_my_mac_address__last_write_site=0, acceptor2_ingress_my_mac_address__next_write_site=0, acceptor2_ingress_my_mac_address__wrote_any=false, acceptor2_ingress_my_mac_address__wrote_index0=false, acceptor2_ingress_registerAcceptorID__last0_old_value=0bv16, acceptor2_ingress_registerAcceptorID__last0_value=0bv16, acceptor2_ingress_registerAcceptorID__last_index=0bv32, acceptor2_ingress_registerAcceptorID__last_old_value=0bv16, acceptor2_ingress_registerAcceptorID__last_value=0bv16, acceptor2_ingress_registerAcceptorID__last_write_site=0, acceptor2_ingress_registerAcceptorID__next_write_site=0, acceptor2_ingress_registerAcceptorID__wrote_any=false, acceptor2_ingress_registerAcceptorID__wrote_index0=false, acceptor2_ingress_registerRound__last0_old_value=0bv16, acceptor2_ingress_registerRound__last0_value=0bv16, acceptor2_ingress_registerRound__last_index=0bv32, acceptor2_ingress_registerRound__last_old_value=0bv16, acceptor2_ingress_registerRound__last_value=0bv16, acceptor2_ingress_registerRound__last_write_site=0, acceptor2_ingress_registerRound__next_write_site=0, acceptor2_ingress_registerRound__wrote_any=false, acceptor2_ingress_registerRound__wrote_index0=false, acceptor2_ingress_registerVRound__last0_old_value=0bv16, acceptor2_ingress_registerVRound__last0_value=0bv16, acceptor2_ingress_registerVRound__last_index=0bv32, acceptor2_ingress_registerVRound__last_old_value=0bv16, acceptor2_ingress_registerVRound__last_value=0bv16, acceptor2_ingress_registerVRound__last_write_site=0, acceptor2_ingress_registerVRound__next_write_site=0, acceptor2_ingress_registerVRound__wrote_any=false, acceptor2_ingress_registerVRound__wrote_index0=false, acceptor2_ingress_registerValue__last0_old_value=0bv256, acceptor2_ingress_registerValue__last0_value=0bv256, acceptor2_ingress_registerValue__last_index=0bv32, acceptor2_ingress_registerValue__last_old_value=0bv256, acceptor2_ingress_registerValue__last_value=0bv256, acceptor2_ingress_registerValue__last_write_site=0, acceptor2_ingress_registerValue__next_write_site=0, acceptor2_ingress_registerValue__wrote_any=false, acceptor2_ingress_registerValue__wrote_index0=false, acceptor2_p4b_clone_e2e=false, acceptor2_p4b_clone_i2e=false, acceptor2_p4b_clone_i2i=false, acceptor2_p4b_recirculate=false, acceptor2_pkt_external=false, leader_inbox_count=1, leader_ingress_ctrlInstane__last0_old_value=0bv32, leader_ingress_ctrlInstane__last0_value=0bv32, leader_ingress_ctrlInstane__last_index=0bv32, leader_ingress_ctrlInstane__last_old_value=0bv32, leader_ingress_ctrlInstane__last_value=0bv32, leader_ingress_ctrlInstane__last_write_site=0, leader_ingress_ctrlInstane__next_write_site=0, leader_ingress_ctrlInstane__wrote_any=false, leader_ingress_ctrlInstane__wrote_index0=false, leader_p4b_clone_e2e=false, leader_p4b_clone_i2e=false, leader_p4b_clone_i2i=false, leader_p4b_recirculate=false, leader_pkt_external=true, learner_inbox_count=0, learner_ingress_registerHistory2B__last0_old_value=0bv8, learner_ingress_registerHistory2B__last0_value=0bv8, learner_ingress_registerHistory2B__last_index=0bv32, learner_ingress_registerHistory2B__last_old_value=0bv8, learner_ingress_registerHistory2B__last_value=0bv8, learner_ingress_registerHistory2B__last_write_site=0, learner_ingress_registerHistory2B__next_write_site=0, learner_ingress_registerHistory2B__wrote_any=false, learner_ingress_registerHistory2B__wrote_index0=false, learner_ingress_registerRound__last0_old_value=0bv16, learner_ingress_registerRound__last0_value=0bv16, learner_ingress_registerRound__last_index=0bv32, learner_ingress_registerRound__last_old_value=0bv16, learner_ingress_registerRound__last_value=0bv16, learner_ingress_registerRound__last_write_site=0, learner_ingress_registerRound__next_write_site=0, learner_ingress_registerRound__wrote_any=false, learner_ingress_registerRound__wrote_index0=false, learner_ingress_registerValue__last0_old_value=0bv256, learner_ingress_registerValue__last0_value=0bv256, learner_ingress_registerValue__last_index=0bv32, learner_ingress_registerValue__last_old_value=0bv256, learner_ingress_registerValue__last_value=0bv256, learner_ingress_registerValue__last_write_site=0, learner_ingress_registerValue__next_write_site=0, learner_ingress_registerValue__wrote_any=false, learner_ingress_registerValue__wrote_index0=false, learner_p4b_clone_e2e=false, learner_p4b_clone_i2e=false, learner_p4b_clone_i2i=false, learner_p4b_recirculate=false, learner_pkt_external=false, procurator_step=0]
[L5726]  RET         call main();
[L5727]              procurator_step := procurator_step + 1;
         VAL         [acceptor0_inbox_count=0, acceptor0_ingress_learner_address__last0_old_value=0bv32, acceptor0_ingress_learner_address__last0_value=0bv32, acceptor0_ingress_learner_address__last_index=0bv32, acceptor0_ingress_learner_address__last_old_value=0bv32, acceptor0_ingress_learner_address__last_value=0bv32, acceptor0_ingress_learner_address__last_write_site=0, acceptor0_ingress_learner_address__next_write_site=0, acceptor0_ingress_learner_address__wrote_any=false, acceptor0_ingress_learner_address__wrote_index0=false, acceptor0_ingress_learner_mac_address__last0_old_value=0bv48, acceptor0_ingress_learner_mac_address__last0_value=0bv48, acceptor0_ingress_learner_mac_address__last_index=0bv32, acceptor0_ingress_learner_mac_address__last_old_value=0bv48, acceptor0_ingress_learner_mac_address__last_value=0bv48, acceptor0_ingress_learner_mac_address__last_write_site=0, acceptor0_ingress_learner_mac_address__next_write_site=0, acceptor0_ingress_learner_mac_address__wrote_any=false, acceptor0_ingress_learner_mac_address__wrote_index0=false, acceptor0_ingress_my_ip_address__last0_old_value=0bv32, acceptor0_ingress_my_ip_address__last0_value=0bv32, acceptor0_ingress_my_ip_address__last_index=0bv32, acceptor0_ingress_my_ip_address__last_old_value=0bv32, acceptor0_ingress_my_ip_address__last_value=0bv32, acceptor0_ingress_my_ip_address__last_write_site=0, acceptor0_ingress_my_ip_address__next_write_site=0, acceptor0_ingress_my_ip_address__wrote_any=false, acceptor0_ingress_my_ip_address__wrote_index0=false, acceptor0_ingress_my_mac_address__last0_old_value=0bv48, acceptor0_ingress_my_mac_address__last0_value=0bv48, acceptor0_ingress_my_mac_address__last_index=0bv32, acceptor0_ingress_my_mac_address__last_old_value=0bv48, acceptor0_ingress_my_mac_address__last_value=0bv48, acceptor0_ingress_my_mac_address__last_write_site=0, acceptor0_ingress_my_mac_address__next_write_site=0, acceptor0_ingress_my_mac_address__wrote_any=false, acceptor0_ingress_my_mac_address__wrote_index0=false, acceptor0_ingress_registerAcceptorID__last0_old_value=0bv16, acceptor0_ingress_registerAcceptorID__last0_value=0bv16, acceptor0_ingress_registerAcceptorID__last_index=0bv32, acceptor0_ingress_registerAcceptorID__last_old_value=0bv16, acceptor0_ingress_registerAcceptorID__last_value=0bv16, acceptor0_ingress_registerAcceptorID__last_write_site=0, acceptor0_ingress_registerAcceptorID__next_write_site=0, acceptor0_ingress_registerAcceptorID__wrote_any=false, acceptor0_ingress_registerAcceptorID__wrote_index0=false, acceptor0_ingress_registerRound__last0_old_value=0bv16, acceptor0_ingress_registerRound__last0_value=0bv16, acceptor0_ingress_registerRound__last_index=0bv32, acceptor0_ingress_registerRound__last_old_value=0bv16, acceptor0_ingress_registerRound__last_value=0bv16, acceptor0_ingress_registerRound__last_write_site=0, acceptor0_ingress_registerRound__next_write_site=0, acceptor0_ingress_registerRound__wrote_any=false, acceptor0_ingress_registerRound__wrote_index0=false, acceptor0_ingress_registerVRound__last0_old_value=0bv16, acceptor0_ingress_registerVRound__last0_value=0bv16, acceptor0_ingress_registerVRound__last_index=0bv32, acceptor0_ingress_registerVRound__last_old_value=0bv16, acceptor0_ingress_registerVRound__last_value=0bv16, acceptor0_ingress_registerVRound__last_write_site=0, acceptor0_ingress_registerVRound__next_write_site=0, acceptor0_ingress_registerVRound__wrote_any=false, acceptor0_ingress_registerVRound__wrote_index0=false, acceptor0_ingress_registerValue__last0_old_value=0bv256, acceptor0_ingress_registerValue__last0_value=0bv256, acceptor0_ingress_registerValue__last_index=0bv32, acceptor0_ingress_registerValue__last_old_value=0bv256, acceptor0_ingress_registerValue__last_value=0bv256, acceptor0_ingress_registerValue__last_write_site=0, acceptor0_ingress_registerValue__next_write_site=0, acceptor0_ingress_registerValue__wrote_any=false, acceptor0_ingress_registerValue__wrote_index0=false, acceptor0_p4b_clone_e2e=false, acceptor0_p4b_clone_i2e=false, acceptor0_p4b_clone_i2i=false, acceptor0_p4b_recirculate=false, acceptor0_pkt_external=false, acceptor1_inbox_count=0, acceptor1_ingress_learner_address__last0_old_value=0bv32, acceptor1_ingress_learner_address__last0_value=0bv32, acceptor1_ingress_learner_address__last_index=0bv32, acceptor1_ingress_learner_address__last_old_value=0bv32, acceptor1_ingress_learner_address__last_value=0bv32, acceptor1_ingress_learner_address__last_write_site=0, acceptor1_ingress_learner_address__next_write_site=0, acceptor1_ingress_learner_address__wrote_any=false, acceptor1_ingress_learner_address__wrote_index0=false, acceptor1_ingress_learner_mac_address__last0_old_value=0bv48, acceptor1_ingress_learner_mac_address__last0_value=0bv48, acceptor1_ingress_learner_mac_address__last_index=0bv32, acceptor1_ingress_learner_mac_address__last_old_value=0bv48, acceptor1_ingress_learner_mac_address__last_value=0bv48, acceptor1_ingress_learner_mac_address__last_write_site=0, acceptor1_ingress_learner_mac_address__next_write_site=0, acceptor1_ingress_learner_mac_address__wrote_any=false, acceptor1_ingress_learner_mac_address__wrote_index0=false, acceptor1_ingress_my_ip_address__last0_old_value=0bv32, acceptor1_ingress_my_ip_address__last0_value=0bv32, acceptor1_ingress_my_ip_address__last_index=0bv32, acceptor1_ingress_my_ip_address__last_old_value=0bv32, acceptor1_ingress_my_ip_address__last_value=0bv32, acceptor1_ingress_my_ip_address__last_write_site=0, acceptor1_ingress_my_ip_address__next_write_site=0, acceptor1_ingress_my_ip_address__wrote_any=false, acceptor1_ingress_my_ip_address__wrote_index0=false, acceptor1_ingress_my_mac_address__last0_old_value=0bv48, acceptor1_ingress_my_mac_address__last0_value=0bv48, acceptor1_ingress_my_mac_address__last_index=0bv32, acceptor1_ingress_my_mac_address__last_old_value=0bv48, acceptor1_ingress_my_mac_address__last_value=0bv48, acceptor1_ingress_my_mac_address__last_write_site=0, acceptor1_ingress_my_mac_address__next_write_site=0, acceptor1_ingress_my_mac_address__wrote_any=false, acceptor1_ingress_my_mac_address__wrote_index0=false, acceptor1_ingress_registerAcceptorID__last0_old_value=0bv16, acceptor1_ingress_registerAcceptorID__last0_value=0bv16, acceptor1_ingress_registerAcceptorID__last_index=0bv32, acceptor1_ingress_registerAcceptorID__last_old_value=0bv16, acceptor1_ingress_registerAcceptorID__last_value=0bv16, acceptor1_ingress_registerAcceptorID__last_write_site=0, acceptor1_ingress_registerAcceptorID__next_write_site=0, acceptor1_ingress_registerAcceptorID__wrote_any=false, acceptor1_ingress_registerAcceptorID__wrote_index0=false, acceptor1_ingress_registerRound__last0_old_value=0bv16, acceptor1_ingress_registerRound__last0_value=0bv16, acceptor1_ingress_registerRound__last_index=0bv32, acceptor1_ingress_registerRound__last_old_value=0bv16, acceptor1_ingress_registerRound__last_value=0bv16, acceptor1_ingress_registerRound__last_write_site=0, acceptor1_ingress_registerRound__next_write_site=0, acceptor1_ingress_registerRound__wrote_any=false, acceptor1_ingress_registerRound__wrote_index0=false, acceptor1_ingress_registerVRound__last0_old_value=0bv16, acceptor1_ingress_registerVRound__last0_value=0bv16, acceptor1_ingress_registerVRound__last_index=0bv32, acceptor1_ingress_registerVRound__last_old_value=0bv16, acceptor1_ingress_registerVRound__last_value=0bv16, acceptor1_ingress_registerVRound__last_write_site=0, acceptor1_ingress_registerVRound__next_write_site=0, acceptor1_ingress_registerVRound__wrote_any=false, acceptor1_ingress_registerVRound__wrote_index0=false, acceptor1_ingress_registerValue__last0_old_value=0bv256, acceptor1_ingress_registerValue__last0_value=0bv256, acceptor1_ingress_registerValue__last_index=0bv32, acceptor1_ingress_registerValue__last_old_value=0bv256, acceptor1_ingress_registerValue__last_value=0bv256, acceptor1_ingress_registerValue__last_write_site=0, acceptor1_ingress_registerValue__next_write_site=0, acceptor1_ingress_registerValue__wrote_any=false, acceptor1_ingress_registerValue__wrote_index0=false, acceptor1_p4b_clone_e2e=false, acceptor1_p4b_clone_i2e=false, acceptor1_p4b_clone_i2i=false, acceptor1_p4b_recirculate=false, acceptor1_pkt_external=false, acceptor2_inbox_count=0, acceptor2_ingress_learner_address__last0_old_value=0bv32, acceptor2_ingress_learner_address__last0_value=0bv32, acceptor2_ingress_learner_address__last_index=0bv32, acceptor2_ingress_learner_address__last_old_value=0bv32, acceptor2_ingress_learner_address__last_value=0bv32, acceptor2_ingress_learner_address__last_write_site=0, acceptor2_ingress_learner_address__next_write_site=0, acceptor2_ingress_learner_address__wrote_any=false, acceptor2_ingress_learner_address__wrote_index0=false, acceptor2_ingress_learner_mac_address__last0_old_value=0bv48, acceptor2_ingress_learner_mac_address__last0_value=0bv48, acceptor2_ingress_learner_mac_address__last_index=0bv32, acceptor2_ingress_learner_mac_address__last_old_value=0bv48, acceptor2_ingress_learner_mac_address__last_value=0bv48, acceptor2_ingress_learner_mac_address__last_write_site=0, acceptor2_ingress_learner_mac_address__next_write_site=0, acceptor2_ingress_learner_mac_address__wrote_any=false, acceptor2_ingress_learner_mac_address__wrote_index0=false, acceptor2_ingress_my_ip_address__last0_old_value=0bv32, acceptor2_ingress_my_ip_address__last0_value=0bv32, acceptor2_ingress_my_ip_address__last_index=0bv32, acceptor2_ingress_my_ip_address__last_old_value=0bv32, acceptor2_ingress_my_ip_address__last_value=0bv32, acceptor2_ingress_my_ip_address__last_write_site=0, acceptor2_ingress_my_ip_address__next_write_site=0, acceptor2_ingress_my_ip_address__wrote_any=false, acceptor2_ingress_my_ip_address__wrote_index0=false, acceptor2_ingress_my_mac_address__last0_old_value=0bv48, acceptor2_ingress_my_mac_address__last0_value=0bv48, acceptor2_ingress_my_mac_address__last_index=0bv32, acceptor2_ingress_my_mac_address__last_old_value=0bv48, acceptor2_ingress_my_mac_address__last_value=0bv48, acceptor2_ingress_my_mac_address__last_write_site=0, acceptor2_ingress_my_mac_address__next_write_site=0, acceptor2_ingress_my_mac_address__wrote_any=false, acceptor2_ingress_my_mac_address__wrote_index0=false, acceptor2_ingress_registerAcceptorID__last0_old_value=0bv16, acceptor2_ingress_registerAcceptorID__last0_value=0bv16, acceptor2_ingress_registerAcceptorID__last_index=0bv32, acceptor2_ingress_registerAcceptorID__last_old_value=0bv16, acceptor2_ingress_registerAcceptorID__last_value=0bv16, acceptor2_ingress_registerAcceptorID__last_write_site=0, acceptor2_ingress_registerAcceptorID__next_write_site=0, acceptor2_ingress_registerAcceptorID__wrote_any=false, acceptor2_ingress_registerAcceptorID__wrote_index0=false, acceptor2_ingress_registerRound__last0_old_value=0bv16, acceptor2_ingress_registerRound__last0_value=0bv16, acceptor2_ingress_registerRound__last_index=0bv32, acceptor2_ingress_registerRound__last_old_value=0bv16, acceptor2_ingress_registerRound__last_value=0bv16, acceptor2_ingress_registerRound__last_write_site=0, acceptor2_ingress_registerRound__next_write_site=0, acceptor2_ingress_registerRound__wrote_any=false, acceptor2_ingress_registerRound__wrote_index0=false, acceptor2_ingress_registerVRound__last0_old_value=0bv16, acceptor2_ingress_registerVRound__last0_value=0bv16, acceptor2_ingress_registerVRound__last_index=0bv32, acceptor2_ingress_registerVRound__last_old_value=0bv16, acceptor2_ingress_registerVRound__last_value=0bv16, acceptor2_ingress_registerVRound__last_write_site=0, acceptor2_ingress_registerVRound__next_write_site=0, acceptor2_ingress_registerVRound__wrote_any=false, acceptor2_ingress_registerVRound__wrote_index0=false, acceptor2_ingress_registerValue__last0_old_value=0bv256, acceptor2_ingress_registerValue__last0_value=0bv256, acceptor2_ingress_registerValue__last_index=0bv32, acceptor2_ingress_registerValue__last_old_value=0bv256, acceptor2_ingress_registerValue__last_value=0bv256, acceptor2_ingress_registerValue__last_write_site=0, acceptor2_ingress_registerValue__next_write_site=0, acceptor2_ingress_registerValue__wrote_any=false, acceptor2_ingress_registerValue__wrote_index0=false, acceptor2_p4b_clone_e2e=false, acceptor2_p4b_clone_i2e=false, acceptor2_p4b_clone_i2i=false, acceptor2_p4b_recirculate=false, acceptor2_pkt_external=false, leader_inbox_count=1, leader_ingress_ctrlInstane__last0_old_value=0bv32, leader_ingress_ctrlInstane__last0_value=0bv32, leader_ingress_ctrlInstane__last_index=0bv32, leader_ingress_ctrlInstane__last_old_value=0bv32, leader_ingress_ctrlInstane__last_value=0bv32, leader_ingress_ctrlInstane__last_write_site=0, leader_ingress_ctrlInstane__next_write_site=0, leader_ingress_ctrlInstane__wrote_any=false, leader_ingress_ctrlInstane__wrote_index0=false, leader_p4b_clone_e2e=false, leader_p4b_clone_i2e=false, leader_p4b_clone_i2i=false, leader_p4b_recirculate=false, leader_pkt_external=true, learner_inbox_count=0, learner_ingress_registerHistory2B__last0_old_value=0bv8, learner_ingress_registerHistory2B__last0_value=0bv8, learner_ingress_registerHistory2B__last_index=0bv32, learner_ingress_registerHistory2B__last_old_value=0bv8, learner_ingress_registerHistory2B__last_value=0bv8, learner_ingress_registerHistory2B__last_write_site=0, learner_ingress_registerHistory2B__next_write_site=0, learner_ingress_registerHistory2B__wrote_any=false, learner_ingress_registerHistory2B__wrote_index0=false, learner_ingress_registerRound__last0_old_value=0bv16, learner_ingress_registerRound__last0_value=0bv16, learner_ingress_registerRound__last_index=0bv32, learner_ingress_registerRound__last_old_value=0bv16, learner_ingress_registerRound__last_value=0bv16, learner_ingress_registerRound__last_write_site=0, learner_ingress_registerRound__next_write_site=0, learner_ingress_registerRound__wrote_any=false, learner_ingress_registerRound__wrote_index0=false, learner_ingress_registerValue__last0_old_value=0bv256, learner_ingress_registerValue__last0_value=0bv256, learner_ingress_registerValue__last_index=0bv32, learner_ingress_registerValue__last_old_value=0bv256, learner_ingress_registerValue__last_value=0bv256, learner_ingress_registerValue__last_write_site=0, learner_ingress_registerValue__next_write_site=0, learner_ingress_registerValue__wrote_any=false, learner_ingress_registerValue__wrote_index0=false, learner_p4b_clone_e2e=false, learner_p4b_clone_i2e=false, learner_p4b_clone_i2i=false, learner_p4b_recirculate=false, learner_pkt_external=false, procurator_step=1]
[L5726]  CALL        call main();
[L4095]              assume leader_inbox_count > 0;
[L4096]              leader_inbox_count := leader_inbox_count - 1;
[L4097]  CALL        call leader_mainProcedure();
[L2911]              leader_p4b_checksum_error := false;
[L2912]              leader_p4b_checksum_updated := false;
[L2913]              leader_p4b_checksum_verified := false;
[L2914]              leader_p4b_digest := false;
[L2915]              leader_p4b_recirculate := false;
[L2916]              leader_p4b_clone_i2i := false;
[L2917]              leader_p4b_clone_e2e := false;
[L2918]              leader_p4b_clone_i2e := false;
[L2919]  CALL        call leader_main();
[L2899]  CALL        call leader_TopParser();
[L2671]  FCALL       call leader_packet_in.extract(leader_hdr.ethernet);
         VAL         [acceptor0_inbox_count=0, acceptor0_ingress_learner_address__last0_old_value=0bv32, acceptor0_ingress_learner_address__last0_value=0bv32, acceptor0_ingress_learner_address__last_index=0bv32, acceptor0_ingress_learner_address__last_old_value=0bv32, acceptor0_ingress_learner_address__last_value=0bv32, acceptor0_ingress_learner_address__last_write_site=0, acceptor0_ingress_learner_address__next_write_site=0, acceptor0_ingress_learner_address__wrote_any=false, acceptor0_ingress_learner_address__wrote_index0=false, acceptor0_ingress_learner_mac_address__last0_old_value=0bv48, acceptor0_ingress_learner_mac_address__last0_value=0bv48, acceptor0_ingress_learner_mac_address__last_index=0bv32, acceptor0_ingress_learner_mac_address__last_old_value=0bv48, acceptor0_ingress_learner_mac_address__last_value=0bv48, acceptor0_ingress_learner_mac_address__last_write_site=0, acceptor0_ingress_learner_mac_address__next_write_site=0, acceptor0_ingress_learner_mac_address__wrote_any=false, acceptor0_ingress_learner_mac_address__wrote_index0=false, acceptor0_ingress_my_ip_address__last0_old_value=0bv32, acceptor0_ingress_my_ip_address__last0_value=0bv32, acceptor0_ingress_my_ip_address__last_index=0bv32, acceptor0_ingress_my_ip_address__last_old_value=0bv32, acceptor0_ingress_my_ip_address__last_value=0bv32, acceptor0_ingress_my_ip_address__last_write_site=0, acceptor0_ingress_my_ip_address__next_write_site=0, acceptor0_ingress_my_ip_address__wrote_any=false, acceptor0_ingress_my_ip_address__wrote_index0=false, acceptor0_ingress_my_mac_address__last0_old_value=0bv48, acceptor0_ingress_my_mac_address__last0_value=0bv48, acceptor0_ingress_my_mac_address__last_index=0bv32, acceptor0_ingress_my_mac_address__last_old_value=0bv48, acceptor0_ingress_my_mac_address__last_value=0bv48, acceptor0_ingress_my_mac_address__last_write_site=0, acceptor0_ingress_my_mac_address__next_write_site=0, acceptor0_ingress_my_mac_address__wrote_any=false, acceptor0_ingress_my_mac_address__wrote_index0=false, acceptor0_ingress_registerAcceptorID__last0_old_value=0bv16, acceptor0_ingress_registerAcceptorID__last0_value=0bv16, acceptor0_ingress_registerAcceptorID__last_index=0bv32, acceptor0_ingress_registerAcceptorID__last_old_value=0bv16, acceptor0_ingress_registerAcceptorID__last_value=0bv16, acceptor0_ingress_registerAcceptorID__last_write_site=0, acceptor0_ingress_registerAcceptorID__next_write_site=0, acceptor0_ingress_registerAcceptorID__wrote_any=false, acceptor0_ingress_registerAcceptorID__wrote_index0=false, acceptor0_ingress_registerRound__last0_old_value=0bv16, acceptor0_ingress_registerRound__last0_value=0bv16, acceptor0_ingress_registerRound__last_index=0bv32, acceptor0_ingress_registerRound__last_old_value=0bv16, acceptor0_ingress_registerRound__last_value=0bv16, acceptor0_ingress_registerRound__last_write_site=0, acceptor0_ingress_registerRound__next_write_site=0, acceptor0_ingress_registerRound__wrote_any=false, acceptor0_ingress_registerRound__wrote_index0=false, acceptor0_ingress_registerVRound__last0_old_value=0bv16, acceptor0_ingress_registerVRound__last0_value=0bv16, acceptor0_ingress_registerVRound__last_index=0bv32, acceptor0_ingress_registerVRound__last_old_value=0bv16, acceptor0_ingress_registerVRound__last_value=0bv16, acceptor0_ingress_registerVRound__last_write_site=0, acceptor0_ingress_registerVRound__next_write_site=0, acceptor0_ingress_registerVRound__wrote_any=false, acceptor0_ingress_registerVRound__wrote_index0=false, acceptor0_ingress_registerValue__last0_old_value=0bv256, acceptor0_ingress_registerValue__last0_value=0bv256, acceptor0_ingress_registerValue__last_index=0bv32, acceptor0_ingress_registerValue__last_old_value=0bv256, acceptor0_ingress_registerValue__last_value=0bv256, acceptor0_ingress_registerValue__last_write_site=0, acceptor0_ingress_registerValue__next_write_site=0, acceptor0_ingress_registerValue__wrote_any=false, acceptor0_ingress_registerValue__wrote_index0=false, acceptor0_p4b_clone_e2e=false, acceptor0_p4b_clone_i2e=false, acceptor0_p4b_clone_i2i=false, acceptor0_p4b_recirculate=false, acceptor0_pkt_external=false, acceptor1_inbox_count=0, acceptor1_ingress_learner_address__last0_old_value=0bv32, acceptor1_ingress_learner_address__last0_value=0bv32, acceptor1_ingress_learner_address__last_index=0bv32, acceptor1_ingress_learner_address__last_old_value=0bv32, acceptor1_ingress_learner_address__last_value=0bv32, acceptor1_ingress_learner_address__last_write_site=0, acceptor1_ingress_learner_address__next_write_site=0, acceptor1_ingress_learner_address__wrote_any=false, acceptor1_ingress_learner_address__wrote_index0=false, acceptor1_ingress_learner_mac_address__last0_old_value=0bv48, acceptor1_ingress_learner_mac_address__last0_value=0bv48, acceptor1_ingress_learner_mac_address__last_index=0bv32, acceptor1_ingress_learner_mac_address__last_old_value=0bv48, acceptor1_ingress_learner_mac_address__last_value=0bv48, acceptor1_ingress_learner_mac_address__last_write_site=0, acceptor1_ingress_learner_mac_address__next_write_site=0, acceptor1_ingress_learner_mac_address__wrote_any=false, acceptor1_ingress_learner_mac_address__wrote_index0=false, acceptor1_ingress_my_ip_address__last0_old_value=0bv32, acceptor1_ingress_my_ip_address__last0_value=0bv32, acceptor1_ingress_my_ip_address__last_index=0bv32, acceptor1_ingress_my_ip_address__last_old_value=0bv32, acceptor1_ingress_my_ip_address__last_value=0bv32, acceptor1_ingress_my_ip_address__last_write_site=0, acceptor1_ingress_my_ip_address__next_write_site=0, acceptor1_ingress_my_ip_address__wrote_any=false, acceptor1_ingress_my_ip_address__wrote_index0=false, acceptor1_ingress_my_mac_address__last0_old_value=0bv48, acceptor1_ingress_my_mac_address__last0_value=0bv48, acceptor1_ingress_my_mac_address__last_index=0bv32, acceptor1_ingress_my_mac_address__last_old_value=0bv48, acceptor1_ingress_my_mac_address__last_value=0bv48, acceptor1_ingress_my_mac_address__last_write_site=0, acceptor1_ingress_my_mac_address__next_write_site=0, acceptor1_ingress_my_mac_address__wrote_any=false, acceptor1_ingress_my_mac_address__wrote_index0=false, acceptor1_ingress_registerAcceptorID__last0_old_value=0bv16, acceptor1_ingress_registerAcceptorID__last0_value=0bv16, acceptor1_ingress_registerAcceptorID__last_index=0bv32, acceptor1_ingress_registerAcceptorID__last_old_value=0bv16, acceptor1_ingress_registerAcceptorID__last_value=0bv16, acceptor1_ingress_registerAcceptorID__last_write_site=0, acceptor1_ingress_registerAcceptorID__next_write_site=0, acceptor1_ingress_registerAcceptorID__wrote_any=false, acceptor1_ingress_registerAcceptorID__wrote_index0=false, acceptor1_ingress_registerRound__last0_old_value=0bv16, acceptor1_ingress_registerRound__last0_value=0bv16, acceptor1_ingress_registerRound__last_index=0bv32, acceptor1_ingress_registerRound__last_old_value=0bv16, acceptor1_ingress_registerRound__last_value=0bv16, acceptor1_ingress_registerRound__last_write_site=0, acceptor1_ingress_registerRound__next_write_site=0, acceptor1_ingress_registerRound__wrote_any=false, acceptor1_ingress_registerRound__wrote_index0=false, acceptor1_ingress_registerVRound__last0_old_value=0bv16, acceptor1_ingress_registerVRound__last0_value=0bv16, acceptor1_ingress_registerVRound__last_index=0bv32, acceptor1_ingress_registerVRound__last_old_value=0bv16, acceptor1_ingress_registerVRound__last_value=0bv16, acceptor1_ingress_registerVRound__last_write_site=0, acceptor1_ingress_registerVRound__next_write_site=0, acceptor1_ingress_registerVRound__wrote_any=false, acceptor1_ingress_registerVRound__wrote_index0=false, acceptor1_ingress_registerValue__last0_old_value=0bv256, acceptor1_ingress_registerValue__last0_value=0bv256, acceptor1_ingress_registerValue__last_index=0bv32, acceptor1_ingress_registerValue__last_old_value=0bv256, acceptor1_ingress_registerValue__last_value=0bv256, acceptor1_ingress_registerValue__last_write_site=0, acceptor1_ingress_registerValue__next_write_site=0, acceptor1_ingress_registerValue__wrote_any=false, acceptor1_ingress_registerValue__wrote_index0=false, acceptor1_p4b_clone_e2e=false, acceptor1_p4b_clone_i2e=false, acceptor1_p4b_clone_i2i=false, acceptor1_p4b_recirculate=false, acceptor1_pkt_external=false, acceptor2_inbox_count=0, acceptor2_ingress_learner_address__last0_old_value=0bv32, acceptor2_ingress_learner_address__last0_value=0bv32, acceptor2_ingress_learner_address__last_index=0bv32, acceptor2_ingress_learner_address__last_old_value=0bv32, acceptor2_ingress_learner_address__last_value=0bv32, acceptor2_ingress_learner_address__last_write_site=0, acceptor2_ingress_learner_address__next_write_site=0, acceptor2_ingress_learner_address__wrote_any=false, acceptor2_ingress_learner_address__wrote_index0=false, acceptor2_ingress_learner_mac_address__last0_old_value=0bv48, acceptor2_ingress_learner_mac_address__last0_value=0bv48, acceptor2_ingress_learner_mac_address__last_index=0bv32, acceptor2_ingress_learner_mac_address__last_old_value=0bv48, acceptor2_ingress_learner_mac_address__last_value=0bv48, acceptor2_ingress_learner_mac_address__last_write_site=0, acceptor2_ingress_learner_mac_address__next_write_site=0, acceptor2_ingress_learner_mac_address__wrote_any=false, acceptor2_ingress_learner_mac_address__wrote_index0=false, acceptor2_ingress_my_ip_address__last0_old_value=0bv32, acceptor2_ingress_my_ip_address__last0_value=0bv32, acceptor2_ingress_my_ip_address__last_index=0bv32, acceptor2_ingress_my_ip_address__last_old_value=0bv32, acceptor2_ingress_my_ip_address__last_value=0bv32, acceptor2_ingress_my_ip_address__last_write_site=0, acceptor2_ingress_my_ip_address__next_write_site=0, acceptor2_ingress_my_ip_address__wrote_any=false, acceptor2_ingress_my_ip_address__wrote_index0=false, acceptor2_ingress_my_mac_address__last0_old_value=0bv48, acceptor2_ingress_my_mac_address__last0_value=0bv48, acceptor2_ingress_my_mac_address__last_index=0bv32, acceptor2_ingress_my_mac_address__last_old_value=0bv48, acceptor2_ingress_my_mac_address__last_value=0bv48, acceptor2_ingress_my_mac_address__last_write_site=0, acceptor2_ingress_my_mac_address__next_write_site=0, acceptor2_ingress_my_mac_address__wrote_any=false, acceptor2_ingress_my_mac_address__wrote_index0=false, acceptor2_ingress_registerAcceptorID__last0_old_value=0bv16, acceptor2_ingress_registerAcceptorID__last0_value=0bv16, acceptor2_ingress_registerAcceptorID__last_index=0bv32, acceptor2_ingress_registerAcceptorID__last_old_value=0bv16, acceptor2_ingress_registerAcceptorID__last_value=0bv16, acceptor2_ingress_registerAcceptorID__last_write_site=0, acceptor2_ingress_registerAcceptorID__next_write_site=0, acceptor2_ingress_registerAcceptorID__wrote_any=false, acceptor2_ingress_registerAcceptorID__wrote_index0=false, acceptor2_ingress_registerRound__last0_old_value=0bv16, acceptor2_ingress_registerRound__last0_value=0bv16, acceptor2_ingress_registerRound__last_index=0bv32, acceptor2_ingress_registerRound__last_old_value=0bv16, acceptor2_ingress_registerRound__last_value=0bv16, acceptor2_ingress_registerRound__last_write_site=0, acceptor2_ingress_registerRound__next_write_site=0, acceptor2_ingress_registerRound__wrote_any=false, acceptor2_ingress_registerRound__wrote_index0=false, acceptor2_ingress_registerVRound__last0_old_value=0bv16, acceptor2_ingress_registerVRound__last0_value=0bv16, acceptor2_ingress_registerVRound__last_index=0bv32, acceptor2_ingress_registerVRound__last_old_value=0bv16, acceptor2_ingress_registerVRound__last_value=0bv16, acceptor2_ingress_registerVRound__last_write_site=0, acceptor2_ingress_registerVRound__next_write_site=0, acceptor2_ingress_registerVRound__wrote_any=false, acceptor2_ingress_registerVRound__wrote_index0=false, acceptor2_ingress_registerValue__last0_old_value=0bv256, acceptor2_ingress_registerValue__last0_value=0bv256, acceptor2_ingress_registerValue__last_index=0bv32, acceptor2_ingress_registerValue__last_old_value=0bv256, acceptor2_ingress_registerValue__last_value=0bv256, acceptor2_ingress_registerValue__last_write_site=0, acceptor2_ingress_registerValue__next_write_site=0, acceptor2_ingress_registerValue__wrote_any=false, acceptor2_ingress_registerValue__wrote_index0=false, acceptor2_p4b_clone_e2e=false, acceptor2_p4b_clone_i2e=false, acceptor2_p4b_clone_i2i=false, acceptor2_p4b_recirculate=false, acceptor2_pkt_external=false, leader_inbox_count=0, leader_ingress_ctrlInstane__last0_old_value=0bv32, leader_ingress_ctrlInstane__last0_value=0bv32, leader_ingress_ctrlInstane__last_index=0bv32, leader_ingress_ctrlInstane__last_old_value=0bv32, leader_ingress_ctrlInstane__last_value=0bv32, leader_ingress_ctrlInstane__last_write_site=0, leader_ingress_ctrlInstane__next_write_site=0, leader_ingress_ctrlInstane__wrote_any=false, leader_ingress_ctrlInstane__wrote_index0=false, leader_p4b_checksum_error=false, leader_p4b_checksum_updated=false, leader_p4b_checksum_verified=false, leader_p4b_clone_e2e=false, leader_p4b_clone_i2e=false, leader_p4b_clone_i2i=false, leader_p4b_digest=false, leader_p4b_recirculate=false, leader_pkt_external=true, learner_inbox_count=0, learner_ingress_registerHistory2B__last0_old_value=0bv8, learner_ingress_registerHistory2B__last0_value=0bv8, learner_ingress_registerHistory2B__last_index=0bv32, learner_ingress_registerHistory2B__last_old_value=0bv8, learner_ingress_registerHistory2B__last_value=0bv8, learner_ingress_registerHistory2B__last_write_site=0, learner_ingress_registerHistory2B__next_write_site=0, learner_ingress_registerHistory2B__wrote_any=false, learner_ingress_registerHistory2B__wrote_index0=false, learner_ingress_registerRound__last0_old_value=0bv16, learner_ingress_registerRound__last0_value=0bv16, learner_ingress_registerRound__last_index=0bv32, learner_ingress_registerRound__last_old_value=0bv16, learner_ingress_registerRound__last_value=0bv16, learner_ingress_registerRound__last_write_site=0, learner_ingress_registerRound__next_write_site=0, learner_ingress_registerRound__wrote_any=false, learner_ingress_registerRound__wrote_index0=false, learner_ingress_registerValue__last0_old_value=0bv256, learner_ingress_registerValue__last0_value=0bv256, learner_ingress_registerValue__last_index=0bv32, learner_ingress_registerValue__last_old_value=0bv256, learner_ingress_registerValue__last_value=0bv256, learner_ingress_registerValue__last_write_site=0, learner_ingress_registerValue__next_write_site=0, learner_ingress_registerValue__wrote_any=false, learner_ingress_registerValue__wrote_index0=false, learner_p4b_clone_e2e=false, learner_p4b_clone_i2e=false, learner_p4b_clone_i2i=false, learner_p4b_recirculate=false, learner_pkt_external=false, procurator_step=1]
[L2683]              assume !(leader_hdr.ethernet.etherType == 2054bv16) && !(leader_hdr.ethernet.etherType == 2048bv16);
         VAL         [acceptor0_inbox_count=0, acceptor0_ingress_learner_address__last0_old_value=0bv32, acceptor0_ingress_learner_address__last0_value=0bv32, acceptor0_ingress_learner_address__last_index=0bv32, acceptor0_ingress_learner_address__last_old_value=0bv32, acceptor0_ingress_learner_address__last_value=0bv32, acceptor0_ingress_learner_address__last_write_site=0, acceptor0_ingress_learner_address__next_write_site=0, acceptor0_ingress_learner_address__wrote_any=false, acceptor0_ingress_learner_address__wrote_index0=false, acceptor0_ingress_learner_mac_address__last0_old_value=0bv48, acceptor0_ingress_learner_mac_address__last0_value=0bv48, acceptor0_ingress_learner_mac_address__last_index=0bv32, acceptor0_ingress_learner_mac_address__last_old_value=0bv48, acceptor0_ingress_learner_mac_address__last_value=0bv48, acceptor0_ingress_learner_mac_address__last_write_site=0, acceptor0_ingress_learner_mac_address__next_write_site=0, acceptor0_ingress_learner_mac_address__wrote_any=false, acceptor0_ingress_learner_mac_address__wrote_index0=false, acceptor0_ingress_my_ip_address__last0_old_value=0bv32, acceptor0_ingress_my_ip_address__last0_value=0bv32, acceptor0_ingress_my_ip_address__last_index=0bv32, acceptor0_ingress_my_ip_address__last_old_value=0bv32, acceptor0_ingress_my_ip_address__last_value=0bv32, acceptor0_ingress_my_ip_address__last_write_site=0, acceptor0_ingress_my_ip_address__next_write_site=0, acceptor0_ingress_my_ip_address__wrote_any=false, acceptor0_ingress_my_ip_address__wrote_index0=false, acceptor0_ingress_my_mac_address__last0_old_value=0bv48, acceptor0_ingress_my_mac_address__last0_value=0bv48, acceptor0_ingress_my_mac_address__last_index=0bv32, acceptor0_ingress_my_mac_address__last_old_value=0bv48, acceptor0_ingress_my_mac_address__last_value=0bv48, acceptor0_ingress_my_mac_address__last_write_site=0, acceptor0_ingress_my_mac_address__next_write_site=0, acceptor0_ingress_my_mac_address__wrote_any=false, acceptor0_ingress_my_mac_address__wrote_index0=false, acceptor0_ingress_registerAcceptorID__last0_old_value=0bv16, acceptor0_ingress_registerAcceptorID__last0_value=0bv16, acceptor0_ingress_registerAcceptorID__last_index=0bv32, acceptor0_ingress_registerAcceptorID__last_old_value=0bv16, acceptor0_ingress_registerAcceptorID__last_value=0bv16, acceptor0_ingress_registerAcceptorID__last_write_site=0, acceptor0_ingress_registerAcceptorID__next_write_site=0, acceptor0_ingress_registerAcceptorID__wrote_any=false, acceptor0_ingress_registerAcceptorID__wrote_index0=false, acceptor0_ingress_registerRound__last0_old_value=0bv16, acceptor0_ingress_registerRound__last0_value=0bv16, acceptor0_ingress_registerRound__last_index=0bv32, acceptor0_ingress_registerRound__last_old_value=0bv16, acceptor0_ingress_registerRound__last_value=0bv16, acceptor0_ingress_registerRound__last_write_site=0, acceptor0_ingress_registerRound__next_write_site=0, acceptor0_ingress_registerRound__wrote_any=false, acceptor0_ingress_registerRound__wrote_index0=false, acceptor0_ingress_registerVRound__last0_old_value=0bv16, acceptor0_ingress_registerVRound__last0_value=0bv16, acceptor0_ingress_registerVRound__last_index=0bv32, acceptor0_ingress_registerVRound__last_old_value=0bv16, acceptor0_ingress_registerVRound__last_value=0bv16, acceptor0_ingress_registerVRound__last_write_site=0, acceptor0_ingress_registerVRound__next_write_site=0, acceptor0_ingress_registerVRound__wrote_any=false, acceptor0_ingress_registerVRound__wrote_index0=false, acceptor0_ingress_registerValue__last0_old_value=0bv256, acceptor0_ingress_registerValue__last0_value=0bv256, acceptor0_ingress_registerValue__last_index=0bv32, acceptor0_ingress_registerValue__last_old_value=0bv256, acceptor0_ingress_registerValue__last_value=0bv256, acceptor0_ingress_registerValue__last_write_site=0, acceptor0_ingress_registerValue__next_write_site=0, acceptor0_ingress_registerValue__wrote_any=false, acceptor0_ingress_registerValue__wrote_index0=false, acceptor0_p4b_clone_e2e=false, acceptor0_p4b_clone_i2e=false, acceptor0_p4b_clone_i2i=false, acceptor0_p4b_recirculate=false, acceptor0_pkt_external=false, acceptor1_inbox_count=0, acceptor1_ingress_learner_address__last0_old_value=0bv32, acceptor1_ingress_learner_address__last0_value=0bv32, acceptor1_ingress_learner_address__last_index=0bv32, acceptor1_ingress_learner_address__last_old_value=0bv32, acceptor1_ingress_learner_address__last_value=0bv32, acceptor1_ingress_learner_address__last_write_site=0, acceptor1_ingress_learner_address__next_write_site=0, acceptor1_ingress_learner_address__wrote_any=false, acceptor1_ingress_learner_address__wrote_index0=false, acceptor1_ingress_learner_mac_address__last0_old_value=0bv48, acceptor1_ingress_learner_mac_address__last0_value=0bv48, acceptor1_ingress_learner_mac_address__last_index=0bv32, acceptor1_ingress_learner_mac_address__last_old_value=0bv48, acceptor1_ingress_learner_mac_address__last_value=0bv48, acceptor1_ingress_learner_mac_address__last_write_site=0, acceptor1_ingress_learner_mac_address__next_write_site=0, acceptor1_ingress_learner_mac_address__wrote_any=false, acceptor1_ingress_learner_mac_address__wrote_index0=false, acceptor1_ingress_my_ip_address__last0_old_value=0bv32, acceptor1_ingress_my_ip_address__last0_value=0bv32, acceptor1_ingress_my_ip_address__last_index=0bv32, acceptor1_ingress_my_ip_address__last_old_value=0bv32, acceptor1_ingress_my_ip_address__last_value=0bv32, acceptor1_ingress_my_ip_address__last_write_site=0, acceptor1_ingress_my_ip_address__next_write_site=0, acceptor1_ingress_my_ip_address__wrote_any=false, acceptor1_ingress_my_ip_address__wrote_index0=false, acceptor1_ingress_my_mac_address__last0_old_value=0bv48, acceptor1_ingress_my_mac_address__last0_value=0bv48, acceptor1_ingress_my_mac_address__last_index=0bv32, acceptor1_ingress_my_mac_address__last_old_value=0bv48, acceptor1_ingress_my_mac_address__last_value=0bv48, acceptor1_ingress_my_mac_address__last_write_site=0, acceptor1_ingress_my_mac_address__next_write_site=0, acceptor1_ingress_my_mac_address__wrote_any=false, acceptor1_ingress_my_mac_address__wrote_index0=false, acceptor1_ingress_registerAcceptorID__last0_old_value=0bv16, acceptor1_ingress_registerAcceptorID__last0_value=0bv16, acceptor1_ingress_registerAcceptorID__last_index=0bv32, acceptor1_ingress_registerAcceptorID__last_old_value=0bv16, acceptor1_ingress_registerAcceptorID__last_value=0bv16, acceptor1_ingress_registerAcceptorID__last_write_site=0, acceptor1_ingress_registerAcceptorID__next_write_site=0, acceptor1_ingress_registerAcceptorID__wrote_any=false, acceptor1_ingress_registerAcceptorID__wrote_index0=false, acceptor1_ingress_registerRound__last0_old_value=0bv16, acceptor1_ingress_registerRound__last0_value=0bv16, acceptor1_ingress_registerRound__last_index=0bv32, acceptor1_ingress_registerRound__last_old_value=0bv16, acceptor1_ingress_registerRound__last_value=0bv16, acceptor1_ingress_registerRound__last_write_site=0, acceptor1_ingress_registerRound__next_write_site=0, acceptor1_ingress_registerRound__wrote_any=false, acceptor1_ingress_registerRound__wrote_index0=false, acceptor1_ingress_registerVRound__last0_old_value=0bv16, acceptor1_ingress_registerVRound__last0_value=0bv16, acceptor1_ingress_registerVRound__last_index=0bv32, acceptor1_ingress_registerVRound__last_old_value=0bv16, acceptor1_ingress_registerVRound__last_value=0bv16, acceptor1_ingress_registerVRound__last_write_site=0, acceptor1_ingress_registerVRound__next_write_site=0, acceptor1_ingress_registerVRound__wrote_any=false, acceptor1_ingress_registerVRound__wrote_index0=false, acceptor1_ingress_registerValue__last0_old_value=0bv256, acceptor1_ingress_registerValue__last0_value=0bv256, acceptor1_ingress_registerValue__last_index=0bv32, acceptor1_ingress_registerValue__last_old_value=0bv256, acceptor1_ingress_registerValue__last_value=0bv256, acceptor1_ingress_registerValue__last_write_site=0, acceptor1_ingress_registerValue__next_write_site=0, acceptor1_ingress_registerValue__wrote_any=false, acceptor1_ingress_registerValue__wrote_index0=false, acceptor1_p4b_clone_e2e=false, acceptor1_p4b_clone_i2e=false, acceptor1_p4b_clone_i2i=false, acceptor1_p4b_recirculate=false, acceptor1_pkt_external=false, acceptor2_inbox_count=0, acceptor2_ingress_learner_address__last0_old_value=0bv32, acceptor2_ingress_learner_address__last0_value=0bv32, acceptor2_ingress_learner_address__last_index=0bv32, acceptor2_ingress_learner_address__last_old_value=0bv32, acceptor2_ingress_learner_address__last_value=0bv32, acceptor2_ingress_learner_address__last_write_site=0, acceptor2_ingress_learner_address__next_write_site=0, acceptor2_ingress_learner_address__wrote_any=false, acceptor2_ingress_learner_address__wrote_index0=false, acceptor2_ingress_learner_mac_address__last0_old_value=0bv48, acceptor2_ingress_learner_mac_address__last0_value=0bv48, acceptor2_ingress_learner_mac_address__last_index=0bv32, acceptor2_ingress_learner_mac_address__last_old_value=0bv48, acceptor2_ingress_learner_mac_address__last_value=0bv48, acceptor2_ingress_learner_mac_address__last_write_site=0, acceptor2_ingress_learner_mac_address__next_write_site=0, acceptor2_ingress_learner_mac_address__wrote_any=false, acceptor2_ingress_learner_mac_address__wrote_index0=false, acceptor2_ingress_my_ip_address__last0_old_value=0bv32, acceptor2_ingress_my_ip_address__last0_value=0bv32, acceptor2_ingress_my_ip_address__last_index=0bv32, acceptor2_ingress_my_ip_address__last_old_value=0bv32, acceptor2_ingress_my_ip_address__last_value=0bv32, acceptor2_ingress_my_ip_address__last_write_site=0, acceptor2_ingress_my_ip_address__next_write_site=0, acceptor2_ingress_my_ip_address__wrote_any=false, acceptor2_ingress_my_ip_address__wrote_index0=false, acceptor2_ingress_my_mac_address__last0_old_value=0bv48, acceptor2_ingress_my_mac_address__last0_value=0bv48, acceptor2_ingress_my_mac_address__last_index=0bv32, acceptor2_ingress_my_mac_address__last_old_value=0bv48, acceptor2_ingress_my_mac_address__last_value=0bv48, acceptor2_ingress_my_mac_address__last_write_site=0, acceptor2_ingress_my_mac_address__next_write_site=0, acceptor2_ingress_my_mac_address__wrote_any=false, acceptor2_ingress_my_mac_address__wrote_index0=false, acceptor2_ingress_registerAcceptorID__last0_old_value=0bv16, acceptor2_ingress_registerAcceptorID__last0_value=0bv16, acceptor2_ingress_registerAcceptorID__last_index=0bv32, acceptor2_ingress_registerAcceptorID__last_old_value=0bv16, acceptor2_ingress_registerAcceptorID__last_value=0bv16, acceptor2_ingress_registerAcceptorID__last_write_site=0, acceptor2_ingress_registerAcceptorID__next_write_site=0, acceptor2_ingress_registerAcceptorID__wrote_any=false, acceptor2_ingress_registerAcceptorID__wrote_index0=false, acceptor2_ingress_registerRound__last0_old_value=0bv16, acceptor2_ingress_registerRound__last0_value=0bv16, acceptor2_ingress_registerRound__last_index=0bv32, acceptor2_ingress_registerRound__last_old_value=0bv16, acceptor2_ingress_registerRound__last_value=0bv16, acceptor2_ingress_registerRound__last_write_site=0, acceptor2_ingress_registerRound__next_write_site=0, acceptor2_ingress_registerRound__wrote_any=false, acceptor2_ingress_registerRound__wrote_index0=false, acceptor2_ingress_registerVRound__last0_old_value=0bv16, acceptor2_ingress_registerVRound__last0_value=0bv16, acceptor2_ingress_registerVRound__last_index=0bv32, acceptor2_ingress_registerVRound__last_old_value=0bv16, acceptor2_ingress_registerVRound__last_value=0bv16, acceptor2_ingress_registerVRound__last_write_site=0, acceptor2_ingress_registerVRound__next_write_site=0, acceptor2_ingress_registerVRound__wrote_any=false, acceptor2_ingress_registerVRound__wrote_index0=false, acceptor2_ingress_registerValue__last0_old_value=0bv256, acceptor2_ingress_registerValue__last0_value=0bv256, acceptor2_ingress_registerValue__last_index=0bv32, acceptor2_ingress_registerValue__last_old_value=0bv256, acceptor2_ingress_registerValue__last_value=0bv256, acceptor2_ingress_registerValue__last_write_site=0, acceptor2_ingress_registerValue__next_write_site=0, acceptor2_ingress_registerValue__wrote_any=false, acceptor2_ingress_registerValue__wrote_index0=false, acceptor2_p4b_clone_e2e=false, acceptor2_p4b_clone_i2e=false, acceptor2_p4b_clone_i2i=false, acceptor2_p4b_recirculate=false, acceptor2_pkt_external=false, leader_hdr.ethernet.etherType=0bv16, leader_inbox_count=0, leader_ingress_ctrlInstane__last0_old_value=0bv32, leader_ingress_ctrlInstane__last0_value=0bv32, leader_ingress_ctrlInstane__last_index=0bv32, leader_ingress_ctrlInstane__last_old_value=0bv32, leader_ingress_ctrlInstane__last_value=0bv32, leader_ingress_ctrlInstane__last_write_site=0, leader_ingress_ctrlInstane__next_write_site=0, leader_ingress_ctrlInstane__wrote_any=false, leader_ingress_ctrlInstane__wrote_index0=false, leader_p4b_checksum_error=false, leader_p4b_checksum_updated=false, leader_p4b_checksum_verified=false, leader_p4b_clone_e2e=false, leader_p4b_clone_i2e=false, leader_p4b_clone_i2i=false, leader_p4b_digest=false, leader_p4b_recirculate=false, leader_pkt_external=true, learner_inbox_count=0, learner_ingress_registerHistory2B__last0_old_value=0bv8, learner_ingress_registerHistory2B__last0_value=0bv8, learner_ingress_registerHistory2B__last_index=0bv32, learner_ingress_registerHistory2B__last_old_value=0bv8, learner_ingress_registerHistory2B__last_value=0bv8, learner_ingress_registerHistory2B__last_write_site=0, learner_ingress_registerHistory2B__next_write_site=0, learner_ingress_registerHistory2B__wrote_any=false, learner_ingress_registerHistory2B__wrote_index0=false, learner_ingress_registerRound__last0_old_value=0bv16, learner_ingress_registerRound__last0_value=0bv16, learner_ingress_registerRound__last_index=0bv32, learner_ingress_registerRound__last_old_value=0bv16, learner_ingress_registerRound__last_value=0bv16, learner_ingress_registerRound__last_write_site=0, learner_ingress_registerRound__next_write_site=0, learner_ingress_registerRound__wrote_any=false, learner_ingress_registerRound__wrote_index0=false, learner_ingress_registerValue__last0_old_value=0bv256, learner_ingress_registerValue__last0_value=0bv256, learner_ingress_registerValue__last_index=0bv32, learner_ingress_registerValue__last_old_value=0bv256, learner_ingress_registerValue__last_value=0bv256, learner_ingress_registerValue__last_write_site=0, learner_ingress_registerValue__next_write_site=0, learner_ingress_registerValue__wrote_any=false, learner_ingress_registerValue__wrote_index0=false, learner_p4b_clone_e2e=false, learner_p4b_clone_i2e=false, learner_p4b_clone_i2i=false, learner_p4b_recirculate=false, learner_pkt_external=false, procurator_step=1]
[L2731]  FCALL       call leader_reject();
         VAL         [acceptor0_inbox_count=0, acceptor0_ingress_learner_address__last0_old_value=0bv32, acceptor0_ingress_learner_address__last0_value=0bv32, acceptor0_ingress_learner_address__last_index=0bv32, acceptor0_ingress_learner_address__last_old_value=0bv32, acceptor0_ingress_learner_address__last_value=0bv32, acceptor0_ingress_learner_address__last_write_site=0, acceptor0_ingress_learner_address__next_write_site=0, acceptor0_ingress_learner_address__wrote_any=false, acceptor0_ingress_learner_address__wrote_index0=false, acceptor0_ingress_learner_mac_address__last0_old_value=0bv48, acceptor0_ingress_learner_mac_address__last0_value=0bv48, acceptor0_ingress_learner_mac_address__last_index=0bv32, acceptor0_ingress_learner_mac_address__last_old_value=0bv48, acceptor0_ingress_learner_mac_address__last_value=0bv48, acceptor0_ingress_learner_mac_address__last_write_site=0, acceptor0_ingress_learner_mac_address__next_write_site=0, acceptor0_ingress_learner_mac_address__wrote_any=false, acceptor0_ingress_learner_mac_address__wrote_index0=false, acceptor0_ingress_my_ip_address__last0_old_value=0bv32, acceptor0_ingress_my_ip_address__last0_value=0bv32, acceptor0_ingress_my_ip_address__last_index=0bv32, acceptor0_ingress_my_ip_address__last_old_value=0bv32, acceptor0_ingress_my_ip_address__last_value=0bv32, acceptor0_ingress_my_ip_address__last_write_site=0, acceptor0_ingress_my_ip_address__next_write_site=0, acceptor0_ingress_my_ip_address__wrote_any=false, acceptor0_ingress_my_ip_address__wrote_index0=false, acceptor0_ingress_my_mac_address__last0_old_value=0bv48, acceptor0_ingress_my_mac_address__last0_value=0bv48, acceptor0_ingress_my_mac_address__last_index=0bv32, acceptor0_ingress_my_mac_address__last_old_value=0bv48, acceptor0_ingress_my_mac_address__last_value=0bv48, acceptor0_ingress_my_mac_address__last_write_site=0, acceptor0_ingress_my_mac_address__next_write_site=0, acceptor0_ingress_my_mac_address__wrote_any=false, acceptor0_ingress_my_mac_address__wrote_index0=false, acceptor0_ingress_registerAcceptorID__last0_old_value=0bv16, acceptor0_ingress_registerAcceptorID__last0_value=0bv16, acceptor0_ingress_registerAcceptorID__last_index=0bv32, acceptor0_ingress_registerAcceptorID__last_old_value=0bv16, acceptor0_ingress_registerAcceptorID__last_value=0bv16, acceptor0_ingress_registerAcceptorID__last_write_site=0, acceptor0_ingress_registerAcceptorID__next_write_site=0, acceptor0_ingress_registerAcceptorID__wrote_any=false, acceptor0_ingress_registerAcceptorID__wrote_index0=false, acceptor0_ingress_registerRound__last0_old_value=0bv16, acceptor0_ingress_registerRound__last0_value=0bv16, acceptor0_ingress_registerRound__last_index=0bv32, acceptor0_ingress_registerRound__last_old_value=0bv16, acceptor0_ingress_registerRound__last_value=0bv16, acceptor0_ingress_registerRound__last_write_site=0, acceptor0_ingress_registerRound__next_write_site=0, acceptor0_ingress_registerRound__wrote_any=false, acceptor0_ingress_registerRound__wrote_index0=false, acceptor0_ingress_registerVRound__last0_old_value=0bv16, acceptor0_ingress_registerVRound__last0_value=0bv16, acceptor0_ingress_registerVRound__last_index=0bv32, acceptor0_ingress_registerVRound__last_old_value=0bv16, acceptor0_ingress_registerVRound__last_value=0bv16, acceptor0_ingress_registerVRound__last_write_site=0, acceptor0_ingress_registerVRound__next_write_site=0, acceptor0_ingress_registerVRound__wrote_any=false, acceptor0_ingress_registerVRound__wrote_index0=false, acceptor0_ingress_registerValue__last0_old_value=0bv256, acceptor0_ingress_registerValue__last0_value=0bv256, acceptor0_ingress_registerValue__last_index=0bv32, acceptor0_ingress_registerValue__last_old_value=0bv256, acceptor0_ingress_registerValue__last_value=0bv256, acceptor0_ingress_registerValue__last_write_site=0, acceptor0_ingress_registerValue__next_write_site=0, acceptor0_ingress_registerValue__wrote_any=false, acceptor0_ingress_registerValue__wrote_index0=false, acceptor0_p4b_clone_e2e=false, acceptor0_p4b_clone_i2e=false, acceptor0_p4b_clone_i2i=false, acceptor0_p4b_recirculate=false, acceptor0_pkt_external=false, acceptor1_inbox_count=0, acceptor1_ingress_learner_address__last0_old_value=0bv32, acceptor1_ingress_learner_address__last0_value=0bv32, acceptor1_ingress_learner_address__last_index=0bv32, acceptor1_ingress_learner_address__last_old_value=0bv32, acceptor1_ingress_learner_address__last_value=0bv32, acceptor1_ingress_learner_address__last_write_site=0, acceptor1_ingress_learner_address__next_write_site=0, acceptor1_ingress_learner_address__wrote_any=false, acceptor1_ingress_learner_address__wrote_index0=false, acceptor1_ingress_learner_mac_address__last0_old_value=0bv48, acceptor1_ingress_learner_mac_address__last0_value=0bv48, acceptor1_ingress_learner_mac_address__last_index=0bv32, acceptor1_ingress_learner_mac_address__last_old_value=0bv48, acceptor1_ingress_learner_mac_address__last_value=0bv48, acceptor1_ingress_learner_mac_address__last_write_site=0, acceptor1_ingress_learner_mac_address__next_write_site=0, acceptor1_ingress_learner_mac_address__wrote_any=false, acceptor1_ingress_learner_mac_address__wrote_index0=false, acceptor1_ingress_my_ip_address__last0_old_value=0bv32, acceptor1_ingress_my_ip_address__last0_value=0bv32, acceptor1_ingress_my_ip_address__last_index=0bv32, acceptor1_ingress_my_ip_address__last_old_value=0bv32, acceptor1_ingress_my_ip_address__last_value=0bv32, acceptor1_ingress_my_ip_address__last_write_site=0, acceptor1_ingress_my_ip_address__next_write_site=0, acceptor1_ingress_my_ip_address__wrote_any=false, acceptor1_ingress_my_ip_address__wrote_index0=false, acceptor1_ingress_my_mac_address__last0_old_value=0bv48, acceptor1_ingress_my_mac_address__last0_value=0bv48, acceptor1_ingress_my_mac_address__last_index=0bv32, acceptor1_ingress_my_mac_address__last_old_value=0bv48, acceptor1_ingress_my_mac_address__last_value=0bv48, acceptor1_ingress_my_mac_address__last_write_site=0, acceptor1_ingress_my_mac_address__next_write_site=0, acceptor1_ingress_my_mac_address__wrote_any=false, acceptor1_ingress_my_mac_address__wrote_index0=false, acceptor1_ingress_registerAcceptorID__last0_old_value=0bv16, acceptor1_ingress_registerAcceptorID__last0_value=0bv16, acceptor1_ingress_registerAcceptorID__last_index=0bv32, acceptor1_ingress_registerAcceptorID__last_old_value=0bv16, acceptor1_ingress_registerAcceptorID__last_value=0bv16, acceptor1_ingress_registerAcceptorID__last_write_site=0, acceptor1_ingress_registerAcceptorID__next_write_site=0, acceptor1_ingress_registerAcceptorID__wrote_any=false, acceptor1_ingress_registerAcceptorID__wrote_index0=false, acceptor1_ingress_registerRound__last0_old_value=0bv16, acceptor1_ingress_registerRound__last0_value=0bv16, acceptor1_ingress_registerRound__last_index=0bv32, acceptor1_ingress_registerRound__last_old_value=0bv16, acceptor1_ingress_registerRound__last_value=0bv16, acceptor1_ingress_registerRound__last_write_site=0, acceptor1_ingress_registerRound__next_write_site=0, acceptor1_ingress_registerRound__wrote_any=false, acceptor1_ingress_registerRound__wrote_index0=false, acceptor1_ingress_registerVRound__last0_old_value=0bv16, acceptor1_ingress_registerVRound__last0_value=0bv16, acceptor1_ingress_registerVRound__last_index=0bv32, acceptor1_ingress_registerVRound__last_old_value=0bv16, acceptor1_ingress_registerVRound__last_value=0bv16, acceptor1_ingress_registerVRound__last_write_site=0, acceptor1_ingress_registerVRound__next_write_site=0, acceptor1_ingress_registerVRound__wrote_any=false, acceptor1_ingress_registerVRound__wrote_index0=false, acceptor1_ingress_registerValue__last0_old_value=0bv256, acceptor1_ingress_registerValue__last0_value=0bv256, acceptor1_ingress_registerValue__last_index=0bv32, acceptor1_ingress_registerValue__last_old_value=0bv256, acceptor1_ingress_registerValue__last_value=0bv256, acceptor1_ingress_registerValue__last_write_site=0, acceptor1_ingress_registerValue__next_write_site=0, acceptor1_ingress_registerValue__wrote_any=false, acceptor1_ingress_registerValue__wrote_index0=false, acceptor1_p4b_clone_e2e=false, acceptor1_p4b_clone_i2e=false, acceptor1_p4b_clone_i2i=false, acceptor1_p4b_recirculate=false, acceptor1_pkt_external=false, acceptor2_inbox_count=0, acceptor2_ingress_learner_address__last0_old_value=0bv32, acceptor2_ingress_learner_address__last0_value=0bv32, acceptor2_ingress_learner_address__last_index=0bv32, acceptor2_ingress_learner_address__last_old_value=0bv32, acceptor2_ingress_learner_address__last_value=0bv32, acceptor2_ingress_learner_address__last_write_site=0, acceptor2_ingress_learner_address__next_write_site=0, acceptor2_ingress_learner_address__wrote_any=false, acceptor2_ingress_learner_address__wrote_index0=false, acceptor2_ingress_learner_mac_address__last0_old_value=0bv48, acceptor2_ingress_learner_mac_address__last0_value=0bv48, acceptor2_ingress_learner_mac_address__last_index=0bv32, acceptor2_ingress_learner_mac_address__last_old_value=0bv48, acceptor2_ingress_learner_mac_address__last_value=0bv48, acceptor2_ingress_learner_mac_address__last_write_site=0, acceptor2_ingress_learner_mac_address__next_write_site=0, acceptor2_ingress_learner_mac_address__wrote_any=false, acceptor2_ingress_learner_mac_address__wrote_index0=false, acceptor2_ingress_my_ip_address__last0_old_value=0bv32, acceptor2_ingress_my_ip_address__last0_value=0bv32, acceptor2_ingress_my_ip_address__last_index=0bv32, acceptor2_ingress_my_ip_address__last_old_value=0bv32, acceptor2_ingress_my_ip_address__last_value=0bv32, acceptor2_ingress_my_ip_address__last_write_site=0, acceptor2_ingress_my_ip_address__next_write_site=0, acceptor2_ingress_my_ip_address__wrote_any=false, acceptor2_ingress_my_ip_address__wrote_index0=false, acceptor2_ingress_my_mac_address__last0_old_value=0bv48, acceptor2_ingress_my_mac_address__last0_value=0bv48, acceptor2_ingress_my_mac_address__last_index=0bv32, acceptor2_ingress_my_mac_address__last_old_value=0bv48, acceptor2_ingress_my_mac_address__last_value=0bv48, acceptor2_ingress_my_mac_address__last_write_site=0, acceptor2_ingress_my_mac_address__next_write_site=0, acceptor2_ingress_my_mac_address__wrote_any=false, acceptor2_ingress_my_mac_address__wrote_index0=false, acceptor2_ingress_registerAcceptorID__last0_old_value=0bv16, acceptor2_ingress_registerAcceptorID__last0_value=0bv16, acceptor2_ingress_registerAcceptorID__last_index=0bv32, acceptor2_ingress_registerAcceptorID__last_old_value=0bv16, acceptor2_ingress_registerAcceptorID__last_value=0bv16, acceptor2_ingress_registerAcceptorID__last_write_site=0, acceptor2_ingress_registerAcceptorID__next_write_site=0, acceptor2_ingress_registerAcceptorID__wrote_any=false, acceptor2_ingress_registerAcceptorID__wrote_index0=false, acceptor2_ingress_registerRound__last0_old_value=0bv16, acceptor2_ingress_registerRound__last0_value=0bv16, acceptor2_ingress_registerRound__last_index=0bv32, acceptor2_ingress_registerRound__last_old_value=0bv16, acceptor2_ingress_registerRound__last_value=0bv16, acceptor2_ingress_registerRound__last_write_site=0, acceptor2_ingress_registerRound__next_write_site=0, acceptor2_ingress_registerRound__wrote_any=false, acceptor2_ingress_registerRound__wrote_index0=false, acceptor2_ingress_registerVRound__last0_old_value=0bv16, acceptor2_ingress_registerVRound__last0_value=0bv16, acceptor2_ingress_registerVRound__last_index=0bv32, acceptor2_ingress_registerVRound__last_old_value=0bv16, acceptor2_ingress_registerVRound__last_value=0bv16, acceptor2_ingress_registerVRound__last_write_site=0, acceptor2_ingress_registerVRound__next_write_site=0, acceptor2_ingress_registerVRound__wrote_any=false, acceptor2_ingress_registerVRound__wrote_index0=false, acceptor2_ingress_registerValue__last0_old_value=0bv256, acceptor2_ingress_registerValue__last0_value=0bv256, acceptor2_ingress_registerValue__last_index=0bv32, acceptor2_ingress_registerValue__last_old_value=0bv256, acceptor2_ingress_registerValue__last_value=0bv256, acceptor2_ingress_registerValue__last_write_site=0, acceptor2_ingress_registerValue__next_write_site=0, acceptor2_ingress_registerValue__wrote_any=false, acceptor2_ingress_registerValue__wrote_index0=false, acceptor2_p4b_clone_e2e=false, acceptor2_p4b_clone_i2e=false, acceptor2_p4b_clone_i2i=false, acceptor2_p4b_recirculate=false, acceptor2_pkt_external=false, leader_drop=true, leader_hdr.ethernet.etherType=0bv16, leader_inbox_count=0, leader_ingress_ctrlInstane__last0_old_value=0bv32, leader_ingress_ctrlInstane__last0_value=0bv32, leader_ingress_ctrlInstane__last_index=0bv32, leader_ingress_ctrlInstane__last_old_value=0bv32, leader_ingress_ctrlInstane__last_value=0bv32, leader_ingress_ctrlInstane__last_write_site=0, leader_ingress_ctrlInstane__next_write_site=0, leader_ingress_ctrlInstane__wrote_any=false, leader_ingress_ctrlInstane__wrote_index0=false, leader_p4b_checksum_error=false, leader_p4b_checksum_updated=false, leader_p4b_checksum_verified=false, leader_p4b_clone_e2e=false, leader_p4b_clone_i2e=false, leader_p4b_clone_i2i=false, leader_p4b_digest=false, leader_p4b_recirculate=false, leader_pkt_external=true, learner_inbox_count=0, learner_ingress_registerHistory2B__last0_old_value=0bv8, learner_ingress_registerHistory2B__last0_value=0bv8, learner_ingress_registerHistory2B__last_index=0bv32, learner_ingress_registerHistory2B__last_old_value=0bv8, learner_ingress_registerHistory2B__last_value=0bv8, learner_ingress_registerHistory2B__last_write_site=0, learner_ingress_registerHistory2B__next_write_site=0, learner_ingress_registerHistory2B__wrote_any=false, learner_ingress_registerHistory2B__wrote_index0=false, learner_ingress_registerRound__last0_old_value=0bv16, learner_ingress_registerRound__last0_value=0bv16, learner_ingress_registerRound__last_index=0bv32, learner_ingress_registerRound__last_old_value=0bv16, learner_ingress_registerRound__last_value=0bv16, learner_ingress_registerRound__last_write_site=0, learner_ingress_registerRound__next_write_site=0, learner_ingress_registerRound__wrote_any=false, learner_ingress_registerRound__wrote_index0=false, learner_ingress_registerValue__last0_old_value=0bv256, learner_ingress_registerValue__last0_value=0bv256, learner_ingress_registerValue__last_index=0bv32, learner_ingress_registerValue__last_old_value=0bv256, learner_ingress_registerValue__last_value=0bv256, learner_ingress_registerValue__last_write_site=0, learner_ingress_registerValue__next_write_site=0, learner_ingress_registerValue__wrote_any=false, learner_ingress_registerValue__wrote_index0=false, learner_p4b_clone_e2e=false, learner_p4b_clone_i2e=false, learner_p4b_clone_i2i=false, learner_p4b_recirculate=false, learner_pkt_external=false, procurator_step=1]
[L2899]  RET         call leader_TopParser();
[L2900]  CALL        call leader_verifyChecksum();
[L2900]  RET         call leader_verifyChecksum();
[L2901]  CALL        call leader_ingress();
[L2778]              havoc leader_index_0;
[L2779]              havoc leader_current_instance_0;
[L2780]              havoc leader_index_1;
[L2781]              havoc leader_reset_value_0;
         VAL         [acceptor0_inbox_count=0, acceptor0_ingress_learner_address__last0_old_value=0bv32, acceptor0_ingress_learner_address__last0_value=0bv32, acceptor0_ingress_learner_address__last_index=0bv32, acceptor0_ingress_learner_address__last_old_value=0bv32, acceptor0_ingress_learner_address__last_value=0bv32, acceptor0_ingress_learner_address__last_write_site=0, acceptor0_ingress_learner_address__next_write_site=0, acceptor0_ingress_learner_address__wrote_any=false, acceptor0_ingress_learner_address__wrote_index0=false, acceptor0_ingress_learner_mac_address__last0_old_value=0bv48, acceptor0_ingress_learner_mac_address__last0_value=0bv48, acceptor0_ingress_learner_mac_address__last_index=0bv32, acceptor0_ingress_learner_mac_address__last_old_value=0bv48, acceptor0_ingress_learner_mac_address__last_value=0bv48, acceptor0_ingress_learner_mac_address__last_write_site=0, acceptor0_ingress_learner_mac_address__next_write_site=0, acceptor0_ingress_learner_mac_address__wrote_any=false, acceptor0_ingress_learner_mac_address__wrote_index0=false, acceptor0_ingress_my_ip_address__last0_old_value=0bv32, acceptor0_ingress_my_ip_address__last0_value=0bv32, acceptor0_ingress_my_ip_address__last_index=0bv32, acceptor0_ingress_my_ip_address__last_old_value=0bv32, acceptor0_ingress_my_ip_address__last_value=0bv32, acceptor0_ingress_my_ip_address__last_write_site=0, acceptor0_ingress_my_ip_address__next_write_site=0, acceptor0_ingress_my_ip_address__wrote_any=false, acceptor0_ingress_my_ip_address__wrote_index0=false, acceptor0_ingress_my_mac_address__last0_old_value=0bv48, acceptor0_ingress_my_mac_address__last0_value=0bv48, acceptor0_ingress_my_mac_address__last_index=0bv32, acceptor0_ingress_my_mac_address__last_old_value=0bv48, acceptor0_ingress_my_mac_address__last_value=0bv48, acceptor0_ingress_my_mac_address__last_write_site=0, acceptor0_ingress_my_mac_address__next_write_site=0, acceptor0_ingress_my_mac_address__wrote_any=false, acceptor0_ingress_my_mac_address__wrote_index0=false, acceptor0_ingress_registerAcceptorID__last0_old_value=0bv16, acceptor0_ingress_registerAcceptorID__last0_value=0bv16, acceptor0_ingress_registerAcceptorID__last_index=0bv32, acceptor0_ingress_registerAcceptorID__last_old_value=0bv16, acceptor0_ingress_registerAcceptorID__last_value=0bv16, acceptor0_ingress_registerAcceptorID__last_write_site=0, acceptor0_ingress_registerAcceptorID__next_write_site=0, acceptor0_ingress_registerAcceptorID__wrote_any=false, acceptor0_ingress_registerAcceptorID__wrote_index0=false, acceptor0_ingress_registerRound__last0_old_value=0bv16, acceptor0_ingress_registerRound__last0_value=0bv16, acceptor0_ingress_registerRound__last_index=0bv32, acceptor0_ingress_registerRound__last_old_value=0bv16, acceptor0_ingress_registerRound__last_value=0bv16, acceptor0_ingress_registerRound__last_write_site=0, acceptor0_ingress_registerRound__next_write_site=0, acceptor0_ingress_registerRound__wrote_any=false, acceptor0_ingress_registerRound__wrote_index0=false, acceptor0_ingress_registerVRound__last0_old_value=0bv16, acceptor0_ingress_registerVRound__last0_value=0bv16, acceptor0_ingress_registerVRound__last_index=0bv32, acceptor0_ingress_registerVRound__last_old_value=0bv16, acceptor0_ingress_registerVRound__last_value=0bv16, acceptor0_ingress_registerVRound__last_write_site=0, acceptor0_ingress_registerVRound__next_write_site=0, acceptor0_ingress_registerVRound__wrote_any=false, acceptor0_ingress_registerVRound__wrote_index0=false, acceptor0_ingress_registerValue__last0_old_value=0bv256, acceptor0_ingress_registerValue__last0_value=0bv256, acceptor0_ingress_registerValue__last_index=0bv32, acceptor0_ingress_registerValue__last_old_value=0bv256, acceptor0_ingress_registerValue__last_value=0bv256, acceptor0_ingress_registerValue__last_write_site=0, acceptor0_ingress_registerValue__next_write_site=0, acceptor0_ingress_registerValue__wrote_any=false, acceptor0_ingress_registerValue__wrote_index0=false, acceptor0_p4b_clone_e2e=false, acceptor0_p4b_clone_i2e=false, acceptor0_p4b_clone_i2i=false, acceptor0_p4b_recirculate=false, acceptor0_pkt_external=false, acceptor1_inbox_count=0, acceptor1_ingress_learner_address__last0_old_value=0bv32, acceptor1_ingress_learner_address__last0_value=0bv32, acceptor1_ingress_learner_address__last_index=0bv32, acceptor1_ingress_learner_address__last_old_value=0bv32, acceptor1_ingress_learner_address__last_value=0bv32, acceptor1_ingress_learner_address__last_write_site=0, acceptor1_ingress_learner_address__next_write_site=0, acceptor1_ingress_learner_address__wrote_any=false, acceptor1_ingress_learner_address__wrote_index0=false, acceptor1_ingress_learner_mac_address__last0_old_value=0bv48, acceptor1_ingress_learner_mac_address__last0_value=0bv48, acceptor1_ingress_learner_mac_address__last_index=0bv32, acceptor1_ingress_learner_mac_address__last_old_value=0bv48, acceptor1_ingress_learner_mac_address__last_value=0bv48, acceptor1_ingress_learner_mac_address__last_write_site=0, acceptor1_ingress_learner_mac_address__next_write_site=0, acceptor1_ingress_learner_mac_address__wrote_any=false, acceptor1_ingress_learner_mac_address__wrote_index0=false, acceptor1_ingress_my_ip_address__last0_old_value=0bv32, acceptor1_ingress_my_ip_address__last0_value=0bv32, acceptor1_ingress_my_ip_address__last_index=0bv32, acceptor1_ingress_my_ip_address__last_old_value=0bv32, acceptor1_ingress_my_ip_address__last_value=0bv32, acceptor1_ingress_my_ip_address__last_write_site=0, acceptor1_ingress_my_ip_address__next_write_site=0, acceptor1_ingress_my_ip_address__wrote_any=false, acceptor1_ingress_my_ip_address__wrote_index0=false, acceptor1_ingress_my_mac_address__last0_old_value=0bv48, acceptor1_ingress_my_mac_address__last0_value=0bv48, acceptor1_ingress_my_mac_address__last_index=0bv32, acceptor1_ingress_my_mac_address__last_old_value=0bv48, acceptor1_ingress_my_mac_address__last_value=0bv48, acceptor1_ingress_my_mac_address__last_write_site=0, acceptor1_ingress_my_mac_address__next_write_site=0, acceptor1_ingress_my_mac_address__wrote_any=false, acceptor1_ingress_my_mac_address__wrote_index0=false, acceptor1_ingress_registerAcceptorID__last0_old_value=0bv16, acceptor1_ingress_registerAcceptorID__last0_value=0bv16, acceptor1_ingress_registerAcceptorID__last_index=0bv32, acceptor1_ingress_registerAcceptorID__last_old_value=0bv16, acceptor1_ingress_registerAcceptorID__last_value=0bv16, acceptor1_ingress_registerAcceptorID__last_write_site=0, acceptor1_ingress_registerAcceptorID__next_write_site=0, acceptor1_ingress_registerAcceptorID__wrote_any=false, acceptor1_ingress_registerAcceptorID__wrote_index0=false, acceptor1_ingress_registerRound__last0_old_value=0bv16, acceptor1_ingress_registerRound__last0_value=0bv16, acceptor1_ingress_registerRound__last_index=0bv32, acceptor1_ingress_registerRound__last_old_value=0bv16, acceptor1_ingress_registerRound__last_value=0bv16, acceptor1_ingress_registerRound__last_write_site=0, acceptor1_ingress_registerRound__next_write_site=0, acceptor1_ingress_registerRound__wrote_any=false, acceptor1_ingress_registerRound__wrote_index0=false, acceptor1_ingress_registerVRound__last0_old_value=0bv16, acceptor1_ingress_registerVRound__last0_value=0bv16, acceptor1_ingress_registerVRound__last_index=0bv32, acceptor1_ingress_registerVRound__last_old_value=0bv16, acceptor1_ingress_registerVRound__last_value=0bv16, acceptor1_ingress_registerVRound__last_write_site=0, acceptor1_ingress_registerVRound__next_write_site=0, acceptor1_ingress_registerVRound__wrote_any=false, acceptor1_ingress_registerVRound__wrote_index0=false, acceptor1_ingress_registerValue__last0_old_value=0bv256, acceptor1_ingress_registerValue__last0_value=0bv256, acceptor1_ingress_registerValue__last_index=0bv32, acceptor1_ingress_registerValue__last_old_value=0bv256, acceptor1_ingress_registerValue__last_value=0bv256, acceptor1_ingress_registerValue__last_write_site=0, acceptor1_ingress_registerValue__next_write_site=0, acceptor1_ingress_registerValue__wrote_any=false, acceptor1_ingress_registerValue__wrote_index0=false, acceptor1_p4b_clone_e2e=false, acceptor1_p4b_clone_i2e=false, acceptor1_p4b_clone_i2i=false, acceptor1_p4b_recirculate=false, acceptor1_pkt_external=false, acceptor2_inbox_count=0, acceptor2_ingress_learner_address__last0_old_value=0bv32, acceptor2_ingress_learner_address__last0_value=0bv32, acceptor2_ingress_learner_address__last_index=0bv32, acceptor2_ingress_learner_address__last_old_value=0bv32, acceptor2_ingress_learner_address__last_value=0bv32, acceptor2_ingress_learner_address__last_write_site=0, acceptor2_ingress_learner_address__next_write_site=0, acceptor2_ingress_learner_address__wrote_any=false, acceptor2_ingress_learner_address__wrote_index0=false, acceptor2_ingress_learner_mac_address__last0_old_value=0bv48, acceptor2_ingress_learner_mac_address__last0_value=0bv48, acceptor2_ingress_learner_mac_address__last_index=0bv32, acceptor2_ingress_learner_mac_address__last_old_value=0bv48, acceptor2_ingress_learner_mac_address__last_value=0bv48, acceptor2_ingress_learner_mac_address__last_write_site=0, acceptor2_ingress_learner_mac_address__next_write_site=0, acceptor2_ingress_learner_mac_address__wrote_any=false, acceptor2_ingress_learner_mac_address__wrote_index0=false, acceptor2_ingress_my_ip_address__last0_old_value=0bv32, acceptor2_ingress_my_ip_address__last0_value=0bv32, acceptor2_ingress_my_ip_address__last_index=0bv32, acceptor2_ingress_my_ip_address__last_old_value=0bv32, acceptor2_ingress_my_ip_address__last_value=0bv32, acceptor2_ingress_my_ip_address__last_write_site=0, acceptor2_ingress_my_ip_address__next_write_site=0, acceptor2_ingress_my_ip_address__wrote_any=false, acceptor2_ingress_my_ip_address__wrote_index0=false, acceptor2_ingress_my_mac_address__last0_old_value=0bv48, acceptor2_ingress_my_mac_address__last0_value=0bv48, acceptor2_ingress_my_mac_address__last_index=0bv32, acceptor2_ingress_my_mac_address__last_old_value=0bv48, acceptor2_ingress_my_mac_address__last_value=0bv48, acceptor2_ingress_my_mac_address__last_write_site=0, acceptor2_ingress_my_mac_address__next_write_site=0, acceptor2_ingress_my_mac_address__wrote_any=false, acceptor2_ingress_my_mac_address__wrote_index0=false, acceptor2_ingress_registerAcceptorID__last0_old_value=0bv16, acceptor2_ingress_registerAcceptorID__last0_value=0bv16, acceptor2_ingress_registerAcceptorID__last_index=0bv32, acceptor2_ingress_registerAcceptorID__last_old_value=0bv16, acceptor2_ingress_registerAcceptorID__last_value=0bv16, acceptor2_ingress_registerAcceptorID__last_write_site=0, acceptor2_ingress_registerAcceptorID__next_write_site=0, acceptor2_ingress_registerAcceptorID__wrote_any=false, acceptor2_ingress_registerAcceptorID__wrote_index0=false, acceptor2_ingress_registerRound__last0_old_value=0bv16, acceptor2_ingress_registerRound__last0_value=0bv16, acceptor2_ingress_registerRound__last_index=0bv32, acceptor2_ingress_registerRound__last_old_value=0bv16, acceptor2_ingress_registerRound__last_value=0bv16, acceptor2_ingress_registerRound__last_write_site=0, acceptor2_ingress_registerRound__next_write_site=0, acceptor2_ingress_registerRound__wrote_any=false, acceptor2_ingress_registerRound__wrote_index0=false, acceptor2_ingress_registerVRound__last0_old_value=0bv16, acceptor2_ingress_registerVRound__last0_value=0bv16, acceptor2_ingress_registerVRound__last_index=0bv32, acceptor2_ingress_registerVRound__last_old_value=0bv16, acceptor2_ingress_registerVRound__last_value=0bv16, acceptor2_ingress_registerVRound__last_write_site=0, acceptor2_ingress_registerVRound__next_write_site=0, acceptor2_ingress_registerVRound__wrote_any=false, acceptor2_ingress_registerVRound__wrote_index0=false, acceptor2_ingress_registerValue__last0_old_value=0bv256, acceptor2_ingress_registerValue__last0_value=0bv256, acceptor2_ingress_registerValue__last_index=0bv32, acceptor2_ingress_registerValue__last_old_value=0bv256, acceptor2_ingress_registerValue__last_value=0bv256, acceptor2_ingress_registerValue__last_write_site=0, acceptor2_ingress_registerValue__next_write_site=0, acceptor2_ingress_registerValue__wrote_any=false, acceptor2_ingress_registerValue__wrote_index0=false, acceptor2_p4b_clone_e2e=false, acceptor2_p4b_clone_i2e=false, acceptor2_p4b_clone_i2i=false, acceptor2_p4b_recirculate=false, acceptor2_pkt_external=false, leader_drop=true, leader_hdr.ethernet.etherType=0bv16, leader_inbox_count=0, leader_ingress_ctrlInstane__last0_old_value=0bv32, leader_ingress_ctrlInstane__last0_value=0bv32, leader_ingress_ctrlInstane__last_index=0bv32, leader_ingress_ctrlInstane__last_old_value=0bv32, leader_ingress_ctrlInstane__last_value=0bv32, leader_ingress_ctrlInstane__last_write_site=0, leader_ingress_ctrlInstane__next_write_site=0, leader_ingress_ctrlInstane__wrote_any=false, leader_ingress_ctrlInstane__wrote_index0=false, leader_p4b_checksum_error=false, leader_p4b_checksum_updated=false, leader_p4b_checksum_verified=false, leader_p4b_clone_e2e=false, leader_p4b_clone_i2e=false, leader_p4b_clone_i2i=false, leader_p4b_digest=false, leader_p4b_recirculate=false, leader_pkt_external=true, learner_inbox_count=0, learner_ingress_registerHistory2B__last0_old_value=0bv8, learner_ingress_registerHistory2B__last0_value=0bv8, learner_ingress_registerHistory2B__last_index=0bv32, learner_ingress_registerHistory2B__last_old_value=0bv8, learner_ingress_registerHistory2B__last_value=0bv8, learner_ingress_registerHistory2B__last_write_site=0, learner_ingress_registerHistory2B__next_write_site=0, learner_ingress_registerHistory2B__wrote_any=false, learner_ingress_registerHistory2B__wrote_index0=false, learner_ingress_registerRound__last0_old_value=0bv16, learner_ingress_registerRound__last0_value=0bv16, learner_ingress_registerRound__last_index=0bv32, learner_ingress_registerRound__last_old_value=0bv16, learner_ingress_registerRound__last_value=0bv16, learner_ingress_registerRound__last_write_site=0, learner_ingress_registerRound__next_write_site=0, learner_ingress_registerRound__wrote_any=false, learner_ingress_registerRound__wrote_index0=false, learner_ingress_registerValue__last0_old_value=0bv256, learner_ingress_registerValue__last0_value=0bv256, learner_ingress_registerValue__last_index=0bv32, learner_ingress_registerValue__last_old_value=0bv256, learner_ingress_registerValue__last_value=0bv256, learner_ingress_registerValue__last_write_site=0, learner_ingress_registerValue__next_write_site=0, learner_ingress_registerValue__wrote_any=false, learner_ingress_registerValue__wrote_index0=false, learner_p4b_clone_e2e=false, learner_p4b_clone_i2e=false, learner_p4b_clone_i2i=false, learner_p4b_recirculate=false, learner_pkt_external=false, procurator_step=1]
[L2782]  COND FALSE  !(leader_isValid[leader_hdr.ipv4])
         VAL         [acceptor0_inbox_count=0, acceptor0_ingress_learner_address__last0_old_value=0bv32, acceptor0_ingress_learner_address__last0_value=0bv32, acceptor0_ingress_learner_address__last_index=0bv32, acceptor0_ingress_learner_address__last_old_value=0bv32, acceptor0_ingress_learner_address__last_value=0bv32, acceptor0_ingress_learner_address__last_write_site=0, acceptor0_ingress_learner_address__next_write_site=0, acceptor0_ingress_learner_address__wrote_any=false, acceptor0_ingress_learner_address__wrote_index0=false, acceptor0_ingress_learner_mac_address__last0_old_value=0bv48, acceptor0_ingress_learner_mac_address__last0_value=0bv48, acceptor0_ingress_learner_mac_address__last_index=0bv32, acceptor0_ingress_learner_mac_address__last_old_value=0bv48, acceptor0_ingress_learner_mac_address__last_value=0bv48, acceptor0_ingress_learner_mac_address__last_write_site=0, acceptor0_ingress_learner_mac_address__next_write_site=0, acceptor0_ingress_learner_mac_address__wrote_any=false, acceptor0_ingress_learner_mac_address__wrote_index0=false, acceptor0_ingress_my_ip_address__last0_old_value=0bv32, acceptor0_ingress_my_ip_address__last0_value=0bv32, acceptor0_ingress_my_ip_address__last_index=0bv32, acceptor0_ingress_my_ip_address__last_old_value=0bv32, acceptor0_ingress_my_ip_address__last_value=0bv32, acceptor0_ingress_my_ip_address__last_write_site=0, acceptor0_ingress_my_ip_address__next_write_site=0, acceptor0_ingress_my_ip_address__wrote_any=false, acceptor0_ingress_my_ip_address__wrote_index0=false, acceptor0_ingress_my_mac_address__last0_old_value=0bv48, acceptor0_ingress_my_mac_address__last0_value=0bv48, acceptor0_ingress_my_mac_address__last_index=0bv32, acceptor0_ingress_my_mac_address__last_old_value=0bv48, acceptor0_ingress_my_mac_address__last_value=0bv48, acceptor0_ingress_my_mac_address__last_write_site=0, acceptor0_ingress_my_mac_address__next_write_site=0, acceptor0_ingress_my_mac_address__wrote_any=false, acceptor0_ingress_my_mac_address__wrote_index0=false, acceptor0_ingress_registerAcceptorID__last0_old_value=0bv16, acceptor0_ingress_registerAcceptorID__last0_value=0bv16, acceptor0_ingress_registerAcceptorID__last_index=0bv32, acceptor0_ingress_registerAcceptorID__last_old_value=0bv16, acceptor0_ingress_registerAcceptorID__last_value=0bv16, acceptor0_ingress_registerAcceptorID__last_write_site=0, acceptor0_ingress_registerAcceptorID__next_write_site=0, acceptor0_ingress_registerAcceptorID__wrote_any=false, acceptor0_ingress_registerAcceptorID__wrote_index0=false, acceptor0_ingress_registerRound__last0_old_value=0bv16, acceptor0_ingress_registerRound__last0_value=0bv16, acceptor0_ingress_registerRound__last_index=0bv32, acceptor0_ingress_registerRound__last_old_value=0bv16, acceptor0_ingress_registerRound__last_value=0bv16, acceptor0_ingress_registerRound__last_write_site=0, acceptor0_ingress_registerRound__next_write_site=0, acceptor0_ingress_registerRound__wrote_any=false, acceptor0_ingress_registerRound__wrote_index0=false, acceptor0_ingress_registerVRound__last0_old_value=0bv16, acceptor0_ingress_registerVRound__last0_value=0bv16, acceptor0_ingress_registerVRound__last_index=0bv32, acceptor0_ingress_registerVRound__last_old_value=0bv16, acceptor0_ingress_registerVRound__last_value=0bv16, acceptor0_ingress_registerVRound__last_write_site=0, acceptor0_ingress_registerVRound__next_write_site=0, acceptor0_ingress_registerVRound__wrote_any=false, acceptor0_ingress_registerVRound__wrote_index0=false, acceptor0_ingress_registerValue__last0_old_value=0bv256, acceptor0_ingress_registerValue__last0_value=0bv256, acceptor0_ingress_registerValue__last_index=0bv32, acceptor0_ingress_registerValue__last_old_value=0bv256, acceptor0_ingress_registerValue__last_value=0bv256, acceptor0_ingress_registerValue__last_write_site=0, acceptor0_ingress_registerValue__next_write_site=0, acceptor0_ingress_registerValue__wrote_any=false, acceptor0_ingress_registerValue__wrote_index0=false, acceptor0_p4b_clone_e2e=false, acceptor0_p4b_clone_i2e=false, acceptor0_p4b_clone_i2i=false, acceptor0_p4b_recirculate=false, acceptor0_pkt_external=false, acceptor1_inbox_count=0, acceptor1_ingress_learner_address__last0_old_value=0bv32, acceptor1_ingress_learner_address__last0_value=0bv32, acceptor1_ingress_learner_address__last_index=0bv32, acceptor1_ingress_learner_address__last_old_value=0bv32, acceptor1_ingress_learner_address__last_value=0bv32, acceptor1_ingress_learner_address__last_write_site=0, acceptor1_ingress_learner_address__next_write_site=0, acceptor1_ingress_learner_address__wrote_any=false, acceptor1_ingress_learner_address__wrote_index0=false, acceptor1_ingress_learner_mac_address__last0_old_value=0bv48, acceptor1_ingress_learner_mac_address__last0_value=0bv48, acceptor1_ingress_learner_mac_address__last_index=0bv32, acceptor1_ingress_learner_mac_address__last_old_value=0bv48, acceptor1_ingress_learner_mac_address__last_value=0bv48, acceptor1_ingress_learner_mac_address__last_write_site=0, acceptor1_ingress_learner_mac_address__next_write_site=0, acceptor1_ingress_learner_mac_address__wrote_any=false, acceptor1_ingress_learner_mac_address__wrote_index0=false, acceptor1_ingress_my_ip_address__last0_old_value=0bv32, acceptor1_ingress_my_ip_address__last0_value=0bv32, acceptor1_ingress_my_ip_address__last_index=0bv32, acceptor1_ingress_my_ip_address__last_old_value=0bv32, acceptor1_ingress_my_ip_address__last_value=0bv32, acceptor1_ingress_my_ip_address__last_write_site=0, acceptor1_ingress_my_ip_address__next_write_site=0, acceptor1_ingress_my_ip_address__wrote_any=false, acceptor1_ingress_my_ip_address__wrote_index0=false, acceptor1_ingress_my_mac_address__last0_old_value=0bv48, acceptor1_ingress_my_mac_address__last0_value=0bv48, acceptor1_ingress_my_mac_address__last_index=0bv32, acceptor1_ingress_my_mac_address__last_old_value=0bv48, acceptor1_ingress_my_mac_address__last_value=0bv48, acceptor1_ingress_my_mac_address__last_write_site=0, acceptor1_ingress_my_mac_address__next_write_site=0, acceptor1_ingress_my_mac_address__wrote_any=false, acceptor1_ingress_my_mac_address__wrote_index0=false, acceptor1_ingress_registerAcceptorID__last0_old_value=0bv16, acceptor1_ingress_registerAcceptorID__last0_value=0bv16, acceptor1_ingress_registerAcceptorID__last_index=0bv32, acceptor1_ingress_registerAcceptorID__last_old_value=0bv16, acceptor1_ingress_registerAcceptorID__last_value=0bv16, acceptor1_ingress_registerAcceptorID__last_write_site=0, acceptor1_ingress_registerAcceptorID__next_write_site=0, acceptor1_ingress_registerAcceptorID__wrote_any=false, acceptor1_ingress_registerAcceptorID__wrote_index0=false, acceptor1_ingress_registerRound__last0_old_value=0bv16, acceptor1_ingress_registerRound__last0_value=0bv16, acceptor1_ingress_registerRound__last_index=0bv32, acceptor1_ingress_registerRound__last_old_value=0bv16, acceptor1_ingress_registerRound__last_value=0bv16, acceptor1_ingress_registerRound__last_write_site=0, acceptor1_ingress_registerRound__next_write_site=0, acceptor1_ingress_registerRound__wrote_any=false, acceptor1_ingress_registerRound__wrote_index0=false, acceptor1_ingress_registerVRound__last0_old_value=0bv16, acceptor1_ingress_registerVRound__last0_value=0bv16, acceptor1_ingress_registerVRound__last_index=0bv32, acceptor1_ingress_registerVRound__last_old_value=0bv16, acceptor1_ingress_registerVRound__last_value=0bv16, acceptor1_ingress_registerVRound__last_write_site=0, acceptor1_ingress_registerVRound__next_write_site=0, acceptor1_ingress_registerVRound__wrote_any=false, acceptor1_ingress_registerVRound__wrote_index0=false, acceptor1_ingress_registerValue__last0_old_value=0bv256, acceptor1_ingress_registerValue__last0_value=0bv256, acceptor1_ingress_registerValue__last_index=0bv32, acceptor1_ingress_registerValue__last_old_value=0bv256, acceptor1_ingress_registerValue__last_value=0bv256, acceptor1_ingress_registerValue__last_write_site=0, acceptor1_ingress_registerValue__next_write_site=0, acceptor1_ingress_registerValue__wrote_any=false, acceptor1_ingress_registerValue__wrote_index0=false, acceptor1_p4b_clone_e2e=false, acceptor1_p4b_clone_i2e=false, acceptor1_p4b_clone_i2i=false, acceptor1_p4b_recirculate=false, acceptor1_pkt_external=false, acceptor2_inbox_count=0, acceptor2_ingress_learner_address__last0_old_value=0bv32, acceptor2_ingress_learner_address__last0_value=0bv32, acceptor2_ingress_learner_address__last_index=0bv32, acceptor2_ingress_learner_address__last_old_value=0bv32, acceptor2_ingress_learner_address__last_value=0bv32, acceptor2_ingress_learner_address__last_write_site=0, acceptor2_ingress_learner_address__next_write_site=0, acceptor2_ingress_learner_address__wrote_any=false, acceptor2_ingress_learner_address__wrote_index0=false, acceptor2_ingress_learner_mac_address__last0_old_value=0bv48, acceptor2_ingress_learner_mac_address__last0_value=0bv48, acceptor2_ingress_learner_mac_address__last_index=0bv32, acceptor2_ingress_learner_mac_address__last_old_value=0bv48, acceptor2_ingress_learner_mac_address__last_value=0bv48, acceptor2_ingress_learner_mac_address__last_write_site=0, acceptor2_ingress_learner_mac_address__next_write_site=0, acceptor2_ingress_learner_mac_address__wrote_any=false, acceptor2_ingress_learner_mac_address__wrote_index0=false, acceptor2_ingress_my_ip_address__last0_old_value=0bv32, acceptor2_ingress_my_ip_address__last0_value=0bv32, acceptor2_ingress_my_ip_address__last_index=0bv32, acceptor2_ingress_my_ip_address__last_old_value=0bv32, acceptor2_ingress_my_ip_address__last_value=0bv32, acceptor2_ingress_my_ip_address__last_write_site=0, acceptor2_ingress_my_ip_address__next_write_site=0, acceptor2_ingress_my_ip_address__wrote_any=false, acceptor2_ingress_my_ip_address__wrote_index0=false, acceptor2_ingress_my_mac_address__last0_old_value=0bv48, acceptor2_ingress_my_mac_address__last0_value=0bv48, acceptor2_ingress_my_mac_address__last_index=0bv32, acceptor2_ingress_my_mac_address__last_old_value=0bv48, acceptor2_ingress_my_mac_address__last_value=0bv48, acceptor2_ingress_my_mac_address__last_write_site=0, acceptor2_ingress_my_mac_address__next_write_site=0, acceptor2_ingress_my_mac_address__wrote_any=false, acceptor2_ingress_my_mac_address__wrote_index0=false, acceptor2_ingress_registerAcceptorID__last0_old_value=0bv16, acceptor2_ingress_registerAcceptorID__last0_value=0bv16, acceptor2_ingress_registerAcceptorID__last_index=0bv32, acceptor2_ingress_registerAcceptorID__last_old_value=0bv16, acceptor2_ingress_registerAcceptorID__last_value=0bv16, acceptor2_ingress_registerAcceptorID__last_write_site=0, acceptor2_ingress_registerAcceptorID__next_write_site=0, acceptor2_ingress_registerAcceptorID__wrote_any=false, acceptor2_ingress_registerAcceptorID__wrote_index0=false, acceptor2_ingress_registerRound__last0_old_value=0bv16, acceptor2_ingress_registerRound__last0_value=0bv16, acceptor2_ingress_registerRound__last_index=0bv32, acceptor2_ingress_registerRound__last_old_value=0bv16, acceptor2_ingress_registerRound__last_value=0bv16, acceptor2_ingress_registerRound__last_write_site=0, acceptor2_ingress_registerRound__next_write_site=0, acceptor2_ingress_registerRound__wrote_any=false, acceptor2_ingress_registerRound__wrote_index0=false, acceptor2_ingress_registerVRound__last0_old_value=0bv16, acceptor2_ingress_registerVRound__last0_value=0bv16, acceptor2_ingress_registerVRound__last_index=0bv32, acceptor2_ingress_registerVRound__last_old_value=0bv16, acceptor2_ingress_registerVRound__last_value=0bv16, acceptor2_ingress_registerVRound__last_write_site=0, acceptor2_ingress_registerVRound__next_write_site=0, acceptor2_ingress_registerVRound__wrote_any=false, acceptor2_ingress_registerVRound__wrote_index0=false, acceptor2_ingress_registerValue__last0_old_value=0bv256, acceptor2_ingress_registerValue__last0_value=0bv256, acceptor2_ingress_registerValue__last_index=0bv32, acceptor2_ingress_registerValue__last_old_value=0bv256, acceptor2_ingress_registerValue__last_value=0bv256, acceptor2_ingress_registerValue__last_write_site=0, acceptor2_ingress_registerValue__next_write_site=0, acceptor2_ingress_registerValue__wrote_any=false, acceptor2_ingress_registerValue__wrote_index0=false, acceptor2_p4b_clone_e2e=false, acceptor2_p4b_clone_i2e=false, acceptor2_p4b_clone_i2i=false, acceptor2_p4b_recirculate=false, acceptor2_pkt_external=false, leader_drop=true, leader_hdr.ethernet.etherType=0bv16, leader_inbox_count=0, leader_ingress_ctrlInstane__last0_old_value=0bv32, leader_ingress_ctrlInstane__last0_value=0bv32, leader_ingress_ctrlInstane__last_index=0bv32, leader_ingress_ctrlInstane__last_old_value=0bv32, leader_ingress_ctrlInstane__last_value=0bv32, leader_ingress_ctrlInstane__last_write_site=0, leader_ingress_ctrlInstane__next_write_site=0, leader_ingress_ctrlInstane__wrote_any=false, leader_ingress_ctrlInstane__wrote_index0=false, leader_p4b_checksum_error=false, leader_p4b_checksum_updated=false, leader_p4b_checksum_verified=false, leader_p4b_clone_e2e=false, leader_p4b_clone_i2e=false, leader_p4b_clone_i2i=false, leader_p4b_digest=false, leader_p4b_recirculate=false, leader_pkt_external=true, learner_inbox_count=0, learner_ingress_registerHistory2B__last0_old_value=0bv8, learner_ingress_registerHistory2B__last0_value=0bv8, learner_ingress_registerHistory2B__last_index=0bv32, learner_ingress_registerHistory2B__last_old_value=0bv8, learner_ingress_registerHistory2B__last_value=0bv8, learner_ingress_registerHistory2B__last_write_site=0, learner_ingress_registerHistory2B__next_write_site=0, learner_ingress_registerHistory2B__wrote_any=false, learner_ingress_registerHistory2B__wrote_index0=false, learner_ingress_registerRound__last0_old_value=0bv16, learner_ingress_registerRound__last0_value=0bv16, learner_ingress_registerRound__last_index=0bv32, learner_ingress_registerRound__last_old_value=0bv16, learner_ingress_registerRound__last_value=0bv16, learner_ingress_registerRound__last_write_site=0, learner_ingress_registerRound__next_write_site=0, learner_ingress_registerRound__wrote_any=false, learner_ingress_registerRound__wrote_index0=false, learner_ingress_registerValue__last0_old_value=0bv256, learner_ingress_registerValue__last0_value=0bv256, learner_ingress_registerValue__last_index=0bv32, learner_ingress_registerValue__last_old_value=0bv256, learner_ingress_registerValue__last_value=0bv256, learner_ingress_registerValue__last_write_site=0, learner_ingress_registerValue__next_write_site=0, learner_ingress_registerValue__wrote_any=false, learner_ingress_registerValue__wrote_index0=false, learner_p4b_clone_e2e=false, learner_p4b_clone_i2e=false, learner_p4b_clone_i2i=false, learner_p4b_recirculate=false, learner_pkt_external=false, procurator_step=1]
[L2901]  RET         call leader_ingress();
[L2902]  CALL        call leader_egress();
[L2761]  CALL        call leader_egress_place_holder_table.apply();
[L2768]              leader_egress_place_holder_table.hit := false;
         VAL         [acceptor0_inbox_count=0, acceptor0_ingress_learner_address__last0_old_value=0bv32, acceptor0_ingress_learner_address__last0_value=0bv32, acceptor0_ingress_learner_address__last_index=0bv32, acceptor0_ingress_learner_address__last_old_value=0bv32, acceptor0_ingress_learner_address__last_value=0bv32, acceptor0_ingress_learner_address__last_write_site=0, acceptor0_ingress_learner_address__next_write_site=0, acceptor0_ingress_learner_address__wrote_any=false, acceptor0_ingress_learner_address__wrote_index0=false, acceptor0_ingress_learner_mac_address__last0_old_value=0bv48, acceptor0_ingress_learner_mac_address__last0_value=0bv48, acceptor0_ingress_learner_mac_address__last_index=0bv32, acceptor0_ingress_learner_mac_address__last_old_value=0bv48, acceptor0_ingress_learner_mac_address__last_value=0bv48, acceptor0_ingress_learner_mac_address__last_write_site=0, acceptor0_ingress_learner_mac_address__next_write_site=0, acceptor0_ingress_learner_mac_address__wrote_any=false, acceptor0_ingress_learner_mac_address__wrote_index0=false, acceptor0_ingress_my_ip_address__last0_old_value=0bv32, acceptor0_ingress_my_ip_address__last0_value=0bv32, acceptor0_ingress_my_ip_address__last_index=0bv32, acceptor0_ingress_my_ip_address__last_old_value=0bv32, acceptor0_ingress_my_ip_address__last_value=0bv32, acceptor0_ingress_my_ip_address__last_write_site=0, acceptor0_ingress_my_ip_address__next_write_site=0, acceptor0_ingress_my_ip_address__wrote_any=false, acceptor0_ingress_my_ip_address__wrote_index0=false, acceptor0_ingress_my_mac_address__last0_old_value=0bv48, acceptor0_ingress_my_mac_address__last0_value=0bv48, acceptor0_ingress_my_mac_address__last_index=0bv32, acceptor0_ingress_my_mac_address__last_old_value=0bv48, acceptor0_ingress_my_mac_address__last_value=0bv48, acceptor0_ingress_my_mac_address__last_write_site=0, acceptor0_ingress_my_mac_address__next_write_site=0, acceptor0_ingress_my_mac_address__wrote_any=false, acceptor0_ingress_my_mac_address__wrote_index0=false, acceptor0_ingress_registerAcceptorID__last0_old_value=0bv16, acceptor0_ingress_registerAcceptorID__last0_value=0bv16, acceptor0_ingress_registerAcceptorID__last_index=0bv32, acceptor0_ingress_registerAcceptorID__last_old_value=0bv16, acceptor0_ingress_registerAcceptorID__last_value=0bv16, acceptor0_ingress_registerAcceptorID__last_write_site=0, acceptor0_ingress_registerAcceptorID__next_write_site=0, acceptor0_ingress_registerAcceptorID__wrote_any=false, acceptor0_ingress_registerAcceptorID__wrote_index0=false, acceptor0_ingress_registerRound__last0_old_value=0bv16, acceptor0_ingress_registerRound__last0_value=0bv16, acceptor0_ingress_registerRound__last_index=0bv32, acceptor0_ingress_registerRound__last_old_value=0bv16, acceptor0_ingress_registerRound__last_value=0bv16, acceptor0_ingress_registerRound__last_write_site=0, acceptor0_ingress_registerRound__next_write_site=0, acceptor0_ingress_registerRound__wrote_any=false, acceptor0_ingress_registerRound__wrote_index0=false, acceptor0_ingress_registerVRound__last0_old_value=0bv16, acceptor0_ingress_registerVRound__last0_value=0bv16, acceptor0_ingress_registerVRound__last_index=0bv32, acceptor0_ingress_registerVRound__last_old_value=0bv16, acceptor0_ingress_registerVRound__last_value=0bv16, acceptor0_ingress_registerVRound__last_write_site=0, acceptor0_ingress_registerVRound__next_write_site=0, acceptor0_ingress_registerVRound__wrote_any=false, acceptor0_ingress_registerVRound__wrote_index0=false, acceptor0_ingress_registerValue__last0_old_value=0bv256, acceptor0_ingress_registerValue__last0_value=0bv256, acceptor0_ingress_registerValue__last_index=0bv32, acceptor0_ingress_registerValue__last_old_value=0bv256, acceptor0_ingress_registerValue__last_value=0bv256, acceptor0_ingress_registerValue__last_write_site=0, acceptor0_ingress_registerValue__next_write_site=0, acceptor0_ingress_registerValue__wrote_any=false, acceptor0_ingress_registerValue__wrote_index0=false, acceptor0_p4b_clone_e2e=false, acceptor0_p4b_clone_i2e=false, acceptor0_p4b_clone_i2i=false, acceptor0_p4b_recirculate=false, acceptor0_pkt_external=false, acceptor1_inbox_count=0, acceptor1_ingress_learner_address__last0_old_value=0bv32, acceptor1_ingress_learner_address__last0_value=0bv32, acceptor1_ingress_learner_address__last_index=0bv32, acceptor1_ingress_learner_address__last_old_value=0bv32, acceptor1_ingress_learner_address__last_value=0bv32, acceptor1_ingress_learner_address__last_write_site=0, acceptor1_ingress_learner_address__next_write_site=0, acceptor1_ingress_learner_address__wrote_any=false, acceptor1_ingress_learner_address__wrote_index0=false, acceptor1_ingress_learner_mac_address__last0_old_value=0bv48, acceptor1_ingress_learner_mac_address__last0_value=0bv48, acceptor1_ingress_learner_mac_address__last_index=0bv32, acceptor1_ingress_learner_mac_address__last_old_value=0bv48, acceptor1_ingress_learner_mac_address__last_value=0bv48, acceptor1_ingress_learner_mac_address__last_write_site=0, acceptor1_ingress_learner_mac_address__next_write_site=0, acceptor1_ingress_learner_mac_address__wrote_any=false, acceptor1_ingress_learner_mac_address__wrote_index0=false, acceptor1_ingress_my_ip_address__last0_old_value=0bv32, acceptor1_ingress_my_ip_address__last0_value=0bv32, acceptor1_ingress_my_ip_address__last_index=0bv32, acceptor1_ingress_my_ip_address__last_old_value=0bv32, acceptor1_ingress_my_ip_address__last_value=0bv32, acceptor1_ingress_my_ip_address__last_write_site=0, acceptor1_ingress_my_ip_address__next_write_site=0, acceptor1_ingress_my_ip_address__wrote_any=false, acceptor1_ingress_my_ip_address__wrote_index0=false, acceptor1_ingress_my_mac_address__last0_old_value=0bv48, acceptor1_ingress_my_mac_address__last0_value=0bv48, acceptor1_ingress_my_mac_address__last_index=0bv32, acceptor1_ingress_my_mac_address__last_old_value=0bv48, acceptor1_ingress_my_mac_address__last_value=0bv48, acceptor1_ingress_my_mac_address__last_write_site=0, acceptor1_ingress_my_mac_address__next_write_site=0, acceptor1_ingress_my_mac_address__wrote_any=false, acceptor1_ingress_my_mac_address__wrote_index0=false, acceptor1_ingress_registerAcceptorID__last0_old_value=0bv16, acceptor1_ingress_registerAcceptorID__last0_value=0bv16, acceptor1_ingress_registerAcceptorID__last_index=0bv32, acceptor1_ingress_registerAcceptorID__last_old_value=0bv16, acceptor1_ingress_registerAcceptorID__last_value=0bv16, acceptor1_ingress_registerAcceptorID__last_write_site=0, acceptor1_ingress_registerAcceptorID__next_write_site=0, acceptor1_ingress_registerAcceptorID__wrote_any=false, acceptor1_ingress_registerAcceptorID__wrote_index0=false, acceptor1_ingress_registerRound__last0_old_value=0bv16, acceptor1_ingress_registerRound__last0_value=0bv16, acceptor1_ingress_registerRound__last_index=0bv32, acceptor1_ingress_registerRound__last_old_value=0bv16, acceptor1_ingress_registerRound__last_value=0bv16, acceptor1_ingress_registerRound__last_write_site=0, acceptor1_ingress_registerRound__next_write_site=0, acceptor1_ingress_registerRound__wrote_any=false, acceptor1_ingress_registerRound__wrote_index0=false, acceptor1_ingress_registerVRound__last0_old_value=0bv16, acceptor1_ingress_registerVRound__last0_value=0bv16, acceptor1_ingress_registerVRound__last_index=0bv32, acceptor1_ingress_registerVRound__last_old_value=0bv16, acceptor1_ingress_registerVRound__last_value=0bv16, acceptor1_ingress_registerVRound__last_write_site=0, acceptor1_ingress_registerVRound__next_write_site=0, acceptor1_ingress_registerVRound__wrote_any=false, acceptor1_ingress_registerVRound__wrote_index0=false, acceptor1_ingress_registerValue__last0_old_value=0bv256, acceptor1_ingress_registerValue__last0_value=0bv256, acceptor1_ingress_registerValue__last_index=0bv32, acceptor1_ingress_registerValue__last_old_value=0bv256, acceptor1_ingress_registerValue__last_value=0bv256, acceptor1_ingress_registerValue__last_write_site=0, acceptor1_ingress_registerValue__next_write_site=0, acceptor1_ingress_registerValue__wrote_any=false, acceptor1_ingress_registerValue__wrote_index0=false, acceptor1_p4b_clone_e2e=false, acceptor1_p4b_clone_i2e=false, acceptor1_p4b_clone_i2i=false, acceptor1_p4b_recirculate=false, acceptor1_pkt_external=false, acceptor2_inbox_count=0, acceptor2_ingress_learner_address__last0_old_value=0bv32, acceptor2_ingress_learner_address__last0_value=0bv32, acceptor2_ingress_learner_address__last_index=0bv32, acceptor2_ingress_learner_address__last_old_value=0bv32, acceptor2_ingress_learner_address__last_value=0bv32, acceptor2_ingress_learner_address__last_write_site=0, acceptor2_ingress_learner_address__next_write_site=0, acceptor2_ingress_learner_address__wrote_any=false, acceptor2_ingress_learner_address__wrote_index0=false, acceptor2_ingress_learner_mac_address__last0_old_value=0bv48, acceptor2_ingress_learner_mac_address__last0_value=0bv48, acceptor2_ingress_learner_mac_address__last_index=0bv32, acceptor2_ingress_learner_mac_address__last_old_value=0bv48, acceptor2_ingress_learner_mac_address__last_value=0bv48, acceptor2_ingress_learner_mac_address__last_write_site=0, acceptor2_ingress_learner_mac_address__next_write_site=0, acceptor2_ingress_learner_mac_address__wrote_any=false, acceptor2_ingress_learner_mac_address__wrote_index0=false, acceptor2_ingress_my_ip_address__last0_old_value=0bv32, acceptor2_ingress_my_ip_address__last0_value=0bv32, acceptor2_ingress_my_ip_address__last_index=0bv32, acceptor2_ingress_my_ip_address__last_old_value=0bv32, acceptor2_ingress_my_ip_address__last_value=0bv32, acceptor2_ingress_my_ip_address__last_write_site=0, acceptor2_ingress_my_ip_address__next_write_site=0, acceptor2_ingress_my_ip_address__wrote_any=false, acceptor2_ingress_my_ip_address__wrote_index0=false, acceptor2_ingress_my_mac_address__last0_old_value=0bv48, acceptor2_ingress_my_mac_address__last0_value=0bv48, acceptor2_ingress_my_mac_address__last_index=0bv32, acceptor2_ingress_my_mac_address__last_old_value=0bv48, acceptor2_ingress_my_mac_address__last_value=0bv48, acceptor2_ingress_my_mac_address__last_write_site=0, acceptor2_ingress_my_mac_address__next_write_site=0, acceptor2_ingress_my_mac_address__wrote_any=false, acceptor2_ingress_my_mac_address__wrote_index0=false, acceptor2_ingress_registerAcceptorID__last0_old_value=0bv16, acceptor2_ingress_registerAcceptorID__last0_value=0bv16, acceptor2_ingress_registerAcceptorID__last_index=0bv32, acceptor2_ingress_registerAcceptorID__last_old_value=0bv16, acceptor2_ingress_registerAcceptorID__last_value=0bv16, acceptor2_ingress_registerAcceptorID__last_write_site=0, acceptor2_ingress_registerAcceptorID__next_write_site=0, acceptor2_ingress_registerAcceptorID__wrote_any=false, acceptor2_ingress_registerAcceptorID__wrote_index0=false, acceptor2_ingress_registerRound__last0_old_value=0bv16, acceptor2_ingress_registerRound__last0_value=0bv16, acceptor2_ingress_registerRound__last_index=0bv32, acceptor2_ingress_registerRound__last_old_value=0bv16, acceptor2_ingress_registerRound__last_value=0bv16, acceptor2_ingress_registerRound__last_write_site=0, acceptor2_ingress_registerRound__next_write_site=0, acceptor2_ingress_registerRound__wrote_any=false, acceptor2_ingress_registerRound__wrote_index0=false, acceptor2_ingress_registerVRound__last0_old_value=0bv16, acceptor2_ingress_registerVRound__last0_value=0bv16, acceptor2_ingress_registerVRound__last_index=0bv32, acceptor2_ingress_registerVRound__last_old_value=0bv16, acceptor2_ingress_registerVRound__last_value=0bv16, acceptor2_ingress_registerVRound__last_write_site=0, acceptor2_ingress_registerVRound__next_write_site=0, acceptor2_ingress_registerVRound__wrote_any=false, acceptor2_ingress_registerVRound__wrote_index0=false, acceptor2_ingress_registerValue__last0_old_value=0bv256, acceptor2_ingress_registerValue__last0_value=0bv256, acceptor2_ingress_registerValue__last_index=0bv32, acceptor2_ingress_registerValue__last_old_value=0bv256, acceptor2_ingress_registerValue__last_value=0bv256, acceptor2_ingress_registerValue__last_write_site=0, acceptor2_ingress_registerValue__next_write_site=0, acceptor2_ingress_registerValue__wrote_any=false, acceptor2_ingress_registerValue__wrote_index0=false, acceptor2_p4b_clone_e2e=false, acceptor2_p4b_clone_i2e=false, acceptor2_p4b_clone_i2i=false, acceptor2_p4b_recirculate=false, acceptor2_pkt_external=false, leader_drop=true, leader_egress_place_holder_table.hit=false, leader_hdr.ethernet.etherType=0bv16, leader_inbox_count=0, leader_ingress_ctrlInstane__last0_old_value=0bv32, leader_ingress_ctrlInstane__last0_value=0bv32, leader_ingress_ctrlInstane__last_index=0bv32, leader_ingress_ctrlInstane__last_old_value=0bv32, leader_ingress_ctrlInstane__last_value=0bv32, leader_ingress_ctrlInstane__last_write_site=0, leader_ingress_ctrlInstane__next_write_site=0, leader_ingress_ctrlInstane__wrote_any=false, leader_ingress_ctrlInstane__wrote_index0=false, leader_p4b_checksum_error=false, leader_p4b_checksum_updated=false, leader_p4b_checksum_verified=false, leader_p4b_clone_e2e=false, leader_p4b_clone_i2e=false, leader_p4b_clone_i2i=false, leader_p4b_digest=false, leader_p4b_recirculate=false, leader_pkt_external=true, learner_inbox_count=0, learner_ingress_registerHistory2B__last0_old_value=0bv8, learner_ingress_registerHistory2B__last0_value=0bv8, learner_ingress_registerHistory2B__last_index=0bv32, learner_ingress_registerHistory2B__last_old_value=0bv8, learner_ingress_registerHistory2B__last_value=0bv8, learner_ingress_registerHistory2B__last_write_site=0, learner_ingress_registerHistory2B__next_write_site=0, learner_ingress_registerHistory2B__wrote_any=false, learner_ingress_registerHistory2B__wrote_index0=false, learner_ingress_registerRound__last0_old_value=0bv16, learner_ingress_registerRound__last0_value=0bv16, learner_ingress_registerRound__last_index=0bv32, learner_ingress_registerRound__last_old_value=0bv16, learner_ingress_registerRound__last_value=0bv16, learner_ingress_registerRound__last_write_site=0, learner_ingress_registerRound__next_write_site=0, learner_ingress_registerRound__wrote_any=false, learner_ingress_registerRound__wrote_index0=false, learner_ingress_registerValue__last0_old_value=0bv256, learner_ingress_registerValue__last0_value=0bv256, learner_ingress_registerValue__last_index=0bv32, learner_ingress_registerValue__last_old_value=0bv256, learner_ingress_registerValue__last_value=0bv256, learner_ingress_registerValue__last_write_site=0, learner_ingress_registerValue__next_write_site=0, learner_ingress_registerValue__wrote_any=false, learner_ingress_registerValue__wrote_index0=false, learner_p4b_clone_e2e=false, learner_p4b_clone_i2e=false, learner_p4b_clone_i2i=false, learner_p4b_recirculate=false, learner_pkt_external=false, procurator_step=1]
[L2761]  RET         call leader_egress_place_holder_table.apply();
[L2902]  RET         call leader_egress();
[L2903]  CALL        call leader_computeChecksum();
[L2744]  COND FALSE  !(leader_isValid[leader_hdr.ipv4])
         VAL         [acceptor0_inbox_count=0, acceptor0_ingress_learner_address__last0_old_value=0bv32, acceptor0_ingress_learner_address__last0_value=0bv32, acceptor0_ingress_learner_address__last_index=0bv32, acceptor0_ingress_learner_address__last_old_value=0bv32, acceptor0_ingress_learner_address__last_value=0bv32, acceptor0_ingress_learner_address__last_write_site=0, acceptor0_ingress_learner_address__next_write_site=0, acceptor0_ingress_learner_address__wrote_any=false, acceptor0_ingress_learner_address__wrote_index0=false, acceptor0_ingress_learner_mac_address__last0_old_value=0bv48, acceptor0_ingress_learner_mac_address__last0_value=0bv48, acceptor0_ingress_learner_mac_address__last_index=0bv32, acceptor0_ingress_learner_mac_address__last_old_value=0bv48, acceptor0_ingress_learner_mac_address__last_value=0bv48, acceptor0_ingress_learner_mac_address__last_write_site=0, acceptor0_ingress_learner_mac_address__next_write_site=0, acceptor0_ingress_learner_mac_address__wrote_any=false, acceptor0_ingress_learner_mac_address__wrote_index0=false, acceptor0_ingress_my_ip_address__last0_old_value=0bv32, acceptor0_ingress_my_ip_address__last0_value=0bv32, acceptor0_ingress_my_ip_address__last_index=0bv32, acceptor0_ingress_my_ip_address__last_old_value=0bv32, acceptor0_ingress_my_ip_address__last_value=0bv32, acceptor0_ingress_my_ip_address__last_write_site=0, acceptor0_ingress_my_ip_address__next_write_site=0, acceptor0_ingress_my_ip_address__wrote_any=false, acceptor0_ingress_my_ip_address__wrote_index0=false, acceptor0_ingress_my_mac_address__last0_old_value=0bv48, acceptor0_ingress_my_mac_address__last0_value=0bv48, acceptor0_ingress_my_mac_address__last_index=0bv32, acceptor0_ingress_my_mac_address__last_old_value=0bv48, acceptor0_ingress_my_mac_address__last_value=0bv48, acceptor0_ingress_my_mac_address__last_write_site=0, acceptor0_ingress_my_mac_address__next_write_site=0, acceptor0_ingress_my_mac_address__wrote_any=false, acceptor0_ingress_my_mac_address__wrote_index0=false, acceptor0_ingress_registerAcceptorID__last0_old_value=0bv16, acceptor0_ingress_registerAcceptorID__last0_value=0bv16, acceptor0_ingress_registerAcceptorID__last_index=0bv32, acceptor0_ingress_registerAcceptorID__last_old_value=0bv16, acceptor0_ingress_registerAcceptorID__last_value=0bv16, acceptor0_ingress_registerAcceptorID__last_write_site=0, acceptor0_ingress_registerAcceptorID__next_write_site=0, acceptor0_ingress_registerAcceptorID__wrote_any=false, acceptor0_ingress_registerAcceptorID__wrote_index0=false, acceptor0_ingress_registerRound__last0_old_value=0bv16, acceptor0_ingress_registerRound__last0_value=0bv16, acceptor0_ingress_registerRound__last_index=0bv32, acceptor0_ingress_registerRound__last_old_value=0bv16, acceptor0_ingress_registerRound__last_value=0bv16, acceptor0_ingress_registerRound__last_write_site=0, acceptor0_ingress_registerRound__next_write_site=0, acceptor0_ingress_registerRound__wrote_any=false, acceptor0_ingress_registerRound__wrote_index0=false, acceptor0_ingress_registerVRound__last0_old_value=0bv16, acceptor0_ingress_registerVRound__last0_value=0bv16, acceptor0_ingress_registerVRound__last_index=0bv32, acceptor0_ingress_registerVRound__last_old_value=0bv16, acceptor0_ingress_registerVRound__last_value=0bv16, acceptor0_ingress_registerVRound__last_write_site=0, acceptor0_ingress_registerVRound__next_write_site=0, acceptor0_ingress_registerVRound__wrote_any=false, acceptor0_ingress_registerVRound__wrote_index0=false, acceptor0_ingress_registerValue__last0_old_value=0bv256, acceptor0_ingress_registerValue__last0_value=0bv256, acceptor0_ingress_registerValue__last_index=0bv32, acceptor0_ingress_registerValue__last_old_value=0bv256, acceptor0_ingress_registerValue__last_value=0bv256, acceptor0_ingress_registerValue__last_write_site=0, acceptor0_ingress_registerValue__next_write_site=0, acceptor0_ingress_registerValue__wrote_any=false, acceptor0_ingress_registerValue__wrote_index0=false, acceptor0_p4b_clone_e2e=false, acceptor0_p4b_clone_i2e=false, acceptor0_p4b_clone_i2i=false, acceptor0_p4b_recirculate=false, acceptor0_pkt_external=false, acceptor1_inbox_count=0, acceptor1_ingress_learner_address__last0_old_value=0bv32, acceptor1_ingress_learner_address__last0_value=0bv32, acceptor1_ingress_learner_address__last_index=0bv32, acceptor1_ingress_learner_address__last_old_value=0bv32, acceptor1_ingress_learner_address__last_value=0bv32, acceptor1_ingress_learner_address__last_write_site=0, acceptor1_ingress_learner_address__next_write_site=0, acceptor1_ingress_learner_address__wrote_any=false, acceptor1_ingress_learner_address__wrote_index0=false, acceptor1_ingress_learner_mac_address__last0_old_value=0bv48, acceptor1_ingress_learner_mac_address__last0_value=0bv48, acceptor1_ingress_learner_mac_address__last_index=0bv32, acceptor1_ingress_learner_mac_address__last_old_value=0bv48, acceptor1_ingress_learner_mac_address__last_value=0bv48, acceptor1_ingress_learner_mac_address__last_write_site=0, acceptor1_ingress_learner_mac_address__next_write_site=0, acceptor1_ingress_learner_mac_address__wrote_any=false, acceptor1_ingress_learner_mac_address__wrote_index0=false, acceptor1_ingress_my_ip_address__last0_old_value=0bv32, acceptor1_ingress_my_ip_address__last0_value=0bv32, acceptor1_ingress_my_ip_address__last_index=0bv32, acceptor1_ingress_my_ip_address__last_old_value=0bv32, acceptor1_ingress_my_ip_address__last_value=0bv32, acceptor1_ingress_my_ip_address__last_write_site=0, acceptor1_ingress_my_ip_address__next_write_site=0, acceptor1_ingress_my_ip_address__wrote_any=false, acceptor1_ingress_my_ip_address__wrote_index0=false, acceptor1_ingress_my_mac_address__last0_old_value=0bv48, acceptor1_ingress_my_mac_address__last0_value=0bv48, acceptor1_ingress_my_mac_address__last_index=0bv32, acceptor1_ingress_my_mac_address__last_old_value=0bv48, acceptor1_ingress_my_mac_address__last_value=0bv48, acceptor1_ingress_my_mac_address__last_write_site=0, acceptor1_ingress_my_mac_address__next_write_site=0, acceptor1_ingress_my_mac_address__wrote_any=false, acceptor1_ingress_my_mac_address__wrote_index0=false, acceptor1_ingress_registerAcceptorID__last0_old_value=0bv16, acceptor1_ingress_registerAcceptorID__last0_value=0bv16, acceptor1_ingress_registerAcceptorID__last_index=0bv32, acceptor1_ingress_registerAcceptorID__last_old_value=0bv16, acceptor1_ingress_registerAcceptorID__last_value=0bv16, acceptor1_ingress_registerAcceptorID__last_write_site=0, acceptor1_ingress_registerAcceptorID__next_write_site=0, acceptor1_ingress_registerAcceptorID__wrote_any=false, acceptor1_ingress_registerAcceptorID__wrote_index0=false, acceptor1_ingress_registerRound__last0_old_value=0bv16, acceptor1_ingress_registerRound__last0_value=0bv16, acceptor1_ingress_registerRound__last_index=0bv32, acceptor1_ingress_registerRound__last_old_value=0bv16, acceptor1_ingress_registerRound__last_value=0bv16, acceptor1_ingress_registerRound__last_write_site=0, acceptor1_ingress_registerRound__next_write_site=0, acceptor1_ingress_registerRound__wrote_any=false, acceptor1_ingress_registerRound__wrote_index0=false, acceptor1_ingress_registerVRound__last0_old_value=0bv16, acceptor1_ingress_registerVRound__last0_value=0bv16, acceptor1_ingress_registerVRound__last_index=0bv32, acceptor1_ingress_registerVRound__last_old_value=0bv16, acceptor1_ingress_registerVRound__last_value=0bv16, acceptor1_ingress_registerVRound__last_write_site=0, acceptor1_ingress_registerVRound__next_write_site=0, acceptor1_ingress_registerVRound__wrote_any=false, acceptor1_ingress_registerVRound__wrote_index0=false, acceptor1_ingress_registerValue__last0_old_value=0bv256, acceptor1_ingress_registerValue__last0_value=0bv256, acceptor1_ingress_registerValue__last_index=0bv32, acceptor1_ingress_registerValue__last_old_value=0bv256, acceptor1_ingress_registerValue__last_value=0bv256, acceptor1_ingress_registerValue__last_write_site=0, acceptor1_ingress_registerValue__next_write_site=0, acceptor1_ingress_registerValue__wrote_any=false, acceptor1_ingress_registerValue__wrote_index0=false, acceptor1_p4b_clone_e2e=false, acceptor1_p4b_clone_i2e=false, acceptor1_p4b_clone_i2i=false, acceptor1_p4b_recirculate=false, acceptor1_pkt_external=false, acceptor2_inbox_count=0, acceptor2_ingress_learner_address__last0_old_value=0bv32, acceptor2_ingress_learner_address__last0_value=0bv32, acceptor2_ingress_learner_address__last_index=0bv32, acceptor2_ingress_learner_address__last_old_value=0bv32, acceptor2_ingress_learner_address__last_value=0bv32, acceptor2_ingress_learner_address__last_write_site=0, acceptor2_ingress_learner_address__next_write_site=0, acceptor2_ingress_learner_address__wrote_any=false, acceptor2_ingress_learner_address__wrote_index0=false, acceptor2_ingress_learner_mac_address__last0_old_value=0bv48, acceptor2_ingress_learner_mac_address__last0_value=0bv48, acceptor2_ingress_learner_mac_address__last_index=0bv32, acceptor2_ingress_learner_mac_address__last_old_value=0bv48, acceptor2_ingress_learner_mac_address__last_value=0bv48, acceptor2_ingress_learner_mac_address__last_write_site=0, acceptor2_ingress_learner_mac_address__next_write_site=0, acceptor2_ingress_learner_mac_address__wrote_any=false, acceptor2_ingress_learner_mac_address__wrote_index0=false, acceptor2_ingress_my_ip_address__last0_old_value=0bv32, acceptor2_ingress_my_ip_address__last0_value=0bv32, acceptor2_ingress_my_ip_address__last_index=0bv32, acceptor2_ingress_my_ip_address__last_old_value=0bv32, acceptor2_ingress_my_ip_address__last_value=0bv32, acceptor2_ingress_my_ip_address__last_write_site=0, acceptor2_ingress_my_ip_address__next_write_site=0, acceptor2_ingress_my_ip_address__wrote_any=false, acceptor2_ingress_my_ip_address__wrote_index0=false, acceptor2_ingress_my_mac_address__last0_old_value=0bv48, acceptor2_ingress_my_mac_address__last0_value=0bv48, acceptor2_ingress_my_mac_address__last_index=0bv32, acceptor2_ingress_my_mac_address__last_old_value=0bv48, acceptor2_ingress_my_mac_address__last_value=0bv48, acceptor2_ingress_my_mac_address__last_write_site=0, acceptor2_ingress_my_mac_address__next_write_site=0, acceptor2_ingress_my_mac_address__wrote_any=false, acceptor2_ingress_my_mac_address__wrote_index0=false, acceptor2_ingress_registerAcceptorID__last0_old_value=0bv16, acceptor2_ingress_registerAcceptorID__last0_value=0bv16, acceptor2_ingress_registerAcceptorID__last_index=0bv32, acceptor2_ingress_registerAcceptorID__last_old_value=0bv16, acceptor2_ingress_registerAcceptorID__last_value=0bv16, acceptor2_ingress_registerAcceptorID__last_write_site=0, acceptor2_ingress_registerAcceptorID__next_write_site=0, acceptor2_ingress_registerAcceptorID__wrote_any=false, acceptor2_ingress_registerAcceptorID__wrote_index0=false, acceptor2_ingress_registerRound__last0_old_value=0bv16, acceptor2_ingress_registerRound__last0_value=0bv16, acceptor2_ingress_registerRound__last_index=0bv32, acceptor2_ingress_registerRound__last_old_value=0bv16, acceptor2_ingress_registerRound__last_value=0bv16, acceptor2_ingress_registerRound__last_write_site=0, acceptor2_ingress_registerRound__next_write_site=0, acceptor2_ingress_registerRound__wrote_any=false, acceptor2_ingress_registerRound__wrote_index0=false, acceptor2_ingress_registerVRound__last0_old_value=0bv16, acceptor2_ingress_registerVRound__last0_value=0bv16, acceptor2_ingress_registerVRound__last_index=0bv32, acceptor2_ingress_registerVRound__last_old_value=0bv16, acceptor2_ingress_registerVRound__last_value=0bv16, acceptor2_ingress_registerVRound__last_write_site=0, acceptor2_ingress_registerVRound__next_write_site=0, acceptor2_ingress_registerVRound__wrote_any=false, acceptor2_ingress_registerVRound__wrote_index0=false, acceptor2_ingress_registerValue__last0_old_value=0bv256, acceptor2_ingress_registerValue__last0_value=0bv256, acceptor2_ingress_registerValue__last_index=0bv32, acceptor2_ingress_registerValue__last_old_value=0bv256, acceptor2_ingress_registerValue__last_value=0bv256, acceptor2_ingress_registerValue__last_write_site=0, acceptor2_ingress_registerValue__next_write_site=0, acceptor2_ingress_registerValue__wrote_any=false, acceptor2_ingress_registerValue__wrote_index0=false, acceptor2_p4b_clone_e2e=false, acceptor2_p4b_clone_i2e=false, acceptor2_p4b_clone_i2i=false, acceptor2_p4b_recirculate=false, acceptor2_pkt_external=false, leader_drop=true, leader_egress_place_holder_table.hit=false, leader_hdr.ethernet.etherType=0bv16, leader_inbox_count=0, leader_ingress_ctrlInstane__last0_old_value=0bv32, leader_ingress_ctrlInstane__last0_value=0bv32, leader_ingress_ctrlInstane__last_index=0bv32, leader_ingress_ctrlInstane__last_old_value=0bv32, leader_ingress_ctrlInstane__last_value=0bv32, leader_ingress_ctrlInstane__last_write_site=0, leader_ingress_ctrlInstane__next_write_site=0, leader_ingress_ctrlInstane__wrote_any=false, leader_ingress_ctrlInstane__wrote_index0=false, leader_p4b_checksum_error=false, leader_p4b_checksum_updated=false, leader_p4b_checksum_verified=false, leader_p4b_clone_e2e=false, leader_p4b_clone_i2e=false, leader_p4b_clone_i2i=false, leader_p4b_digest=false, leader_p4b_recirculate=false, leader_pkt_external=true, learner_inbox_count=0, learner_ingress_registerHistory2B__last0_old_value=0bv8, learner_ingress_registerHistory2B__last0_value=0bv8, learner_ingress_registerHistory2B__last_index=0bv32, learner_ingress_registerHistory2B__last_old_value=0bv8, learner_ingress_registerHistory2B__last_value=0bv8, learner_ingress_registerHistory2B__last_write_site=0, learner_ingress_registerHistory2B__next_write_site=0, learner_ingress_registerHistory2B__wrote_any=false, learner_ingress_registerHistory2B__wrote_index0=false, learner_ingress_registerRound__last0_old_value=0bv16, learner_ingress_registerRound__last0_value=0bv16, learner_ingress_registerRound__last_index=0bv32, learner_ingress_registerRound__last_old_value=0bv16, learner_ingress_registerRound__last_value=0bv16, learner_ingress_registerRound__last_write_site=0, learner_ingress_registerRound__next_write_site=0, learner_ingress_registerRound__wrote_any=false, learner_ingress_registerRound__wrote_index0=false, learner_ingress_registerValue__last0_old_value=0bv256, learner_ingress_registerValue__last0_value=0bv256, learner_ingress_registerValue__last_index=0bv32, learner_ingress_registerValue__last_old_value=0bv256, learner_ingress_registerValue__last_value=0bv256, learner_ingress_registerValue__last_write_site=0, learner_ingress_registerValue__next_write_site=0, learner_ingress_registerValue__wrote_any=false, learner_ingress_registerValue__wrote_index0=false, learner_p4b_clone_e2e=false, learner_p4b_clone_i2e=false, learner_p4b_clone_i2i=false, learner_p4b_recirculate=false, learner_pkt_external=false, procurator_step=1]
[L2903]  RET         call leader_computeChecksum();
[L2904]  COND TRUE   leader_forward == false
[L2905]              leader_drop := true;
         VAL         [acceptor0_inbox_count=0, acceptor0_ingress_learner_address__last0_old_value=0bv32, acceptor0_ingress_learner_address__last0_value=0bv32, acceptor0_ingress_learner_address__last_index=0bv32, acceptor0_ingress_learner_address__last_old_value=0bv32, acceptor0_ingress_learner_address__last_value=0bv32, acceptor0_ingress_learner_address__last_write_site=0, acceptor0_ingress_learner_address__next_write_site=0, acceptor0_ingress_learner_address__wrote_any=false, acceptor0_ingress_learner_address__wrote_index0=false, acceptor0_ingress_learner_mac_address__last0_old_value=0bv48, acceptor0_ingress_learner_mac_address__last0_value=0bv48, acceptor0_ingress_learner_mac_address__last_index=0bv32, acceptor0_ingress_learner_mac_address__last_old_value=0bv48, acceptor0_ingress_learner_mac_address__last_value=0bv48, acceptor0_ingress_learner_mac_address__last_write_site=0, acceptor0_ingress_learner_mac_address__next_write_site=0, acceptor0_ingress_learner_mac_address__wrote_any=false, acceptor0_ingress_learner_mac_address__wrote_index0=false, acceptor0_ingress_my_ip_address__last0_old_value=0bv32, acceptor0_ingress_my_ip_address__last0_value=0bv32, acceptor0_ingress_my_ip_address__last_index=0bv32, acceptor0_ingress_my_ip_address__last_old_value=0bv32, acceptor0_ingress_my_ip_address__last_value=0bv32, acceptor0_ingress_my_ip_address__last_write_site=0, acceptor0_ingress_my_ip_address__next_write_site=0, acceptor0_ingress_my_ip_address__wrote_any=false, acceptor0_ingress_my_ip_address__wrote_index0=false, acceptor0_ingress_my_mac_address__last0_old_value=0bv48, acceptor0_ingress_my_mac_address__last0_value=0bv48, acceptor0_ingress_my_mac_address__last_index=0bv32, acceptor0_ingress_my_mac_address__last_old_value=0bv48, acceptor0_ingress_my_mac_address__last_value=0bv48, acceptor0_ingress_my_mac_address__last_write_site=0, acceptor0_ingress_my_mac_address__next_write_site=0, acceptor0_ingress_my_mac_address__wrote_any=false, acceptor0_ingress_my_mac_address__wrote_index0=false, acceptor0_ingress_registerAcceptorID__last0_old_value=0bv16, acceptor0_ingress_registerAcceptorID__last0_value=0bv16, acceptor0_ingress_registerAcceptorID__last_index=0bv32, acceptor0_ingress_registerAcceptorID__last_old_value=0bv16, acceptor0_ingress_registerAcceptorID__last_value=0bv16, acceptor0_ingress_registerAcceptorID__last_write_site=0, acceptor0_ingress_registerAcceptorID__next_write_site=0, acceptor0_ingress_registerAcceptorID__wrote_any=false, acceptor0_ingress_registerAcceptorID__wrote_index0=false, acceptor0_ingress_registerRound__last0_old_value=0bv16, acceptor0_ingress_registerRound__last0_value=0bv16, acceptor0_ingress_registerRound__last_index=0bv32, acceptor0_ingress_registerRound__last_old_value=0bv16, acceptor0_ingress_registerRound__last_value=0bv16, acceptor0_ingress_registerRound__last_write_site=0, acceptor0_ingress_registerRound__next_write_site=0, acceptor0_ingress_registerRound__wrote_any=false, acceptor0_ingress_registerRound__wrote_index0=false, acceptor0_ingress_registerVRound__last0_old_value=0bv16, acceptor0_ingress_registerVRound__last0_value=0bv16, acceptor0_ingress_registerVRound__last_index=0bv32, acceptor0_ingress_registerVRound__last_old_value=0bv16, acceptor0_ingress_registerVRound__last_value=0bv16, acceptor0_ingress_registerVRound__last_write_site=0, acceptor0_ingress_registerVRound__next_write_site=0, acceptor0_ingress_registerVRound__wrote_any=false, acceptor0_ingress_registerVRound__wrote_index0=false, acceptor0_ingress_registerValue__last0_old_value=0bv256, acceptor0_ingress_registerValue__last0_value=0bv256, acceptor0_ingress_registerValue__last_index=0bv32, acceptor0_ingress_registerValue__last_old_value=0bv256, acceptor0_ingress_registerValue__last_value=0bv256, acceptor0_ingress_registerValue__last_write_site=0, acceptor0_ingress_registerValue__next_write_site=0, acceptor0_ingress_registerValue__wrote_any=false, acceptor0_ingress_registerValue__wrote_index0=false, acceptor0_p4b_clone_e2e=false, acceptor0_p4b_clone_i2e=false, acceptor0_p4b_clone_i2i=false, acceptor0_p4b_recirculate=false, acceptor0_pkt_external=false, acceptor1_inbox_count=0, acceptor1_ingress_learner_address__last0_old_value=0bv32, acceptor1_ingress_learner_address__last0_value=0bv32, acceptor1_ingress_learner_address__last_index=0bv32, acceptor1_ingress_learner_address__last_old_value=0bv32, acceptor1_ingress_learner_address__last_value=0bv32, acceptor1_ingress_learner_address__last_write_site=0, acceptor1_ingress_learner_address__next_write_site=0, acceptor1_ingress_learner_address__wrote_any=false, acceptor1_ingress_learner_address__wrote_index0=false, acceptor1_ingress_learner_mac_address__last0_old_value=0bv48, acceptor1_ingress_learner_mac_address__last0_value=0bv48, acceptor1_ingress_learner_mac_address__last_index=0bv32, acceptor1_ingress_learner_mac_address__last_old_value=0bv48, acceptor1_ingress_learner_mac_address__last_value=0bv48, acceptor1_ingress_learner_mac_address__last_write_site=0, acceptor1_ingress_learner_mac_address__next_write_site=0, acceptor1_ingress_learner_mac_address__wrote_any=false, acceptor1_ingress_learner_mac_address__wrote_index0=false, acceptor1_ingress_my_ip_address__last0_old_value=0bv32, acceptor1_ingress_my_ip_address__last0_value=0bv32, acceptor1_ingress_my_ip_address__last_index=0bv32, acceptor1_ingress_my_ip_address__last_old_value=0bv32, acceptor1_ingress_my_ip_address__last_value=0bv32, acceptor1_ingress_my_ip_address__last_write_site=0, acceptor1_ingress_my_ip_address__next_write_site=0, acceptor1_ingress_my_ip_address__wrote_any=false, acceptor1_ingress_my_ip_address__wrote_index0=false, acceptor1_ingress_my_mac_address__last0_old_value=0bv48, acceptor1_ingress_my_mac_address__last0_value=0bv48, acceptor1_ingress_my_mac_address__last_index=0bv32, acceptor1_ingress_my_mac_address__last_old_value=0bv48, acceptor1_ingress_my_mac_address__last_value=0bv48, acceptor1_ingress_my_mac_address__last_write_site=0, acceptor1_ingress_my_mac_address__next_write_site=0, acceptor1_ingress_my_mac_address__wrote_any=false, acceptor1_ingress_my_mac_address__wrote_index0=false, acceptor1_ingress_registerAcceptorID__last0_old_value=0bv16, acceptor1_ingress_registerAcceptorID__last0_value=0bv16, acceptor1_ingress_registerAcceptorID__last_index=0bv32, acceptor1_ingress_registerAcceptorID__last_old_value=0bv16, acceptor1_ingress_registerAcceptorID__last_value=0bv16, acceptor1_ingress_registerAcceptorID__last_write_site=0, acceptor1_ingress_registerAcceptorID__next_write_site=0, acceptor1_ingress_registerAcceptorID__wrote_any=false, acceptor1_ingress_registerAcceptorID__wrote_index0=false, acceptor1_ingress_registerRound__last0_old_value=0bv16, acceptor1_ingress_registerRound__last0_value=0bv16, acceptor1_ingress_registerRound__last_index=0bv32, acceptor1_ingress_registerRound__last_old_value=0bv16, acceptor1_ingress_registerRound__last_value=0bv16, acceptor1_ingress_registerRound__last_write_site=0, acceptor1_ingress_registerRound__next_write_site=0, acceptor1_ingress_registerRound__wrote_any=false, acceptor1_ingress_registerRound__wrote_index0=false, acceptor1_ingress_registerVRound__last0_old_value=0bv16, acceptor1_ingress_registerVRound__last0_value=0bv16, acceptor1_ingress_registerVRound__last_index=0bv32, acceptor1_ingress_registerVRound__last_old_value=0bv16, acceptor1_ingress_registerVRound__last_value=0bv16, acceptor1_ingress_registerVRound__last_write_site=0, acceptor1_ingress_registerVRound__next_write_site=0, acceptor1_ingress_registerVRound__wrote_any=false, acceptor1_ingress_registerVRound__wrote_index0=false, acceptor1_ingress_registerValue__last0_old_value=0bv256, acceptor1_ingress_registerValue__last0_value=0bv256, acceptor1_ingress_registerValue__last_index=0bv32, acceptor1_ingress_registerValue__last_old_value=0bv256, acceptor1_ingress_registerValue__last_value=0bv256, acceptor1_ingress_registerValue__last_write_site=0, acceptor1_ingress_registerValue__next_write_site=0, acceptor1_ingress_registerValue__wrote_any=false, acceptor1_ingress_registerValue__wrote_index0=false, acceptor1_p4b_clone_e2e=false, acceptor1_p4b_clone_i2e=false, acceptor1_p4b_clone_i2i=false, acceptor1_p4b_recirculate=false, acceptor1_pkt_external=false, acceptor2_inbox_count=0, acceptor2_ingress_learner_address__last0_old_value=0bv32, acceptor2_ingress_learner_address__last0_value=0bv32, acceptor2_ingress_learner_address__last_index=0bv32, acceptor2_ingress_learner_address__last_old_value=0bv32, acceptor2_ingress_learner_address__last_value=0bv32, acceptor2_ingress_learner_address__last_write_site=0, acceptor2_ingress_learner_address__next_write_site=0, acceptor2_ingress_learner_address__wrote_any=false, acceptor2_ingress_learner_address__wrote_index0=false, acceptor2_ingress_learner_mac_address__last0_old_value=0bv48, acceptor2_ingress_learner_mac_address__last0_value=0bv48, acceptor2_ingress_learner_mac_address__last_index=0bv32, acceptor2_ingress_learner_mac_address__last_old_value=0bv48, acceptor2_ingress_learner_mac_address__last_value=0bv48, acceptor2_ingress_learner_mac_address__last_write_site=0, acceptor2_ingress_learner_mac_address__next_write_site=0, acceptor2_ingress_learner_mac_address__wrote_any=false, acceptor2_ingress_learner_mac_address__wrote_index0=false, acceptor2_ingress_my_ip_address__last0_old_value=0bv32, acceptor2_ingress_my_ip_address__last0_value=0bv32, acceptor2_ingress_my_ip_address__last_index=0bv32, acceptor2_ingress_my_ip_address__last_old_value=0bv32, acceptor2_ingress_my_ip_address__last_value=0bv32, acceptor2_ingress_my_ip_address__last_write_site=0, acceptor2_ingress_my_ip_address__next_write_site=0, acceptor2_ingress_my_ip_address__wrote_any=false, acceptor2_ingress_my_ip_address__wrote_index0=false, acceptor2_ingress_my_mac_address__last0_old_value=0bv48, acceptor2_ingress_my_mac_address__last0_value=0bv48, acceptor2_ingress_my_mac_address__last_index=0bv32, acceptor2_ingress_my_mac_address__last_old_value=0bv48, acceptor2_ingress_my_mac_address__last_value=0bv48, acceptor2_ingress_my_mac_address__last_write_site=0, acceptor2_ingress_my_mac_address__next_write_site=0, acceptor2_ingress_my_mac_address__wrote_any=false, acceptor2_ingress_my_mac_address__wrote_index0=false, acceptor2_ingress_registerAcceptorID__last0_old_value=0bv16, acceptor2_ingress_registerAcceptorID__last0_value=0bv16, acceptor2_ingress_registerAcceptorID__last_index=0bv32, acceptor2_ingress_registerAcceptorID__last_old_value=0bv16, acceptor2_ingress_registerAcceptorID__last_value=0bv16, acceptor2_ingress_registerAcceptorID__last_write_site=0, acceptor2_ingress_registerAcceptorID__next_write_site=0, acceptor2_ingress_registerAcceptorID__wrote_any=false, acceptor2_ingress_registerAcceptorID__wrote_index0=false, acceptor2_ingress_registerRound__last0_old_value=0bv16, acceptor2_ingress_registerRound__last0_value=0bv16, acceptor2_ingress_registerRound__last_index=0bv32, acceptor2_ingress_registerRound__last_old_value=0bv16, acceptor2_ingress_registerRound__last_value=0bv16, acceptor2_ingress_registerRound__last_write_site=0, acceptor2_ingress_registerRound__next_write_site=0, acceptor2_ingress_registerRound__wrote_any=false, acceptor2_ingress_registerRound__wrote_index0=false, acceptor2_ingress_registerVRound__last0_old_value=0bv16, acceptor2_ingress_registerVRound__last0_value=0bv16, acceptor2_ingress_registerVRound__last_index=0bv32, acceptor2_ingress_registerVRound__last_old_value=0bv16, acceptor2_ingress_registerVRound__last_value=0bv16, acceptor2_ingress_registerVRound__last_write_site=0, acceptor2_ingress_registerVRound__next_write_site=0, acceptor2_ingress_registerVRound__wrote_any=false, acceptor2_ingress_registerVRound__wrote_index0=false, acceptor2_ingress_registerValue__last0_old_value=0bv256, acceptor2_ingress_registerValue__last0_value=0bv256, acceptor2_ingress_registerValue__last_index=0bv32, acceptor2_ingress_registerValue__last_old_value=0bv256, acceptor2_ingress_registerValue__last_value=0bv256, acceptor2_ingress_registerValue__last_write_site=0, acceptor2_ingress_registerValue__next_write_site=0, acceptor2_ingress_registerValue__wrote_any=false, acceptor2_ingress_registerValue__wrote_index0=false, acceptor2_p4b_clone_e2e=false, acceptor2_p4b_clone_i2e=false, acceptor2_p4b_clone_i2i=false, acceptor2_p4b_recirculate=false, acceptor2_pkt_external=false, leader_drop=true, leader_egress_place_holder_table.hit=false, leader_forward=false, leader_hdr.ethernet.etherType=0bv16, leader_inbox_count=0, leader_ingress_ctrlInstane__last0_old_value=0bv32, leader_ingress_ctrlInstane__last0_value=0bv32, leader_ingress_ctrlInstane__last_index=0bv32, leader_ingress_ctrlInstane__last_old_value=0bv32, leader_ingress_ctrlInstane__last_value=0bv32, leader_ingress_ctrlInstane__last_write_site=0, leader_ingress_ctrlInstane__next_write_site=0, leader_ingress_ctrlInstane__wrote_any=false, leader_ingress_ctrlInstane__wrote_index0=false, leader_p4b_checksum_error=false, leader_p4b_checksum_updated=false, leader_p4b_checksum_verified=false, leader_p4b_clone_e2e=false, leader_p4b_clone_i2e=false, leader_p4b_clone_i2i=false, leader_p4b_digest=false, leader_p4b_recirculate=false, leader_pkt_external=true, learner_inbox_count=0, learner_ingress_registerHistory2B__last0_old_value=0bv8, learner_ingress_registerHistory2B__last0_value=0bv8, learner_ingress_registerHistory2B__last_index=0bv32, learner_ingress_registerHistory2B__last_old_value=0bv8, learner_ingress_registerHistory2B__last_value=0bv8, learner_ingress_registerHistory2B__last_write_site=0, learner_ingress_registerHistory2B__next_write_site=0, learner_ingress_registerHistory2B__wrote_any=false, learner_ingress_registerHistory2B__wrote_index0=false, learner_ingress_registerRound__last0_old_value=0bv16, learner_ingress_registerRound__last0_value=0bv16, learner_ingress_registerRound__last_index=0bv32, learner_ingress_registerRound__last_old_value=0bv16, learner_ingress_registerRound__last_value=0bv16, learner_ingress_registerRound__last_write_site=0, learner_ingress_registerRound__next_write_site=0, learner_ingress_registerRound__wrote_any=false, learner_ingress_registerRound__wrote_index0=false, learner_ingress_registerValue__last0_old_value=0bv256, learner_ingress_registerValue__last0_value=0bv256, learner_ingress_registerValue__last_index=0bv32, learner_ingress_registerValue__last_old_value=0bv256, learner_ingress_registerValue__last_value=0bv256, learner_ingress_registerValue__last_write_site=0, learner_ingress_registerValue__next_write_site=0, learner_ingress_registerValue__wrote_any=false, learner_ingress_registerValue__wrote_index0=false, learner_p4b_clone_e2e=false, learner_p4b_clone_i2e=false, learner_p4b_clone_i2i=false, learner_p4b_recirculate=false, learner_pkt_external=false, procurator_step=1]
[L2919]  RET         call leader_main();
[L4097]  RET         call leader_mainProcedure();
[L4098]  COND FALSE  !(leader_p4b_clone_i2e)
         VAL         [acceptor0_inbox_count=0, acceptor0_ingress_learner_address__last0_old_value=0bv32, acceptor0_ingress_learner_address__last0_value=0bv32, acceptor0_ingress_learner_address__last_index=0bv32, acceptor0_ingress_learner_address__last_old_value=0bv32, acceptor0_ingress_learner_address__last_value=0bv32, acceptor0_ingress_learner_address__last_write_site=0, acceptor0_ingress_learner_address__next_write_site=0, acceptor0_ingress_learner_address__wrote_any=false, acceptor0_ingress_learner_address__wrote_index0=false, acceptor0_ingress_learner_mac_address__last0_old_value=0bv48, acceptor0_ingress_learner_mac_address__last0_value=0bv48, acceptor0_ingress_learner_mac_address__last_index=0bv32, acceptor0_ingress_learner_mac_address__last_old_value=0bv48, acceptor0_ingress_learner_mac_address__last_value=0bv48, acceptor0_ingress_learner_mac_address__last_write_site=0, acceptor0_ingress_learner_mac_address__next_write_site=0, acceptor0_ingress_learner_mac_address__wrote_any=false, acceptor0_ingress_learner_mac_address__wrote_index0=false, acceptor0_ingress_my_ip_address__last0_old_value=0bv32, acceptor0_ingress_my_ip_address__last0_value=0bv32, acceptor0_ingress_my_ip_address__last_index=0bv32, acceptor0_ingress_my_ip_address__last_old_value=0bv32, acceptor0_ingress_my_ip_address__last_value=0bv32, acceptor0_ingress_my_ip_address__last_write_site=0, acceptor0_ingress_my_ip_address__next_write_site=0, acceptor0_ingress_my_ip_address__wrote_any=false, acceptor0_ingress_my_ip_address__wrote_index0=false, acceptor0_ingress_my_mac_address__last0_old_value=0bv48, acceptor0_ingress_my_mac_address__last0_value=0bv48, acceptor0_ingress_my_mac_address__last_index=0bv32, acceptor0_ingress_my_mac_address__last_old_value=0bv48, acceptor0_ingress_my_mac_address__last_value=0bv48, acceptor0_ingress_my_mac_address__last_write_site=0, acceptor0_ingress_my_mac_address__next_write_site=0, acceptor0_ingress_my_mac_address__wrote_any=false, acceptor0_ingress_my_mac_address__wrote_index0=false, acceptor0_ingress_registerAcceptorID__last0_old_value=0bv16, acceptor0_ingress_registerAcceptorID__last0_value=0bv16, acceptor0_ingress_registerAcceptorID__last_index=0bv32, acceptor0_ingress_registerAcceptorID__last_old_value=0bv16, acceptor0_ingress_registerAcceptorID__last_value=0bv16, acceptor0_ingress_registerAcceptorID__last_write_site=0, acceptor0_ingress_registerAcceptorID__next_write_site=0, acceptor0_ingress_registerAcceptorID__wrote_any=false, acceptor0_ingress_registerAcceptorID__wrote_index0=false, acceptor0_ingress_registerRound__last0_old_value=0bv16, acceptor0_ingress_registerRound__last0_value=0bv16, acceptor0_ingress_registerRound__last_index=0bv32, acceptor0_ingress_registerRound__last_old_value=0bv16, acceptor0_ingress_registerRound__last_value=0bv16, acceptor0_ingress_registerRound__last_write_site=0, acceptor0_ingress_registerRound__next_write_site=0, acceptor0_ingress_registerRound__wrote_any=false, acceptor0_ingress_registerRound__wrote_index0=false, acceptor0_ingress_registerVRound__last0_old_value=0bv16, acceptor0_ingress_registerVRound__last0_value=0bv16, acceptor0_ingress_registerVRound__last_index=0bv32, acceptor0_ingress_registerVRound__last_old_value=0bv16, acceptor0_ingress_registerVRound__last_value=0bv16, acceptor0_ingress_registerVRound__last_write_site=0, acceptor0_ingress_registerVRound__next_write_site=0, acceptor0_ingress_registerVRound__wrote_any=false, acceptor0_ingress_registerVRound__wrote_index0=false, acceptor0_ingress_registerValue__last0_old_value=0bv256, acceptor0_ingress_registerValue__last0_value=0bv256, acceptor0_ingress_registerValue__last_index=0bv32, acceptor0_ingress_registerValue__last_old_value=0bv256, acceptor0_ingress_registerValue__last_value=0bv256, acceptor0_ingress_registerValue__last_write_site=0, acceptor0_ingress_registerValue__next_write_site=0, acceptor0_ingress_registerValue__wrote_any=false, acceptor0_ingress_registerValue__wrote_index0=false, acceptor0_p4b_clone_e2e=false, acceptor0_p4b_clone_i2e=false, acceptor0_p4b_clone_i2i=false, acceptor0_p4b_recirculate=false, acceptor0_pkt_external=false, acceptor1_inbox_count=0, acceptor1_ingress_learner_address__last0_old_value=0bv32, acceptor1_ingress_learner_address__last0_value=0bv32, acceptor1_ingress_learner_address__last_index=0bv32, acceptor1_ingress_learner_address__last_old_value=0bv32, acceptor1_ingress_learner_address__last_value=0bv32, acceptor1_ingress_learner_address__last_write_site=0, acceptor1_ingress_learner_address__next_write_site=0, acceptor1_ingress_learner_address__wrote_any=false, acceptor1_ingress_learner_address__wrote_index0=false, acceptor1_ingress_learner_mac_address__last0_old_value=0bv48, acceptor1_ingress_learner_mac_address__last0_value=0bv48, acceptor1_ingress_learner_mac_address__last_index=0bv32, acceptor1_ingress_learner_mac_address__last_old_value=0bv48, acceptor1_ingress_learner_mac_address__last_value=0bv48, acceptor1_ingress_learner_mac_address__last_write_site=0, acceptor1_ingress_learner_mac_address__next_write_site=0, acceptor1_ingress_learner_mac_address__wrote_any=false, acceptor1_ingress_learner_mac_address__wrote_index0=false, acceptor1_ingress_my_ip_address__last0_old_value=0bv32, acceptor1_ingress_my_ip_address__last0_value=0bv32, acceptor1_ingress_my_ip_address__last_index=0bv32, acceptor1_ingress_my_ip_address__last_old_value=0bv32, acceptor1_ingress_my_ip_address__last_value=0bv32, acceptor1_ingress_my_ip_address__last_write_site=0, acceptor1_ingress_my_ip_address__next_write_site=0, acceptor1_ingress_my_ip_address__wrote_any=false, acceptor1_ingress_my_ip_address__wrote_index0=false, acceptor1_ingress_my_mac_address__last0_old_value=0bv48, acceptor1_ingress_my_mac_address__last0_value=0bv48, acceptor1_ingress_my_mac_address__last_index=0bv32, acceptor1_ingress_my_mac_address__last_old_value=0bv48, acceptor1_ingress_my_mac_address__last_value=0bv48, acceptor1_ingress_my_mac_address__last_write_site=0, acceptor1_ingress_my_mac_address__next_write_site=0, acceptor1_ingress_my_mac_address__wrote_any=false, acceptor1_ingress_my_mac_address__wrote_index0=false, acceptor1_ingress_registerAcceptorID__last0_old_value=0bv16, acceptor1_ingress_registerAcceptorID__last0_value=0bv16, acceptor1_ingress_registerAcceptorID__last_index=0bv32, acceptor1_ingress_registerAcceptorID__last_old_value=0bv16, acceptor1_ingress_registerAcceptorID__last_value=0bv16, acceptor1_ingress_registerAcceptorID__last_write_site=0, acceptor1_ingress_registerAcceptorID__next_write_site=0, acceptor1_ingress_registerAcceptorID__wrote_any=false, acceptor1_ingress_registerAcceptorID__wrote_index0=false, acceptor1_ingress_registerRound__last0_old_value=0bv16, acceptor1_ingress_registerRound__last0_value=0bv16, acceptor1_ingress_registerRound__last_index=0bv32, acceptor1_ingress_registerRound__last_old_value=0bv16, acceptor1_ingress_registerRound__last_value=0bv16, acceptor1_ingress_registerRound__last_write_site=0, acceptor1_ingress_registerRound__next_write_site=0, acceptor1_ingress_registerRound__wrote_any=false, acceptor1_ingress_registerRound__wrote_index0=false, acceptor1_ingress_registerVRound__last0_old_value=0bv16, acceptor1_ingress_registerVRound__last0_value=0bv16, acceptor1_ingress_registerVRound__last_index=0bv32, acceptor1_ingress_registerVRound__last_old_value=0bv16, acceptor1_ingress_registerVRound__last_value=0bv16, acceptor1_ingress_registerVRound__last_write_site=0, acceptor1_ingress_registerVRound__next_write_site=0, acceptor1_ingress_registerVRound__wrote_any=false, acceptor1_ingress_registerVRound__wrote_index0=false, acceptor1_ingress_registerValue__last0_old_value=0bv256, acceptor1_ingress_registerValue__last0_value=0bv256, acceptor1_ingress_registerValue__last_index=0bv32, acceptor1_ingress_registerValue__last_old_value=0bv256, acceptor1_ingress_registerValue__last_value=0bv256, acceptor1_ingress_registerValue__last_write_site=0, acceptor1_ingress_registerValue__next_write_site=0, acceptor1_ingress_registerValue__wrote_any=false, acceptor1_ingress_registerValue__wrote_index0=false, acceptor1_p4b_clone_e2e=false, acceptor1_p4b_clone_i2e=false, acceptor1_p4b_clone_i2i=false, acceptor1_p4b_recirculate=false, acceptor1_pkt_external=false, acceptor2_inbox_count=0, acceptor2_ingress_learner_address__last0_old_value=0bv32, acceptor2_ingress_learner_address__last0_value=0bv32, acceptor2_ingress_learner_address__last_index=0bv32, acceptor2_ingress_learner_address__last_old_value=0bv32, acceptor2_ingress_learner_address__last_value=0bv32, acceptor2_ingress_learner_address__last_write_site=0, acceptor2_ingress_learner_address__next_write_site=0, acceptor2_ingress_learner_address__wrote_any=false, acceptor2_ingress_learner_address__wrote_index0=false, acceptor2_ingress_learner_mac_address__last0_old_value=0bv48, acceptor2_ingress_learner_mac_address__last0_value=0bv48, acceptor2_ingress_learner_mac_address__last_index=0bv32, acceptor2_ingress_learner_mac_address__last_old_value=0bv48, acceptor2_ingress_learner_mac_address__last_value=0bv48, acceptor2_ingress_learner_mac_address__last_write_site=0, acceptor2_ingress_learner_mac_address__next_write_site=0, acceptor2_ingress_learner_mac_address__wrote_any=false, acceptor2_ingress_learner_mac_address__wrote_index0=false, acceptor2_ingress_my_ip_address__last0_old_value=0bv32, acceptor2_ingress_my_ip_address__last0_value=0bv32, acceptor2_ingress_my_ip_address__last_index=0bv32, acceptor2_ingress_my_ip_address__last_old_value=0bv32, acceptor2_ingress_my_ip_address__last_value=0bv32, acceptor2_ingress_my_ip_address__last_write_site=0, acceptor2_ingress_my_ip_address__next_write_site=0, acceptor2_ingress_my_ip_address__wrote_any=false, acceptor2_ingress_my_ip_address__wrote_index0=false, acceptor2_ingress_my_mac_address__last0_old_value=0bv48, acceptor2_ingress_my_mac_address__last0_value=0bv48, acceptor2_ingress_my_mac_address__last_index=0bv32, acceptor2_ingress_my_mac_address__last_old_value=0bv48, acceptor2_ingress_my_mac_address__last_value=0bv48, acceptor2_ingress_my_mac_address__last_write_site=0, acceptor2_ingress_my_mac_address__next_write_site=0, acceptor2_ingress_my_mac_address__wrote_any=false, acceptor2_ingress_my_mac_address__wrote_index0=false, acceptor2_ingress_registerAcceptorID__last0_old_value=0bv16, acceptor2_ingress_registerAcceptorID__last0_value=0bv16, acceptor2_ingress_registerAcceptorID__last_index=0bv32, acceptor2_ingress_registerAcceptorID__last_old_value=0bv16, acceptor2_ingress_registerAcceptorID__last_value=0bv16, acceptor2_ingress_registerAcceptorID__last_write_site=0, acceptor2_ingress_registerAcceptorID__next_write_site=0, acceptor2_ingress_registerAcceptorID__wrote_any=false, acceptor2_ingress_registerAcceptorID__wrote_index0=false, acceptor2_ingress_registerRound__last0_old_value=0bv16, acceptor2_ingress_registerRound__last0_value=0bv16, acceptor2_ingress_registerRound__last_index=0bv32, acceptor2_ingress_registerRound__last_old_value=0bv16, acceptor2_ingress_registerRound__last_value=0bv16, acceptor2_ingress_registerRound__last_write_site=0, acceptor2_ingress_registerRound__next_write_site=0, acceptor2_ingress_registerRound__wrote_any=false, acceptor2_ingress_registerRound__wrote_index0=false, acceptor2_ingress_registerVRound__last0_old_value=0bv16, acceptor2_ingress_registerVRound__last0_value=0bv16, acceptor2_ingress_registerVRound__last_index=0bv32, acceptor2_ingress_registerVRound__last_old_value=0bv16, acceptor2_ingress_registerVRound__last_value=0bv16, acceptor2_ingress_registerVRound__last_write_site=0, acceptor2_ingress_registerVRound__next_write_site=0, acceptor2_ingress_registerVRound__wrote_any=false, acceptor2_ingress_registerVRound__wrote_index0=false, acceptor2_ingress_registerValue__last0_old_value=0bv256, acceptor2_ingress_registerValue__last0_value=0bv256, acceptor2_ingress_registerValue__last_index=0bv32, acceptor2_ingress_registerValue__last_old_value=0bv256, acceptor2_ingress_registerValue__last_value=0bv256, acceptor2_ingress_registerValue__last_write_site=0, acceptor2_ingress_registerValue__next_write_site=0, acceptor2_ingress_registerValue__wrote_any=false, acceptor2_ingress_registerValue__wrote_index0=false, acceptor2_p4b_clone_e2e=false, acceptor2_p4b_clone_i2e=false, acceptor2_p4b_clone_i2i=false, acceptor2_p4b_recirculate=false, acceptor2_pkt_external=false, leader_drop=true, leader_egress_place_holder_table.hit=false, leader_forward=false, leader_hdr.ethernet.etherType=0bv16, leader_inbox_count=0, leader_ingress_ctrlInstane__last0_old_value=0bv32, leader_ingress_ctrlInstane__last0_value=0bv32, leader_ingress_ctrlInstane__last_index=0bv32, leader_ingress_ctrlInstane__last_old_value=0bv32, leader_ingress_ctrlInstane__last_value=0bv32, leader_ingress_ctrlInstane__last_write_site=0, leader_ingress_ctrlInstane__next_write_site=0, leader_ingress_ctrlInstane__wrote_any=false, leader_ingress_ctrlInstane__wrote_index0=false, leader_p4b_checksum_error=false, leader_p4b_checksum_updated=false, leader_p4b_checksum_verified=false, leader_p4b_clone_e2e=false, leader_p4b_clone_i2e=false, leader_p4b_clone_i2i=false, leader_p4b_digest=false, leader_p4b_recirculate=false, leader_pkt_external=true, learner_inbox_count=0, learner_ingress_registerHistory2B__last0_old_value=0bv8, learner_ingress_registerHistory2B__last0_value=0bv8, learner_ingress_registerHistory2B__last_index=0bv32, learner_ingress_registerHistory2B__last_old_value=0bv8, learner_ingress_registerHistory2B__last_value=0bv8, learner_ingress_registerHistory2B__last_write_site=0, learner_ingress_registerHistory2B__next_write_site=0, learner_ingress_registerHistory2B__wrote_any=false, learner_ingress_registerHistory2B__wrote_index0=false, learner_ingress_registerRound__last0_old_value=0bv16, learner_ingress_registerRound__last0_value=0bv16, learner_ingress_registerRound__last_index=0bv32, learner_ingress_registerRound__last_old_value=0bv16, learner_ingress_registerRound__last_value=0bv16, learner_ingress_registerRound__last_write_site=0, learner_ingress_registerRound__next_write_site=0, learner_ingress_registerRound__wrote_any=false, learner_ingress_registerRound__wrote_index0=false, learner_ingress_registerValue__last0_old_value=0bv256, learner_ingress_registerValue__last0_value=0bv256, learner_ingress_registerValue__last_index=0bv32, learner_ingress_registerValue__last_old_value=0bv256, learner_ingress_registerValue__last_value=0bv256, learner_ingress_registerValue__last_write_site=0, learner_ingress_registerValue__next_write_site=0, learner_ingress_registerValue__wrote_any=false, learner_ingress_registerValue__wrote_index0=false, learner_p4b_clone_e2e=false, learner_p4b_clone_i2e=false, learner_p4b_clone_i2i=false, learner_p4b_recirculate=false, learner_pkt_external=false, procurator_step=1]
[L4103]              leader_p4b_clone_i2e := false;
         VAL         [acceptor0_inbox_count=0, acceptor0_ingress_learner_address__last0_old_value=0bv32, acceptor0_ingress_learner_address__last0_value=0bv32, acceptor0_ingress_learner_address__last_index=0bv32, acceptor0_ingress_learner_address__last_old_value=0bv32, acceptor0_ingress_learner_address__last_value=0bv32, acceptor0_ingress_learner_address__last_write_site=0, acceptor0_ingress_learner_address__next_write_site=0, acceptor0_ingress_learner_address__wrote_any=false, acceptor0_ingress_learner_address__wrote_index0=false, acceptor0_ingress_learner_mac_address__last0_old_value=0bv48, acceptor0_ingress_learner_mac_address__last0_value=0bv48, acceptor0_ingress_learner_mac_address__last_index=0bv32, acceptor0_ingress_learner_mac_address__last_old_value=0bv48, acceptor0_ingress_learner_mac_address__last_value=0bv48, acceptor0_ingress_learner_mac_address__last_write_site=0, acceptor0_ingress_learner_mac_address__next_write_site=0, acceptor0_ingress_learner_mac_address__wrote_any=false, acceptor0_ingress_learner_mac_address__wrote_index0=false, acceptor0_ingress_my_ip_address__last0_old_value=0bv32, acceptor0_ingress_my_ip_address__last0_value=0bv32, acceptor0_ingress_my_ip_address__last_index=0bv32, acceptor0_ingress_my_ip_address__last_old_value=0bv32, acceptor0_ingress_my_ip_address__last_value=0bv32, acceptor0_ingress_my_ip_address__last_write_site=0, acceptor0_ingress_my_ip_address__next_write_site=0, acceptor0_ingress_my_ip_address__wrote_any=false, acceptor0_ingress_my_ip_address__wrote_index0=false, acceptor0_ingress_my_mac_address__last0_old_value=0bv48, acceptor0_ingress_my_mac_address__last0_value=0bv48, acceptor0_ingress_my_mac_address__last_index=0bv32, acceptor0_ingress_my_mac_address__last_old_value=0bv48, acceptor0_ingress_my_mac_address__last_value=0bv48, acceptor0_ingress_my_mac_address__last_write_site=0, acceptor0_ingress_my_mac_address__next_write_site=0, acceptor0_ingress_my_mac_address__wrote_any=false, acceptor0_ingress_my_mac_address__wrote_index0=false, acceptor0_ingress_registerAcceptorID__last0_old_value=0bv16, acceptor0_ingress_registerAcceptorID__last0_value=0bv16, acceptor0_ingress_registerAcceptorID__last_index=0bv32, acceptor0_ingress_registerAcceptorID__last_old_value=0bv16, acceptor0_ingress_registerAcceptorID__last_value=0bv16, acceptor0_ingress_registerAcceptorID__last_write_site=0, acceptor0_ingress_registerAcceptorID__next_write_site=0, acceptor0_ingress_registerAcceptorID__wrote_any=false, acceptor0_ingress_registerAcceptorID__wrote_index0=false, acceptor0_ingress_registerRound__last0_old_value=0bv16, acceptor0_ingress_registerRound__last0_value=0bv16, acceptor0_ingress_registerRound__last_index=0bv32, acceptor0_ingress_registerRound__last_old_value=0bv16, acceptor0_ingress_registerRound__last_value=0bv16, acceptor0_ingress_registerRound__last_write_site=0, acceptor0_ingress_registerRound__next_write_site=0, acceptor0_ingress_registerRound__wrote_any=false, acceptor0_ingress_registerRound__wrote_index0=false, acceptor0_ingress_registerVRound__last0_old_value=0bv16, acceptor0_ingress_registerVRound__last0_value=0bv16, acceptor0_ingress_registerVRound__last_index=0bv32, acceptor0_ingress_registerVRound__last_old_value=0bv16, acceptor0_ingress_registerVRound__last_value=0bv16, acceptor0_ingress_registerVRound__last_write_site=0, acceptor0_ingress_registerVRound__next_write_site=0, acceptor0_ingress_registerVRound__wrote_any=false, acceptor0_ingress_registerVRound__wrote_index0=false, acceptor0_ingress_registerValue__last0_old_value=0bv256, acceptor0_ingress_registerValue__last0_value=0bv256, acceptor0_ingress_registerValue__last_index=0bv32, acceptor0_ingress_registerValue__last_old_value=0bv256, acceptor0_ingress_registerValue__last_value=0bv256, acceptor0_ingress_registerValue__last_write_site=0, acceptor0_ingress_registerValue__next_write_site=0, acceptor0_ingress_registerValue__wrote_any=false, acceptor0_ingress_registerValue__wrote_index0=false, acceptor0_p4b_clone_e2e=false, acceptor0_p4b_clone_i2e=false, acceptor0_p4b_clone_i2i=false, acceptor0_p4b_recirculate=false, acceptor0_pkt_external=false, acceptor1_inbox_count=0, acceptor1_ingress_learner_address__last0_old_value=0bv32, acceptor1_ingress_learner_address__last0_value=0bv32, acceptor1_ingress_learner_address__last_index=0bv32, acceptor1_ingress_learner_address__last_old_value=0bv32, acceptor1_ingress_learner_address__last_value=0bv32, acceptor1_ingress_learner_address__last_write_site=0, acceptor1_ingress_learner_address__next_write_site=0, acceptor1_ingress_learner_address__wrote_any=false, acceptor1_ingress_learner_address__wrote_index0=false, acceptor1_ingress_learner_mac_address__last0_old_value=0bv48, acceptor1_ingress_learner_mac_address__last0_value=0bv48, acceptor1_ingress_learner_mac_address__last_index=0bv32, acceptor1_ingress_learner_mac_address__last_old_value=0bv48, acceptor1_ingress_learner_mac_address__last_value=0bv48, acceptor1_ingress_learner_mac_address__last_write_site=0, acceptor1_ingress_learner_mac_address__next_write_site=0, acceptor1_ingress_learner_mac_address__wrote_any=false, acceptor1_ingress_learner_mac_address__wrote_index0=false, acceptor1_ingress_my_ip_address__last0_old_value=0bv32, acceptor1_ingress_my_ip_address__last0_value=0bv32, acceptor1_ingress_my_ip_address__last_index=0bv32, acceptor1_ingress_my_ip_address__last_old_value=0bv32, acceptor1_ingress_my_ip_address__last_value=0bv32, acceptor1_ingress_my_ip_address__last_write_site=0, acceptor1_ingress_my_ip_address__next_write_site=0, acceptor1_ingress_my_ip_address__wrote_any=false, acceptor1_ingress_my_ip_address__wrote_index0=false, acceptor1_ingress_my_mac_address__last0_old_value=0bv48, acceptor1_ingress_my_mac_address__last0_value=0bv48, acceptor1_ingress_my_mac_address__last_index=0bv32, acceptor1_ingress_my_mac_address__last_old_value=0bv48, acceptor1_ingress_my_mac_address__last_value=0bv48, acceptor1_ingress_my_mac_address__last_write_site=0, acceptor1_ingress_my_mac_address__next_write_site=0, acceptor1_ingress_my_mac_address__wrote_any=false, acceptor1_ingress_my_mac_address__wrote_index0=false, acceptor1_ingress_registerAcceptorID__last0_old_value=0bv16, acceptor1_ingress_registerAcceptorID__last0_value=0bv16, acceptor1_ingress_registerAcceptorID__last_index=0bv32, acceptor1_ingress_registerAcceptorID__last_old_value=0bv16, acceptor1_ingress_registerAcceptorID__last_value=0bv16, acceptor1_ingress_registerAcceptorID__last_write_site=0, acceptor1_ingress_registerAcceptorID__next_write_site=0, acceptor1_ingress_registerAcceptorID__wrote_any=false, acceptor1_ingress_registerAcceptorID__wrote_index0=false, acceptor1_ingress_registerRound__last0_old_value=0bv16, acceptor1_ingress_registerRound__last0_value=0bv16, acceptor1_ingress_registerRound__last_index=0bv32, acceptor1_ingress_registerRound__last_old_value=0bv16, acceptor1_ingress_registerRound__last_value=0bv16, acceptor1_ingress_registerRound__last_write_site=0, acceptor1_ingress_registerRound__next_write_site=0, acceptor1_ingress_registerRound__wrote_any=false, acceptor1_ingress_registerRound__wrote_index0=false, acceptor1_ingress_registerVRound__last0_old_value=0bv16, acceptor1_ingress_registerVRound__last0_value=0bv16, acceptor1_ingress_registerVRound__last_index=0bv32, acceptor1_ingress_registerVRound__last_old_value=0bv16, acceptor1_ingress_registerVRound__last_value=0bv16, acceptor1_ingress_registerVRound__last_write_site=0, acceptor1_ingress_registerVRound__next_write_site=0, acceptor1_ingress_registerVRound__wrote_any=false, acceptor1_ingress_registerVRound__wrote_index0=false, acceptor1_ingress_registerValue__last0_old_value=0bv256, acceptor1_ingress_registerValue__last0_value=0bv256, acceptor1_ingress_registerValue__last_index=0bv32, acceptor1_ingress_registerValue__last_old_value=0bv256, acceptor1_ingress_registerValue__last_value=0bv256, acceptor1_ingress_registerValue__last_write_site=0, acceptor1_ingress_registerValue__next_write_site=0, acceptor1_ingress_registerValue__wrote_any=false, acceptor1_ingress_registerValue__wrote_index0=false, acceptor1_p4b_clone_e2e=false, acceptor1_p4b_clone_i2e=false, acceptor1_p4b_clone_i2i=false, acceptor1_p4b_recirculate=false, acceptor1_pkt_external=false, acceptor2_inbox_count=0, acceptor2_ingress_learner_address__last0_old_value=0bv32, acceptor2_ingress_learner_address__last0_value=0bv32, acceptor2_ingress_learner_address__last_index=0bv32, acceptor2_ingress_learner_address__last_old_value=0bv32, acceptor2_ingress_learner_address__last_value=0bv32, acceptor2_ingress_learner_address__last_write_site=0, acceptor2_ingress_learner_address__next_write_site=0, acceptor2_ingress_learner_address__wrote_any=false, acceptor2_ingress_learner_address__wrote_index0=false, acceptor2_ingress_learner_mac_address__last0_old_value=0bv48, acceptor2_ingress_learner_mac_address__last0_value=0bv48, acceptor2_ingress_learner_mac_address__last_index=0bv32, acceptor2_ingress_learner_mac_address__last_old_value=0bv48, acceptor2_ingress_learner_mac_address__last_value=0bv48, acceptor2_ingress_learner_mac_address__last_write_site=0, acceptor2_ingress_learner_mac_address__next_write_site=0, acceptor2_ingress_learner_mac_address__wrote_any=false, acceptor2_ingress_learner_mac_address__wrote_index0=false, acceptor2_ingress_my_ip_address__last0_old_value=0bv32, acceptor2_ingress_my_ip_address__last0_value=0bv32, acceptor2_ingress_my_ip_address__last_index=0bv32, acceptor2_ingress_my_ip_address__last_old_value=0bv32, acceptor2_ingress_my_ip_address__last_value=0bv32, acceptor2_ingress_my_ip_address__last_write_site=0, acceptor2_ingress_my_ip_address__next_write_site=0, acceptor2_ingress_my_ip_address__wrote_any=false, acceptor2_ingress_my_ip_address__wrote_index0=false, acceptor2_ingress_my_mac_address__last0_old_value=0bv48, acceptor2_ingress_my_mac_address__last0_value=0bv48, acceptor2_ingress_my_mac_address__last_index=0bv32, acceptor2_ingress_my_mac_address__last_old_value=0bv48, acceptor2_ingress_my_mac_address__last_value=0bv48, acceptor2_ingress_my_mac_address__last_write_site=0, acceptor2_ingress_my_mac_address__next_write_site=0, acceptor2_ingress_my_mac_address__wrote_any=false, acceptor2_ingress_my_mac_address__wrote_index0=false, acceptor2_ingress_registerAcceptorID__last0_old_value=0bv16, acceptor2_ingress_registerAcceptorID__last0_value=0bv16, acceptor2_ingress_registerAcceptorID__last_index=0bv32, acceptor2_ingress_registerAcceptorID__last_old_value=0bv16, acceptor2_ingress_registerAcceptorID__last_value=0bv16, acceptor2_ingress_registerAcceptorID__last_write_site=0, acceptor2_ingress_registerAcceptorID__next_write_site=0, acceptor2_ingress_registerAcceptorID__wrote_any=false, acceptor2_ingress_registerAcceptorID__wrote_index0=false, acceptor2_ingress_registerRound__last0_old_value=0bv16, acceptor2_ingress_registerRound__last0_value=0bv16, acceptor2_ingress_registerRound__last_index=0bv32, acceptor2_ingress_registerRound__last_old_value=0bv16, acceptor2_ingress_registerRound__last_value=0bv16, acceptor2_ingress_registerRound__last_write_site=0, acceptor2_ingress_registerRound__next_write_site=0, acceptor2_ingress_registerRound__wrote_any=false, acceptor2_ingress_registerRound__wrote_index0=false, acceptor2_ingress_registerVRound__last0_old_value=0bv16, acceptor2_ingress_registerVRound__last0_value=0bv16, acceptor2_ingress_registerVRound__last_index=0bv32, acceptor2_ingress_registerVRound__last_old_value=0bv16, acceptor2_ingress_registerVRound__last_value=0bv16, acceptor2_ingress_registerVRound__last_write_site=0, acceptor2_ingress_registerVRound__next_write_site=0, acceptor2_ingress_registerVRound__wrote_any=false, acceptor2_ingress_registerVRound__wrote_index0=false, acceptor2_ingress_registerValue__last0_old_value=0bv256, acceptor2_ingress_registerValue__last0_value=0bv256, acceptor2_ingress_registerValue__last_index=0bv32, acceptor2_ingress_registerValue__last_old_value=0bv256, acceptor2_ingress_registerValue__last_value=0bv256, acceptor2_ingress_registerValue__last_write_site=0, acceptor2_ingress_registerValue__next_write_site=0, acceptor2_ingress_registerValue__wrote_any=false, acceptor2_ingress_registerValue__wrote_index0=false, acceptor2_p4b_clone_e2e=false, acceptor2_p4b_clone_i2e=false, acceptor2_p4b_clone_i2i=false, acceptor2_p4b_recirculate=false, acceptor2_pkt_external=false, leader_drop=true, leader_egress_place_holder_table.hit=false, leader_forward=false, leader_hdr.ethernet.etherType=0bv16, leader_inbox_count=0, leader_ingress_ctrlInstane__last0_old_value=0bv32, leader_ingress_ctrlInstane__last0_value=0bv32, leader_ingress_ctrlInstane__last_index=0bv32, leader_ingress_ctrlInstane__last_old_value=0bv32, leader_ingress_ctrlInstane__last_value=0bv32, leader_ingress_ctrlInstane__last_write_site=0, leader_ingress_ctrlInstane__next_write_site=0, leader_ingress_ctrlInstane__wrote_any=false, leader_ingress_ctrlInstane__wrote_index0=false, leader_p4b_checksum_error=false, leader_p4b_checksum_updated=false, leader_p4b_checksum_verified=false, leader_p4b_clone_e2e=false, leader_p4b_clone_i2e=false, leader_p4b_clone_i2i=false, leader_p4b_digest=false, leader_p4b_recirculate=false, leader_pkt_external=true, learner_inbox_count=0, learner_ingress_registerHistory2B__last0_old_value=0bv8, learner_ingress_registerHistory2B__last0_value=0bv8, learner_ingress_registerHistory2B__last_index=0bv32, learner_ingress_registerHistory2B__last_old_value=0bv8, learner_ingress_registerHistory2B__last_value=0bv8, learner_ingress_registerHistory2B__last_write_site=0, learner_ingress_registerHistory2B__next_write_site=0, learner_ingress_registerHistory2B__wrote_any=false, learner_ingress_registerHistory2B__wrote_index0=false, learner_ingress_registerRound__last0_old_value=0bv16, learner_ingress_registerRound__last0_value=0bv16, learner_ingress_registerRound__last_index=0bv32, learner_ingress_registerRound__last_old_value=0bv16, learner_ingress_registerRound__last_value=0bv16, learner_ingress_registerRound__last_write_site=0, learner_ingress_registerRound__next_write_site=0, learner_ingress_registerRound__wrote_any=false, learner_ingress_registerRound__wrote_index0=false, learner_ingress_registerValue__last0_old_value=0bv256, learner_ingress_registerValue__last0_value=0bv256, learner_ingress_registerValue__last_index=0bv32, learner_ingress_registerValue__last_old_value=0bv256, learner_ingress_registerValue__last_value=0bv256, learner_ingress_registerValue__last_write_site=0, learner_ingress_registerValue__next_write_site=0, learner_ingress_registerValue__wrote_any=false, learner_ingress_registerValue__wrote_index0=false, learner_p4b_clone_e2e=false, learner_p4b_clone_i2e=false, learner_p4b_clone_i2i=false, learner_p4b_recirculate=false, learner_pkt_external=false, procurator_step=1]
[L4104]  COND FALSE  !(leader_p4b_clone_e2e)
         VAL         [acceptor0_inbox_count=0, acceptor0_ingress_learner_address__last0_old_value=0bv32, acceptor0_ingress_learner_address__last0_value=0bv32, acceptor0_ingress_learner_address__last_index=0bv32, acceptor0_ingress_learner_address__last_old_value=0bv32, acceptor0_ingress_learner_address__last_value=0bv32, acceptor0_ingress_learner_address__last_write_site=0, acceptor0_ingress_learner_address__next_write_site=0, acceptor0_ingress_learner_address__wrote_any=false, acceptor0_ingress_learner_address__wrote_index0=false, acceptor0_ingress_learner_mac_address__last0_old_value=0bv48, acceptor0_ingress_learner_mac_address__last0_value=0bv48, acceptor0_ingress_learner_mac_address__last_index=0bv32, acceptor0_ingress_learner_mac_address__last_old_value=0bv48, acceptor0_ingress_learner_mac_address__last_value=0bv48, acceptor0_ingress_learner_mac_address__last_write_site=0, acceptor0_ingress_learner_mac_address__next_write_site=0, acceptor0_ingress_learner_mac_address__wrote_any=false, acceptor0_ingress_learner_mac_address__wrote_index0=false, acceptor0_ingress_my_ip_address__last0_old_value=0bv32, acceptor0_ingress_my_ip_address__last0_value=0bv32, acceptor0_ingress_my_ip_address__last_index=0bv32, acceptor0_ingress_my_ip_address__last_old_value=0bv32, acceptor0_ingress_my_ip_address__last_value=0bv32, acceptor0_ingress_my_ip_address__last_write_site=0, acceptor0_ingress_my_ip_address__next_write_site=0, acceptor0_ingress_my_ip_address__wrote_any=false, acceptor0_ingress_my_ip_address__wrote_index0=false, acceptor0_ingress_my_mac_address__last0_old_value=0bv48, acceptor0_ingress_my_mac_address__last0_value=0bv48, acceptor0_ingress_my_mac_address__last_index=0bv32, acceptor0_ingress_my_mac_address__last_old_value=0bv48, acceptor0_ingress_my_mac_address__last_value=0bv48, acceptor0_ingress_my_mac_address__last_write_site=0, acceptor0_ingress_my_mac_address__next_write_site=0, acceptor0_ingress_my_mac_address__wrote_any=false, acceptor0_ingress_my_mac_address__wrote_index0=false, acceptor0_ingress_registerAcceptorID__last0_old_value=0bv16, acceptor0_ingress_registerAcceptorID__last0_value=0bv16, acceptor0_ingress_registerAcceptorID__last_index=0bv32, acceptor0_ingress_registerAcceptorID__last_old_value=0bv16, acceptor0_ingress_registerAcceptorID__last_value=0bv16, acceptor0_ingress_registerAcceptorID__last_write_site=0, acceptor0_ingress_registerAcceptorID__next_write_site=0, acceptor0_ingress_registerAcceptorID__wrote_any=false, acceptor0_ingress_registerAcceptorID__wrote_index0=false, acceptor0_ingress_registerRound__last0_old_value=0bv16, acceptor0_ingress_registerRound__last0_value=0bv16, acceptor0_ingress_registerRound__last_index=0bv32, acceptor0_ingress_registerRound__last_old_value=0bv16, acceptor0_ingress_registerRound__last_value=0bv16, acceptor0_ingress_registerRound__last_write_site=0, acceptor0_ingress_registerRound__next_write_site=0, acceptor0_ingress_registerRound__wrote_any=false, acceptor0_ingress_registerRound__wrote_index0=false, acceptor0_ingress_registerVRound__last0_old_value=0bv16, acceptor0_ingress_registerVRound__last0_value=0bv16, acceptor0_ingress_registerVRound__last_index=0bv32, acceptor0_ingress_registerVRound__last_old_value=0bv16, acceptor0_ingress_registerVRound__last_value=0bv16, acceptor0_ingress_registerVRound__last_write_site=0, acceptor0_ingress_registerVRound__next_write_site=0, acceptor0_ingress_registerVRound__wrote_any=false, acceptor0_ingress_registerVRound__wrote_index0=false, acceptor0_ingress_registerValue__last0_old_value=0bv256, acceptor0_ingress_registerValue__last0_value=0bv256, acceptor0_ingress_registerValue__last_index=0bv32, acceptor0_ingress_registerValue__last_old_value=0bv256, acceptor0_ingress_registerValue__last_value=0bv256, acceptor0_ingress_registerValue__last_write_site=0, acceptor0_ingress_registerValue__next_write_site=0, acceptor0_ingress_registerValue__wrote_any=false, acceptor0_ingress_registerValue__wrote_index0=false, acceptor0_p4b_clone_e2e=false, acceptor0_p4b_clone_i2e=false, acceptor0_p4b_clone_i2i=false, acceptor0_p4b_recirculate=false, acceptor0_pkt_external=false, acceptor1_inbox_count=0, acceptor1_ingress_learner_address__last0_old_value=0bv32, acceptor1_ingress_learner_address__last0_value=0bv32, acceptor1_ingress_learner_address__last_index=0bv32, acceptor1_ingress_learner_address__last_old_value=0bv32, acceptor1_ingress_learner_address__last_value=0bv32, acceptor1_ingress_learner_address__last_write_site=0, acceptor1_ingress_learner_address__next_write_site=0, acceptor1_ingress_learner_address__wrote_any=false, acceptor1_ingress_learner_address__wrote_index0=false, acceptor1_ingress_learner_mac_address__last0_old_value=0bv48, acceptor1_ingress_learner_mac_address__last0_value=0bv48, acceptor1_ingress_learner_mac_address__last_index=0bv32, acceptor1_ingress_learner_mac_address__last_old_value=0bv48, acceptor1_ingress_learner_mac_address__last_value=0bv48, acceptor1_ingress_learner_mac_address__last_write_site=0, acceptor1_ingress_learner_mac_address__next_write_site=0, acceptor1_ingress_learner_mac_address__wrote_any=false, acceptor1_ingress_learner_mac_address__wrote_index0=false, acceptor1_ingress_my_ip_address__last0_old_value=0bv32, acceptor1_ingress_my_ip_address__last0_value=0bv32, acceptor1_ingress_my_ip_address__last_index=0bv32, acceptor1_ingress_my_ip_address__last_old_value=0bv32, acceptor1_ingress_my_ip_address__last_value=0bv32, acceptor1_ingress_my_ip_address__last_write_site=0, acceptor1_ingress_my_ip_address__next_write_site=0, acceptor1_ingress_my_ip_address__wrote_any=false, acceptor1_ingress_my_ip_address__wrote_index0=false, acceptor1_ingress_my_mac_address__last0_old_value=0bv48, acceptor1_ingress_my_mac_address__last0_value=0bv48, acceptor1_ingress_my_mac_address__last_index=0bv32, acceptor1_ingress_my_mac_address__last_old_value=0bv48, acceptor1_ingress_my_mac_address__last_value=0bv48, acceptor1_ingress_my_mac_address__last_write_site=0, acceptor1_ingress_my_mac_address__next_write_site=0, acceptor1_ingress_my_mac_address__wrote_any=false, acceptor1_ingress_my_mac_address__wrote_index0=false, acceptor1_ingress_registerAcceptorID__last0_old_value=0bv16, acceptor1_ingress_registerAcceptorID__last0_value=0bv16, acceptor1_ingress_registerAcceptorID__last_index=0bv32, acceptor1_ingress_registerAcceptorID__last_old_value=0bv16, acceptor1_ingress_registerAcceptorID__last_value=0bv16, acceptor1_ingress_registerAcceptorID__last_write_site=0, acceptor1_ingress_registerAcceptorID__next_write_site=0, acceptor1_ingress_registerAcceptorID__wrote_any=false, acceptor1_ingress_registerAcceptorID__wrote_index0=false, acceptor1_ingress_registerRound__last0_old_value=0bv16, acceptor1_ingress_registerRound__last0_value=0bv16, acceptor1_ingress_registerRound__last_index=0bv32, acceptor1_ingress_registerRound__last_old_value=0bv16, acceptor1_ingress_registerRound__last_value=0bv16, acceptor1_ingress_registerRound__last_write_site=0, acceptor1_ingress_registerRound__next_write_site=0, acceptor1_ingress_registerRound__wrote_any=false, acceptor1_ingress_registerRound__wrote_index0=false, acceptor1_ingress_registerVRound__last0_old_value=0bv16, acceptor1_ingress_registerVRound__last0_value=0bv16, acceptor1_ingress_registerVRound__last_index=0bv32, acceptor1_ingress_registerVRound__last_old_value=0bv16, acceptor1_ingress_registerVRound__last_value=0bv16, acceptor1_ingress_registerVRound__last_write_site=0, acceptor1_ingress_registerVRound__next_write_site=0, acceptor1_ingress_registerVRound__wrote_any=false, acceptor1_ingress_registerVRound__wrote_index0=false, acceptor1_ingress_registerValue__last0_old_value=0bv256, acceptor1_ingress_registerValue__last0_value=0bv256, acceptor1_ingress_registerValue__last_index=0bv32, acceptor1_ingress_registerValue__last_old_value=0bv256, acceptor1_ingress_registerValue__last_value=0bv256, acceptor1_ingress_registerValue__last_write_site=0, acceptor1_ingress_registerValue__next_write_site=0, acceptor1_ingress_registerValue__wrote_any=false, acceptor1_ingress_registerValue__wrote_index0=false, acceptor1_p4b_clone_e2e=false, acceptor1_p4b_clone_i2e=false, acceptor1_p4b_clone_i2i=false, acceptor1_p4b_recirculate=false, acceptor1_pkt_external=false, acceptor2_inbox_count=0, acceptor2_ingress_learner_address__last0_old_value=0bv32, acceptor2_ingress_learner_address__last0_value=0bv32, acceptor2_ingress_learner_address__last_index=0bv32, acceptor2_ingress_learner_address__last_old_value=0bv32, acceptor2_ingress_learner_address__last_value=0bv32, acceptor2_ingress_learner_address__last_write_site=0, acceptor2_ingress_learner_address__next_write_site=0, acceptor2_ingress_learner_address__wrote_any=false, acceptor2_ingress_learner_address__wrote_index0=false, acceptor2_ingress_learner_mac_address__last0_old_value=0bv48, acceptor2_ingress_learner_mac_address__last0_value=0bv48, acceptor2_ingress_learner_mac_address__last_index=0bv32, acceptor2_ingress_learner_mac_address__last_old_value=0bv48, acceptor2_ingress_learner_mac_address__last_value=0bv48, acceptor2_ingress_learner_mac_address__last_write_site=0, acceptor2_ingress_learner_mac_address__next_write_site=0, acceptor2_ingress_learner_mac_address__wrote_any=false, acceptor2_ingress_learner_mac_address__wrote_index0=false, acceptor2_ingress_my_ip_address__last0_old_value=0bv32, acceptor2_ingress_my_ip_address__last0_value=0bv32, acceptor2_ingress_my_ip_address__last_index=0bv32, acceptor2_ingress_my_ip_address__last_old_value=0bv32, acceptor2_ingress_my_ip_address__last_value=0bv32, acceptor2_ingress_my_ip_address__last_write_site=0, acceptor2_ingress_my_ip_address__next_write_site=0, acceptor2_ingress_my_ip_address__wrote_any=false, acceptor2_ingress_my_ip_address__wrote_index0=false, acceptor2_ingress_my_mac_address__last0_old_value=0bv48, acceptor2_ingress_my_mac_address__last0_value=0bv48, acceptor2_ingress_my_mac_address__last_index=0bv32, acceptor2_ingress_my_mac_address__last_old_value=0bv48, acceptor2_ingress_my_mac_address__last_value=0bv48, acceptor2_ingress_my_mac_address__last_write_site=0, acceptor2_ingress_my_mac_address__next_write_site=0, acceptor2_ingress_my_mac_address__wrote_any=false, acceptor2_ingress_my_mac_address__wrote_index0=false, acceptor2_ingress_registerAcceptorID__last0_old_value=0bv16, acceptor2_ingress_registerAcceptorID__last0_value=0bv16, acceptor2_ingress_registerAcceptorID__last_index=0bv32, acceptor2_ingress_registerAcceptorID__last_old_value=0bv16, acceptor2_ingress_registerAcceptorID__last_value=0bv16, acceptor2_ingress_registerAcceptorID__last_write_site=0, acceptor2_ingress_registerAcceptorID__next_write_site=0, acceptor2_ingress_registerAcceptorID__wrote_any=false, acceptor2_ingress_registerAcceptorID__wrote_index0=false, acceptor2_ingress_registerRound__last0_old_value=0bv16, acceptor2_ingress_registerRound__last0_value=0bv16, acceptor2_ingress_registerRound__last_index=0bv32, acceptor2_ingress_registerRound__last_old_value=0bv16, acceptor2_ingress_registerRound__last_value=0bv16, acceptor2_ingress_registerRound__last_write_site=0, acceptor2_ingress_registerRound__next_write_site=0, acceptor2_ingress_registerRound__wrote_any=false, acceptor2_ingress_registerRound__wrote_index0=false, acceptor2_ingress_registerVRound__last0_old_value=0bv16, acceptor2_ingress_registerVRound__last0_value=0bv16, acceptor2_ingress_registerVRound__last_index=0bv32, acceptor2_ingress_registerVRound__last_old_value=0bv16, acceptor2_ingress_registerVRound__last_value=0bv16, acceptor2_ingress_registerVRound__last_write_site=0, acceptor2_ingress_registerVRound__next_write_site=0, acceptor2_ingress_registerVRound__wrote_any=false, acceptor2_ingress_registerVRound__wrote_index0=false, acceptor2_ingress_registerValue__last0_old_value=0bv256, acceptor2_ingress_registerValue__last0_value=0bv256, acceptor2_ingress_registerValue__last_index=0bv32, acceptor2_ingress_registerValue__last_old_value=0bv256, acceptor2_ingress_registerValue__last_value=0bv256, acceptor2_ingress_registerValue__last_write_site=0, acceptor2_ingress_registerValue__next_write_site=0, acceptor2_ingress_registerValue__wrote_any=false, acceptor2_ingress_registerValue__wrote_index0=false, acceptor2_p4b_clone_e2e=false, acceptor2_p4b_clone_i2e=false, acceptor2_p4b_clone_i2i=false, acceptor2_p4b_recirculate=false, acceptor2_pkt_external=false, leader_drop=true, leader_egress_place_holder_table.hit=false, leader_forward=false, leader_hdr.ethernet.etherType=0bv16, leader_inbox_count=0, leader_ingress_ctrlInstane__last0_old_value=0bv32, leader_ingress_ctrlInstane__last0_value=0bv32, leader_ingress_ctrlInstane__last_index=0bv32, leader_ingress_ctrlInstane__last_old_value=0bv32, leader_ingress_ctrlInstane__last_value=0bv32, leader_ingress_ctrlInstane__last_write_site=0, leader_ingress_ctrlInstane__next_write_site=0, leader_ingress_ctrlInstane__wrote_any=false, leader_ingress_ctrlInstane__wrote_index0=false, leader_p4b_checksum_error=false, leader_p4b_checksum_updated=false, leader_p4b_checksum_verified=false, leader_p4b_clone_e2e=false, leader_p4b_clone_i2e=false, leader_p4b_clone_i2i=false, leader_p4b_digest=false, leader_p4b_recirculate=false, leader_pkt_external=true, learner_inbox_count=0, learner_ingress_registerHistory2B__last0_old_value=0bv8, learner_ingress_registerHistory2B__last0_value=0bv8, learner_ingress_registerHistory2B__last_index=0bv32, learner_ingress_registerHistory2B__last_old_value=0bv8, learner_ingress_registerHistory2B__last_value=0bv8, learner_ingress_registerHistory2B__last_write_site=0, learner_ingress_registerHistory2B__next_write_site=0, learner_ingress_registerHistory2B__wrote_any=false, learner_ingress_registerHistory2B__wrote_index0=false, learner_ingress_registerRound__last0_old_value=0bv16, learner_ingress_registerRound__last0_value=0bv16, learner_ingress_registerRound__last_index=0bv32, learner_ingress_registerRound__last_old_value=0bv16, learner_ingress_registerRound__last_value=0bv16, learner_ingress_registerRound__last_write_site=0, learner_ingress_registerRound__next_write_site=0, learner_ingress_registerRound__wrote_any=false, learner_ingress_registerRound__wrote_index0=false, learner_ingress_registerValue__last0_old_value=0bv256, learner_ingress_registerValue__last0_value=0bv256, learner_ingress_registerValue__last_index=0bv32, learner_ingress_registerValue__last_old_value=0bv256, learner_ingress_registerValue__last_value=0bv256, learner_ingress_registerValue__last_write_site=0, learner_ingress_registerValue__next_write_site=0, learner_ingress_registerValue__wrote_any=false, learner_ingress_registerValue__wrote_index0=false, learner_p4b_clone_e2e=false, learner_p4b_clone_i2e=false, learner_p4b_clone_i2i=false, learner_p4b_recirculate=false, learner_pkt_external=false, procurator_step=1]
[L4109]              leader_p4b_clone_e2e := false;
         VAL         [acceptor0_inbox_count=0, acceptor0_ingress_learner_address__last0_old_value=0bv32, acceptor0_ingress_learner_address__last0_value=0bv32, acceptor0_ingress_learner_address__last_index=0bv32, acceptor0_ingress_learner_address__last_old_value=0bv32, acceptor0_ingress_learner_address__last_value=0bv32, acceptor0_ingress_learner_address__last_write_site=0, acceptor0_ingress_learner_address__next_write_site=0, acceptor0_ingress_learner_address__wrote_any=false, acceptor0_ingress_learner_address__wrote_index0=false, acceptor0_ingress_learner_mac_address__last0_old_value=0bv48, acceptor0_ingress_learner_mac_address__last0_value=0bv48, acceptor0_ingress_learner_mac_address__last_index=0bv32, acceptor0_ingress_learner_mac_address__last_old_value=0bv48, acceptor0_ingress_learner_mac_address__last_value=0bv48, acceptor0_ingress_learner_mac_address__last_write_site=0, acceptor0_ingress_learner_mac_address__next_write_site=0, acceptor0_ingress_learner_mac_address__wrote_any=false, acceptor0_ingress_learner_mac_address__wrote_index0=false, acceptor0_ingress_my_ip_address__last0_old_value=0bv32, acceptor0_ingress_my_ip_address__last0_value=0bv32, acceptor0_ingress_my_ip_address__last_index=0bv32, acceptor0_ingress_my_ip_address__last_old_value=0bv32, acceptor0_ingress_my_ip_address__last_value=0bv32, acceptor0_ingress_my_ip_address__last_write_site=0, acceptor0_ingress_my_ip_address__next_write_site=0, acceptor0_ingress_my_ip_address__wrote_any=false, acceptor0_ingress_my_ip_address__wrote_index0=false, acceptor0_ingress_my_mac_address__last0_old_value=0bv48, acceptor0_ingress_my_mac_address__last0_value=0bv48, acceptor0_ingress_my_mac_address__last_index=0bv32, acceptor0_ingress_my_mac_address__last_old_value=0bv48, acceptor0_ingress_my_mac_address__last_value=0bv48, acceptor0_ingress_my_mac_address__last_write_site=0, acceptor0_ingress_my_mac_address__next_write_site=0, acceptor0_ingress_my_mac_address__wrote_any=false, acceptor0_ingress_my_mac_address__wrote_index0=false, acceptor0_ingress_registerAcceptorID__last0_old_value=0bv16, acceptor0_ingress_registerAcceptorID__last0_value=0bv16, acceptor0_ingress_registerAcceptorID__last_index=0bv32, acceptor0_ingress_registerAcceptorID__last_old_value=0bv16, acceptor0_ingress_registerAcceptorID__last_value=0bv16, acceptor0_ingress_registerAcceptorID__last_write_site=0, acceptor0_ingress_registerAcceptorID__next_write_site=0, acceptor0_ingress_registerAcceptorID__wrote_any=false, acceptor0_ingress_registerAcceptorID__wrote_index0=false, acceptor0_ingress_registerRound__last0_old_value=0bv16, acceptor0_ingress_registerRound__last0_value=0bv16, acceptor0_ingress_registerRound__last_index=0bv32, acceptor0_ingress_registerRound__last_old_value=0bv16, acceptor0_ingress_registerRound__last_value=0bv16, acceptor0_ingress_registerRound__last_write_site=0, acceptor0_ingress_registerRound__next_write_site=0, acceptor0_ingress_registerRound__wrote_any=false, acceptor0_ingress_registerRound__wrote_index0=false, acceptor0_ingress_registerVRound__last0_old_value=0bv16, acceptor0_ingress_registerVRound__last0_value=0bv16, acceptor0_ingress_registerVRound__last_index=0bv32, acceptor0_ingress_registerVRound__last_old_value=0bv16, acceptor0_ingress_registerVRound__last_value=0bv16, acceptor0_ingress_registerVRound__last_write_site=0, acceptor0_ingress_registerVRound__next_write_site=0, acceptor0_ingress_registerVRound__wrote_any=false, acceptor0_ingress_registerVRound__wrote_index0=false, acceptor0_ingress_registerValue__last0_old_value=0bv256, acceptor0_ingress_registerValue__last0_value=0bv256, acceptor0_ingress_registerValue__last_index=0bv32, acceptor0_ingress_registerValue__last_old_value=0bv256, acceptor0_ingress_registerValue__last_value=0bv256, acceptor0_ingress_registerValue__last_write_site=0, acceptor0_ingress_registerValue__next_write_site=0, acceptor0_ingress_registerValue__wrote_any=false, acceptor0_ingress_registerValue__wrote_index0=false, acceptor0_p4b_clone_e2e=false, acceptor0_p4b_clone_i2e=false, acceptor0_p4b_clone_i2i=false, acceptor0_p4b_recirculate=false, acceptor0_pkt_external=false, acceptor1_inbox_count=0, acceptor1_ingress_learner_address__last0_old_value=0bv32, acceptor1_ingress_learner_address__last0_value=0bv32, acceptor1_ingress_learner_address__last_index=0bv32, acceptor1_ingress_learner_address__last_old_value=0bv32, acceptor1_ingress_learner_address__last_value=0bv32, acceptor1_ingress_learner_address__last_write_site=0, acceptor1_ingress_learner_address__next_write_site=0, acceptor1_ingress_learner_address__wrote_any=false, acceptor1_ingress_learner_address__wrote_index0=false, acceptor1_ingress_learner_mac_address__last0_old_value=0bv48, acceptor1_ingress_learner_mac_address__last0_value=0bv48, acceptor1_ingress_learner_mac_address__last_index=0bv32, acceptor1_ingress_learner_mac_address__last_old_value=0bv48, acceptor1_ingress_learner_mac_address__last_value=0bv48, acceptor1_ingress_learner_mac_address__last_write_site=0, acceptor1_ingress_learner_mac_address__next_write_site=0, acceptor1_ingress_learner_mac_address__wrote_any=false, acceptor1_ingress_learner_mac_address__wrote_index0=false, acceptor1_ingress_my_ip_address__last0_old_value=0bv32, acceptor1_ingress_my_ip_address__last0_value=0bv32, acceptor1_ingress_my_ip_address__last_index=0bv32, acceptor1_ingress_my_ip_address__last_old_value=0bv32, acceptor1_ingress_my_ip_address__last_value=0bv32, acceptor1_ingress_my_ip_address__last_write_site=0, acceptor1_ingress_my_ip_address__next_write_site=0, acceptor1_ingress_my_ip_address__wrote_any=false, acceptor1_ingress_my_ip_address__wrote_index0=false, acceptor1_ingress_my_mac_address__last0_old_value=0bv48, acceptor1_ingress_my_mac_address__last0_value=0bv48, acceptor1_ingress_my_mac_address__last_index=0bv32, acceptor1_ingress_my_mac_address__last_old_value=0bv48, acceptor1_ingress_my_mac_address__last_value=0bv48, acceptor1_ingress_my_mac_address__last_write_site=0, acceptor1_ingress_my_mac_address__next_write_site=0, acceptor1_ingress_my_mac_address__wrote_any=false, acceptor1_ingress_my_mac_address__wrote_index0=false, acceptor1_ingress_registerAcceptorID__last0_old_value=0bv16, acceptor1_ingress_registerAcceptorID__last0_value=0bv16, acceptor1_ingress_registerAcceptorID__last_index=0bv32, acceptor1_ingress_registerAcceptorID__last_old_value=0bv16, acceptor1_ingress_registerAcceptorID__last_value=0bv16, acceptor1_ingress_registerAcceptorID__last_write_site=0, acceptor1_ingress_registerAcceptorID__next_write_site=0, acceptor1_ingress_registerAcceptorID__wrote_any=false, acceptor1_ingress_registerAcceptorID__wrote_index0=false, acceptor1_ingress_registerRound__last0_old_value=0bv16, acceptor1_ingress_registerRound__last0_value=0bv16, acceptor1_ingress_registerRound__last_index=0bv32, acceptor1_ingress_registerRound__last_old_value=0bv16, acceptor1_ingress_registerRound__last_value=0bv16, acceptor1_ingress_registerRound__last_write_site=0, acceptor1_ingress_registerRound__next_write_site=0, acceptor1_ingress_registerRound__wrote_any=false, acceptor1_ingress_registerRound__wrote_index0=false, acceptor1_ingress_registerVRound__last0_old_value=0bv16, acceptor1_ingress_registerVRound__last0_value=0bv16, acceptor1_ingress_registerVRound__last_index=0bv32, acceptor1_ingress_registerVRound__last_old_value=0bv16, acceptor1_ingress_registerVRound__last_value=0bv16, acceptor1_ingress_registerVRound__last_write_site=0, acceptor1_ingress_registerVRound__next_write_site=0, acceptor1_ingress_registerVRound__wrote_any=false, acceptor1_ingress_registerVRound__wrote_index0=false, acceptor1_ingress_registerValue__last0_old_value=0bv256, acceptor1_ingress_registerValue__last0_value=0bv256, acceptor1_ingress_registerValue__last_index=0bv32, acceptor1_ingress_registerValue__last_old_value=0bv256, acceptor1_ingress_registerValue__last_value=0bv256, acceptor1_ingress_registerValue__last_write_site=0, acceptor1_ingress_registerValue__next_write_site=0, acceptor1_ingress_registerValue__wrote_any=false, acceptor1_ingress_registerValue__wrote_index0=false, acceptor1_p4b_clone_e2e=false, acceptor1_p4b_clone_i2e=false, acceptor1_p4b_clone_i2i=false, acceptor1_p4b_recirculate=false, acceptor1_pkt_external=false, acceptor2_inbox_count=0, acceptor2_ingress_learner_address__last0_old_value=0bv32, acceptor2_ingress_learner_address__last0_value=0bv32, acceptor2_ingress_learner_address__last_index=0bv32, acceptor2_ingress_learner_address__last_old_value=0bv32, acceptor2_ingress_learner_address__last_value=0bv32, acceptor2_ingress_learner_address__last_write_site=0, acceptor2_ingress_learner_address__next_write_site=0, acceptor2_ingress_learner_address__wrote_any=false, acceptor2_ingress_learner_address__wrote_index0=false, acceptor2_ingress_learner_mac_address__last0_old_value=0bv48, acceptor2_ingress_learner_mac_address__last0_value=0bv48, acceptor2_ingress_learner_mac_address__last_index=0bv32, acceptor2_ingress_learner_mac_address__last_old_value=0bv48, acceptor2_ingress_learner_mac_address__last_value=0bv48, acceptor2_ingress_learner_mac_address__last_write_site=0, acceptor2_ingress_learner_mac_address__next_write_site=0, acceptor2_ingress_learner_mac_address__wrote_any=false, acceptor2_ingress_learner_mac_address__wrote_index0=false, acceptor2_ingress_my_ip_address__last0_old_value=0bv32, acceptor2_ingress_my_ip_address__last0_value=0bv32, acceptor2_ingress_my_ip_address__last_index=0bv32, acceptor2_ingress_my_ip_address__last_old_value=0bv32, acceptor2_ingress_my_ip_address__last_value=0bv32, acceptor2_ingress_my_ip_address__last_write_site=0, acceptor2_ingress_my_ip_address__next_write_site=0, acceptor2_ingress_my_ip_address__wrote_any=false, acceptor2_ingress_my_ip_address__wrote_index0=false, acceptor2_ingress_my_mac_address__last0_old_value=0bv48, acceptor2_ingress_my_mac_address__last0_value=0bv48, acceptor2_ingress_my_mac_address__last_index=0bv32, acceptor2_ingress_my_mac_address__last_old_value=0bv48, acceptor2_ingress_my_mac_address__last_value=0bv48, acceptor2_ingress_my_mac_address__last_write_site=0, acceptor2_ingress_my_mac_address__next_write_site=0, acceptor2_ingress_my_mac_address__wrote_any=false, acceptor2_ingress_my_mac_address__wrote_index0=false, acceptor2_ingress_registerAcceptorID__last0_old_value=0bv16, acceptor2_ingress_registerAcceptorID__last0_value=0bv16, acceptor2_ingress_registerAcceptorID__last_index=0bv32, acceptor2_ingress_registerAcceptorID__last_old_value=0bv16, acceptor2_ingress_registerAcceptorID__last_value=0bv16, acceptor2_ingress_registerAcceptorID__last_write_site=0, acceptor2_ingress_registerAcceptorID__next_write_site=0, acceptor2_ingress_registerAcceptorID__wrote_any=false, acceptor2_ingress_registerAcceptorID__wrote_index0=false, acceptor2_ingress_registerRound__last0_old_value=0bv16, acceptor2_ingress_registerRound__last0_value=0bv16, acceptor2_ingress_registerRound__last_index=0bv32, acceptor2_ingress_registerRound__last_old_value=0bv16, acceptor2_ingress_registerRound__last_value=0bv16, acceptor2_ingress_registerRound__last_write_site=0, acceptor2_ingress_registerRound__next_write_site=0, acceptor2_ingress_registerRound__wrote_any=false, acceptor2_ingress_registerRound__wrote_index0=false, acceptor2_ingress_registerVRound__last0_old_value=0bv16, acceptor2_ingress_registerVRound__last0_value=0bv16, acceptor2_ingress_registerVRound__last_index=0bv32, acceptor2_ingress_registerVRound__last_old_value=0bv16, acceptor2_ingress_registerVRound__last_value=0bv16, acceptor2_ingress_registerVRound__last_write_site=0, acceptor2_ingress_registerVRound__next_write_site=0, acceptor2_ingress_registerVRound__wrote_any=false, acceptor2_ingress_registerVRound__wrote_index0=false, acceptor2_ingress_registerValue__last0_old_value=0bv256, acceptor2_ingress_registerValue__last0_value=0bv256, acceptor2_ingress_registerValue__last_index=0bv32, acceptor2_ingress_registerValue__last_old_value=0bv256, acceptor2_ingress_registerValue__last_value=0bv256, acceptor2_ingress_registerValue__last_write_site=0, acceptor2_ingress_registerValue__next_write_site=0, acceptor2_ingress_registerValue__wrote_any=false, acceptor2_ingress_registerValue__wrote_index0=false, acceptor2_p4b_clone_e2e=false, acceptor2_p4b_clone_i2e=false, acceptor2_p4b_clone_i2i=false, acceptor2_p4b_recirculate=false, acceptor2_pkt_external=false, leader_drop=true, leader_egress_place_holder_table.hit=false, leader_forward=false, leader_hdr.ethernet.etherType=0bv16, leader_inbox_count=0, leader_ingress_ctrlInstane__last0_old_value=0bv32, leader_ingress_ctrlInstane__last0_value=0bv32, leader_ingress_ctrlInstane__last_index=0bv32, leader_ingress_ctrlInstane__last_old_value=0bv32, leader_ingress_ctrlInstane__last_value=0bv32, leader_ingress_ctrlInstane__last_write_site=0, leader_ingress_ctrlInstane__next_write_site=0, leader_ingress_ctrlInstane__wrote_any=false, leader_ingress_ctrlInstane__wrote_index0=false, leader_p4b_checksum_error=false, leader_p4b_checksum_updated=false, leader_p4b_checksum_verified=false, leader_p4b_clone_e2e=false, leader_p4b_clone_i2e=false, leader_p4b_clone_i2i=false, leader_p4b_digest=false, leader_p4b_recirculate=false, leader_pkt_external=true, learner_inbox_count=0, learner_ingress_registerHistory2B__last0_old_value=0bv8, learner_ingress_registerHistory2B__last0_value=0bv8, learner_ingress_registerHistory2B__last_index=0bv32, learner_ingress_registerHistory2B__last_old_value=0bv8, learner_ingress_registerHistory2B__last_value=0bv8, learner_ingress_registerHistory2B__last_write_site=0, learner_ingress_registerHistory2B__next_write_site=0, learner_ingress_registerHistory2B__wrote_any=false, learner_ingress_registerHistory2B__wrote_index0=false, learner_ingress_registerRound__last0_old_value=0bv16, learner_ingress_registerRound__last0_value=0bv16, learner_ingress_registerRound__last_index=0bv32, learner_ingress_registerRound__last_old_value=0bv16, learner_ingress_registerRound__last_value=0bv16, learner_ingress_registerRound__last_write_site=0, learner_ingress_registerRound__next_write_site=0, learner_ingress_registerRound__wrote_any=false, learner_ingress_registerRound__wrote_index0=false, learner_ingress_registerValue__last0_old_value=0bv256, learner_ingress_registerValue__last0_value=0bv256, learner_ingress_registerValue__last_index=0bv32, learner_ingress_registerValue__last_old_value=0bv256, learner_ingress_registerValue__last_value=0bv256, learner_ingress_registerValue__last_write_site=0, learner_ingress_registerValue__next_write_site=0, learner_ingress_registerValue__wrote_any=false, learner_ingress_registerValue__wrote_index0=false, learner_p4b_clone_e2e=false, learner_p4b_clone_i2e=false, learner_p4b_clone_i2i=false, learner_p4b_recirculate=false, learner_pkt_external=false, procurator_step=1]
[L4110]  COND FALSE  !(leader_p4b_clone_i2i)
         VAL         [acceptor0_inbox_count=0, acceptor0_ingress_learner_address__last0_old_value=0bv32, acceptor0_ingress_learner_address__last0_value=0bv32, acceptor0_ingress_learner_address__last_index=0bv32, acceptor0_ingress_learner_address__last_old_value=0bv32, acceptor0_ingress_learner_address__last_value=0bv32, acceptor0_ingress_learner_address__last_write_site=0, acceptor0_ingress_learner_address__next_write_site=0, acceptor0_ingress_learner_address__wrote_any=false, acceptor0_ingress_learner_address__wrote_index0=false, acceptor0_ingress_learner_mac_address__last0_old_value=0bv48, acceptor0_ingress_learner_mac_address__last0_value=0bv48, acceptor0_ingress_learner_mac_address__last_index=0bv32, acceptor0_ingress_learner_mac_address__last_old_value=0bv48, acceptor0_ingress_learner_mac_address__last_value=0bv48, acceptor0_ingress_learner_mac_address__last_write_site=0, acceptor0_ingress_learner_mac_address__next_write_site=0, acceptor0_ingress_learner_mac_address__wrote_any=false, acceptor0_ingress_learner_mac_address__wrote_index0=false, acceptor0_ingress_my_ip_address__last0_old_value=0bv32, acceptor0_ingress_my_ip_address__last0_value=0bv32, acceptor0_ingress_my_ip_address__last_index=0bv32, acceptor0_ingress_my_ip_address__last_old_value=0bv32, acceptor0_ingress_my_ip_address__last_value=0bv32, acceptor0_ingress_my_ip_address__last_write_site=0, acceptor0_ingress_my_ip_address__next_write_site=0, acceptor0_ingress_my_ip_address__wrote_any=false, acceptor0_ingress_my_ip_address__wrote_index0=false, acceptor0_ingress_my_mac_address__last0_old_value=0bv48, acceptor0_ingress_my_mac_address__last0_value=0bv48, acceptor0_ingress_my_mac_address__last_index=0bv32, acceptor0_ingress_my_mac_address__last_old_value=0bv48, acceptor0_ingress_my_mac_address__last_value=0bv48, acceptor0_ingress_my_mac_address__last_write_site=0, acceptor0_ingress_my_mac_address__next_write_site=0, acceptor0_ingress_my_mac_address__wrote_any=false, acceptor0_ingress_my_mac_address__wrote_index0=false, acceptor0_ingress_registerAcceptorID__last0_old_value=0bv16, acceptor0_ingress_registerAcceptorID__last0_value=0bv16, acceptor0_ingress_registerAcceptorID__last_index=0bv32, acceptor0_ingress_registerAcceptorID__last_old_value=0bv16, acceptor0_ingress_registerAcceptorID__last_value=0bv16, acceptor0_ingress_registerAcceptorID__last_write_site=0, acceptor0_ingress_registerAcceptorID__next_write_site=0, acceptor0_ingress_registerAcceptorID__wrote_any=false, acceptor0_ingress_registerAcceptorID__wrote_index0=false, acceptor0_ingress_registerRound__last0_old_value=0bv16, acceptor0_ingress_registerRound__last0_value=0bv16, acceptor0_ingress_registerRound__last_index=0bv32, acceptor0_ingress_registerRound__last_old_value=0bv16, acceptor0_ingress_registerRound__last_value=0bv16, acceptor0_ingress_registerRound__last_write_site=0, acceptor0_ingress_registerRound__next_write_site=0, acceptor0_ingress_registerRound__wrote_any=false, acceptor0_ingress_registerRound__wrote_index0=false, acceptor0_ingress_registerVRound__last0_old_value=0bv16, acceptor0_ingress_registerVRound__last0_value=0bv16, acceptor0_ingress_registerVRound__last_index=0bv32, acceptor0_ingress_registerVRound__last_old_value=0bv16, acceptor0_ingress_registerVRound__last_value=0bv16, acceptor0_ingress_registerVRound__last_write_site=0, acceptor0_ingress_registerVRound__next_write_site=0, acceptor0_ingress_registerVRound__wrote_any=false, acceptor0_ingress_registerVRound__wrote_index0=false, acceptor0_ingress_registerValue__last0_old_value=0bv256, acceptor0_ingress_registerValue__last0_value=0bv256, acceptor0_ingress_registerValue__last_index=0bv32, acceptor0_ingress_registerValue__last_old_value=0bv256, acceptor0_ingress_registerValue__last_value=0bv256, acceptor0_ingress_registerValue__last_write_site=0, acceptor0_ingress_registerValue__next_write_site=0, acceptor0_ingress_registerValue__wrote_any=false, acceptor0_ingress_registerValue__wrote_index0=false, acceptor0_p4b_clone_e2e=false, acceptor0_p4b_clone_i2e=false, acceptor0_p4b_clone_i2i=false, acceptor0_p4b_recirculate=false, acceptor0_pkt_external=false, acceptor1_inbox_count=0, acceptor1_ingress_learner_address__last0_old_value=0bv32, acceptor1_ingress_learner_address__last0_value=0bv32, acceptor1_ingress_learner_address__last_index=0bv32, acceptor1_ingress_learner_address__last_old_value=0bv32, acceptor1_ingress_learner_address__last_value=0bv32, acceptor1_ingress_learner_address__last_write_site=0, acceptor1_ingress_learner_address__next_write_site=0, acceptor1_ingress_learner_address__wrote_any=false, acceptor1_ingress_learner_address__wrote_index0=false, acceptor1_ingress_learner_mac_address__last0_old_value=0bv48, acceptor1_ingress_learner_mac_address__last0_value=0bv48, acceptor1_ingress_learner_mac_address__last_index=0bv32, acceptor1_ingress_learner_mac_address__last_old_value=0bv48, acceptor1_ingress_learner_mac_address__last_value=0bv48, acceptor1_ingress_learner_mac_address__last_write_site=0, acceptor1_ingress_learner_mac_address__next_write_site=0, acceptor1_ingress_learner_mac_address__wrote_any=false, acceptor1_ingress_learner_mac_address__wrote_index0=false, acceptor1_ingress_my_ip_address__last0_old_value=0bv32, acceptor1_ingress_my_ip_address__last0_value=0bv32, acceptor1_ingress_my_ip_address__last_index=0bv32, acceptor1_ingress_my_ip_address__last_old_value=0bv32, acceptor1_ingress_my_ip_address__last_value=0bv32, acceptor1_ingress_my_ip_address__last_write_site=0, acceptor1_ingress_my_ip_address__next_write_site=0, acceptor1_ingress_my_ip_address__wrote_any=false, acceptor1_ingress_my_ip_address__wrote_index0=false, acceptor1_ingress_my_mac_address__last0_old_value=0bv48, acceptor1_ingress_my_mac_address__last0_value=0bv48, acceptor1_ingress_my_mac_address__last_index=0bv32, acceptor1_ingress_my_mac_address__last_old_value=0bv48, acceptor1_ingress_my_mac_address__last_value=0bv48, acceptor1_ingress_my_mac_address__last_write_site=0, acceptor1_ingress_my_mac_address__next_write_site=0, acceptor1_ingress_my_mac_address__wrote_any=false, acceptor1_ingress_my_mac_address__wrote_index0=false, acceptor1_ingress_registerAcceptorID__last0_old_value=0bv16, acceptor1_ingress_registerAcceptorID__last0_value=0bv16, acceptor1_ingress_registerAcceptorID__last_index=0bv32, acceptor1_ingress_registerAcceptorID__last_old_value=0bv16, acceptor1_ingress_registerAcceptorID__last_value=0bv16, acceptor1_ingress_registerAcceptorID__last_write_site=0, acceptor1_ingress_registerAcceptorID__next_write_site=0, acceptor1_ingress_registerAcceptorID__wrote_any=false, acceptor1_ingress_registerAcceptorID__wrote_index0=false, acceptor1_ingress_registerRound__last0_old_value=0bv16, acceptor1_ingress_registerRound__last0_value=0bv16, acceptor1_ingress_registerRound__last_index=0bv32, acceptor1_ingress_registerRound__last_old_value=0bv16, acceptor1_ingress_registerRound__last_value=0bv16, acceptor1_ingress_registerRound__last_write_site=0, acceptor1_ingress_registerRound__next_write_site=0, acceptor1_ingress_registerRound__wrote_any=false, acceptor1_ingress_registerRound__wrote_index0=false, acceptor1_ingress_registerVRound__last0_old_value=0bv16, acceptor1_ingress_registerVRound__last0_value=0bv16, acceptor1_ingress_registerVRound__last_index=0bv32, acceptor1_ingress_registerVRound__last_old_value=0bv16, acceptor1_ingress_registerVRound__last_value=0bv16, acceptor1_ingress_registerVRound__last_write_site=0, acceptor1_ingress_registerVRound__next_write_site=0, acceptor1_ingress_registerVRound__wrote_any=false, acceptor1_ingress_registerVRound__wrote_index0=false, acceptor1_ingress_registerValue__last0_old_value=0bv256, acceptor1_ingress_registerValue__last0_value=0bv256, acceptor1_ingress_registerValue__last_index=0bv32, acceptor1_ingress_registerValue__last_old_value=0bv256, acceptor1_ingress_registerValue__last_value=0bv256, acceptor1_ingress_registerValue__last_write_site=0, acceptor1_ingress_registerValue__next_write_site=0, acceptor1_ingress_registerValue__wrote_any=false, acceptor1_ingress_registerValue__wrote_index0=false, acceptor1_p4b_clone_e2e=false, acceptor1_p4b_clone_i2e=false, acceptor1_p4b_clone_i2i=false, acceptor1_p4b_recirculate=false, acceptor1_pkt_external=false, acceptor2_inbox_count=0, acceptor2_ingress_learner_address__last0_old_value=0bv32, acceptor2_ingress_learner_address__last0_value=0bv32, acceptor2_ingress_learner_address__last_index=0bv32, acceptor2_ingress_learner_address__last_old_value=0bv32, acceptor2_ingress_learner_address__last_value=0bv32, acceptor2_ingress_learner_address__last_write_site=0, acceptor2_ingress_learner_address__next_write_site=0, acceptor2_ingress_learner_address__wrote_any=false, acceptor2_ingress_learner_address__wrote_index0=false, acceptor2_ingress_learner_mac_address__last0_old_value=0bv48, acceptor2_ingress_learner_mac_address__last0_value=0bv48, acceptor2_ingress_learner_mac_address__last_index=0bv32, acceptor2_ingress_learner_mac_address__last_old_value=0bv48, acceptor2_ingress_learner_mac_address__last_value=0bv48, acceptor2_ingress_learner_mac_address__last_write_site=0, acceptor2_ingress_learner_mac_address__next_write_site=0, acceptor2_ingress_learner_mac_address__wrote_any=false, acceptor2_ingress_learner_mac_address__wrote_index0=false, acceptor2_ingress_my_ip_address__last0_old_value=0bv32, acceptor2_ingress_my_ip_address__last0_value=0bv32, acceptor2_ingress_my_ip_address__last_index=0bv32, acceptor2_ingress_my_ip_address__last_old_value=0bv32, acceptor2_ingress_my_ip_address__last_value=0bv32, acceptor2_ingress_my_ip_address__last_write_site=0, acceptor2_ingress_my_ip_address__next_write_site=0, acceptor2_ingress_my_ip_address__wrote_any=false, acceptor2_ingress_my_ip_address__wrote_index0=false, acceptor2_ingress_my_mac_address__last0_old_value=0bv48, acceptor2_ingress_my_mac_address__last0_value=0bv48, acceptor2_ingress_my_mac_address__last_index=0bv32, acceptor2_ingress_my_mac_address__last_old_value=0bv48, acceptor2_ingress_my_mac_address__last_value=0bv48, acceptor2_ingress_my_mac_address__last_write_site=0, acceptor2_ingress_my_mac_address__next_write_site=0, acceptor2_ingress_my_mac_address__wrote_any=false, acceptor2_ingress_my_mac_address__wrote_index0=false, acceptor2_ingress_registerAcceptorID__last0_old_value=0bv16, acceptor2_ingress_registerAcceptorID__last0_value=0bv16, acceptor2_ingress_registerAcceptorID__last_index=0bv32, acceptor2_ingress_registerAcceptorID__last_old_value=0bv16, acceptor2_ingress_registerAcceptorID__last_value=0bv16, acceptor2_ingress_registerAcceptorID__last_write_site=0, acceptor2_ingress_registerAcceptorID__next_write_site=0, acceptor2_ingress_registerAcceptorID__wrote_any=false, acceptor2_ingress_registerAcceptorID__wrote_index0=false, acceptor2_ingress_registerRound__last0_old_value=0bv16, acceptor2_ingress_registerRound__last0_value=0bv16, acceptor2_ingress_registerRound__last_index=0bv32, acceptor2_ingress_registerRound__last_old_value=0bv16, acceptor2_ingress_registerRound__last_value=0bv16, acceptor2_ingress_registerRound__last_write_site=0, acceptor2_ingress_registerRound__next_write_site=0, acceptor2_ingress_registerRound__wrote_any=false, acceptor2_ingress_registerRound__wrote_index0=false, acceptor2_ingress_registerVRound__last0_old_value=0bv16, acceptor2_ingress_registerVRound__last0_value=0bv16, acceptor2_ingress_registerVRound__last_index=0bv32, acceptor2_ingress_registerVRound__last_old_value=0bv16, acceptor2_ingress_registerVRound__last_value=0bv16, acceptor2_ingress_registerVRound__last_write_site=0, acceptor2_ingress_registerVRound__next_write_site=0, acceptor2_ingress_registerVRound__wrote_any=false, acceptor2_ingress_registerVRound__wrote_index0=false, acceptor2_ingress_registerValue__last0_old_value=0bv256, acceptor2_ingress_registerValue__last0_value=0bv256, acceptor2_ingress_registerValue__last_index=0bv32, acceptor2_ingress_registerValue__last_old_value=0bv256, acceptor2_ingress_registerValue__last_value=0bv256, acceptor2_ingress_registerValue__last_write_site=0, acceptor2_ingress_registerValue__next_write_site=0, acceptor2_ingress_registerValue__wrote_any=false, acceptor2_ingress_registerValue__wrote_index0=false, acceptor2_p4b_clone_e2e=false, acceptor2_p4b_clone_i2e=false, acceptor2_p4b_clone_i2i=false, acceptor2_p4b_recirculate=false, acceptor2_pkt_external=false, leader_drop=true, leader_egress_place_holder_table.hit=false, leader_forward=false, leader_hdr.ethernet.etherType=0bv16, leader_inbox_count=0, leader_ingress_ctrlInstane__last0_old_value=0bv32, leader_ingress_ctrlInstane__last0_value=0bv32, leader_ingress_ctrlInstane__last_index=0bv32, leader_ingress_ctrlInstane__last_old_value=0bv32, leader_ingress_ctrlInstane__last_value=0bv32, leader_ingress_ctrlInstane__last_write_site=0, leader_ingress_ctrlInstane__next_write_site=0, leader_ingress_ctrlInstane__wrote_any=false, leader_ingress_ctrlInstane__wrote_index0=false, leader_p4b_checksum_error=false, leader_p4b_checksum_updated=false, leader_p4b_checksum_verified=false, leader_p4b_clone_e2e=false, leader_p4b_clone_i2e=false, leader_p4b_clone_i2i=false, leader_p4b_digest=false, leader_p4b_recirculate=false, leader_pkt_external=true, learner_inbox_count=0, learner_ingress_registerHistory2B__last0_old_value=0bv8, learner_ingress_registerHistory2B__last0_value=0bv8, learner_ingress_registerHistory2B__last_index=0bv32, learner_ingress_registerHistory2B__last_old_value=0bv8, learner_ingress_registerHistory2B__last_value=0bv8, learner_ingress_registerHistory2B__last_write_site=0, learner_ingress_registerHistory2B__next_write_site=0, learner_ingress_registerHistory2B__wrote_any=false, learner_ingress_registerHistory2B__wrote_index0=false, learner_ingress_registerRound__last0_old_value=0bv16, learner_ingress_registerRound__last0_value=0bv16, learner_ingress_registerRound__last_index=0bv32, learner_ingress_registerRound__last_old_value=0bv16, learner_ingress_registerRound__last_value=0bv16, learner_ingress_registerRound__last_write_site=0, learner_ingress_registerRound__next_write_site=0, learner_ingress_registerRound__wrote_any=false, learner_ingress_registerRound__wrote_index0=false, learner_ingress_registerValue__last0_old_value=0bv256, learner_ingress_registerValue__last0_value=0bv256, learner_ingress_registerValue__last_index=0bv32, learner_ingress_registerValue__last_old_value=0bv256, learner_ingress_registerValue__last_value=0bv256, learner_ingress_registerValue__last_write_site=0, learner_ingress_registerValue__next_write_site=0, learner_ingress_registerValue__wrote_any=false, learner_ingress_registerValue__wrote_index0=false, learner_p4b_clone_e2e=false, learner_p4b_clone_i2e=false, learner_p4b_clone_i2i=false, learner_p4b_recirculate=false, learner_pkt_external=false, procurator_step=1]
[L4115]              leader_p4b_clone_i2i := false;
         VAL         [acceptor0_inbox_count=0, acceptor0_ingress_learner_address__last0_old_value=0bv32, acceptor0_ingress_learner_address__last0_value=0bv32, acceptor0_ingress_learner_address__last_index=0bv32, acceptor0_ingress_learner_address__last_old_value=0bv32, acceptor0_ingress_learner_address__last_value=0bv32, acceptor0_ingress_learner_address__last_write_site=0, acceptor0_ingress_learner_address__next_write_site=0, acceptor0_ingress_learner_address__wrote_any=false, acceptor0_ingress_learner_address__wrote_index0=false, acceptor0_ingress_learner_mac_address__last0_old_value=0bv48, acceptor0_ingress_learner_mac_address__last0_value=0bv48, acceptor0_ingress_learner_mac_address__last_index=0bv32, acceptor0_ingress_learner_mac_address__last_old_value=0bv48, acceptor0_ingress_learner_mac_address__last_value=0bv48, acceptor0_ingress_learner_mac_address__last_write_site=0, acceptor0_ingress_learner_mac_address__next_write_site=0, acceptor0_ingress_learner_mac_address__wrote_any=false, acceptor0_ingress_learner_mac_address__wrote_index0=false, acceptor0_ingress_my_ip_address__last0_old_value=0bv32, acceptor0_ingress_my_ip_address__last0_value=0bv32, acceptor0_ingress_my_ip_address__last_index=0bv32, acceptor0_ingress_my_ip_address__last_old_value=0bv32, acceptor0_ingress_my_ip_address__last_value=0bv32, acceptor0_ingress_my_ip_address__last_write_site=0, acceptor0_ingress_my_ip_address__next_write_site=0, acceptor0_ingress_my_ip_address__wrote_any=false, acceptor0_ingress_my_ip_address__wrote_index0=false, acceptor0_ingress_my_mac_address__last0_old_value=0bv48, acceptor0_ingress_my_mac_address__last0_value=0bv48, acceptor0_ingress_my_mac_address__last_index=0bv32, acceptor0_ingress_my_mac_address__last_old_value=0bv48, acceptor0_ingress_my_mac_address__last_value=0bv48, acceptor0_ingress_my_mac_address__last_write_site=0, acceptor0_ingress_my_mac_address__next_write_site=0, acceptor0_ingress_my_mac_address__wrote_any=false, acceptor0_ingress_my_mac_address__wrote_index0=false, acceptor0_ingress_registerAcceptorID__last0_old_value=0bv16, acceptor0_ingress_registerAcceptorID__last0_value=0bv16, acceptor0_ingress_registerAcceptorID__last_index=0bv32, acceptor0_ingress_registerAcceptorID__last_old_value=0bv16, acceptor0_ingress_registerAcceptorID__last_value=0bv16, acceptor0_ingress_registerAcceptorID__last_write_site=0, acceptor0_ingress_registerAcceptorID__next_write_site=0, acceptor0_ingress_registerAcceptorID__wrote_any=false, acceptor0_ingress_registerAcceptorID__wrote_index0=false, acceptor0_ingress_registerRound__last0_old_value=0bv16, acceptor0_ingress_registerRound__last0_value=0bv16, acceptor0_ingress_registerRound__last_index=0bv32, acceptor0_ingress_registerRound__last_old_value=0bv16, acceptor0_ingress_registerRound__last_value=0bv16, acceptor0_ingress_registerRound__last_write_site=0, acceptor0_ingress_registerRound__next_write_site=0, acceptor0_ingress_registerRound__wrote_any=false, acceptor0_ingress_registerRound__wrote_index0=false, acceptor0_ingress_registerVRound__last0_old_value=0bv16, acceptor0_ingress_registerVRound__last0_value=0bv16, acceptor0_ingress_registerVRound__last_index=0bv32, acceptor0_ingress_registerVRound__last_old_value=0bv16, acceptor0_ingress_registerVRound__last_value=0bv16, acceptor0_ingress_registerVRound__last_write_site=0, acceptor0_ingress_registerVRound__next_write_site=0, acceptor0_ingress_registerVRound__wrote_any=false, acceptor0_ingress_registerVRound__wrote_index0=false, acceptor0_ingress_registerValue__last0_old_value=0bv256, acceptor0_ingress_registerValue__last0_value=0bv256, acceptor0_ingress_registerValue__last_index=0bv32, acceptor0_ingress_registerValue__last_old_value=0bv256, acceptor0_ingress_registerValue__last_value=0bv256, acceptor0_ingress_registerValue__last_write_site=0, acceptor0_ingress_registerValue__next_write_site=0, acceptor0_ingress_registerValue__wrote_any=false, acceptor0_ingress_registerValue__wrote_index0=false, acceptor0_p4b_clone_e2e=false, acceptor0_p4b_clone_i2e=false, acceptor0_p4b_clone_i2i=false, acceptor0_p4b_recirculate=false, acceptor0_pkt_external=false, acceptor1_inbox_count=0, acceptor1_ingress_learner_address__last0_old_value=0bv32, acceptor1_ingress_learner_address__last0_value=0bv32, acceptor1_ingress_learner_address__last_index=0bv32, acceptor1_ingress_learner_address__last_old_value=0bv32, acceptor1_ingress_learner_address__last_value=0bv32, acceptor1_ingress_learner_address__last_write_site=0, acceptor1_ingress_learner_address__next_write_site=0, acceptor1_ingress_learner_address__wrote_any=false, acceptor1_ingress_learner_address__wrote_index0=false, acceptor1_ingress_learner_mac_address__last0_old_value=0bv48, acceptor1_ingress_learner_mac_address__last0_value=0bv48, acceptor1_ingress_learner_mac_address__last_index=0bv32, acceptor1_ingress_learner_mac_address__last_old_value=0bv48, acceptor1_ingress_learner_mac_address__last_value=0bv48, acceptor1_ingress_learner_mac_address__last_write_site=0, acceptor1_ingress_learner_mac_address__next_write_site=0, acceptor1_ingress_learner_mac_address__wrote_any=false, acceptor1_ingress_learner_mac_address__wrote_index0=false, acceptor1_ingress_my_ip_address__last0_old_value=0bv32, acceptor1_ingress_my_ip_address__last0_value=0bv32, acceptor1_ingress_my_ip_address__last_index=0bv32, acceptor1_ingress_my_ip_address__last_old_value=0bv32, acceptor1_ingress_my_ip_address__last_value=0bv32, acceptor1_ingress_my_ip_address__last_write_site=0, acceptor1_ingress_my_ip_address__next_write_site=0, acceptor1_ingress_my_ip_address__wrote_any=false, acceptor1_ingress_my_ip_address__wrote_index0=false, acceptor1_ingress_my_mac_address__last0_old_value=0bv48, acceptor1_ingress_my_mac_address__last0_value=0bv48, acceptor1_ingress_my_mac_address__last_index=0bv32, acceptor1_ingress_my_mac_address__last_old_value=0bv48, acceptor1_ingress_my_mac_address__last_value=0bv48, acceptor1_ingress_my_mac_address__last_write_site=0, acceptor1_ingress_my_mac_address__next_write_site=0, acceptor1_ingress_my_mac_address__wrote_any=false, acceptor1_ingress_my_mac_address__wrote_index0=false, acceptor1_ingress_registerAcceptorID__last0_old_value=0bv16, acceptor1_ingress_registerAcceptorID__last0_value=0bv16, acceptor1_ingress_registerAcceptorID__last_index=0bv32, acceptor1_ingress_registerAcceptorID__last_old_value=0bv16, acceptor1_ingress_registerAcceptorID__last_value=0bv16, acceptor1_ingress_registerAcceptorID__last_write_site=0, acceptor1_ingress_registerAcceptorID__next_write_site=0, acceptor1_ingress_registerAcceptorID__wrote_any=false, acceptor1_ingress_registerAcceptorID__wrote_index0=false, acceptor1_ingress_registerRound__last0_old_value=0bv16, acceptor1_ingress_registerRound__last0_value=0bv16, acceptor1_ingress_registerRound__last_index=0bv32, acceptor1_ingress_registerRound__last_old_value=0bv16, acceptor1_ingress_registerRound__last_value=0bv16, acceptor1_ingress_registerRound__last_write_site=0, acceptor1_ingress_registerRound__next_write_site=0, acceptor1_ingress_registerRound__wrote_any=false, acceptor1_ingress_registerRound__wrote_index0=false, acceptor1_ingress_registerVRound__last0_old_value=0bv16, acceptor1_ingress_registerVRound__last0_value=0bv16, acceptor1_ingress_registerVRound__last_index=0bv32, acceptor1_ingress_registerVRound__last_old_value=0bv16, acceptor1_ingress_registerVRound__last_value=0bv16, acceptor1_ingress_registerVRound__last_write_site=0, acceptor1_ingress_registerVRound__next_write_site=0, acceptor1_ingress_registerVRound__wrote_any=false, acceptor1_ingress_registerVRound__wrote_index0=false, acceptor1_ingress_registerValue__last0_old_value=0bv256, acceptor1_ingress_registerValue__last0_value=0bv256, acceptor1_ingress_registerValue__last_index=0bv32, acceptor1_ingress_registerValue__last_old_value=0bv256, acceptor1_ingress_registerValue__last_value=0bv256, acceptor1_ingress_registerValue__last_write_site=0, acceptor1_ingress_registerValue__next_write_site=0, acceptor1_ingress_registerValue__wrote_any=false, acceptor1_ingress_registerValue__wrote_index0=false, acceptor1_p4b_clone_e2e=false, acceptor1_p4b_clone_i2e=false, acceptor1_p4b_clone_i2i=false, acceptor1_p4b_recirculate=false, acceptor1_pkt_external=false, acceptor2_inbox_count=0, acceptor2_ingress_learner_address__last0_old_value=0bv32, acceptor2_ingress_learner_address__last0_value=0bv32, acceptor2_ingress_learner_address__last_index=0bv32, acceptor2_ingress_learner_address__last_old_value=0bv32, acceptor2_ingress_learner_address__last_value=0bv32, acceptor2_ingress_learner_address__last_write_site=0, acceptor2_ingress_learner_address__next_write_site=0, acceptor2_ingress_learner_address__wrote_any=false, acceptor2_ingress_learner_address__wrote_index0=false, acceptor2_ingress_learner_mac_address__last0_old_value=0bv48, acceptor2_ingress_learner_mac_address__last0_value=0bv48, acceptor2_ingress_learner_mac_address__last_index=0bv32, acceptor2_ingress_learner_mac_address__last_old_value=0bv48, acceptor2_ingress_learner_mac_address__last_value=0bv48, acceptor2_ingress_learner_mac_address__last_write_site=0, acceptor2_ingress_learner_mac_address__next_write_site=0, acceptor2_ingress_learner_mac_address__wrote_any=false, acceptor2_ingress_learner_mac_address__wrote_index0=false, acceptor2_ingress_my_ip_address__last0_old_value=0bv32, acceptor2_ingress_my_ip_address__last0_value=0bv32, acceptor2_ingress_my_ip_address__last_index=0bv32, acceptor2_ingress_my_ip_address__last_old_value=0bv32, acceptor2_ingress_my_ip_address__last_value=0bv32, acceptor2_ingress_my_ip_address__last_write_site=0, acceptor2_ingress_my_ip_address__next_write_site=0, acceptor2_ingress_my_ip_address__wrote_any=false, acceptor2_ingress_my_ip_address__wrote_index0=false, acceptor2_ingress_my_mac_address__last0_old_value=0bv48, acceptor2_ingress_my_mac_address__last0_value=0bv48, acceptor2_ingress_my_mac_address__last_index=0bv32, acceptor2_ingress_my_mac_address__last_old_value=0bv48, acceptor2_ingress_my_mac_address__last_value=0bv48, acceptor2_ingress_my_mac_address__last_write_site=0, acceptor2_ingress_my_mac_address__next_write_site=0, acceptor2_ingress_my_mac_address__wrote_any=false, acceptor2_ingress_my_mac_address__wrote_index0=false, acceptor2_ingress_registerAcceptorID__last0_old_value=0bv16, acceptor2_ingress_registerAcceptorID__last0_value=0bv16, acceptor2_ingress_registerAcceptorID__last_index=0bv32, acceptor2_ingress_registerAcceptorID__last_old_value=0bv16, acceptor2_ingress_registerAcceptorID__last_value=0bv16, acceptor2_ingress_registerAcceptorID__last_write_site=0, acceptor2_ingress_registerAcceptorID__next_write_site=0, acceptor2_ingress_registerAcceptorID__wrote_any=false, acceptor2_ingress_registerAcceptorID__wrote_index0=false, acceptor2_ingress_registerRound__last0_old_value=0bv16, acceptor2_ingress_registerRound__last0_value=0bv16, acceptor2_ingress_registerRound__last_index=0bv32, acceptor2_ingress_registerRound__last_old_value=0bv16, acceptor2_ingress_registerRound__last_value=0bv16, acceptor2_ingress_registerRound__last_write_site=0, acceptor2_ingress_registerRound__next_write_site=0, acceptor2_ingress_registerRound__wrote_any=false, acceptor2_ingress_registerRound__wrote_index0=false, acceptor2_ingress_registerVRound__last0_old_value=0bv16, acceptor2_ingress_registerVRound__last0_value=0bv16, acceptor2_ingress_registerVRound__last_index=0bv32, acceptor2_ingress_registerVRound__last_old_value=0bv16, acceptor2_ingress_registerVRound__last_value=0bv16, acceptor2_ingress_registerVRound__last_write_site=0, acceptor2_ingress_registerVRound__next_write_site=0, acceptor2_ingress_registerVRound__wrote_any=false, acceptor2_ingress_registerVRound__wrote_index0=false, acceptor2_ingress_registerValue__last0_old_value=0bv256, acceptor2_ingress_registerValue__last0_value=0bv256, acceptor2_ingress_registerValue__last_index=0bv32, acceptor2_ingress_registerValue__last_old_value=0bv256, acceptor2_ingress_registerValue__last_value=0bv256, acceptor2_ingress_registerValue__last_write_site=0, acceptor2_ingress_registerValue__next_write_site=0, acceptor2_ingress_registerValue__wrote_any=false, acceptor2_ingress_registerValue__wrote_index0=false, acceptor2_p4b_clone_e2e=false, acceptor2_p4b_clone_i2e=false, acceptor2_p4b_clone_i2i=false, acceptor2_p4b_recirculate=false, acceptor2_pkt_external=false, leader_drop=true, leader_egress_place_holder_table.hit=false, leader_forward=false, leader_hdr.ethernet.etherType=0bv16, leader_inbox_count=0, leader_ingress_ctrlInstane__last0_old_value=0bv32, leader_ingress_ctrlInstane__last0_value=0bv32, leader_ingress_ctrlInstane__last_index=0bv32, leader_ingress_ctrlInstane__last_old_value=0bv32, leader_ingress_ctrlInstane__last_value=0bv32, leader_ingress_ctrlInstane__last_write_site=0, leader_ingress_ctrlInstane__next_write_site=0, leader_ingress_ctrlInstane__wrote_any=false, leader_ingress_ctrlInstane__wrote_index0=false, leader_p4b_checksum_error=false, leader_p4b_checksum_updated=false, leader_p4b_checksum_verified=false, leader_p4b_clone_e2e=false, leader_p4b_clone_i2e=false, leader_p4b_clone_i2i=false, leader_p4b_digest=false, leader_p4b_recirculate=false, leader_pkt_external=true, learner_inbox_count=0, learner_ingress_registerHistory2B__last0_old_value=0bv8, learner_ingress_registerHistory2B__last0_value=0bv8, learner_ingress_registerHistory2B__last_index=0bv32, learner_ingress_registerHistory2B__last_old_value=0bv8, learner_ingress_registerHistory2B__last_value=0bv8, learner_ingress_registerHistory2B__last_write_site=0, learner_ingress_registerHistory2B__next_write_site=0, learner_ingress_registerHistory2B__wrote_any=false, learner_ingress_registerHistory2B__wrote_index0=false, learner_ingress_registerRound__last0_old_value=0bv16, learner_ingress_registerRound__last0_value=0bv16, learner_ingress_registerRound__last_index=0bv32, learner_ingress_registerRound__last_old_value=0bv16, learner_ingress_registerRound__last_value=0bv16, learner_ingress_registerRound__last_write_site=0, learner_ingress_registerRound__next_write_site=0, learner_ingress_registerRound__wrote_any=false, learner_ingress_registerRound__wrote_index0=false, learner_ingress_registerValue__last0_old_value=0bv256, learner_ingress_registerValue__last0_value=0bv256, learner_ingress_registerValue__last_index=0bv32, learner_ingress_registerValue__last_old_value=0bv256, learner_ingress_registerValue__last_value=0bv256, learner_ingress_registerValue__last_write_site=0, learner_ingress_registerValue__next_write_site=0, learner_ingress_registerValue__wrote_any=false, learner_ingress_registerValue__wrote_index0=false, learner_p4b_clone_e2e=false, learner_p4b_clone_i2e=false, learner_p4b_clone_i2i=false, learner_p4b_recirculate=false, learner_pkt_external=false, procurator_step=1]
[L4116]  COND FALSE  !(leader_p4b_recirculate)
         VAL         [acceptor0_inbox_count=0, acceptor0_ingress_learner_address__last0_old_value=0bv32, acceptor0_ingress_learner_address__last0_value=0bv32, acceptor0_ingress_learner_address__last_index=0bv32, acceptor0_ingress_learner_address__last_old_value=0bv32, acceptor0_ingress_learner_address__last_value=0bv32, acceptor0_ingress_learner_address__last_write_site=0, acceptor0_ingress_learner_address__next_write_site=0, acceptor0_ingress_learner_address__wrote_any=false, acceptor0_ingress_learner_address__wrote_index0=false, acceptor0_ingress_learner_mac_address__last0_old_value=0bv48, acceptor0_ingress_learner_mac_address__last0_value=0bv48, acceptor0_ingress_learner_mac_address__last_index=0bv32, acceptor0_ingress_learner_mac_address__last_old_value=0bv48, acceptor0_ingress_learner_mac_address__last_value=0bv48, acceptor0_ingress_learner_mac_address__last_write_site=0, acceptor0_ingress_learner_mac_address__next_write_site=0, acceptor0_ingress_learner_mac_address__wrote_any=false, acceptor0_ingress_learner_mac_address__wrote_index0=false, acceptor0_ingress_my_ip_address__last0_old_value=0bv32, acceptor0_ingress_my_ip_address__last0_value=0bv32, acceptor0_ingress_my_ip_address__last_index=0bv32, acceptor0_ingress_my_ip_address__last_old_value=0bv32, acceptor0_ingress_my_ip_address__last_value=0bv32, acceptor0_ingress_my_ip_address__last_write_site=0, acceptor0_ingress_my_ip_address__next_write_site=0, acceptor0_ingress_my_ip_address__wrote_any=false, acceptor0_ingress_my_ip_address__wrote_index0=false, acceptor0_ingress_my_mac_address__last0_old_value=0bv48, acceptor0_ingress_my_mac_address__last0_value=0bv48, acceptor0_ingress_my_mac_address__last_index=0bv32, acceptor0_ingress_my_mac_address__last_old_value=0bv48, acceptor0_ingress_my_mac_address__last_value=0bv48, acceptor0_ingress_my_mac_address__last_write_site=0, acceptor0_ingress_my_mac_address__next_write_site=0, acceptor0_ingress_my_mac_address__wrote_any=false, acceptor0_ingress_my_mac_address__wrote_index0=false, acceptor0_ingress_registerAcceptorID__last0_old_value=0bv16, acceptor0_ingress_registerAcceptorID__last0_value=0bv16, acceptor0_ingress_registerAcceptorID__last_index=0bv32, acceptor0_ingress_registerAcceptorID__last_old_value=0bv16, acceptor0_ingress_registerAcceptorID__last_value=0bv16, acceptor0_ingress_registerAcceptorID__last_write_site=0, acceptor0_ingress_registerAcceptorID__next_write_site=0, acceptor0_ingress_registerAcceptorID__wrote_any=false, acceptor0_ingress_registerAcceptorID__wrote_index0=false, acceptor0_ingress_registerRound__last0_old_value=0bv16, acceptor0_ingress_registerRound__last0_value=0bv16, acceptor0_ingress_registerRound__last_index=0bv32, acceptor0_ingress_registerRound__last_old_value=0bv16, acceptor0_ingress_registerRound__last_value=0bv16, acceptor0_ingress_registerRound__last_write_site=0, acceptor0_ingress_registerRound__next_write_site=0, acceptor0_ingress_registerRound__wrote_any=false, acceptor0_ingress_registerRound__wrote_index0=false, acceptor0_ingress_registerVRound__last0_old_value=0bv16, acceptor0_ingress_registerVRound__last0_value=0bv16, acceptor0_ingress_registerVRound__last_index=0bv32, acceptor0_ingress_registerVRound__last_old_value=0bv16, acceptor0_ingress_registerVRound__last_value=0bv16, acceptor0_ingress_registerVRound__last_write_site=0, acceptor0_ingress_registerVRound__next_write_site=0, acceptor0_ingress_registerVRound__wrote_any=false, acceptor0_ingress_registerVRound__wrote_index0=false, acceptor0_ingress_registerValue__last0_old_value=0bv256, acceptor0_ingress_registerValue__last0_value=0bv256, acceptor0_ingress_registerValue__last_index=0bv32, acceptor0_ingress_registerValue__last_old_value=0bv256, acceptor0_ingress_registerValue__last_value=0bv256, acceptor0_ingress_registerValue__last_write_site=0, acceptor0_ingress_registerValue__next_write_site=0, acceptor0_ingress_registerValue__wrote_any=false, acceptor0_ingress_registerValue__wrote_index0=false, acceptor0_p4b_clone_e2e=false, acceptor0_p4b_clone_i2e=false, acceptor0_p4b_clone_i2i=false, acceptor0_p4b_recirculate=false, acceptor0_pkt_external=false, acceptor1_inbox_count=0, acceptor1_ingress_learner_address__last0_old_value=0bv32, acceptor1_ingress_learner_address__last0_value=0bv32, acceptor1_ingress_learner_address__last_index=0bv32, acceptor1_ingress_learner_address__last_old_value=0bv32, acceptor1_ingress_learner_address__last_value=0bv32, acceptor1_ingress_learner_address__last_write_site=0, acceptor1_ingress_learner_address__next_write_site=0, acceptor1_ingress_learner_address__wrote_any=false, acceptor1_ingress_learner_address__wrote_index0=false, acceptor1_ingress_learner_mac_address__last0_old_value=0bv48, acceptor1_ingress_learner_mac_address__last0_value=0bv48, acceptor1_ingress_learner_mac_address__last_index=0bv32, acceptor1_ingress_learner_mac_address__last_old_value=0bv48, acceptor1_ingress_learner_mac_address__last_value=0bv48, acceptor1_ingress_learner_mac_address__last_write_site=0, acceptor1_ingress_learner_mac_address__next_write_site=0, acceptor1_ingress_learner_mac_address__wrote_any=false, acceptor1_ingress_learner_mac_address__wrote_index0=false, acceptor1_ingress_my_ip_address__last0_old_value=0bv32, acceptor1_ingress_my_ip_address__last0_value=0bv32, acceptor1_ingress_my_ip_address__last_index=0bv32, acceptor1_ingress_my_ip_address__last_old_value=0bv32, acceptor1_ingress_my_ip_address__last_value=0bv32, acceptor1_ingress_my_ip_address__last_write_site=0, acceptor1_ingress_my_ip_address__next_write_site=0, acceptor1_ingress_my_ip_address__wrote_any=false, acceptor1_ingress_my_ip_address__wrote_index0=false, acceptor1_ingress_my_mac_address__last0_old_value=0bv48, acceptor1_ingress_my_mac_address__last0_value=0bv48, acceptor1_ingress_my_mac_address__last_index=0bv32, acceptor1_ingress_my_mac_address__last_old_value=0bv48, acceptor1_ingress_my_mac_address__last_value=0bv48, acceptor1_ingress_my_mac_address__last_write_site=0, acceptor1_ingress_my_mac_address__next_write_site=0, acceptor1_ingress_my_mac_address__wrote_any=false, acceptor1_ingress_my_mac_address__wrote_index0=false, acceptor1_ingress_registerAcceptorID__last0_old_value=0bv16, acceptor1_ingress_registerAcceptorID__last0_value=0bv16, acceptor1_ingress_registerAcceptorID__last_index=0bv32, acceptor1_ingress_registerAcceptorID__last_old_value=0bv16, acceptor1_ingress_registerAcceptorID__last_value=0bv16, acceptor1_ingress_registerAcceptorID__last_write_site=0, acceptor1_ingress_registerAcceptorID__next_write_site=0, acceptor1_ingress_registerAcceptorID__wrote_any=false, acceptor1_ingress_registerAcceptorID__wrote_index0=false, acceptor1_ingress_registerRound__last0_old_value=0bv16, acceptor1_ingress_registerRound__last0_value=0bv16, acceptor1_ingress_registerRound__last_index=0bv32, acceptor1_ingress_registerRound__last_old_value=0bv16, acceptor1_ingress_registerRound__last_value=0bv16, acceptor1_ingress_registerRound__last_write_site=0, acceptor1_ingress_registerRound__next_write_site=0, acceptor1_ingress_registerRound__wrote_any=false, acceptor1_ingress_registerRound__wrote_index0=false, acceptor1_ingress_registerVRound__last0_old_value=0bv16, acceptor1_ingress_registerVRound__last0_value=0bv16, acceptor1_ingress_registerVRound__last_index=0bv32, acceptor1_ingress_registerVRound__last_old_value=0bv16, acceptor1_ingress_registerVRound__last_value=0bv16, acceptor1_ingress_registerVRound__last_write_site=0, acceptor1_ingress_registerVRound__next_write_site=0, acceptor1_ingress_registerVRound__wrote_any=false, acceptor1_ingress_registerVRound__wrote_index0=false, acceptor1_ingress_registerValue__last0_old_value=0bv256, acceptor1_ingress_registerValue__last0_value=0bv256, acceptor1_ingress_registerValue__last_index=0bv32, acceptor1_ingress_registerValue__last_old_value=0bv256, acceptor1_ingress_registerValue__last_value=0bv256, acceptor1_ingress_registerValue__last_write_site=0, acceptor1_ingress_registerValue__next_write_site=0, acceptor1_ingress_registerValue__wrote_any=false, acceptor1_ingress_registerValue__wrote_index0=false, acceptor1_p4b_clone_e2e=false, acceptor1_p4b_clone_i2e=false, acceptor1_p4b_clone_i2i=false, acceptor1_p4b_recirculate=false, acceptor1_pkt_external=false, acceptor2_inbox_count=0, acceptor2_ingress_learner_address__last0_old_value=0bv32, acceptor2_ingress_learner_address__last0_value=0bv32, acceptor2_ingress_learner_address__last_index=0bv32, acceptor2_ingress_learner_address__last_old_value=0bv32, acceptor2_ingress_learner_address__last_value=0bv32, acceptor2_ingress_learner_address__last_write_site=0, acceptor2_ingress_learner_address__next_write_site=0, acceptor2_ingress_learner_address__wrote_any=false, acceptor2_ingress_learner_address__wrote_index0=false, acceptor2_ingress_learner_mac_address__last0_old_value=0bv48, acceptor2_ingress_learner_mac_address__last0_value=0bv48, acceptor2_ingress_learner_mac_address__last_index=0bv32, acceptor2_ingress_learner_mac_address__last_old_value=0bv48, acceptor2_ingress_learner_mac_address__last_value=0bv48, acceptor2_ingress_learner_mac_address__last_write_site=0, acceptor2_ingress_learner_mac_address__next_write_site=0, acceptor2_ingress_learner_mac_address__wrote_any=false, acceptor2_ingress_learner_mac_address__wrote_index0=false, acceptor2_ingress_my_ip_address__last0_old_value=0bv32, acceptor2_ingress_my_ip_address__last0_value=0bv32, acceptor2_ingress_my_ip_address__last_index=0bv32, acceptor2_ingress_my_ip_address__last_old_value=0bv32, acceptor2_ingress_my_ip_address__last_value=0bv32, acceptor2_ingress_my_ip_address__last_write_site=0, acceptor2_ingress_my_ip_address__next_write_site=0, acceptor2_ingress_my_ip_address__wrote_any=false, acceptor2_ingress_my_ip_address__wrote_index0=false, acceptor2_ingress_my_mac_address__last0_old_value=0bv48, acceptor2_ingress_my_mac_address__last0_value=0bv48, acceptor2_ingress_my_mac_address__last_index=0bv32, acceptor2_ingress_my_mac_address__last_old_value=0bv48, acceptor2_ingress_my_mac_address__last_value=0bv48, acceptor2_ingress_my_mac_address__last_write_site=0, acceptor2_ingress_my_mac_address__next_write_site=0, acceptor2_ingress_my_mac_address__wrote_any=false, acceptor2_ingress_my_mac_address__wrote_index0=false, acceptor2_ingress_registerAcceptorID__last0_old_value=0bv16, acceptor2_ingress_registerAcceptorID__last0_value=0bv16, acceptor2_ingress_registerAcceptorID__last_index=0bv32, acceptor2_ingress_registerAcceptorID__last_old_value=0bv16, acceptor2_ingress_registerAcceptorID__last_value=0bv16, acceptor2_ingress_registerAcceptorID__last_write_site=0, acceptor2_ingress_registerAcceptorID__next_write_site=0, acceptor2_ingress_registerAcceptorID__wrote_any=false, acceptor2_ingress_registerAcceptorID__wrote_index0=false, acceptor2_ingress_registerRound__last0_old_value=0bv16, acceptor2_ingress_registerRound__last0_value=0bv16, acceptor2_ingress_registerRound__last_index=0bv32, acceptor2_ingress_registerRound__last_old_value=0bv16, acceptor2_ingress_registerRound__last_value=0bv16, acceptor2_ingress_registerRound__last_write_site=0, acceptor2_ingress_registerRound__next_write_site=0, acceptor2_ingress_registerRound__wrote_any=false, acceptor2_ingress_registerRound__wrote_index0=false, acceptor2_ingress_registerVRound__last0_old_value=0bv16, acceptor2_ingress_registerVRound__last0_value=0bv16, acceptor2_ingress_registerVRound__last_index=0bv32, acceptor2_ingress_registerVRound__last_old_value=0bv16, acceptor2_ingress_registerVRound__last_value=0bv16, acceptor2_ingress_registerVRound__last_write_site=0, acceptor2_ingress_registerVRound__next_write_site=0, acceptor2_ingress_registerVRound__wrote_any=false, acceptor2_ingress_registerVRound__wrote_index0=false, acceptor2_ingress_registerValue__last0_old_value=0bv256, acceptor2_ingress_registerValue__last0_value=0bv256, acceptor2_ingress_registerValue__last_index=0bv32, acceptor2_ingress_registerValue__last_old_value=0bv256, acceptor2_ingress_registerValue__last_value=0bv256, acceptor2_ingress_registerValue__last_write_site=0, acceptor2_ingress_registerValue__next_write_site=0, acceptor2_ingress_registerValue__wrote_any=false, acceptor2_ingress_registerValue__wrote_index0=false, acceptor2_p4b_clone_e2e=false, acceptor2_p4b_clone_i2e=false, acceptor2_p4b_clone_i2i=false, acceptor2_p4b_recirculate=false, acceptor2_pkt_external=false, leader_drop=true, leader_egress_place_holder_table.hit=false, leader_forward=false, leader_hdr.ethernet.etherType=0bv16, leader_inbox_count=0, leader_ingress_ctrlInstane__last0_old_value=0bv32, leader_ingress_ctrlInstane__last0_value=0bv32, leader_ingress_ctrlInstane__last_index=0bv32, leader_ingress_ctrlInstane__last_old_value=0bv32, leader_ingress_ctrlInstane__last_value=0bv32, leader_ingress_ctrlInstane__last_write_site=0, leader_ingress_ctrlInstane__next_write_site=0, leader_ingress_ctrlInstane__wrote_any=false, leader_ingress_ctrlInstane__wrote_index0=false, leader_p4b_checksum_error=false, leader_p4b_checksum_updated=false, leader_p4b_checksum_verified=false, leader_p4b_clone_e2e=false, leader_p4b_clone_i2e=false, leader_p4b_clone_i2i=false, leader_p4b_digest=false, leader_p4b_recirculate=false, leader_pkt_external=true, learner_inbox_count=0, learner_ingress_registerHistory2B__last0_old_value=0bv8, learner_ingress_registerHistory2B__last0_value=0bv8, learner_ingress_registerHistory2B__last_index=0bv32, learner_ingress_registerHistory2B__last_old_value=0bv8, learner_ingress_registerHistory2B__last_value=0bv8, learner_ingress_registerHistory2B__last_write_site=0, learner_ingress_registerHistory2B__next_write_site=0, learner_ingress_registerHistory2B__wrote_any=false, learner_ingress_registerHistory2B__wrote_index0=false, learner_ingress_registerRound__last0_old_value=0bv16, learner_ingress_registerRound__last0_value=0bv16, learner_ingress_registerRound__last_index=0bv32, learner_ingress_registerRound__last_old_value=0bv16, learner_ingress_registerRound__last_value=0bv16, learner_ingress_registerRound__last_write_site=0, learner_ingress_registerRound__next_write_site=0, learner_ingress_registerRound__wrote_any=false, learner_ingress_registerRound__wrote_index0=false, learner_ingress_registerValue__last0_old_value=0bv256, learner_ingress_registerValue__last0_value=0bv256, learner_ingress_registerValue__last_index=0bv32, learner_ingress_registerValue__last_old_value=0bv256, learner_ingress_registerValue__last_value=0bv256, learner_ingress_registerValue__last_write_site=0, learner_ingress_registerValue__next_write_site=0, learner_ingress_registerValue__wrote_any=false, learner_ingress_registerValue__wrote_index0=false, learner_p4b_clone_e2e=false, learner_p4b_clone_i2e=false, learner_p4b_clone_i2i=false, learner_p4b_recirculate=false, learner_pkt_external=false, procurator_step=1]
[L4121]              leader_p4b_recirculate := false;
[L4122]  CALL        call leader_Forward();
[L3748]  COND TRUE   leader_standard_metadata.egress_port == 0bv9
         VAL         [acceptor0_inbox_count=0, acceptor0_ingress_learner_address__last0_old_value=0bv32, acceptor0_ingress_learner_address__last0_value=0bv32, acceptor0_ingress_learner_address__last_index=0bv32, acceptor0_ingress_learner_address__last_old_value=0bv32, acceptor0_ingress_learner_address__last_value=0bv32, acceptor0_ingress_learner_address__last_write_site=0, acceptor0_ingress_learner_address__next_write_site=0, acceptor0_ingress_learner_address__wrote_any=false, acceptor0_ingress_learner_address__wrote_index0=false, acceptor0_ingress_learner_mac_address__last0_old_value=0bv48, acceptor0_ingress_learner_mac_address__last0_value=0bv48, acceptor0_ingress_learner_mac_address__last_index=0bv32, acceptor0_ingress_learner_mac_address__last_old_value=0bv48, acceptor0_ingress_learner_mac_address__last_value=0bv48, acceptor0_ingress_learner_mac_address__last_write_site=0, acceptor0_ingress_learner_mac_address__next_write_site=0, acceptor0_ingress_learner_mac_address__wrote_any=false, acceptor0_ingress_learner_mac_address__wrote_index0=false, acceptor0_ingress_my_ip_address__last0_old_value=0bv32, acceptor0_ingress_my_ip_address__last0_value=0bv32, acceptor0_ingress_my_ip_address__last_index=0bv32, acceptor0_ingress_my_ip_address__last_old_value=0bv32, acceptor0_ingress_my_ip_address__last_value=0bv32, acceptor0_ingress_my_ip_address__last_write_site=0, acceptor0_ingress_my_ip_address__next_write_site=0, acceptor0_ingress_my_ip_address__wrote_any=false, acceptor0_ingress_my_ip_address__wrote_index0=false, acceptor0_ingress_my_mac_address__last0_old_value=0bv48, acceptor0_ingress_my_mac_address__last0_value=0bv48, acceptor0_ingress_my_mac_address__last_index=0bv32, acceptor0_ingress_my_mac_address__last_old_value=0bv48, acceptor0_ingress_my_mac_address__last_value=0bv48, acceptor0_ingress_my_mac_address__last_write_site=0, acceptor0_ingress_my_mac_address__next_write_site=0, acceptor0_ingress_my_mac_address__wrote_any=false, acceptor0_ingress_my_mac_address__wrote_index0=false, acceptor0_ingress_registerAcceptorID__last0_old_value=0bv16, acceptor0_ingress_registerAcceptorID__last0_value=0bv16, acceptor0_ingress_registerAcceptorID__last_index=0bv32, acceptor0_ingress_registerAcceptorID__last_old_value=0bv16, acceptor0_ingress_registerAcceptorID__last_value=0bv16, acceptor0_ingress_registerAcceptorID__last_write_site=0, acceptor0_ingress_registerAcceptorID__next_write_site=0, acceptor0_ingress_registerAcceptorID__wrote_any=false, acceptor0_ingress_registerAcceptorID__wrote_index0=false, acceptor0_ingress_registerRound__last0_old_value=0bv16, acceptor0_ingress_registerRound__last0_value=0bv16, acceptor0_ingress_registerRound__last_index=0bv32, acceptor0_ingress_registerRound__last_old_value=0bv16, acceptor0_ingress_registerRound__last_value=0bv16, acceptor0_ingress_registerRound__last_write_site=0, acceptor0_ingress_registerRound__next_write_site=0, acceptor0_ingress_registerRound__wrote_any=false, acceptor0_ingress_registerRound__wrote_index0=false, acceptor0_ingress_registerVRound__last0_old_value=0bv16, acceptor0_ingress_registerVRound__last0_value=0bv16, acceptor0_ingress_registerVRound__last_index=0bv32, acceptor0_ingress_registerVRound__last_old_value=0bv16, acceptor0_ingress_registerVRound__last_value=0bv16, acceptor0_ingress_registerVRound__last_write_site=0, acceptor0_ingress_registerVRound__next_write_site=0, acceptor0_ingress_registerVRound__wrote_any=false, acceptor0_ingress_registerVRound__wrote_index0=false, acceptor0_ingress_registerValue__last0_old_value=0bv256, acceptor0_ingress_registerValue__last0_value=0bv256, acceptor0_ingress_registerValue__last_index=0bv32, acceptor0_ingress_registerValue__last_old_value=0bv256, acceptor0_ingress_registerValue__last_value=0bv256, acceptor0_ingress_registerValue__last_write_site=0, acceptor0_ingress_registerValue__next_write_site=0, acceptor0_ingress_registerValue__wrote_any=false, acceptor0_ingress_registerValue__wrote_index0=false, acceptor0_p4b_clone_e2e=false, acceptor0_p4b_clone_i2e=false, acceptor0_p4b_clone_i2i=false, acceptor0_p4b_recirculate=false, acceptor0_pkt_external=false, acceptor1_inbox_count=0, acceptor1_ingress_learner_address__last0_old_value=0bv32, acceptor1_ingress_learner_address__last0_value=0bv32, acceptor1_ingress_learner_address__last_index=0bv32, acceptor1_ingress_learner_address__last_old_value=0bv32, acceptor1_ingress_learner_address__last_value=0bv32, acceptor1_ingress_learner_address__last_write_site=0, acceptor1_ingress_learner_address__next_write_site=0, acceptor1_ingress_learner_address__wrote_any=false, acceptor1_ingress_learner_address__wrote_index0=false, acceptor1_ingress_learner_mac_address__last0_old_value=0bv48, acceptor1_ingress_learner_mac_address__last0_value=0bv48, acceptor1_ingress_learner_mac_address__last_index=0bv32, acceptor1_ingress_learner_mac_address__last_old_value=0bv48, acceptor1_ingress_learner_mac_address__last_value=0bv48, acceptor1_ingress_learner_mac_address__last_write_site=0, acceptor1_ingress_learner_mac_address__next_write_site=0, acceptor1_ingress_learner_mac_address__wrote_any=false, acceptor1_ingress_learner_mac_address__wrote_index0=false, acceptor1_ingress_my_ip_address__last0_old_value=0bv32, acceptor1_ingress_my_ip_address__last0_value=0bv32, acceptor1_ingress_my_ip_address__last_index=0bv32, acceptor1_ingress_my_ip_address__last_old_value=0bv32, acceptor1_ingress_my_ip_address__last_value=0bv32, acceptor1_ingress_my_ip_address__last_write_site=0, acceptor1_ingress_my_ip_address__next_write_site=0, acceptor1_ingress_my_ip_address__wrote_any=false, acceptor1_ingress_my_ip_address__wrote_index0=false, acceptor1_ingress_my_mac_address__last0_old_value=0bv48, acceptor1_ingress_my_mac_address__last0_value=0bv48, acceptor1_ingress_my_mac_address__last_index=0bv32, acceptor1_ingress_my_mac_address__last_old_value=0bv48, acceptor1_ingress_my_mac_address__last_value=0bv48, acceptor1_ingress_my_mac_address__last_write_site=0, acceptor1_ingress_my_mac_address__next_write_site=0, acceptor1_ingress_my_mac_address__wrote_any=false, acceptor1_ingress_my_mac_address__wrote_index0=false, acceptor1_ingress_registerAcceptorID__last0_old_value=0bv16, acceptor1_ingress_registerAcceptorID__last0_value=0bv16, acceptor1_ingress_registerAcceptorID__last_index=0bv32, acceptor1_ingress_registerAcceptorID__last_old_value=0bv16, acceptor1_ingress_registerAcceptorID__last_value=0bv16, acceptor1_ingress_registerAcceptorID__last_write_site=0, acceptor1_ingress_registerAcceptorID__next_write_site=0, acceptor1_ingress_registerAcceptorID__wrote_any=false, acceptor1_ingress_registerAcceptorID__wrote_index0=false, acceptor1_ingress_registerRound__last0_old_value=0bv16, acceptor1_ingress_registerRound__last0_value=0bv16, acceptor1_ingress_registerRound__last_index=0bv32, acceptor1_ingress_registerRound__last_old_value=0bv16, acceptor1_ingress_registerRound__last_value=0bv16, acceptor1_ingress_registerRound__last_write_site=0, acceptor1_ingress_registerRound__next_write_site=0, acceptor1_ingress_registerRound__wrote_any=false, acceptor1_ingress_registerRound__wrote_index0=false, acceptor1_ingress_registerVRound__last0_old_value=0bv16, acceptor1_ingress_registerVRound__last0_value=0bv16, acceptor1_ingress_registerVRound__last_index=0bv32, acceptor1_ingress_registerVRound__last_old_value=0bv16, acceptor1_ingress_registerVRound__last_value=0bv16, acceptor1_ingress_registerVRound__last_write_site=0, acceptor1_ingress_registerVRound__next_write_site=0, acceptor1_ingress_registerVRound__wrote_any=false, acceptor1_ingress_registerVRound__wrote_index0=false, acceptor1_ingress_registerValue__last0_old_value=0bv256, acceptor1_ingress_registerValue__last0_value=0bv256, acceptor1_ingress_registerValue__last_index=0bv32, acceptor1_ingress_registerValue__last_old_value=0bv256, acceptor1_ingress_registerValue__last_value=0bv256, acceptor1_ingress_registerValue__last_write_site=0, acceptor1_ingress_registerValue__next_write_site=0, acceptor1_ingress_registerValue__wrote_any=false, acceptor1_ingress_registerValue__wrote_index0=false, acceptor1_p4b_clone_e2e=false, acceptor1_p4b_clone_i2e=false, acceptor1_p4b_clone_i2i=false, acceptor1_p4b_recirculate=false, acceptor1_pkt_external=false, acceptor2_inbox_count=0, acceptor2_ingress_learner_address__last0_old_value=0bv32, acceptor2_ingress_learner_address__last0_value=0bv32, acceptor2_ingress_learner_address__last_index=0bv32, acceptor2_ingress_learner_address__last_old_value=0bv32, acceptor2_ingress_learner_address__last_value=0bv32, acceptor2_ingress_learner_address__last_write_site=0, acceptor2_ingress_learner_address__next_write_site=0, acceptor2_ingress_learner_address__wrote_any=false, acceptor2_ingress_learner_address__wrote_index0=false, acceptor2_ingress_learner_mac_address__last0_old_value=0bv48, acceptor2_ingress_learner_mac_address__last0_value=0bv48, acceptor2_ingress_learner_mac_address__last_index=0bv32, acceptor2_ingress_learner_mac_address__last_old_value=0bv48, acceptor2_ingress_learner_mac_address__last_value=0bv48, acceptor2_ingress_learner_mac_address__last_write_site=0, acceptor2_ingress_learner_mac_address__next_write_site=0, acceptor2_ingress_learner_mac_address__wrote_any=false, acceptor2_ingress_learner_mac_address__wrote_index0=false, acceptor2_ingress_my_ip_address__last0_old_value=0bv32, acceptor2_ingress_my_ip_address__last0_value=0bv32, acceptor2_ingress_my_ip_address__last_index=0bv32, acceptor2_ingress_my_ip_address__last_old_value=0bv32, acceptor2_ingress_my_ip_address__last_value=0bv32, acceptor2_ingress_my_ip_address__last_write_site=0, acceptor2_ingress_my_ip_address__next_write_site=0, acceptor2_ingress_my_ip_address__wrote_any=false, acceptor2_ingress_my_ip_address__wrote_index0=false, acceptor2_ingress_my_mac_address__last0_old_value=0bv48, acceptor2_ingress_my_mac_address__last0_value=0bv48, acceptor2_ingress_my_mac_address__last_index=0bv32, acceptor2_ingress_my_mac_address__last_old_value=0bv48, acceptor2_ingress_my_mac_address__last_value=0bv48, acceptor2_ingress_my_mac_address__last_write_site=0, acceptor2_ingress_my_mac_address__next_write_site=0, acceptor2_ingress_my_mac_address__wrote_any=false, acceptor2_ingress_my_mac_address__wrote_index0=false, acceptor2_ingress_registerAcceptorID__last0_old_value=0bv16, acceptor2_ingress_registerAcceptorID__last0_value=0bv16, acceptor2_ingress_registerAcceptorID__last_index=0bv32, acceptor2_ingress_registerAcceptorID__last_old_value=0bv16, acceptor2_ingress_registerAcceptorID__last_value=0bv16, acceptor2_ingress_registerAcceptorID__last_write_site=0, acceptor2_ingress_registerAcceptorID__next_write_site=0, acceptor2_ingress_registerAcceptorID__wrote_any=false, acceptor2_ingress_registerAcceptorID__wrote_index0=false, acceptor2_ingress_registerRound__last0_old_value=0bv16, acceptor2_ingress_registerRound__last0_value=0bv16, acceptor2_ingress_registerRound__last_index=0bv32, acceptor2_ingress_registerRound__last_old_value=0bv16, acceptor2_ingress_registerRound__last_value=0bv16, acceptor2_ingress_registerRound__last_write_site=0, acceptor2_ingress_registerRound__next_write_site=0, acceptor2_ingress_registerRound__wrote_any=false, acceptor2_ingress_registerRound__wrote_index0=false, acceptor2_ingress_registerVRound__last0_old_value=0bv16, acceptor2_ingress_registerVRound__last0_value=0bv16, acceptor2_ingress_registerVRound__last_index=0bv32, acceptor2_ingress_registerVRound__last_old_value=0bv16, acceptor2_ingress_registerVRound__last_value=0bv16, acceptor2_ingress_registerVRound__last_write_site=0, acceptor2_ingress_registerVRound__next_write_site=0, acceptor2_ingress_registerVRound__wrote_any=false, acceptor2_ingress_registerVRound__wrote_index0=false, acceptor2_ingress_registerValue__last0_old_value=0bv256, acceptor2_ingress_registerValue__last0_value=0bv256, acceptor2_ingress_registerValue__last_index=0bv32, acceptor2_ingress_registerValue__last_old_value=0bv256, acceptor2_ingress_registerValue__last_value=0bv256, acceptor2_ingress_registerValue__last_write_site=0, acceptor2_ingress_registerValue__next_write_site=0, acceptor2_ingress_registerValue__wrote_any=false, acceptor2_ingress_registerValue__wrote_index0=false, acceptor2_p4b_clone_e2e=false, acceptor2_p4b_clone_i2e=false, acceptor2_p4b_clone_i2i=false, acceptor2_p4b_recirculate=false, acceptor2_pkt_external=false, leader_drop=true, leader_egress_place_holder_table.hit=false, leader_forward=false, leader_hdr.ethernet.etherType=0bv16, leader_inbox_count=0, leader_ingress_ctrlInstane__last0_old_value=0bv32, leader_ingress_ctrlInstane__last0_value=0bv32, leader_ingress_ctrlInstane__last_index=0bv32, leader_ingress_ctrlInstane__last_old_value=0bv32, leader_ingress_ctrlInstane__last_value=0bv32, leader_ingress_ctrlInstane__last_write_site=0, leader_ingress_ctrlInstane__next_write_site=0, leader_ingress_ctrlInstane__wrote_any=false, leader_ingress_ctrlInstane__wrote_index0=false, leader_p4b_checksum_error=false, leader_p4b_checksum_updated=false, leader_p4b_checksum_verified=false, leader_p4b_clone_e2e=false, leader_p4b_clone_i2e=false, leader_p4b_clone_i2i=false, leader_p4b_digest=false, leader_p4b_recirculate=false, leader_pkt_external=true, leader_standard_metadata.egress_port=0bv9, learner_inbox_count=0, learner_ingress_registerHistory2B__last0_old_value=0bv8, learner_ingress_registerHistory2B__last0_value=0bv8, learner_ingress_registerHistory2B__last_index=0bv32, learner_ingress_registerHistory2B__last_old_value=0bv8, learner_ingress_registerHistory2B__last_value=0bv8, learner_ingress_registerHistory2B__last_write_site=0, learner_ingress_registerHistory2B__next_write_site=0, learner_ingress_registerHistory2B__wrote_any=false, learner_ingress_registerHistory2B__wrote_index0=false, learner_ingress_registerRound__last0_old_value=0bv16, learner_ingress_registerRound__last0_value=0bv16, learner_ingress_registerRound__last_index=0bv32, learner_ingress_registerRound__last_old_value=0bv16, learner_ingress_registerRound__last_value=0bv16, learner_ingress_registerRound__last_write_site=0, learner_ingress_registerRound__next_write_site=0, learner_ingress_registerRound__wrote_any=false, learner_ingress_registerRound__wrote_index0=false, learner_ingress_registerValue__last0_old_value=0bv256, learner_ingress_registerValue__last0_value=0bv256, learner_ingress_registerValue__last_index=0bv32, learner_ingress_registerValue__last_old_value=0bv256, learner_ingress_registerValue__last_value=0bv256, learner_ingress_registerValue__last_write_site=0, learner_ingress_registerValue__next_write_site=0, learner_ingress_registerValue__wrote_any=false, learner_ingress_registerValue__wrote_index0=false, learner_p4b_clone_e2e=false, learner_p4b_clone_i2e=false, learner_p4b_clone_i2i=false, learner_p4b_recirculate=false, learner_pkt_external=false, procurator_step=1]
[L4122]  RET         call leader_Forward();
[L4124]              leader_ingress_ctrlInstane__dbg0 := leader_ingress_ctrlInstane[0bv32];
[L4125]              leader_ingress_ctrlInstane__last_index__dbg := leader_ingress_ctrlInstane__last_index;
[L4126]              leader_ingress_ctrlInstane__last_value__dbg := leader_ingress_ctrlInstane__last_value;
[L4127]              leader_ingress_ctrlInstane__last_old_value__dbg := leader_ingress_ctrlInstane__last_old_value;
[L4128]              leader_ingress_ctrlInstane__wrote_any__dbg := leader_ingress_ctrlInstane__wrote_any;
[L4129]              leader_ingress_ctrlInstane__wrote_index0__dbg := leader_ingress_ctrlInstane__wrote_index0;
[L4130]              leader_ingress_ctrlInstane__last0_old_value__dbg := leader_ingress_ctrlInstane__last0_old_value;
[L4131]              leader_ingress_ctrlInstane__last0_value__dbg := leader_ingress_ctrlInstane__last0_value;
[L4132]              acceptor0_ingress_learner_address__dbg0 := acceptor0_ingress_learner_address[0bv32];
[L4133]              acceptor0_ingress_learner_address__last_index__dbg := acceptor0_ingress_learner_address__last_index;
[L4134]              acceptor0_ingress_learner_address__last_value__dbg := acceptor0_ingress_learner_address__last_value;
[L4135]              acceptor0_ingress_learner_address__last_old_value__dbg := acceptor0_ingress_learner_address__last_old_value;
[L4136]              acceptor0_ingress_learner_address__wrote_any__dbg := acceptor0_ingress_learner_address__wrote_any;
[L4137]              acceptor0_ingress_learner_address__wrote_index0__dbg := acceptor0_ingress_learner_address__wrote_index0;
[L4138]              acceptor0_ingress_learner_address__last0_old_value__dbg := acceptor0_ingress_learner_address__last0_old_value;
[L4139]              acceptor0_ingress_learner_address__last0_value__dbg := acceptor0_ingress_learner_address__last0_value;
[L4140]              acceptor0_ingress_learner_mac_address__dbg0 := acceptor0_ingress_learner_mac_address[0bv32];
[L4141]              acceptor0_ingress_learner_mac_address__last_index__dbg := acceptor0_ingress_learner_mac_address__last_index;
[L4142]              acceptor0_ingress_learner_mac_address__last_value__dbg := acceptor0_ingress_learner_mac_address__last_value;
[L4143]              acceptor0_ingress_learner_mac_address__last_old_value__dbg := acceptor0_ingress_learner_mac_address__last_old_value;
[L4144]              acceptor0_ingress_learner_mac_address__wrote_any__dbg := acceptor0_ingress_learner_mac_address__wrote_any;
[L4145]              acceptor0_ingress_learner_mac_address__wrote_index0__dbg := acceptor0_ingress_learner_mac_address__wrote_index0;
[L4146]              acceptor0_ingress_learner_mac_address__last0_old_value__dbg := acceptor0_ingress_learner_mac_address__last0_old_value;
[L4147]              acceptor0_ingress_learner_mac_address__last0_value__dbg := acceptor0_ingress_learner_mac_address__last0_value;
[L4148]              acceptor0_ingress_my_ip_address__dbg0 := acceptor0_ingress_my_ip_address[0bv32];
[L4149]              acceptor0_ingress_my_ip_address__last_index__dbg := acceptor0_ingress_my_ip_address__last_index;
[L4150]              acceptor0_ingress_my_ip_address__last_value__dbg := acceptor0_ingress_my_ip_address__last_value;
[L4151]              acceptor0_ingress_my_ip_address__last_old_value__dbg := acceptor0_ingress_my_ip_address__last_old_value;
[L4152]              acceptor0_ingress_my_ip_address__wrote_any__dbg := acceptor0_ingress_my_ip_address__wrote_any;
[L4153]              acceptor0_ingress_my_ip_address__wrote_index0__dbg := acceptor0_ingress_my_ip_address__wrote_index0;
[L4154]              acceptor0_ingress_my_ip_address__last0_old_value__dbg := acceptor0_ingress_my_ip_address__last0_old_value;
[L4155]              acceptor0_ingress_my_ip_address__last0_value__dbg := acceptor0_ingress_my_ip_address__last0_value;
[L4156]              acceptor0_ingress_my_mac_address__dbg0 := acceptor0_ingress_my_mac_address[0bv32];
[L4157]              acceptor0_ingress_my_mac_address__last_index__dbg := acceptor0_ingress_my_mac_address__last_index;
[L4158]              acceptor0_ingress_my_mac_address__last_value__dbg := acceptor0_ingress_my_mac_address__last_value;
[L4159]              acceptor0_ingress_my_mac_address__last_old_value__dbg := acceptor0_ingress_my_mac_address__last_old_value;
[L4160]              acceptor0_ingress_my_mac_address__wrote_any__dbg := acceptor0_ingress_my_mac_address__wrote_any;
[L4161]              acceptor0_ingress_my_mac_address__wrote_index0__dbg := acceptor0_ingress_my_mac_address__wrote_index0;
[L4162]              acceptor0_ingress_my_mac_address__last0_old_value__dbg := acceptor0_ingress_my_mac_address__last0_old_value;
[L4163]              acceptor0_ingress_my_mac_address__last0_value__dbg := acceptor0_ingress_my_mac_address__last0_value;
[L4164]              acceptor0_ingress_registerAcceptorID__dbg0 := acceptor0_ingress_registerAcceptorID[0bv32];
[L4165]              acceptor0_ingress_registerAcceptorID__last_index__dbg := acceptor0_ingress_registerAcceptorID__last_index;
[L4166]              acceptor0_ingress_registerAcceptorID__last_value__dbg := acceptor0_ingress_registerAcceptorID__last_value;
[L4167]              acceptor0_ingress_registerAcceptorID__last_old_value__dbg := acceptor0_ingress_registerAcceptorID__last_old_value;
[L4168]              acceptor0_ingress_registerAcceptorID__wrote_any__dbg := acceptor0_ingress_registerAcceptorID__wrote_any;
[L4169]              acceptor0_ingress_registerAcceptorID__wrote_index0__dbg := acceptor0_ingress_registerAcceptorID__wrote_index0;
[L4170]              acceptor0_ingress_registerAcceptorID__last0_old_value__dbg := acceptor0_ingress_registerAcceptorID__last0_old_value;
[L4171]              acceptor0_ingress_registerAcceptorID__last0_value__dbg := acceptor0_ingress_registerAcceptorID__last0_value;
[L4172]              acceptor0_ingress_registerRound__dbg0 := acceptor0_ingress_registerRound[0bv32];
[L4173]              acceptor0_ingress_registerRound__last_index__dbg := acceptor0_ingress_registerRound__last_index;
[L4174]              acceptor0_ingress_registerRound__last_value__dbg := acceptor0_ingress_registerRound__last_value;
[L4175]              acceptor0_ingress_registerRound__last_old_value__dbg := acceptor0_ingress_registerRound__last_old_value;
[L4176]              acceptor0_ingress_registerRound__wrote_any__dbg := acceptor0_ingress_registerRound__wrote_any;
[L4177]              acceptor0_ingress_registerRound__wrote_index0__dbg := acceptor0_ingress_registerRound__wrote_index0;
[L4178]              acceptor0_ingress_registerRound__last0_old_value__dbg := acceptor0_ingress_registerRound__last0_old_value;
[L4179]              acceptor0_ingress_registerRound__last0_value__dbg := acceptor0_ingress_registerRound__last0_value;
[L4180]              acceptor0_ingress_registerVRound__dbg0 := acceptor0_ingress_registerVRound[0bv32];
[L4181]              acceptor0_ingress_registerVRound__last_index__dbg := acceptor0_ingress_registerVRound__last_index;
[L4182]              acceptor0_ingress_registerVRound__last_value__dbg := acceptor0_ingress_registerVRound__last_value;
[L4183]              acceptor0_ingress_registerVRound__last_old_value__dbg := acceptor0_ingress_registerVRound__last_old_value;
[L4184]              acceptor0_ingress_registerVRound__wrote_any__dbg := acceptor0_ingress_registerVRound__wrote_any;
[L4185]              acceptor0_ingress_registerVRound__wrote_index0__dbg := acceptor0_ingress_registerVRound__wrote_index0;
[L4186]              acceptor0_ingress_registerVRound__last0_old_value__dbg := acceptor0_ingress_registerVRound__last0_old_value;
[L4187]              acceptor0_ingress_registerVRound__last0_value__dbg := acceptor0_ingress_registerVRound__last0_value;
[L4188]              acceptor0_ingress_registerValue__dbg0 := acceptor0_ingress_registerValue[0bv32];
[L4189]              acceptor0_ingress_registerValue__last_index__dbg := acceptor0_ingress_registerValue__last_index;
[L4190]              acceptor0_ingress_registerValue__last_value__dbg := acceptor0_ingress_registerValue__last_value;
[L4191]              acceptor0_ingress_registerValue__last_old_value__dbg := acceptor0_ingress_registerValue__last_old_value;
[L4192]              acceptor0_ingress_registerValue__wrote_any__dbg := acceptor0_ingress_registerValue__wrote_any;
[L4193]              acceptor0_ingress_registerValue__wrote_index0__dbg := acceptor0_ingress_registerValue__wrote_index0;
[L4194]              acceptor0_ingress_registerValue__last0_old_value__dbg := acceptor0_ingress_registerValue__last0_old_value;
[L4195]              acceptor0_ingress_registerValue__last0_value__dbg := acceptor0_ingress_registerValue__last0_value;
[L4196]              acceptor1_ingress_learner_address__dbg0 := acceptor1_ingress_learner_address[0bv32];
[L4197]              acceptor1_ingress_learner_address__last_index__dbg := acceptor1_ingress_learner_address__last_index;
[L4198]              acceptor1_ingress_learner_address__last_value__dbg := acceptor1_ingress_learner_address__last_value;
[L4199]              acceptor1_ingress_learner_address__last_old_value__dbg := acceptor1_ingress_learner_address__last_old_value;
[L4200]              acceptor1_ingress_learner_address__wrote_any__dbg := acceptor1_ingress_learner_address__wrote_any;
[L4201]              acceptor1_ingress_learner_address__wrote_index0__dbg := acceptor1_ingress_learner_address__wrote_index0;
[L4202]              acceptor1_ingress_learner_address__last0_old_value__dbg := acceptor1_ingress_learner_address__last0_old_value;
[L4203]              acceptor1_ingress_learner_address__last0_value__dbg := acceptor1_ingress_learner_address__last0_value;
[L4204]              acceptor1_ingress_learner_mac_address__dbg0 := acceptor1_ingress_learner_mac_address[0bv32];
[L4205]              acceptor1_ingress_learner_mac_address__last_index__dbg := acceptor1_ingress_learner_mac_address__last_index;
[L4206]              acceptor1_ingress_learner_mac_address__last_value__dbg := acceptor1_ingress_learner_mac_address__last_value;
[L4207]              acceptor1_ingress_learner_mac_address__last_old_value__dbg := acceptor1_ingress_learner_mac_address__last_old_value;
[L4208]              acceptor1_ingress_learner_mac_address__wrote_any__dbg := acceptor1_ingress_learner_mac_address__wrote_any;
[L4209]              acceptor1_ingress_learner_mac_address__wrote_index0__dbg := acceptor1_ingress_learner_mac_address__wrote_index0;
[L4210]              acceptor1_ingress_learner_mac_address__last0_old_value__dbg := acceptor1_ingress_learner_mac_address__last0_old_value;
[L4211]              acceptor1_ingress_learner_mac_address__last0_value__dbg := acceptor1_ingress_learner_mac_address__last0_value;
[L4212]              acceptor1_ingress_my_ip_address__dbg0 := acceptor1_ingress_my_ip_address[0bv32];
[L4213]              acceptor1_ingress_my_ip_address__last_index__dbg := acceptor1_ingress_my_ip_address__last_index;
[L4214]              acceptor1_ingress_my_ip_address__last_value__dbg := acceptor1_ingress_my_ip_address__last_value;
[L4215]              acceptor1_ingress_my_ip_address__last_old_value__dbg := acceptor1_ingress_my_ip_address__last_old_value;
[L4216]              acceptor1_ingress_my_ip_address__wrote_any__dbg := acceptor1_ingress_my_ip_address__wrote_any;
[L4217]              acceptor1_ingress_my_ip_address__wrote_index0__dbg := acceptor1_ingress_my_ip_address__wrote_index0;
[L4218]              acceptor1_ingress_my_ip_address__last0_old_value__dbg := acceptor1_ingress_my_ip_address__last0_old_value;
[L4219]              acceptor1_ingress_my_ip_address__last0_value__dbg := acceptor1_ingress_my_ip_address__last0_value;
[L4220]              acceptor1_ingress_my_mac_address__dbg0 := acceptor1_ingress_my_mac_address[0bv32];
[L4221]              acceptor1_ingress_my_mac_address__last_index__dbg := acceptor1_ingress_my_mac_address__last_index;
[L4222]              acceptor1_ingress_my_mac_address__last_value__dbg := acceptor1_ingress_my_mac_address__last_value;
[L4223]              acceptor1_ingress_my_mac_address__last_old_value__dbg := acceptor1_ingress_my_mac_address__last_old_value;
[L4224]              acceptor1_ingress_my_mac_address__wrote_any__dbg := acceptor1_ingress_my_mac_address__wrote_any;
[L4225]              acceptor1_ingress_my_mac_address__wrote_index0__dbg := acceptor1_ingress_my_mac_address__wrote_index0;
[L4226]              acceptor1_ingress_my_mac_address__last0_old_value__dbg := acceptor1_ingress_my_mac_address__last0_old_value;
[L4227]              acceptor1_ingress_my_mac_address__last0_value__dbg := acceptor1_ingress_my_mac_address__last0_value;
[L4228]              acceptor1_ingress_registerAcceptorID__dbg0 := acceptor1_ingress_registerAcceptorID[0bv32];
[L4229]              acceptor1_ingress_registerAcceptorID__last_index__dbg := acceptor1_ingress_registerAcceptorID__last_index;
[L4230]              acceptor1_ingress_registerAcceptorID__last_value__dbg := acceptor1_ingress_registerAcceptorID__last_value;
[L4231]              acceptor1_ingress_registerAcceptorID__last_old_value__dbg := acceptor1_ingress_registerAcceptorID__last_old_value;
[L4232]              acceptor1_ingress_registerAcceptorID__wrote_any__dbg := acceptor1_ingress_registerAcceptorID__wrote_any;
[L4233]              acceptor1_ingress_registerAcceptorID__wrote_index0__dbg := acceptor1_ingress_registerAcceptorID__wrote_index0;
[L4234]              acceptor1_ingress_registerAcceptorID__last0_old_value__dbg := acceptor1_ingress_registerAcceptorID__last0_old_value;
[L4235]              acceptor1_ingress_registerAcceptorID__last0_value__dbg := acceptor1_ingress_registerAcceptorID__last0_value;
[L4236]              acceptor1_ingress_registerRound__dbg0 := acceptor1_ingress_registerRound[0bv32];
[L4237]              acceptor1_ingress_registerRound__last_index__dbg := acceptor1_ingress_registerRound__last_index;
[L4238]              acceptor1_ingress_registerRound__last_value__dbg := acceptor1_ingress_registerRound__last_value;
[L4239]              acceptor1_ingress_registerRound__last_old_value__dbg := acceptor1_ingress_registerRound__last_old_value;
[L4240]              acceptor1_ingress_registerRound__wrote_any__dbg := acceptor1_ingress_registerRound__wrote_any;
[L4241]              acceptor1_ingress_registerRound__wrote_index0__dbg := acceptor1_ingress_registerRound__wrote_index0;
[L4242]              acceptor1_ingress_registerRound__last0_old_value__dbg := acceptor1_ingress_registerRound__last0_old_value;
[L4243]              acceptor1_ingress_registerRound__last0_value__dbg := acceptor1_ingress_registerRound__last0_value;
[L4244]              acceptor1_ingress_registerVRound__dbg0 := acceptor1_ingress_registerVRound[0bv32];
[L4245]              acceptor1_ingress_registerVRound__last_index__dbg := acceptor1_ingress_registerVRound__last_index;
[L4246]              acceptor1_ingress_registerVRound__last_value__dbg := acceptor1_ingress_registerVRound__last_value;
[L4247]              acceptor1_ingress_registerVRound__last_old_value__dbg := acceptor1_ingress_registerVRound__last_old_value;
[L4248]              acceptor1_ingress_registerVRound__wrote_any__dbg := acceptor1_ingress_registerVRound__wrote_any;
[L4249]              acceptor1_ingress_registerVRound__wrote_index0__dbg := acceptor1_ingress_registerVRound__wrote_index0;
[L4250]              acceptor1_ingress_registerVRound__last0_old_value__dbg := acceptor1_ingress_registerVRound__last0_old_value;
[L4251]              acceptor1_ingress_registerVRound__last0_value__dbg := acceptor1_ingress_registerVRound__last0_value;
[L4252]              acceptor1_ingress_registerValue__dbg0 := acceptor1_ingress_registerValue[0bv32];
[L4253]              acceptor1_ingress_registerValue__last_index__dbg := acceptor1_ingress_registerValue__last_index;
[L4254]              acceptor1_ingress_registerValue__last_value__dbg := acceptor1_ingress_registerValue__last_value;
[L4255]              acceptor1_ingress_registerValue__last_old_value__dbg := acceptor1_ingress_registerValue__last_old_value;
[L4256]              acceptor1_ingress_registerValue__wrote_any__dbg := acceptor1_ingress_registerValue__wrote_any;
[L4257]              acceptor1_ingress_registerValue__wrote_index0__dbg := acceptor1_ingress_registerValue__wrote_index0;
[L4258]              acceptor1_ingress_registerValue__last0_old_value__dbg := acceptor1_ingress_registerValue__last0_old_value;
[L4259]              acceptor1_ingress_registerValue__last0_value__dbg := acceptor1_ingress_registerValue__last0_value;
[L4260]              acceptor2_ingress_learner_address__dbg0 := acceptor2_ingress_learner_address[0bv32];
[L4261]              acceptor2_ingress_learner_address__last_index__dbg := acceptor2_ingress_learner_address__last_index;
[L4262]              acceptor2_ingress_learner_address__last_value__dbg := acceptor2_ingress_learner_address__last_value;
[L4263]              acceptor2_ingress_learner_address__last_old_value__dbg := acceptor2_ingress_learner_address__last_old_value;
[L4264]              acceptor2_ingress_learner_address__wrote_any__dbg := acceptor2_ingress_learner_address__wrote_any;
[L4265]              acceptor2_ingress_learner_address__wrote_index0__dbg := acceptor2_ingress_learner_address__wrote_index0;
[L4266]              acceptor2_ingress_learner_address__last0_old_value__dbg := acceptor2_ingress_learner_address__last0_old_value;
[L4267]              acceptor2_ingress_learner_address__last0_value__dbg := acceptor2_ingress_learner_address__last0_value;
[L4268]              acceptor2_ingress_learner_mac_address__dbg0 := acceptor2_ingress_learner_mac_address[0bv32];
[L4269]              acceptor2_ingress_learner_mac_address__last_index__dbg := acceptor2_ingress_learner_mac_address__last_index;
[L4270]              acceptor2_ingress_learner_mac_address__last_value__dbg := acceptor2_ingress_learner_mac_address__last_value;
[L4271]              acceptor2_ingress_learner_mac_address__last_old_value__dbg := acceptor2_ingress_learner_mac_address__last_old_value;
[L4272]              acceptor2_ingress_learner_mac_address__wrote_any__dbg := acceptor2_ingress_learner_mac_address__wrote_any;
[L4273]              acceptor2_ingress_learner_mac_address__wrote_index0__dbg := acceptor2_ingress_learner_mac_address__wrote_index0;
[L4274]              acceptor2_ingress_learner_mac_address__last0_old_value__dbg := acceptor2_ingress_learner_mac_address__last0_old_value;
[L4275]              acceptor2_ingress_learner_mac_address__last0_value__dbg := acceptor2_ingress_learner_mac_address__last0_value;
[L4276]              acceptor2_ingress_my_ip_address__dbg0 := acceptor2_ingress_my_ip_address[0bv32];
[L4277]              acceptor2_ingress_my_ip_address__last_index__dbg := acceptor2_ingress_my_ip_address__last_index;
[L4278]              acceptor2_ingress_my_ip_address__last_value__dbg := acceptor2_ingress_my_ip_address__last_value;
[L4279]              acceptor2_ingress_my_ip_address__last_old_value__dbg := acceptor2_ingress_my_ip_address__last_old_value;
[L4280]              acceptor2_ingress_my_ip_address__wrote_any__dbg := acceptor2_ingress_my_ip_address__wrote_any;
[L4281]              acceptor2_ingress_my_ip_address__wrote_index0__dbg := acceptor2_ingress_my_ip_address__wrote_index0;
[L4282]              acceptor2_ingress_my_ip_address__last0_old_value__dbg := acceptor2_ingress_my_ip_address__last0_old_value;
[L4283]              acceptor2_ingress_my_ip_address__last0_value__dbg := acceptor2_ingress_my_ip_address__last0_value;
[L4284]              acceptor2_ingress_my_mac_address__dbg0 := acceptor2_ingress_my_mac_address[0bv32];
[L4285]              acceptor2_ingress_my_mac_address__last_index__dbg := acceptor2_ingress_my_mac_address__last_index;
[L4286]              acceptor2_ingress_my_mac_address__last_value__dbg := acceptor2_ingress_my_mac_address__last_value;
[L4287]              acceptor2_ingress_my_mac_address__last_old_value__dbg := acceptor2_ingress_my_mac_address__last_old_value;
[L4288]              acceptor2_ingress_my_mac_address__wrote_any__dbg := acceptor2_ingress_my_mac_address__wrote_any;
[L4289]              acceptor2_ingress_my_mac_address__wrote_index0__dbg := acceptor2_ingress_my_mac_address__wrote_index0;
[L4290]              acceptor2_ingress_my_mac_address__last0_old_value__dbg := acceptor2_ingress_my_mac_address__last0_old_value;
[L4291]              acceptor2_ingress_my_mac_address__last0_value__dbg := acceptor2_ingress_my_mac_address__last0_value;
[L4292]              acceptor2_ingress_registerAcceptorID__dbg0 := acceptor2_ingress_registerAcceptorID[0bv32];
[L4293]              acceptor2_ingress_registerAcceptorID__last_index__dbg := acceptor2_ingress_registerAcceptorID__last_index;
[L4294]              acceptor2_ingress_registerAcceptorID__last_value__dbg := acceptor2_ingress_registerAcceptorID__last_value;
[L4295]              acceptor2_ingress_registerAcceptorID__last_old_value__dbg := acceptor2_ingress_registerAcceptorID__last_old_value;
[L4296]              acceptor2_ingress_registerAcceptorID__wrote_any__dbg := acceptor2_ingress_registerAcceptorID__wrote_any;
[L4297]              acceptor2_ingress_registerAcceptorID__wrote_index0__dbg := acceptor2_ingress_registerAcceptorID__wrote_index0;
[L4298]              acceptor2_ingress_registerAcceptorID__last0_old_value__dbg := acceptor2_ingress_registerAcceptorID__last0_old_value;
[L4299]              acceptor2_ingress_registerAcceptorID__last0_value__dbg := acceptor2_ingress_registerAcceptorID__last0_value;
[L4300]              acceptor2_ingress_registerRound__dbg0 := acceptor2_ingress_registerRound[0bv32];
[L4301]              acceptor2_ingress_registerRound__last_index__dbg := acceptor2_ingress_registerRound__last_index;
[L4302]              acceptor2_ingress_registerRound__last_value__dbg := acceptor2_ingress_registerRound__last_value;
[L4303]              acceptor2_ingress_registerRound__last_old_value__dbg := acceptor2_ingress_registerRound__last_old_value;
[L4304]              acceptor2_ingress_registerRound__wrote_any__dbg := acceptor2_ingress_registerRound__wrote_any;
[L4305]              acceptor2_ingress_registerRound__wrote_index0__dbg := acceptor2_ingress_registerRound__wrote_index0;
[L4306]              acceptor2_ingress_registerRound__last0_old_value__dbg := acceptor2_ingress_registerRound__last0_old_value;
[L4307]              acceptor2_ingress_registerRound__last0_value__dbg := acceptor2_ingress_registerRound__last0_value;
[L4308]              acceptor2_ingress_registerVRound__dbg0 := acceptor2_ingress_registerVRound[0bv32];
[L4309]              acceptor2_ingress_registerVRound__last_index__dbg := acceptor2_ingress_registerVRound__last_index;
[L4310]              acceptor2_ingress_registerVRound__last_value__dbg := acceptor2_ingress_registerVRound__last_value;
[L4311]              acceptor2_ingress_registerVRound__last_old_value__dbg := acceptor2_ingress_registerVRound__last_old_value;
[L4312]              acceptor2_ingress_registerVRound__wrote_any__dbg := acceptor2_ingress_registerVRound__wrote_any;
[L4313]              acceptor2_ingress_registerVRound__wrote_index0__dbg := acceptor2_ingress_registerVRound__wrote_index0;
[L4314]              acceptor2_ingress_registerVRound__last0_old_value__dbg := acceptor2_ingress_registerVRound__last0_old_value;
[L4315]              acceptor2_ingress_registerVRound__last0_value__dbg := acceptor2_ingress_registerVRound__last0_value;
[L4316]              acceptor2_ingress_registerValue__dbg0 := acceptor2_ingress_registerValue[0bv32];
[L4317]              acceptor2_ingress_registerValue__last_index__dbg := acceptor2_ingress_registerValue__last_index;
[L4318]              acceptor2_ingress_registerValue__last_value__dbg := acceptor2_ingress_registerValue__last_value;
[L4319]              acceptor2_ingress_registerValue__last_old_value__dbg := acceptor2_ingress_registerValue__last_old_value;
[L4320]              acceptor2_ingress_registerValue__wrote_any__dbg := acceptor2_ingress_registerValue__wrote_any;
[L4321]              acceptor2_ingress_registerValue__wrote_index0__dbg := acceptor2_ingress_registerValue__wrote_index0;
[L4322]              acceptor2_ingress_registerValue__last0_old_value__dbg := acceptor2_ingress_registerValue__last0_old_value;
[L4323]              acceptor2_ingress_registerValue__last0_value__dbg := acceptor2_ingress_registerValue__last0_value;
[L4324]              learner_ingress_registerHistory2B__dbg0 := learner_ingress_registerHistory2B[0bv32];
[L4325]              learner_ingress_registerHistory2B__last_index__dbg := learner_ingress_registerHistory2B__last_index;
[L4326]              learner_ingress_registerHistory2B__last_value__dbg := learner_ingress_registerHistory2B__last_value;
[L4327]              learner_ingress_registerHistory2B__last_old_value__dbg := learner_ingress_registerHistory2B__last_old_value;
[L4328]              learner_ingress_registerHistory2B__wrote_any__dbg := learner_ingress_registerHistory2B__wrote_any;
[L4329]              learner_ingress_registerHistory2B__wrote_index0__dbg := learner_ingress_registerHistory2B__wrote_index0;
[L4330]              learner_ingress_registerHistory2B__last0_old_value__dbg := learner_ingress_registerHistory2B__last0_old_value;
[L4331]              learner_ingress_registerHistory2B__last0_value__dbg := learner_ingress_registerHistory2B__last0_value;
[L4332]              learner_ingress_registerRound__dbg0 := learner_ingress_registerRound[0bv32];
[L4333]              learner_ingress_registerRound__last_index__dbg := learner_ingress_registerRound__last_index;
[L4334]              learner_ingress_registerRound__last_value__dbg := learner_ingress_registerRound__last_value;
[L4335]              learner_ingress_registerRound__last_old_value__dbg := learner_ingress_registerRound__last_old_value;
[L4336]              learner_ingress_registerRound__wrote_any__dbg := learner_ingress_registerRound__wrote_any;
[L4337]              learner_ingress_registerRound__wrote_index0__dbg := learner_ingress_registerRound__wrote_index0;
[L4338]              learner_ingress_registerRound__last0_old_value__dbg := learner_ingress_registerRound__last0_old_value;
[L4339]              learner_ingress_registerRound__last0_value__dbg := learner_ingress_registerRound__last0_value;
[L4340]              learner_ingress_registerValue__dbg0 := learner_ingress_registerValue[0bv32];
[L4341]              learner_ingress_registerValue__last_index__dbg := learner_ingress_registerValue__last_index;
[L4342]              learner_ingress_registerValue__last_value__dbg := learner_ingress_registerValue__last_value;
[L4343]              learner_ingress_registerValue__last_old_value__dbg := learner_ingress_registerValue__last_old_value;
[L4344]              learner_ingress_registerValue__wrote_any__dbg := learner_ingress_registerValue__wrote_any;
[L4345]              learner_ingress_registerValue__wrote_index0__dbg := learner_ingress_registerValue__wrote_index0;
[L4346]              learner_ingress_registerValue__last0_old_value__dbg := learner_ingress_registerValue__last0_old_value;
[L4347]              learner_ingress_registerValue__last0_value__dbg := learner_ingress_registerValue__last0_value;
         VAL         [acceptor0_inbox_count=0, acceptor0_ingress_learner_address__dbg0=0bv32, acceptor0_ingress_learner_address__last0_old_value=0bv32, acceptor0_ingress_learner_address__last0_old_value__dbg=0bv32, acceptor0_ingress_learner_address__last0_value=0bv32, acceptor0_ingress_learner_address__last0_value__dbg=0bv32, acceptor0_ingress_learner_address__last_index=0bv32, acceptor0_ingress_learner_address__last_index__dbg=0bv32, acceptor0_ingress_learner_address__last_old_value=0bv32, acceptor0_ingress_learner_address__last_old_value__dbg=0bv32, acceptor0_ingress_learner_address__last_value=0bv32, acceptor0_ingress_learner_address__last_value__dbg=0bv32, acceptor0_ingress_learner_address__last_write_site=0, acceptor0_ingress_learner_address__next_write_site=0, acceptor0_ingress_learner_address__wrote_any=false, acceptor0_ingress_learner_address__wrote_any__dbg=false, acceptor0_ingress_learner_address__wrote_index0=false, acceptor0_ingress_learner_address__wrote_index0__dbg=false, acceptor0_ingress_learner_mac_address__dbg0=0bv48, acceptor0_ingress_learner_mac_address__last0_old_value=0bv48, acceptor0_ingress_learner_mac_address__last0_old_value__dbg=0bv48, acceptor0_ingress_learner_mac_address__last0_value=0bv48, acceptor0_ingress_learner_mac_address__last0_value__dbg=0bv48, acceptor0_ingress_learner_mac_address__last_index=0bv32, acceptor0_ingress_learner_mac_address__last_index__dbg=0bv32, acceptor0_ingress_learner_mac_address__last_old_value=0bv48, acceptor0_ingress_learner_mac_address__last_old_value__dbg=0bv48, acceptor0_ingress_learner_mac_address__last_value=0bv48, acceptor0_ingress_learner_mac_address__last_value__dbg=0bv48, acceptor0_ingress_learner_mac_address__last_write_site=0, acceptor0_ingress_learner_mac_address__next_write_site=0, acceptor0_ingress_learner_mac_address__wrote_any=false, acceptor0_ingress_learner_mac_address__wrote_any__dbg=false, acceptor0_ingress_learner_mac_address__wrote_index0=false, acceptor0_ingress_learner_mac_address__wrote_index0__dbg=false, acceptor0_ingress_my_ip_address__dbg0=0bv32, acceptor0_ingress_my_ip_address__last0_old_value=0bv32, acceptor0_ingress_my_ip_address__last0_old_value__dbg=0bv32, acceptor0_ingress_my_ip_address__last0_value=0bv32, acceptor0_ingress_my_ip_address__last0_value__dbg=0bv32, acceptor0_ingress_my_ip_address__last_index=0bv32, acceptor0_ingress_my_ip_address__last_index__dbg=0bv32, acceptor0_ingress_my_ip_address__last_old_value=0bv32, acceptor0_ingress_my_ip_address__last_old_value__dbg=0bv32, acceptor0_ingress_my_ip_address__last_value=0bv32, acceptor0_ingress_my_ip_address__last_value__dbg=0bv32, acceptor0_ingress_my_ip_address__last_write_site=0, acceptor0_ingress_my_ip_address__next_write_site=0, acceptor0_ingress_my_ip_address__wrote_any=false, acceptor0_ingress_my_ip_address__wrote_any__dbg=false, acceptor0_ingress_my_ip_address__wrote_index0=false, acceptor0_ingress_my_ip_address__wrote_index0__dbg=false, acceptor0_ingress_my_mac_address__dbg0=0bv48, acceptor0_ingress_my_mac_address__last0_old_value=0bv48, acceptor0_ingress_my_mac_address__last0_old_value__dbg=0bv48, acceptor0_ingress_my_mac_address__last0_value=0bv48, acceptor0_ingress_my_mac_address__last0_value__dbg=0bv48, acceptor0_ingress_my_mac_address__last_index=0bv32, acceptor0_ingress_my_mac_address__last_index__dbg=0bv32, acceptor0_ingress_my_mac_address__last_old_value=0bv48, acceptor0_ingress_my_mac_address__last_old_value__dbg=0bv48, acceptor0_ingress_my_mac_address__last_value=0bv48, acceptor0_ingress_my_mac_address__last_value__dbg=0bv48, acceptor0_ingress_my_mac_address__last_write_site=0, acceptor0_ingress_my_mac_address__next_write_site=0, acceptor0_ingress_my_mac_address__wrote_any=false, acceptor0_ingress_my_mac_address__wrote_any__dbg=false, acceptor0_ingress_my_mac_address__wrote_index0=false, acceptor0_ingress_my_mac_address__wrote_index0__dbg=false, acceptor0_ingress_registerAcceptorID__dbg0=0bv16, acceptor0_ingress_registerAcceptorID__last0_old_value=0bv16, acceptor0_ingress_registerAcceptorID__last0_old_value__dbg=0bv16, acceptor0_ingress_registerAcceptorID__last0_value=0bv16, acceptor0_ingress_registerAcceptorID__last0_value__dbg=0bv16, acceptor0_ingress_registerAcceptorID__last_index=0bv32, acceptor0_ingress_registerAcceptorID__last_index__dbg=0bv32, acceptor0_ingress_registerAcceptorID__last_old_value=0bv16, acceptor0_ingress_registerAcceptorID__last_old_value__dbg=0bv16, acceptor0_ingress_registerAcceptorID__last_value=0bv16, acceptor0_ingress_registerAcceptorID__last_value__dbg=0bv16, acceptor0_ingress_registerAcceptorID__last_write_site=0, acceptor0_ingress_registerAcceptorID__next_write_site=0, acceptor0_ingress_registerAcceptorID__wrote_any=false, acceptor0_ingress_registerAcceptorID__wrote_any__dbg=false, acceptor0_ingress_registerAcceptorID__wrote_index0=false, acceptor0_ingress_registerAcceptorID__wrote_index0__dbg=false, acceptor0_ingress_registerRound__dbg0=0bv16, acceptor0_ingress_registerRound__last0_old_value=0bv16, acceptor0_ingress_registerRound__last0_old_value__dbg=0bv16, acceptor0_ingress_registerRound__last0_value=0bv16, acceptor0_ingress_registerRound__last0_value__dbg=0bv16, acceptor0_ingress_registerRound__last_index=0bv32, acceptor0_ingress_registerRound__last_index__dbg=0bv32, acceptor0_ingress_registerRound__last_old_value=0bv16, acceptor0_ingress_registerRound__last_old_value__dbg=0bv16, acceptor0_ingress_registerRound__last_value=0bv16, acceptor0_ingress_registerRound__last_value__dbg=0bv16, acceptor0_ingress_registerRound__last_write_site=0, acceptor0_ingress_registerRound__next_write_site=0, acceptor0_ingress_registerRound__wrote_any=false, acceptor0_ingress_registerRound__wrote_any__dbg=false, acceptor0_ingress_registerRound__wrote_index0=false, acceptor0_ingress_registerRound__wrote_index0__dbg=false, acceptor0_ingress_registerVRound__dbg0=0bv16, acceptor0_ingress_registerVRound__last0_old_value=0bv16, acceptor0_ingress_registerVRound__last0_old_value__dbg=0bv16, acceptor0_ingress_registerVRound__last0_value=0bv16, acceptor0_ingress_registerVRound__last0_value__dbg=0bv16, acceptor0_ingress_registerVRound__last_index=0bv32, acceptor0_ingress_registerVRound__last_index__dbg=0bv32, acceptor0_ingress_registerVRound__last_old_value=0bv16, acceptor0_ingress_registerVRound__last_old_value__dbg=0bv16, acceptor0_ingress_registerVRound__last_value=0bv16, acceptor0_ingress_registerVRound__last_value__dbg=0bv16, acceptor0_ingress_registerVRound__last_write_site=0, acceptor0_ingress_registerVRound__next_write_site=0, acceptor0_ingress_registerVRound__wrote_any=false, acceptor0_ingress_registerVRound__wrote_any__dbg=false, acceptor0_ingress_registerVRound__wrote_index0=false, acceptor0_ingress_registerVRound__wrote_index0__dbg=false, acceptor0_ingress_registerValue__dbg0=0bv256, acceptor0_ingress_registerValue__last0_old_value=0bv256, acceptor0_ingress_registerValue__last0_old_value__dbg=0bv256, acceptor0_ingress_registerValue__last0_value=0bv256, acceptor0_ingress_registerValue__last0_value__dbg=0bv256, acceptor0_ingress_registerValue__last_index=0bv32, acceptor0_ingress_registerValue__last_index__dbg=0bv32, acceptor0_ingress_registerValue__last_old_value=0bv256, acceptor0_ingress_registerValue__last_old_value__dbg=0bv256, acceptor0_ingress_registerValue__last_value=0bv256, acceptor0_ingress_registerValue__last_value__dbg=0bv256, acceptor0_ingress_registerValue__last_write_site=0, acceptor0_ingress_registerValue__next_write_site=0, acceptor0_ingress_registerValue__wrote_any=false, acceptor0_ingress_registerValue__wrote_any__dbg=false, acceptor0_ingress_registerValue__wrote_index0=false, acceptor0_ingress_registerValue__wrote_index0__dbg=false, acceptor0_p4b_clone_e2e=false, acceptor0_p4b_clone_i2e=false, acceptor0_p4b_clone_i2i=false, acceptor0_p4b_recirculate=false, acceptor0_pkt_external=false, acceptor1_inbox_count=0, acceptor1_ingress_learner_address__dbg0=0bv32, acceptor1_ingress_learner_address__last0_old_value=0bv32, acceptor1_ingress_learner_address__last0_old_value__dbg=0bv32, acceptor1_ingress_learner_address__last0_value=0bv32, acceptor1_ingress_learner_address__last0_value__dbg=0bv32, acceptor1_ingress_learner_address__last_index=0bv32, acceptor1_ingress_learner_address__last_index__dbg=0bv32, acceptor1_ingress_learner_address__last_old_value=0bv32, acceptor1_ingress_learner_address__last_old_value__dbg=0bv32, acceptor1_ingress_learner_address__last_value=0bv32, acceptor1_ingress_learner_address__last_value__dbg=0bv32, acceptor1_ingress_learner_address__last_write_site=0, acceptor1_ingress_learner_address__next_write_site=0, acceptor1_ingress_learner_address__wrote_any=false, acceptor1_ingress_learner_address__wrote_any__dbg=false, acceptor1_ingress_learner_address__wrote_index0=false, acceptor1_ingress_learner_address__wrote_index0__dbg=false, acceptor1_ingress_learner_mac_address__dbg0=0bv48, acceptor1_ingress_learner_mac_address__last0_old_value=0bv48, acceptor1_ingress_learner_mac_address__last0_old_value__dbg=0bv48, acceptor1_ingress_learner_mac_address__last0_value=0bv48, acceptor1_ingress_learner_mac_address__last0_value__dbg=0bv48, acceptor1_ingress_learner_mac_address__last_index=0bv32, acceptor1_ingress_learner_mac_address__last_index__dbg=0bv32, acceptor1_ingress_learner_mac_address__last_old_value=0bv48, acceptor1_ingress_learner_mac_address__last_old_value__dbg=0bv48, acceptor1_ingress_learner_mac_address__last_value=0bv48, acceptor1_ingress_learner_mac_address__last_value__dbg=0bv48, acceptor1_ingress_learner_mac_address__last_write_site=0, acceptor1_ingress_learner_mac_address__next_write_site=0, acceptor1_ingress_learner_mac_address__wrote_any=false, acceptor1_ingress_learner_mac_address__wrote_any__dbg=false, acceptor1_ingress_learner_mac_address__wrote_index0=false, acceptor1_ingress_learner_mac_address__wrote_index0__dbg=false, acceptor1_ingress_my_ip_address__dbg0=0bv32, acceptor1_ingress_my_ip_address__last0_old_value=0bv32, acceptor1_ingress_my_ip_address__last0_old_value__dbg=0bv32, acceptor1_ingress_my_ip_address__last0_value=0bv32, acceptor1_ingress_my_ip_address__last0_value__dbg=0bv32, acceptor1_ingress_my_ip_address__last_index=0bv32, acceptor1_ingress_my_ip_address__last_index__dbg=0bv32, acceptor1_ingress_my_ip_address__last_old_value=0bv32, acceptor1_ingress_my_ip_address__last_old_value__dbg=0bv32, acceptor1_ingress_my_ip_address__last_value=0bv32, acceptor1_ingress_my_ip_address__last_value__dbg=0bv32, acceptor1_ingress_my_ip_address__last_write_site=0, acceptor1_ingress_my_ip_address__next_write_site=0, acceptor1_ingress_my_ip_address__wrote_any=false, acceptor1_ingress_my_ip_address__wrote_any__dbg=false, acceptor1_ingress_my_ip_address__wrote_index0=false, acceptor1_ingress_my_ip_address__wrote_index0__dbg=false, acceptor1_ingress_my_mac_address__dbg0=0bv48, acceptor1_ingress_my_mac_address__last0_old_value=0bv48, acceptor1_ingress_my_mac_address__last0_old_value__dbg=0bv48, acceptor1_ingress_my_mac_address__last0_value=0bv48, acceptor1_ingress_my_mac_address__last0_value__dbg=0bv48, acceptor1_ingress_my_mac_address__last_index=0bv32, acceptor1_ingress_my_mac_address__last_index__dbg=0bv32, acceptor1_ingress_my_mac_address__last_old_value=0bv48, acceptor1_ingress_my_mac_address__last_old_value__dbg=0bv48, acceptor1_ingress_my_mac_address__last_value=0bv48, acceptor1_ingress_my_mac_address__last_value__dbg=0bv48, acceptor1_ingress_my_mac_address__last_write_site=0, acceptor1_ingress_my_mac_address__next_write_site=0, acceptor1_ingress_my_mac_address__wrote_any=false, acceptor1_ingress_my_mac_address__wrote_any__dbg=false, acceptor1_ingress_my_mac_address__wrote_index0=false, acceptor1_ingress_my_mac_address__wrote_index0__dbg=false, acceptor1_ingress_registerAcceptorID__dbg0=0bv16, acceptor1_ingress_registerAcceptorID__last0_old_value=0bv16, acceptor1_ingress_registerAcceptorID__last0_old_value__dbg=0bv16, acceptor1_ingress_registerAcceptorID__last0_value=0bv16, acceptor1_ingress_registerAcceptorID__last0_value__dbg=0bv16, acceptor1_ingress_registerAcceptorID__last_index=0bv32, acceptor1_ingress_registerAcceptorID__last_index__dbg=0bv32, acceptor1_ingress_registerAcceptorID__last_old_value=0bv16, acceptor1_ingress_registerAcceptorID__last_old_value__dbg=0bv16, acceptor1_ingress_registerAcceptorID__last_value=0bv16, acceptor1_ingress_registerAcceptorID__last_value__dbg=0bv16, acceptor1_ingress_registerAcceptorID__last_write_site=0, acceptor1_ingress_registerAcceptorID__next_write_site=0, acceptor1_ingress_registerAcceptorID__wrote_any=false, acceptor1_ingress_registerAcceptorID__wrote_any__dbg=false, acceptor1_ingress_registerAcceptorID__wrote_index0=false, acceptor1_ingress_registerAcceptorID__wrote_index0__dbg=false, acceptor1_ingress_registerRound__dbg0=0bv16, acceptor1_ingress_registerRound__last0_old_value=0bv16, acceptor1_ingress_registerRound__last0_old_value__dbg=0bv16, acceptor1_ingress_registerRound__last0_value=0bv16, acceptor1_ingress_registerRound__last0_value__dbg=0bv16, acceptor1_ingress_registerRound__last_index=0bv32, acceptor1_ingress_registerRound__last_index__dbg=0bv32, acceptor1_ingress_registerRound__last_old_value=0bv16, acceptor1_ingress_registerRound__last_old_value__dbg=0bv16, acceptor1_ingress_registerRound__last_value=0bv16, acceptor1_ingress_registerRound__last_value__dbg=0bv16, acceptor1_ingress_registerRound__last_write_site=0, acceptor1_ingress_registerRound__next_write_site=0, acceptor1_ingress_registerRound__wrote_any=false, acceptor1_ingress_registerRound__wrote_any__dbg=false, acceptor1_ingress_registerRound__wrote_index0=false, acceptor1_ingress_registerRound__wrote_index0__dbg=false, acceptor1_ingress_registerVRound__dbg0=0bv16, acceptor1_ingress_registerVRound__last0_old_value=0bv16, acceptor1_ingress_registerVRound__last0_old_value__dbg=0bv16, acceptor1_ingress_registerVRound__last0_value=0bv16, acceptor1_ingress_registerVRound__last0_value__dbg=0bv16, acceptor1_ingress_registerVRound__last_index=0bv32, acceptor1_ingress_registerVRound__last_index__dbg=0bv32, acceptor1_ingress_registerVRound__last_old_value=0bv16, acceptor1_ingress_registerVRound__last_old_value__dbg=0bv16, acceptor1_ingress_registerVRound__last_value=0bv16, acceptor1_ingress_registerVRound__last_value__dbg=0bv16, acceptor1_ingress_registerVRound__last_write_site=0, acceptor1_ingress_registerVRound__next_write_site=0, acceptor1_ingress_registerVRound__wrote_any=false, acceptor1_ingress_registerVRound__wrote_any__dbg=false, acceptor1_ingress_registerVRound__wrote_index0=false, acceptor1_ingress_registerVRound__wrote_index0__dbg=false, acceptor1_ingress_registerValue__dbg0=0bv256, acceptor1_ingress_registerValue__last0_old_value=0bv256, acceptor1_ingress_registerValue__last0_old_value__dbg=0bv256, acceptor1_ingress_registerValue__last0_value=0bv256, acceptor1_ingress_registerValue__last0_value__dbg=0bv256, acceptor1_ingress_registerValue__last_index=0bv32, acceptor1_ingress_registerValue__last_index__dbg=0bv32, acceptor1_ingress_registerValue__last_old_value=0bv256, acceptor1_ingress_registerValue__last_old_value__dbg=0bv256, acceptor1_ingress_registerValue__last_value=0bv256, acceptor1_ingress_registerValue__last_value__dbg=0bv256, acceptor1_ingress_registerValue__last_write_site=0, acceptor1_ingress_registerValue__next_write_site=0, acceptor1_ingress_registerValue__wrote_any=false, acceptor1_ingress_registerValue__wrote_any__dbg=false, acceptor1_ingress_registerValue__wrote_index0=false, acceptor1_ingress_registerValue__wrote_index0__dbg=false, acceptor1_p4b_clone_e2e=false, acceptor1_p4b_clone_i2e=false, acceptor1_p4b_clone_i2i=false, acceptor1_p4b_recirculate=false, acceptor1_pkt_external=false, acceptor2_inbox_count=0, acceptor2_ingress_learner_address__dbg0=0bv32, acceptor2_ingress_learner_address__last0_old_value=0bv32, acceptor2_ingress_learner_address__last0_old_value__dbg=0bv32, acceptor2_ingress_learner_address__last0_value=0bv32, acceptor2_ingress_learner_address__last0_value__dbg=0bv32, acceptor2_ingress_learner_address__last_index=0bv32, acceptor2_ingress_learner_address__last_index__dbg=0bv32, acceptor2_ingress_learner_address__last_old_value=0bv32, acceptor2_ingress_learner_address__last_old_value__dbg=0bv32, acceptor2_ingress_learner_address__last_value=0bv32, acceptor2_ingress_learner_address__last_value__dbg=0bv32, acceptor2_ingress_learner_address__last_write_site=0, acceptor2_ingress_learner_address__next_write_site=0, acceptor2_ingress_learner_address__wrote_any=false, acceptor2_ingress_learner_address__wrote_any__dbg=false, acceptor2_ingress_learner_address__wrote_index0=false, acceptor2_ingress_learner_address__wrote_index0__dbg=false, acceptor2_ingress_learner_mac_address__dbg0=0bv48, acceptor2_ingress_learner_mac_address__last0_old_value=0bv48, acceptor2_ingress_learner_mac_address__last0_old_value__dbg=0bv48, acceptor2_ingress_learner_mac_address__last0_value=0bv48, acceptor2_ingress_learner_mac_address__last0_value__dbg=0bv48, acceptor2_ingress_learner_mac_address__last_index=0bv32, acceptor2_ingress_learner_mac_address__last_index__dbg=0bv32, acceptor2_ingress_learner_mac_address__last_old_value=0bv48, acceptor2_ingress_learner_mac_address__last_old_value__dbg=0bv48, acceptor2_ingress_learner_mac_address__last_value=0bv48, acceptor2_ingress_learner_mac_address__last_value__dbg=0bv48, acceptor2_ingress_learner_mac_address__last_write_site=0, acceptor2_ingress_learner_mac_address__next_write_site=0, acceptor2_ingress_learner_mac_address__wrote_any=false, acceptor2_ingress_learner_mac_address__wrote_any__dbg=false, acceptor2_ingress_learner_mac_address__wrote_index0=false, acceptor2_ingress_learner_mac_address__wrote_index0__dbg=false, acceptor2_ingress_my_ip_address__dbg0=0bv32, acceptor2_ingress_my_ip_address__last0_old_value=0bv32, acceptor2_ingress_my_ip_address__last0_old_value__dbg=0bv32, acceptor2_ingress_my_ip_address__last0_value=0bv32, acceptor2_ingress_my_ip_address__last0_value__dbg=0bv32, acceptor2_ingress_my_ip_address__last_index=0bv32, acceptor2_ingress_my_ip_address__last_index__dbg=0bv32, acceptor2_ingress_my_ip_address__last_old_value=0bv32, acceptor2_ingress_my_ip_address__last_old_value__dbg=0bv32, acceptor2_ingress_my_ip_address__last_value=0bv32, acceptor2_ingress_my_ip_address__last_value__dbg=0bv32, acceptor2_ingress_my_ip_address__last_write_site=0, acceptor2_ingress_my_ip_address__next_write_site=0, acceptor2_ingress_my_ip_address__wrote_any=false, acceptor2_ingress_my_ip_address__wrote_any__dbg=false, acceptor2_ingress_my_ip_address__wrote_index0=false, acceptor2_ingress_my_ip_address__wrote_index0__dbg=false, acceptor2_ingress_my_mac_address__dbg0=0bv48, acceptor2_ingress_my_mac_address__last0_old_value=0bv48, acceptor2_ingress_my_mac_address__last0_old_value__dbg=0bv48, acceptor2_ingress_my_mac_address__last0_value=0bv48, acceptor2_ingress_my_mac_address__last0_value__dbg=0bv48, acceptor2_ingress_my_mac_address__last_index=0bv32, acceptor2_ingress_my_mac_address__last_index__dbg=0bv32, acceptor2_ingress_my_mac_address__last_old_value=0bv48, acceptor2_ingress_my_mac_address__last_old_value__dbg=0bv48, acceptor2_ingress_my_mac_address__last_value=0bv48, acceptor2_ingress_my_mac_address__last_value__dbg=0bv48, acceptor2_ingress_my_mac_address__last_write_site=0, acceptor2_ingress_my_mac_address__next_write_site=0, acceptor2_ingress_my_mac_address__wrote_any=false, acceptor2_ingress_my_mac_address__wrote_any__dbg=false, acceptor2_ingress_my_mac_address__wrote_index0=false, acceptor2_ingress_my_mac_address__wrote_index0__dbg=false, acceptor2_ingress_registerAcceptorID__dbg0=0bv16, acceptor2_ingress_registerAcceptorID__last0_old_value=0bv16, acceptor2_ingress_registerAcceptorID__last0_old_value__dbg=0bv16, acceptor2_ingress_registerAcceptorID__last0_value=0bv16, acceptor2_ingress_registerAcceptorID__last0_value__dbg=0bv16, acceptor2_ingress_registerAcceptorID__last_index=0bv32, acceptor2_ingress_registerAcceptorID__last_index__dbg=0bv32, acceptor2_ingress_registerAcceptorID__last_old_value=0bv16, acceptor2_ingress_registerAcceptorID__last_old_value__dbg=0bv16, acceptor2_ingress_registerAcceptorID__last_value=0bv16, acceptor2_ingress_registerAcceptorID__last_value__dbg=0bv16, acceptor2_ingress_registerAcceptorID__last_write_site=0, acceptor2_ingress_registerAcceptorID__next_write_site=0, acceptor2_ingress_registerAcceptorID__wrote_any=false, acceptor2_ingress_registerAcceptorID__wrote_any__dbg=false, acceptor2_ingress_registerAcceptorID__wrote_index0=false, acceptor2_ingress_registerAcceptorID__wrote_index0__dbg=false, acceptor2_ingress_registerRound__dbg0=0bv16, acceptor2_ingress_registerRound__last0_old_value=0bv16, acceptor2_ingress_registerRound__last0_old_value__dbg=0bv16, acceptor2_ingress_registerRound__last0_value=0bv16, acceptor2_ingress_registerRound__last0_value__dbg=0bv16, acceptor2_ingress_registerRound__last_index=0bv32, acceptor2_ingress_registerRound__last_index__dbg=0bv32, acceptor2_ingress_registerRound__last_old_value=0bv16, acceptor2_ingress_registerRound__last_old_value__dbg=0bv16, acceptor2_ingress_registerRound__last_value=0bv16, acceptor2_ingress_registerRound__last_value__dbg=0bv16, acceptor2_ingress_registerRound__last_write_site=0, acceptor2_ingress_registerRound__next_write_site=0, acceptor2_ingress_registerRound__wrote_any=false, acceptor2_ingress_registerRound__wrote_any__dbg=false, acceptor2_ingress_registerRound__wrote_index0=false, acceptor2_ingress_registerRound__wrote_index0__dbg=false, acceptor2_ingress_registerVRound__dbg0=0bv16, acceptor2_ingress_registerVRound__last0_old_value=0bv16, acceptor2_ingress_registerVRound__last0_old_value__dbg=0bv16, acceptor2_ingress_registerVRound__last0_value=0bv16, acceptor2_ingress_registerVRound__last0_value__dbg=0bv16, acceptor2_ingress_registerVRound__last_index=0bv32, acceptor2_ingress_registerVRound__last_index__dbg=0bv32, acceptor2_ingress_registerVRound__last_old_value=0bv16, acceptor2_ingress_registerVRound__last_old_value__dbg=0bv16, acceptor2_ingress_registerVRound__last_value=0bv16, acceptor2_ingress_registerVRound__last_value__dbg=0bv16, acceptor2_ingress_registerVRound__last_write_site=0, acceptor2_ingress_registerVRound__next_write_site=0, acceptor2_ingress_registerVRound__wrote_any=false, acceptor2_ingress_registerVRound__wrote_any__dbg=false, acceptor2_ingress_registerVRound__wrote_index0=false, acceptor2_ingress_registerVRound__wrote_index0__dbg=false, acceptor2_ingress_registerValue__dbg0=0bv256, acceptor2_ingress_registerValue__last0_old_value=0bv256, acceptor2_ingress_registerValue__last0_old_value__dbg=0bv256, acceptor2_ingress_registerValue__last0_value=0bv256, acceptor2_ingress_registerValue__last0_value__dbg=0bv256, acceptor2_ingress_registerValue__last_index=0bv32, acceptor2_ingress_registerValue__last_index__dbg=0bv32, acceptor2_ingress_registerValue__last_old_value=0bv256, acceptor2_ingress_registerValue__last_old_value__dbg=0bv256, acceptor2_ingress_registerValue__last_value=0bv256, acceptor2_ingress_registerValue__last_value__dbg=0bv256, acceptor2_ingress_registerValue__last_write_site=0, acceptor2_ingress_registerValue__next_write_site=0, acceptor2_ingress_registerValue__wrote_any=false, acceptor2_ingress_registerValue__wrote_any__dbg=false, acceptor2_ingress_registerValue__wrote_index0=false, acceptor2_ingress_registerValue__wrote_index0__dbg=false, acceptor2_p4b_clone_e2e=false, acceptor2_p4b_clone_i2e=false, acceptor2_p4b_clone_i2i=false, acceptor2_p4b_recirculate=false, acceptor2_pkt_external=false, leader_drop=true, leader_egress_place_holder_table.hit=false, leader_forward=false, leader_hdr.ethernet.etherType=0bv16, leader_inbox_count=0, leader_ingress_ctrlInstane__dbg0=0bv32, leader_ingress_ctrlInstane__last0_old_value=0bv32, leader_ingress_ctrlInstane__last0_old_value__dbg=0bv32, leader_ingress_ctrlInstane__last0_value=0bv32, leader_ingress_ctrlInstane__last0_value__dbg=0bv32, leader_ingress_ctrlInstane__last_index=0bv32, leader_ingress_ctrlInstane__last_index__dbg=0bv32, leader_ingress_ctrlInstane__last_old_value=0bv32, leader_ingress_ctrlInstane__last_old_value__dbg=0bv32, leader_ingress_ctrlInstane__last_value=0bv32, leader_ingress_ctrlInstane__last_value__dbg=0bv32, leader_ingress_ctrlInstane__last_write_site=0, leader_ingress_ctrlInstane__next_write_site=0, leader_ingress_ctrlInstane__wrote_any=false, leader_ingress_ctrlInstane__wrote_any__dbg=false, leader_ingress_ctrlInstane__wrote_index0=false, leader_ingress_ctrlInstane__wrote_index0__dbg=false, leader_p4b_checksum_error=false, leader_p4b_checksum_updated=false, leader_p4b_checksum_verified=false, leader_p4b_clone_e2e=false, leader_p4b_clone_i2e=false, leader_p4b_clone_i2i=false, leader_p4b_digest=false, leader_p4b_recirculate=false, leader_pkt_external=true, leader_standard_metadata.egress_port=0bv9, learner_inbox_count=0, learner_ingress_registerHistory2B__dbg0=0bv8, learner_ingress_registerHistory2B__last0_old_value=0bv8, learner_ingress_registerHistory2B__last0_old_value__dbg=0bv8, learner_ingress_registerHistory2B__last0_value=0bv8, learner_ingress_registerHistory2B__last0_value__dbg=0bv8, learner_ingress_registerHistory2B__last_index=0bv32, learner_ingress_registerHistory2B__last_index__dbg=0bv32, learner_ingress_registerHistory2B__last_old_value=0bv8, learner_ingress_registerHistory2B__last_old_value__dbg=0bv8, learner_ingress_registerHistory2B__last_value=0bv8, learner_ingress_registerHistory2B__last_value__dbg=0bv8, learner_ingress_registerHistory2B__last_write_site=0, learner_ingress_registerHistory2B__next_write_site=0, learner_ingress_registerHistory2B__wrote_any=false, learner_ingress_registerHistory2B__wrote_any__dbg=false, learner_ingress_registerHistory2B__wrote_index0=false, learner_ingress_registerHistory2B__wrote_index0__dbg=false, learner_ingress_registerRound__dbg0=0bv16, learner_ingress_registerRound__last0_old_value=0bv16, learner_ingress_registerRound__last0_old_value__dbg=0bv16, learner_ingress_registerRound__last0_value=0bv16, learner_ingress_registerRound__last0_value__dbg=0bv16, learner_ingress_registerRound__last_index=0bv32, learner_ingress_registerRound__last_index__dbg=0bv32, learner_ingress_registerRound__last_old_value=0bv16, learner_ingress_registerRound__last_old_value__dbg=0bv16, learner_ingress_registerRound__last_value=0bv16, learner_ingress_registerRound__last_value__dbg=0bv16, learner_ingress_registerRound__last_write_site=0, learner_ingress_registerRound__next_write_site=0, learner_ingress_registerRound__wrote_any=false, learner_ingress_registerRound__wrote_any__dbg=false, learner_ingress_registerRound__wrote_index0=false, learner_ingress_registerRound__wrote_index0__dbg=false, learner_ingress_registerValue__dbg0=0bv256, learner_ingress_registerValue__last0_old_value=0bv256, learner_ingress_registerValue__last0_old_value__dbg=0bv256, learner_ingress_registerValue__last0_value=0bv256, learner_ingress_registerValue__last0_value__dbg=0bv256, learner_ingress_registerValue__last_index=0bv32, learner_ingress_registerValue__last_index__dbg=0bv32, learner_ingress_registerValue__last_old_value=0bv256, learner_ingress_registerValue__last_old_value__dbg=0bv256, learner_ingress_registerValue__last_value=0bv256, learner_ingress_registerValue__last_value__dbg=0bv256, learner_ingress_registerValue__last_write_site=0, learner_ingress_registerValue__next_write_site=0, learner_ingress_registerValue__wrote_any=false, learner_ingress_registerValue__wrote_any__dbg=false, learner_ingress_registerValue__wrote_index0=false, learner_ingress_registerValue__wrote_index0__dbg=false, learner_p4b_clone_e2e=false, learner_p4b_clone_i2e=false, learner_p4b_clone_i2i=false, learner_p4b_recirculate=false, learner_pkt_external=false, procurator_step=1]
[L4349]              assert bvule.bv32$builtin(acceptor0_hdr.paxos.inst, 300bv32) && acceptor0_hdr.paxos.inst != 300bv32;
         VAL         [acceptor0_hdr.paxos.inst=813bv32, acceptor0_inbox_count=0, acceptor0_ingress_learner_address__dbg0=0bv32, acceptor0_ingress_learner_address__last0_old_value=0bv32, acceptor0_ingress_learner_address__last0_old_value__dbg=0bv32, acceptor0_ingress_learner_address__last0_value=0bv32, acceptor0_ingress_learner_address__last0_value__dbg=0bv32, acceptor0_ingress_learner_address__last_index=0bv32, acceptor0_ingress_learner_address__last_index__dbg=0bv32, acceptor0_ingress_learner_address__last_old_value=0bv32, acceptor0_ingress_learner_address__last_old_value__dbg=0bv32, acceptor0_ingress_learner_address__last_value=0bv32, acceptor0_ingress_learner_address__last_value__dbg=0bv32, acceptor0_ingress_learner_address__last_write_site=0, acceptor0_ingress_learner_address__next_write_site=0, acceptor0_ingress_learner_address__wrote_any=false, acceptor0_ingress_learner_address__wrote_any__dbg=false, acceptor0_ingress_learner_address__wrote_index0=false, acceptor0_ingress_learner_address__wrote_index0__dbg=false, acceptor0_ingress_learner_mac_address__dbg0=0bv48, acceptor0_ingress_learner_mac_address__last0_old_value=0bv48, acceptor0_ingress_learner_mac_address__last0_old_value__dbg=0bv48, acceptor0_ingress_learner_mac_address__last0_value=0bv48, acceptor0_ingress_learner_mac_address__last0_value__dbg=0bv48, acceptor0_ingress_learner_mac_address__last_index=0bv32, acceptor0_ingress_learner_mac_address__last_index__dbg=0bv32, acceptor0_ingress_learner_mac_address__last_old_value=0bv48, acceptor0_ingress_learner_mac_address__last_old_value__dbg=0bv48, acceptor0_ingress_learner_mac_address__last_value=0bv48, acceptor0_ingress_learner_mac_address__last_value__dbg=0bv48, acceptor0_ingress_learner_mac_address__last_write_site=0, acceptor0_ingress_learner_mac_address__next_write_site=0, acceptor0_ingress_learner_mac_address__wrote_any=false, acceptor0_ingress_learner_mac_address__wrote_any__dbg=false, acceptor0_ingress_learner_mac_address__wrote_index0=false, acceptor0_ingress_learner_mac_address__wrote_index0__dbg=false, acceptor0_ingress_my_ip_address__dbg0=0bv32, acceptor0_ingress_my_ip_address__last0_old_value=0bv32, acceptor0_ingress_my_ip_address__last0_old_value__dbg=0bv32, acceptor0_ingress_my_ip_address__last0_value=0bv32, acceptor0_ingress_my_ip_address__last0_value__dbg=0bv32, acceptor0_ingress_my_ip_address__last_index=0bv32, acceptor0_ingress_my_ip_address__last_index__dbg=0bv32, acceptor0_ingress_my_ip_address__last_old_value=0bv32, acceptor0_ingress_my_ip_address__last_old_value__dbg=0bv32, acceptor0_ingress_my_ip_address__last_value=0bv32, acceptor0_ingress_my_ip_address__last_value__dbg=0bv32, acceptor0_ingress_my_ip_address__last_write_site=0, acceptor0_ingress_my_ip_address__next_write_site=0, acceptor0_ingress_my_ip_address__wrote_any=false, acceptor0_ingress_my_ip_address__wrote_any__dbg=false, acceptor0_ingress_my_ip_address__wrote_index0=false, acceptor0_ingress_my_ip_address__wrote_index0__dbg=false, acceptor0_ingress_my_mac_address__dbg0=0bv48, acceptor0_ingress_my_mac_address__last0_old_value=0bv48, acceptor0_ingress_my_mac_address__last0_old_value__dbg=0bv48, acceptor0_ingress_my_mac_address__last0_value=0bv48, acceptor0_ingress_my_mac_address__last0_value__dbg=0bv48, acceptor0_ingress_my_mac_address__last_index=0bv32, acceptor0_ingress_my_mac_address__last_index__dbg=0bv32, acceptor0_ingress_my_mac_address__last_old_value=0bv48, acceptor0_ingress_my_mac_address__last_old_value__dbg=0bv48, acceptor0_ingress_my_mac_address__last_value=0bv48, acceptor0_ingress_my_mac_address__last_value__dbg=0bv48, acceptor0_ingress_my_mac_address__last_write_site=0, acceptor0_ingress_my_mac_address__next_write_site=0, acceptor0_ingress_my_mac_address__wrote_any=false, acceptor0_ingress_my_mac_address__wrote_any__dbg=false, acceptor0_ingress_my_mac_address__wrote_index0=false, acceptor0_ingress_my_mac_address__wrote_index0__dbg=false, acceptor0_ingress_registerAcceptorID__dbg0=0bv16, acceptor0_ingress_registerAcceptorID__last0_old_value=0bv16, acceptor0_ingress_registerAcceptorID__last0_old_value__dbg=0bv16, acceptor0_ingress_registerAcceptorID__last0_value=0bv16, acceptor0_ingress_registerAcceptorID__last0_value__dbg=0bv16, acceptor0_ingress_registerAcceptorID__last_index=0bv32, acceptor0_ingress_registerAcceptorID__last_index__dbg=0bv32, acceptor0_ingress_registerAcceptorID__last_old_value=0bv16, acceptor0_ingress_registerAcceptorID__last_old_value__dbg=0bv16, acceptor0_ingress_registerAcceptorID__last_value=0bv16, acceptor0_ingress_registerAcceptorID__last_value__dbg=0bv16, acceptor0_ingress_registerAcceptorID__last_write_site=0, acceptor0_ingress_registerAcceptorID__next_write_site=0, acceptor0_ingress_registerAcceptorID__wrote_any=false, acceptor0_ingress_registerAcceptorID__wrote_any__dbg=false, acceptor0_ingress_registerAcceptorID__wrote_index0=false, acceptor0_ingress_registerAcceptorID__wrote_index0__dbg=false, acceptor0_ingress_registerRound__dbg0=0bv16, acceptor0_ingress_registerRound__last0_old_value=0bv16, acceptor0_ingress_registerRound__last0_old_value__dbg=0bv16, acceptor0_ingress_registerRound__last0_value=0bv16, acceptor0_ingress_registerRound__last0_value__dbg=0bv16, acceptor0_ingress_registerRound__last_index=0bv32, acceptor0_ingress_registerRound__last_index__dbg=0bv32, acceptor0_ingress_registerRound__last_old_value=0bv16, acceptor0_ingress_registerRound__last_old_value__dbg=0bv16, acceptor0_ingress_registerRound__last_value=0bv16, acceptor0_ingress_registerRound__last_value__dbg=0bv16, acceptor0_ingress_registerRound__last_write_site=0, acceptor0_ingress_registerRound__next_write_site=0, acceptor0_ingress_registerRound__wrote_any=false, acceptor0_ingress_registerRound__wrote_any__dbg=false, acceptor0_ingress_registerRound__wrote_index0=false, acceptor0_ingress_registerRound__wrote_index0__dbg=false, acceptor0_ingress_registerVRound__dbg0=0bv16, acceptor0_ingress_registerVRound__last0_old_value=0bv16, acceptor0_ingress_registerVRound__last0_old_value__dbg=0bv16, acceptor0_ingress_registerVRound__last0_value=0bv16, acceptor0_ingress_registerVRound__last0_value__dbg=0bv16, acceptor0_ingress_registerVRound__last_index=0bv32, acceptor0_ingress_registerVRound__last_index__dbg=0bv32, acceptor0_ingress_registerVRound__last_old_value=0bv16, acceptor0_ingress_registerVRound__last_old_value__dbg=0bv16, acceptor0_ingress_registerVRound__last_value=0bv16, acceptor0_ingress_registerVRound__last_value__dbg=0bv16, acceptor0_ingress_registerVRound__last_write_site=0, acceptor0_ingress_registerVRound__next_write_site=0, acceptor0_ingress_registerVRound__wrote_any=false, acceptor0_ingress_registerVRound__wrote_any__dbg=false, acceptor0_ingress_registerVRound__wrote_index0=false, acceptor0_ingress_registerVRound__wrote_index0__dbg=false, acceptor0_ingress_registerValue__dbg0=0bv256, acceptor0_ingress_registerValue__last0_old_value=0bv256, acceptor0_ingress_registerValue__last0_old_value__dbg=0bv256, acceptor0_ingress_registerValue__last0_value=0bv256, acceptor0_ingress_registerValue__last0_value__dbg=0bv256, acceptor0_ingress_registerValue__last_index=0bv32, acceptor0_ingress_registerValue__last_index__dbg=0bv32, acceptor0_ingress_registerValue__last_old_value=0bv256, acceptor0_ingress_registerValue__last_old_value__dbg=0bv256, acceptor0_ingress_registerValue__last_value=0bv256, acceptor0_ingress_registerValue__last_value__dbg=0bv256, acceptor0_ingress_registerValue__last_write_site=0, acceptor0_ingress_registerValue__next_write_site=0, acceptor0_ingress_registerValue__wrote_any=false, acceptor0_ingress_registerValue__wrote_any__dbg=false, acceptor0_ingress_registerValue__wrote_index0=false, acceptor0_ingress_registerValue__wrote_index0__dbg=false, acceptor0_p4b_clone_e2e=false, acceptor0_p4b_clone_i2e=false, acceptor0_p4b_clone_i2i=false, acceptor0_p4b_recirculate=false, acceptor0_pkt_external=false, acceptor1_inbox_count=0, acceptor1_ingress_learner_address__dbg0=0bv32, acceptor1_ingress_learner_address__last0_old_value=0bv32, acceptor1_ingress_learner_address__last0_old_value__dbg=0bv32, acceptor1_ingress_learner_address__last0_value=0bv32, acceptor1_ingress_learner_address__last0_value__dbg=0bv32, acceptor1_ingress_learner_address__last_index=0bv32, acceptor1_ingress_learner_address__last_index__dbg=0bv32, acceptor1_ingress_learner_address__last_old_value=0bv32, acceptor1_ingress_learner_address__last_old_value__dbg=0bv32, acceptor1_ingress_learner_address__last_value=0bv32, acceptor1_ingress_learner_address__last_value__dbg=0bv32, acceptor1_ingress_learner_address__last_write_site=0, acceptor1_ingress_learner_address__next_write_site=0, acceptor1_ingress_learner_address__wrote_any=false, acceptor1_ingress_learner_address__wrote_any__dbg=false, acceptor1_ingress_learner_address__wrote_index0=false, acceptor1_ingress_learner_address__wrote_index0__dbg=false, acceptor1_ingress_learner_mac_address__dbg0=0bv48, acceptor1_ingress_learner_mac_address__last0_old_value=0bv48, acceptor1_ingress_learner_mac_address__last0_old_value__dbg=0bv48, acceptor1_ingress_learner_mac_address__last0_value=0bv48, acceptor1_ingress_learner_mac_address__last0_value__dbg=0bv48, acceptor1_ingress_learner_mac_address__last_index=0bv32, acceptor1_ingress_learner_mac_address__last_index__dbg=0bv32, acceptor1_ingress_learner_mac_address__last_old_value=0bv48, acceptor1_ingress_learner_mac_address__last_old_value__dbg=0bv48, acceptor1_ingress_learner_mac_address__last_value=0bv48, acceptor1_ingress_learner_mac_address__last_value__dbg=0bv48, acceptor1_ingress_learner_mac_address__last_write_site=0, acceptor1_ingress_learner_mac_address__next_write_site=0, acceptor1_ingress_learner_mac_address__wrote_any=false, acceptor1_ingress_learner_mac_address__wrote_any__dbg=false, acceptor1_ingress_learner_mac_address__wrote_index0=false, acceptor1_ingress_learner_mac_address__wrote_index0__dbg=false, acceptor1_ingress_my_ip_address__dbg0=0bv32, acceptor1_ingress_my_ip_address__last0_old_value=0bv32, acceptor1_ingress_my_ip_address__last0_old_value__dbg=0bv32, acceptor1_ingress_my_ip_address__last0_value=0bv32, acceptor1_ingress_my_ip_address__last0_value__dbg=0bv32, acceptor1_ingress_my_ip_address__last_index=0bv32, acceptor1_ingress_my_ip_address__last_index__dbg=0bv32, acceptor1_ingress_my_ip_address__last_old_value=0bv32, acceptor1_ingress_my_ip_address__last_old_value__dbg=0bv32, acceptor1_ingress_my_ip_address__last_value=0bv32, acceptor1_ingress_my_ip_address__last_value__dbg=0bv32, acceptor1_ingress_my_ip_address__last_write_site=0, acceptor1_ingress_my_ip_address__next_write_site=0, acceptor1_ingress_my_ip_address__wrote_any=false, acceptor1_ingress_my_ip_address__wrote_any__dbg=false, acceptor1_ingress_my_ip_address__wrote_index0=false, acceptor1_ingress_my_ip_address__wrote_index0__dbg=false, acceptor1_ingress_my_mac_address__dbg0=0bv48, acceptor1_ingress_my_mac_address__last0_old_value=0bv48, acceptor1_ingress_my_mac_address__last0_old_value__dbg=0bv48, acceptor1_ingress_my_mac_address__last0_value=0bv48, acceptor1_ingress_my_mac_address__last0_value__dbg=0bv48, acceptor1_ingress_my_mac_address__last_index=0bv32, acceptor1_ingress_my_mac_address__last_index__dbg=0bv32, acceptor1_ingress_my_mac_address__last_old_value=0bv48, acceptor1_ingress_my_mac_address__last_old_value__dbg=0bv48, acceptor1_ingress_my_mac_address__last_value=0bv48, acceptor1_ingress_my_mac_address__last_value__dbg=0bv48, acceptor1_ingress_my_mac_address__last_write_site=0, acceptor1_ingress_my_mac_address__next_write_site=0, acceptor1_ingress_my_mac_address__wrote_any=false, acceptor1_ingress_my_mac_address__wrote_any__dbg=false, acceptor1_ingress_my_mac_address__wrote_index0=false, acceptor1_ingress_my_mac_address__wrote_index0__dbg=false, acceptor1_ingress_registerAcceptorID__dbg0=0bv16, acceptor1_ingress_registerAcceptorID__last0_old_value=0bv16, acceptor1_ingress_registerAcceptorID__last0_old_value__dbg=0bv16, acceptor1_ingress_registerAcceptorID__last0_value=0bv16, acceptor1_ingress_registerAcceptorID__last0_value__dbg=0bv16, acceptor1_ingress_registerAcceptorID__last_index=0bv32, acceptor1_ingress_registerAcceptorID__last_index__dbg=0bv32, acceptor1_ingress_registerAcceptorID__last_old_value=0bv16, acceptor1_ingress_registerAcceptorID__last_old_value__dbg=0bv16, acceptor1_ingress_registerAcceptorID__last_value=0bv16, acceptor1_ingress_registerAcceptorID__last_value__dbg=0bv16, acceptor1_ingress_registerAcceptorID__last_write_site=0, acceptor1_ingress_registerAcceptorID__next_write_site=0, acceptor1_ingress_registerAcceptorID__wrote_any=false, acceptor1_ingress_registerAcceptorID__wrote_any__dbg=false, acceptor1_ingress_registerAcceptorID__wrote_index0=false, acceptor1_ingress_registerAcceptorID__wrote_index0__dbg=false, acceptor1_ingress_registerRound__dbg0=0bv16, acceptor1_ingress_registerRound__last0_old_value=0bv16, acceptor1_ingress_registerRound__last0_old_value__dbg=0bv16, acceptor1_ingress_registerRound__last0_value=0bv16, acceptor1_ingress_registerRound__last0_value__dbg=0bv16, acceptor1_ingress_registerRound__last_index=0bv32, acceptor1_ingress_registerRound__last_index__dbg=0bv32, acceptor1_ingress_registerRound__last_old_value=0bv16, acceptor1_ingress_registerRound__last_old_value__dbg=0bv16, acceptor1_ingress_registerRound__last_value=0bv16, acceptor1_ingress_registerRound__last_value__dbg=0bv16, acceptor1_ingress_registerRound__last_write_site=0, acceptor1_ingress_registerRound__next_write_site=0, acceptor1_ingress_registerRound__wrote_any=false, acceptor1_ingress_registerRound__wrote_any__dbg=false, acceptor1_ingress_registerRound__wrote_index0=false, acceptor1_ingress_registerRound__wrote_index0__dbg=false, acceptor1_ingress_registerVRound__dbg0=0bv16, acceptor1_ingress_registerVRound__last0_old_value=0bv16, acceptor1_ingress_registerVRound__last0_old_value__dbg=0bv16, acceptor1_ingress_registerVRound__last0_value=0bv16, acceptor1_ingress_registerVRound__last0_value__dbg=0bv16, acceptor1_ingress_registerVRound__last_index=0bv32, acceptor1_ingress_registerVRound__last_index__dbg=0bv32, acceptor1_ingress_registerVRound__last_old_value=0bv16, acceptor1_ingress_registerVRound__last_old_value__dbg=0bv16, acceptor1_ingress_registerVRound__last_value=0bv16, acceptor1_ingress_registerVRound__last_value__dbg=0bv16, acceptor1_ingress_registerVRound__last_write_site=0, acceptor1_ingress_registerVRound__next_write_site=0, acceptor1_ingress_registerVRound__wrote_any=false, acceptor1_ingress_registerVRound__wrote_any__dbg=false, acceptor1_ingress_registerVRound__wrote_index0=false, acceptor1_ingress_registerVRound__wrote_index0__dbg=false, acceptor1_ingress_registerValue__dbg0=0bv256, acceptor1_ingress_registerValue__last0_old_value=0bv256, acceptor1_ingress_registerValue__last0_old_value__dbg=0bv256, acceptor1_ingress_registerValue__last0_value=0bv256, acceptor1_ingress_registerValue__last0_value__dbg=0bv256, acceptor1_ingress_registerValue__last_index=0bv32, acceptor1_ingress_registerValue__last_index__dbg=0bv32, acceptor1_ingress_registerValue__last_old_value=0bv256, acceptor1_ingress_registerValue__last_old_value__dbg=0bv256, acceptor1_ingress_registerValue__last_value=0bv256, acceptor1_ingress_registerValue__last_value__dbg=0bv256, acceptor1_ingress_registerValue__last_write_site=0, acceptor1_ingress_registerValue__next_write_site=0, acceptor1_ingress_registerValue__wrote_any=false, acceptor1_ingress_registerValue__wrote_any__dbg=false, acceptor1_ingress_registerValue__wrote_index0=false, acceptor1_ingress_registerValue__wrote_index0__dbg=false, acceptor1_p4b_clone_e2e=false, acceptor1_p4b_clone_i2e=false, acceptor1_p4b_clone_i2i=false, acceptor1_p4b_recirculate=false, acceptor1_pkt_external=false, acceptor2_inbox_count=0, acceptor2_ingress_learner_address__dbg0=0bv32, acceptor2_ingress_learner_address__last0_old_value=0bv32, acceptor2_ingress_learner_address__last0_old_value__dbg=0bv32, acceptor2_ingress_learner_address__last0_value=0bv32, acceptor2_ingress_learner_address__last0_value__dbg=0bv32, acceptor2_ingress_learner_address__last_index=0bv32, acceptor2_ingress_learner_address__last_index__dbg=0bv32, acceptor2_ingress_learner_address__last_old_value=0bv32, acceptor2_ingress_learner_address__last_old_value__dbg=0bv32, acceptor2_ingress_learner_address__last_value=0bv32, acceptor2_ingress_learner_address__last_value__dbg=0bv32, acceptor2_ingress_learner_address__last_write_site=0, acceptor2_ingress_learner_address__next_write_site=0, acceptor2_ingress_learner_address__wrote_any=false, acceptor2_ingress_learner_address__wrote_any__dbg=false, acceptor2_ingress_learner_address__wrote_index0=false, acceptor2_ingress_learner_address__wrote_index0__dbg=false, acceptor2_ingress_learner_mac_address__dbg0=0bv48, acceptor2_ingress_learner_mac_address__last0_old_value=0bv48, acceptor2_ingress_learner_mac_address__last0_old_value__dbg=0bv48, acceptor2_ingress_learner_mac_address__last0_value=0bv48, acceptor2_ingress_learner_mac_address__last0_value__dbg=0bv48, acceptor2_ingress_learner_mac_address__last_index=0bv32, acceptor2_ingress_learner_mac_address__last_index__dbg=0bv32, acceptor2_ingress_learner_mac_address__last_old_value=0bv48, acceptor2_ingress_learner_mac_address__last_old_value__dbg=0bv48, acceptor2_ingress_learner_mac_address__last_value=0bv48, acceptor2_ingress_learner_mac_address__last_value__dbg=0bv48, acceptor2_ingress_learner_mac_address__last_write_site=0, acceptor2_ingress_learner_mac_address__next_write_site=0, acceptor2_ingress_learner_mac_address__wrote_any=false, acceptor2_ingress_learner_mac_address__wrote_any__dbg=false, acceptor2_ingress_learner_mac_address__wrote_index0=false, acceptor2_ingress_learner_mac_address__wrote_index0__dbg=false, acceptor2_ingress_my_ip_address__dbg0=0bv32, acceptor2_ingress_my_ip_address__last0_old_value=0bv32, acceptor2_ingress_my_ip_address__last0_old_value__dbg=0bv32, acceptor2_ingress_my_ip_address__last0_value=0bv32, acceptor2_ingress_my_ip_address__last0_value__dbg=0bv32, acceptor2_ingress_my_ip_address__last_index=0bv32, acceptor2_ingress_my_ip_address__last_index__dbg=0bv32, acceptor2_ingress_my_ip_address__last_old_value=0bv32, acceptor2_ingress_my_ip_address__last_old_value__dbg=0bv32, acceptor2_ingress_my_ip_address__last_value=0bv32, acceptor2_ingress_my_ip_address__last_value__dbg=0bv32, acceptor2_ingress_my_ip_address__last_write_site=0, acceptor2_ingress_my_ip_address__next_write_site=0, acceptor2_ingress_my_ip_address__wrote_any=false, acceptor2_ingress_my_ip_address__wrote_any__dbg=false, acceptor2_ingress_my_ip_address__wrote_index0=false, acceptor2_ingress_my_ip_address__wrote_index0__dbg=false, acceptor2_ingress_my_mac_address__dbg0=0bv48, acceptor2_ingress_my_mac_address__last0_old_value=0bv48, acceptor2_ingress_my_mac_address__last0_old_value__dbg=0bv48, acceptor2_ingress_my_mac_address__last0_value=0bv48, acceptor2_ingress_my_mac_address__last0_value__dbg=0bv48, acceptor2_ingress_my_mac_address__last_index=0bv32, acceptor2_ingress_my_mac_address__last_index__dbg=0bv32, acceptor2_ingress_my_mac_address__last_old_value=0bv48, acceptor2_ingress_my_mac_address__last_old_value__dbg=0bv48, acceptor2_ingress_my_mac_address__last_value=0bv48, acceptor2_ingress_my_mac_address__last_value__dbg=0bv48, acceptor2_ingress_my_mac_address__last_write_site=0, acceptor2_ingress_my_mac_address__next_write_site=0, acceptor2_ingress_my_mac_address__wrote_any=false, acceptor2_ingress_my_mac_address__wrote_any__dbg=false, acceptor2_ingress_my_mac_address__wrote_index0=false, acceptor2_ingress_my_mac_address__wrote_index0__dbg=false, acceptor2_ingress_registerAcceptorID__dbg0=0bv16, acceptor2_ingress_registerAcceptorID__last0_old_value=0bv16, acceptor2_ingress_registerAcceptorID__last0_old_value__dbg=0bv16, acceptor2_ingress_registerAcceptorID__last0_value=0bv16, acceptor2_ingress_registerAcceptorID__last0_value__dbg=0bv16, acceptor2_ingress_registerAcceptorID__last_index=0bv32, acceptor2_ingress_registerAcceptorID__last_index__dbg=0bv32, acceptor2_ingress_registerAcceptorID__last_old_value=0bv16, acceptor2_ingress_registerAcceptorID__last_old_value__dbg=0bv16, acceptor2_ingress_registerAcceptorID__last_value=0bv16, acceptor2_ingress_registerAcceptorID__last_value__dbg=0bv16, acceptor2_ingress_registerAcceptorID__last_write_site=0, acceptor2_ingress_registerAcceptorID__next_write_site=0, acceptor2_ingress_registerAcceptorID__wrote_any=false, acceptor2_ingress_registerAcceptorID__wrote_any__dbg=false, acceptor2_ingress_registerAcceptorID__wrote_index0=false, acceptor2_ingress_registerAcceptorID__wrote_index0__dbg=false, acceptor2_ingress_registerRound__dbg0=0bv16, acceptor2_ingress_registerRound__last0_old_value=0bv16, acceptor2_ingress_registerRound__last0_old_value__dbg=0bv16, acceptor2_ingress_registerRound__last0_value=0bv16, acceptor2_ingress_registerRound__last0_value__dbg=0bv16, acceptor2_ingress_registerRound__last_index=0bv32, acceptor2_ingress_registerRound__last_index__dbg=0bv32, acceptor2_ingress_registerRound__last_old_value=0bv16, acceptor2_ingress_registerRound__last_old_value__dbg=0bv16, acceptor2_ingress_registerRound__last_value=0bv16, acceptor2_ingress_registerRound__last_value__dbg=0bv16, acceptor2_ingress_registerRound__last_write_site=0, acceptor2_ingress_registerRound__next_write_site=0, acceptor2_ingress_registerRound__wrote_any=false, acceptor2_ingress_registerRound__wrote_any__dbg=false, acceptor2_ingress_registerRound__wrote_index0=false, acceptor2_ingress_registerRound__wrote_index0__dbg=false, acceptor2_ingress_registerVRound__dbg0=0bv16, acceptor2_ingress_registerVRound__last0_old_value=0bv16, acceptor2_ingress_registerVRound__last0_old_value__dbg=0bv16, acceptor2_ingress_registerVRound__last0_value=0bv16, acceptor2_ingress_registerVRound__last0_value__dbg=0bv16, acceptor2_ingress_registerVRound__last_index=0bv32, acceptor2_ingress_registerVRound__last_index__dbg=0bv32, acceptor2_ingress_registerVRound__last_old_value=0bv16, acceptor2_ingress_registerVRound__last_old_value__dbg=0bv16, acceptor2_ingress_registerVRound__last_value=0bv16, acceptor2_ingress_registerVRound__last_value__dbg=0bv16, acceptor2_ingress_registerVRound__last_write_site=0, acceptor2_ingress_registerVRound__next_write_site=0, acceptor2_ingress_registerVRound__wrote_any=false, acceptor2_ingress_registerVRound__wrote_any__dbg=false, acceptor2_ingress_registerVRound__wrote_index0=false, acceptor2_ingress_registerVRound__wrote_index0__dbg=false, acceptor2_ingress_registerValue__dbg0=0bv256, acceptor2_ingress_registerValue__last0_old_value=0bv256, acceptor2_ingress_registerValue__last0_old_value__dbg=0bv256, acceptor2_ingress_registerValue__last0_value=0bv256, acceptor2_ingress_registerValue__last0_value__dbg=0bv256, acceptor2_ingress_registerValue__last_index=0bv32, acceptor2_ingress_registerValue__last_index__dbg=0bv32, acceptor2_ingress_registerValue__last_old_value=0bv256, acceptor2_ingress_registerValue__last_old_value__dbg=0bv256, acceptor2_ingress_registerValue__last_value=0bv256, acceptor2_ingress_registerValue__last_value__dbg=0bv256, acceptor2_ingress_registerValue__last_write_site=0, acceptor2_ingress_registerValue__next_write_site=0, acceptor2_ingress_registerValue__wrote_any=false, acceptor2_ingress_registerValue__wrote_any__dbg=false, acceptor2_ingress_registerValue__wrote_index0=false, acceptor2_ingress_registerValue__wrote_index0__dbg=false, acceptor2_p4b_clone_e2e=false, acceptor2_p4b_clone_i2e=false, acceptor2_p4b_clone_i2i=false, acceptor2_p4b_recirculate=false, acceptor2_pkt_external=false, leader_drop=true, leader_egress_place_holder_table.hit=false, leader_forward=false, leader_hdr.ethernet.etherType=0bv16, leader_inbox_count=0, leader_ingress_ctrlInstane__dbg0=0bv32, leader_ingress_ctrlInstane__last0_old_value=0bv32, leader_ingress_ctrlInstane__last0_old_value__dbg=0bv32, leader_ingress_ctrlInstane__last0_value=0bv32, leader_ingress_ctrlInstane__last0_value__dbg=0bv32, leader_ingress_ctrlInstane__last_index=0bv32, leader_ingress_ctrlInstane__last_index__dbg=0bv32, leader_ingress_ctrlInstane__last_old_value=0bv32, leader_ingress_ctrlInstane__last_old_value__dbg=0bv32, leader_ingress_ctrlInstane__last_value=0bv32, leader_ingress_ctrlInstane__last_value__dbg=0bv32, leader_ingress_ctrlInstane__last_write_site=0, leader_ingress_ctrlInstane__next_write_site=0, leader_ingress_ctrlInstane__wrote_any=false, leader_ingress_ctrlInstane__wrote_any__dbg=false, leader_ingress_ctrlInstane__wrote_index0=false, leader_ingress_ctrlInstane__wrote_index0__dbg=false, leader_p4b_checksum_error=false, leader_p4b_checksum_updated=false, leader_p4b_checksum_verified=false, leader_p4b_clone_e2e=false, leader_p4b_clone_i2e=false, leader_p4b_clone_i2i=false, leader_p4b_digest=false, leader_p4b_recirculate=false, leader_pkt_external=true, leader_standard_metadata.egress_port=0bv9, learner_inbox_count=0, learner_ingress_registerHistory2B__dbg0=0bv8, learner_ingress_registerHistory2B__last0_old_value=0bv8, learner_ingress_registerHistory2B__last0_old_value__dbg=0bv8, learner_ingress_registerHistory2B__last0_value=0bv8, learner_ingress_registerHistory2B__last0_value__dbg=0bv8, learner_ingress_registerHistory2B__last_index=0bv32, learner_ingress_registerHistory2B__last_index__dbg=0bv32, learner_ingress_registerHistory2B__last_old_value=0bv8, learner_ingress_registerHistory2B__last_old_value__dbg=0bv8, learner_ingress_registerHistory2B__last_value=0bv8, learner_ingress_registerHistory2B__last_value__dbg=0bv8, learner_ingress_registerHistory2B__last_write_site=0, learner_ingress_registerHistory2B__next_write_site=0, learner_ingress_registerHistory2B__wrote_any=false, learner_ingress_registerHistory2B__wrote_any__dbg=false, learner_ingress_registerHistory2B__wrote_index0=false, learner_ingress_registerHistory2B__wrote_index0__dbg=false, learner_ingress_registerRound__dbg0=0bv16, learner_ingress_registerRound__last0_old_value=0bv16, learner_ingress_registerRound__last0_old_value__dbg=0bv16, learner_ingress_registerRound__last0_value=0bv16, learner_ingress_registerRound__last0_value__dbg=0bv16, learner_ingress_registerRound__last_index=0bv32, learner_ingress_registerRound__last_index__dbg=0bv32, learner_ingress_registerRound__last_old_value=0bv16, learner_ingress_registerRound__last_old_value__dbg=0bv16, learner_ingress_registerRound__last_value=0bv16, learner_ingress_registerRound__last_value__dbg=0bv16, learner_ingress_registerRound__last_write_site=0, learner_ingress_registerRound__next_write_site=0, learner_ingress_registerRound__wrote_any=false, learner_ingress_registerRound__wrote_any__dbg=false, learner_ingress_registerRound__wrote_index0=false, learner_ingress_registerRound__wrote_index0__dbg=false, learner_ingress_registerValue__dbg0=0bv256, learner_ingress_registerValue__last0_old_value=0bv256, learner_ingress_registerValue__last0_old_value__dbg=0bv256, learner_ingress_registerValue__last0_value=0bv256, learner_ingress_registerValue__last0_value__dbg=0bv256, learner_ingress_registerValue__last_index=0bv32, learner_ingress_registerValue__last_index__dbg=0bv32, learner_ingress_registerValue__last_old_value=0bv256, learner_ingress_registerValue__last_old_value__dbg=0bv256, learner_ingress_registerValue__last_value=0bv256, learner_ingress_registerValue__last_value__dbg=0bv256, learner_ingress_registerValue__last_write_site=0, learner_ingress_registerValue__next_write_site=0, learner_ingress_registerValue__wrote_any=false, learner_ingress_registerValue__wrote_any__dbg=false, learner_ingress_registerValue__wrote_index0=false, learner_ingress_registerValue__wrote_index0__dbg=false, learner_p4b_clone_e2e=false, learner_p4b_clone_i2e=false, learner_p4b_clone_i2i=false, learner_p4b_recirculate=false, learner_pkt_external=false, procurator_step=1]

  - UnprovableResult [Line: 4350]: Unable to prove that assertion always holds
    Unable to prove that assertion always holds
 Reason: Not analyzed. 
  - UnprovableResult [Line: 4351]: Unable to prove that assertion always holds
    Unable to prove that assertion always holds
 Reason: Not analyzed. 
  - UnprovableResult [Line: 449]: Unable to prove that assertion always holds
    Unable to prove that assertion always holds
 Reason: Not analyzed. 
  - UnprovableResult [Line: 4608]: Unable to prove that assertion always holds
    Unable to prove that assertion always holds
 Reason: Not analyzed. 
  - UnprovableResult [Line: 4609]: Unable to prove that assertion always holds
    Unable to prove that assertion always holds
 Reason: Not analyzed. 
  - UnprovableResult [Line: 4610]: Unable to prove that assertion always holds
    Unable to prove that assertion always holds
 Reason: Not analyzed. 
  - UnprovableResult [Line: 1271]: Unable to prove that assertion always holds
    Unable to prove that assertion always holds
 Reason: Not analyzed. 
  - UnprovableResult [Line: 4867]: Unable to prove that assertion always holds
    Unable to prove that assertion always holds
 Reason: Not analyzed. 
  - UnprovableResult [Line: 4868]: Unable to prove that assertion always holds
    Unable to prove that assertion always holds
 Reason: Not analyzed. 
  - UnprovableResult [Line: 4869]: Unable to prove that assertion always holds
    Unable to prove that assertion always holds
 Reason: Not analyzed. 
  - UnprovableResult [Line: 2093]: Unable to prove that assertion always holds
    Unable to prove that assertion always holds
 Reason: Not analyzed. 
  - UnprovableResult [Line: 5126]: Unable to prove that assertion always holds
    Unable to prove that assertion always holds
 Reason: Not analyzed. 
  - UnprovableResult [Line: 5127]: Unable to prove that assertion always holds
    Unable to prove that assertion always holds
 Reason: Not analyzed. 
  - UnprovableResult [Line: 5128]: Unable to prove that assertion always holds
    Unable to prove that assertion always holds
 Reason: Not analyzed. 
  - UnprovableResult [Line: 3285]: Unable to prove that assertion always holds
    Unable to prove that assertion always holds
 Reason: Not analyzed. 
  - UnprovableResult [Line: 5385]: Unable to prove that assertion always holds
    Unable to prove that assertion always holds
 Reason: Not analyzed. 
  - UnprovableResult [Line: 5386]: Unable to prove that assertion always holds
    Unable to prove that assertion always holds
 Reason: Not analyzed. 
  - UnprovableResult [Line: 5387]: Unable to prove that assertion always holds
    Unable to prove that assertion always holds
 Reason: Not analyzed. 
  - StatisticsResult: Ultimate Automizer benchmark data
    CFG has 8 procedures, 370 locations, 520 edges, 19 error locations. Started 1 CEGAR loops. OverallTime: 50.6s, OverallIterations: 14, TraceHistogramMax: 2, PathProgramHistogramMax: 1, EmptinessCheckTime: 0.1s, AutomataDifference: 5.2s, DeadEndRemovalTime: 0.0s, HoareAnnotationTime: 0.0s, InitialAbstractionConstructionTime: 0.0s, HoareTripleCheckerStatistics: 0 mSolverCounterUnknown, 7141 SdHoareTripleChecker+Valid, 3.3s IncrementalHoareTripleChecker+Time, 0 mSdLazyCounter, 7141 mSDsluCounter, 13381 SdHoareTripleChecker+Invalid, 3.0s Time, 0 mProtectedAction, 0 SdHoareTripleChecker+Unchecked, 0 IncrementalHoareTripleChecker+Unchecked, 6499 mSDsCounter, 72 IncrementalHoareTripleChecker+Valid, 0 mProtectedPredicate, 150 IncrementalHoareTripleChecker+Invalid, 222 SdHoareTripleChecker+Unknown, 0 mSolverCounterNotChecked, 72 mSolverCounterUnsat, 6882 mSDtfsCounter, 150 mSolverCounterSat, 0.1s SdHoareTripleChecker+Time, 0 IncrementalHoareTripleChecker+Unknown, PredicateUnifierStatistics: 0 DeclaredPredicates, 529 GetRequests, 502 SyntacticMatches, 3 SemanticMatches, 24 ConstructedPredicates, 0 IntricatePredicates, 0 DeprecatedPredicates, 0 ImplicationChecksByTransitivity, 0.2s Time, 0.0s BasicInterpolantAutomatonTime, BiggestAbstraction: size=9196occurred in iteration=13, InterpolantAutomatonStates: 45, traceCheckStatistics: No data available, InterpolantConsolidationStatistics: No data available, PathInvariantsStatistics: No data available, 0/0 InterpolantCoveringCapability, TotalInterpolationStatistics: No data available, 0.0s DumpTime, AutomataMinimizationStatistics: 2.3s AutomataMinimizationTime, 13 MinimizatonAttempts, 12020 StatesRemovedByMinimization, 8 NontrivialMinimizations, HoareAnnotationStatistics: No data available, RefinementEngineStatistics: TRACE_CHECK: 1.3s SsaConstructionTime, 16.3s SatisfiabilityAnalysisTime, 11.9s InterpolantComputationTime, 307 NumberOfCodeBlocks, 307 NumberOfCodeBlocksAsserted, 14 NumberOfCheckSat, 526 ConstructedInterpolants, 90 QuantifiedInterpolants, 1736 SizeOfPredicates, 2492 NumberOfNonLiveVariables, 1876 ConjunctsInSsa, 29 ConjunctsInUnsatCore, 26 InterpolantComputations, 26 PerfectInterpolantSequences, 12/12 InterpolantCoveringCapability, INVARIANT_SYNTHESIS: No data available, INTERPOLANT_CONSOLIDATION: No data available, ABSTRACT_INTERPRETATION: No data available, PDR: No data available, ACCELERATED_INTERPOLATION: No data available, SIFA: No data available, ReuseStatistics: No data available, ConComCheckerStatistics: No data available
RESULT: Ultimate proved your program to be incorrect!
[2026-07-04 09:14:08,250 INFO  L546       MonitoredProcess]: [MP /usr/bin/z3 SMTLIB2_COMPLIANT=true -memory:8192 -smt2 -in -t:2000 (1)] Ended with exit code 0
Received shutdown request...
