[RUN] taskset -c 0 nice -n 19 ionice -c 3 timeout 960 /home/smy/p4-verify-camera-ready/.tmp/orphan-worktree-20260703-gemcutter/UGemCutter-linux/Ultimate --launcher.ini /home/smy/p4-verify-camera-ready/.tmp/procurator/verify/distcache_p2c_wraparound_bug/20260704-082337-6391/wraparound/target.00.clientTrack_partitionswitchIngress_leafload_reg/ultimate-home/distcache_p2c_wraparound_bug.cegis.00/confirm.unroll1/Ultimate.launcher.ini --core.toolchain.timeout.in.seconds=900 -tc /home/smy/p4-verify-camera-ready/src/dslc/toolchain/ultimate/toolchains/ReachSafety.xml -s /home/smy/p4-verify-camera-ready/src/dslc/toolchain/ultimate/settings/gemcutter/base/ReachSafety-32bit-GemCutter-ALL.epf -i /home/smy/p4-verify-camera-ready/.tmp/procurator/verify/distcache_p2c_wraparound_bug/20260704-082337-6391/wraparound/target.00.clientTrack_partitionswitchIngress_leafload_reg/distcache_p2c_wraparound_bug.cegis.00.confirm.unroll1.bpl
Picked up JAVA_TOOL_OPTIONS: -Duser.home=/home/smy/p4-verify-camera-ready/.tmp/procurator/verify/distcache_p2c_wraparound_bug/20260704-082337-6391/wraparound/target.00.clientTrack_partitionswitchIngress_leafload_reg/ultimate-home/distcache_p2c_wraparound_bug.cegis.00/confirm.unroll1
WARNING: A terminally deprecated method in sun.misc.Unsafe has been called
WARNING: sun.misc.Unsafe::staticFieldOffset has been called by org.eclipse.osgi.internal.url.MultiplexingFactory (file:/home/smy/p4-verify-camera-ready/.tmp/orphan-worktree-20260703-gemcutter/UGemCutter-linux/plugins/org.eclipse.osgi_3.20.0.v20240509-1421.jar)
WARNING: Please consider reporting this to the maintainers of class org.eclipse.osgi.internal.url.MultiplexingFactory
WARNING: sun.misc.Unsafe::staticFieldOffset will be removed in a future release
WARNING: A restricted method in java.lang.Runtime has been called
WARNING: java.lang.Runtime::load has been called by org.eclipse.equinox.launcher.JNIBridge in an unnamed module (file:/home/smy/p4-verify-camera-ready/.tmp/orphan-worktree-20260703-gemcutter/UGemCutter-linux/plugins/org.eclipse.equinox.launcher_1.6.800.v20240513-1750.jar)
WARNING: Use --enable-native-access=ALL-UNNAMED to avoid a warning for callers in this module
WARNING: Restricted methods will be blocked in a future release unless native access is enabled

This is Ultimate 0.3.1-dev-35a8436538
[2026-07-04 08:23:44,771 INFO  L188        SettingsManager]: Resetting all preferences to default values...
[2026-07-04 08:23:44,865 INFO  L114        SettingsManager]: Loading settings from /home/smy/p4-verify-camera-ready/src/dslc/toolchain/ultimate/settings/gemcutter/base/ReachSafety-32bit-GemCutter-ALL.epf
[2026-07-04 08:23:44,873 WARN  L101        SettingsManager]: Preference file contains the following unknown settings:
[2026-07-04 08:23:44,873 WARN  L103        SettingsManager]:   * de.uni_freiburg.informatik.ultimate.core.Log level for class
[2026-07-04 08:23:44,901 INFO  L130        SettingsManager]: Preferences different from defaults after loading the file:
[2026-07-04 08:23:44,901 INFO  L151        SettingsManager]: Preferences of UltimateCore differ from their defaults:
[2026-07-04 08:23:44,901 INFO  L153        SettingsManager]:  * Log level for class=de.uni_freiburg.informatik.ultimate.lib.smtlibutils.quantifier.QuantifierPusher=ERROR;
[2026-07-04 08:23:44,902 INFO  L151        SettingsManager]: Preferences of Boogie Procedure Inliner differ from their defaults:
[2026-07-04 08:23:44,902 INFO  L153        SettingsManager]:  * Ignore calls to procedures called more than once=ONLY_FOR_SEQUENTIAL_PROGRAMS
[2026-07-04 08:23:44,902 INFO  L151        SettingsManager]: Preferences of BlockEncodingV2 differ from their defaults:
[2026-07-04 08:23:44,902 INFO  L153        SettingsManager]:  * Create parallel compositions if possible=false
[2026-07-04 08:23:44,902 INFO  L153        SettingsManager]:  * Use SBE=true
[2026-07-04 08:23:44,902 INFO  L151        SettingsManager]: Preferences of CACSL2BoogieTranslator differ from their defaults:
[2026-07-04 08:23:44,902 INFO  L153        SettingsManager]:  * sizeof long=4
[2026-07-04 08:23:44,902 INFO  L153        SettingsManager]:  * Overapproximate operations on floating types=true
[2026-07-04 08:23:44,902 INFO  L153        SettingsManager]:  * sizeof POINTER=4
[2026-07-04 08:23:44,902 INFO  L153        SettingsManager]:  * Check division by zero=IGNORE
[2026-07-04 08:23:44,902 INFO  L153        SettingsManager]:  * If two pointers are subtracted or compared they have the same base address=IGNORE
[2026-07-04 08:23:44,902 INFO  L153        SettingsManager]:  * Pointer dereference validity=IGNORE
[2026-07-04 08:23:44,902 INFO  L153        SettingsManager]:  * sizeof long double=12
[2026-07-04 08:23:44,902 INFO  L153        SettingsManager]:  * Check if freed pointer was valid=false
[2026-07-04 08:23:44,902 INFO  L153        SettingsManager]:  * Use constant arrays=true
[2026-07-04 08:23:44,902 INFO  L151        SettingsManager]: Preferences of RCFGBuilder differ from their defaults:
[2026-07-04 08:23:44,902 INFO  L153        SettingsManager]:  * Size of a code block=SequenceOfStatements
[2026-07-04 08:23:44,902 INFO  L153        SettingsManager]:  * SMT solver=External_DefaultMode
[2026-07-04 08:23:44,902 INFO  L153        SettingsManager]:  * Command for external solver=z3 SMTLIB2_COMPLIANT=true -memory:2024 -smt2 -in -t:2000
[2026-07-04 08:23:44,903 INFO  L151        SettingsManager]: Preferences of TraceAbstraction differ from their defaults:
[2026-07-04 08:23:44,903 INFO  L153        SettingsManager]:  * Compute Interpolants along a Counterexample=FPandBP
[2026-07-04 08:23:44,903 INFO  L153        SettingsManager]:  * Positions where we compute the Hoare Annotation=LoopHeads
[2026-07-04 08:23:44,903 INFO  L153        SettingsManager]:  * DFS Order used in POR=LOOP_LOCKSTEP
[2026-07-04 08:23:44,903 INFO  L153        SettingsManager]:  * Command for external solver=z3 SMTLIB2_COMPLIANT=true -memory:2024 -smt2 -in
[2026-07-04 08:23:44,903 INFO  L153        SettingsManager]:  * Automaton type used in concurrency analysis=PARTIAL_ORDER_FA
[2026-07-04 08:23:44,903 INFO  L153        SettingsManager]:  * CEGAR restart behaviour=ONE_CEGAR_PER_THREAD_INSTANCE
[2026-07-04 08:23:44,903 INFO  L153        SettingsManager]:  * Partial Order Reduction in concurrent analysis=PERSISTENT_SLEEP_NEW_STATES_FIXEDORDER
[2026-07-04 08:23:44,903 INFO  L153        SettingsManager]:  * SMT solver=External_ModelsAndUnsatCoreMode
Applying setting for plugin de.uni_freiburg.informatik.ultimate.core: Toolchain timeout in seconds -> 900
[2026-07-04 08:23:45,365 INFO  L75    nceAwareModelManager]: Repository-Root is: /tmp
[2026-07-04 08:23:45,377 INFO  L261   ainManager$Toolchain]: [Toolchain 1]: Applicable parser(s) successfully (re)initialized
[2026-07-04 08:23:45,378 INFO  L217   ainManager$Toolchain]: [Toolchain 1]: Toolchain selected.
[2026-07-04 08:23:45,387 INFO  L270        PluginConnector]: Initializing Boogie PL CUP Parser...
[2026-07-04 08:23:45,389 INFO  L274        PluginConnector]: Boogie PL CUP Parser initialized
[2026-07-04 08:23:45,390 INFO  L431   ainManager$Toolchain]: [Toolchain 1]: Parsing single file: /home/smy/p4-verify-camera-ready/.tmp/procurator/verify/distcache_p2c_wraparound_bug/20260704-082337-6391/wraparound/target.00.clientTrack_partitionswitchIngress_leafload_reg/distcache_p2c_wraparound_bug.cegis.00.confirm.unroll1.bpl
[2026-07-04 08:23:45,390 INFO  L110           BoogieParser]: Parsing: '/home/smy/p4-verify-camera-ready/.tmp/procurator/verify/distcache_p2c_wraparound_bug/20260704-082337-6391/wraparound/target.00.clientTrack_partitionswitchIngress_leafload_reg/distcache_p2c_wraparound_bug.cegis.00.confirm.unroll1.bpl'
[2026-07-04 08:23:45,468 INFO  L299   ainManager$Toolchain]: ####################### [Toolchain 1] #######################
[2026-07-04 08:23:45,469 INFO  L133        ToolchainWalker]: Walking toolchain with 4 elements.
[2026-07-04 08:23:45,469 INFO  L112        PluginConnector]: ------------------------Boogie Procedure Inliner----------------------------
[2026-07-04 08:23:45,469 INFO  L270        PluginConnector]: Initializing Boogie Procedure Inliner...
[2026-07-04 08:23:45,469 INFO  L274        PluginConnector]: Boogie Procedure Inliner initialized
[2026-07-04 08:23:45,485 INFO  L184        PluginConnector]: Executing the observer TypeChecker from plugin Boogie Procedure Inliner for "distcache_p2c_wraparound_bug.cegis.00.confirm.unroll1.bpl de.uni_freiburg.informatik.ultimate.boogie.parser AST 04.07 08:23:45" (1/1) ...
[2026-07-04 08:23:45,509 INFO  L184        PluginConnector]: Executing the observer Inliner from plugin Boogie Procedure Inliner for "distcache_p2c_wraparound_bug.cegis.00.confirm.unroll1.bpl de.uni_freiburg.informatik.ultimate.boogie.parser AST 04.07 08:23:45" (1/1) ...
[2026-07-04 08:23:45,564 INFO  L138                Inliner]: procedures = 41, calls = 109, calls flagged for inlining = 28, calls inlined = 28, statements flattened = 788
[2026-07-04 08:23:45,565 INFO  L131        PluginConnector]: ------------------------ END Boogie Procedure Inliner----------------------------
[2026-07-04 08:23:45,565 INFO  L112        PluginConnector]: ------------------------Boogie Preprocessor----------------------------
[2026-07-04 08:23:45,565 INFO  L270        PluginConnector]: Initializing Boogie Preprocessor...
[2026-07-04 08:23:45,565 INFO  L274        PluginConnector]: Boogie Preprocessor initialized
[2026-07-04 08:23:45,573 INFO  L184        PluginConnector]: Executing the observer EnsureBoogieModelObserver from plugin Boogie Preprocessor for "distcache_p2c_wraparound_bug.cegis.00.confirm.unroll1.bpl de.uni_freiburg.informatik.ultimate.boogie.parser AST 04.07 08:23:45" (1/1) ...
[2026-07-04 08:23:45,573 INFO  L184        PluginConnector]: Executing the observer TypeChecker from plugin Boogie Preprocessor for "distcache_p2c_wraparound_bug.cegis.00.confirm.unroll1.bpl de.uni_freiburg.informatik.ultimate.boogie.parser AST 04.07 08:23:45" (1/1) ...
[2026-07-04 08:23:45,585 INFO  L184        PluginConnector]: Executing the observer ConstExpander from plugin Boogie Preprocessor for "distcache_p2c_wraparound_bug.cegis.00.confirm.unroll1.bpl de.uni_freiburg.informatik.ultimate.boogie.parser AST 04.07 08:23:45" (1/1) ...
[2026-07-04 08:23:45,585 INFO  L184        PluginConnector]: Executing the observer StructExpander from plugin Boogie Preprocessor for "distcache_p2c_wraparound_bug.cegis.00.confirm.unroll1.bpl de.uni_freiburg.informatik.ultimate.boogie.parser AST 04.07 08:23:45" (1/1) ...
[2026-07-04 08:23:45,594 INFO  L184        PluginConnector]: Executing the observer ReplaceArrayAssignments from plugin Boogie Preprocessor for "distcache_p2c_wraparound_bug.cegis.00.confirm.unroll1.bpl de.uni_freiburg.informatik.ultimate.boogie.parser AST 04.07 08:23:45" (1/1) ...
[2026-07-04 08:23:45,603 INFO  L184        PluginConnector]: Executing the observer UnstructureCode from plugin Boogie Preprocessor for "distcache_p2c_wraparound_bug.cegis.00.confirm.unroll1.bpl de.uni_freiburg.informatik.ultimate.boogie.parser AST 04.07 08:23:45" (1/1) ...
[2026-07-04 08:23:45,606 INFO  L184        PluginConnector]: Executing the observer FunctionInliner from plugin Boogie Preprocessor for "distcache_p2c_wraparound_bug.cegis.00.confirm.unroll1.bpl de.uni_freiburg.informatik.ultimate.boogie.parser AST 04.07 08:23:45" (1/1) ...
[2026-07-04 08:23:45,617 INFO  L184        PluginConnector]: Executing the observer LTLStepAnnotator from plugin Boogie Preprocessor for "distcache_p2c_wraparound_bug.cegis.00.confirm.unroll1.bpl de.uni_freiburg.informatik.ultimate.boogie.parser AST 04.07 08:23:45" (1/1) ...
[2026-07-04 08:23:45,618 INFO  L184        PluginConnector]: Executing the observer BoogieSymbolTableConstructor from plugin Boogie Preprocessor for "distcache_p2c_wraparound_bug.cegis.00.confirm.unroll1.bpl de.uni_freiburg.informatik.ultimate.boogie.parser AST 04.07 08:23:45" (1/1) ...
[2026-07-04 08:23:45,630 INFO  L131        PluginConnector]: ------------------------ END Boogie Preprocessor----------------------------
[2026-07-04 08:23:45,631 INFO  L112        PluginConnector]: ------------------------RCFGBuilder----------------------------
[2026-07-04 08:23:45,631 INFO  L270        PluginConnector]: Initializing RCFGBuilder...
[2026-07-04 08:23:45,631 INFO  L274        PluginConnector]: RCFGBuilder initialized
[2026-07-04 08:23:45,640 INFO  L184        PluginConnector]: Executing the observer RCFGBuilderObserver from plugin RCFGBuilder for "distcache_p2c_wraparound_bug.cegis.00.confirm.unroll1.bpl de.uni_freiburg.informatik.ultimate.boogie.parser AST 04.07 08:23:45" (1/1) ...
[2026-07-04 08:23:45,649 INFO  L173          SolverBuilder]: Constructing external solver with command: z3 SMTLIB2_COMPLIANT=true -memory:2024 -smt2 -in -t:2000
[2026-07-04 08:23:45,669 INFO  L189       MonitoredProcess]: No working directory specified, using /usr/bin/z3
[2026-07-04 08:23:45,692 INFO  L229       MonitoredProcess]: Starting monitored process 1 with /usr/bin/z3 SMTLIB2_COMPLIANT=true -memory:2024 -smt2 -in -t:2000 (exit command is (exit), workingDir is null)
[2026-07-04 08:23:45,696 INFO  L327       MonitoredProcess]: [MP /usr/bin/z3 SMTLIB2_COMPLIANT=true -memory:2024 -smt2 -in -t:2000 (1)] Waiting until timeout for monitored process
[2026-07-04 08:23:45,750 INFO  L124     BoogieDeclarations]: Specification and implementation of procedure __wraparound_assert given in one single declaration
[2026-07-04 08:23:45,750 INFO  L130     BoogieDeclarations]: Found specification of procedure __wraparound_assert
[2026-07-04 08:23:45,751 INFO  L138     BoogieDeclarations]: Found implementation of procedure __wraparound_assert
[2026-07-04 08:23:45,751 INFO  L124     BoogieDeclarations]: Specification and implementation of procedure clientTrack_partitionswitchIngress_hash_for_partition given in one single declaration
[2026-07-04 08:23:45,751 INFO  L130     BoogieDeclarations]: Found specification of procedure clientTrack_partitionswitchIngress_hash_for_partition
[2026-07-04 08:23:45,751 INFO  L138     BoogieDeclarations]: Found implementation of procedure clientTrack_partitionswitchIngress_hash_for_partition
[2026-07-04 08:23:45,751 INFO  L124     BoogieDeclarations]: Specification and implementation of procedure clientTrack_partitionswitchIngress_forward_normal_response given in one single declaration
[2026-07-04 08:23:45,751 INFO  L130     BoogieDeclarations]: Found specification of procedure clientTrack_partitionswitchIngress_forward_normal_response
[2026-07-04 08:23:45,751 INFO  L138     BoogieDeclarations]: Found implementation of procedure clientTrack_partitionswitchIngress_forward_normal_response
[2026-07-04 08:23:45,751 INFO  L130     BoogieDeclarations]: Found specification of procedure clientTrack_reject
[2026-07-04 08:23:45,751 INFO  L124     BoogieDeclarations]: Specification and implementation of procedure clientTrack_mainProcedure given in one single declaration
[2026-07-04 08:23:45,751 INFO  L130     BoogieDeclarations]: Found specification of procedure clientTrack_mainProcedure
[2026-07-04 08:23:45,751 INFO  L138     BoogieDeclarations]: Found implementation of procedure clientTrack_mainProcedure
[2026-07-04 08:23:45,751 INFO  L124     BoogieDeclarations]: Specification and implementation of procedure clientTrack_partitionswitchIngress_hash_leaf_partition given in one single declaration
[2026-07-04 08:23:45,751 INFO  L130     BoogieDeclarations]: Found specification of procedure clientTrack_partitionswitchIngress_hash_leaf_partition
[2026-07-04 08:23:45,752 INFO  L138     BoogieDeclarations]: Found implementation of procedure clientTrack_partitionswitchIngress_hash_leaf_partition
[2026-07-04 08:23:45,752 INFO  L124     BoogieDeclarations]: Specification and implementation of procedure clientTrack_partitionswitchIngress_forward_special_get_response given in one single declaration
[2026-07-04 08:23:45,752 INFO  L130     BoogieDeclarations]: Found specification of procedure clientTrack_partitionswitchIngress_forward_special_get_response
[2026-07-04 08:23:45,752 INFO  L138     BoogieDeclarations]: Found implementation of procedure clientTrack_partitionswitchIngress_forward_special_get_response
[2026-07-04 08:23:45,755 INFO  L124     BoogieDeclarations]: Specification and implementation of procedure clientTrack_partitionswitchEgress_update_ipmac_srcport_server2client given in one single declaration
[2026-07-04 08:23:45,755 INFO  L130     BoogieDeclarations]: Found specification of procedure clientTrack_partitionswitchEgress_update_ipmac_srcport_server2client
[2026-07-04 08:23:45,755 INFO  L138     BoogieDeclarations]: Found implementation of procedure clientTrack_partitionswitchEgress_update_ipmac_srcport_server2client
[2026-07-04 08:23:45,755 INFO  L130     BoogieDeclarations]: Found specification of procedure clientTrack_packet_in.extract
[2026-07-04 08:23:45,755 INFO  L124     BoogieDeclarations]: Specification and implementation of procedure clientTrack_partitionswitchIngress_hash_spine_partition given in one single declaration
[2026-07-04 08:23:45,755 INFO  L130     BoogieDeclarations]: Found specification of procedure clientTrack_partitionswitchIngress_hash_spine_partition
[2026-07-04 08:23:45,755 INFO  L138     BoogieDeclarations]: Found implementation of procedure clientTrack_partitionswitchIngress_hash_spine_partition
[2026-07-04 08:23:45,755 INFO  L124     BoogieDeclarations]: Specification and implementation of procedure ULTIMATE.start given in one single declaration
[2026-07-04 08:23:45,755 INFO  L130     BoogieDeclarations]: Found specification of procedure ULTIMATE.start
[2026-07-04 08:23:45,755 INFO  L138     BoogieDeclarations]: Found implementation of procedure ULTIMATE.start
[2026-07-04 08:23:45,755 INFO  L124     BoogieDeclarations]: Specification and implementation of procedure clientTrack_Forward given in one single declaration
[2026-07-04 08:23:45,755 INFO  L130     BoogieDeclarations]: Found specification of procedure clientTrack_Forward
[2026-07-04 08:23:45,756 INFO  L138     BoogieDeclarations]: Found implementation of procedure clientTrack_Forward
[2026-07-04 08:23:45,994 INFO  L234             CfgBuilder]: Building ICFG
[2026-07-04 08:23:46,000 INFO  L260             CfgBuilder]: Building CFG for each procedure with an implementation
[2026-07-04 08:23:47,039 INFO  L?                        ?]: Removed 63 outVars from TransFormulas that were not future-live.
[2026-07-04 08:23:47,043 INFO  L283             CfgBuilder]: Performing block encoding
[2026-07-04 08:23:47,061 INFO  L89      LargeBlockEncoding]: Applying CFG Large Block Encoding to ICFG that has 10 procedures, 244 locations, 483 edges, 0 initial locations, 0 loop locations, and 1 error locations.
[2026-07-04 08:23:47,074 INFO  L139     LargeBlockEncoding]: LargeBlockEncoding completed in 29 ms, with 0 straightline sequential compositions, 0 parallel compositions, 0 1:n/n:1 sequential compositions and 0 complex sequential compositions.
[2026-07-04 08:23:47,084 INFO  L307             CfgBuilder]: Using the 1 location(s) as analysis (start of procedure ULTIMATE.start)
[2026-07-04 08:23:47,084 INFO  L312             CfgBuilder]: Removed 2 assume(true) statements.
[2026-07-04 08:23:47,084 INFO  L314             CfgBuilder]: Constructed ICFG has 10 procedures, 244 locations, 483 edges, 1 initial locations, 0 loop locations, and 1 error locations.
[2026-07-04 08:23:47,085 INFO  L201        PluginConnector]: Adding new model distcache_p2c_wraparound_bug.cegis.00.confirm.unroll1.bpl de.uni_freiburg.informatik.ultimate.plugins.generator.rcfgbuilder CFG 04.07 08:23:47 BoogieIcfgContainer
[2026-07-04 08:23:47,085 INFO  L131        PluginConnector]: ------------------------ END RCFGBuilder----------------------------
[2026-07-04 08:23:47,086 INFO  L112        PluginConnector]: ------------------------TraceAbstraction----------------------------
[2026-07-04 08:23:47,086 INFO  L270        PluginConnector]: Initializing TraceAbstraction...
[2026-07-04 08:23:47,090 INFO  L274        PluginConnector]: TraceAbstraction initialized
[2026-07-04 08:23:47,090 INFO  L184        PluginConnector]: Executing the observer TraceAbstractionObserver from plugin TraceAbstraction for "distcache_p2c_wraparound_bug.cegis.00.confirm.unroll1.bpl de.uni_freiburg.informatik.ultimate.boogie.parser AST 04.07 08:23:45" (1/2) ...
[2026-07-04 08:23:47,090 INFO  L204        PluginConnector]: Invalid model from TraceAbstraction for observer de.uni_freiburg.informatik.ultimate.plugins.generator.traceabstraction.TraceAbstractionObserver@1c7d05ba and model type distcache_p2c_wraparound_bug.cegis.00.confirm.unroll1.bpl de.uni_freiburg.informatik.ultimate.plugins.generator.traceabstraction AST 04.07 08:23:47, skipping insertion in model container
[2026-07-04 08:23:47,090 INFO  L184        PluginConnector]: Executing the observer TraceAbstractionObserver from plugin TraceAbstraction for "distcache_p2c_wraparound_bug.cegis.00.confirm.unroll1.bpl de.uni_freiburg.informatik.ultimate.plugins.generator.rcfgbuilder CFG 04.07 08:23:47" (2/2) ...
[2026-07-04 08:23:47,091 INFO  L128   eAbstractionObserver]: Analyzing ICFG distcache_p2c_wraparound_bug.cegis.00.confirm.unroll1.bpl
[2026-07-04 08:23:47,105 INFO  L217   ceAbstractionStarter]: Automizer settings: Hoare:LoopHeads NWA Interpolation:FPandBP Determinization: PREDICATE_ABSTRACTION
[2026-07-04 08:23:47,106 INFO  L151   ceAbstractionStarter]: Applying trace abstraction to ICFG distcache_p2c_wraparound_bug.cegis.00.confirm.unroll1.bpl that has 10 procedures, 244 locations, 483 edges, 1 initial locations, 0 loop locations, and 1 error locations.
[2026-07-04 08:23:47,115 WARN  L366   ceAbstractionStarter]: Program is not concurrent. Changing CEGAR restart behaviour to ONLY_ONE_CEGAR
[2026-07-04 08:23:47,215 INFO  L344      AbstractCegarLoop]: ======== Iteration 0 == of CEGAR loop == AllErrorsAtOnce ========
[2026-07-04 08:23:47,237 INFO  L345      AbstractCegarLoop]: Settings: SEPARATE_VIOLATION_CHECK=true, mInterprocedural=true, mMaxIterations=1000000, mWatchIteration=1000000, mArtifact=RCFG, mInterpolation=FPandBP, mInterpolantAutomaton=STRAIGHT_LINE, mDumpAutomata=false, mAutomataFormat=ATS_NUMERATE, mDumpPath=., mDeterminiation=PREDICATE_ABSTRACTION, mMinimize=MINIMIZE_SEVPA, mAutomataTypeConcurrency=PARTIAL_ORDER_FA, mHoareTripleChecks=INCREMENTAL, mHoareAnnotationPositions=LoopHeads, mDumpOnlyReuseAutomata=false, mLimitTraceHistogram=0, mErrorLocTimeLimit=0, mLimitPathProgramCount=0, mCollectInterpolantStatistics=true, mHeuristicEmptinessCheck=false, mHeuristicEmptinessCheckAStarHeuristic=ZERO, mHeuristicEmptinessCheckAStarHeuristicRandomSeed=1337, mHeuristicEmptinessCheckSmtFeatureScoringMethod=DAGSIZE, mSMTFeatureExtraction=false, mSMTFeatureExtractionDumpPath=., mOverrideInterpolantAutomaton=false, mMcrInterpolantMethod=WP, mPorIndependenceSettings=[Lde.uni_freiburg.informatik.ultimate.lib.tracecheckerutils.partialorder.independence.IndependenceSettings;@69893b6a, mLbeIndependenceSettings=[IndependenceType=SEMANTIC, AbstractionType=NONE, UseConditional=false, UseSemiCommutativity=true, Solver=Z3, SolverTimeout=1000ms]
[2026-07-04 08:23:47,237 INFO  L346      AbstractCegarLoop]: Starting to check reachability of 1 error locations.
[2026-07-04 08:23:47,241 INFO  L278                IsEmpty]: Start isEmpty. Operand  has 244 states, 160 states have (on average 1.65) internal successors, (264), 232 states have internal predecessors, (264), 73 states have call successors, (73), 9 states have call predecessors, (73), 9 states have return successors, (73), 8 states have call predecessors, (73), 73 states have call successors, (73)
[2026-07-04 08:23:47,247 INFO  L284                IsEmpty]: Finished isEmpty. Found accepting run of length 49
[2026-07-04 08:23:47,247 INFO  L199           NwaCegarLoop]: Found error trace
[2026-07-04 08:23:47,256 INFO  L207           NwaCegarLoop]: trace histogram [1, 1, 1, 1, 1, 1, 1, 1, 1, 1, 1, 1, 1, 1, 1, 1, 1, 1, 1, 1, 1, 1, 1, 1, 1, 1, 1, 1, 1, 1, 1, 1, 1, 1, 1, 1, 1, 1, 1, 1, 1, 1, 1, 1, 1, 1, 1, 1]
[2026-07-04 08:23:47,256 INFO  L408      AbstractCegarLoop]: === Iteration 1 === Targeting __wraparound_assertErr0ASSERT_VIOLATIONASSERT === [__wraparound_assertErr0ASSERT_VIOLATIONASSERT] ===
[2026-07-04 08:23:47,262 INFO  L156       PredicateUnifier]: Initialized classic predicate unifier
[2026-07-04 08:23:47,262 INFO  L85        PathProgramCache]: Analyzing trace with hash -52021133, now seen corresponding path program 1 times
[2026-07-04 08:23:47,270 INFO  L118   FreeRefinementEngine]: Executing refinement strategy FIXED_PREFERENCES
[2026-07-04 08:23:47,271 INFO  L324   FreeRefinementEngine]: Using trace check IpTcStrategyModulePreferences [227601956]
[2026-07-04 08:23:47,272 INFO  L97    rtionOrderModulation]: Keeping assertion order NOT_INCREMENTALLY
[2026-07-04 08:23:47,272 INFO  L173          SolverBuilder]: Constructing external solver with command: z3 SMTLIB2_COMPLIANT=true -memory:2024 -smt2 -in
[2026-07-04 08:23:47,277 INFO  L189       MonitoredProcess]: No working directory specified, using /usr/bin/z3
[2026-07-04 08:23:47,286 INFO  L229       MonitoredProcess]: Starting monitored process 2 with /usr/bin/z3 SMTLIB2_COMPLIANT=true -memory:2024 -smt2 -in (exit command is (exit), workingDir is null)
[2026-07-04 08:23:47,288 INFO  L327       MonitoredProcess]: [MP /usr/bin/z3 SMTLIB2_COMPLIANT=true -memory:2024 -smt2 -in (2)] Waiting until timeout for monitored process
[2026-07-04 08:23:47,481 INFO  L108    AnnotateAndAsserter]: Assert order NOT_INCREMENTALLY partitioned 48 statements into 1 equivalence classes.
[2026-07-04 08:23:47,541 INFO  L111    AnnotateAndAsserter]: Assert order NOT_INCREMENTALLY issued 1 check-sat command(s) and asserted 48 of 48 statements.
[2026-07-04 08:23:47,541 INFO  L114    AnnotateAndAsserter]: Assert order NOT_INCREMENTALLY issued 1 check-sat command(s)
[2026-07-04 08:23:47,541 INFO  L115    AnnotateAndAsserter]: Conjunction of SSA is unsat
[2026-07-04 08:23:47,547 INFO  L256         TraceCheckSpWp]: Trace formula consists of 260 conjuncts, 1 conjuncts are in the unsatisfiable core
[2026-07-04 08:23:47,556 INFO  L279         TraceCheckSpWp]: Computing forward predicates...
[2026-07-04 08:23:47,605 INFO  L134       CoverageAnalysis]: Checked inductivity of 0 backedges. 0 proven. 0 refuted. 0 times theorem prover too weak. 0 trivial. 0 not checked.
[2026-07-04 08:23:47,605 INFO  L312         TraceCheckSpWp]: Computing backward predicates...
[2026-07-04 08:23:47,662 INFO  L134       CoverageAnalysis]: Checked inductivity of 0 backedges. 0 proven. 0 refuted. 0 times theorem prover too weak. 0 trivial. 0 not checked.
[2026-07-04 08:23:47,663 INFO  L136   FreeRefinementEngine]: Strategy FIXED_PREFERENCES found an infeasible trace
[2026-07-04 08:23:47,663 INFO  L324   FreeRefinementEngine]: Using interpolant generator IpTcStrategyModulePreferences [227601956]
[2026-07-04 08:23:47,663 INFO  L158   FreeRefinementEngine]: IpTcStrategyModulePreferences [227601956] provided 2 perfect and 0 imperfect interpolant sequences
[2026-07-04 08:23:47,663 INFO  L185   FreeRefinementEngine]: Found 2 perfect and 0 imperfect interpolant sequences.
[2026-07-04 08:23:47,664 INFO  L198   FreeRefinementEngine]: Number of different interpolants: perfect sequences [2, 2] imperfect sequences [] total 2
[2026-07-04 08:23:47,665 INFO  L121   tionRefinementEngine]: Using interpolant automaton builder IpAbStrategyModuleStraightlineAll [256943316]
[2026-07-04 08:23:47,666 INFO  L85    oduleStraightlineAll]: Using 2 perfect interpolants to construct interpolant automaton
[2026-07-04 08:23:47,684 INFO  L567      AbstractCegarLoop]: INTERPOLANT automaton has 2 states
[2026-07-04 08:23:47,685 INFO  L100   FreeRefinementEngine]: Using predicate unifier PredicateUnifier provided by strategy FIXED_PREFERENCES
[2026-07-04 08:23:47,714 INFO  L144   InterpolantAutomaton]: Constructing interpolant automaton starting with 2 interpolants.
[2026-07-04 08:23:47,714 INFO  L146   InterpolantAutomaton]: CoverageRelationStatistics Valid=1, Invalid=1, Unknown=0, NotChecked=0, Total=2
[2026-07-04 08:23:47,716 INFO  L87              Difference]: Start difference. First operand  has 244 states, 160 states have (on average 1.65) internal successors, (264), 232 states have internal predecessors, (264), 73 states have call successors, (73), 9 states have call predecessors, (73), 9 states have return successors, (73), 8 states have call predecessors, (73), 73 states have call successors, (73) Second operand  has 2 states, 2 states have (on average 32.5) internal successors, (65), 2 states have internal predecessors, (65), 2 states have call successors, (7), 2 states have call predecessors, (7), 2 states have return successors, (6), 2 states have call predecessors, (6), 2 states have call successors, (6)
[2026-07-04 08:23:47,797 INFO  L144             Difference]: Subtrahend was deterministic. Have not used determinization.
[2026-07-04 08:23:47,798 INFO  L93              Difference]: Finished difference Result 486 states and 817 transitions.
[2026-07-04 08:23:47,798 INFO  L140   InterpolantAutomaton]: Switched to read-only mode: deterministic interpolant automaton has 2 states. 
[2026-07-04 08:23:47,799 INFO  L79                 Accepts]: Start accepts. Automaton has  has 2 states, 2 states have (on average 32.5) internal successors, (65), 2 states have internal predecessors, (65), 2 states have call successors, (7), 2 states have call predecessors, (7), 2 states have return successors, (6), 2 states have call predecessors, (6), 2 states have call successors, (6) Word has length 48
[2026-07-04 08:23:47,799 INFO  L85                 Accepts]: Finished accepts. some prefix is accepted.
[2026-07-04 08:23:47,811 INFO  L225             Difference]: With dead ends: 486
[2026-07-04 08:23:47,812 INFO  L226             Difference]: Without dead ends: 238
[2026-07-04 08:23:47,821 INFO  L425           NwaCegarLoop]: 0 DeclaredPredicates, 94 GetRequests, 94 SyntacticMatches, 0 SemanticMatches, 0 ConstructedPredicates, 0 IntricatePredicates, 0 DeprecatedPredicates, 0 ImplicationChecksByTransitivity, 0.0s TimeCoverageRelationStatistics Valid=1, Invalid=1, Unknown=0, NotChecked=0, Total=2
[2026-07-04 08:23:47,822 INFO  L426           NwaCegarLoop]: 409 mSDtfsCounter, 0 mSDsluCounter, 0 mSDsCounter, 0 mSdLazyCounter, 0 mSolverCounterSat, 0 mSolverCounterUnsat, 0 mSolverCounterUnknown, 0 mSolverCounterNotChecked, 0.0s Time, 0 mProtectedPredicate, 0 mProtectedAction, 0 SdHoareTripleChecker+Valid, 409 SdHoareTripleChecker+Invalid, 0 SdHoareTripleChecker+Unknown, 0 SdHoareTripleChecker+Unchecked, 0.0s SdHoareTripleChecker+Time, 0 IncrementalHoareTripleChecker+Valid, 0 IncrementalHoareTripleChecker+Invalid, 0 IncrementalHoareTripleChecker+Unknown, 0 IncrementalHoareTripleChecker+Unchecked, 0.0s IncrementalHoareTripleChecker+Time
[2026-07-04 08:23:47,823 INFO  L427           NwaCegarLoop]: SdHoareTripleChecker [0 Valid, 409 Invalid, 0 Unknown, 0 Unchecked, 0.0s Time], IncrementalHoareTripleChecker [0 Valid, 0 Invalid, 0 Unknown, 0 Unchecked, 0.0s Time]
[2026-07-04 08:23:47,842 INFO  L82        GeneralOperation]: Start minimizeSevpa. Operand 238 states.
[2026-07-04 08:23:47,904 INFO  L88        GeneralOperation]: Finished minimizeSevpa. Reduced states from 238 to 238.
[2026-07-04 08:23:47,905 INFO  L82        GeneralOperation]: Start removeUnreachable. Operand  has 238 states, 156 states have (on average 1.641025641025641) internal successors, (256), 226 states have internal predecessors, (256), 73 states have call successors, (73), 9 states have call predecessors, (73), 8 states have return successors, (72), 7 states have call predecessors, (72), 72 states have call successors, (72)
[2026-07-04 08:23:47,920 INFO  L88        GeneralOperation]: Finished removeUnreachable. Reduced from 238 states to 238 states and 401 transitions.
[2026-07-04 08:23:47,922 INFO  L79                 Accepts]: Start accepts. Automaton has 238 states and 401 transitions. Word has length 48
[2026-07-04 08:23:47,922 INFO  L85                 Accepts]: Finished accepts. word is rejected.
[2026-07-04 08:23:47,922 INFO  L490      AbstractCegarLoop]: Abstraction has 238 states and 401 transitions.
[2026-07-04 08:23:47,922 INFO  L491      AbstractCegarLoop]: INTERPOLANT automaton has  has 2 states, 2 states have (on average 32.5) internal successors, (65), 2 states have internal predecessors, (65), 2 states have call successors, (7), 2 states have call predecessors, (7), 2 states have return successors, (6), 2 states have call predecessors, (6), 2 states have call successors, (6)
[2026-07-04 08:23:47,922 INFO  L278                IsEmpty]: Start isEmpty. Operand 238 states and 401 transitions.
[2026-07-04 08:23:47,932 INFO  L284                IsEmpty]: Finished isEmpty. Found accepting run of length 49
[2026-07-04 08:23:47,932 INFO  L199           NwaCegarLoop]: Found error trace
[2026-07-04 08:23:47,932 INFO  L207           NwaCegarLoop]: trace histogram [1, 1, 1, 1, 1, 1, 1, 1, 1, 1, 1, 1, 1, 1, 1, 1, 1, 1, 1, 1, 1, 1, 1, 1, 1, 1, 1, 1, 1, 1, 1, 1, 1, 1, 1, 1, 1, 1, 1, 1, 1, 1, 1, 1, 1, 1, 1, 1]
[2026-07-04 08:23:47,945 INFO  L546       MonitoredProcess]: [MP /usr/bin/z3 SMTLIB2_COMPLIANT=true -memory:2024 -smt2 -in (2)] Ended with exit code 0
[2026-07-04 08:23:48,133 WARN  L471      AbstractCegarLoop]: Destroyed unattended storables created during the last iteration: 2 /usr/bin/z3 SMTLIB2_COMPLIANT=true -memory:2024 -smt2 -in
[2026-07-04 08:23:48,134 INFO  L408      AbstractCegarLoop]: === Iteration 2 === Targeting __wraparound_assertErr0ASSERT_VIOLATIONASSERT === [__wraparound_assertErr0ASSERT_VIOLATIONASSERT] ===
[2026-07-04 08:23:48,135 INFO  L156       PredicateUnifier]: Initialized classic predicate unifier
[2026-07-04 08:23:48,135 INFO  L85        PathProgramCache]: Analyzing trace with hash -405109515, now seen corresponding path program 1 times
[2026-07-04 08:23:48,136 INFO  L118   FreeRefinementEngine]: Executing refinement strategy FIXED_PREFERENCES
[2026-07-04 08:23:48,136 INFO  L324   FreeRefinementEngine]: Using trace check IpTcStrategyModulePreferences [1379236213]
[2026-07-04 08:23:48,136 INFO  L97    rtionOrderModulation]: Keeping assertion order NOT_INCREMENTALLY
[2026-07-04 08:23:48,136 INFO  L173          SolverBuilder]: Constructing external solver with command: z3 SMTLIB2_COMPLIANT=true -memory:2024 -smt2 -in
[2026-07-04 08:23:48,143 INFO  L189       MonitoredProcess]: No working directory specified, using /usr/bin/z3
[2026-07-04 08:23:48,146 INFO  L229       MonitoredProcess]: Starting monitored process 3 with /usr/bin/z3 SMTLIB2_COMPLIANT=true -memory:2024 -smt2 -in (exit command is (exit), workingDir is null)
[2026-07-04 08:23:48,147 INFO  L327       MonitoredProcess]: [MP /usr/bin/z3 SMTLIB2_COMPLIANT=true -memory:2024 -smt2 -in (3)] Waiting until timeout for monitored process
[2026-07-04 08:23:48,272 INFO  L108    AnnotateAndAsserter]: Assert order NOT_INCREMENTALLY partitioned 48 statements into 1 equivalence classes.
[2026-07-04 08:23:48,331 INFO  L111    AnnotateAndAsserter]: Assert order NOT_INCREMENTALLY issued 1 check-sat command(s) and asserted 48 of 48 statements.
[2026-07-04 08:23:48,331 INFO  L114    AnnotateAndAsserter]: Assert order NOT_INCREMENTALLY issued 1 check-sat command(s)
[2026-07-04 08:23:48,332 INFO  L115    AnnotateAndAsserter]: Conjunction of SSA is unsat
[2026-07-04 08:23:48,338 INFO  L256         TraceCheckSpWp]: Trace formula consists of 260 conjuncts, 2 conjuncts are in the unsatisfiable core
[2026-07-04 08:23:48,382 INFO  L279         TraceCheckSpWp]: Computing forward predicates...
[2026-07-04 08:23:48,466 INFO  L134       CoverageAnalysis]: Checked inductivity of 0 backedges. 0 proven. 0 refuted. 0 times theorem prover too weak. 0 trivial. 0 not checked.
[2026-07-04 08:23:48,466 INFO  L312         TraceCheckSpWp]: Computing backward predicates...
[2026-07-04 08:23:48,541 INFO  L134       CoverageAnalysis]: Checked inductivity of 0 backedges. 0 proven. 0 refuted. 0 times theorem prover too weak. 0 trivial. 0 not checked.
[2026-07-04 08:23:48,541 INFO  L136   FreeRefinementEngine]: Strategy FIXED_PREFERENCES found an infeasible trace
[2026-07-04 08:23:48,541 INFO  L324   FreeRefinementEngine]: Using interpolant generator IpTcStrategyModulePreferences [1379236213]
[2026-07-04 08:23:48,542 INFO  L158   FreeRefinementEngine]: IpTcStrategyModulePreferences [1379236213] provided 2 perfect and 0 imperfect interpolant sequences
[2026-07-04 08:23:48,542 INFO  L185   FreeRefinementEngine]: Found 2 perfect and 0 imperfect interpolant sequences.
[2026-07-04 08:23:48,542 INFO  L198   FreeRefinementEngine]: Number of different interpolants: perfect sequences [3, 3] imperfect sequences [] total 3
[2026-07-04 08:23:48,542 INFO  L121   tionRefinementEngine]: Using interpolant automaton builder IpAbStrategyModuleStraightlineAll [708428659]
[2026-07-04 08:23:48,542 INFO  L85    oduleStraightlineAll]: Using 2 perfect interpolants to construct interpolant automaton
[2026-07-04 08:23:48,543 INFO  L567      AbstractCegarLoop]: INTERPOLANT automaton has 3 states
[2026-07-04 08:23:48,543 INFO  L100   FreeRefinementEngine]: Using predicate unifier PredicateUnifier provided by strategy FIXED_PREFERENCES
[2026-07-04 08:23:48,543 INFO  L144   InterpolantAutomaton]: Constructing interpolant automaton starting with 3 interpolants.
[2026-07-04 08:23:48,543 INFO  L146   InterpolantAutomaton]: CoverageRelationStatistics Valid=3, Invalid=3, Unknown=0, NotChecked=0, Total=6
[2026-07-04 08:23:48,543 INFO  L87              Difference]: Start difference. First operand 238 states and 401 transitions. Second operand  has 3 states, 3 states have (on average 15.0) internal successors, (45), 3 states have internal predecessors, (45), 3 states have call successors, (6), 3 states have call predecessors, (6), 3 states have return successors, (5), 2 states have call predecessors, (5), 3 states have call successors, (5)
[2026-07-04 08:23:48,571 INFO  L144             Difference]: Subtrahend was deterministic. Have not used determinization.
[2026-07-04 08:23:48,578 INFO  L93              Difference]: Finished difference Result 254 states and 420 transitions.
[2026-07-04 08:23:48,578 INFO  L140   InterpolantAutomaton]: Switched to read-only mode: deterministic interpolant automaton has 3 states. 
[2026-07-04 08:23:48,578 INFO  L79                 Accepts]: Start accepts. Automaton has  has 3 states, 3 states have (on average 15.0) internal successors, (45), 3 states have internal predecessors, (45), 3 states have call successors, (6), 3 states have call predecessors, (6), 3 states have return successors, (5), 2 states have call predecessors, (5), 3 states have call successors, (5) Word has length 48
[2026-07-04 08:23:48,578 INFO  L85                 Accepts]: Finished accepts. some prefix is accepted.
[2026-07-04 08:23:48,580 INFO  L225             Difference]: With dead ends: 254
[2026-07-04 08:23:48,580 INFO  L226             Difference]: Without dead ends: 238
[2026-07-04 08:23:48,580 INFO  L425           NwaCegarLoop]: 0 DeclaredPredicates, 94 GetRequests, 93 SyntacticMatches, 0 SemanticMatches, 1 ConstructedPredicates, 0 IntricatePredicates, 0 DeprecatedPredicates, 0 ImplicationChecksByTransitivity, 0.0s TimeCoverageRelationStatistics Valid=3, Invalid=3, Unknown=0, NotChecked=0, Total=6
[2026-07-04 08:23:48,581 INFO  L426           NwaCegarLoop]: 399 mSDtfsCounter, 373 mSDsluCounter, 0 mSDsCounter, 0 mSdLazyCounter, 1 mSolverCounterSat, 2 mSolverCounterUnsat, 0 mSolverCounterUnknown, 0 mSolverCounterNotChecked, 0.0s Time, 0 mProtectedPredicate, 0 mProtectedAction, 373 SdHoareTripleChecker+Valid, 399 SdHoareTripleChecker+Invalid, 3 SdHoareTripleChecker+Unknown, 0 SdHoareTripleChecker+Unchecked, 0.0s SdHoareTripleChecker+Time, 2 IncrementalHoareTripleChecker+Valid, 1 IncrementalHoareTripleChecker+Invalid, 0 IncrementalHoareTripleChecker+Unknown, 0 IncrementalHoareTripleChecker+Unchecked, 0.0s IncrementalHoareTripleChecker+Time
[2026-07-04 08:23:48,581 INFO  L427           NwaCegarLoop]: SdHoareTripleChecker [373 Valid, 399 Invalid, 3 Unknown, 0 Unchecked, 0.0s Time], IncrementalHoareTripleChecker [2 Valid, 1 Invalid, 0 Unknown, 0 Unchecked, 0.0s Time]
[2026-07-04 08:23:48,581 INFO  L82        GeneralOperation]: Start minimizeSevpa. Operand 238 states.
[2026-07-04 08:23:48,603 INFO  L88        GeneralOperation]: Finished minimizeSevpa. Reduced states from 238 to 238.
[2026-07-04 08:23:48,604 INFO  L82        GeneralOperation]: Start removeUnreachable. Operand  has 238 states, 156 states have (on average 1.6346153846153846) internal successors, (255), 226 states have internal predecessors, (255), 73 states have call successors, (73), 9 states have call predecessors, (73), 8 states have return successors, (72), 7 states have call predecessors, (72), 72 states have call successors, (72)
[2026-07-04 08:23:48,605 INFO  L88        GeneralOperation]: Finished removeUnreachable. Reduced from 238 states to 238 states and 400 transitions.
[2026-07-04 08:23:48,605 INFO  L79                 Accepts]: Start accepts. Automaton has 238 states and 400 transitions. Word has length 48
[2026-07-04 08:23:48,606 INFO  L85                 Accepts]: Finished accepts. word is rejected.
[2026-07-04 08:23:48,606 INFO  L490      AbstractCegarLoop]: Abstraction has 238 states and 400 transitions.
[2026-07-04 08:23:48,606 INFO  L491      AbstractCegarLoop]: INTERPOLANT automaton has  has 3 states, 3 states have (on average 15.0) internal successors, (45), 3 states have internal predecessors, (45), 3 states have call successors, (6), 3 states have call predecessors, (6), 3 states have return successors, (5), 2 states have call predecessors, (5), 3 states have call successors, (5)
[2026-07-04 08:23:48,606 INFO  L278                IsEmpty]: Start isEmpty. Operand 238 states and 400 transitions.
[2026-07-04 08:23:48,607 INFO  L284                IsEmpty]: Finished isEmpty. Found accepting run of length 49
[2026-07-04 08:23:48,607 INFO  L199           NwaCegarLoop]: Found error trace
[2026-07-04 08:23:48,607 INFO  L207           NwaCegarLoop]: trace histogram [1, 1, 1, 1, 1, 1, 1, 1, 1, 1, 1, 1, 1, 1, 1, 1, 1, 1, 1, 1, 1, 1, 1, 1, 1, 1, 1, 1, 1, 1, 1, 1, 1, 1, 1, 1, 1, 1, 1, 1, 1, 1, 1, 1, 1, 1, 1, 1]
[2026-07-04 08:23:48,621 INFO  L546       MonitoredProcess]: [MP /usr/bin/z3 SMTLIB2_COMPLIANT=true -memory:2024 -smt2 -in (3)] Ended with exit code 0
[2026-07-04 08:23:48,820 WARN  L471      AbstractCegarLoop]: Destroyed unattended storables created during the last iteration: 3 /usr/bin/z3 SMTLIB2_COMPLIANT=true -memory:2024 -smt2 -in
[2026-07-04 08:23:48,823 INFO  L408      AbstractCegarLoop]: === Iteration 3 === Targeting __wraparound_assertErr0ASSERT_VIOLATIONASSERT === [__wraparound_assertErr0ASSERT_VIOLATIONASSERT] ===
[2026-07-04 08:23:48,824 INFO  L156       PredicateUnifier]: Initialized classic predicate unifier
[2026-07-04 08:23:48,824 INFO  L85        PathProgramCache]: Analyzing trace with hash -1426177869, now seen corresponding path program 1 times
[2026-07-04 08:23:48,824 INFO  L118   FreeRefinementEngine]: Executing refinement strategy FIXED_PREFERENCES
[2026-07-04 08:23:48,824 INFO  L324   FreeRefinementEngine]: Using trace check IpTcStrategyModulePreferences [194690969]
[2026-07-04 08:23:48,824 INFO  L97    rtionOrderModulation]: Keeping assertion order NOT_INCREMENTALLY
[2026-07-04 08:23:48,824 INFO  L173          SolverBuilder]: Constructing external solver with command: z3 SMTLIB2_COMPLIANT=true -memory:2024 -smt2 -in
[2026-07-04 08:23:48,835 INFO  L189       MonitoredProcess]: No working directory specified, using /usr/bin/z3
[2026-07-04 08:23:48,837 INFO  L229       MonitoredProcess]: Starting monitored process 4 with /usr/bin/z3 SMTLIB2_COMPLIANT=true -memory:2024 -smt2 -in (exit command is (exit), workingDir is null)
[2026-07-04 08:23:48,843 INFO  L327       MonitoredProcess]: [MP /usr/bin/z3 SMTLIB2_COMPLIANT=true -memory:2024 -smt2 -in (4)] Waiting until timeout for monitored process
[2026-07-04 08:23:48,960 INFO  L108    AnnotateAndAsserter]: Assert order NOT_INCREMENTALLY partitioned 48 statements into 1 equivalence classes.
[2026-07-04 08:23:48,989 INFO  L111    AnnotateAndAsserter]: Assert order NOT_INCREMENTALLY issued 1 check-sat command(s) and asserted 48 of 48 statements.
[2026-07-04 08:23:48,989 INFO  L114    AnnotateAndAsserter]: Assert order NOT_INCREMENTALLY issued 1 check-sat command(s)
[2026-07-04 08:23:48,990 INFO  L115    AnnotateAndAsserter]: Conjunction of SSA is unsat
[2026-07-04 08:23:48,991 INFO  L256         TraceCheckSpWp]: Trace formula consists of 256 conjuncts, 2 conjuncts are in the unsatisfiable core
[2026-07-04 08:23:48,992 INFO  L279         TraceCheckSpWp]: Computing forward predicates...
[2026-07-04 08:23:49,050 INFO  L134       CoverageAnalysis]: Checked inductivity of 0 backedges. 0 proven. 0 refuted. 0 times theorem prover too weak. 0 trivial. 0 not checked.
[2026-07-04 08:23:49,051 INFO  L312         TraceCheckSpWp]: Computing backward predicates...
[2026-07-04 08:23:49,114 INFO  L134       CoverageAnalysis]: Checked inductivity of 0 backedges. 0 proven. 0 refuted. 0 times theorem prover too weak. 0 trivial. 0 not checked.
[2026-07-04 08:23:49,114 INFO  L136   FreeRefinementEngine]: Strategy FIXED_PREFERENCES found an infeasible trace
[2026-07-04 08:23:49,114 INFO  L324   FreeRefinementEngine]: Using interpolant generator IpTcStrategyModulePreferences [194690969]
[2026-07-04 08:23:49,114 INFO  L158   FreeRefinementEngine]: IpTcStrategyModulePreferences [194690969] provided 2 perfect and 0 imperfect interpolant sequences
[2026-07-04 08:23:49,114 INFO  L185   FreeRefinementEngine]: Found 2 perfect and 0 imperfect interpolant sequences.
[2026-07-04 08:23:49,114 INFO  L198   FreeRefinementEngine]: Number of different interpolants: perfect sequences [3, 3] imperfect sequences [] total 3
[2026-07-04 08:23:49,114 INFO  L121   tionRefinementEngine]: Using interpolant automaton builder IpAbStrategyModuleStraightlineAll [1455761800]
[2026-07-04 08:23:49,114 INFO  L85    oduleStraightlineAll]: Using 2 perfect interpolants to construct interpolant automaton
[2026-07-04 08:23:49,114 INFO  L567      AbstractCegarLoop]: INTERPOLANT automaton has 3 states
[2026-07-04 08:23:49,114 INFO  L100   FreeRefinementEngine]: Using predicate unifier PredicateUnifier provided by strategy FIXED_PREFERENCES
[2026-07-04 08:23:49,115 INFO  L144   InterpolantAutomaton]: Constructing interpolant automaton starting with 3 interpolants.
[2026-07-04 08:23:49,115 INFO  L146   InterpolantAutomaton]: CoverageRelationStatistics Valid=3, Invalid=3, Unknown=0, NotChecked=0, Total=6
[2026-07-04 08:23:49,115 INFO  L87              Difference]: Start difference. First operand 238 states and 400 transitions. Second operand  has 3 states, 3 states have (on average 15.0) internal successors, (45), 3 states have internal predecessors, (45), 3 states have call successors, (6), 3 states have call predecessors, (6), 3 states have return successors, (5), 2 states have call predecessors, (5), 3 states have call successors, (5)
[2026-07-04 08:23:49,139 INFO  L144             Difference]: Subtrahend was deterministic. Have not used determinization.
[2026-07-04 08:23:49,139 INFO  L93              Difference]: Finished difference Result 252 states and 416 transitions.
[2026-07-04 08:23:49,141 INFO  L140   InterpolantAutomaton]: Switched to read-only mode: deterministic interpolant automaton has 3 states. 
[2026-07-04 08:23:49,141 INFO  L79                 Accepts]: Start accepts. Automaton has  has 3 states, 3 states have (on average 15.0) internal successors, (45), 3 states have internal predecessors, (45), 3 states have call successors, (6), 3 states have call predecessors, (6), 3 states have return successors, (5), 2 states have call predecessors, (5), 3 states have call successors, (5) Word has length 48
[2026-07-04 08:23:49,142 INFO  L85                 Accepts]: Finished accepts. some prefix is accepted.
[2026-07-04 08:23:49,143 INFO  L225             Difference]: With dead ends: 252
[2026-07-04 08:23:49,143 INFO  L226             Difference]: Without dead ends: 238
[2026-07-04 08:23:49,143 INFO  L425           NwaCegarLoop]: 0 DeclaredPredicates, 94 GetRequests, 93 SyntacticMatches, 0 SemanticMatches, 1 ConstructedPredicates, 0 IntricatePredicates, 0 DeprecatedPredicates, 0 ImplicationChecksByTransitivity, 0.0s TimeCoverageRelationStatistics Valid=3, Invalid=3, Unknown=0, NotChecked=0, Total=6
[2026-07-04 08:23:49,143 INFO  L426           NwaCegarLoop]: 398 mSDtfsCounter, 370 mSDsluCounter, 0 mSDsCounter, 0 mSdLazyCounter, 1 mSolverCounterSat, 2 mSolverCounterUnsat, 0 mSolverCounterUnknown, 0 mSolverCounterNotChecked, 0.0s Time, 0 mProtectedPredicate, 0 mProtectedAction, 370 SdHoareTripleChecker+Valid, 398 SdHoareTripleChecker+Invalid, 3 SdHoareTripleChecker+Unknown, 0 SdHoareTripleChecker+Unchecked, 0.0s SdHoareTripleChecker+Time, 2 IncrementalHoareTripleChecker+Valid, 1 IncrementalHoareTripleChecker+Invalid, 0 IncrementalHoareTripleChecker+Unknown, 0 IncrementalHoareTripleChecker+Unchecked, 0.0s IncrementalHoareTripleChecker+Time
[2026-07-04 08:23:49,143 INFO  L427           NwaCegarLoop]: SdHoareTripleChecker [370 Valid, 398 Invalid, 3 Unknown, 0 Unchecked, 0.0s Time], IncrementalHoareTripleChecker [2 Valid, 1 Invalid, 0 Unknown, 0 Unchecked, 0.0s Time]
[2026-07-04 08:23:49,144 INFO  L82        GeneralOperation]: Start minimizeSevpa. Operand 238 states.
[2026-07-04 08:23:49,167 INFO  L88        GeneralOperation]: Finished minimizeSevpa. Reduced states from 238 to 238.
[2026-07-04 08:23:49,168 INFO  L82        GeneralOperation]: Start removeUnreachable. Operand  has 238 states, 156 states have (on average 1.6282051282051282) internal successors, (254), 226 states have internal predecessors, (254), 73 states have call successors, (73), 9 states have call predecessors, (73), 8 states have return successors, (72), 7 states have call predecessors, (72), 72 states have call successors, (72)
[2026-07-04 08:23:49,173 INFO  L88        GeneralOperation]: Finished removeUnreachable. Reduced from 238 states to 238 states and 399 transitions.
[2026-07-04 08:23:49,177 INFO  L79                 Accepts]: Start accepts. Automaton has 238 states and 399 transitions. Word has length 48
[2026-07-04 08:23:49,178 INFO  L85                 Accepts]: Finished accepts. word is rejected.
[2026-07-04 08:23:49,178 INFO  L490      AbstractCegarLoop]: Abstraction has 238 states and 399 transitions.
[2026-07-04 08:23:49,178 INFO  L491      AbstractCegarLoop]: INTERPOLANT automaton has  has 3 states, 3 states have (on average 15.0) internal successors, (45), 3 states have internal predecessors, (45), 3 states have call successors, (6), 3 states have call predecessors, (6), 3 states have return successors, (5), 2 states have call predecessors, (5), 3 states have call successors, (5)
[2026-07-04 08:23:49,178 INFO  L278                IsEmpty]: Start isEmpty. Operand 238 states and 399 transitions.
[2026-07-04 08:23:49,181 INFO  L284                IsEmpty]: Finished isEmpty. Found accepting run of length 49
[2026-07-04 08:23:49,181 INFO  L199           NwaCegarLoop]: Found error trace
[2026-07-04 08:23:49,181 INFO  L207           NwaCegarLoop]: trace histogram [1, 1, 1, 1, 1, 1, 1, 1, 1, 1, 1, 1, 1, 1, 1, 1, 1, 1, 1, 1, 1, 1, 1, 1, 1, 1, 1, 1, 1, 1, 1, 1, 1, 1, 1, 1, 1, 1, 1, 1, 1, 1, 1, 1, 1, 1, 1, 1]
[2026-07-04 08:23:49,195 INFO  L534       MonitoredProcess]: [MP /usr/bin/z3 SMTLIB2_COMPLIANT=true -memory:2024 -smt2 -in (4)] Forceful destruction successful, exit code 0
[2026-07-04 08:23:49,389 WARN  L471      AbstractCegarLoop]: Destroyed unattended storables created during the last iteration: 4 /usr/bin/z3 SMTLIB2_COMPLIANT=true -memory:2024 -smt2 -in
[2026-07-04 08:23:49,390 INFO  L408      AbstractCegarLoop]: === Iteration 4 === Targeting __wraparound_assertErr0ASSERT_VIOLATIONASSERT === [__wraparound_assertErr0ASSERT_VIOLATIONASSERT] ===
[2026-07-04 08:23:49,392 INFO  L156       PredicateUnifier]: Initialized classic predicate unifier
[2026-07-04 08:23:49,392 INFO  L85        PathProgramCache]: Analyzing trace with hash 1857672177, now seen corresponding path program 1 times
[2026-07-04 08:23:49,392 INFO  L118   FreeRefinementEngine]: Executing refinement strategy FIXED_PREFERENCES
[2026-07-04 08:23:49,392 INFO  L324   FreeRefinementEngine]: Using trace check IpTcStrategyModulePreferences [1433640480]
[2026-07-04 08:23:49,392 INFO  L97    rtionOrderModulation]: Keeping assertion order NOT_INCREMENTALLY
[2026-07-04 08:23:49,392 INFO  L173          SolverBuilder]: Constructing external solver with command: z3 SMTLIB2_COMPLIANT=true -memory:2024 -smt2 -in
[2026-07-04 08:23:49,399 INFO  L189       MonitoredProcess]: No working directory specified, using /usr/bin/z3
[2026-07-04 08:23:49,402 INFO  L229       MonitoredProcess]: Starting monitored process 5 with /usr/bin/z3 SMTLIB2_COMPLIANT=true -memory:2024 -smt2 -in (exit command is (exit), workingDir is null)
[2026-07-04 08:23:49,403 INFO  L327       MonitoredProcess]: [MP /usr/bin/z3 SMTLIB2_COMPLIANT=true -memory:2024 -smt2 -in (5)] Waiting until timeout for monitored process
[2026-07-04 08:23:49,511 INFO  L108    AnnotateAndAsserter]: Assert order NOT_INCREMENTALLY partitioned 48 statements into 1 equivalence classes.
[2026-07-04 08:23:49,544 INFO  L111    AnnotateAndAsserter]: Assert order NOT_INCREMENTALLY issued 1 check-sat command(s) and asserted 48 of 48 statements.
[2026-07-04 08:23:49,544 INFO  L114    AnnotateAndAsserter]: Assert order NOT_INCREMENTALLY issued 1 check-sat command(s)
[2026-07-04 08:23:49,544 INFO  L115    AnnotateAndAsserter]: Conjunction of SSA is unsat
[2026-07-04 08:23:49,546 INFO  L256         TraceCheckSpWp]: Trace formula consists of 252 conjuncts, 2 conjuncts are in the unsatisfiable core
[2026-07-04 08:23:49,547 INFO  L279         TraceCheckSpWp]: Computing forward predicates...
[2026-07-04 08:23:49,596 INFO  L134       CoverageAnalysis]: Checked inductivity of 0 backedges. 0 proven. 0 refuted. 0 times theorem prover too weak. 0 trivial. 0 not checked.
[2026-07-04 08:23:49,596 INFO  L312         TraceCheckSpWp]: Computing backward predicates...
[2026-07-04 08:23:49,664 INFO  L134       CoverageAnalysis]: Checked inductivity of 0 backedges. 0 proven. 0 refuted. 0 times theorem prover too weak. 0 trivial. 0 not checked.
[2026-07-04 08:23:49,665 INFO  L136   FreeRefinementEngine]: Strategy FIXED_PREFERENCES found an infeasible trace
[2026-07-04 08:23:49,665 INFO  L324   FreeRefinementEngine]: Using interpolant generator IpTcStrategyModulePreferences [1433640480]
[2026-07-04 08:23:49,665 INFO  L158   FreeRefinementEngine]: IpTcStrategyModulePreferences [1433640480] provided 2 perfect and 0 imperfect interpolant sequences
[2026-07-04 08:23:49,665 INFO  L185   FreeRefinementEngine]: Found 2 perfect and 0 imperfect interpolant sequences.
[2026-07-04 08:23:49,665 INFO  L198   FreeRefinementEngine]: Number of different interpolants: perfect sequences [3, 3] imperfect sequences [] total 3
[2026-07-04 08:23:49,665 INFO  L121   tionRefinementEngine]: Using interpolant automaton builder IpAbStrategyModuleStraightlineAll [1752579122]
[2026-07-04 08:23:49,665 INFO  L85    oduleStraightlineAll]: Using 2 perfect interpolants to construct interpolant automaton
[2026-07-04 08:23:49,665 INFO  L567      AbstractCegarLoop]: INTERPOLANT automaton has 3 states
[2026-07-04 08:23:49,665 INFO  L100   FreeRefinementEngine]: Using predicate unifier PredicateUnifier provided by strategy FIXED_PREFERENCES
[2026-07-04 08:23:49,666 INFO  L144   InterpolantAutomaton]: Constructing interpolant automaton starting with 3 interpolants.
[2026-07-04 08:23:49,666 INFO  L146   InterpolantAutomaton]: CoverageRelationStatistics Valid=3, Invalid=3, Unknown=0, NotChecked=0, Total=6
[2026-07-04 08:23:49,666 INFO  L87              Difference]: Start difference. First operand 238 states and 399 transitions. Second operand  has 3 states, 3 states have (on average 15.0) internal successors, (45), 3 states have internal predecessors, (45), 3 states have call successors, (6), 3 states have call predecessors, (6), 3 states have return successors, (5), 2 states have call predecessors, (5), 3 states have call successors, (5)
[2026-07-04 08:23:49,685 INFO  L144             Difference]: Subtrahend was deterministic. Have not used determinization.
[2026-07-04 08:23:49,686 INFO  L93              Difference]: Finished difference Result 250 states and 412 transitions.
[2026-07-04 08:23:49,688 INFO  L140   InterpolantAutomaton]: Switched to read-only mode: deterministic interpolant automaton has 3 states. 
[2026-07-04 08:23:49,688 INFO  L79                 Accepts]: Start accepts. Automaton has  has 3 states, 3 states have (on average 15.0) internal successors, (45), 3 states have internal predecessors, (45), 3 states have call successors, (6), 3 states have call predecessors, (6), 3 states have return successors, (5), 2 states have call predecessors, (5), 3 states have call successors, (5) Word has length 48
[2026-07-04 08:23:49,688 INFO  L85                 Accepts]: Finished accepts. some prefix is accepted.
[2026-07-04 08:23:49,689 INFO  L225             Difference]: With dead ends: 250
[2026-07-04 08:23:49,689 INFO  L226             Difference]: Without dead ends: 238
[2026-07-04 08:23:49,690 INFO  L425           NwaCegarLoop]: 0 DeclaredPredicates, 94 GetRequests, 93 SyntacticMatches, 0 SemanticMatches, 1 ConstructedPredicates, 0 IntricatePredicates, 0 DeprecatedPredicates, 0 ImplicationChecksByTransitivity, 0.0s TimeCoverageRelationStatistics Valid=3, Invalid=3, Unknown=0, NotChecked=0, Total=6
[2026-07-04 08:23:49,690 INFO  L426           NwaCegarLoop]: 397 mSDtfsCounter, 367 mSDsluCounter, 0 mSDsCounter, 0 mSdLazyCounter, 1 mSolverCounterSat, 2 mSolverCounterUnsat, 0 mSolverCounterUnknown, 0 mSolverCounterNotChecked, 0.0s Time, 0 mProtectedPredicate, 0 mProtectedAction, 367 SdHoareTripleChecker+Valid, 397 SdHoareTripleChecker+Invalid, 3 SdHoareTripleChecker+Unknown, 0 SdHoareTripleChecker+Unchecked, 0.0s SdHoareTripleChecker+Time, 2 IncrementalHoareTripleChecker+Valid, 1 IncrementalHoareTripleChecker+Invalid, 0 IncrementalHoareTripleChecker+Unknown, 0 IncrementalHoareTripleChecker+Unchecked, 0.0s IncrementalHoareTripleChecker+Time
[2026-07-04 08:23:49,690 INFO  L427           NwaCegarLoop]: SdHoareTripleChecker [367 Valid, 397 Invalid, 3 Unknown, 0 Unchecked, 0.0s Time], IncrementalHoareTripleChecker [2 Valid, 1 Invalid, 0 Unknown, 0 Unchecked, 0.0s Time]
[2026-07-04 08:23:49,690 INFO  L82        GeneralOperation]: Start minimizeSevpa. Operand 238 states.
[2026-07-04 08:23:49,713 INFO  L88        GeneralOperation]: Finished minimizeSevpa. Reduced states from 238 to 238.
[2026-07-04 08:23:49,713 INFO  L82        GeneralOperation]: Start removeUnreachable. Operand  has 238 states, 156 states have (on average 1.6217948717948718) internal successors, (253), 226 states have internal predecessors, (253), 73 states have call successors, (73), 9 states have call predecessors, (73), 8 states have return successors, (72), 7 states have call predecessors, (72), 72 states have call successors, (72)
[2026-07-04 08:23:49,714 INFO  L88        GeneralOperation]: Finished removeUnreachable. Reduced from 238 states to 238 states and 398 transitions.
[2026-07-04 08:23:49,715 INFO  L79                 Accepts]: Start accepts. Automaton has 238 states and 398 transitions. Word has length 48
[2026-07-04 08:23:49,715 INFO  L85                 Accepts]: Finished accepts. word is rejected.
[2026-07-04 08:23:49,715 INFO  L490      AbstractCegarLoop]: Abstraction has 238 states and 398 transitions.
[2026-07-04 08:23:49,715 INFO  L491      AbstractCegarLoop]: INTERPOLANT automaton has  has 3 states, 3 states have (on average 15.0) internal successors, (45), 3 states have internal predecessors, (45), 3 states have call successors, (6), 3 states have call predecessors, (6), 3 states have return successors, (5), 2 states have call predecessors, (5), 3 states have call successors, (5)
[2026-07-04 08:23:49,715 INFO  L278                IsEmpty]: Start isEmpty. Operand 238 states and 398 transitions.
[2026-07-04 08:23:49,718 INFO  L284                IsEmpty]: Finished isEmpty. Found accepting run of length 49
[2026-07-04 08:23:49,718 INFO  L199           NwaCegarLoop]: Found error trace
[2026-07-04 08:23:49,718 INFO  L207           NwaCegarLoop]: trace histogram [1, 1, 1, 1, 1, 1, 1, 1, 1, 1, 1, 1, 1, 1, 1, 1, 1, 1, 1, 1, 1, 1, 1, 1, 1, 1, 1, 1, 1, 1, 1, 1, 1, 1, 1, 1, 1, 1, 1, 1, 1, 1, 1, 1, 1, 1, 1, 1]
[2026-07-04 08:23:49,732 INFO  L546       MonitoredProcess]: [MP /usr/bin/z3 SMTLIB2_COMPLIANT=true -memory:2024 -smt2 -in (5)] Ended with exit code 0
[2026-07-04 08:23:49,919 WARN  L471      AbstractCegarLoop]: Destroyed unattended storables created during the last iteration: 5 /usr/bin/z3 SMTLIB2_COMPLIANT=true -memory:2024 -smt2 -in
[2026-07-04 08:23:49,920 INFO  L408      AbstractCegarLoop]: === Iteration 5 === Targeting __wraparound_assertErr0ASSERT_VIOLATIONASSERT === [__wraparound_assertErr0ASSERT_VIOLATIONASSERT] ===
[2026-07-04 08:23:49,920 INFO  L156       PredicateUnifier]: Initialized classic predicate unifier
[2026-07-04 08:23:49,920 INFO  L85        PathProgramCache]: Analyzing trace with hash 2115837615, now seen corresponding path program 1 times
[2026-07-04 08:23:49,920 INFO  L118   FreeRefinementEngine]: Executing refinement strategy FIXED_PREFERENCES
[2026-07-04 08:23:49,920 INFO  L324   FreeRefinementEngine]: Using trace check IpTcStrategyModulePreferences [1312957874]
[2026-07-04 08:23:49,920 INFO  L97    rtionOrderModulation]: Keeping assertion order NOT_INCREMENTALLY
[2026-07-04 08:23:49,920 INFO  L173          SolverBuilder]: Constructing external solver with command: z3 SMTLIB2_COMPLIANT=true -memory:2024 -smt2 -in
[2026-07-04 08:23:49,922 INFO  L189       MonitoredProcess]: No working directory specified, using /usr/bin/z3
[2026-07-04 08:23:49,924 INFO  L229       MonitoredProcess]: Starting monitored process 6 with /usr/bin/z3 SMTLIB2_COMPLIANT=true -memory:2024 -smt2 -in (exit command is (exit), workingDir is null)
[2026-07-04 08:23:49,926 INFO  L327       MonitoredProcess]: [MP /usr/bin/z3 SMTLIB2_COMPLIANT=true -memory:2024 -smt2 -in (6)] Waiting until timeout for monitored process
[2026-07-04 08:23:50,027 INFO  L108    AnnotateAndAsserter]: Assert order NOT_INCREMENTALLY partitioned 48 statements into 1 equivalence classes.
[2026-07-04 08:23:50,063 INFO  L111    AnnotateAndAsserter]: Assert order NOT_INCREMENTALLY issued 1 check-sat command(s) and asserted 48 of 48 statements.
[2026-07-04 08:23:50,063 INFO  L114    AnnotateAndAsserter]: Assert order NOT_INCREMENTALLY issued 1 check-sat command(s)
[2026-07-04 08:23:50,063 INFO  L115    AnnotateAndAsserter]: Conjunction of SSA is unsat
[2026-07-04 08:23:50,069 INFO  L256         TraceCheckSpWp]: Trace formula consists of 248 conjuncts, 2 conjuncts are in the unsatisfiable core
[2026-07-04 08:23:50,070 INFO  L279         TraceCheckSpWp]: Computing forward predicates...
[2026-07-04 08:23:50,131 INFO  L134       CoverageAnalysis]: Checked inductivity of 0 backedges. 0 proven. 0 refuted. 0 times theorem prover too weak. 0 trivial. 0 not checked.
[2026-07-04 08:23:50,132 INFO  L312         TraceCheckSpWp]: Computing backward predicates...
[2026-07-04 08:23:50,202 INFO  L134       CoverageAnalysis]: Checked inductivity of 0 backedges. 0 proven. 0 refuted. 0 times theorem prover too weak. 0 trivial. 0 not checked.
[2026-07-04 08:23:50,202 INFO  L136   FreeRefinementEngine]: Strategy FIXED_PREFERENCES found an infeasible trace
[2026-07-04 08:23:50,202 INFO  L324   FreeRefinementEngine]: Using interpolant generator IpTcStrategyModulePreferences [1312957874]
[2026-07-04 08:23:50,202 INFO  L158   FreeRefinementEngine]: IpTcStrategyModulePreferences [1312957874] provided 2 perfect and 0 imperfect interpolant sequences
[2026-07-04 08:23:50,202 INFO  L185   FreeRefinementEngine]: Found 2 perfect and 0 imperfect interpolant sequences.
[2026-07-04 08:23:50,202 INFO  L198   FreeRefinementEngine]: Number of different interpolants: perfect sequences [3, 3] imperfect sequences [] total 3
[2026-07-04 08:23:50,202 INFO  L121   tionRefinementEngine]: Using interpolant automaton builder IpAbStrategyModuleStraightlineAll [1049035529]
[2026-07-04 08:23:50,202 INFO  L85    oduleStraightlineAll]: Using 2 perfect interpolants to construct interpolant automaton
[2026-07-04 08:23:50,202 INFO  L567      AbstractCegarLoop]: INTERPOLANT automaton has 3 states
[2026-07-04 08:23:50,202 INFO  L100   FreeRefinementEngine]: Using predicate unifier PredicateUnifier provided by strategy FIXED_PREFERENCES
[2026-07-04 08:23:50,203 INFO  L144   InterpolantAutomaton]: Constructing interpolant automaton starting with 3 interpolants.
[2026-07-04 08:23:50,203 INFO  L146   InterpolantAutomaton]: CoverageRelationStatistics Valid=3, Invalid=3, Unknown=0, NotChecked=0, Total=6
[2026-07-04 08:23:50,203 INFO  L87              Difference]: Start difference. First operand 238 states and 398 transitions. Second operand  has 3 states, 3 states have (on average 15.0) internal successors, (45), 3 states have internal predecessors, (45), 3 states have call successors, (6), 3 states have call predecessors, (6), 3 states have return successors, (5), 2 states have call predecessors, (5), 3 states have call successors, (5)
[2026-07-04 08:23:50,221 INFO  L144             Difference]: Subtrahend was deterministic. Have not used determinization.
[2026-07-04 08:23:50,222 INFO  L93              Difference]: Finished difference Result 248 states and 408 transitions.
[2026-07-04 08:23:50,230 INFO  L140   InterpolantAutomaton]: Switched to read-only mode: deterministic interpolant automaton has 3 states. 
[2026-07-04 08:23:50,230 INFO  L79                 Accepts]: Start accepts. Automaton has  has 3 states, 3 states have (on average 15.0) internal successors, (45), 3 states have internal predecessors, (45), 3 states have call successors, (6), 3 states have call predecessors, (6), 3 states have return successors, (5), 2 states have call predecessors, (5), 3 states have call successors, (5) Word has length 48
[2026-07-04 08:23:50,230 INFO  L85                 Accepts]: Finished accepts. some prefix is accepted.
[2026-07-04 08:23:50,231 INFO  L225             Difference]: With dead ends: 248
[2026-07-04 08:23:50,231 INFO  L226             Difference]: Without dead ends: 238
[2026-07-04 08:23:50,232 INFO  L425           NwaCegarLoop]: 0 DeclaredPredicates, 94 GetRequests, 93 SyntacticMatches, 0 SemanticMatches, 1 ConstructedPredicates, 0 IntricatePredicates, 0 DeprecatedPredicates, 0 ImplicationChecksByTransitivity, 0.0s TimeCoverageRelationStatistics Valid=3, Invalid=3, Unknown=0, NotChecked=0, Total=6
[2026-07-04 08:23:50,232 INFO  L426           NwaCegarLoop]: 396 mSDtfsCounter, 364 mSDsluCounter, 0 mSDsCounter, 0 mSdLazyCounter, 1 mSolverCounterSat, 2 mSolverCounterUnsat, 0 mSolverCounterUnknown, 0 mSolverCounterNotChecked, 0.0s Time, 0 mProtectedPredicate, 0 mProtectedAction, 364 SdHoareTripleChecker+Valid, 396 SdHoareTripleChecker+Invalid, 3 SdHoareTripleChecker+Unknown, 0 SdHoareTripleChecker+Unchecked, 0.0s SdHoareTripleChecker+Time, 2 IncrementalHoareTripleChecker+Valid, 1 IncrementalHoareTripleChecker+Invalid, 0 IncrementalHoareTripleChecker+Unknown, 0 IncrementalHoareTripleChecker+Unchecked, 0.0s IncrementalHoareTripleChecker+Time
[2026-07-04 08:23:50,232 INFO  L427           NwaCegarLoop]: SdHoareTripleChecker [364 Valid, 396 Invalid, 3 Unknown, 0 Unchecked, 0.0s Time], IncrementalHoareTripleChecker [2 Valid, 1 Invalid, 0 Unknown, 0 Unchecked, 0.0s Time]
[2026-07-04 08:23:50,232 INFO  L82        GeneralOperation]: Start minimizeSevpa. Operand 238 states.
[2026-07-04 08:23:50,247 INFO  L88        GeneralOperation]: Finished minimizeSevpa. Reduced states from 238 to 238.
[2026-07-04 08:23:50,256 INFO  L82        GeneralOperation]: Start removeUnreachable. Operand  has 238 states, 156 states have (on average 1.6153846153846154) internal successors, (252), 226 states have internal predecessors, (252), 73 states have call successors, (73), 9 states have call predecessors, (73), 8 states have return successors, (72), 7 states have call predecessors, (72), 72 states have call successors, (72)
[2026-07-04 08:23:50,257 INFO  L88        GeneralOperation]: Finished removeUnreachable. Reduced from 238 states to 238 states and 397 transitions.
[2026-07-04 08:23:50,257 INFO  L79                 Accepts]: Start accepts. Automaton has 238 states and 397 transitions. Word has length 48
[2026-07-04 08:23:50,258 INFO  L85                 Accepts]: Finished accepts. word is rejected.
[2026-07-04 08:23:50,258 INFO  L490      AbstractCegarLoop]: Abstraction has 238 states and 397 transitions.
[2026-07-04 08:23:50,258 INFO  L491      AbstractCegarLoop]: INTERPOLANT automaton has  has 3 states, 3 states have (on average 15.0) internal successors, (45), 3 states have internal predecessors, (45), 3 states have call successors, (6), 3 states have call predecessors, (6), 3 states have return successors, (5), 2 states have call predecessors, (5), 3 states have call successors, (5)
[2026-07-04 08:23:50,258 INFO  L278                IsEmpty]: Start isEmpty. Operand 238 states and 397 transitions.
[2026-07-04 08:23:50,258 INFO  L284                IsEmpty]: Finished isEmpty. Found accepting run of length 49
[2026-07-04 08:23:50,259 INFO  L199           NwaCegarLoop]: Found error trace
[2026-07-04 08:23:50,259 INFO  L207           NwaCegarLoop]: trace histogram [1, 1, 1, 1, 1, 1, 1, 1, 1, 1, 1, 1, 1, 1, 1, 1, 1, 1, 1, 1, 1, 1, 1, 1, 1, 1, 1, 1, 1, 1, 1, 1, 1, 1, 1, 1, 1, 1, 1, 1, 1, 1, 1, 1, 1, 1, 1, 1]
[2026-07-04 08:23:50,277 INFO  L546       MonitoredProcess]: [MP /usr/bin/z3 SMTLIB2_COMPLIANT=true -memory:2024 -smt2 -in (6)] Ended with exit code 0
[2026-07-04 08:23:50,459 WARN  L471      AbstractCegarLoop]: Destroyed unattended storables created during the last iteration: 6 /usr/bin/z3 SMTLIB2_COMPLIANT=true -memory:2024 -smt2 -in
[2026-07-04 08:23:50,459 INFO  L408      AbstractCegarLoop]: === Iteration 6 === Targeting __wraparound_assertErr0ASSERT_VIOLATIONASSERT === [__wraparound_assertErr0ASSERT_VIOLATIONASSERT] ===
[2026-07-04 08:23:50,460 INFO  L156       PredicateUnifier]: Initialized classic predicate unifier
[2026-07-04 08:23:50,460 INFO  L85        PathProgramCache]: Analyzing trace with hash 1722810605, now seen corresponding path program 1 times
[2026-07-04 08:23:50,460 INFO  L118   FreeRefinementEngine]: Executing refinement strategy FIXED_PREFERENCES
[2026-07-04 08:23:50,460 INFO  L324   FreeRefinementEngine]: Using trace check IpTcStrategyModulePreferences [1852496498]
[2026-07-04 08:23:50,460 INFO  L97    rtionOrderModulation]: Keeping assertion order NOT_INCREMENTALLY
[2026-07-04 08:23:50,460 INFO  L173          SolverBuilder]: Constructing external solver with command: z3 SMTLIB2_COMPLIANT=true -memory:2024 -smt2 -in
[2026-07-04 08:23:50,461 INFO  L189       MonitoredProcess]: No working directory specified, using /usr/bin/z3
[2026-07-04 08:23:50,465 INFO  L229       MonitoredProcess]: Starting monitored process 7 with /usr/bin/z3 SMTLIB2_COMPLIANT=true -memory:2024 -smt2 -in (exit command is (exit), workingDir is null)
[2026-07-04 08:23:50,467 INFO  L327       MonitoredProcess]: [MP /usr/bin/z3 SMTLIB2_COMPLIANT=true -memory:2024 -smt2 -in (7)] Waiting until timeout for monitored process
[2026-07-04 08:23:50,562 INFO  L108    AnnotateAndAsserter]: Assert order NOT_INCREMENTALLY partitioned 48 statements into 1 equivalence classes.
[2026-07-04 08:23:50,599 INFO  L111    AnnotateAndAsserter]: Assert order NOT_INCREMENTALLY issued 1 check-sat command(s) and asserted 48 of 48 statements.
[2026-07-04 08:23:50,599 INFO  L114    AnnotateAndAsserter]: Assert order NOT_INCREMENTALLY issued 1 check-sat command(s)
[2026-07-04 08:23:50,599 INFO  L115    AnnotateAndAsserter]: Conjunction of SSA is unsat
[2026-07-04 08:23:50,601 INFO  L256         TraceCheckSpWp]: Trace formula consists of 244 conjuncts, 3 conjuncts are in the unsatisfiable core
[2026-07-04 08:23:50,602 INFO  L279         TraceCheckSpWp]: Computing forward predicates...
[2026-07-04 08:23:50,734 INFO  L134       CoverageAnalysis]: Checked inductivity of 0 backedges. 0 proven. 0 refuted. 0 times theorem prover too weak. 0 trivial. 0 not checked.
[2026-07-04 08:23:50,734 INFO  L312         TraceCheckSpWp]: Computing backward predicates...
[2026-07-04 08:23:50,840 INFO  L134       CoverageAnalysis]: Checked inductivity of 0 backedges. 0 proven. 0 refuted. 0 times theorem prover too weak. 0 trivial. 0 not checked.
[2026-07-04 08:23:50,840 INFO  L136   FreeRefinementEngine]: Strategy FIXED_PREFERENCES found an infeasible trace
[2026-07-04 08:23:50,840 INFO  L324   FreeRefinementEngine]: Using interpolant generator IpTcStrategyModulePreferences [1852496498]
[2026-07-04 08:23:50,840 INFO  L158   FreeRefinementEngine]: IpTcStrategyModulePreferences [1852496498] provided 2 perfect and 0 imperfect interpolant sequences
[2026-07-04 08:23:50,840 INFO  L185   FreeRefinementEngine]: Found 2 perfect and 0 imperfect interpolant sequences.
[2026-07-04 08:23:50,840 INFO  L198   FreeRefinementEngine]: Number of different interpolants: perfect sequences [3, 3] imperfect sequences [] total 3
[2026-07-04 08:23:50,840 INFO  L121   tionRefinementEngine]: Using interpolant automaton builder IpAbStrategyModuleStraightlineAll [1007259403]
[2026-07-04 08:23:50,840 INFO  L85    oduleStraightlineAll]: Using 2 perfect interpolants to construct interpolant automaton
[2026-07-04 08:23:50,840 INFO  L567      AbstractCegarLoop]: INTERPOLANT automaton has 4 states
[2026-07-04 08:23:50,840 INFO  L100   FreeRefinementEngine]: Using predicate unifier PredicateUnifier provided by strategy FIXED_PREFERENCES
[2026-07-04 08:23:50,841 INFO  L144   InterpolantAutomaton]: Constructing interpolant automaton starting with 4 interpolants.
[2026-07-04 08:23:50,841 INFO  L146   InterpolantAutomaton]: CoverageRelationStatistics Valid=5, Invalid=7, Unknown=0, NotChecked=0, Total=12
[2026-07-04 08:23:50,841 INFO  L87              Difference]: Start difference. First operand 238 states and 397 transitions. Second operand  has 4 states, 3 states have (on average 15.0) internal successors, (45), 4 states have internal predecessors, (45), 2 states have call successors, (6), 3 states have call predecessors, (6), 2 states have return successors, (5), 1 states have call predecessors, (5), 2 states have call successors, (5)
[2026-07-04 08:23:50,918 INFO  L144             Difference]: Subtrahend was deterministic. Have not used determinization.
[2026-07-04 08:23:50,918 INFO  L93              Difference]: Finished difference Result 330 states and 540 transitions.
[2026-07-04 08:23:50,926 INFO  L140   InterpolantAutomaton]: Switched to read-only mode: deterministic interpolant automaton has 4 states. 
[2026-07-04 08:23:50,927 INFO  L79                 Accepts]: Start accepts. Automaton has  has 4 states, 3 states have (on average 15.0) internal successors, (45), 4 states have internal predecessors, (45), 2 states have call successors, (6), 3 states have call predecessors, (6), 2 states have return successors, (5), 1 states have call predecessors, (5), 2 states have call successors, (5) Word has length 48
[2026-07-04 08:23:50,927 INFO  L85                 Accepts]: Finished accepts. some prefix is accepted.
[2026-07-04 08:23:50,928 INFO  L225             Difference]: With dead ends: 330
[2026-07-04 08:23:50,928 INFO  L226             Difference]: Without dead ends: 237
[2026-07-04 08:23:50,928 INFO  L425           NwaCegarLoop]: 0 DeclaredPredicates, 95 GetRequests, 92 SyntacticMatches, 0 SemanticMatches, 3 ConstructedPredicates, 0 IntricatePredicates, 0 DeprecatedPredicates, 0 ImplicationChecksByTransitivity, 0.0s TimeCoverageRelationStatistics Valid=9, Invalid=11, Unknown=0, NotChecked=0, Total=20
[2026-07-04 08:23:50,928 INFO  L426           NwaCegarLoop]: 400 mSDtfsCounter, 113 mSDsluCounter, 787 mSDsCounter, 0 mSdLazyCounter, 13 mSolverCounterSat, 2 mSolverCounterUnsat, 0 mSolverCounterUnknown, 0 mSolverCounterNotChecked, 0.0s Time, 0 mProtectedPredicate, 0 mProtectedAction, 113 SdHoareTripleChecker+Valid, 1187 SdHoareTripleChecker+Invalid, 15 SdHoareTripleChecker+Unknown, 0 SdHoareTripleChecker+Unchecked, 0.0s SdHoareTripleChecker+Time, 2 IncrementalHoareTripleChecker+Valid, 13 IncrementalHoareTripleChecker+Invalid, 0 IncrementalHoareTripleChecker+Unknown, 0 IncrementalHoareTripleChecker+Unchecked, 0.0s IncrementalHoareTripleChecker+Time
[2026-07-04 08:23:50,929 INFO  L427           NwaCegarLoop]: SdHoareTripleChecker [113 Valid, 1187 Invalid, 15 Unknown, 0 Unchecked, 0.0s Time], IncrementalHoareTripleChecker [2 Valid, 13 Invalid, 0 Unknown, 0 Unchecked, 0.0s Time]
[2026-07-04 08:23:50,929 INFO  L82        GeneralOperation]: Start minimizeSevpa. Operand 237 states.
[2026-07-04 08:23:50,978 INFO  L88        GeneralOperation]: Finished minimizeSevpa. Reduced states from 237 to 237.
[2026-07-04 08:23:50,979 INFO  L82        GeneralOperation]: Start removeUnreachable. Operand  has 237 states, 155 states have (on average 1.6064516129032258) internal successors, (249), 225 states have internal predecessors, (249), 73 states have call successors, (73), 9 states have call predecessors, (73), 8 states have return successors, (72), 7 states have call predecessors, (72), 72 states have call successors, (72)
[2026-07-04 08:23:50,986 INFO  L88        GeneralOperation]: Finished removeUnreachable. Reduced from 237 states to 237 states and 394 transitions.
[2026-07-04 08:23:50,986 INFO  L79                 Accepts]: Start accepts. Automaton has 237 states and 394 transitions. Word has length 48
[2026-07-04 08:23:50,986 INFO  L85                 Accepts]: Finished accepts. word is rejected.
[2026-07-04 08:23:50,986 INFO  L490      AbstractCegarLoop]: Abstraction has 237 states and 394 transitions.
[2026-07-04 08:23:50,986 INFO  L491      AbstractCegarLoop]: INTERPOLANT automaton has  has 4 states, 3 states have (on average 15.0) internal successors, (45), 4 states have internal predecessors, (45), 2 states have call successors, (6), 3 states have call predecessors, (6), 2 states have return successors, (5), 1 states have call predecessors, (5), 2 states have call successors, (5)
[2026-07-04 08:23:50,986 INFO  L278                IsEmpty]: Start isEmpty. Operand 237 states and 394 transitions.
[2026-07-04 08:23:50,988 INFO  L284                IsEmpty]: Finished isEmpty. Found accepting run of length 49
[2026-07-04 08:23:50,988 INFO  L199           NwaCegarLoop]: Found error trace
[2026-07-04 08:23:50,988 INFO  L207           NwaCegarLoop]: trace histogram [1, 1, 1, 1, 1, 1, 1, 1, 1, 1, 1, 1, 1, 1, 1, 1, 1, 1, 1, 1, 1, 1, 1, 1, 1, 1, 1, 1, 1, 1, 1, 1, 1, 1, 1, 1, 1, 1, 1, 1, 1, 1, 1, 1, 1, 1, 1, 1]
[2026-07-04 08:23:51,004 INFO  L546       MonitoredProcess]: [MP /usr/bin/z3 SMTLIB2_COMPLIANT=true -memory:2024 -smt2 -in (7)] Ended with exit code 0
[2026-07-04 08:23:51,196 WARN  L471      AbstractCegarLoop]: Destroyed unattended storables created during the last iteration: 7 /usr/bin/z3 SMTLIB2_COMPLIANT=true -memory:2024 -smt2 -in
[2026-07-04 08:23:51,196 INFO  L408      AbstractCegarLoop]: === Iteration 7 === Targeting __wraparound_assertErr0ASSERT_VIOLATIONASSERT === [__wraparound_assertErr0ASSERT_VIOLATIONASSERT] ===
[2026-07-04 08:23:51,198 INFO  L156       PredicateUnifier]: Initialized classic predicate unifier
[2026-07-04 08:23:51,198 INFO  L85        PathProgramCache]: Analyzing trace with hash 1134561970, now seen corresponding path program 1 times
[2026-07-04 08:23:51,198 INFO  L118   FreeRefinementEngine]: Executing refinement strategy FIXED_PREFERENCES
[2026-07-04 08:23:51,198 INFO  L324   FreeRefinementEngine]: Using trace check IpTcStrategyModulePreferences [79987696]
[2026-07-04 08:23:51,199 INFO  L97    rtionOrderModulation]: Keeping assertion order NOT_INCREMENTALLY
[2026-07-04 08:23:51,199 INFO  L173          SolverBuilder]: Constructing external solver with command: z3 SMTLIB2_COMPLIANT=true -memory:2024 -smt2 -in
[2026-07-04 08:23:51,200 INFO  L189       MonitoredProcess]: No working directory specified, using /usr/bin/z3
[2026-07-04 08:23:51,202 INFO  L229       MonitoredProcess]: Starting monitored process 8 with /usr/bin/z3 SMTLIB2_COMPLIANT=true -memory:2024 -smt2 -in (exit command is (exit), workingDir is null)
[2026-07-04 08:23:51,205 INFO  L327       MonitoredProcess]: [MP /usr/bin/z3 SMTLIB2_COMPLIANT=true -memory:2024 -smt2 -in (8)] Waiting until timeout for monitored process
[2026-07-04 08:23:51,291 INFO  L108    AnnotateAndAsserter]: Assert order NOT_INCREMENTALLY partitioned 48 statements into 1 equivalence classes.
[2026-07-04 08:23:51,320 INFO  L111    AnnotateAndAsserter]: Assert order NOT_INCREMENTALLY issued 1 check-sat command(s) and asserted 48 of 48 statements.
[2026-07-04 08:23:51,321 INFO  L114    AnnotateAndAsserter]: Assert order NOT_INCREMENTALLY issued 1 check-sat command(s)
[2026-07-04 08:23:51,321 INFO  L115    AnnotateAndAsserter]: Conjunction of SSA is unsat
[2026-07-04 08:23:51,329 INFO  L256         TraceCheckSpWp]: Trace formula consists of 240 conjuncts, 2 conjuncts are in the unsatisfiable core
[2026-07-04 08:23:51,331 INFO  L279         TraceCheckSpWp]: Computing forward predicates...
[2026-07-04 08:23:51,346 INFO  L134       CoverageAnalysis]: Checked inductivity of 0 backedges. 0 proven. 0 refuted. 0 times theorem prover too weak. 0 trivial. 0 not checked.
[2026-07-04 08:23:51,346 INFO  L312         TraceCheckSpWp]: Computing backward predicates...
[2026-07-04 08:23:51,368 INFO  L134       CoverageAnalysis]: Checked inductivity of 0 backedges. 0 proven. 0 refuted. 0 times theorem prover too weak. 0 trivial. 0 not checked.
[2026-07-04 08:23:51,368 INFO  L136   FreeRefinementEngine]: Strategy FIXED_PREFERENCES found an infeasible trace
[2026-07-04 08:23:51,368 INFO  L324   FreeRefinementEngine]: Using interpolant generator IpTcStrategyModulePreferences [79987696]
[2026-07-04 08:23:51,368 INFO  L158   FreeRefinementEngine]: IpTcStrategyModulePreferences [79987696] provided 2 perfect and 0 imperfect interpolant sequences
[2026-07-04 08:23:51,368 INFO  L185   FreeRefinementEngine]: Found 2 perfect and 0 imperfect interpolant sequences.
[2026-07-04 08:23:51,368 INFO  L198   FreeRefinementEngine]: Number of different interpolants: perfect sequences [3, 3] imperfect sequences [] total 3
[2026-07-04 08:23:51,368 INFO  L121   tionRefinementEngine]: Using interpolant automaton builder IpAbStrategyModuleStraightlineAll [1134506250]
[2026-07-04 08:23:51,368 INFO  L85    oduleStraightlineAll]: Using 2 perfect interpolants to construct interpolant automaton
[2026-07-04 08:23:51,369 INFO  L567      AbstractCegarLoop]: INTERPOLANT automaton has 3 states
[2026-07-04 08:23:51,369 INFO  L100   FreeRefinementEngine]: Using predicate unifier PredicateUnifier provided by strategy FIXED_PREFERENCES
[2026-07-04 08:23:51,369 INFO  L144   InterpolantAutomaton]: Constructing interpolant automaton starting with 3 interpolants.
[2026-07-04 08:23:51,369 INFO  L146   InterpolantAutomaton]: CoverageRelationStatistics Valid=3, Invalid=3, Unknown=0, NotChecked=0, Total=6
[2026-07-04 08:23:51,369 INFO  L87              Difference]: Start difference. First operand 237 states and 394 transitions. Second operand  has 3 states, 3 states have (on average 15.0) internal successors, (45), 3 states have internal predecessors, (45), 2 states have call successors, (6), 2 states have call predecessors, (6), 2 states have return successors, (5), 1 states have call predecessors, (5), 2 states have call successors, (5)
[2026-07-04 08:23:51,395 INFO  L144             Difference]: Subtrahend was deterministic. Have not used determinization.
[2026-07-04 08:23:51,395 INFO  L93              Difference]: Finished difference Result 290 states and 471 transitions.
[2026-07-04 08:23:51,396 INFO  L140   InterpolantAutomaton]: Switched to read-only mode: deterministic interpolant automaton has 3 states. 
[2026-07-04 08:23:51,396 INFO  L79                 Accepts]: Start accepts. Automaton has  has 3 states, 3 states have (on average 15.0) internal successors, (45), 3 states have internal predecessors, (45), 2 states have call successors, (6), 2 states have call predecessors, (6), 2 states have return successors, (5), 1 states have call predecessors, (5), 2 states have call successors, (5) Word has length 48
[2026-07-04 08:23:51,396 INFO  L85                 Accepts]: Finished accepts. some prefix is accepted.
[2026-07-04 08:23:51,397 INFO  L225             Difference]: With dead ends: 290
[2026-07-04 08:23:51,397 INFO  L226             Difference]: Without dead ends: 237
[2026-07-04 08:23:51,397 INFO  L425           NwaCegarLoop]: 0 DeclaredPredicates, 94 GetRequests, 93 SyntacticMatches, 0 SemanticMatches, 1 ConstructedPredicates, 0 IntricatePredicates, 0 DeprecatedPredicates, 0 ImplicationChecksByTransitivity, 0.0s TimeCoverageRelationStatistics Valid=3, Invalid=3, Unknown=0, NotChecked=0, Total=6
[2026-07-04 08:23:51,398 INFO  L426           NwaCegarLoop]: 392 mSDtfsCounter, 79 mSDsluCounter, 312 mSDsCounter, 0 mSdLazyCounter, 1 mSolverCounterSat, 0 mSolverCounterUnsat, 0 mSolverCounterUnknown, 0 mSolverCounterNotChecked, 0.0s Time, 0 mProtectedPredicate, 0 mProtectedAction, 79 SdHoareTripleChecker+Valid, 704 SdHoareTripleChecker+Invalid, 1 SdHoareTripleChecker+Unknown, 0 SdHoareTripleChecker+Unchecked, 0.0s SdHoareTripleChecker+Time, 0 IncrementalHoareTripleChecker+Valid, 1 IncrementalHoareTripleChecker+Invalid, 0 IncrementalHoareTripleChecker+Unknown, 0 IncrementalHoareTripleChecker+Unchecked, 0.0s IncrementalHoareTripleChecker+Time
[2026-07-04 08:23:51,398 INFO  L427           NwaCegarLoop]: SdHoareTripleChecker [79 Valid, 704 Invalid, 1 Unknown, 0 Unchecked, 0.0s Time], IncrementalHoareTripleChecker [0 Valid, 1 Invalid, 0 Unknown, 0 Unchecked, 0.0s Time]
[2026-07-04 08:23:51,399 INFO  L82        GeneralOperation]: Start minimizeSevpa. Operand 237 states.
[2026-07-04 08:23:51,414 INFO  L88        GeneralOperation]: Finished minimizeSevpa. Reduced states from 237 to 237.
[2026-07-04 08:23:51,414 INFO  L82        GeneralOperation]: Start removeUnreachable. Operand  has 237 states, 155 states have (on average 1.6) internal successors, (248), 225 states have internal predecessors, (248), 73 states have call successors, (73), 9 states have call predecessors, (73), 8 states have return successors, (72), 7 states have call predecessors, (72), 72 states have call successors, (72)
[2026-07-04 08:23:51,415 INFO  L88        GeneralOperation]: Finished removeUnreachable. Reduced from 237 states to 237 states and 393 transitions.
[2026-07-04 08:23:51,415 INFO  L79                 Accepts]: Start accepts. Automaton has 237 states and 393 transitions. Word has length 48
[2026-07-04 08:23:51,419 INFO  L85                 Accepts]: Finished accepts. word is rejected.
[2026-07-04 08:23:51,419 INFO  L490      AbstractCegarLoop]: Abstraction has 237 states and 393 transitions.
[2026-07-04 08:23:51,419 INFO  L491      AbstractCegarLoop]: INTERPOLANT automaton has  has 3 states, 3 states have (on average 15.0) internal successors, (45), 3 states have internal predecessors, (45), 2 states have call successors, (6), 2 states have call predecessors, (6), 2 states have return successors, (5), 1 states have call predecessors, (5), 2 states have call successors, (5)
[2026-07-04 08:23:51,420 INFO  L278                IsEmpty]: Start isEmpty. Operand 237 states and 393 transitions.
[2026-07-04 08:23:51,420 INFO  L284                IsEmpty]: Finished isEmpty. Found accepting run of length 50
[2026-07-04 08:23:51,420 INFO  L199           NwaCegarLoop]: Found error trace
[2026-07-04 08:23:51,421 INFO  L207           NwaCegarLoop]: trace histogram [1, 1, 1, 1, 1, 1, 1, 1, 1, 1, 1, 1, 1, 1, 1, 1, 1, 1, 1, 1, 1, 1, 1, 1, 1, 1, 1, 1, 1, 1, 1, 1, 1, 1, 1, 1, 1, 1, 1, 1, 1, 1, 1, 1, 1, 1, 1, 1, 1]
[2026-07-04 08:23:51,440 INFO  L546       MonitoredProcess]: [MP /usr/bin/z3 SMTLIB2_COMPLIANT=true -memory:2024 -smt2 -in (8)] Ended with exit code 0
[2026-07-04 08:23:51,629 WARN  L471      AbstractCegarLoop]: Destroyed unattended storables created during the last iteration: 8 /usr/bin/z3 SMTLIB2_COMPLIANT=true -memory:2024 -smt2 -in
[2026-07-04 08:23:51,629 INFO  L408      AbstractCegarLoop]: === Iteration 8 === Targeting __wraparound_assertErr0ASSERT_VIOLATIONASSERT === [__wraparound_assertErr0ASSERT_VIOLATIONASSERT] ===
[2026-07-04 08:23:51,629 INFO  L156       PredicateUnifier]: Initialized classic predicate unifier
[2026-07-04 08:23:51,629 INFO  L85        PathProgramCache]: Analyzing trace with hash 1324684580, now seen corresponding path program 1 times
[2026-07-04 08:23:51,630 INFO  L118   FreeRefinementEngine]: Executing refinement strategy FIXED_PREFERENCES
[2026-07-04 08:23:51,630 INFO  L324   FreeRefinementEngine]: Using trace check IpTcStrategyModulePreferences [476299445]
[2026-07-04 08:23:51,630 INFO  L97    rtionOrderModulation]: Keeping assertion order NOT_INCREMENTALLY
[2026-07-04 08:23:51,630 INFO  L173          SolverBuilder]: Constructing external solver with command: z3 SMTLIB2_COMPLIANT=true -memory:2024 -smt2 -in
[2026-07-04 08:23:51,631 INFO  L189       MonitoredProcess]: No working directory specified, using /usr/bin/z3
[2026-07-04 08:23:51,633 INFO  L229       MonitoredProcess]: Starting monitored process 9 with /usr/bin/z3 SMTLIB2_COMPLIANT=true -memory:2024 -smt2 -in (exit command is (exit), workingDir is null)
[2026-07-04 08:23:51,635 INFO  L327       MonitoredProcess]: [MP /usr/bin/z3 SMTLIB2_COMPLIANT=true -memory:2024 -smt2 -in (9)] Waiting until timeout for monitored process
[2026-07-04 08:23:51,730 INFO  L108    AnnotateAndAsserter]: Assert order NOT_INCREMENTALLY partitioned 49 statements into 1 equivalence classes.
[2026-07-04 08:23:51,779 INFO  L111    AnnotateAndAsserter]: Assert order NOT_INCREMENTALLY issued 1 check-sat command(s) and asserted 49 of 49 statements.
[2026-07-04 08:23:51,780 INFO  L114    AnnotateAndAsserter]: Assert order NOT_INCREMENTALLY issued 1 check-sat command(s)
[2026-07-04 08:23:51,780 INFO  L115    AnnotateAndAsserter]: Conjunction of SSA is unsat
[2026-07-04 08:23:51,782 INFO  L256         TraceCheckSpWp]: Trace formula consists of 242 conjuncts, 2 conjuncts are in the unsatisfiable core
[2026-07-04 08:23:51,783 INFO  L279         TraceCheckSpWp]: Computing forward predicates...
[2026-07-04 08:23:51,834 INFO  L134       CoverageAnalysis]: Checked inductivity of 0 backedges. 0 proven. 0 refuted. 0 times theorem prover too weak. 0 trivial. 0 not checked.
[2026-07-04 08:23:51,835 INFO  L312         TraceCheckSpWp]: Computing backward predicates...
[2026-07-04 08:23:51,918 INFO  L134       CoverageAnalysis]: Checked inductivity of 0 backedges. 0 proven. 0 refuted. 0 times theorem prover too weak. 0 trivial. 0 not checked.
[2026-07-04 08:23:51,918 INFO  L136   FreeRefinementEngine]: Strategy FIXED_PREFERENCES found an infeasible trace
[2026-07-04 08:23:51,918 INFO  L324   FreeRefinementEngine]: Using interpolant generator IpTcStrategyModulePreferences [476299445]
[2026-07-04 08:23:51,918 INFO  L158   FreeRefinementEngine]: IpTcStrategyModulePreferences [476299445] provided 2 perfect and 0 imperfect interpolant sequences
[2026-07-04 08:23:51,918 INFO  L185   FreeRefinementEngine]: Found 2 perfect and 0 imperfect interpolant sequences.
[2026-07-04 08:23:51,918 INFO  L198   FreeRefinementEngine]: Number of different interpolants: perfect sequences [3, 4] imperfect sequences [] total 5
[2026-07-04 08:23:51,918 INFO  L121   tionRefinementEngine]: Using interpolant automaton builder IpAbStrategyModuleStraightlineAll [548582992]
[2026-07-04 08:23:51,918 INFO  L85    oduleStraightlineAll]: Using 2 perfect interpolants to construct interpolant automaton
[2026-07-04 08:23:51,918 INFO  L567      AbstractCegarLoop]: INTERPOLANT automaton has 5 states
[2026-07-04 08:23:51,918 INFO  L100   FreeRefinementEngine]: Using predicate unifier PredicateUnifier provided by strategy FIXED_PREFERENCES
[2026-07-04 08:23:51,919 INFO  L144   InterpolantAutomaton]: Constructing interpolant automaton starting with 5 interpolants.
[2026-07-04 08:23:51,919 INFO  L146   InterpolantAutomaton]: CoverageRelationStatistics Valid=8, Invalid=12, Unknown=0, NotChecked=0, Total=20
[2026-07-04 08:23:51,919 INFO  L87              Difference]: Start difference. First operand 237 states and 393 transitions. Second operand  has 5 states, 5 states have (on average 12.4) internal successors, (62), 5 states have internal predecessors, (62), 4 states have call successors, (6), 3 states have call predecessors, (6), 5 states have return successors, (6), 3 states have call predecessors, (6), 3 states have call successors, (6)
[2026-07-04 08:23:52,142 INFO  L144             Difference]: Subtrahend was deterministic. Have not used determinization.
[2026-07-04 08:23:52,142 INFO  L93              Difference]: Finished difference Result 276 states and 432 transitions.
[2026-07-04 08:23:52,143 INFO  L140   InterpolantAutomaton]: Switched to read-only mode: deterministic interpolant automaton has 5 states. 
[2026-07-04 08:23:52,143 INFO  L79                 Accepts]: Start accepts. Automaton has  has 5 states, 5 states have (on average 12.4) internal successors, (62), 5 states have internal predecessors, (62), 4 states have call successors, (6), 3 states have call predecessors, (6), 5 states have return successors, (6), 3 states have call predecessors, (6), 3 states have call successors, (6) Word has length 49
[2026-07-04 08:23:52,143 INFO  L85                 Accepts]: Finished accepts. some prefix is accepted.
[2026-07-04 08:23:52,145 INFO  L225             Difference]: With dead ends: 276
[2026-07-04 08:23:52,145 INFO  L226             Difference]: Without dead ends: 269
[2026-07-04 08:23:52,145 INFO  L425           NwaCegarLoop]: 0 DeclaredPredicates, 96 GetRequests, 93 SyntacticMatches, 0 SemanticMatches, 3 ConstructedPredicates, 0 IntricatePredicates, 0 DeprecatedPredicates, 1 ImplicationChecksByTransitivity, 0.0s TimeCoverageRelationStatistics Valid=8, Invalid=12, Unknown=0, NotChecked=0, Total=20
[2026-07-04 08:23:52,145 INFO  L426           NwaCegarLoop]: 398 mSDtfsCounter, 47 mSDsluCounter, 688 mSDsCounter, 0 mSdLazyCounter, 69 mSolverCounterSat, 43 mSolverCounterUnsat, 0 mSolverCounterUnknown, 0 mSolverCounterNotChecked, 0.2s Time, 0 mProtectedPredicate, 0 mProtectedAction, 47 SdHoareTripleChecker+Valid, 1086 SdHoareTripleChecker+Invalid, 112 SdHoareTripleChecker+Unknown, 0 SdHoareTripleChecker+Unchecked, 0.0s SdHoareTripleChecker+Time, 43 IncrementalHoareTripleChecker+Valid, 69 IncrementalHoareTripleChecker+Invalid, 0 IncrementalHoareTripleChecker+Unknown, 0 IncrementalHoareTripleChecker+Unchecked, 0.2s IncrementalHoareTripleChecker+Time
[2026-07-04 08:23:52,145 INFO  L427           NwaCegarLoop]: SdHoareTripleChecker [47 Valid, 1086 Invalid, 112 Unknown, 0 Unchecked, 0.0s Time], IncrementalHoareTripleChecker [43 Valid, 69 Invalid, 0 Unknown, 0 Unchecked, 0.2s Time]
[2026-07-04 08:23:52,146 INFO  L82        GeneralOperation]: Start minimizeSevpa. Operand 269 states.
[2026-07-04 08:23:52,169 INFO  L88        GeneralOperation]: Finished minimizeSevpa. Reduced states from 269 to 257.
[2026-07-04 08:23:52,169 INFO  L82        GeneralOperation]: Start removeUnreachable. Operand  has 257 states, 172 states have (on average 1.552325581395349) internal successors, (267), 242 states have internal predecessors, (267), 74 states have call successors, (74), 10 states have call predecessors, (74), 10 states have return successors, (74), 8 states have call predecessors, (74), 73 states have call successors, (74)
[2026-07-04 08:23:52,170 INFO  L88        GeneralOperation]: Finished removeUnreachable. Reduced from 257 states to 257 states and 415 transitions.
[2026-07-04 08:23:52,170 INFO  L79                 Accepts]: Start accepts. Automaton has 257 states and 415 transitions. Word has length 49
[2026-07-04 08:23:52,171 INFO  L85                 Accepts]: Finished accepts. word is rejected.
[2026-07-04 08:23:52,171 INFO  L490      AbstractCegarLoop]: Abstraction has 257 states and 415 transitions.
[2026-07-04 08:23:52,171 INFO  L491      AbstractCegarLoop]: INTERPOLANT automaton has  has 5 states, 5 states have (on average 12.4) internal successors, (62), 5 states have internal predecessors, (62), 4 states have call successors, (6), 3 states have call predecessors, (6), 5 states have return successors, (6), 3 states have call predecessors, (6), 3 states have call successors, (6)
[2026-07-04 08:23:52,171 INFO  L278                IsEmpty]: Start isEmpty. Operand 257 states and 415 transitions.
[2026-07-04 08:23:52,172 INFO  L284                IsEmpty]: Finished isEmpty. Found accepting run of length 50
[2026-07-04 08:23:52,172 INFO  L199           NwaCegarLoop]: Found error trace
[2026-07-04 08:23:52,172 INFO  L207           NwaCegarLoop]: trace histogram [1, 1, 1, 1, 1, 1, 1, 1, 1, 1, 1, 1, 1, 1, 1, 1, 1, 1, 1, 1, 1, 1, 1, 1, 1, 1, 1, 1, 1, 1, 1, 1, 1, 1, 1, 1, 1, 1, 1, 1, 1, 1, 1, 1, 1, 1, 1, 1, 1]
[2026-07-04 08:23:52,184 INFO  L546       MonitoredProcess]: [MP /usr/bin/z3 SMTLIB2_COMPLIANT=true -memory:2024 -smt2 -in (9)] Ended with exit code 0
[2026-07-04 08:23:52,375 WARN  L471      AbstractCegarLoop]: Destroyed unattended storables created during the last iteration: 9 /usr/bin/z3 SMTLIB2_COMPLIANT=true -memory:2024 -smt2 -in
[2026-07-04 08:23:52,375 INFO  L408      AbstractCegarLoop]: === Iteration 9 === Targeting __wraparound_assertErr0ASSERT_VIOLATIONASSERT === [__wraparound_assertErr0ASSERT_VIOLATIONASSERT] ===
[2026-07-04 08:23:52,376 INFO  L156       PredicateUnifier]: Initialized classic predicate unifier
[2026-07-04 08:23:52,376 INFO  L85        PathProgramCache]: Analyzing trace with hash -2082779035, now seen corresponding path program 1 times
[2026-07-04 08:23:52,376 INFO  L118   FreeRefinementEngine]: Executing refinement strategy FIXED_PREFERENCES
[2026-07-04 08:23:52,376 INFO  L324   FreeRefinementEngine]: Using trace check IpTcStrategyModulePreferences [229993953]
[2026-07-04 08:23:52,376 INFO  L97    rtionOrderModulation]: Keeping assertion order NOT_INCREMENTALLY
[2026-07-04 08:23:52,376 INFO  L173          SolverBuilder]: Constructing external solver with command: z3 SMTLIB2_COMPLIANT=true -memory:2024 -smt2 -in
[2026-07-04 08:23:52,377 INFO  L189       MonitoredProcess]: No working directory specified, using /usr/bin/z3
[2026-07-04 08:23:52,379 INFO  L229       MonitoredProcess]: Starting monitored process 10 with /usr/bin/z3 SMTLIB2_COMPLIANT=true -memory:2024 -smt2 -in (exit command is (exit), workingDir is null)
[2026-07-04 08:23:52,382 INFO  L327       MonitoredProcess]: [MP /usr/bin/z3 SMTLIB2_COMPLIANT=true -memory:2024 -smt2 -in (10)] Waiting until timeout for monitored process
[2026-07-04 08:23:52,487 INFO  L108    AnnotateAndAsserter]: Assert order NOT_INCREMENTALLY partitioned 49 statements into 1 equivalence classes.
[2026-07-04 08:23:52,537 INFO  L111    AnnotateAndAsserter]: Assert order NOT_INCREMENTALLY issued 1 check-sat command(s) and asserted 49 of 49 statements.
[2026-07-04 08:23:52,538 INFO  L114    AnnotateAndAsserter]: Assert order NOT_INCREMENTALLY issued 1 check-sat command(s)
[2026-07-04 08:23:52,538 INFO  L115    AnnotateAndAsserter]: Conjunction of SSA is unsat
[2026-07-04 08:23:52,544 INFO  L256         TraceCheckSpWp]: Trace formula consists of 242 conjuncts, 2 conjuncts are in the unsatisfiable core
[2026-07-04 08:23:52,545 INFO  L279         TraceCheckSpWp]: Computing forward predicates...
[2026-07-04 08:23:52,744 INFO  L134       CoverageAnalysis]: Checked inductivity of 0 backedges. 0 proven. 0 refuted. 0 times theorem prover too weak. 0 trivial. 0 not checked.
[2026-07-04 08:23:52,744 INFO  L312         TraceCheckSpWp]: Computing backward predicates...
[2026-07-04 08:23:52,780 INFO  L134       CoverageAnalysis]: Checked inductivity of 0 backedges. 0 proven. 0 refuted. 0 times theorem prover too weak. 0 trivial. 0 not checked.
[2026-07-04 08:23:52,780 INFO  L136   FreeRefinementEngine]: Strategy FIXED_PREFERENCES found an infeasible trace
[2026-07-04 08:23:52,780 INFO  L324   FreeRefinementEngine]: Using interpolant generator IpTcStrategyModulePreferences [229993953]
[2026-07-04 08:23:52,780 INFO  L158   FreeRefinementEngine]: IpTcStrategyModulePreferences [229993953] provided 2 perfect and 0 imperfect interpolant sequences
[2026-07-04 08:23:52,780 INFO  L185   FreeRefinementEngine]: Found 2 perfect and 0 imperfect interpolant sequences.
[2026-07-04 08:23:52,781 INFO  L198   FreeRefinementEngine]: Number of different interpolants: perfect sequences [2, 3] imperfect sequences [] total 4
[2026-07-04 08:23:52,781 INFO  L121   tionRefinementEngine]: Using interpolant automaton builder IpAbStrategyModuleStraightlineAll [333818170]
[2026-07-04 08:23:52,781 INFO  L85    oduleStraightlineAll]: Using 2 perfect interpolants to construct interpolant automaton
[2026-07-04 08:23:52,787 INFO  L567      AbstractCegarLoop]: INTERPOLANT automaton has 4 states
[2026-07-04 08:23:52,788 INFO  L100   FreeRefinementEngine]: Using predicate unifier PredicateUnifier provided by strategy FIXED_PREFERENCES
[2026-07-04 08:23:52,788 INFO  L144   InterpolantAutomaton]: Constructing interpolant automaton starting with 4 interpolants.
[2026-07-04 08:23:52,788 INFO  L146   InterpolantAutomaton]: CoverageRelationStatistics Valid=6, Invalid=6, Unknown=0, NotChecked=0, Total=12
[2026-07-04 08:23:52,788 INFO  L87              Difference]: Start difference. First operand 257 states and 415 transitions. Second operand  has 4 states, 4 states have (on average 18.25) internal successors, (73), 4 states have internal predecessors, (73), 2 states have call successors, (7), 2 states have call predecessors, (7), 2 states have return successors, (6), 2 states have call predecessors, (6), 2 states have call successors, (6)
[2026-07-04 08:23:52,830 INFO  L144             Difference]: Subtrahend was deterministic. Have not used determinization.
[2026-07-04 08:23:52,830 INFO  L93              Difference]: Finished difference Result 508 states and 822 transitions.
[2026-07-04 08:23:52,830 INFO  L140   InterpolantAutomaton]: Switched to read-only mode: deterministic interpolant automaton has 3 states. 
[2026-07-04 08:23:52,830 INFO  L79                 Accepts]: Start accepts. Automaton has  has 4 states, 4 states have (on average 18.25) internal successors, (73), 4 states have internal predecessors, (73), 2 states have call successors, (7), 2 states have call predecessors, (7), 2 states have return successors, (6), 2 states have call predecessors, (6), 2 states have call successors, (6) Word has length 49
[2026-07-04 08:23:52,830 INFO  L85                 Accepts]: Finished accepts. some prefix is accepted.
[2026-07-04 08:23:52,832 INFO  L225             Difference]: With dead ends: 508
[2026-07-04 08:23:52,832 INFO  L226             Difference]: Without dead ends: 257
[2026-07-04 08:23:52,833 INFO  L425           NwaCegarLoop]: 0 DeclaredPredicates, 96 GetRequests, 94 SyntacticMatches, 0 SemanticMatches, 2 ConstructedPredicates, 0 IntricatePredicates, 0 DeprecatedPredicates, 0 ImplicationChecksByTransitivity, 0.0s TimeCoverageRelationStatistics Valid=6, Invalid=6, Unknown=0, NotChecked=0, Total=12
[2026-07-04 08:23:52,839 INFO  L426           NwaCegarLoop]: 390 mSDtfsCounter, 6 mSDsluCounter, 384 mSDsCounter, 0 mSdLazyCounter, 4 mSolverCounterSat, 1 mSolverCounterUnsat, 0 mSolverCounterUnknown, 0 mSolverCounterNotChecked, 0.0s Time, 0 mProtectedPredicate, 0 mProtectedAction, 6 SdHoareTripleChecker+Valid, 774 SdHoareTripleChecker+Invalid, 5 SdHoareTripleChecker+Unknown, 0 SdHoareTripleChecker+Unchecked, 0.0s SdHoareTripleChecker+Time, 1 IncrementalHoareTripleChecker+Valid, 4 IncrementalHoareTripleChecker+Invalid, 0 IncrementalHoareTripleChecker+Unknown, 0 IncrementalHoareTripleChecker+Unchecked, 0.0s IncrementalHoareTripleChecker+Time
[2026-07-04 08:23:52,840 INFO  L427           NwaCegarLoop]: SdHoareTripleChecker [6 Valid, 774 Invalid, 5 Unknown, 0 Unchecked, 0.0s Time], IncrementalHoareTripleChecker [1 Valid, 4 Invalid, 0 Unknown, 0 Unchecked, 0.0s Time]
[2026-07-04 08:23:52,840 INFO  L82        GeneralOperation]: Start minimizeSevpa. Operand 257 states.
[2026-07-04 08:23:52,854 INFO  L88        GeneralOperation]: Finished minimizeSevpa. Reduced states from 257 to 257.
[2026-07-04 08:23:52,855 INFO  L82        GeneralOperation]: Start removeUnreachable. Operand  has 257 states, 172 states have (on average 1.5465116279069768) internal successors, (266), 242 states have internal predecessors, (266), 74 states have call successors, (74), 10 states have call predecessors, (74), 10 states have return successors, (74), 8 states have call predecessors, (74), 73 states have call successors, (74)
[2026-07-04 08:23:52,856 INFO  L88        GeneralOperation]: Finished removeUnreachable. Reduced from 257 states to 257 states and 414 transitions.
[2026-07-04 08:23:52,857 INFO  L79                 Accepts]: Start accepts. Automaton has 257 states and 414 transitions. Word has length 49
[2026-07-04 08:23:52,857 INFO  L85                 Accepts]: Finished accepts. word is rejected.
[2026-07-04 08:23:52,857 INFO  L490      AbstractCegarLoop]: Abstraction has 257 states and 414 transitions.
[2026-07-04 08:23:52,857 INFO  L491      AbstractCegarLoop]: INTERPOLANT automaton has  has 4 states, 4 states have (on average 18.25) internal successors, (73), 4 states have internal predecessors, (73), 2 states have call successors, (7), 2 states have call predecessors, (7), 2 states have return successors, (6), 2 states have call predecessors, (6), 2 states have call successors, (6)
[2026-07-04 08:23:52,857 INFO  L278                IsEmpty]: Start isEmpty. Operand 257 states and 414 transitions.
[2026-07-04 08:23:52,858 INFO  L284                IsEmpty]: Finished isEmpty. Found accepting run of length 52
[2026-07-04 08:23:52,858 INFO  L199           NwaCegarLoop]: Found error trace
[2026-07-04 08:23:52,858 INFO  L207           NwaCegarLoop]: trace histogram [1, 1, 1, 1, 1, 1, 1, 1, 1, 1, 1, 1, 1, 1, 1, 1, 1, 1, 1, 1, 1, 1, 1, 1, 1, 1, 1, 1, 1, 1, 1, 1, 1, 1, 1, 1, 1, 1, 1, 1, 1, 1, 1, 1, 1, 1, 1, 1, 1, 1, 1]
[2026-07-04 08:23:52,876 INFO  L546       MonitoredProcess]: [MP /usr/bin/z3 SMTLIB2_COMPLIANT=true -memory:2024 -smt2 -in (10)] Ended with exit code 0
[2026-07-04 08:23:53,070 WARN  L471      AbstractCegarLoop]: Destroyed unattended storables created during the last iteration: 10 /usr/bin/z3 SMTLIB2_COMPLIANT=true -memory:2024 -smt2 -in
[2026-07-04 08:23:53,070 INFO  L408      AbstractCegarLoop]: === Iteration 10 === Targeting __wraparound_assertErr0ASSERT_VIOLATIONASSERT === [__wraparound_assertErr0ASSERT_VIOLATIONASSERT] ===
[2026-07-04 08:23:53,070 INFO  L156       PredicateUnifier]: Initialized classic predicate unifier
[2026-07-04 08:23:53,070 INFO  L85        PathProgramCache]: Analyzing trace with hash 1467349836, now seen corresponding path program 1 times
[2026-07-04 08:23:53,070 INFO  L118   FreeRefinementEngine]: Executing refinement strategy FIXED_PREFERENCES
[2026-07-04 08:23:53,070 INFO  L324   FreeRefinementEngine]: Using trace check IpTcStrategyModulePreferences [1163628833]
[2026-07-04 08:23:53,070 INFO  L97    rtionOrderModulation]: Keeping assertion order NOT_INCREMENTALLY
[2026-07-04 08:23:53,070 INFO  L173          SolverBuilder]: Constructing external solver with command: z3 SMTLIB2_COMPLIANT=true -memory:2024 -smt2 -in
[2026-07-04 08:23:53,073 INFO  L189       MonitoredProcess]: No working directory specified, using /usr/bin/z3
[2026-07-04 08:23:53,075 INFO  L229       MonitoredProcess]: Starting monitored process 11 with /usr/bin/z3 SMTLIB2_COMPLIANT=true -memory:2024 -smt2 -in (exit command is (exit), workingDir is null)
[2026-07-04 08:23:53,078 INFO  L327       MonitoredProcess]: [MP /usr/bin/z3 SMTLIB2_COMPLIANT=true -memory:2024 -smt2 -in (11)] Waiting until timeout for monitored process
[2026-07-04 08:23:53,192 INFO  L108    AnnotateAndAsserter]: Assert order NOT_INCREMENTALLY partitioned 51 statements into 1 equivalence classes.
[2026-07-04 08:23:53,237 INFO  L111    AnnotateAndAsserter]: Assert order NOT_INCREMENTALLY issued 1 check-sat command(s) and asserted 51 of 51 statements.
[2026-07-04 08:23:53,237 INFO  L114    AnnotateAndAsserter]: Assert order NOT_INCREMENTALLY issued 1 check-sat command(s)
[2026-07-04 08:23:53,237 INFO  L115    AnnotateAndAsserter]: Conjunction of SSA is unsat
[2026-07-04 08:23:53,250 INFO  L256         TraceCheckSpWp]: Trace formula consists of 285 conjuncts, 3 conjuncts are in the unsatisfiable core
[2026-07-04 08:23:53,251 INFO  L279         TraceCheckSpWp]: Computing forward predicates...
[2026-07-04 08:23:53,289 INFO  L134       CoverageAnalysis]: Checked inductivity of 0 backedges. 0 proven. 0 refuted. 0 times theorem prover too weak. 0 trivial. 0 not checked.
[2026-07-04 08:23:53,289 INFO  L312         TraceCheckSpWp]: Computing backward predicates...
[2026-07-04 08:23:53,385 INFO  L134       CoverageAnalysis]: Checked inductivity of 0 backedges. 0 proven. 0 refuted. 0 times theorem prover too weak. 0 trivial. 0 not checked.
[2026-07-04 08:23:53,385 INFO  L136   FreeRefinementEngine]: Strategy FIXED_PREFERENCES found an infeasible trace
[2026-07-04 08:23:53,385 INFO  L324   FreeRefinementEngine]: Using interpolant generator IpTcStrategyModulePreferences [1163628833]
[2026-07-04 08:23:53,385 INFO  L158   FreeRefinementEngine]: IpTcStrategyModulePreferences [1163628833] provided 2 perfect and 0 imperfect interpolant sequences
[2026-07-04 08:23:53,385 INFO  L185   FreeRefinementEngine]: Found 2 perfect and 0 imperfect interpolant sequences.
[2026-07-04 08:23:53,385 INFO  L198   FreeRefinementEngine]: Number of different interpolants: perfect sequences [4, 5] imperfect sequences [] total 5
[2026-07-04 08:23:53,385 INFO  L121   tionRefinementEngine]: Using interpolant automaton builder IpAbStrategyModuleStraightlineAll [318054267]
[2026-07-04 08:23:53,385 INFO  L85    oduleStraightlineAll]: Using 2 perfect interpolants to construct interpolant automaton
[2026-07-04 08:23:53,385 INFO  L567      AbstractCegarLoop]: INTERPOLANT automaton has 5 states
[2026-07-04 08:23:53,385 INFO  L100   FreeRefinementEngine]: Using predicate unifier PredicateUnifier provided by strategy FIXED_PREFERENCES
[2026-07-04 08:23:53,386 INFO  L144   InterpolantAutomaton]: Constructing interpolant automaton starting with 5 interpolants.
[2026-07-04 08:23:53,386 INFO  L146   InterpolantAutomaton]: CoverageRelationStatistics Valid=7, Invalid=13, Unknown=0, NotChecked=0, Total=20
[2026-07-04 08:23:53,386 INFO  L87              Difference]: Start difference. First operand 257 states and 414 transitions. Second operand  has 5 states, 5 states have (on average 13.8) internal successors, (69), 5 states have internal predecessors, (69), 3 states have call successors, (7), 3 states have call predecessors, (7), 3 states have return successors, (6), 2 states have call predecessors, (6), 3 states have call successors, (6)
[2026-07-04 08:23:53,952 INFO  L144             Difference]: Subtrahend was deterministic. Have not used determinization.
[2026-07-04 08:23:53,953 INFO  L93              Difference]: Finished difference Result 496 states and 803 transitions.
[2026-07-04 08:23:53,953 INFO  L140   InterpolantAutomaton]: Switched to read-only mode: deterministic interpolant automaton has 4 states. 
[2026-07-04 08:23:53,953 INFO  L79                 Accepts]: Start accepts. Automaton has  has 5 states, 5 states have (on average 13.8) internal successors, (69), 5 states have internal predecessors, (69), 3 states have call successors, (7), 3 states have call predecessors, (7), 3 states have return successors, (6), 2 states have call predecessors, (6), 3 states have call successors, (6) Word has length 51
[2026-07-04 08:23:53,953 INFO  L85                 Accepts]: Finished accepts. some prefix is accepted.
[2026-07-04 08:23:53,954 INFO  L225             Difference]: With dead ends: 496
[2026-07-04 08:23:53,954 INFO  L226             Difference]: Without dead ends: 257
[2026-07-04 08:23:53,955 INFO  L425           NwaCegarLoop]: 0 DeclaredPredicates, 102 GetRequests, 98 SyntacticMatches, 0 SemanticMatches, 4 ConstructedPredicates, 0 IntricatePredicates, 0 DeprecatedPredicates, 0 ImplicationChecksByTransitivity, 0.0s TimeCoverageRelationStatistics Valid=11, Invalid=19, Unknown=0, NotChecked=0, Total=30
[2026-07-04 08:23:53,956 INFO  L426           NwaCegarLoop]: 389 mSDtfsCounter, 476 mSDsluCounter, 253 mSDsCounter, 0 mSdLazyCounter, 149 mSolverCounterSat, 289 mSolverCounterUnsat, 0 mSolverCounterUnknown, 0 mSolverCounterNotChecked, 0.4s Time, 0 mProtectedPredicate, 0 mProtectedAction, 476 SdHoareTripleChecker+Valid, 642 SdHoareTripleChecker+Invalid, 438 SdHoareTripleChecker+Unknown, 0 SdHoareTripleChecker+Unchecked, 0.0s SdHoareTripleChecker+Time, 289 IncrementalHoareTripleChecker+Valid, 149 IncrementalHoareTripleChecker+Invalid, 0 IncrementalHoareTripleChecker+Unknown, 0 IncrementalHoareTripleChecker+Unchecked, 0.5s IncrementalHoareTripleChecker+Time
[2026-07-04 08:23:53,956 INFO  L427           NwaCegarLoop]: SdHoareTripleChecker [476 Valid, 642 Invalid, 438 Unknown, 0 Unchecked, 0.0s Time], IncrementalHoareTripleChecker [289 Valid, 149 Invalid, 0 Unknown, 0 Unchecked, 0.5s Time]
[2026-07-04 08:23:53,956 INFO  L82        GeneralOperation]: Start minimizeSevpa. Operand 257 states.
[2026-07-04 08:23:53,977 INFO  L88        GeneralOperation]: Finished minimizeSevpa. Reduced states from 257 to 257.
[2026-07-04 08:23:53,984 INFO  L82        GeneralOperation]: Start removeUnreachable. Operand  has 257 states, 172 states have (on average 1.5406976744186047) internal successors, (265), 242 states have internal predecessors, (265), 74 states have call successors, (74), 10 states have call predecessors, (74), 10 states have return successors, (74), 8 states have call predecessors, (74), 73 states have call successors, (74)
[2026-07-04 08:23:53,986 INFO  L88        GeneralOperation]: Finished removeUnreachable. Reduced from 257 states to 257 states and 413 transitions.
[2026-07-04 08:23:53,986 INFO  L79                 Accepts]: Start accepts. Automaton has 257 states and 413 transitions. Word has length 51
[2026-07-04 08:23:53,986 INFO  L85                 Accepts]: Finished accepts. word is rejected.
[2026-07-04 08:23:53,986 INFO  L490      AbstractCegarLoop]: Abstraction has 257 states and 413 transitions.
[2026-07-04 08:23:53,986 INFO  L491      AbstractCegarLoop]: INTERPOLANT automaton has  has 5 states, 5 states have (on average 13.8) internal successors, (69), 5 states have internal predecessors, (69), 3 states have call successors, (7), 3 states have call predecessors, (7), 3 states have return successors, (6), 2 states have call predecessors, (6), 3 states have call successors, (6)
[2026-07-04 08:23:53,986 INFO  L278                IsEmpty]: Start isEmpty. Operand 257 states and 413 transitions.
[2026-07-04 08:23:53,990 INFO  L284                IsEmpty]: Finished isEmpty. Found accepting run of length 54
[2026-07-04 08:23:53,990 INFO  L199           NwaCegarLoop]: Found error trace
[2026-07-04 08:23:53,990 INFO  L207           NwaCegarLoop]: trace histogram [1, 1, 1, 1, 1, 1, 1, 1, 1, 1, 1, 1, 1, 1, 1, 1, 1, 1, 1, 1, 1, 1, 1, 1, 1, 1, 1, 1, 1, 1, 1, 1, 1, 1, 1, 1, 1, 1, 1, 1, 1, 1, 1, 1, 1, 1, 1, 1, 1, 1, 1, 1, 1]
[2026-07-04 08:23:54,006 INFO  L546       MonitoredProcess]: [MP /usr/bin/z3 SMTLIB2_COMPLIANT=true -memory:2024 -smt2 -in (11)] Ended with exit code 0
[2026-07-04 08:23:54,196 WARN  L471      AbstractCegarLoop]: Destroyed unattended storables created during the last iteration: 11 /usr/bin/z3 SMTLIB2_COMPLIANT=true -memory:2024 -smt2 -in
[2026-07-04 08:23:54,196 INFO  L408      AbstractCegarLoop]: === Iteration 11 === Targeting __wraparound_assertErr0ASSERT_VIOLATIONASSERT === [__wraparound_assertErr0ASSERT_VIOLATIONASSERT] ===
[2026-07-04 08:23:54,197 INFO  L156       PredicateUnifier]: Initialized classic predicate unifier
[2026-07-04 08:23:54,197 INFO  L85        PathProgramCache]: Analyzing trace with hash 316470345, now seen corresponding path program 1 times
[2026-07-04 08:23:54,197 INFO  L118   FreeRefinementEngine]: Executing refinement strategy FIXED_PREFERENCES
[2026-07-04 08:23:54,197 INFO  L324   FreeRefinementEngine]: Using trace check IpTcStrategyModulePreferences [700954802]
[2026-07-04 08:23:54,197 INFO  L97    rtionOrderModulation]: Keeping assertion order NOT_INCREMENTALLY
[2026-07-04 08:23:54,197 INFO  L173          SolverBuilder]: Constructing external solver with command: z3 SMTLIB2_COMPLIANT=true -memory:2024 -smt2 -in
[2026-07-04 08:23:54,199 INFO  L189       MonitoredProcess]: No working directory specified, using /usr/bin/z3
[2026-07-04 08:23:54,205 INFO  L229       MonitoredProcess]: Starting monitored process 12 with /usr/bin/z3 SMTLIB2_COMPLIANT=true -memory:2024 -smt2 -in (exit command is (exit), workingDir is null)
[2026-07-04 08:23:54,206 INFO  L327       MonitoredProcess]: [MP /usr/bin/z3 SMTLIB2_COMPLIANT=true -memory:2024 -smt2 -in (12)] Waiting until timeout for monitored process
[2026-07-04 08:23:54,316 INFO  L108    AnnotateAndAsserter]: Assert order NOT_INCREMENTALLY partitioned 53 statements into 1 equivalence classes.
[2026-07-04 08:23:54,351 INFO  L111    AnnotateAndAsserter]: Assert order NOT_INCREMENTALLY issued 1 check-sat command(s) and asserted 53 of 53 statements.
[2026-07-04 08:23:54,351 INFO  L114    AnnotateAndAsserter]: Assert order NOT_INCREMENTALLY issued 1 check-sat command(s)
[2026-07-04 08:23:54,352 INFO  L115    AnnotateAndAsserter]: Conjunction of SSA is unsat
[2026-07-04 08:23:54,353 INFO  L256         TraceCheckSpWp]: Trace formula consists of 287 conjuncts, 3 conjuncts are in the unsatisfiable core
[2026-07-04 08:23:54,354 INFO  L279         TraceCheckSpWp]: Computing forward predicates...
[2026-07-04 08:23:54,394 INFO  L134       CoverageAnalysis]: Checked inductivity of 0 backedges. 0 proven. 0 refuted. 0 times theorem prover too weak. 0 trivial. 0 not checked.
[2026-07-04 08:23:54,394 INFO  L312         TraceCheckSpWp]: Computing backward predicates...
[2026-07-04 08:23:54,495 INFO  L134       CoverageAnalysis]: Checked inductivity of 0 backedges. 0 proven. 0 refuted. 0 times theorem prover too weak. 0 trivial. 0 not checked.
[2026-07-04 08:23:54,495 INFO  L136   FreeRefinementEngine]: Strategy FIXED_PREFERENCES found an infeasible trace
[2026-07-04 08:23:54,495 INFO  L324   FreeRefinementEngine]: Using interpolant generator IpTcStrategyModulePreferences [700954802]
[2026-07-04 08:23:54,495 INFO  L158   FreeRefinementEngine]: IpTcStrategyModulePreferences [700954802] provided 2 perfect and 0 imperfect interpolant sequences
[2026-07-04 08:23:54,495 INFO  L185   FreeRefinementEngine]: Found 2 perfect and 0 imperfect interpolant sequences.
[2026-07-04 08:23:54,495 INFO  L198   FreeRefinementEngine]: Number of different interpolants: perfect sequences [4, 5] imperfect sequences [] total 5
[2026-07-04 08:23:54,495 INFO  L121   tionRefinementEngine]: Using interpolant automaton builder IpAbStrategyModuleStraightlineAll [1465543133]
[2026-07-04 08:23:54,495 INFO  L85    oduleStraightlineAll]: Using 2 perfect interpolants to construct interpolant automaton
[2026-07-04 08:23:54,495 INFO  L567      AbstractCegarLoop]: INTERPOLANT automaton has 5 states
[2026-07-04 08:23:54,495 INFO  L100   FreeRefinementEngine]: Using predicate unifier PredicateUnifier provided by strategy FIXED_PREFERENCES
[2026-07-04 08:23:54,496 INFO  L144   InterpolantAutomaton]: Constructing interpolant automaton starting with 5 interpolants.
[2026-07-04 08:23:54,496 INFO  L146   InterpolantAutomaton]: CoverageRelationStatistics Valid=7, Invalid=13, Unknown=0, NotChecked=0, Total=20
[2026-07-04 08:23:54,496 INFO  L87              Difference]: Start difference. First operand 257 states and 413 transitions. Second operand  has 5 states, 5 states have (on average 14.6) internal successors, (73), 5 states have internal predecessors, (73), 3 states have call successors, (7), 3 states have call predecessors, (7), 3 states have return successors, (6), 2 states have call predecessors, (6), 3 states have call successors, (6)
[2026-07-04 08:23:55,062 INFO  L144             Difference]: Subtrahend was deterministic. Have not used determinization.
[2026-07-04 08:23:55,062 INFO  L93              Difference]: Finished difference Result 496 states and 802 transitions.
[2026-07-04 08:23:55,063 INFO  L140   InterpolantAutomaton]: Switched to read-only mode: deterministic interpolant automaton has 4 states. 
[2026-07-04 08:23:55,063 INFO  L79                 Accepts]: Start accepts. Automaton has  has 5 states, 5 states have (on average 14.6) internal successors, (73), 5 states have internal predecessors, (73), 3 states have call successors, (7), 3 states have call predecessors, (7), 3 states have return successors, (6), 2 states have call predecessors, (6), 3 states have call successors, (6) Word has length 53
[2026-07-04 08:23:55,063 INFO  L85                 Accepts]: Finished accepts. some prefix is accepted.
[2026-07-04 08:23:55,065 INFO  L225             Difference]: With dead ends: 496
[2026-07-04 08:23:55,065 INFO  L226             Difference]: Without dead ends: 257
[2026-07-04 08:23:55,065 INFO  L425           NwaCegarLoop]: 0 DeclaredPredicates, 106 GetRequests, 102 SyntacticMatches, 0 SemanticMatches, 4 ConstructedPredicates, 0 IntricatePredicates, 0 DeprecatedPredicates, 0 ImplicationChecksByTransitivity, 0.0s TimeCoverageRelationStatistics Valid=11, Invalid=19, Unknown=0, NotChecked=0, Total=30
[2026-07-04 08:23:55,066 INFO  L426           NwaCegarLoop]: 388 mSDtfsCounter, 472 mSDsluCounter, 252 mSDsCounter, 0 mSdLazyCounter, 149 mSolverCounterSat, 289 mSolverCounterUnsat, 0 mSolverCounterUnknown, 0 mSolverCounterNotChecked, 0.4s Time, 0 mProtectedPredicate, 0 mProtectedAction, 472 SdHoareTripleChecker+Valid, 640 SdHoareTripleChecker+Invalid, 438 SdHoareTripleChecker+Unknown, 0 SdHoareTripleChecker+Unchecked, 0.0s SdHoareTripleChecker+Time, 289 IncrementalHoareTripleChecker+Valid, 149 IncrementalHoareTripleChecker+Invalid, 0 IncrementalHoareTripleChecker+Unknown, 0 IncrementalHoareTripleChecker+Unchecked, 0.5s IncrementalHoareTripleChecker+Time
[2026-07-04 08:23:55,066 INFO  L427           NwaCegarLoop]: SdHoareTripleChecker [472 Valid, 640 Invalid, 438 Unknown, 0 Unchecked, 0.0s Time], IncrementalHoareTripleChecker [289 Valid, 149 Invalid, 0 Unknown, 0 Unchecked, 0.5s Time]
[2026-07-04 08:23:55,066 INFO  L82        GeneralOperation]: Start minimizeSevpa. Operand 257 states.
[2026-07-04 08:23:55,106 INFO  L88        GeneralOperation]: Finished minimizeSevpa. Reduced states from 257 to 257.
[2026-07-04 08:23:55,107 INFO  L82        GeneralOperation]: Start removeUnreachable. Operand  has 257 states, 172 states have (on average 1.5348837209302326) internal successors, (264), 242 states have internal predecessors, (264), 74 states have call successors, (74), 10 states have call predecessors, (74), 10 states have return successors, (74), 8 states have call predecessors, (74), 73 states have call successors, (74)
[2026-07-04 08:23:55,117 INFO  L88        GeneralOperation]: Finished removeUnreachable. Reduced from 257 states to 257 states and 412 transitions.
[2026-07-04 08:23:55,117 INFO  L79                 Accepts]: Start accepts. Automaton has 257 states and 412 transitions. Word has length 53
[2026-07-04 08:23:55,117 INFO  L85                 Accepts]: Finished accepts. word is rejected.
[2026-07-04 08:23:55,117 INFO  L490      AbstractCegarLoop]: Abstraction has 257 states and 412 transitions.
[2026-07-04 08:23:55,118 INFO  L491      AbstractCegarLoop]: INTERPOLANT automaton has  has 5 states, 5 states have (on average 14.6) internal successors, (73), 5 states have internal predecessors, (73), 3 states have call successors, (7), 3 states have call predecessors, (7), 3 states have return successors, (6), 2 states have call predecessors, (6), 3 states have call successors, (6)
[2026-07-04 08:23:55,118 INFO  L278                IsEmpty]: Start isEmpty. Operand 257 states and 412 transitions.
[2026-07-04 08:23:55,136 INFO  L284                IsEmpty]: Finished isEmpty. Found accepting run of length 57
[2026-07-04 08:23:55,136 INFO  L199           NwaCegarLoop]: Found error trace
[2026-07-04 08:23:55,136 INFO  L207           NwaCegarLoop]: trace histogram [1, 1, 1, 1, 1, 1, 1, 1, 1, 1, 1, 1, 1, 1, 1, 1, 1, 1, 1, 1, 1, 1, 1, 1, 1, 1, 1, 1, 1, 1, 1, 1, 1, 1, 1, 1, 1, 1, 1, 1, 1, 1, 1, 1, 1, 1, 1, 1, 1, 1, 1, 1, 1, 1, 1, 1]
[2026-07-04 08:23:55,148 INFO  L546       MonitoredProcess]: [MP /usr/bin/z3 SMTLIB2_COMPLIANT=true -memory:2024 -smt2 -in (12)] Ended with exit code 0
[2026-07-04 08:23:55,343 WARN  L471      AbstractCegarLoop]: Destroyed unattended storables created during the last iteration: 12 /usr/bin/z3 SMTLIB2_COMPLIANT=true -memory:2024 -smt2 -in
[2026-07-04 08:23:55,343 INFO  L408      AbstractCegarLoop]: === Iteration 12 === Targeting __wraparound_assertErr0ASSERT_VIOLATIONASSERT === [__wraparound_assertErr0ASSERT_VIOLATIONASSERT] ===
[2026-07-04 08:23:55,344 INFO  L156       PredicateUnifier]: Initialized classic predicate unifier
[2026-07-04 08:23:55,344 INFO  L85        PathProgramCache]: Analyzing trace with hash 1786822676, now seen corresponding path program 1 times
[2026-07-04 08:23:55,344 INFO  L118   FreeRefinementEngine]: Executing refinement strategy FIXED_PREFERENCES
[2026-07-04 08:23:55,344 INFO  L324   FreeRefinementEngine]: Using trace check IpTcStrategyModulePreferences [980405731]
[2026-07-04 08:23:55,344 INFO  L97    rtionOrderModulation]: Keeping assertion order NOT_INCREMENTALLY
[2026-07-04 08:23:55,344 INFO  L173          SolverBuilder]: Constructing external solver with command: z3 SMTLIB2_COMPLIANT=true -memory:2024 -smt2 -in
[2026-07-04 08:23:55,345 INFO  L189       MonitoredProcess]: No working directory specified, using /usr/bin/z3
[2026-07-04 08:23:55,350 INFO  L229       MonitoredProcess]: Starting monitored process 13 with /usr/bin/z3 SMTLIB2_COMPLIANT=true -memory:2024 -smt2 -in (exit command is (exit), workingDir is null)
[2026-07-04 08:23:55,351 INFO  L327       MonitoredProcess]: [MP /usr/bin/z3 SMTLIB2_COMPLIANT=true -memory:2024 -smt2 -in (13)] Waiting until timeout for monitored process
[2026-07-04 08:23:55,430 INFO  L108    AnnotateAndAsserter]: Assert order NOT_INCREMENTALLY partitioned 56 statements into 1 equivalence classes.
[2026-07-04 08:23:55,471 INFO  L111    AnnotateAndAsserter]: Assert order NOT_INCREMENTALLY issued 1 check-sat command(s) and asserted 56 of 56 statements.
[2026-07-04 08:23:55,471 INFO  L114    AnnotateAndAsserter]: Assert order NOT_INCREMENTALLY issued 1 check-sat command(s)
[2026-07-04 08:23:55,472 INFO  L115    AnnotateAndAsserter]: Conjunction of SSA is unsat
[2026-07-04 08:23:55,473 INFO  L256         TraceCheckSpWp]: Trace formula consists of 292 conjuncts, 3 conjuncts are in the unsatisfiable core
[2026-07-04 08:23:55,474 INFO  L279         TraceCheckSpWp]: Computing forward predicates...
[2026-07-04 08:23:55,513 INFO  L134       CoverageAnalysis]: Checked inductivity of 0 backedges. 0 proven. 0 refuted. 0 times theorem prover too weak. 0 trivial. 0 not checked.
[2026-07-04 08:23:55,513 INFO  L312         TraceCheckSpWp]: Computing backward predicates...
[2026-07-04 08:23:55,610 INFO  L134       CoverageAnalysis]: Checked inductivity of 0 backedges. 0 proven. 0 refuted. 0 times theorem prover too weak. 0 trivial. 0 not checked.
[2026-07-04 08:23:55,611 INFO  L136   FreeRefinementEngine]: Strategy FIXED_PREFERENCES found an infeasible trace
[2026-07-04 08:23:55,611 INFO  L324   FreeRefinementEngine]: Using interpolant generator IpTcStrategyModulePreferences [980405731]
[2026-07-04 08:23:55,611 INFO  L158   FreeRefinementEngine]: IpTcStrategyModulePreferences [980405731] provided 2 perfect and 0 imperfect interpolant sequences
[2026-07-04 08:23:55,611 INFO  L185   FreeRefinementEngine]: Found 2 perfect and 0 imperfect interpolant sequences.
[2026-07-04 08:23:55,611 INFO  L198   FreeRefinementEngine]: Number of different interpolants: perfect sequences [4, 5] imperfect sequences [] total 5
[2026-07-04 08:23:55,611 INFO  L121   tionRefinementEngine]: Using interpolant automaton builder IpAbStrategyModuleStraightlineAll [615641840]
[2026-07-04 08:23:55,611 INFO  L85    oduleStraightlineAll]: Using 2 perfect interpolants to construct interpolant automaton
[2026-07-04 08:23:55,611 INFO  L567      AbstractCegarLoop]: INTERPOLANT automaton has 5 states
[2026-07-04 08:23:55,611 INFO  L100   FreeRefinementEngine]: Using predicate unifier PredicateUnifier provided by strategy FIXED_PREFERENCES
[2026-07-04 08:23:55,611 INFO  L144   InterpolantAutomaton]: Constructing interpolant automaton starting with 5 interpolants.
[2026-07-04 08:23:55,611 INFO  L146   InterpolantAutomaton]: CoverageRelationStatistics Valid=7, Invalid=13, Unknown=0, NotChecked=0, Total=20
[2026-07-04 08:23:55,612 INFO  L87              Difference]: Start difference. First operand 257 states and 412 transitions. Second operand  has 5 states, 5 states have (on average 15.8) internal successors, (79), 5 states have internal predecessors, (79), 3 states have call successors, (7), 3 states have call predecessors, (7), 3 states have return successors, (6), 2 states have call predecessors, (6), 3 states have call successors, (6)
[2026-07-04 08:23:56,140 INFO  L144             Difference]: Subtrahend was deterministic. Have not used determinization.
[2026-07-04 08:23:56,140 INFO  L93              Difference]: Finished difference Result 497 states and 802 transitions.
[2026-07-04 08:23:56,141 INFO  L140   InterpolantAutomaton]: Switched to read-only mode: deterministic interpolant automaton has 4 states. 
[2026-07-04 08:23:56,141 INFO  L79                 Accepts]: Start accepts. Automaton has  has 5 states, 5 states have (on average 15.8) internal successors, (79), 5 states have internal predecessors, (79), 3 states have call successors, (7), 3 states have call predecessors, (7), 3 states have return successors, (6), 2 states have call predecessors, (6), 3 states have call successors, (6) Word has length 56
[2026-07-04 08:23:56,141 INFO  L85                 Accepts]: Finished accepts. some prefix is accepted.
[2026-07-04 08:23:56,142 INFO  L225             Difference]: With dead ends: 497
[2026-07-04 08:23:56,142 INFO  L226             Difference]: Without dead ends: 256
[2026-07-04 08:23:56,143 INFO  L425           NwaCegarLoop]: 0 DeclaredPredicates, 112 GetRequests, 108 SyntacticMatches, 0 SemanticMatches, 4 ConstructedPredicates, 0 IntricatePredicates, 0 DeprecatedPredicates, 0 ImplicationChecksByTransitivity, 0.0s TimeCoverageRelationStatistics Valid=11, Invalid=19, Unknown=0, NotChecked=0, Total=30
[2026-07-04 08:23:56,143 INFO  L426           NwaCegarLoop]: 383 mSDtfsCounter, 460 mSDsluCounter, 247 mSDsCounter, 0 mSdLazyCounter, 149 mSolverCounterSat, 290 mSolverCounterUnsat, 0 mSolverCounterUnknown, 0 mSolverCounterNotChecked, 0.4s Time, 0 mProtectedPredicate, 0 mProtectedAction, 460 SdHoareTripleChecker+Valid, 630 SdHoareTripleChecker+Invalid, 439 SdHoareTripleChecker+Unknown, 0 SdHoareTripleChecker+Unchecked, 0.0s SdHoareTripleChecker+Time, 290 IncrementalHoareTripleChecker+Valid, 149 IncrementalHoareTripleChecker+Invalid, 0 IncrementalHoareTripleChecker+Unknown, 0 IncrementalHoareTripleChecker+Unchecked, 0.5s IncrementalHoareTripleChecker+Time
[2026-07-04 08:23:56,143 INFO  L427           NwaCegarLoop]: SdHoareTripleChecker [460 Valid, 630 Invalid, 439 Unknown, 0 Unchecked, 0.0s Time], IncrementalHoareTripleChecker [290 Valid, 149 Invalid, 0 Unknown, 0 Unchecked, 0.5s Time]
[2026-07-04 08:23:56,144 INFO  L82        GeneralOperation]: Start minimizeSevpa. Operand 256 states.
[2026-07-04 08:23:56,171 INFO  L88        GeneralOperation]: Finished minimizeSevpa. Reduced states from 256 to 256.
[2026-07-04 08:23:56,176 INFO  L82        GeneralOperation]: Start removeUnreachable. Operand  has 256 states, 171 states have (on average 1.5146198830409356) internal successors, (259), 241 states have internal predecessors, (259), 74 states have call successors, (74), 10 states have call predecessors, (74), 10 states have return successors, (74), 8 states have call predecessors, (74), 73 states have call successors, (74)
[2026-07-04 08:23:56,184 INFO  L88        GeneralOperation]: Finished removeUnreachable. Reduced from 256 states to 256 states and 407 transitions.
[2026-07-04 08:23:56,185 INFO  L79                 Accepts]: Start accepts. Automaton has 256 states and 407 transitions. Word has length 56
[2026-07-04 08:23:56,185 INFO  L85                 Accepts]: Finished accepts. word is rejected.
[2026-07-04 08:23:56,185 INFO  L490      AbstractCegarLoop]: Abstraction has 256 states and 407 transitions.
[2026-07-04 08:23:56,185 INFO  L491      AbstractCegarLoop]: INTERPOLANT automaton has  has 5 states, 5 states have (on average 15.8) internal successors, (79), 5 states have internal predecessors, (79), 3 states have call successors, (7), 3 states have call predecessors, (7), 3 states have return successors, (6), 2 states have call predecessors, (6), 3 states have call successors, (6)
[2026-07-04 08:23:56,185 INFO  L278                IsEmpty]: Start isEmpty. Operand 256 states and 407 transitions.
[2026-07-04 08:23:56,186 INFO  L284                IsEmpty]: Finished isEmpty. Found accepting run of length 57
[2026-07-04 08:23:56,186 INFO  L199           NwaCegarLoop]: Found error trace
[2026-07-04 08:23:56,186 INFO  L207           NwaCegarLoop]: trace histogram [1, 1, 1, 1, 1, 1, 1, 1, 1, 1, 1, 1, 1, 1, 1, 1, 1, 1, 1, 1, 1, 1, 1, 1, 1, 1, 1, 1, 1, 1, 1, 1, 1, 1, 1, 1, 1, 1, 1, 1, 1, 1, 1, 1, 1, 1, 1, 1, 1, 1, 1, 1, 1, 1, 1, 1]
[2026-07-04 08:23:56,196 INFO  L546       MonitoredProcess]: [MP /usr/bin/z3 SMTLIB2_COMPLIANT=true -memory:2024 -smt2 -in (13)] Ended with exit code 0
[2026-07-04 08:23:56,389 WARN  L471      AbstractCegarLoop]: Destroyed unattended storables created during the last iteration: 13 /usr/bin/z3 SMTLIB2_COMPLIANT=true -memory:2024 -smt2 -in
[2026-07-04 08:23:56,390 INFO  L408      AbstractCegarLoop]: === Iteration 13 === Targeting __wraparound_assertErr0ASSERT_VIOLATIONASSERT === [__wraparound_assertErr0ASSERT_VIOLATIONASSERT] ===
[2026-07-04 08:23:56,390 INFO  L156       PredicateUnifier]: Initialized classic predicate unifier
[2026-07-04 08:23:56,390 INFO  L85        PathProgramCache]: Analyzing trace with hash -8631344, now seen corresponding path program 1 times
[2026-07-04 08:23:56,391 INFO  L118   FreeRefinementEngine]: Executing refinement strategy FIXED_PREFERENCES
[2026-07-04 08:23:56,391 INFO  L324   FreeRefinementEngine]: Using trace check IpTcStrategyModulePreferences [1696947559]
[2026-07-04 08:23:56,391 INFO  L97    rtionOrderModulation]: Keeping assertion order NOT_INCREMENTALLY
[2026-07-04 08:23:56,391 INFO  L173          SolverBuilder]: Constructing external solver with command: z3 SMTLIB2_COMPLIANT=true -memory:2024 -smt2 -in
[2026-07-04 08:23:56,393 INFO  L189       MonitoredProcess]: No working directory specified, using /usr/bin/z3
[2026-07-04 08:23:56,394 INFO  L229       MonitoredProcess]: Starting monitored process 14 with /usr/bin/z3 SMTLIB2_COMPLIANT=true -memory:2024 -smt2 -in (exit command is (exit), workingDir is null)
[2026-07-04 08:23:56,398 INFO  L327       MonitoredProcess]: [MP /usr/bin/z3 SMTLIB2_COMPLIANT=true -memory:2024 -smt2 -in (14)] Waiting until timeout for monitored process
[2026-07-04 08:23:56,476 INFO  L108    AnnotateAndAsserter]: Assert order NOT_INCREMENTALLY partitioned 56 statements into 1 equivalence classes.
[2026-07-04 08:23:56,507 INFO  L111    AnnotateAndAsserter]: Assert order NOT_INCREMENTALLY issued 1 check-sat command(s) and asserted 56 of 56 statements.
[2026-07-04 08:23:56,507 INFO  L114    AnnotateAndAsserter]: Assert order NOT_INCREMENTALLY issued 1 check-sat command(s)
[2026-07-04 08:23:56,507 INFO  L115    AnnotateAndAsserter]: Conjunction of SSA is unsat
[2026-07-04 08:23:56,509 INFO  L256         TraceCheckSpWp]: Trace formula consists of 290 conjuncts, 2 conjuncts are in the unsatisfiable core
[2026-07-04 08:23:56,514 INFO  L279         TraceCheckSpWp]: Computing forward predicates...
[2026-07-04 08:23:56,535 INFO  L134       CoverageAnalysis]: Checked inductivity of 0 backedges. 0 proven. 0 refuted. 0 times theorem prover too weak. 0 trivial. 0 not checked.
[2026-07-04 08:23:56,535 INFO  L312         TraceCheckSpWp]: Computing backward predicates...
[2026-07-04 08:23:56,573 INFO  L134       CoverageAnalysis]: Checked inductivity of 0 backedges. 0 proven. 0 refuted. 0 times theorem prover too weak. 0 trivial. 0 not checked.
[2026-07-04 08:23:56,574 INFO  L136   FreeRefinementEngine]: Strategy FIXED_PREFERENCES found an infeasible trace
[2026-07-04 08:23:56,574 INFO  L324   FreeRefinementEngine]: Using interpolant generator IpTcStrategyModulePreferences [1696947559]
[2026-07-04 08:23:56,574 INFO  L158   FreeRefinementEngine]: IpTcStrategyModulePreferences [1696947559] provided 2 perfect and 0 imperfect interpolant sequences
[2026-07-04 08:23:56,574 INFO  L185   FreeRefinementEngine]: Found 2 perfect and 0 imperfect interpolant sequences.
[2026-07-04 08:23:56,574 INFO  L198   FreeRefinementEngine]: Number of different interpolants: perfect sequences [3, 3] imperfect sequences [] total 3
[2026-07-04 08:23:56,574 INFO  L121   tionRefinementEngine]: Using interpolant automaton builder IpAbStrategyModuleStraightlineAll [631951438]
[2026-07-04 08:23:56,574 INFO  L85    oduleStraightlineAll]: Using 2 perfect interpolants to construct interpolant automaton
[2026-07-04 08:23:56,575 INFO  L567      AbstractCegarLoop]: INTERPOLANT automaton has 3 states
[2026-07-04 08:23:56,575 INFO  L100   FreeRefinementEngine]: Using predicate unifier PredicateUnifier provided by strategy FIXED_PREFERENCES
[2026-07-04 08:23:56,575 INFO  L144   InterpolantAutomaton]: Constructing interpolant automaton starting with 3 interpolants.
[2026-07-04 08:23:56,575 INFO  L146   InterpolantAutomaton]: CoverageRelationStatistics Valid=3, Invalid=3, Unknown=0, NotChecked=0, Total=6
[2026-07-04 08:23:56,575 INFO  L87              Difference]: Start difference. First operand 256 states and 407 transitions. Second operand  has 3 states, 3 states have (on average 17.666666666666668) internal successors, (53), 3 states have internal predecessors, (53), 2 states have call successors, (6), 2 states have call predecessors, (6), 2 states have return successors, (5), 1 states have call predecessors, (5), 2 states have call successors, (5)
[2026-07-04 08:23:56,613 INFO  L144             Difference]: Subtrahend was deterministic. Have not used determinization.
[2026-07-04 08:23:56,613 INFO  L93              Difference]: Finished difference Result 333 states and 510 transitions.
[2026-07-04 08:23:56,615 INFO  L140   InterpolantAutomaton]: Switched to read-only mode: deterministic interpolant automaton has 3 states. 
[2026-07-04 08:23:56,615 INFO  L79                 Accepts]: Start accepts. Automaton has  has 3 states, 3 states have (on average 17.666666666666668) internal successors, (53), 3 states have internal predecessors, (53), 2 states have call successors, (6), 2 states have call predecessors, (6), 2 states have return successors, (5), 1 states have call predecessors, (5), 2 states have call successors, (5) Word has length 56
[2026-07-04 08:23:56,616 INFO  L85                 Accepts]: Finished accepts. some prefix is accepted.
[2026-07-04 08:23:56,617 INFO  L225             Difference]: With dead ends: 333
[2026-07-04 08:23:56,617 INFO  L226             Difference]: Without dead ends: 256
[2026-07-04 08:23:56,617 INFO  L425           NwaCegarLoop]: 0 DeclaredPredicates, 110 GetRequests, 109 SyntacticMatches, 0 SemanticMatches, 1 ConstructedPredicates, 0 IntricatePredicates, 0 DeprecatedPredicates, 0 ImplicationChecksByTransitivity, 0.0s TimeCoverageRelationStatistics Valid=3, Invalid=3, Unknown=0, NotChecked=0, Total=6
[2026-07-04 08:23:56,623 INFO  L426           NwaCegarLoop]: 381 mSDtfsCounter, 362 mSDsluCounter, 14 mSDsCounter, 0 mSdLazyCounter, 6 mSolverCounterSat, 0 mSolverCounterUnsat, 0 mSolverCounterUnknown, 0 mSolverCounterNotChecked, 0.0s Time, 0 mProtectedPredicate, 0 mProtectedAction, 362 SdHoareTripleChecker+Valid, 395 SdHoareTripleChecker+Invalid, 6 SdHoareTripleChecker+Unknown, 0 SdHoareTripleChecker+Unchecked, 0.0s SdHoareTripleChecker+Time, 0 IncrementalHoareTripleChecker+Valid, 6 IncrementalHoareTripleChecker+Invalid, 0 IncrementalHoareTripleChecker+Unknown, 0 IncrementalHoareTripleChecker+Unchecked, 0.0s IncrementalHoareTripleChecker+Time
[2026-07-04 08:23:56,624 INFO  L427           NwaCegarLoop]: SdHoareTripleChecker [362 Valid, 395 Invalid, 6 Unknown, 0 Unchecked, 0.0s Time], IncrementalHoareTripleChecker [0 Valid, 6 Invalid, 0 Unknown, 0 Unchecked, 0.0s Time]
[2026-07-04 08:23:56,624 INFO  L82        GeneralOperation]: Start minimizeSevpa. Operand 256 states.
[2026-07-04 08:23:56,665 INFO  L88        GeneralOperation]: Finished minimizeSevpa. Reduced states from 256 to 256.
[2026-07-04 08:23:56,666 INFO  L82        GeneralOperation]: Start removeUnreachable. Operand  has 256 states, 171 states have (on average 1.5087719298245614) internal successors, (258), 241 states have internal predecessors, (258), 74 states have call successors, (74), 10 states have call predecessors, (74), 10 states have return successors, (74), 8 states have call predecessors, (74), 73 states have call successors, (74)
[2026-07-04 08:23:56,667 INFO  L88        GeneralOperation]: Finished removeUnreachable. Reduced from 256 states to 256 states and 406 transitions.
[2026-07-04 08:23:56,667 INFO  L79                 Accepts]: Start accepts. Automaton has 256 states and 406 transitions. Word has length 56
[2026-07-04 08:23:56,671 INFO  L85                 Accepts]: Finished accepts. word is rejected.
[2026-07-04 08:23:56,671 INFO  L490      AbstractCegarLoop]: Abstraction has 256 states and 406 transitions.
[2026-07-04 08:23:56,672 INFO  L491      AbstractCegarLoop]: INTERPOLANT automaton has  has 3 states, 3 states have (on average 17.666666666666668) internal successors, (53), 3 states have internal predecessors, (53), 2 states have call successors, (6), 2 states have call predecessors, (6), 2 states have return successors, (5), 1 states have call predecessors, (5), 2 states have call successors, (5)
[2026-07-04 08:23:56,672 INFO  L278                IsEmpty]: Start isEmpty. Operand 256 states and 406 transitions.
[2026-07-04 08:23:56,672 INFO  L284                IsEmpty]: Finished isEmpty. Found accepting run of length 84
[2026-07-04 08:23:56,672 INFO  L199           NwaCegarLoop]: Found error trace
[2026-07-04 08:23:56,672 INFO  L207           NwaCegarLoop]: trace histogram [1, 1, 1, 1, 1, 1, 1, 1, 1, 1, 1, 1, 1, 1, 1, 1, 1, 1, 1, 1, 1, 1, 1, 1, 1, 1, 1, 1, 1, 1, 1, 1, 1, 1, 1, 1, 1, 1, 1, 1, 1, 1, 1, 1, 1, 1, 1, 1, 1, 1, 1, 1, 1, 1, 1, 1, 1, 1, 1, 1, 1, 1, 1, 1, 1, 1, 1, 1, 1, 1, 1, 1, 1, 1, 1, 1, 1, 1, 1, 1, 1, 1, 1]
[2026-07-04 08:23:56,685 INFO  L546       MonitoredProcess]: [MP /usr/bin/z3 SMTLIB2_COMPLIANT=true -memory:2024 -smt2 -in (14)] Ended with exit code 0
[2026-07-04 08:23:56,874 WARN  L471      AbstractCegarLoop]: Destroyed unattended storables created during the last iteration: 14 /usr/bin/z3 SMTLIB2_COMPLIANT=true -memory:2024 -smt2 -in
[2026-07-04 08:23:56,875 INFO  L408      AbstractCegarLoop]: === Iteration 14 === Targeting __wraparound_assertErr0ASSERT_VIOLATIONASSERT === [__wraparound_assertErr0ASSERT_VIOLATIONASSERT] ===
[2026-07-04 08:23:56,875 INFO  L156       PredicateUnifier]: Initialized classic predicate unifier
[2026-07-04 08:23:56,876 INFO  L85        PathProgramCache]: Analyzing trace with hash -1430800574, now seen corresponding path program 1 times
[2026-07-04 08:23:56,876 INFO  L118   FreeRefinementEngine]: Executing refinement strategy FIXED_PREFERENCES
[2026-07-04 08:23:56,876 INFO  L324   FreeRefinementEngine]: Using trace check IpTcStrategyModulePreferences [1034242690]
[2026-07-04 08:23:56,876 INFO  L97    rtionOrderModulation]: Keeping assertion order NOT_INCREMENTALLY
[2026-07-04 08:23:56,876 INFO  L173          SolverBuilder]: Constructing external solver with command: z3 SMTLIB2_COMPLIANT=true -memory:2024 -smt2 -in
[2026-07-04 08:23:56,877 INFO  L189       MonitoredProcess]: No working directory specified, using /usr/bin/z3
[2026-07-04 08:23:56,879 INFO  L229       MonitoredProcess]: Starting monitored process 15 with /usr/bin/z3 SMTLIB2_COMPLIANT=true -memory:2024 -smt2 -in (exit command is (exit), workingDir is null)
[2026-07-04 08:23:56,882 INFO  L327       MonitoredProcess]: [MP /usr/bin/z3 SMTLIB2_COMPLIANT=true -memory:2024 -smt2 -in (15)] Waiting until timeout for monitored process
[2026-07-04 08:23:56,964 INFO  L108    AnnotateAndAsserter]: Assert order NOT_INCREMENTALLY partitioned 83 statements into 1 equivalence classes.
[2026-07-04 08:23:57,007 INFO  L111    AnnotateAndAsserter]: Assert order NOT_INCREMENTALLY issued 1 check-sat command(s) and asserted 83 of 83 statements.
[2026-07-04 08:23:57,008 INFO  L114    AnnotateAndAsserter]: Assert order NOT_INCREMENTALLY issued 1 check-sat command(s)
[2026-07-04 08:23:57,008 INFO  L115    AnnotateAndAsserter]: Conjunction of SSA is unsat
[2026-07-04 08:23:57,010 INFO  L256         TraceCheckSpWp]: Trace formula consists of 363 conjuncts, 6 conjuncts are in the unsatisfiable core
[2026-07-04 08:23:57,012 INFO  L279         TraceCheckSpWp]: Computing forward predicates...
[2026-07-04 08:23:57,162 INFO  L134       CoverageAnalysis]: Checked inductivity of 0 backedges. 0 proven. 0 refuted. 0 times theorem prover too weak. 0 trivial. 0 not checked.
[2026-07-04 08:23:57,163 INFO  L312         TraceCheckSpWp]: Computing backward predicates...
[2026-07-04 08:23:57,490 INFO  L134       CoverageAnalysis]: Checked inductivity of 0 backedges. 0 proven. 0 refuted. 0 times theorem prover too weak. 0 trivial. 0 not checked.
[2026-07-04 08:23:57,490 INFO  L136   FreeRefinementEngine]: Strategy FIXED_PREFERENCES found an infeasible trace
[2026-07-04 08:23:57,490 INFO  L324   FreeRefinementEngine]: Using interpolant generator IpTcStrategyModulePreferences [1034242690]
[2026-07-04 08:23:57,490 INFO  L158   FreeRefinementEngine]: IpTcStrategyModulePreferences [1034242690] provided 2 perfect and 0 imperfect interpolant sequences
[2026-07-04 08:23:57,490 INFO  L185   FreeRefinementEngine]: Found 2 perfect and 0 imperfect interpolant sequences.
[2026-07-04 08:23:57,490 INFO  L198   FreeRefinementEngine]: Number of different interpolants: perfect sequences [6, 6] imperfect sequences [] total 9
[2026-07-04 08:23:57,490 INFO  L121   tionRefinementEngine]: Using interpolant automaton builder IpAbStrategyModuleStraightlineAll [1731965867]
[2026-07-04 08:23:57,490 INFO  L85    oduleStraightlineAll]: Using 2 perfect interpolants to construct interpolant automaton
[2026-07-04 08:23:57,490 INFO  L567      AbstractCegarLoop]: INTERPOLANT automaton has 9 states
[2026-07-04 08:23:57,491 INFO  L100   FreeRefinementEngine]: Using predicate unifier PredicateUnifier provided by strategy FIXED_PREFERENCES
[2026-07-04 08:23:57,491 INFO  L144   InterpolantAutomaton]: Constructing interpolant automaton starting with 9 interpolants.
[2026-07-04 08:23:57,491 INFO  L146   InterpolantAutomaton]: CoverageRelationStatistics Valid=21, Invalid=51, Unknown=0, NotChecked=0, Total=72
[2026-07-04 08:23:57,491 INFO  L87              Difference]: Start difference. First operand 256 states and 406 transitions. Second operand  has 9 states, 9 states have (on average 11.0) internal successors, (99), 9 states have internal predecessors, (99), 6 states have call successors, (13), 4 states have call predecessors, (13), 3 states have return successors, (12), 4 states have call predecessors, (12), 6 states have call successors, (12)
[2026-07-04 08:23:58,209 INFO  L144             Difference]: Subtrahend was deterministic. Have not used determinization.
[2026-07-04 08:23:58,209 INFO  L93              Difference]: Finished difference Result 339 states and 514 transitions.
[2026-07-04 08:23:58,209 INFO  L140   InterpolantAutomaton]: Switched to read-only mode: deterministic interpolant automaton has 6 states. 
[2026-07-04 08:23:58,209 INFO  L79                 Accepts]: Start accepts. Automaton has  has 9 states, 9 states have (on average 11.0) internal successors, (99), 9 states have internal predecessors, (99), 6 states have call successors, (13), 4 states have call predecessors, (13), 3 states have return successors, (12), 4 states have call predecessors, (12), 6 states have call successors, (12) Word has length 83
[2026-07-04 08:23:58,209 INFO  L85                 Accepts]: Finished accepts. some prefix is accepted.
[2026-07-04 08:23:58,210 INFO  L225             Difference]: With dead ends: 339
[2026-07-04 08:23:58,210 INFO  L226             Difference]: Without dead ends: 244
[2026-07-04 08:23:58,211 INFO  L425           NwaCegarLoop]: 0 DeclaredPredicates, 169 GetRequests, 159 SyntacticMatches, 0 SemanticMatches, 10 ConstructedPredicates, 0 IntricatePredicates, 0 DeprecatedPredicates, 4 ImplicationChecksByTransitivity, 0.1s TimeCoverageRelationStatistics Valid=44, Invalid=88, Unknown=0, NotChecked=0, Total=132
[2026-07-04 08:23:58,215 INFO  L426           NwaCegarLoop]: 279 mSDtfsCounter, 1057 mSDsluCounter, 281 mSDsCounter, 0 mSdLazyCounter, 279 mSolverCounterSat, 556 mSolverCounterUnsat, 0 mSolverCounterUnknown, 0 mSolverCounterNotChecked, 0.6s Time, 0 mProtectedPredicate, 0 mProtectedAction, 1058 SdHoareTripleChecker+Valid, 560 SdHoareTripleChecker+Invalid, 835 SdHoareTripleChecker+Unknown, 0 SdHoareTripleChecker+Unchecked, 0.0s SdHoareTripleChecker+Time, 556 IncrementalHoareTripleChecker+Valid, 279 IncrementalHoareTripleChecker+Invalid, 0 IncrementalHoareTripleChecker+Unknown, 0 IncrementalHoareTripleChecker+Unchecked, 0.7s IncrementalHoareTripleChecker+Time
[2026-07-04 08:23:58,215 INFO  L427           NwaCegarLoop]: SdHoareTripleChecker [1058 Valid, 560 Invalid, 835 Unknown, 0 Unchecked, 0.0s Time], IncrementalHoareTripleChecker [556 Valid, 279 Invalid, 0 Unknown, 0 Unchecked, 0.7s Time]
[2026-07-04 08:23:58,216 INFO  L82        GeneralOperation]: Start minimizeSevpa. Operand 244 states.
[2026-07-04 08:23:58,248 INFO  L88        GeneralOperation]: Finished minimizeSevpa. Reduced states from 244 to 239.
[2026-07-04 08:23:58,248 INFO  L82        GeneralOperation]: Start removeUnreachable. Operand  has 239 states, 169 states have (on average 1.4378698224852071) internal successors, (243), 226 states have internal predecessors, (243), 61 states have call successors, (61), 8 states have call predecessors, (61), 8 states have return successors, (61), 7 states have call predecessors, (61), 60 states have call successors, (61)
[2026-07-04 08:23:58,249 INFO  L88        GeneralOperation]: Finished removeUnreachable. Reduced from 239 states to 239 states and 365 transitions.
[2026-07-04 08:23:58,249 INFO  L79                 Accepts]: Start accepts. Automaton has 239 states and 365 transitions. Word has length 83
[2026-07-04 08:23:58,249 INFO  L85                 Accepts]: Finished accepts. word is rejected.
[2026-07-04 08:23:58,250 INFO  L490      AbstractCegarLoop]: Abstraction has 239 states and 365 transitions.
[2026-07-04 08:23:58,250 INFO  L491      AbstractCegarLoop]: INTERPOLANT automaton has  has 9 states, 9 states have (on average 11.0) internal successors, (99), 9 states have internal predecessors, (99), 6 states have call successors, (13), 4 states have call predecessors, (13), 3 states have return successors, (12), 4 states have call predecessors, (12), 6 states have call successors, (12)
[2026-07-04 08:23:58,250 INFO  L278                IsEmpty]: Start isEmpty. Operand 239 states and 365 transitions.
[2026-07-04 08:23:58,255 INFO  L284                IsEmpty]: Finished isEmpty. Found accepting run of length 94
[2026-07-04 08:23:58,255 INFO  L199           NwaCegarLoop]: Found error trace
[2026-07-04 08:23:58,256 INFO  L207           NwaCegarLoop]: trace histogram [1, 1, 1, 1, 1, 1, 1, 1, 1, 1, 1, 1, 1, 1, 1, 1, 1, 1, 1, 1, 1, 1, 1, 1, 1, 1, 1, 1, 1, 1, 1, 1, 1, 1, 1, 1, 1, 1, 1, 1, 1, 1, 1, 1, 1, 1, 1, 1, 1, 1, 1, 1, 1, 1, 1, 1, 1, 1, 1, 1, 1, 1, 1, 1, 1, 1, 1, 1, 1, 1, 1, 1, 1, 1, 1, 1, 1, 1, 1, 1, 1, 1, 1, 1, 1, 1, 1, 1, 1, 1, 1, 1, 1]
[2026-07-04 08:23:58,261 INFO  L546       MonitoredProcess]: [MP /usr/bin/z3 SMTLIB2_COMPLIANT=true -memory:2024 -smt2 -in (15)] Ended with exit code 0
[2026-07-04 08:23:58,456 WARN  L471      AbstractCegarLoop]: Destroyed unattended storables created during the last iteration: 15 /usr/bin/z3 SMTLIB2_COMPLIANT=true -memory:2024 -smt2 -in
[2026-07-04 08:23:58,456 INFO  L408      AbstractCegarLoop]: === Iteration 15 === Targeting __wraparound_assertErr0ASSERT_VIOLATIONASSERT === [__wraparound_assertErr0ASSERT_VIOLATIONASSERT] ===
[2026-07-04 08:23:58,457 INFO  L156       PredicateUnifier]: Initialized classic predicate unifier
[2026-07-04 08:23:58,457 INFO  L85        PathProgramCache]: Analyzing trace with hash 1741496674, now seen corresponding path program 1 times
[2026-07-04 08:23:58,457 INFO  L118   FreeRefinementEngine]: Executing refinement strategy FIXED_PREFERENCES
[2026-07-04 08:23:58,457 INFO  L324   FreeRefinementEngine]: Using trace check IpTcStrategyModulePreferences [54453564]
[2026-07-04 08:23:58,457 INFO  L97    rtionOrderModulation]: Keeping assertion order NOT_INCREMENTALLY
[2026-07-04 08:23:58,457 INFO  L173          SolverBuilder]: Constructing external solver with command: z3 SMTLIB2_COMPLIANT=true -memory:2024 -smt2 -in
[2026-07-04 08:23:58,458 INFO  L189       MonitoredProcess]: No working directory specified, using /usr/bin/z3
[2026-07-04 08:23:58,460 INFO  L229       MonitoredProcess]: Starting monitored process 16 with /usr/bin/z3 SMTLIB2_COMPLIANT=true -memory:2024 -smt2 -in (exit command is (exit), workingDir is null)
[2026-07-04 08:23:58,462 INFO  L327       MonitoredProcess]: [MP /usr/bin/z3 SMTLIB2_COMPLIANT=true -memory:2024 -smt2 -in (16)] Waiting until timeout for monitored process
[2026-07-04 08:23:58,536 INFO  L108    AnnotateAndAsserter]: Assert order NOT_INCREMENTALLY partitioned 93 statements into 1 equivalence classes.
[2026-07-04 08:23:58,570 INFO  L111    AnnotateAndAsserter]: Assert order NOT_INCREMENTALLY issued 1 check-sat command(s) and asserted 93 of 93 statements.
[2026-07-04 08:23:58,570 INFO  L114    AnnotateAndAsserter]: Assert order NOT_INCREMENTALLY issued 1 check-sat command(s)
[2026-07-04 08:23:58,570 INFO  L115    AnnotateAndAsserter]: Conjunction of SSA is unsat
[2026-07-04 08:23:58,577 INFO  L256         TraceCheckSpWp]: Trace formula consists of 367 conjuncts, 2 conjuncts are in the unsatisfiable core
[2026-07-04 08:23:58,577 INFO  L279         TraceCheckSpWp]: Computing forward predicates...
[2026-07-04 08:23:58,597 INFO  L134       CoverageAnalysis]: Checked inductivity of 0 backedges. 0 proven. 0 refuted. 0 times theorem prover too weak. 0 trivial. 0 not checked.
[2026-07-04 08:23:58,597 INFO  L312         TraceCheckSpWp]: Computing backward predicates...
[2026-07-04 08:23:58,644 INFO  L134       CoverageAnalysis]: Checked inductivity of 0 backedges. 0 proven. 0 refuted. 0 times theorem prover too weak. 0 trivial. 0 not checked.
[2026-07-04 08:23:58,644 INFO  L136   FreeRefinementEngine]: Strategy FIXED_PREFERENCES found an infeasible trace
[2026-07-04 08:23:58,644 INFO  L324   FreeRefinementEngine]: Using interpolant generator IpTcStrategyModulePreferences [54453564]
[2026-07-04 08:23:58,644 INFO  L158   FreeRefinementEngine]: IpTcStrategyModulePreferences [54453564] provided 2 perfect and 0 imperfect interpolant sequences
[2026-07-04 08:23:58,644 INFO  L185   FreeRefinementEngine]: Found 2 perfect and 0 imperfect interpolant sequences.
[2026-07-04 08:23:58,645 INFO  L198   FreeRefinementEngine]: Number of different interpolants: perfect sequences [3, 3] imperfect sequences [] total 3
[2026-07-04 08:23:58,645 INFO  L121   tionRefinementEngine]: Using interpolant automaton builder IpAbStrategyModuleStraightlineAll [1943618226]
[2026-07-04 08:23:58,645 INFO  L85    oduleStraightlineAll]: Using 2 perfect interpolants to construct interpolant automaton
[2026-07-04 08:23:58,645 INFO  L567      AbstractCegarLoop]: INTERPOLANT automaton has 3 states
[2026-07-04 08:23:58,645 INFO  L100   FreeRefinementEngine]: Using predicate unifier PredicateUnifier provided by strategy FIXED_PREFERENCES
[2026-07-04 08:23:58,645 INFO  L144   InterpolantAutomaton]: Constructing interpolant automaton starting with 3 interpolants.
[2026-07-04 08:23:58,645 INFO  L146   InterpolantAutomaton]: CoverageRelationStatistics Valid=3, Invalid=3, Unknown=0, NotChecked=0, Total=6
[2026-07-04 08:23:58,645 INFO  L87              Difference]: Start difference. First operand 239 states and 365 transitions. Second operand  has 3 states, 3 states have (on average 28.0) internal successors, (84), 3 states have internal predecessors, (84), 2 states have call successors, (9), 2 states have call predecessors, (9), 2 states have return successors, (8), 2 states have call predecessors, (8), 2 states have call successors, (8)
[2026-07-04 08:23:58,670 INFO  L144             Difference]: Subtrahend was deterministic. Have not used determinization.
[2026-07-04 08:23:58,670 INFO  L93              Difference]: Finished difference Result 317 states and 469 transitions.
[2026-07-04 08:23:58,670 INFO  L140   InterpolantAutomaton]: Switched to read-only mode: deterministic interpolant automaton has 3 states. 
[2026-07-04 08:23:58,670 INFO  L79                 Accepts]: Start accepts. Automaton has  has 3 states, 3 states have (on average 28.0) internal successors, (84), 3 states have internal predecessors, (84), 2 states have call successors, (9), 2 states have call predecessors, (9), 2 states have return successors, (8), 2 states have call predecessors, (8), 2 states have call successors, (8) Word has length 93
[2026-07-04 08:23:58,670 INFO  L85                 Accepts]: Finished accepts. some prefix is accepted.
[2026-07-04 08:23:58,671 INFO  L225             Difference]: With dead ends: 317
[2026-07-04 08:23:58,671 INFO  L226             Difference]: Without dead ends: 239
[2026-07-04 08:23:58,672 INFO  L425           NwaCegarLoop]: 0 DeclaredPredicates, 184 GetRequests, 183 SyntacticMatches, 0 SemanticMatches, 1 ConstructedPredicates, 0 IntricatePredicates, 0 DeprecatedPredicates, 0 ImplicationChecksByTransitivity, 0.0s TimeCoverageRelationStatistics Valid=3, Invalid=3, Unknown=0, NotChecked=0, Total=6
[2026-07-04 08:23:58,673 INFO  L426           NwaCegarLoop]: 341 mSDtfsCounter, 84 mSDsluCounter, 244 mSDsCounter, 0 mSdLazyCounter, 1 mSolverCounterSat, 0 mSolverCounterUnsat, 0 mSolverCounterUnknown, 0 mSolverCounterNotChecked, 0.0s Time, 0 mProtectedPredicate, 0 mProtectedAction, 84 SdHoareTripleChecker+Valid, 585 SdHoareTripleChecker+Invalid, 1 SdHoareTripleChecker+Unknown, 0 SdHoareTripleChecker+Unchecked, 0.0s SdHoareTripleChecker+Time, 0 IncrementalHoareTripleChecker+Valid, 1 IncrementalHoareTripleChecker+Invalid, 0 IncrementalHoareTripleChecker+Unknown, 0 IncrementalHoareTripleChecker+Unchecked, 0.0s IncrementalHoareTripleChecker+Time
[2026-07-04 08:23:58,679 INFO  L427           NwaCegarLoop]: SdHoareTripleChecker [84 Valid, 585 Invalid, 1 Unknown, 0 Unchecked, 0.0s Time], IncrementalHoareTripleChecker [0 Valid, 1 Invalid, 0 Unknown, 0 Unchecked, 0.0s Time]
[2026-07-04 08:23:58,679 INFO  L82        GeneralOperation]: Start minimizeSevpa. Operand 239 states.
[2026-07-04 08:23:58,700 INFO  L88        GeneralOperation]: Finished minimizeSevpa. Reduced states from 239 to 239.
[2026-07-04 08:23:58,700 INFO  L82        GeneralOperation]: Start removeUnreachable. Operand  has 239 states, 169 states have (on average 1.4319526627218935) internal successors, (242), 226 states have internal predecessors, (242), 61 states have call successors, (61), 8 states have call predecessors, (61), 8 states have return successors, (61), 7 states have call predecessors, (61), 60 states have call successors, (61)
[2026-07-04 08:23:58,701 INFO  L88        GeneralOperation]: Finished removeUnreachable. Reduced from 239 states to 239 states and 364 transitions.
[2026-07-04 08:23:58,701 INFO  L79                 Accepts]: Start accepts. Automaton has 239 states and 364 transitions. Word has length 93
[2026-07-04 08:23:58,701 INFO  L85                 Accepts]: Finished accepts. word is rejected.
[2026-07-04 08:23:58,701 INFO  L490      AbstractCegarLoop]: Abstraction has 239 states and 364 transitions.
[2026-07-04 08:23:58,701 INFO  L491      AbstractCegarLoop]: INTERPOLANT automaton has  has 3 states, 3 states have (on average 28.0) internal successors, (84), 3 states have internal predecessors, (84), 2 states have call successors, (9), 2 states have call predecessors, (9), 2 states have return successors, (8), 2 states have call predecessors, (8), 2 states have call successors, (8)
[2026-07-04 08:23:58,701 INFO  L278                IsEmpty]: Start isEmpty. Operand 239 states and 364 transitions.
[2026-07-04 08:23:58,702 INFO  L284                IsEmpty]: Finished isEmpty. Found accepting run of length 95
[2026-07-04 08:23:58,702 INFO  L199           NwaCegarLoop]: Found error trace
[2026-07-04 08:23:58,702 INFO  L207           NwaCegarLoop]: trace histogram [1, 1, 1, 1, 1, 1, 1, 1, 1, 1, 1, 1, 1, 1, 1, 1, 1, 1, 1, 1, 1, 1, 1, 1, 1, 1, 1, 1, 1, 1, 1, 1, 1, 1, 1, 1, 1, 1, 1, 1, 1, 1, 1, 1, 1, 1, 1, 1, 1, 1, 1, 1, 1, 1, 1, 1, 1, 1, 1, 1, 1, 1, 1, 1, 1, 1, 1, 1, 1, 1, 1, 1, 1, 1, 1, 1, 1, 1, 1, 1, 1, 1, 1, 1, 1, 1, 1, 1, 1, 1, 1, 1, 1, 1]
[2026-07-04 08:23:58,711 INFO  L546       MonitoredProcess]: [MP /usr/bin/z3 SMTLIB2_COMPLIANT=true -memory:2024 -smt2 -in (16)] Ended with exit code 0
[2026-07-04 08:23:58,903 WARN  L471      AbstractCegarLoop]: Destroyed unattended storables created during the last iteration: 16 /usr/bin/z3 SMTLIB2_COMPLIANT=true -memory:2024 -smt2 -in
[2026-07-04 08:23:58,903 INFO  L408      AbstractCegarLoop]: === Iteration 16 === Targeting __wraparound_assertErr0ASSERT_VIOLATIONASSERT === [__wraparound_assertErr0ASSERT_VIOLATIONASSERT] ===
[2026-07-04 08:23:58,903 INFO  L156       PredicateUnifier]: Initialized classic predicate unifier
[2026-07-04 08:23:58,903 INFO  L85        PathProgramCache]: Analyzing trace with hash -1385454796, now seen corresponding path program 1 times
[2026-07-04 08:23:58,903 INFO  L118   FreeRefinementEngine]: Executing refinement strategy FIXED_PREFERENCES
[2026-07-04 08:23:58,904 INFO  L324   FreeRefinementEngine]: Using trace check IpTcStrategyModulePreferences [1999799525]
[2026-07-04 08:23:58,904 INFO  L97    rtionOrderModulation]: Keeping assertion order NOT_INCREMENTALLY
[2026-07-04 08:23:58,904 INFO  L173          SolverBuilder]: Constructing external solver with command: z3 SMTLIB2_COMPLIANT=true -memory:2024 -smt2 -in
[2026-07-04 08:23:58,905 INFO  L189       MonitoredProcess]: No working directory specified, using /usr/bin/z3
[2026-07-04 08:23:58,908 INFO  L229       MonitoredProcess]: Starting monitored process 17 with /usr/bin/z3 SMTLIB2_COMPLIANT=true -memory:2024 -smt2 -in (exit command is (exit), workingDir is null)
[2026-07-04 08:23:58,911 INFO  L327       MonitoredProcess]: [MP /usr/bin/z3 SMTLIB2_COMPLIANT=true -memory:2024 -smt2 -in (17)] Waiting until timeout for monitored process
[2026-07-04 08:23:58,971 INFO  L108    AnnotateAndAsserter]: Assert order NOT_INCREMENTALLY partitioned 94 statements into 1 equivalence classes.
[2026-07-04 08:23:59,007 INFO  L111    AnnotateAndAsserter]: Assert order NOT_INCREMENTALLY issued 1 check-sat command(s) and asserted 94 of 94 statements.
[2026-07-04 08:23:59,007 INFO  L114    AnnotateAndAsserter]: Assert order NOT_INCREMENTALLY issued 1 check-sat command(s)
[2026-07-04 08:23:59,007 INFO  L115    AnnotateAndAsserter]: Conjunction of SSA is unsat
[2026-07-04 08:23:59,009 INFO  L256         TraceCheckSpWp]: Trace formula consists of 369 conjuncts, 12 conjuncts are in the unsatisfiable core
[2026-07-04 08:23:59,010 INFO  L279         TraceCheckSpWp]: Computing forward predicates...
[2026-07-04 08:23:59,159 INFO  L134       CoverageAnalysis]: Checked inductivity of 0 backedges. 0 proven. 0 refuted. 0 times theorem prover too weak. 0 trivial. 0 not checked.
[2026-07-04 08:23:59,159 INFO  L312         TraceCheckSpWp]: Computing backward predicates...
[2026-07-04 08:23:59,515 INFO  L134       CoverageAnalysis]: Checked inductivity of 0 backedges. 0 proven. 0 refuted. 0 times theorem prover too weak. 0 trivial. 0 not checked.
[2026-07-04 08:23:59,515 INFO  L136   FreeRefinementEngine]: Strategy FIXED_PREFERENCES found an infeasible trace
[2026-07-04 08:23:59,515 INFO  L324   FreeRefinementEngine]: Using interpolant generator IpTcStrategyModulePreferences [1999799525]
[2026-07-04 08:23:59,515 INFO  L158   FreeRefinementEngine]: IpTcStrategyModulePreferences [1999799525] provided 2 perfect and 0 imperfect interpolant sequences
[2026-07-04 08:23:59,515 INFO  L185   FreeRefinementEngine]: Found 2 perfect and 0 imperfect interpolant sequences.
[2026-07-04 08:23:59,515 INFO  L198   FreeRefinementEngine]: Number of different interpolants: perfect sequences [7, 6] imperfect sequences [] total 11
[2026-07-04 08:23:59,515 INFO  L121   tionRefinementEngine]: Using interpolant automaton builder IpAbStrategyModuleStraightlineAll [1889015043]
[2026-07-04 08:23:59,515 INFO  L85    oduleStraightlineAll]: Using 2 perfect interpolants to construct interpolant automaton
[2026-07-04 08:23:59,515 INFO  L567      AbstractCegarLoop]: INTERPOLANT automaton has 11 states
[2026-07-04 08:23:59,515 INFO  L100   FreeRefinementEngine]: Using predicate unifier PredicateUnifier provided by strategy FIXED_PREFERENCES
[2026-07-04 08:23:59,516 INFO  L144   InterpolantAutomaton]: Constructing interpolant automaton starting with 11 interpolants.
[2026-07-04 08:23:59,516 INFO  L146   InterpolantAutomaton]: CoverageRelationStatistics Valid=29, Invalid=81, Unknown=0, NotChecked=0, Total=110
[2026-07-04 08:23:59,516 INFO  L87              Difference]: Start difference. First operand 239 states and 364 transitions. Second operand  has 11 states, 11 states have (on average 12.818181818181818) internal successors, (141), 11 states have internal predecessors, (141), 7 states have call successors, (13), 5 states have call predecessors, (13), 5 states have return successors, (12), 5 states have call predecessors, (12), 7 states have call successors, (12)
[2026-07-04 08:24:01,888 INFO  L144             Difference]: Subtrahend was deterministic. Have not used determinization.
[2026-07-04 08:24:01,888 INFO  L93              Difference]: Finished difference Result 774 states and 1130 transitions.
[2026-07-04 08:24:01,888 INFO  L140   InterpolantAutomaton]: Switched to read-only mode: deterministic interpolant automaton has 12 states. 
[2026-07-04 08:24:01,888 INFO  L79                 Accepts]: Start accepts. Automaton has  has 11 states, 11 states have (on average 12.818181818181818) internal successors, (141), 11 states have internal predecessors, (141), 7 states have call successors, (13), 5 states have call predecessors, (13), 5 states have return successors, (12), 5 states have call predecessors, (12), 7 states have call successors, (12) Word has length 94
[2026-07-04 08:24:01,888 INFO  L85                 Accepts]: Finished accepts. some prefix is accepted.
[2026-07-04 08:24:01,890 INFO  L225             Difference]: With dead ends: 774
[2026-07-04 08:24:01,890 INFO  L226             Difference]: Without dead ends: 559
[2026-07-04 08:24:01,891 INFO  L425           NwaCegarLoop]: 0 DeclaredPredicates, 198 GetRequests, 181 SyntacticMatches, 0 SemanticMatches, 17 ConstructedPredicates, 0 IntricatePredicates, 0 DeprecatedPredicates, 39 ImplicationChecksByTransitivity, 0.1s TimeCoverageRelationStatistics Valid=93, Invalid=249, Unknown=0, NotChecked=0, Total=342
[2026-07-04 08:24:01,895 INFO  L426           NwaCegarLoop]: 176 mSDtfsCounter, 1333 mSDsluCounter, 603 mSDsCounter, 0 mSdLazyCounter, 1865 mSolverCounterSat, 516 mSolverCounterUnsat, 0 mSolverCounterUnknown, 0 mSolverCounterNotChecked, 1.9s Time, 0 mProtectedPredicate, 0 mProtectedAction, 1333 SdHoareTripleChecker+Valid, 779 SdHoareTripleChecker+Invalid, 2381 SdHoareTripleChecker+Unknown, 0 SdHoareTripleChecker+Unchecked, 0.0s SdHoareTripleChecker+Time, 516 IncrementalHoareTripleChecker+Valid, 1865 IncrementalHoareTripleChecker+Invalid, 0 IncrementalHoareTripleChecker+Unknown, 0 IncrementalHoareTripleChecker+Unchecked, 2.2s IncrementalHoareTripleChecker+Time
[2026-07-04 08:24:01,896 INFO  L427           NwaCegarLoop]: SdHoareTripleChecker [1333 Valid, 779 Invalid, 2381 Unknown, 0 Unchecked, 0.0s Time], IncrementalHoareTripleChecker [516 Valid, 1865 Invalid, 0 Unknown, 0 Unchecked, 2.2s Time]
[2026-07-04 08:24:01,896 INFO  L82        GeneralOperation]: Start minimizeSevpa. Operand 559 states.
[2026-07-04 08:24:01,943 INFO  L88        GeneralOperation]: Finished minimizeSevpa. Reduced states from 559 to 458.
[2026-07-04 08:24:01,944 INFO  L82        GeneralOperation]: Start removeUnreachable. Operand  has 458 states, 376 states have (on average 1.2234042553191489) internal successors, (460), 435 states have internal predecessors, (460), 65 states have call successors, (65), 16 states have call predecessors, (65), 16 states have return successors, (65), 13 states have call predecessors, (65), 64 states have call successors, (65)
[2026-07-04 08:24:01,945 INFO  L88        GeneralOperation]: Finished removeUnreachable. Reduced from 458 states to 458 states and 590 transitions.
[2026-07-04 08:24:01,945 INFO  L79                 Accepts]: Start accepts. Automaton has 458 states and 590 transitions. Word has length 94
[2026-07-04 08:24:01,945 INFO  L85                 Accepts]: Finished accepts. word is rejected.
[2026-07-04 08:24:01,945 INFO  L490      AbstractCegarLoop]: Abstraction has 458 states and 590 transitions.
[2026-07-04 08:24:01,945 INFO  L491      AbstractCegarLoop]: INTERPOLANT automaton has  has 11 states, 11 states have (on average 12.818181818181818) internal successors, (141), 11 states have internal predecessors, (141), 7 states have call successors, (13), 5 states have call predecessors, (13), 5 states have return successors, (12), 5 states have call predecessors, (12), 7 states have call successors, (12)
[2026-07-04 08:24:01,945 INFO  L278                IsEmpty]: Start isEmpty. Operand 458 states and 590 transitions.
[2026-07-04 08:24:01,946 INFO  L284                IsEmpty]: Finished isEmpty. Found accepting run of length 100
[2026-07-04 08:24:01,946 INFO  L199           NwaCegarLoop]: Found error trace
[2026-07-04 08:24:01,946 INFO  L207           NwaCegarLoop]: trace histogram [1, 1, 1, 1, 1, 1, 1, 1, 1, 1, 1, 1, 1, 1, 1, 1, 1, 1, 1, 1, 1, 1, 1, 1, 1, 1, 1, 1, 1, 1, 1, 1, 1, 1, 1, 1, 1, 1, 1, 1, 1, 1, 1, 1, 1, 1, 1, 1, 1, 1, 1, 1, 1, 1, 1, 1, 1, 1, 1, 1, 1, 1, 1, 1, 1, 1, 1, 1, 1, 1, 1, 1, 1, 1, 1, 1, 1, 1, 1, 1, 1, 1, 1, 1, 1, 1, 1, 1, 1, 1, 1, 1, 1, 1, 1, 1, 1, 1, 1]
[2026-07-04 08:24:01,961 INFO  L546       MonitoredProcess]: [MP /usr/bin/z3 SMTLIB2_COMPLIANT=true -memory:2024 -smt2 -in (17)] Ended with exit code 0
[2026-07-04 08:24:02,152 WARN  L471      AbstractCegarLoop]: Destroyed unattended storables created during the last iteration: 17 /usr/bin/z3 SMTLIB2_COMPLIANT=true -memory:2024 -smt2 -in
[2026-07-04 08:24:02,152 INFO  L408      AbstractCegarLoop]: === Iteration 17 === Targeting __wraparound_assertErr0ASSERT_VIOLATIONASSERT === [__wraparound_assertErr0ASSERT_VIOLATIONASSERT] ===
[2026-07-04 08:24:02,152 INFO  L156       PredicateUnifier]: Initialized classic predicate unifier
[2026-07-04 08:24:02,153 INFO  L85        PathProgramCache]: Analyzing trace with hash 599031122, now seen corresponding path program 1 times
[2026-07-04 08:24:02,153 INFO  L118   FreeRefinementEngine]: Executing refinement strategy FIXED_PREFERENCES
[2026-07-04 08:24:02,153 INFO  L324   FreeRefinementEngine]: Using trace check IpTcStrategyModulePreferences [912914301]
[2026-07-04 08:24:02,153 INFO  L97    rtionOrderModulation]: Keeping assertion order NOT_INCREMENTALLY
[2026-07-04 08:24:02,153 INFO  L173          SolverBuilder]: Constructing external solver with command: z3 SMTLIB2_COMPLIANT=true -memory:2024 -smt2 -in
[2026-07-04 08:24:02,155 INFO  L189       MonitoredProcess]: No working directory specified, using /usr/bin/z3
[2026-07-04 08:24:02,158 INFO  L229       MonitoredProcess]: Starting monitored process 18 with /usr/bin/z3 SMTLIB2_COMPLIANT=true -memory:2024 -smt2 -in (exit command is (exit), workingDir is null)
[2026-07-04 08:24:02,160 INFO  L327       MonitoredProcess]: [MP /usr/bin/z3 SMTLIB2_COMPLIANT=true -memory:2024 -smt2 -in (18)] Waiting until timeout for monitored process
[2026-07-04 08:24:02,263 INFO  L108    AnnotateAndAsserter]: Assert order NOT_INCREMENTALLY partitioned 99 statements into 1 equivalence classes.
[2026-07-04 08:24:02,309 INFO  L111    AnnotateAndAsserter]: Assert order NOT_INCREMENTALLY issued 1 check-sat command(s) and asserted 99 of 99 statements.
[2026-07-04 08:24:02,309 INFO  L114    AnnotateAndAsserter]: Assert order NOT_INCREMENTALLY issued 1 check-sat command(s)
[2026-07-04 08:24:02,309 INFO  L115    AnnotateAndAsserter]: Conjunction of SSA is unsat
[2026-07-04 08:24:02,311 INFO  L256         TraceCheckSpWp]: Trace formula consists of 368 conjuncts, 2 conjuncts are in the unsatisfiable core
[2026-07-04 08:24:02,312 INFO  L279         TraceCheckSpWp]: Computing forward predicates...
[2026-07-04 08:24:02,328 INFO  L134       CoverageAnalysis]: Checked inductivity of 0 backedges. 0 proven. 0 refuted. 0 times theorem prover too weak. 0 trivial. 0 not checked.
[2026-07-04 08:24:02,335 INFO  L312         TraceCheckSpWp]: Computing backward predicates...
[2026-07-04 08:24:02,393 INFO  L134       CoverageAnalysis]: Checked inductivity of 0 backedges. 0 proven. 0 refuted. 0 times theorem prover too weak. 0 trivial. 0 not checked.
[2026-07-04 08:24:02,393 INFO  L136   FreeRefinementEngine]: Strategy FIXED_PREFERENCES found an infeasible trace
[2026-07-04 08:24:02,393 INFO  L324   FreeRefinementEngine]: Using interpolant generator IpTcStrategyModulePreferences [912914301]
[2026-07-04 08:24:02,393 INFO  L158   FreeRefinementEngine]: IpTcStrategyModulePreferences [912914301] provided 2 perfect and 0 imperfect interpolant sequences
[2026-07-04 08:24:02,393 INFO  L185   FreeRefinementEngine]: Found 2 perfect and 0 imperfect interpolant sequences.
[2026-07-04 08:24:02,393 INFO  L198   FreeRefinementEngine]: Number of different interpolants: perfect sequences [3, 3] imperfect sequences [] total 3
[2026-07-04 08:24:02,393 INFO  L121   tionRefinementEngine]: Using interpolant automaton builder IpAbStrategyModuleStraightlineAll [131983094]
[2026-07-04 08:24:02,393 INFO  L85    oduleStraightlineAll]: Using 2 perfect interpolants to construct interpolant automaton
[2026-07-04 08:24:02,394 INFO  L567      AbstractCegarLoop]: INTERPOLANT automaton has 3 states
[2026-07-04 08:24:02,394 INFO  L100   FreeRefinementEngine]: Using predicate unifier PredicateUnifier provided by strategy FIXED_PREFERENCES
[2026-07-04 08:24:02,394 INFO  L144   InterpolantAutomaton]: Constructing interpolant automaton starting with 3 interpolants.
[2026-07-04 08:24:02,394 INFO  L146   InterpolantAutomaton]: CoverageRelationStatistics Valid=3, Invalid=3, Unknown=0, NotChecked=0, Total=6
[2026-07-04 08:24:02,394 INFO  L87              Difference]: Start difference. First operand 458 states and 590 transitions. Second operand  has 3 states, 3 states have (on average 30.0) internal successors, (90), 3 states have internal predecessors, (90), 2 states have call successors, (9), 2 states have call predecessors, (9), 2 states have return successors, (8), 2 states have call predecessors, (8), 2 states have call successors, (8)
[2026-07-04 08:24:02,482 INFO  L144             Difference]: Subtrahend was deterministic. Have not used determinization.
[2026-07-04 08:24:02,482 INFO  L93              Difference]: Finished difference Result 598 states and 759 transitions.
[2026-07-04 08:24:02,483 INFO  L140   InterpolantAutomaton]: Switched to read-only mode: deterministic interpolant automaton has 3 states. 
[2026-07-04 08:24:02,483 INFO  L79                 Accepts]: Start accepts. Automaton has  has 3 states, 3 states have (on average 30.0) internal successors, (90), 3 states have internal predecessors, (90), 2 states have call successors, (9), 2 states have call predecessors, (9), 2 states have return successors, (8), 2 states have call predecessors, (8), 2 states have call successors, (8) Word has length 99
[2026-07-04 08:24:02,483 INFO  L85                 Accepts]: Finished accepts. some prefix is accepted.
[2026-07-04 08:24:02,485 INFO  L225             Difference]: With dead ends: 598
[2026-07-04 08:24:02,485 INFO  L226             Difference]: Without dead ends: 505
[2026-07-04 08:24:02,485 INFO  L425           NwaCegarLoop]: 0 DeclaredPredicates, 196 GetRequests, 195 SyntacticMatches, 0 SemanticMatches, 1 ConstructedPredicates, 0 IntricatePredicates, 0 DeprecatedPredicates, 0 ImplicationChecksByTransitivity, 0.0s TimeCoverageRelationStatistics Valid=3, Invalid=3, Unknown=0, NotChecked=0, Total=6
[2026-07-04 08:24:02,485 INFO  L426           NwaCegarLoop]: 405 mSDtfsCounter, 97 mSDsluCounter, 301 mSDsCounter, 0 mSdLazyCounter, 5 mSolverCounterSat, 0 mSolverCounterUnsat, 0 mSolverCounterUnknown, 0 mSolverCounterNotChecked, 0.0s Time, 0 mProtectedPredicate, 0 mProtectedAction, 97 SdHoareTripleChecker+Valid, 706 SdHoareTripleChecker+Invalid, 5 SdHoareTripleChecker+Unknown, 0 SdHoareTripleChecker+Unchecked, 0.0s SdHoareTripleChecker+Time, 0 IncrementalHoareTripleChecker+Valid, 5 IncrementalHoareTripleChecker+Invalid, 0 IncrementalHoareTripleChecker+Unknown, 0 IncrementalHoareTripleChecker+Unchecked, 0.0s IncrementalHoareTripleChecker+Time
[2026-07-04 08:24:02,485 INFO  L427           NwaCegarLoop]: SdHoareTripleChecker [97 Valid, 706 Invalid, 5 Unknown, 0 Unchecked, 0.0s Time], IncrementalHoareTripleChecker [0 Valid, 5 Invalid, 0 Unknown, 0 Unchecked, 0.0s Time]
[2026-07-04 08:24:02,492 INFO  L82        GeneralOperation]: Start minimizeSevpa. Operand 505 states.
[2026-07-04 08:24:02,535 INFO  L88        GeneralOperation]: Finished minimizeSevpa. Reduced states from 505 to 458.
[2026-07-04 08:24:02,536 INFO  L82        GeneralOperation]: Start removeUnreachable. Operand  has 458 states, 376 states have (on average 1.2207446808510638) internal successors, (459), 435 states have internal predecessors, (459), 65 states have call successors, (65), 16 states have call predecessors, (65), 16 states have return successors, (65), 13 states have call predecessors, (65), 64 states have call successors, (65)
[2026-07-04 08:24:02,544 INFO  L88        GeneralOperation]: Finished removeUnreachable. Reduced from 458 states to 458 states and 589 transitions.
[2026-07-04 08:24:02,544 INFO  L79                 Accepts]: Start accepts. Automaton has 458 states and 589 transitions. Word has length 99
[2026-07-04 08:24:02,544 INFO  L85                 Accepts]: Finished accepts. word is rejected.
[2026-07-04 08:24:02,544 INFO  L490      AbstractCegarLoop]: Abstraction has 458 states and 589 transitions.
[2026-07-04 08:24:02,544 INFO  L491      AbstractCegarLoop]: INTERPOLANT automaton has  has 3 states, 3 states have (on average 30.0) internal successors, (90), 3 states have internal predecessors, (90), 2 states have call successors, (9), 2 states have call predecessors, (9), 2 states have return successors, (8), 2 states have call predecessors, (8), 2 states have call successors, (8)
[2026-07-04 08:24:02,544 INFO  L278                IsEmpty]: Start isEmpty. Operand 458 states and 589 transitions.
[2026-07-04 08:24:02,545 INFO  L284                IsEmpty]: Finished isEmpty. Found accepting run of length 100
[2026-07-04 08:24:02,545 INFO  L199           NwaCegarLoop]: Found error trace
[2026-07-04 08:24:02,545 INFO  L207           NwaCegarLoop]: trace histogram [1, 1, 1, 1, 1, 1, 1, 1, 1, 1, 1, 1, 1, 1, 1, 1, 1, 1, 1, 1, 1, 1, 1, 1, 1, 1, 1, 1, 1, 1, 1, 1, 1, 1, 1, 1, 1, 1, 1, 1, 1, 1, 1, 1, 1, 1, 1, 1, 1, 1, 1, 1, 1, 1, 1, 1, 1, 1, 1, 1, 1, 1, 1, 1, 1, 1, 1, 1, 1, 1, 1, 1, 1, 1, 1, 1, 1, 1, 1, 1, 1, 1, 1, 1, 1, 1, 1, 1, 1, 1, 1, 1, 1, 1, 1, 1, 1, 1, 1]
[2026-07-04 08:24:02,561 INFO  L546       MonitoredProcess]: [MP /usr/bin/z3 SMTLIB2_COMPLIANT=true -memory:2024 -smt2 -in (18)] Ended with exit code 0
[2026-07-04 08:24:02,751 WARN  L471      AbstractCegarLoop]: Destroyed unattended storables created during the last iteration: 18 /usr/bin/z3 SMTLIB2_COMPLIANT=true -memory:2024 -smt2 -in
[2026-07-04 08:24:02,752 INFO  L408      AbstractCegarLoop]: === Iteration 18 === Targeting __wraparound_assertErr0ASSERT_VIOLATIONASSERT === [__wraparound_assertErr0ASSERT_VIOLATIONASSERT] ===
[2026-07-04 08:24:02,752 INFO  L156       PredicateUnifier]: Initialized classic predicate unifier
[2026-07-04 08:24:02,752 INFO  L85        PathProgramCache]: Analyzing trace with hash 944073082, now seen corresponding path program 1 times
[2026-07-04 08:24:02,752 INFO  L118   FreeRefinementEngine]: Executing refinement strategy FIXED_PREFERENCES
[2026-07-04 08:24:02,752 INFO  L324   FreeRefinementEngine]: Using trace check IpTcStrategyModulePreferences [794870767]
[2026-07-04 08:24:02,752 INFO  L97    rtionOrderModulation]: Keeping assertion order NOT_INCREMENTALLY
[2026-07-04 08:24:02,752 INFO  L173          SolverBuilder]: Constructing external solver with command: z3 SMTLIB2_COMPLIANT=true -memory:2024 -smt2 -in
[2026-07-04 08:24:02,754 INFO  L189       MonitoredProcess]: No working directory specified, using /usr/bin/z3
[2026-07-04 08:24:02,757 INFO  L229       MonitoredProcess]: Starting monitored process 19 with /usr/bin/z3 SMTLIB2_COMPLIANT=true -memory:2024 -smt2 -in (exit command is (exit), workingDir is null)
[2026-07-04 08:24:02,760 INFO  L327       MonitoredProcess]: [MP /usr/bin/z3 SMTLIB2_COMPLIANT=true -memory:2024 -smt2 -in (19)] Waiting until timeout for monitored process
[2026-07-04 08:24:02,864 INFO  L108    AnnotateAndAsserter]: Assert order NOT_INCREMENTALLY partitioned 99 statements into 1 equivalence classes.
[2026-07-04 08:24:02,910 INFO  L111    AnnotateAndAsserter]: Assert order NOT_INCREMENTALLY issued 1 check-sat command(s) and asserted 99 of 99 statements.
[2026-07-04 08:24:02,911 INFO  L114    AnnotateAndAsserter]: Assert order NOT_INCREMENTALLY issued 1 check-sat command(s)
[2026-07-04 08:24:02,911 INFO  L115    AnnotateAndAsserter]: Conjunction of SSA is unsat
[2026-07-04 08:24:02,913 INFO  L256         TraceCheckSpWp]: Trace formula consists of 387 conjuncts, 6 conjuncts are in the unsatisfiable core
[2026-07-04 08:24:02,914 INFO  L279         TraceCheckSpWp]: Computing forward predicates...
[2026-07-04 08:24:03,054 INFO  L134       CoverageAnalysis]: Checked inductivity of 0 backedges. 0 proven. 0 refuted. 0 times theorem prover too weak. 0 trivial. 0 not checked.
[2026-07-04 08:24:03,054 INFO  L312         TraceCheckSpWp]: Computing backward predicates...
[2026-07-04 08:24:03,301 INFO  L134       CoverageAnalysis]: Checked inductivity of 0 backedges. 0 proven. 0 refuted. 0 times theorem prover too weak. 0 trivial. 0 not checked.
[2026-07-04 08:24:03,301 INFO  L136   FreeRefinementEngine]: Strategy FIXED_PREFERENCES found an infeasible trace
[2026-07-04 08:24:03,301 INFO  L324   FreeRefinementEngine]: Using interpolant generator IpTcStrategyModulePreferences [794870767]
[2026-07-04 08:24:03,301 INFO  L158   FreeRefinementEngine]: IpTcStrategyModulePreferences [794870767] provided 2 perfect and 0 imperfect interpolant sequences
[2026-07-04 08:24:03,301 INFO  L185   FreeRefinementEngine]: Found 2 perfect and 0 imperfect interpolant sequences.
[2026-07-04 08:24:03,301 INFO  L198   FreeRefinementEngine]: Number of different interpolants: perfect sequences [6, 6] imperfect sequences [] total 9
[2026-07-04 08:24:03,302 INFO  L121   tionRefinementEngine]: Using interpolant automaton builder IpAbStrategyModuleStraightlineAll [2085882511]
[2026-07-04 08:24:03,302 INFO  L85    oduleStraightlineAll]: Using 2 perfect interpolants to construct interpolant automaton
[2026-07-04 08:24:03,302 INFO  L567      AbstractCegarLoop]: INTERPOLANT automaton has 9 states
[2026-07-04 08:24:03,302 INFO  L100   FreeRefinementEngine]: Using predicate unifier PredicateUnifier provided by strategy FIXED_PREFERENCES
[2026-07-04 08:24:03,302 INFO  L144   InterpolantAutomaton]: Constructing interpolant automaton starting with 9 interpolants.
[2026-07-04 08:24:03,302 INFO  L146   InterpolantAutomaton]: CoverageRelationStatistics Valid=21, Invalid=51, Unknown=0, NotChecked=0, Total=72
[2026-07-04 08:24:03,303 INFO  L87              Difference]: Start difference. First operand 458 states and 589 transitions. Second operand  has 9 states, 9 states have (on average 11.88888888888889) internal successors, (107), 9 states have internal predecessors, (107), 4 states have call successors, (9), 4 states have call predecessors, (9), 3 states have return successors, (8), 2 states have call predecessors, (8), 4 states have call successors, (8)
[2026-07-04 08:24:04,179 INFO  L144             Difference]: Subtrahend was deterministic. Have not used determinization.
[2026-07-04 08:24:04,179 INFO  L93              Difference]: Finished difference Result 613 states and 785 transitions.
[2026-07-04 08:24:04,179 INFO  L140   InterpolantAutomaton]: Switched to read-only mode: deterministic interpolant automaton has 10 states. 
[2026-07-04 08:24:04,179 INFO  L79                 Accepts]: Start accepts. Automaton has  has 9 states, 9 states have (on average 11.88888888888889) internal successors, (107), 9 states have internal predecessors, (107), 4 states have call successors, (9), 4 states have call predecessors, (9), 3 states have return successors, (8), 2 states have call predecessors, (8), 4 states have call successors, (8) Word has length 99
[2026-07-04 08:24:04,179 INFO  L85                 Accepts]: Finished accepts. some prefix is accepted.
[2026-07-04 08:24:04,188 INFO  L225             Difference]: With dead ends: 613
[2026-07-04 08:24:04,188 INFO  L226             Difference]: Without dead ends: 306
[2026-07-04 08:24:04,189 INFO  L425           NwaCegarLoop]: 0 DeclaredPredicates, 205 GetRequests, 192 SyntacticMatches, 0 SemanticMatches, 13 ConstructedPredicates, 0 IntricatePredicates, 0 DeprecatedPredicates, 9 ImplicationChecksByTransitivity, 0.1s TimeCoverageRelationStatistics Valid=72, Invalid=138, Unknown=0, NotChecked=0, Total=210
[2026-07-04 08:24:04,189 INFO  L426           NwaCegarLoop]: 117 mSDtfsCounter, 645 mSDsluCounter, 297 mSDsCounter, 0 mSdLazyCounter, 646 mSolverCounterSat, 135 mSolverCounterUnsat, 0 mSolverCounterUnknown, 0 mSolverCounterNotChecked, 0.7s Time, 0 mProtectedPredicate, 0 mProtectedAction, 645 SdHoareTripleChecker+Valid, 414 SdHoareTripleChecker+Invalid, 781 SdHoareTripleChecker+Unknown, 0 SdHoareTripleChecker+Unchecked, 0.0s SdHoareTripleChecker+Time, 135 IncrementalHoareTripleChecker+Valid, 646 IncrementalHoareTripleChecker+Invalid, 0 IncrementalHoareTripleChecker+Unknown, 0 IncrementalHoareTripleChecker+Unchecked, 0.8s IncrementalHoareTripleChecker+Time
[2026-07-04 08:24:04,189 INFO  L427           NwaCegarLoop]: SdHoareTripleChecker [645 Valid, 414 Invalid, 781 Unknown, 0 Unchecked, 0.0s Time], IncrementalHoareTripleChecker [135 Valid, 646 Invalid, 0 Unknown, 0 Unchecked, 0.8s Time]
[2026-07-04 08:24:04,189 INFO  L82        GeneralOperation]: Start minimizeSevpa. Operand 306 states.
[2026-07-04 08:24:04,208 INFO  L88        GeneralOperation]: Finished minimizeSevpa. Reduced states from 306 to 289.
[2026-07-04 08:24:04,208 INFO  L82        GeneralOperation]: Start removeUnreachable. Operand  has 289 states, 264 states have (on average 1.0757575757575757) internal successors, (284), 270 states have internal predecessors, (284), 12 states have call successors, (12), 12 states have call predecessors, (12), 12 states have return successors, (12), 10 states have call predecessors, (12), 11 states have call successors, (12)
[2026-07-04 08:24:04,209 INFO  L88        GeneralOperation]: Finished removeUnreachable. Reduced from 289 states to 289 states and 308 transitions.
[2026-07-04 08:24:04,214 INFO  L79                 Accepts]: Start accepts. Automaton has 289 states and 308 transitions. Word has length 99
[2026-07-04 08:24:04,214 INFO  L85                 Accepts]: Finished accepts. word is rejected.
[2026-07-04 08:24:04,214 INFO  L490      AbstractCegarLoop]: Abstraction has 289 states and 308 transitions.
[2026-07-04 08:24:04,215 INFO  L491      AbstractCegarLoop]: INTERPOLANT automaton has  has 9 states, 9 states have (on average 11.88888888888889) internal successors, (107), 9 states have internal predecessors, (107), 4 states have call successors, (9), 4 states have call predecessors, (9), 3 states have return successors, (8), 2 states have call predecessors, (8), 4 states have call successors, (8)
[2026-07-04 08:24:04,215 INFO  L278                IsEmpty]: Start isEmpty. Operand 289 states and 308 transitions.
[2026-07-04 08:24:04,215 INFO  L284                IsEmpty]: Finished isEmpty. Found accepting run of length 102
[2026-07-04 08:24:04,215 INFO  L199           NwaCegarLoop]: Found error trace
[2026-07-04 08:24:04,215 INFO  L207           NwaCegarLoop]: trace histogram [1, 1, 1, 1, 1, 1, 1, 1, 1, 1, 1, 1, 1, 1, 1, 1, 1, 1, 1, 1, 1, 1, 1, 1, 1, 1, 1, 1, 1, 1, 1, 1, 1, 1, 1, 1, 1, 1, 1, 1, 1, 1, 1, 1, 1, 1, 1, 1, 1, 1, 1, 1, 1, 1, 1, 1, 1, 1, 1, 1, 1, 1, 1, 1, 1, 1, 1, 1, 1, 1, 1, 1, 1, 1, 1, 1, 1, 1, 1, 1, 1, 1, 1, 1, 1, 1, 1, 1, 1, 1, 1, 1, 1, 1, 1, 1, 1, 1, 1, 1, 1]
[2026-07-04 08:24:04,232 INFO  L546       MonitoredProcess]: [MP /usr/bin/z3 SMTLIB2_COMPLIANT=true -memory:2024 -smt2 -in (19)] Ended with exit code 0
[2026-07-04 08:24:04,417 WARN  L471      AbstractCegarLoop]: Destroyed unattended storables created during the last iteration: 19 /usr/bin/z3 SMTLIB2_COMPLIANT=true -memory:2024 -smt2 -in
[2026-07-04 08:24:04,417 INFO  L408      AbstractCegarLoop]: === Iteration 19 === Targeting __wraparound_assertErr0ASSERT_VIOLATIONASSERT === [__wraparound_assertErr0ASSERT_VIOLATIONASSERT] ===
[2026-07-04 08:24:04,419 INFO  L156       PredicateUnifier]: Initialized classic predicate unifier
[2026-07-04 08:24:04,419 INFO  L85        PathProgramCache]: Analyzing trace with hash 703287045, now seen corresponding path program 1 times
[2026-07-04 08:24:04,419 INFO  L118   FreeRefinementEngine]: Executing refinement strategy FIXED_PREFERENCES
[2026-07-04 08:24:04,419 INFO  L324   FreeRefinementEngine]: Using trace check IpTcStrategyModulePreferences [1323860383]
[2026-07-04 08:24:04,419 INFO  L97    rtionOrderModulation]: Keeping assertion order NOT_INCREMENTALLY
[2026-07-04 08:24:04,419 INFO  L173          SolverBuilder]: Constructing external solver with command: z3 SMTLIB2_COMPLIANT=true -memory:2024 -smt2 -in
[2026-07-04 08:24:04,420 INFO  L189       MonitoredProcess]: No working directory specified, using /usr/bin/z3
[2026-07-04 08:24:04,424 INFO  L229       MonitoredProcess]: Starting monitored process 20 with /usr/bin/z3 SMTLIB2_COMPLIANT=true -memory:2024 -smt2 -in (exit command is (exit), workingDir is null)
[2026-07-04 08:24:04,425 INFO  L327       MonitoredProcess]: [MP /usr/bin/z3 SMTLIB2_COMPLIANT=true -memory:2024 -smt2 -in (20)] Waiting until timeout for monitored process
[2026-07-04 08:24:04,511 INFO  L108    AnnotateAndAsserter]: Assert order NOT_INCREMENTALLY partitioned 101 statements into 1 equivalence classes.
[2026-07-04 08:24:04,555 INFO  L111    AnnotateAndAsserter]: Assert order NOT_INCREMENTALLY issued 1 check-sat command(s) and asserted 101 of 101 statements.
[2026-07-04 08:24:04,555 INFO  L114    AnnotateAndAsserter]: Assert order NOT_INCREMENTALLY issued 1 check-sat command(s)
[2026-07-04 08:24:04,555 INFO  L115    AnnotateAndAsserter]: Conjunction of SSA is unsat
[2026-07-04 08:24:04,557 INFO  L256         TraceCheckSpWp]: Trace formula consists of 362 conjuncts, 2 conjuncts are in the unsatisfiable core
[2026-07-04 08:24:04,558 INFO  L279         TraceCheckSpWp]: Computing forward predicates...
[2026-07-04 08:24:04,584 INFO  L134       CoverageAnalysis]: Checked inductivity of 0 backedges. 0 proven. 0 refuted. 0 times theorem prover too weak. 0 trivial. 0 not checked.
[2026-07-04 08:24:04,584 INFO  L312         TraceCheckSpWp]: Computing backward predicates...
[2026-07-04 08:24:04,638 INFO  L134       CoverageAnalysis]: Checked inductivity of 0 backedges. 0 proven. 0 refuted. 0 times theorem prover too weak. 0 trivial. 0 not checked.
[2026-07-04 08:24:04,638 INFO  L136   FreeRefinementEngine]: Strategy FIXED_PREFERENCES found an infeasible trace
[2026-07-04 08:24:04,638 INFO  L324   FreeRefinementEngine]: Using interpolant generator IpTcStrategyModulePreferences [1323860383]
[2026-07-04 08:24:04,638 INFO  L158   FreeRefinementEngine]: IpTcStrategyModulePreferences [1323860383] provided 2 perfect and 0 imperfect interpolant sequences
[2026-07-04 08:24:04,638 INFO  L185   FreeRefinementEngine]: Found 2 perfect and 0 imperfect interpolant sequences.
[2026-07-04 08:24:04,638 INFO  L198   FreeRefinementEngine]: Number of different interpolants: perfect sequences [3, 3] imperfect sequences [] total 3
[2026-07-04 08:24:04,639 INFO  L121   tionRefinementEngine]: Using interpolant automaton builder IpAbStrategyModuleStraightlineAll [1741140701]
[2026-07-04 08:24:04,639 INFO  L85    oduleStraightlineAll]: Using 2 perfect interpolants to construct interpolant automaton
[2026-07-04 08:24:04,639 INFO  L567      AbstractCegarLoop]: INTERPOLANT automaton has 3 states
[2026-07-04 08:24:04,639 INFO  L100   FreeRefinementEngine]: Using predicate unifier PredicateUnifier provided by strategy FIXED_PREFERENCES
[2026-07-04 08:24:04,639 INFO  L144   InterpolantAutomaton]: Constructing interpolant automaton starting with 3 interpolants.
[2026-07-04 08:24:04,639 INFO  L146   InterpolantAutomaton]: CoverageRelationStatistics Valid=3, Invalid=3, Unknown=0, NotChecked=0, Total=6
[2026-07-04 08:24:04,639 INFO  L87              Difference]: Start difference. First operand 289 states and 308 transitions. Second operand  has 3 states, 3 states have (on average 30.666666666666668) internal successors, (92), 3 states have internal predecessors, (92), 2 states have call successors, (7), 2 states have call predecessors, (7), 2 states have return successors, (6), 2 states have call predecessors, (6), 2 states have call successors, (6)
[2026-07-04 08:24:04,663 INFO  L144             Difference]: Subtrahend was deterministic. Have not used determinization.
[2026-07-04 08:24:04,663 INFO  L93              Difference]: Finished difference Result 327 states and 349 transitions.
[2026-07-04 08:24:04,663 INFO  L140   InterpolantAutomaton]: Switched to read-only mode: deterministic interpolant automaton has 3 states. 
[2026-07-04 08:24:04,663 INFO  L79                 Accepts]: Start accepts. Automaton has  has 3 states, 3 states have (on average 30.666666666666668) internal successors, (92), 3 states have internal predecessors, (92), 2 states have call successors, (7), 2 states have call predecessors, (7), 2 states have return successors, (6), 2 states have call predecessors, (6), 2 states have call successors, (6) Word has length 101
[2026-07-04 08:24:04,663 INFO  L85                 Accepts]: Finished accepts. some prefix is accepted.
[2026-07-04 08:24:04,664 INFO  L225             Difference]: With dead ends: 327
[2026-07-04 08:24:04,664 INFO  L226             Difference]: Without dead ends: 294
[2026-07-04 08:24:04,664 INFO  L425           NwaCegarLoop]: 0 DeclaredPredicates, 200 GetRequests, 199 SyntacticMatches, 0 SemanticMatches, 1 ConstructedPredicates, 0 IntricatePredicates, 0 DeprecatedPredicates, 0 ImplicationChecksByTransitivity, 0.0s TimeCoverageRelationStatistics Valid=3, Invalid=3, Unknown=0, NotChecked=0, Total=6
[2026-07-04 08:24:04,664 INFO  L426           NwaCegarLoop]: 176 mSDtfsCounter, 29 mSDsluCounter, 161 mSDsCounter, 0 mSdLazyCounter, 2 mSolverCounterSat, 0 mSolverCounterUnsat, 0 mSolverCounterUnknown, 0 mSolverCounterNotChecked, 0.0s Time, 0 mProtectedPredicate, 0 mProtectedAction, 29 SdHoareTripleChecker+Valid, 337 SdHoareTripleChecker+Invalid, 2 SdHoareTripleChecker+Unknown, 0 SdHoareTripleChecker+Unchecked, 0.0s SdHoareTripleChecker+Time, 0 IncrementalHoareTripleChecker+Valid, 2 IncrementalHoareTripleChecker+Invalid, 0 IncrementalHoareTripleChecker+Unknown, 0 IncrementalHoareTripleChecker+Unchecked, 0.0s IncrementalHoareTripleChecker+Time
[2026-07-04 08:24:04,664 INFO  L427           NwaCegarLoop]: SdHoareTripleChecker [29 Valid, 337 Invalid, 2 Unknown, 0 Unchecked, 0.0s Time], IncrementalHoareTripleChecker [0 Valid, 2 Invalid, 0 Unknown, 0 Unchecked, 0.0s Time]
[2026-07-04 08:24:04,665 INFO  L82        GeneralOperation]: Start minimizeSevpa. Operand 294 states.
[2026-07-04 08:24:04,685 INFO  L88        GeneralOperation]: Finished minimizeSevpa. Reduced states from 294 to 289.
[2026-07-04 08:24:04,691 INFO  L82        GeneralOperation]: Start removeUnreachable. Operand  has 289 states, 264 states have (on average 1.0681818181818181) internal successors, (282), 270 states have internal predecessors, (282), 12 states have call successors, (12), 12 states have call predecessors, (12), 12 states have return successors, (12), 10 states have call predecessors, (12), 11 states have call successors, (12)
[2026-07-04 08:24:04,692 INFO  L88        GeneralOperation]: Finished removeUnreachable. Reduced from 289 states to 289 states and 306 transitions.
[2026-07-04 08:24:04,692 INFO  L79                 Accepts]: Start accepts. Automaton has 289 states and 306 transitions. Word has length 101
[2026-07-04 08:24:04,692 INFO  L85                 Accepts]: Finished accepts. word is rejected.
[2026-07-04 08:24:04,692 INFO  L490      AbstractCegarLoop]: Abstraction has 289 states and 306 transitions.
[2026-07-04 08:24:04,692 INFO  L491      AbstractCegarLoop]: INTERPOLANT automaton has  has 3 states, 3 states have (on average 30.666666666666668) internal successors, (92), 3 states have internal predecessors, (92), 2 states have call successors, (7), 2 states have call predecessors, (7), 2 states have return successors, (6), 2 states have call predecessors, (6), 2 states have call successors, (6)
[2026-07-04 08:24:04,692 INFO  L278                IsEmpty]: Start isEmpty. Operand 289 states and 306 transitions.
[2026-07-04 08:24:04,693 INFO  L284                IsEmpty]: Finished isEmpty. Found accepting run of length 103
[2026-07-04 08:24:04,693 INFO  L199           NwaCegarLoop]: Found error trace
[2026-07-04 08:24:04,693 INFO  L207           NwaCegarLoop]: trace histogram [1, 1, 1, 1, 1, 1, 1, 1, 1, 1, 1, 1, 1, 1, 1, 1, 1, 1, 1, 1, 1, 1, 1, 1, 1, 1, 1, 1, 1, 1, 1, 1, 1, 1, 1, 1, 1, 1, 1, 1, 1, 1, 1, 1, 1, 1, 1, 1, 1, 1, 1, 1, 1, 1, 1, 1, 1, 1, 1, 1, 1, 1, 1, 1, 1, 1, 1, 1, 1, 1, 1, 1, 1, 1, 1, 1, 1, 1, 1, 1, 1, 1, 1, 1, 1, 1, 1, 1, 1, 1, 1, 1, 1, 1, 1, 1, 1, 1, 1, 1, 1, 1]
[2026-07-04 08:24:04,704 INFO  L546       MonitoredProcess]: [MP /usr/bin/z3 SMTLIB2_COMPLIANT=true -memory:2024 -smt2 -in (20)] Ended with exit code 0
[2026-07-04 08:24:04,894 WARN  L471      AbstractCegarLoop]: Destroyed unattended storables created during the last iteration: 20 /usr/bin/z3 SMTLIB2_COMPLIANT=true -memory:2024 -smt2 -in
[2026-07-04 08:24:04,894 INFO  L408      AbstractCegarLoop]: === Iteration 20 === Targeting __wraparound_assertErr0ASSERT_VIOLATIONASSERT === [__wraparound_assertErr0ASSERT_VIOLATIONASSERT] ===
[2026-07-04 08:24:04,895 INFO  L156       PredicateUnifier]: Initialized classic predicate unifier
[2026-07-04 08:24:04,895 INFO  L85        PathProgramCache]: Analyzing trace with hash 1605680278, now seen corresponding path program 1 times
[2026-07-04 08:24:04,895 INFO  L118   FreeRefinementEngine]: Executing refinement strategy FIXED_PREFERENCES
[2026-07-04 08:24:04,895 INFO  L324   FreeRefinementEngine]: Using trace check IpTcStrategyModulePreferences [1242294560]
[2026-07-04 08:24:04,895 INFO  L97    rtionOrderModulation]: Keeping assertion order NOT_INCREMENTALLY
[2026-07-04 08:24:04,895 INFO  L173          SolverBuilder]: Constructing external solver with command: z3 SMTLIB2_COMPLIANT=true -memory:2024 -smt2 -in
[2026-07-04 08:24:04,897 INFO  L189       MonitoredProcess]: No working directory specified, using /usr/bin/z3
[2026-07-04 08:24:04,900 INFO  L229       MonitoredProcess]: Starting monitored process 21 with /usr/bin/z3 SMTLIB2_COMPLIANT=true -memory:2024 -smt2 -in (exit command is (exit), workingDir is null)
[2026-07-04 08:24:04,901 INFO  L327       MonitoredProcess]: [MP /usr/bin/z3 SMTLIB2_COMPLIANT=true -memory:2024 -smt2 -in (21)] Waiting until timeout for monitored process
[2026-07-04 08:24:04,986 INFO  L108    AnnotateAndAsserter]: Assert order NOT_INCREMENTALLY partitioned 102 statements into 1 equivalence classes.
[2026-07-04 08:24:05,021 INFO  L111    AnnotateAndAsserter]: Assert order NOT_INCREMENTALLY issued 1 check-sat command(s) and asserted 102 of 102 statements.
[2026-07-04 08:24:05,021 INFO  L114    AnnotateAndAsserter]: Assert order NOT_INCREMENTALLY issued 1 check-sat command(s)
[2026-07-04 08:24:05,021 INFO  L115    AnnotateAndAsserter]: Conjunction of SSA is unsat
[2026-07-04 08:24:05,024 INFO  L256         TraceCheckSpWp]: Trace formula consists of 364 conjuncts, 5 conjuncts are in the unsatisfiable core
[2026-07-04 08:24:05,026 INFO  L279         TraceCheckSpWp]: Computing forward predicates...
[2026-07-04 08:24:05,136 INFO  L325             Elim1Store]: treesize reduction 21, result has 30.0 percent of original size
[2026-07-04 08:24:05,140 INFO  L354             Elim1Store]: Elim1 eliminated variable of array dimension 1, 1 stores, 2 select indices, 2 select index equivalence classes, 1 disjoint index pairs (out of 1 index pairs), introduced 2 new quantified variables, introduced 2 case distinctions, treesize of input 17 treesize of output 28
[2026-07-04 08:24:05,784 INFO  L134       CoverageAnalysis]: Checked inductivity of 0 backedges. 0 proven. 0 refuted. 0 times theorem prover too weak. 0 trivial. 0 not checked.
[2026-07-04 08:24:05,785 INFO  L312         TraceCheckSpWp]: Computing backward predicates...
[2026-07-04 08:24:06,239 INFO  L134       CoverageAnalysis]: Checked inductivity of 0 backedges. 0 proven. 0 refuted. 0 times theorem prover too weak. 0 trivial. 0 not checked.
[2026-07-04 08:24:06,239 INFO  L136   FreeRefinementEngine]: Strategy FIXED_PREFERENCES found an infeasible trace
[2026-07-04 08:24:06,239 INFO  L324   FreeRefinementEngine]: Using interpolant generator IpTcStrategyModulePreferences [1242294560]
[2026-07-04 08:24:06,239 INFO  L158   FreeRefinementEngine]: IpTcStrategyModulePreferences [1242294560] provided 2 perfect and 0 imperfect interpolant sequences
[2026-07-04 08:24:06,239 INFO  L185   FreeRefinementEngine]: Found 2 perfect and 0 imperfect interpolant sequences.
[2026-07-04 08:24:06,239 INFO  L198   FreeRefinementEngine]: Number of different interpolants: perfect sequences [4, 4] imperfect sequences [] total 6
[2026-07-04 08:24:06,239 INFO  L121   tionRefinementEngine]: Using interpolant automaton builder IpAbStrategyModuleStraightlineAll [1584738226]
[2026-07-04 08:24:06,239 INFO  L85    oduleStraightlineAll]: Using 2 perfect interpolants to construct interpolant automaton
[2026-07-04 08:24:06,239 INFO  L567      AbstractCegarLoop]: INTERPOLANT automaton has 7 states
[2026-07-04 08:24:06,239 INFO  L100   FreeRefinementEngine]: Using predicate unifier PredicateUnifier provided by strategy FIXED_PREFERENCES
[2026-07-04 08:24:06,240 INFO  L144   InterpolantAutomaton]: Constructing interpolant automaton starting with 7 interpolants.
[2026-07-04 08:24:06,240 INFO  L146   InterpolantAutomaton]: CoverageRelationStatistics Valid=15, Invalid=27, Unknown=0, NotChecked=0, Total=42
[2026-07-04 08:24:06,240 INFO  L87              Difference]: Start difference. First operand 289 states and 306 transitions. Second operand  has 7 states, 6 states have (on average 29.0) internal successors, (174), 7 states have internal predecessors, (174), 4 states have call successors, (12), 5 states have call predecessors, (12), 4 states have return successors, (10), 4 states have call predecessors, (10), 4 states have call successors, (10)
[2026-07-04 08:24:06,491 INFO  L144             Difference]: Subtrahend was deterministic. Have not used determinization.
[2026-07-04 08:24:06,492 INFO  L93              Difference]: Finished difference Result 306 states and 323 transitions.
[2026-07-04 08:24:06,492 INFO  L140   InterpolantAutomaton]: Switched to read-only mode: deterministic interpolant automaton has 6 states. 
[2026-07-04 08:24:06,492 INFO  L79                 Accepts]: Start accepts. Automaton has  has 7 states, 6 states have (on average 29.0) internal successors, (174), 7 states have internal predecessors, (174), 4 states have call successors, (12), 5 states have call predecessors, (12), 4 states have return successors, (10), 4 states have call predecessors, (10), 4 states have call successors, (10) Word has length 102
[2026-07-04 08:24:06,492 INFO  L85                 Accepts]: Finished accepts. some prefix is accepted.
[2026-07-04 08:24:06,492 INFO  L225             Difference]: With dead ends: 306
[2026-07-04 08:24:06,493 INFO  L226             Difference]: Without dead ends: 176
[2026-07-04 08:24:06,493 INFO  L425           NwaCegarLoop]: 0 DeclaredPredicates, 205 GetRequests, 198 SyntacticMatches, 0 SemanticMatches, 7 ConstructedPredicates, 0 IntricatePredicates, 0 DeprecatedPredicates, 0 ImplicationChecksByTransitivity, 0.1s TimeCoverageRelationStatistics Valid=29, Invalid=43, Unknown=0, NotChecked=0, Total=72
[2026-07-04 08:24:06,499 INFO  L426           NwaCegarLoop]: 153 mSDtfsCounter, 213 mSDsluCounter, 286 mSDsCounter, 0 mSdLazyCounter, 78 mSolverCounterSat, 29 mSolverCounterUnsat, 3 mSolverCounterUnknown, 0 mSolverCounterNotChecked, 0.2s Time, 0 mProtectedPredicate, 0 mProtectedAction, 213 SdHoareTripleChecker+Valid, 439 SdHoareTripleChecker+Invalid, 110 SdHoareTripleChecker+Unknown, 0 SdHoareTripleChecker+Unchecked, 0.0s SdHoareTripleChecker+Time, 29 IncrementalHoareTripleChecker+Valid, 78 IncrementalHoareTripleChecker+Invalid, 3 IncrementalHoareTripleChecker+Unknown, 0 IncrementalHoareTripleChecker+Unchecked, 0.2s IncrementalHoareTripleChecker+Time
[2026-07-04 08:24:06,499 INFO  L427           NwaCegarLoop]: SdHoareTripleChecker [213 Valid, 439 Invalid, 110 Unknown, 0 Unchecked, 0.0s Time], IncrementalHoareTripleChecker [29 Valid, 78 Invalid, 3 Unknown, 0 Unchecked, 0.2s Time]
[2026-07-04 08:24:06,500 INFO  L82        GeneralOperation]: Start minimizeSevpa. Operand 176 states.
[2026-07-04 08:24:06,513 INFO  L88        GeneralOperation]: Finished minimizeSevpa. Reduced states from 176 to 176.
[2026-07-04 08:24:06,513 INFO  L82        GeneralOperation]: Start removeUnreachable. Operand  has 176 states, 159 states have (on average 1.069182389937107) internal successors, (170), 162 states have internal predecessors, (170), 8 states have call successors, (8), 8 states have call predecessors, (8), 8 states have return successors, (8), 7 states have call predecessors, (8), 7 states have call successors, (8)
[2026-07-04 08:24:06,513 INFO  L88        GeneralOperation]: Finished removeUnreachable. Reduced from 176 states to 176 states and 186 transitions.
[2026-07-04 08:24:06,514 INFO  L79                 Accepts]: Start accepts. Automaton has 176 states and 186 transitions. Word has length 102
[2026-07-04 08:24:06,514 INFO  L85                 Accepts]: Finished accepts. word is rejected.
[2026-07-04 08:24:06,514 INFO  L490      AbstractCegarLoop]: Abstraction has 176 states and 186 transitions.
[2026-07-04 08:24:06,514 INFO  L491      AbstractCegarLoop]: INTERPOLANT automaton has  has 7 states, 6 states have (on average 29.0) internal successors, (174), 7 states have internal predecessors, (174), 4 states have call successors, (12), 5 states have call predecessors, (12), 4 states have return successors, (10), 4 states have call predecessors, (10), 4 states have call successors, (10)
[2026-07-04 08:24:06,514 INFO  L278                IsEmpty]: Start isEmpty. Operand 176 states and 186 transitions.
[2026-07-04 08:24:06,514 INFO  L284                IsEmpty]: Finished isEmpty. Found accepting run of length 134
[2026-07-04 08:24:06,514 INFO  L199           NwaCegarLoop]: Found error trace
[2026-07-04 08:24:06,515 INFO  L207           NwaCegarLoop]: trace histogram [1, 1, 1, 1, 1, 1, 1, 1, 1, 1, 1, 1, 1, 1, 1, 1, 1, 1, 1, 1, 1, 1, 1, 1, 1, 1, 1, 1, 1, 1, 1, 1, 1, 1, 1, 1, 1, 1, 1, 1, 1, 1, 1, 1, 1, 1, 1, 1, 1, 1, 1, 1, 1, 1, 1, 1, 1, 1, 1, 1, 1, 1, 1, 1, 1, 1, 1, 1, 1, 1, 1, 1, 1, 1, 1, 1, 1, 1, 1, 1, 1, 1, 1, 1, 1, 1, 1, 1, 1, 1, 1, 1, 1, 1, 1, 1, 1, 1, 1, 1, 1, 1, 1, 1, 1, 1, 1, 1, 1, 1, 1, 1, 1, 1, 1, 1, 1, 1, 1, 1, 1, 1, 1, 1, 1, 1, 1, 1, 1, 1, 1, 1, 1]
[2026-07-04 08:24:06,525 INFO  L546       MonitoredProcess]: [MP /usr/bin/z3 SMTLIB2_COMPLIANT=true -memory:2024 -smt2 -in (21)] Ended with exit code 0
[2026-07-04 08:24:06,719 WARN  L471      AbstractCegarLoop]: Destroyed unattended storables created during the last iteration: 21 /usr/bin/z3 SMTLIB2_COMPLIANT=true -memory:2024 -smt2 -in
[2026-07-04 08:24:06,720 INFO  L408      AbstractCegarLoop]: === Iteration 21 === Targeting __wraparound_assertErr0ASSERT_VIOLATIONASSERT === [__wraparound_assertErr0ASSERT_VIOLATIONASSERT] ===
[2026-07-04 08:24:06,720 INFO  L156       PredicateUnifier]: Initialized classic predicate unifier
[2026-07-04 08:24:06,720 INFO  L85        PathProgramCache]: Analyzing trace with hash -1397803041, now seen corresponding path program 1 times
[2026-07-04 08:24:06,720 INFO  L118   FreeRefinementEngine]: Executing refinement strategy FIXED_PREFERENCES
[2026-07-04 08:24:06,720 INFO  L324   FreeRefinementEngine]: Using trace check IpTcStrategyModulePreferences [707642961]
[2026-07-04 08:24:06,720 INFO  L97    rtionOrderModulation]: Keeping assertion order NOT_INCREMENTALLY
[2026-07-04 08:24:06,720 INFO  L173          SolverBuilder]: Constructing external solver with command: z3 SMTLIB2_COMPLIANT=true -memory:2024 -smt2 -in
[2026-07-04 08:24:06,722 INFO  L189       MonitoredProcess]: No working directory specified, using /usr/bin/z3
[2026-07-04 08:24:06,730 INFO  L229       MonitoredProcess]: Starting monitored process 22 with /usr/bin/z3 SMTLIB2_COMPLIANT=true -memory:2024 -smt2 -in (exit command is (exit), workingDir is null)
[2026-07-04 08:24:06,731 INFO  L327       MonitoredProcess]: [MP /usr/bin/z3 SMTLIB2_COMPLIANT=true -memory:2024 -smt2 -in (22)] Waiting until timeout for monitored process
[2026-07-04 08:24:06,832 INFO  L108    AnnotateAndAsserter]: Assert order NOT_INCREMENTALLY partitioned 133 statements into 1 equivalence classes.
[2026-07-04 08:24:06,873 INFO  L111    AnnotateAndAsserter]: Assert order NOT_INCREMENTALLY issued 1 check-sat command(s) and asserted 133 of 133 statements.
[2026-07-04 08:24:06,873 INFO  L114    AnnotateAndAsserter]: Assert order NOT_INCREMENTALLY issued 1 check-sat command(s)
[2026-07-04 08:24:06,873 INFO  L115    AnnotateAndAsserter]: Conjunction of SSA is unsat
[2026-07-04 08:24:06,881 INFO  L256         TraceCheckSpWp]: Trace formula consists of 408 conjuncts, 2 conjuncts are in the unsatisfiable core
[2026-07-04 08:24:06,882 INFO  L279         TraceCheckSpWp]: Computing forward predicates...
[2026-07-04 08:24:06,923 INFO  L134       CoverageAnalysis]: Checked inductivity of 0 backedges. 0 proven. 0 refuted. 0 times theorem prover too weak. 0 trivial. 0 not checked.
[2026-07-04 08:24:06,924 INFO  L312         TraceCheckSpWp]: Computing backward predicates...
[2026-07-04 08:24:06,962 INFO  L134       CoverageAnalysis]: Checked inductivity of 0 backedges. 0 proven. 0 refuted. 0 times theorem prover too weak. 0 trivial. 0 not checked.
[2026-07-04 08:24:06,962 INFO  L136   FreeRefinementEngine]: Strategy FIXED_PREFERENCES found an infeasible trace
[2026-07-04 08:24:06,962 INFO  L324   FreeRefinementEngine]: Using interpolant generator IpTcStrategyModulePreferences [707642961]
[2026-07-04 08:24:06,962 INFO  L158   FreeRefinementEngine]: IpTcStrategyModulePreferences [707642961] provided 2 perfect and 0 imperfect interpolant sequences
[2026-07-04 08:24:06,962 INFO  L185   FreeRefinementEngine]: Found 2 perfect and 0 imperfect interpolant sequences.
[2026-07-04 08:24:06,962 INFO  L198   FreeRefinementEngine]: Number of different interpolants: perfect sequences [3, 3] imperfect sequences [] total 3
[2026-07-04 08:24:06,962 INFO  L121   tionRefinementEngine]: Using interpolant automaton builder IpAbStrategyModuleStraightlineAll [285501865]
[2026-07-04 08:24:06,962 INFO  L85    oduleStraightlineAll]: Using 2 perfect interpolants to construct interpolant automaton
[2026-07-04 08:24:06,967 INFO  L567      AbstractCegarLoop]: INTERPOLANT automaton has 3 states
[2026-07-04 08:24:06,967 INFO  L100   FreeRefinementEngine]: Using predicate unifier PredicateUnifier provided by strategy FIXED_PREFERENCES
[2026-07-04 08:24:06,968 INFO  L144   InterpolantAutomaton]: Constructing interpolant automaton starting with 3 interpolants.
[2026-07-04 08:24:06,968 INFO  L146   InterpolantAutomaton]: CoverageRelationStatistics Valid=3, Invalid=3, Unknown=0, NotChecked=0, Total=6
[2026-07-04 08:24:06,968 INFO  L87              Difference]: Start difference. First operand 176 states and 186 transitions. Second operand  has 3 states, 3 states have (on average 42.666666666666664) internal successors, (128), 3 states have internal predecessors, (128), 2 states have call successors, (7), 2 states have call predecessors, (7), 2 states have return successors, (6), 2 states have call predecessors, (6), 2 states have call successors, (6)
[2026-07-04 08:24:06,990 INFO  L144             Difference]: Subtrahend was deterministic. Have not used determinization.
[2026-07-04 08:24:06,990 INFO  L93              Difference]: Finished difference Result 402 states and 428 transitions.
[2026-07-04 08:24:06,991 INFO  L140   InterpolantAutomaton]: Switched to read-only mode: deterministic interpolant automaton has 3 states. 
[2026-07-04 08:24:06,991 INFO  L79                 Accepts]: Start accepts. Automaton has  has 3 states, 3 states have (on average 42.666666666666664) internal successors, (128), 3 states have internal predecessors, (128), 2 states have call successors, (7), 2 states have call predecessors, (7), 2 states have return successors, (6), 2 states have call predecessors, (6), 2 states have call successors, (6) Word has length 133
[2026-07-04 08:24:06,991 INFO  L85                 Accepts]: Finished accepts. some prefix is accepted.
[2026-07-04 08:24:06,991 INFO  L225             Difference]: With dead ends: 402
[2026-07-04 08:24:06,992 INFO  L226             Difference]: Without dead ends: 289
[2026-07-04 08:24:06,992 INFO  L425           NwaCegarLoop]: 0 DeclaredPredicates, 264 GetRequests, 263 SyntacticMatches, 0 SemanticMatches, 1 ConstructedPredicates, 0 IntricatePredicates, 0 DeprecatedPredicates, 0 ImplicationChecksByTransitivity, 0.0s TimeCoverageRelationStatistics Valid=3, Invalid=3, Unknown=0, NotChecked=0, Total=6
[2026-07-04 08:24:06,992 INFO  L426           NwaCegarLoop]: 162 mSDtfsCounter, 101 mSDsluCounter, 144 mSDsCounter, 0 mSdLazyCounter, 2 mSolverCounterSat, 0 mSolverCounterUnsat, 0 mSolverCounterUnknown, 0 mSolverCounterNotChecked, 0.0s Time, 0 mProtectedPredicate, 0 mProtectedAction, 101 SdHoareTripleChecker+Valid, 306 SdHoareTripleChecker+Invalid, 2 SdHoareTripleChecker+Unknown, 0 SdHoareTripleChecker+Unchecked, 0.0s SdHoareTripleChecker+Time, 0 IncrementalHoareTripleChecker+Valid, 2 IncrementalHoareTripleChecker+Invalid, 0 IncrementalHoareTripleChecker+Unknown, 0 IncrementalHoareTripleChecker+Unchecked, 0.0s IncrementalHoareTripleChecker+Time
[2026-07-04 08:24:06,992 INFO  L427           NwaCegarLoop]: SdHoareTripleChecker [101 Valid, 306 Invalid, 2 Unknown, 0 Unchecked, 0.0s Time], IncrementalHoareTripleChecker [0 Valid, 2 Invalid, 0 Unknown, 0 Unchecked, 0.0s Time]
[2026-07-04 08:24:06,999 INFO  L82        GeneralOperation]: Start minimizeSevpa. Operand 289 states.
[2026-07-04 08:24:07,007 INFO  L88        GeneralOperation]: Finished minimizeSevpa. Reduced states from 289 to 176.
[2026-07-04 08:24:07,007 INFO  L82        GeneralOperation]: Start removeUnreachable. Operand  has 176 states, 159 states have (on average 1.0628930817610063) internal successors, (169), 162 states have internal predecessors, (169), 8 states have call successors, (8), 8 states have call predecessors, (8), 8 states have return successors, (8), 7 states have call predecessors, (8), 7 states have call successors, (8)
[2026-07-04 08:24:07,008 INFO  L88        GeneralOperation]: Finished removeUnreachable. Reduced from 176 states to 176 states and 185 transitions.
[2026-07-04 08:24:07,008 INFO  L79                 Accepts]: Start accepts. Automaton has 176 states and 185 transitions. Word has length 133
[2026-07-04 08:24:07,008 INFO  L85                 Accepts]: Finished accepts. word is rejected.
[2026-07-04 08:24:07,008 INFO  L490      AbstractCegarLoop]: Abstraction has 176 states and 185 transitions.
[2026-07-04 08:24:07,008 INFO  L491      AbstractCegarLoop]: INTERPOLANT automaton has  has 3 states, 3 states have (on average 42.666666666666664) internal successors, (128), 3 states have internal predecessors, (128), 2 states have call successors, (7), 2 states have call predecessors, (7), 2 states have return successors, (6), 2 states have call predecessors, (6), 2 states have call successors, (6)
[2026-07-04 08:24:07,012 INFO  L278                IsEmpty]: Start isEmpty. Operand 176 states and 185 transitions.
[2026-07-04 08:24:07,012 INFO  L284                IsEmpty]: Finished isEmpty. Found accepting run of length 136
[2026-07-04 08:24:07,012 INFO  L199           NwaCegarLoop]: Found error trace
[2026-07-04 08:24:07,012 INFO  L207           NwaCegarLoop]: trace histogram [1, 1, 1, 1, 1, 1, 1, 1, 1, 1, 1, 1, 1, 1, 1, 1, 1, 1, 1, 1, 1, 1, 1, 1, 1, 1, 1, 1, 1, 1, 1, 1, 1, 1, 1, 1, 1, 1, 1, 1, 1, 1, 1, 1, 1, 1, 1, 1, 1, 1, 1, 1, 1, 1, 1, 1, 1, 1, 1, 1, 1, 1, 1, 1, 1, 1, 1, 1, 1, 1, 1, 1, 1, 1, 1, 1, 1, 1, 1, 1, 1, 1, 1, 1, 1, 1, 1, 1, 1, 1, 1, 1, 1, 1, 1, 1, 1, 1, 1, 1, 1, 1, 1, 1, 1, 1, 1, 1, 1, 1, 1, 1, 1, 1, 1, 1, 1, 1, 1, 1, 1, 1, 1, 1, 1, 1, 1, 1, 1, 1, 1, 1, 1, 1, 1]
[2026-07-04 08:24:07,024 INFO  L546       MonitoredProcess]: [MP /usr/bin/z3 SMTLIB2_COMPLIANT=true -memory:2024 -smt2 -in (22)] Ended with exit code 0
[2026-07-04 08:24:07,220 WARN  L471      AbstractCegarLoop]: Destroyed unattended storables created during the last iteration: 22 /usr/bin/z3 SMTLIB2_COMPLIANT=true -memory:2024 -smt2 -in
[2026-07-04 08:24:07,220 INFO  L408      AbstractCegarLoop]: === Iteration 22 === Targeting __wraparound_assertErr0ASSERT_VIOLATIONASSERT === [__wraparound_assertErr0ASSERT_VIOLATIONASSERT] ===
[2026-07-04 08:24:07,220 INFO  L156       PredicateUnifier]: Initialized classic predicate unifier
[2026-07-04 08:24:07,220 INFO  L85        PathProgramCache]: Analyzing trace with hash -1581828343, now seen corresponding path program 1 times
[2026-07-04 08:24:07,220 INFO  L118   FreeRefinementEngine]: Executing refinement strategy FIXED_PREFERENCES
[2026-07-04 08:24:07,220 INFO  L324   FreeRefinementEngine]: Using trace check IpTcStrategyModulePreferences [1197685383]
[2026-07-04 08:24:07,220 INFO  L97    rtionOrderModulation]: Keeping assertion order NOT_INCREMENTALLY
[2026-07-04 08:24:07,221 INFO  L173          SolverBuilder]: Constructing external solver with command: z3 SMTLIB2_COMPLIANT=true -memory:2024 -smt2 -in
[2026-07-04 08:24:07,222 INFO  L189       MonitoredProcess]: No working directory specified, using /usr/bin/z3
[2026-07-04 08:24:07,224 INFO  L229       MonitoredProcess]: Starting monitored process 23 with /usr/bin/z3 SMTLIB2_COMPLIANT=true -memory:2024 -smt2 -in (exit command is (exit), workingDir is null)
[2026-07-04 08:24:07,227 INFO  L327       MonitoredProcess]: [MP /usr/bin/z3 SMTLIB2_COMPLIANT=true -memory:2024 -smt2 -in (23)] Waiting until timeout for monitored process
[2026-07-04 08:24:07,286 INFO  L108    AnnotateAndAsserter]: Assert order NOT_INCREMENTALLY partitioned 135 statements into 1 equivalence classes.
[2026-07-04 08:24:07,310 INFO  L111    AnnotateAndAsserter]: Assert order NOT_INCREMENTALLY issued 1 check-sat command(s) and asserted 135 of 135 statements.
[2026-07-04 08:24:07,310 INFO  L114    AnnotateAndAsserter]: Assert order NOT_INCREMENTALLY issued 1 check-sat command(s)
[2026-07-04 08:24:07,310 INFO  L115    AnnotateAndAsserter]: Conjunction of SSA is unsat
[2026-07-04 08:24:07,312 INFO  L256         TraceCheckSpWp]: Trace formula consists of 417 conjuncts, 2 conjuncts are in the unsatisfiable core
[2026-07-04 08:24:07,313 INFO  L279         TraceCheckSpWp]: Computing forward predicates...
[2026-07-04 08:24:07,338 INFO  L134       CoverageAnalysis]: Checked inductivity of 0 backedges. 0 proven. 0 refuted. 0 times theorem prover too weak. 0 trivial. 0 not checked.
[2026-07-04 08:24:07,338 INFO  L312         TraceCheckSpWp]: Computing backward predicates...
[2026-07-04 08:24:07,390 INFO  L134       CoverageAnalysis]: Checked inductivity of 0 backedges. 0 proven. 0 refuted. 0 times theorem prover too weak. 0 trivial. 0 not checked.
[2026-07-04 08:24:07,390 INFO  L136   FreeRefinementEngine]: Strategy FIXED_PREFERENCES found an infeasible trace
[2026-07-04 08:24:07,390 INFO  L324   FreeRefinementEngine]: Using interpolant generator IpTcStrategyModulePreferences [1197685383]
[2026-07-04 08:24:07,390 INFO  L158   FreeRefinementEngine]: IpTcStrategyModulePreferences [1197685383] provided 2 perfect and 0 imperfect interpolant sequences
[2026-07-04 08:24:07,390 INFO  L185   FreeRefinementEngine]: Found 2 perfect and 0 imperfect interpolant sequences.
[2026-07-04 08:24:07,390 INFO  L198   FreeRefinementEngine]: Number of different interpolants: perfect sequences [3, 3] imperfect sequences [] total 3
[2026-07-04 08:24:07,390 INFO  L121   tionRefinementEngine]: Using interpolant automaton builder IpAbStrategyModuleStraightlineAll [1325240084]
[2026-07-04 08:24:07,390 INFO  L85    oduleStraightlineAll]: Using 2 perfect interpolants to construct interpolant automaton
[2026-07-04 08:24:07,390 INFO  L567      AbstractCegarLoop]: INTERPOLANT automaton has 3 states
[2026-07-04 08:24:07,390 INFO  L100   FreeRefinementEngine]: Using predicate unifier PredicateUnifier provided by strategy FIXED_PREFERENCES
[2026-07-04 08:24:07,390 INFO  L144   InterpolantAutomaton]: Constructing interpolant automaton starting with 3 interpolants.
[2026-07-04 08:24:07,390 INFO  L146   InterpolantAutomaton]: CoverageRelationStatistics Valid=3, Invalid=3, Unknown=0, NotChecked=0, Total=6
[2026-07-04 08:24:07,390 INFO  L87              Difference]: Start difference. First operand 176 states and 185 transitions. Second operand  has 3 states, 3 states have (on average 42.666666666666664) internal successors, (128), 3 states have internal predecessors, (128), 2 states have call successors, (8), 2 states have call predecessors, (8), 2 states have return successors, (7), 2 states have call predecessors, (7), 2 states have call successors, (7)
[2026-07-04 08:24:07,406 INFO  L144             Difference]: Subtrahend was deterministic. Have not used determinization.
[2026-07-04 08:24:07,410 INFO  L93              Difference]: Finished difference Result 358 states and 379 transitions.
[2026-07-04 08:24:07,411 INFO  L140   InterpolantAutomaton]: Switched to read-only mode: deterministic interpolant automaton has 3 states. 
[2026-07-04 08:24:07,411 INFO  L79                 Accepts]: Start accepts. Automaton has  has 3 states, 3 states have (on average 42.666666666666664) internal successors, (128), 3 states have internal predecessors, (128), 2 states have call successors, (8), 2 states have call predecessors, (8), 2 states have return successors, (7), 2 states have call predecessors, (7), 2 states have call successors, (7) Word has length 135
[2026-07-04 08:24:07,413 INFO  L85                 Accepts]: Finished accepts. some prefix is accepted.
[2026-07-04 08:24:07,423 INFO  L225             Difference]: With dead ends: 358
[2026-07-04 08:24:07,423 INFO  L226             Difference]: Without dead ends: 267
[2026-07-04 08:24:07,424 INFO  L425           NwaCegarLoop]: 0 DeclaredPredicates, 268 GetRequests, 267 SyntacticMatches, 0 SemanticMatches, 1 ConstructedPredicates, 0 IntricatePredicates, 0 DeprecatedPredicates, 0 ImplicationChecksByTransitivity, 0.0s TimeCoverageRelationStatistics Valid=3, Invalid=3, Unknown=0, NotChecked=0, Total=6
[2026-07-04 08:24:07,424 INFO  L426           NwaCegarLoop]: 161 mSDtfsCounter, 77 mSDsluCounter, 143 mSDsCounter, 0 mSdLazyCounter, 2 mSolverCounterSat, 0 mSolverCounterUnsat, 0 mSolverCounterUnknown, 0 mSolverCounterNotChecked, 0.0s Time, 0 mProtectedPredicate, 0 mProtectedAction, 77 SdHoareTripleChecker+Valid, 304 SdHoareTripleChecker+Invalid, 2 SdHoareTripleChecker+Unknown, 0 SdHoareTripleChecker+Unchecked, 0.0s SdHoareTripleChecker+Time, 0 IncrementalHoareTripleChecker+Valid, 2 IncrementalHoareTripleChecker+Invalid, 0 IncrementalHoareTripleChecker+Unknown, 0 IncrementalHoareTripleChecker+Unchecked, 0.0s IncrementalHoareTripleChecker+Time
[2026-07-04 08:24:07,425 INFO  L427           NwaCegarLoop]: SdHoareTripleChecker [77 Valid, 304 Invalid, 2 Unknown, 0 Unchecked, 0.0s Time], IncrementalHoareTripleChecker [0 Valid, 2 Invalid, 0 Unknown, 0 Unchecked, 0.0s Time]
[2026-07-04 08:24:07,425 INFO  L82        GeneralOperation]: Start minimizeSevpa. Operand 267 states.
[2026-07-04 08:24:07,440 INFO  L88        GeneralOperation]: Finished minimizeSevpa. Reduced states from 267 to 176.
[2026-07-04 08:24:07,440 INFO  L82        GeneralOperation]: Start removeUnreachable. Operand  has 176 states, 159 states have (on average 1.0566037735849056) internal successors, (168), 162 states have internal predecessors, (168), 8 states have call successors, (8), 8 states have call predecessors, (8), 8 states have return successors, (8), 7 states have call predecessors, (8), 7 states have call successors, (8)
[2026-07-04 08:24:07,445 INFO  L88        GeneralOperation]: Finished removeUnreachable. Reduced from 176 states to 176 states and 184 transitions.
[2026-07-04 08:24:07,445 INFO  L79                 Accepts]: Start accepts. Automaton has 176 states and 184 transitions. Word has length 135
[2026-07-04 08:24:07,445 INFO  L85                 Accepts]: Finished accepts. word is rejected.
[2026-07-04 08:24:07,445 INFO  L490      AbstractCegarLoop]: Abstraction has 176 states and 184 transitions.
[2026-07-04 08:24:07,446 INFO  L491      AbstractCegarLoop]: INTERPOLANT automaton has  has 3 states, 3 states have (on average 42.666666666666664) internal successors, (128), 3 states have internal predecessors, (128), 2 states have call successors, (8), 2 states have call predecessors, (8), 2 states have return successors, (7), 2 states have call predecessors, (7), 2 states have call successors, (7)
[2026-07-04 08:24:07,446 INFO  L278                IsEmpty]: Start isEmpty. Operand 176 states and 184 transitions.
[2026-07-04 08:24:07,446 INFO  L284                IsEmpty]: Finished isEmpty. Found accepting run of length 138
[2026-07-04 08:24:07,446 INFO  L199           NwaCegarLoop]: Found error trace
[2026-07-04 08:24:07,446 INFO  L207           NwaCegarLoop]: trace histogram [1, 1, 1, 1, 1, 1, 1, 1, 1, 1, 1, 1, 1, 1, 1, 1, 1, 1, 1, 1, 1, 1, 1, 1, 1, 1, 1, 1, 1, 1, 1, 1, 1, 1, 1, 1, 1, 1, 1, 1, 1, 1, 1, 1, 1, 1, 1, 1, 1, 1, 1, 1, 1, 1, 1, 1, 1, 1, 1, 1, 1, 1, 1, 1, 1, 1, 1, 1, 1, 1, 1, 1, 1, 1, 1, 1, 1, 1, 1, 1, 1, 1, 1, 1, 1, 1, 1, 1, 1, 1, 1, 1, 1, 1, 1, 1, 1, 1, 1, 1, 1, 1, 1, 1, 1, 1, 1, 1, 1, 1, 1, 1, 1, 1, 1, 1, 1, 1, 1, 1, 1, 1, 1, 1, 1, 1, 1, 1, 1, 1, 1, 1, 1, 1, 1, 1, 1]
[2026-07-04 08:24:07,457 INFO  L546       MonitoredProcess]: [MP /usr/bin/z3 SMTLIB2_COMPLIANT=true -memory:2024 -smt2 -in (23)] Ended with exit code 0
[2026-07-04 08:24:07,647 WARN  L471      AbstractCegarLoop]: Destroyed unattended storables created during the last iteration: 23 /usr/bin/z3 SMTLIB2_COMPLIANT=true -memory:2024 -smt2 -in
[2026-07-04 08:24:07,647 INFO  L408      AbstractCegarLoop]: === Iteration 23 === Targeting __wraparound_assertErr0ASSERT_VIOLATIONASSERT === [__wraparound_assertErr0ASSERT_VIOLATIONASSERT] ===
[2026-07-04 08:24:07,647 INFO  L156       PredicateUnifier]: Initialized classic predicate unifier
[2026-07-04 08:24:07,655 INFO  L85        PathProgramCache]: Analyzing trace with hash -51095745, now seen corresponding path program 1 times
[2026-07-04 08:24:07,655 INFO  L118   FreeRefinementEngine]: Executing refinement strategy FIXED_PREFERENCES
[2026-07-04 08:24:07,655 INFO  L324   FreeRefinementEngine]: Using trace check IpTcStrategyModulePreferences [1805120106]
[2026-07-04 08:24:07,655 INFO  L97    rtionOrderModulation]: Keeping assertion order NOT_INCREMENTALLY
[2026-07-04 08:24:07,655 INFO  L173          SolverBuilder]: Constructing external solver with command: z3 SMTLIB2_COMPLIANT=true -memory:2024 -smt2 -in
[2026-07-04 08:24:07,656 INFO  L189       MonitoredProcess]: No working directory specified, using /usr/bin/z3
[2026-07-04 08:24:07,658 INFO  L229       MonitoredProcess]: Starting monitored process 24 with /usr/bin/z3 SMTLIB2_COMPLIANT=true -memory:2024 -smt2 -in (exit command is (exit), workingDir is null)
[2026-07-04 08:24:07,659 INFO  L327       MonitoredProcess]: [MP /usr/bin/z3 SMTLIB2_COMPLIANT=true -memory:2024 -smt2 -in (24)] Waiting until timeout for monitored process
[2026-07-04 08:24:07,752 INFO  L108    AnnotateAndAsserter]: Assert order NOT_INCREMENTALLY partitioned 137 statements into 1 equivalence classes.
[2026-07-04 08:24:07,791 INFO  L111    AnnotateAndAsserter]: Assert order NOT_INCREMENTALLY issued 1 check-sat command(s) and asserted 137 of 137 statements.
[2026-07-04 08:24:07,791 INFO  L114    AnnotateAndAsserter]: Assert order NOT_INCREMENTALLY issued 1 check-sat command(s)
[2026-07-04 08:24:07,791 INFO  L115    AnnotateAndAsserter]: Conjunction of SSA is unsat
[2026-07-04 08:24:07,794 INFO  L256         TraceCheckSpWp]: Trace formula consists of 426 conjuncts, 3 conjuncts are in the unsatisfiable core
[2026-07-04 08:24:07,795 INFO  L279         TraceCheckSpWp]: Computing forward predicates...
[2026-07-04 08:24:07,890 INFO  L134       CoverageAnalysis]: Checked inductivity of 0 backedges. 0 proven. 0 refuted. 0 times theorem prover too weak. 0 trivial. 0 not checked.
[2026-07-04 08:24:07,890 INFO  L312         TraceCheckSpWp]: Computing backward predicates...
[2026-07-04 08:24:07,982 INFO  L134       CoverageAnalysis]: Checked inductivity of 0 backedges. 0 proven. 0 refuted. 0 times theorem prover too weak. 0 trivial. 0 not checked.
[2026-07-04 08:24:07,983 INFO  L136   FreeRefinementEngine]: Strategy FIXED_PREFERENCES found an infeasible trace
[2026-07-04 08:24:07,983 INFO  L324   FreeRefinementEngine]: Using interpolant generator IpTcStrategyModulePreferences [1805120106]
[2026-07-04 08:24:07,983 INFO  L158   FreeRefinementEngine]: IpTcStrategyModulePreferences [1805120106] provided 2 perfect and 0 imperfect interpolant sequences
[2026-07-04 08:24:07,983 INFO  L185   FreeRefinementEngine]: Found 2 perfect and 0 imperfect interpolant sequences.
[2026-07-04 08:24:07,983 INFO  L198   FreeRefinementEngine]: Number of different interpolants: perfect sequences [3, 3] imperfect sequences [] total 4
[2026-07-04 08:24:07,983 INFO  L121   tionRefinementEngine]: Using interpolant automaton builder IpAbStrategyModuleStraightlineAll [330263669]
[2026-07-04 08:24:07,984 INFO  L85    oduleStraightlineAll]: Using 2 perfect interpolants to construct interpolant automaton
[2026-07-04 08:24:07,984 INFO  L567      AbstractCegarLoop]: INTERPOLANT automaton has 5 states
[2026-07-04 08:24:07,984 INFO  L100   FreeRefinementEngine]: Using predicate unifier PredicateUnifier provided by strategy FIXED_PREFERENCES
[2026-07-04 08:24:07,984 INFO  L144   InterpolantAutomaton]: Constructing interpolant automaton starting with 5 interpolants.
[2026-07-04 08:24:07,984 INFO  L146   InterpolantAutomaton]: CoverageRelationStatistics Valid=8, Invalid=12, Unknown=0, NotChecked=0, Total=20
[2026-07-04 08:24:07,985 INFO  L87              Difference]: Start difference. First operand 176 states and 184 transitions. Second operand  has 5 states, 4 states have (on average 42.75) internal successors, (171), 5 states have internal predecessors, (171), 3 states have call successors, (10), 3 states have call predecessors, (10), 3 states have return successors, (9), 3 states have call predecessors, (9), 3 states have call successors, (9)
[2026-07-04 08:24:08,012 INFO  L144             Difference]: Subtrahend was deterministic. Have not used determinization.
[2026-07-04 08:24:08,012 INFO  L93              Difference]: Finished difference Result 176 states and 184 transitions.
[2026-07-04 08:24:08,012 INFO  L140   InterpolantAutomaton]: Switched to read-only mode: deterministic interpolant automaton has 4 states. 
[2026-07-04 08:24:08,012 INFO  L79                 Accepts]: Start accepts. Automaton has  has 5 states, 4 states have (on average 42.75) internal successors, (171), 5 states have internal predecessors, (171), 3 states have call successors, (10), 3 states have call predecessors, (10), 3 states have return successors, (9), 3 states have call predecessors, (9), 3 states have call successors, (9) Word has length 137
[2026-07-04 08:24:08,012 INFO  L85                 Accepts]: Finished accepts. some prefix is accepted.
[2026-07-04 08:24:08,012 INFO  L225             Difference]: With dead ends: 176
[2026-07-04 08:24:08,012 INFO  L226             Difference]: Without dead ends: 0
[2026-07-04 08:24:08,013 INFO  L425           NwaCegarLoop]: 0 DeclaredPredicates, 273 GetRequests, 269 SyntacticMatches, 0 SemanticMatches, 4 ConstructedPredicates, 0 IntricatePredicates, 0 DeprecatedPredicates, 0 ImplicationChecksByTransitivity, 0.0s TimeCoverageRelationStatistics Valid=13, Invalid=17, Unknown=0, NotChecked=0, Total=30
[2026-07-04 08:24:08,013 INFO  L426           NwaCegarLoop]: 161 mSDtfsCounter, 19 mSDsluCounter, 339 mSDsCounter, 0 mSdLazyCounter, 0 mSolverCounterSat, 0 mSolverCounterUnsat, 0 mSolverCounterUnknown, 0 mSolverCounterNotChecked, 0.0s Time, 0 mProtectedPredicate, 0 mProtectedAction, 19 SdHoareTripleChecker+Valid, 500 SdHoareTripleChecker+Invalid, 0 SdHoareTripleChecker+Unknown, 0 SdHoareTripleChecker+Unchecked, 0.0s SdHoareTripleChecker+Time, 0 IncrementalHoareTripleChecker+Valid, 0 IncrementalHoareTripleChecker+Invalid, 0 IncrementalHoareTripleChecker+Unknown, 0 IncrementalHoareTripleChecker+Unchecked, 0.0s IncrementalHoareTripleChecker+Time
[2026-07-04 08:24:08,013 INFO  L427           NwaCegarLoop]: SdHoareTripleChecker [19 Valid, 500 Invalid, 0 Unknown, 0 Unchecked, 0.0s Time], IncrementalHoareTripleChecker [0 Valid, 0 Invalid, 0 Unknown, 0 Unchecked, 0.0s Time]
[2026-07-04 08:24:08,013 INFO  L82        GeneralOperation]: Start minimizeSevpa. Operand 0 states.
[2026-07-04 08:24:08,013 INFO  L88        GeneralOperation]: Finished minimizeSevpa. Reduced states from 0 to 0.
[2026-07-04 08:24:08,013 INFO  L82        GeneralOperation]: Start removeUnreachable. Operand  has 0 states, 0 states have (on average 0.0) internal successors, (0), 0 states have internal predecessors, (0), 0 states have call successors, (0), 0 states have call predecessors, (0), 0 states have return successors, (0), 0 states have call predecessors, (0), 0 states have call successors, (0)
[2026-07-04 08:24:08,013 INFO  L88        GeneralOperation]: Finished removeUnreachable. Reduced from 0 states to 0 states and 0 transitions.
[2026-07-04 08:24:08,013 INFO  L79                 Accepts]: Start accepts. Automaton has 0 states and 0 transitions. Word has length 137
[2026-07-04 08:24:08,013 INFO  L85                 Accepts]: Finished accepts. word is rejected.
[2026-07-04 08:24:08,013 INFO  L490      AbstractCegarLoop]: Abstraction has 0 states and 0 transitions.
[2026-07-04 08:24:08,014 INFO  L491      AbstractCegarLoop]: INTERPOLANT automaton has  has 5 states, 4 states have (on average 42.75) internal successors, (171), 5 states have internal predecessors, (171), 3 states have call successors, (10), 3 states have call predecessors, (10), 3 states have return successors, (9), 3 states have call predecessors, (9), 3 states have call successors, (9)
[2026-07-04 08:24:08,014 INFO  L278                IsEmpty]: Start isEmpty. Operand 0 states and 0 transitions.
[2026-07-04 08:24:08,014 INFO  L284                IsEmpty]: Finished isEmpty. No accepting run.
[2026-07-04 08:24:08,019 INFO  L795   garLoopResultBuilder]: Registering result SAFE for location __wraparound_assertErr0ASSERT_VIOLATIONASSERT (0 of 1 remaining)
[2026-07-04 08:24:08,029 INFO  L546       MonitoredProcess]: [MP /usr/bin/z3 SMTLIB2_COMPLIANT=true -memory:2024 -smt2 -in (24)] Ended with exit code 0
[2026-07-04 08:24:08,220 WARN  L471      AbstractCegarLoop]: Destroyed unattended storables created during the last iteration: 24 /usr/bin/z3 SMTLIB2_COMPLIANT=true -memory:2024 -smt2 -in
[2026-07-04 08:24:08,222 INFO  L424         BasicCegarLoop]: Path program histogram: [1, 1, 1, 1, 1, 1, 1, 1, 1, 1, 1, 1, 1, 1, 1, 1, 1, 1, 1, 1, 1, 1, 1]
[2026-07-04 08:24:08,223 INFO  L312    DoubleDeckerVisitor]: Before removal of dead ends 0 states and 0 transitions.
[2026-07-04 08:24:27,750 INFO  L171   ceAbstractionStarter]: Computing trace abstraction results
[2026-07-04 08:24:27,800 WARN  L161        FloydHoareUtils]: Requires clause for clientTrack_partitionswitchEgress_update_ipmac_srcport_server2client contained old-variable. Original clause: (let ((.cse6 (select clientTrack_isValid clientTrack_hdr.op_hdr)) (.cse10 (= (_ bv5008 16) io_hdr.udp_hdr.dstPort)) (.cse4 (= (_ bv5008 16) clientTrack_hdr.udp_hdr.dstPort)) (.cse12 (= (_ bv17 8) clientTrack_hdr.ipv4_hdr.protocol)) (.cse11 (= |old(clientTrack_hdr.ipv4_hdr.dstAddr)| (_ bv0 32))) (.cse9 (= (_ bv9 16) clientTrack_hdr.op_hdr.optype)) (.cse14 (= io_hdr.ipv4_hdr.dstAddr (_ bv0 32))) (.cse7 (= io_hdr.ipv4_hdr.protocol (_ bv17 8))) (.cse16 (= io_hdr.ethernet_hdr.etherType (_ bv2048 16))) (.cse13 (= clientTrack_partitionswitchIngress_poweroftwochoice_tbl.action_run clientTrack_partitionswitchIngress_poweroftwochoice_tbl.action.partitionswitchIngress_update_leaf_load)) (.cse5 (= clientTrack_hdr.ethernet_hdr.etherType (_ bv2048 16))) (.cse8 (= (_ bv1 9) clientTrack_standard_metadata.egress_port)) (.cse0 (= (_ bv8201 16) io_hdr.op_hdr.optype))) (and (let ((.cse1 (not clientTrack_p4b_clone_i2i)) (.cse2 (not clientTrack_p4b_clone_e2e)) (.cse3 (not clientTrack_p4b_recirculate)) (.cse15 (not clientTrack_p4b_clone_i2e))) (or (and .cse0 .cse1 .cse2 (not clientTrack_partitionswitchIngress_ipv4_forward_tbl.hit) .cse3 .cse4 .cse5 .cse6 .cse7 .cse8 .cse9 .cse10 .cse11 .cse12 (not clientTrack_partitionswitchEgress_eg_port_forward_tbl.hit) .cse13 .cse14 .cse15 .cse16) (and .cse1 .cse2 .cse3 (= (bvadd (_ bv1 1) clientTrack_meta.is_spine) (_ bv0 1)) .cse15))) (or clientTrack_partitionswitchEgress_eg_port_forward_tbl.hit (not .cse6) (not .cse10) (not .cse4) (not .cse12) (not .cse11) (not .cse9) (not .cse14) (not .cse7) (not .cse16) (not .cse13) (= (_ bv0 32) clientTrack_hdr.ipv4_hdr.dstAddr) clientTrack_partitionswitchIngress_ipv4_forward_tbl.hit (not .cse5) (not .cse8) (not .cse0))))  Eliminated clause: (exists ((|old(clientTrack_hdr.ipv4_hdr.dstAddr)| (_ BitVec 32))) (let ((.cse6 (select clientTrack_isValid clientTrack_hdr.op_hdr)) (.cse10 (= (_ bv5008 16) io_hdr.udp_hdr.dstPort)) (.cse4 (= (_ bv5008 16) clientTrack_hdr.udp_hdr.dstPort)) (.cse12 (= (_ bv17 8) clientTrack_hdr.ipv4_hdr.protocol)) (.cse11 (= |old(clientTrack_hdr.ipv4_hdr.dstAddr)| (_ bv0 32))) (.cse9 (= (_ bv9 16) clientTrack_hdr.op_hdr.optype)) (.cse14 (= io_hdr.ipv4_hdr.dstAddr (_ bv0 32))) (.cse7 (= io_hdr.ipv4_hdr.protocol (_ bv17 8))) (.cse16 (= io_hdr.ethernet_hdr.etherType (_ bv2048 16))) (.cse13 (= clientTrack_partitionswitchIngress_poweroftwochoice_tbl.action_run clientTrack_partitionswitchIngress_poweroftwochoice_tbl.action.partitionswitchIngress_update_leaf_load)) (.cse5 (= clientTrack_hdr.ethernet_hdr.etherType (_ bv2048 16))) (.cse8 (= (_ bv1 9) clientTrack_standard_metadata.egress_port)) (.cse0 (= (_ bv8201 16) io_hdr.op_hdr.optype))) (and (let ((.cse1 (not clientTrack_p4b_clone_i2i)) (.cse2 (not clientTrack_p4b_clone_e2e)) (.cse3 (not clientTrack_p4b_recirculate)) (.cse15 (not clientTrack_p4b_clone_i2e))) (or (and .cse0 .cse1 .cse2 (not clientTrack_partitionswitchIngress_ipv4_forward_tbl.hit) .cse3 .cse4 .cse5 .cse6 .cse7 .cse8 .cse9 .cse10 .cse11 .cse12 (not clientTrack_partitionswitchEgress_eg_port_forward_tbl.hit) .cse13 .cse14 .cse15 .cse16) (and .cse1 .cse2 .cse3 (= (bvadd (_ bv1 1) clientTrack_meta.is_spine) (_ bv0 1)) .cse15))) (or clientTrack_partitionswitchEgress_eg_port_forward_tbl.hit (not .cse6) (not .cse10) (not .cse4) (not .cse12) (not .cse11) (not .cse9) (not .cse14) (not .cse7) (not .cse16) (not .cse13) (= (_ bv0 32) clientTrack_hdr.ipv4_hdr.dstAddr) clientTrack_partitionswitchIngress_ipv4_forward_tbl.hit (not .cse5) (not .cse8) (not .cse0)))))
[2026-07-04 08:24:28,127 WARN  L161        FloydHoareUtils]: Requires clause for clientTrack_mainProcedure contained old-variable. Original clause: (let ((.cse0 (not clientTrack_p4b_clone_i2i)) (.cse1 (not clientTrack_p4b_clone_e2e)) (.cse2 (not clientTrack_p4b_recirculate)) (.cse3 (= (_ bv0 32) (bvadd (_ bv1 32) (select clientTrack_partitionswitchIngress_leafload_reg (_ bv2 32))))) (.cse4 (= (_ bv0 32) clientTrack_hdr.ipv4_hdr.dstAddr)) (.cse5 (forall ((|qquantified_i#1| (_ BitVec 32))) (or (= (_ bv0 32) (select clientTrack_partitionswitchIngress_leafload_reg |qquantified_i#1|)) (= (_ bv2 32) |qquantified_i#1|)))) (.cse6 (not clientTrack_p4b_clone_i2e)) (.cse7 (= (_ bv8201 16) io_hdr.op_hdr.optype)) (.cse8 (= (_ bv48 16) io_hdr.op_hdr.optype))) (and (or (and .cse0 (= (_ bv8201 16) clientTrack_hdr.op_hdr.optype) .cse1 .cse2 .cse3 .cse4 .cse5 .cse6) (not .cse7)) (or (and .cse0 .cse1 (= (_ bv48 16) clientTrack_hdr.op_hdr.optype) .cse2 .cse3 .cse4 .cse5 .cse6) (not .cse8)) (let ((.cse9 (= (_ bv0 32) (bvadd (_ bv1 32) (select |old(clientTrack_partitionswitchIngress_leafload_reg)| (_ bv2 32))))) (.cse10 (not |old(clientTrack_p4b_clone_i2i)|)) (.cse11 (not |old(clientTrack_p4b_clone_e2e)|)) (.cse12 (= (_ bv5008 16) clientTrack_hdr.udp_hdr.dstPort)) (.cse13 (not |old(clientTrack_p4b_recirculate)|)) (.cse14 (forall ((|qquantified_i#1| (_ BitVec 32))) (or (= (select |old(clientTrack_partitionswitchIngress_leafload_reg)| |qquantified_i#1|) (_ bv0 32)) (= (_ bv2 32) |qquantified_i#1|)))) (.cse15 (= clientTrack_hdr.ethernet_hdr.etherType (_ bv2048 16))) (.cse16 (not |old(clientTrack_p4b_clone_i2e)|)) (.cse17 (= io_hdr.ipv4_hdr.protocol (_ bv17 8))) (.cse18 (= (_ bv5008 16) io_hdr.udp_hdr.dstPort)) (.cse19 (= |old(clientTrack_hdr.ipv4_hdr.dstAddr)| (_ bv0 32))) (.cse20 (= (_ bv17 8) clientTrack_hdr.ipv4_hdr.protocol)) (.cse21 (= io_hdr.ipv4_hdr.dstAddr (_ bv0 32))) (.cse22 (= io_hdr.ethernet_hdr.etherType (_ bv2048 16)))) (or (and .cse7 .cse9 .cse10 .cse11 (= (_ bv8201 16) |old(clientTrack_hdr.op_hdr.optype)|) .cse12 .cse13 .cse14 .cse15 .cse16 .cse17 .cse18 .cse19 .cse20 .cse21 .cse22) (and .cse9 .cse10 .cse11 .cse12 .cse13 .cse14 .cse15 .cse16 .cse17 (= (_ bv48 16) |old(clientTrack_hdr.op_hdr.optype)|) .cse18 .cse19 .cse20 .cse8 .cse21 .cse22)))))  Eliminated clause: (let ((.cse0 (not clientTrack_p4b_clone_i2i)) (.cse1 (not clientTrack_p4b_clone_e2e)) (.cse2 (not clientTrack_p4b_recirculate)) (.cse3 (= (_ bv0 32) (bvadd (_ bv1 32) (select clientTrack_partitionswitchIngress_leafload_reg (_ bv2 32))))) (.cse4 (= (_ bv0 32) clientTrack_hdr.ipv4_hdr.dstAddr)) (.cse5 (forall ((|qquantified_i#1| (_ BitVec 32))) (or (= (_ bv0 32) (select clientTrack_partitionswitchIngress_leafload_reg |qquantified_i#1|)) (= (_ bv2 32) |qquantified_i#1|)))) (.cse6 (not clientTrack_p4b_clone_i2e)) (.cse8 (= (_ bv48 16) io_hdr.op_hdr.optype)) (.cse7 (= (_ bv8201 16) io_hdr.op_hdr.optype))) (and (or (and .cse0 (= (_ bv8201 16) clientTrack_hdr.op_hdr.optype) .cse1 .cse2 .cse3 .cse4 .cse5 .cse6) (not .cse7)) (or (and .cse0 .cse1 (= (_ bv48 16) clientTrack_hdr.op_hdr.optype) .cse2 .cse3 .cse4 .cse5 .cse6) (not .cse8)) (let ((.cse9 (= (_ bv5008 16) clientTrack_hdr.udp_hdr.dstPort)) (.cse10 (= clientTrack_hdr.ethernet_hdr.etherType (_ bv2048 16))) (.cse11 (= io_hdr.ipv4_hdr.protocol (_ bv17 8))) (.cse12 (= (_ bv5008 16) io_hdr.udp_hdr.dstPort)) (.cse13 (= (_ bv17 8) clientTrack_hdr.ipv4_hdr.protocol)) (.cse14 (exists ((|old(clientTrack_partitionswitchIngress_leafload_reg)| (Array (_ BitVec 32) (_ BitVec 32)))) (and (= (_ bv0 32) (bvadd (_ bv1 32) (select |old(clientTrack_partitionswitchIngress_leafload_reg)| (_ bv2 32)))) (forall ((|qquantified_i#1| (_ BitVec 32))) (or (= (select |old(clientTrack_partitionswitchIngress_leafload_reg)| |qquantified_i#1|) (_ bv0 32)) (= (_ bv2 32) |qquantified_i#1|)))))) (.cse15 (= io_hdr.ipv4_hdr.dstAddr (_ bv0 32))) (.cse16 (= io_hdr.ethernet_hdr.etherType (_ bv2048 16)))) (or (and .cse9 .cse10 .cse11 .cse12 .cse13 .cse14 .cse8 .cse15 .cse16) (and .cse7 .cse9 .cse10 .cse11 .cse12 .cse13 .cse14 .cse15 .cse16)))))
[2026-07-04 08:24:28,168 INFO  L201        PluginConnector]: Adding new model distcache_p2c_wraparound_bug.cegis.00.confirm.unroll1.bpl de.uni_freiburg.informatik.ultimate.plugins.generator.traceabstraction CFG 04.07 08:24:28 BoogieIcfgContainer
[2026-07-04 08:24:28,169 INFO  L131        PluginConnector]: ------------------------ END TraceAbstraction----------------------------
[2026-07-04 08:24:28,169 INFO  L158              Benchmark]: Toolchain (without parser) took 44136.95ms. Allocated memory is still 519.1MB. Free memory was 481.7MB in the beginning and 367.2MB in the end (delta: 114.5MB). Peak memory consumption was 140.3MB. Max. memory is 4.2GB.
[2026-07-04 08:24:28,169 INFO  L158              Benchmark]: Boogie PL CUP Parser took 0.16ms. Allocated memory is still 519.1MB. Free memory is still 488.9MB. There was no memory consumed. Max. memory is 4.2GB.
[2026-07-04 08:24:28,170 INFO  L158              Benchmark]: Boogie Procedure Inliner took 95.79ms. Allocated memory is still 519.1MB. Free memory was 481.7MB in the beginning and 477.4MB in the end (delta: 4.3MB). Peak memory consumption was 4.3MB. Max. memory is 4.2GB.
[2026-07-04 08:24:28,170 INFO  L158              Benchmark]: Boogie Preprocessor took 64.94ms. Allocated memory is still 519.1MB. Free memory was 477.4MB in the beginning and 474.5MB in the end (delta: 2.9MB). Peak memory consumption was 2.9MB. Max. memory is 4.2GB.
[2026-07-04 08:24:28,170 INFO  L158              Benchmark]: RCFGBuilder took 1453.90ms. Allocated memory is still 519.1MB. Free memory was 474.5MB in the beginning and 417.1MB in the end (delta: 57.5MB). Peak memory consumption was 57.5MB. Max. memory is 4.2GB.
[2026-07-04 08:24:28,170 INFO  L158              Benchmark]: TraceAbstraction took 42519.36ms. Allocated memory is still 519.1MB. Free memory was 415.6MB in the beginning and 367.2MB in the end (delta: 48.5MB). Peak memory consumption was 74.2MB. Max. memory is 4.2GB.
[2026-07-04 08:24:28,170 INFO  L338   ainManager$Toolchain]: #######################  End [Toolchain 1] #######################
 --- Results ---
 * Results from de.uni_freiburg.informatik.ultimate.core:
  - StatisticsResult: Toolchain Benchmarks
    Benchmark results are:
 * Boogie PL CUP Parser took 0.16ms. Allocated memory is still 519.1MB. Free memory is still 488.9MB. There was no memory consumed. Max. memory is 4.2GB.
 * Boogie Procedure Inliner took 95.79ms. Allocated memory is still 519.1MB. Free memory was 481.7MB in the beginning and 477.4MB in the end (delta: 4.3MB). Peak memory consumption was 4.3MB. Max. memory is 4.2GB.
 * Boogie Preprocessor took 64.94ms. Allocated memory is still 519.1MB. Free memory was 477.4MB in the beginning and 474.5MB in the end (delta: 2.9MB). Peak memory consumption was 2.9MB. Max. memory is 4.2GB.
 * RCFGBuilder took 1453.90ms. Allocated memory is still 519.1MB. Free memory was 474.5MB in the beginning and 417.1MB in the end (delta: 57.5MB). Peak memory consumption was 57.5MB. Max. memory is 4.2GB.
 * TraceAbstraction took 42519.36ms. Allocated memory is still 519.1MB. Free memory was 415.6MB in the beginning and 367.2MB in the end (delta: 48.5MB). Peak memory consumption was 74.2MB. Max. memory is 4.2GB.
 * Results from de.uni_freiburg.informatik.ultimate.plugins.generator.traceabstraction:
  - StatisticsResult: ErrorAutomatonStatistics
    NumberErrorTraces: 0, NumberStatementsAllTraces: 0, NumberRelevantStatements: 0, 0.0s ErrorAutomatonConstructionTimeTotal, 0.0s FaulLocalizationTime, NumberStatementsFirstTrace: -1, TraceLengthAvg: 0, 0.0s ErrorAutomatonConstructionTimeAvg, 0.0s ErrorAutomatonDifferenceTimeAvg, 0.0s ErrorAutomatonDifferenceTimeTotal, NumberOfNoEnhancement: 0, NumberOfFiniteEnhancement: 0, NumberOfInfiniteEnhancement: 0
  - PositiveResult [Line: 1587]: assertion always holds
    For all program executions holds that assertion always holds at this location
  - StatisticsResult: Ultimate Automizer benchmark data
    CFG has 10 procedures, 244 locations, 483 edges, 1 error locations. Started 1 CEGAR loops. OverallTime: 21.0s, OverallIterations: 23, TraceHistogramMax: 1, PathProgramHistogramMax: 1, EmptinessCheckTime: 0.1s, AutomataDifference: 6.9s, DeadEndRemovalTime: 0.0s, HoareAnnotationTime: 0.0s, InitialAbstractionConstructionTime: 0.0s, HoareTripleCheckerStatistics: 3 mSolverCounterUnknown, 7145 SdHoareTripleChecker+Valid, 5.7s IncrementalHoareTripleChecker+Time, 0 mSdLazyCounter, 7144 mSDsluCounter, 12987 SdHoareTripleChecker+Invalid, 4.9s Time, 0 mProtectedAction, 0 SdHoareTripleChecker+Unchecked, 0 IncrementalHoareTripleChecker+Unchecked, 5736 mSDsCounter, 2158 IncrementalHoareTripleChecker+Valid, 0 mProtectedPredicate, 3424 IncrementalHoareTripleChecker+Invalid, 5585 SdHoareTripleChecker+Unknown, 0 mSolverCounterNotChecked, 2158 mSolverCounterUnsat, 7251 mSDtfsCounter, 3424 mSolverCounterSat, 0.1s SdHoareTripleChecker+Time, 3 IncrementalHoareTripleChecker+Unknown, PredicateUnifierStatistics: 0 DeclaredPredicates, 3443 GetRequests, 3361 SyntacticMatches, 0 SemanticMatches, 82 ConstructedPredicates, 0 IntricatePredicates, 0 DeprecatedPredicates, 53 ImplicationChecksByTransitivity, 0.6s Time, 0.0s BasicInterpolantAutomatonTime, BiggestAbstraction: size=458occurred in iteration=16, InterpolantAutomatonStates: 97, traceCheckStatistics: No data available, InterpolantConsolidationStatistics: No data available, PathInvariantsStatistics: No data available, 0/0 InterpolantCoveringCapability, TotalInterpolationStatistics: No data available, 0.0s DumpTime, AutomataMinimizationStatistics: 0.7s AutomataMinimizationTime, 23 MinimizatonAttempts, 391 StatesRemovedByMinimization, 8 NontrivialMinimizations, HoareAnnotationStatistics: No data available, RefinementEngineStatistics: TRACE_CHECK: 0.7s SsaConstructionTime, 1.0s SatisfiabilityAnalysisTime, 5.1s InterpolantComputationTime, 1726 NumberOfCodeBlocks, 1726 NumberOfCodeBlocksAsserted, 23 NumberOfCheckSat, 3406 ConstructedInterpolants, 22 QuantifiedInterpolants, 7469 SizeOfPredicates, 83 NumberOfNonLiveVariables, 7229 ConjunctsInSsa, 71 ConjunctsInUnsatCore, 46 InterpolantComputations, 46 PerfectInterpolantSequences, 0/0 InterpolantCoveringCapability, INVARIANT_SYNTHESIS: No data available, INTERPOLANT_CONSOLIDATION: No data available, ABSTRACT_INTERPRETATION: No data available, PDR: No data available, ACCELERATED_INTERPOLATION: No data available, SIFA: No data available, ReuseStatistics: No data available, ConComCheckerStatistics: No data available
  - AllSpecificationsHoldResult: All specifications hold
    1 specifications checked. All of them hold
  - ProcedureContractResult [Line: 502]: Procedure Contract for clientTrack_partitionswitchIngress_forward_special_get_response
    Derived contract for procedure clientTrack_partitionswitchIngress_forward_special_get_response. Requires: (((!clientTrack_p4b_clone_i2i && !clientTrack_p4b_clone_e2e) && !clientTrack_p4b_recirculate) && ~bvadd~1(1bv1, clientTrack_meta.is_spine) == 0bv1) && !clientTrack_p4b_clone_i2e. Ensures: (((!clientTrack_p4b_clone_i2i && !clientTrack_p4b_clone_e2e) && !clientTrack_p4b_recirculate) && ~bvadd~1(1bv1, clientTrack_meta.is_spine) == 0bv1) && !clientTrack_p4b_clone_i2e. Modifies: [].
  - ProcedureContractResult [Line: 329]: Procedure Contract for clientTrack_partitionswitchEgress_update_ipmac_srcport_server2client
    Derived contract for procedure clientTrack_partitionswitchEgress_update_ipmac_srcport_server2client. Requires: (exists old(clientTrack_hdr.ipv4_hdr.dstAddr) : bv32 :: (((((((((((((((((((8201bv16 == io_hdr.op_hdr.optype && !clientTrack_p4b_clone_i2i) && !clientTrack_p4b_clone_e2e) && !clientTrack_partitionswitchIngress_ipv4_forward_tbl.hit) && !clientTrack_p4b_recirculate) && 5008bv16 == clientTrack_hdr.udp_hdr.dstPort) && clientTrack_hdr.ethernet_hdr.etherType == 2048bv16) && clientTrack_isValid[clientTrack_hdr.op_hdr]) && io_hdr.ipv4_hdr.protocol == 17bv8) && 1bv9 == clientTrack_standard_metadata.egress_port) && 9bv16 == clientTrack_hdr.op_hdr.optype) && 5008bv16 == io_hdr.udp_hdr.dstPort) && old_clientTrack_hdr.ipv4_hdr.dstAddr_ == 0bv32) && 17bv8 == clientTrack_hdr.ipv4_hdr.protocol) && !clientTrack_partitionswitchEgress_eg_port_forward_tbl.hit) && clientTrack_partitionswitchIngress_poweroftwochoice_tbl.action_run == clientTrack_partitionswitchIngress_poweroftwochoice_tbl.action.partitionswitchIngress_update_leaf_load) && io_hdr.ipv4_hdr.dstAddr == 0bv32) && !clientTrack_p4b_clone_i2e) && io_hdr.ethernet_hdr.etherType == 2048bv16) || ((((!clientTrack_p4b_clone_i2i && !clientTrack_p4b_clone_e2e) && !clientTrack_p4b_recirculate) && ~bvadd~1(1bv1, clientTrack_meta.is_spine) == 0bv1) && !clientTrack_p4b_clone_i2e)) && (((((((((((((((clientTrack_partitionswitchEgress_eg_port_forward_tbl.hit || !clientTrack_isValid[clientTrack_hdr.op_hdr]) || 5008bv16 != io_hdr.udp_hdr.dstPort) || 5008bv16 != clientTrack_hdr.udp_hdr.dstPort) || 17bv8 != clientTrack_hdr.ipv4_hdr.protocol) || old_clientTrack_hdr.ipv4_hdr.dstAddr_ != 0bv32) || 9bv16 != clientTrack_hdr.op_hdr.optype) || io_hdr.ipv4_hdr.dstAddr != 0bv32) || io_hdr.ipv4_hdr.protocol != 17bv8) || io_hdr.ethernet_hdr.etherType != 2048bv16) || clientTrack_partitionswitchIngress_poweroftwochoice_tbl.action_run != clientTrack_partitionswitchIngress_poweroftwochoice_tbl.action.partitionswitchIngress_update_leaf_load) || 0bv32 == clientTrack_hdr.ipv4_hdr.dstAddr) || clientTrack_partitionswitchIngress_ipv4_forward_tbl.hit) || clientTrack_hdr.ethernet_hdr.etherType != 2048bv16) || 1bv9 != clientTrack_standard_metadata.egress_port) || 8201bv16 != io_hdr.op_hdr.optype)). Ensures: ((((((((((((((((((8201bv16 == io_hdr.op_hdr.optype && !clientTrack_p4b_clone_i2i) && !clientTrack_p4b_clone_e2e) && !clientTrack_partitionswitchIngress_ipv4_forward_tbl.hit) && !clientTrack_p4b_recirculate) && 5008bv16 == clientTrack_hdr.udp_hdr.dstPort) && clientTrack_hdr.ethernet_hdr.etherType == 2048bv16) && clientTrack_isValid[clientTrack_hdr.op_hdr]) && io_hdr.ipv4_hdr.protocol == 17bv8) && 1bv9 == clientTrack_standard_metadata.egress_port) && 9bv16 == clientTrack_hdr.op_hdr.optype) && 5008bv16 == io_hdr.udp_hdr.dstPort) && old(clientTrack_hdr.ipv4_hdr.dstAddr) == 0bv32) && 17bv8 == clientTrack_hdr.ipv4_hdr.protocol) && !clientTrack_partitionswitchEgress_eg_port_forward_tbl.hit) && clientTrack_partitionswitchIngress_poweroftwochoice_tbl.action_run == clientTrack_partitionswitchIngress_poweroftwochoice_tbl.action.partitionswitchIngress_update_leaf_load) && io_hdr.ipv4_hdr.dstAddr == 0bv32) && !clientTrack_p4b_clone_i2e) && io_hdr.ethernet_hdr.etherType == 2048bv16) || ((((!clientTrack_p4b_clone_i2i && !clientTrack_p4b_clone_e2e) && !clientTrack_p4b_recirculate) && ~bvadd~1(1bv1, clientTrack_meta.is_spine) == 0bv1) && !clientTrack_p4b_clone_i2e). Modifies: [clientTrack_hdr.ipv4_hdr.dstAddr].
  - ProcedureContractResult [Line: 1584]: Procedure Contract for __wraparound_assert
    Derived contract for procedure __wraparound_assert. Requires: ((((((((((((((((((((!clientTrack_p4b_clone_i2i && !clientTrack_p4b_clone_e2e) && !clientTrack_partitionswitchIngress_ipv4_forward_tbl.hit) && !clientTrack_p4b_recirculate) && 5008bv16 == clientTrack_hdr.udp_hdr.dstPort) && 9bv16 != io_hdr.op_hdr.optype) && 1bv16 != clientTrack_hdr.op_hdr.optype) && clientTrack_hdr.ethernet_hdr.etherType == 2048bv16) && clientTrack_isValid[clientTrack_hdr.op_hdr]) && io_hdr.ipv4_hdr.protocol == 17bv8) && 0bv32 == add.bv32(1bv32, clientTrack_partitionswitchIngress_leafload_reg[2bv32])) && 5008bv16 == io_hdr.udp_hdr.dstPort) && 17bv8 == clientTrack_hdr.ipv4_hdr.protocol) && !clientTrack_partitionswitchEgress_eg_port_forward_tbl.hit) && cond) && io_hdr.ipv4_hdr.dstAddr == 0bv32) && 1bv16 != io_hdr.op_hdr.optype) && (forall qquantified_i#1 : bv32 :: 0bv32 == clientTrack_partitionswitchIngress_leafload_reg[qquantified_i#1] || 2bv32 == qquantified_i#1)) && !clientTrack_p4b_clone_i2e) && io_hdr.ethernet_hdr.etherType == 2048bv16) || ((((((((((((((((((!clientTrack_p4b_clone_i2i && !clientTrack_p4b_clone_e2e) && !clientTrack_partitionswitchIngress_ipv4_forward_tbl.hit) && !clientTrack_p4b_recirculate) && 5008bv16 == clientTrack_hdr.udp_hdr.dstPort) && 9bv16 != io_hdr.op_hdr.optype) && 1bv16 != clientTrack_hdr.op_hdr.optype) && clientTrack_hdr.ethernet_hdr.etherType == 2048bv16) && clientTrack_isValid[clientTrack_hdr.op_hdr]) && io_hdr.ipv4_hdr.protocol == 17bv8) && 5008bv16 == io_hdr.udp_hdr.dstPort) && 17bv8 == clientTrack_hdr.ipv4_hdr.protocol) && !clientTrack_partitionswitchEgress_eg_port_forward_tbl.hit) && clientTrack_partitionswitchIngress_poweroftwochoice_tbl.action_run == clientTrack_partitionswitchIngress_poweroftwochoice_tbl.action.partitionswitchIngress_update_leaf_load) && cond) && io_hdr.ipv4_hdr.dstAddr == 0bv32) && 1bv16 != io_hdr.op_hdr.optype) && !clientTrack_p4b_clone_i2e) && io_hdr.ethernet_hdr.etherType == 2048bv16)) || (((((!clientTrack_p4b_clone_i2i && !clientTrack_p4b_clone_e2e) && !clientTrack_p4b_recirculate) && ~bvadd~1(1bv1, clientTrack_meta.is_spine) == 0bv1) && cond) && !clientTrack_p4b_clone_i2e). Ensures: ((((((((((((((((((((!clientTrack_p4b_clone_i2i && !clientTrack_p4b_clone_e2e) && !clientTrack_partitionswitchIngress_ipv4_forward_tbl.hit) && !clientTrack_p4b_recirculate) && 5008bv16 == clientTrack_hdr.udp_hdr.dstPort) && 9bv16 != io_hdr.op_hdr.optype) && 1bv16 != clientTrack_hdr.op_hdr.optype) && clientTrack_hdr.ethernet_hdr.etherType == 2048bv16) && clientTrack_isValid[clientTrack_hdr.op_hdr]) && io_hdr.ipv4_hdr.protocol == 17bv8) && 0bv32 == add.bv32(1bv32, clientTrack_partitionswitchIngress_leafload_reg[2bv32])) && 5008bv16 == io_hdr.udp_hdr.dstPort) && 17bv8 == clientTrack_hdr.ipv4_hdr.protocol) && !clientTrack_partitionswitchEgress_eg_port_forward_tbl.hit) && cond) && io_hdr.ipv4_hdr.dstAddr == 0bv32) && 1bv16 != io_hdr.op_hdr.optype) && (forall qquantified_i#1 : bv32 :: 0bv32 == clientTrack_partitionswitchIngress_leafload_reg[qquantified_i#1] || 2bv32 == qquantified_i#1)) && !clientTrack_p4b_clone_i2e) && io_hdr.ethernet_hdr.etherType == 2048bv16) || ((((((((((((((((((!clientTrack_p4b_clone_i2i && !clientTrack_p4b_clone_e2e) && !clientTrack_partitionswitchIngress_ipv4_forward_tbl.hit) && !clientTrack_p4b_recirculate) && 5008bv16 == clientTrack_hdr.udp_hdr.dstPort) && 9bv16 != io_hdr.op_hdr.optype) && 1bv16 != clientTrack_hdr.op_hdr.optype) && clientTrack_hdr.ethernet_hdr.etherType == 2048bv16) && clientTrack_isValid[clientTrack_hdr.op_hdr]) && io_hdr.ipv4_hdr.protocol == 17bv8) && 5008bv16 == io_hdr.udp_hdr.dstPort) && 17bv8 == clientTrack_hdr.ipv4_hdr.protocol) && !clientTrack_partitionswitchEgress_eg_port_forward_tbl.hit) && clientTrack_partitionswitchIngress_poweroftwochoice_tbl.action_run == clientTrack_partitionswitchIngress_poweroftwochoice_tbl.action.partitionswitchIngress_update_leaf_load) && cond) && io_hdr.ipv4_hdr.dstAddr == 0bv32) && 1bv16 != io_hdr.op_hdr.optype) && !clientTrack_p4b_clone_i2e) && io_hdr.ethernet_hdr.etherType == 2048bv16)) || (((((!clientTrack_p4b_clone_i2i && !clientTrack_p4b_clone_e2e) && !clientTrack_p4b_recirculate) && ~bvadd~1(1bv1, clientTrack_meta.is_spine) == 0bv1) && cond) && !clientTrack_p4b_clone_i2e). Modifies: [].
  - ProcedureContractResult [Line: 507]: Procedure Contract for clientTrack_partitionswitchIngress_hash_for_partition
    Derived contract for procedure clientTrack_partitionswitchIngress_hash_for_partition. Requires: ((((((((((((((((8201bv16 == io_hdr.op_hdr.optype && !clientTrack_p4b_clone_i2i) && 8201bv16 == clientTrack_hdr.op_hdr.optype) && !clientTrack_p4b_clone_e2e) && !clientTrack_p4b_recirculate) && 5008bv16 == clientTrack_hdr.udp_hdr.dstPort) && clientTrack_hdr.ethernet_hdr.etherType == 2048bv16) && clientTrack_isValid[clientTrack_hdr.op_hdr]) && io_hdr.ipv4_hdr.protocol == 17bv8) && 0bv32 == add.bv32(1bv32, clientTrack_partitionswitchIngress_leafload_reg[2bv32])) && 5008bv16 == io_hdr.udp_hdr.dstPort) && 17bv8 == clientTrack_hdr.ipv4_hdr.protocol) && 0bv32 == clientTrack_hdr.ipv4_hdr.dstAddr) && io_hdr.ipv4_hdr.dstAddr == 0bv32) && (forall qquantified_i#1 : bv32 :: 0bv32 == clientTrack_partitionswitchIngress_leafload_reg[qquantified_i#1] || 2bv32 == qquantified_i#1)) && !clientTrack_p4b_clone_i2e) && io_hdr.ethernet_hdr.etherType == 2048bv16) || ((((((((((((((((!clientTrack_p4b_clone_i2i && !clientTrack_p4b_clone_e2e) && 48bv16 == clientTrack_hdr.op_hdr.optype) && !clientTrack_p4b_recirculate) && 5008bv16 == clientTrack_hdr.udp_hdr.dstPort) && clientTrack_hdr.ethernet_hdr.etherType == 2048bv16) && clientTrack_isValid[clientTrack_hdr.op_hdr]) && io_hdr.ipv4_hdr.protocol == 17bv8) && 0bv32 == add.bv32(1bv32, clientTrack_partitionswitchIngress_leafload_reg[2bv32])) && 5008bv16 == io_hdr.udp_hdr.dstPort) && 17bv8 == clientTrack_hdr.ipv4_hdr.protocol) && 0bv32 == clientTrack_hdr.ipv4_hdr.dstAddr) && 48bv16 == io_hdr.op_hdr.optype) && io_hdr.ipv4_hdr.dstAddr == 0bv32) && (forall qquantified_i#1 : bv32 :: 0bv32 == clientTrack_partitionswitchIngress_leafload_reg[qquantified_i#1] || 2bv32 == qquantified_i#1)) && !clientTrack_p4b_clone_i2e) && io_hdr.ethernet_hdr.etherType == 2048bv16). Ensures: ((((((((((((((((8201bv16 == io_hdr.op_hdr.optype && !clientTrack_p4b_clone_i2i) && 8201bv16 == clientTrack_hdr.op_hdr.optype) && !clientTrack_p4b_clone_e2e) && !clientTrack_p4b_recirculate) && 5008bv16 == clientTrack_hdr.udp_hdr.dstPort) && clientTrack_hdr.ethernet_hdr.etherType == 2048bv16) && clientTrack_isValid[clientTrack_hdr.op_hdr]) && io_hdr.ipv4_hdr.protocol == 17bv8) && 0bv32 == add.bv32(1bv32, clientTrack_partitionswitchIngress_leafload_reg[2bv32])) && 5008bv16 == io_hdr.udp_hdr.dstPort) && 17bv8 == clientTrack_hdr.ipv4_hdr.protocol) && 0bv32 == clientTrack_hdr.ipv4_hdr.dstAddr) && io_hdr.ipv4_hdr.dstAddr == 0bv32) && (forall qquantified_i#1 : bv32 :: 0bv32 == clientTrack_partitionswitchIngress_leafload_reg[qquantified_i#1] || 2bv32 == qquantified_i#1)) && !clientTrack_p4b_clone_i2e) && io_hdr.ethernet_hdr.etherType == 2048bv16) || ((((((((((((((((!clientTrack_p4b_clone_i2i && !clientTrack_p4b_clone_e2e) && 48bv16 == clientTrack_hdr.op_hdr.optype) && !clientTrack_p4b_recirculate) && 5008bv16 == clientTrack_hdr.udp_hdr.dstPort) && clientTrack_hdr.ethernet_hdr.etherType == 2048bv16) && clientTrack_isValid[clientTrack_hdr.op_hdr]) && io_hdr.ipv4_hdr.protocol == 17bv8) && 0bv32 == add.bv32(1bv32, clientTrack_partitionswitchIngress_leafload_reg[2bv32])) && 5008bv16 == io_hdr.udp_hdr.dstPort) && 17bv8 == clientTrack_hdr.ipv4_hdr.protocol) && 0bv32 == clientTrack_hdr.ipv4_hdr.dstAddr) && 48bv16 == io_hdr.op_hdr.optype) && io_hdr.ipv4_hdr.dstAddr == 0bv32) && (forall qquantified_i#1 : bv32 :: 0bv32 == clientTrack_partitionswitchIngress_leafload_reg[qquantified_i#1] || 2bv32 == qquantified_i#1)) && !clientTrack_p4b_clone_i2e) && io_hdr.ethernet_hdr.etherType == 2048bv16). Modifies: [clientTrack_meta.hashval_for_spine_partition, clientTrack_meta.hashval_for_partition].
  - ProcedureContractResult [Line: 497]: Procedure Contract for clientTrack_partitionswitchIngress_forward_normal_response
    Derived contract for procedure clientTrack_partitionswitchIngress_forward_normal_response. Requires: (((!clientTrack_p4b_clone_i2i && !clientTrack_p4b_clone_e2e) && !clientTrack_p4b_recirculate) && ~bvadd~1(1bv1, clientTrack_meta.is_spine) == 0bv1) && !clientTrack_p4b_clone_i2e. Ensures: (((!clientTrack_p4b_clone_i2i && !clientTrack_p4b_clone_e2e) && !clientTrack_p4b_recirculate) && ~bvadd~1(1bv1, clientTrack_meta.is_spine) == 0bv1) && !clientTrack_p4b_clone_i2e. Modifies: [].
  - ProcedureContractResult [Line: 762]: Procedure Contract for clientTrack_partitionswitchIngress_hash_spine_partition
    Derived contract for procedure clientTrack_partitionswitchIngress_hash_spine_partition. Requires: ((((((((((((((((8201bv16 == io_hdr.op_hdr.optype && !clientTrack_p4b_clone_i2i) && 8201bv16 == clientTrack_hdr.op_hdr.optype) && !clientTrack_p4b_clone_e2e) && !clientTrack_p4b_recirculate) && 5008bv16 == clientTrack_hdr.udp_hdr.dstPort) && clientTrack_hdr.ethernet_hdr.etherType == 2048bv16) && clientTrack_isValid[clientTrack_hdr.op_hdr]) && io_hdr.ipv4_hdr.protocol == 17bv8) && 0bv32 == add.bv32(1bv32, clientTrack_partitionswitchIngress_leafload_reg[2bv32])) && 5008bv16 == io_hdr.udp_hdr.dstPort) && 17bv8 == clientTrack_hdr.ipv4_hdr.protocol) && 0bv32 == clientTrack_hdr.ipv4_hdr.dstAddr) && io_hdr.ipv4_hdr.dstAddr == 0bv32) && (forall qquantified_i#1 : bv32 :: 0bv32 == clientTrack_partitionswitchIngress_leafload_reg[qquantified_i#1] || 2bv32 == qquantified_i#1)) && !clientTrack_p4b_clone_i2e) && io_hdr.ethernet_hdr.etherType == 2048bv16) || ((((((((((((((((!clientTrack_p4b_clone_i2i && !clientTrack_p4b_clone_e2e) && 48bv16 == clientTrack_hdr.op_hdr.optype) && !clientTrack_p4b_recirculate) && 5008bv16 == clientTrack_hdr.udp_hdr.dstPort) && clientTrack_hdr.ethernet_hdr.etherType == 2048bv16) && clientTrack_isValid[clientTrack_hdr.op_hdr]) && io_hdr.ipv4_hdr.protocol == 17bv8) && 0bv32 == add.bv32(1bv32, clientTrack_partitionswitchIngress_leafload_reg[2bv32])) && 5008bv16 == io_hdr.udp_hdr.dstPort) && 17bv8 == clientTrack_hdr.ipv4_hdr.protocol) && 0bv32 == clientTrack_hdr.ipv4_hdr.dstAddr) && 48bv16 == io_hdr.op_hdr.optype) && io_hdr.ipv4_hdr.dstAddr == 0bv32) && (forall qquantified_i#1 : bv32 :: 0bv32 == clientTrack_partitionswitchIngress_leafload_reg[qquantified_i#1] || 2bv32 == qquantified_i#1)) && !clientTrack_p4b_clone_i2e) && io_hdr.ethernet_hdr.etherType == 2048bv16). Ensures: ((((((((((((((((8201bv16 == io_hdr.op_hdr.optype && !clientTrack_p4b_clone_i2i) && 8201bv16 == clientTrack_hdr.op_hdr.optype) && !clientTrack_p4b_clone_e2e) && !clientTrack_p4b_recirculate) && 5008bv16 == clientTrack_hdr.udp_hdr.dstPort) && clientTrack_hdr.ethernet_hdr.etherType == 2048bv16) && clientTrack_isValid[clientTrack_hdr.op_hdr]) && io_hdr.ipv4_hdr.protocol == 17bv8) && 0bv32 == add.bv32(1bv32, clientTrack_partitionswitchIngress_leafload_reg[2bv32])) && 5008bv16 == io_hdr.udp_hdr.dstPort) && 17bv8 == clientTrack_hdr.ipv4_hdr.protocol) && 0bv32 == clientTrack_hdr.ipv4_hdr.dstAddr) && io_hdr.ipv4_hdr.dstAddr == 0bv32) && (forall qquantified_i#1 : bv32 :: 0bv32 == clientTrack_partitionswitchIngress_leafload_reg[qquantified_i#1] || 2bv32 == qquantified_i#1)) && !clientTrack_p4b_clone_i2e) && io_hdr.ethernet_hdr.etherType == 2048bv16) || ((((((((((((((((!clientTrack_p4b_clone_i2i && !clientTrack_p4b_clone_e2e) && 48bv16 == clientTrack_hdr.op_hdr.optype) && !clientTrack_p4b_recirculate) && 5008bv16 == clientTrack_hdr.udp_hdr.dstPort) && clientTrack_hdr.ethernet_hdr.etherType == 2048bv16) && clientTrack_isValid[clientTrack_hdr.op_hdr]) && io_hdr.ipv4_hdr.protocol == 17bv8) && 0bv32 == add.bv32(1bv32, clientTrack_partitionswitchIngress_leafload_reg[2bv32])) && 5008bv16 == io_hdr.udp_hdr.dstPort) && 17bv8 == clientTrack_hdr.ipv4_hdr.protocol) && 0bv32 == clientTrack_hdr.ipv4_hdr.dstAddr) && 48bv16 == io_hdr.op_hdr.optype) && io_hdr.ipv4_hdr.dstAddr == 0bv32) && (forall qquantified_i#1 : bv32 :: 0bv32 == clientTrack_partitionswitchIngress_leafload_reg[qquantified_i#1] || 2bv32 == qquantified_i#1)) && !clientTrack_p4b_clone_i2e) && io_hdr.ethernet_hdr.etherType == 2048bv16). Modifies: [clientTrack_meta.spineswitchidx].
  - ProcedureContractResult [Line: 634]: Procedure Contract for clientTrack_partitionswitchIngress_hash_leaf_partition
    Derived contract for procedure clientTrack_partitionswitchIngress_hash_leaf_partition. Requires: ((((((((((((((((8201bv16 == io_hdr.op_hdr.optype && !clientTrack_p4b_clone_i2i) && 8201bv16 == clientTrack_hdr.op_hdr.optype) && !clientTrack_p4b_clone_e2e) && !clientTrack_p4b_recirculate) && 5008bv16 == clientTrack_hdr.udp_hdr.dstPort) && clientTrack_hdr.ethernet_hdr.etherType == 2048bv16) && clientTrack_isValid[clientTrack_hdr.op_hdr]) && io_hdr.ipv4_hdr.protocol == 17bv8) && 0bv32 == add.bv32(1bv32, clientTrack_partitionswitchIngress_leafload_reg[2bv32])) && 5008bv16 == io_hdr.udp_hdr.dstPort) && 17bv8 == clientTrack_hdr.ipv4_hdr.protocol) && 0bv32 == clientTrack_hdr.ipv4_hdr.dstAddr) && io_hdr.ipv4_hdr.dstAddr == 0bv32) && (forall qquantified_i#1 : bv32 :: 0bv32 == clientTrack_partitionswitchIngress_leafload_reg[qquantified_i#1] || 2bv32 == qquantified_i#1)) && !clientTrack_p4b_clone_i2e) && io_hdr.ethernet_hdr.etherType == 2048bv16) || ((((((((((((((((!clientTrack_p4b_clone_i2i && !clientTrack_p4b_clone_e2e) && 48bv16 == clientTrack_hdr.op_hdr.optype) && !clientTrack_p4b_recirculate) && 5008bv16 == clientTrack_hdr.udp_hdr.dstPort) && clientTrack_hdr.ethernet_hdr.etherType == 2048bv16) && clientTrack_isValid[clientTrack_hdr.op_hdr]) && io_hdr.ipv4_hdr.protocol == 17bv8) && 0bv32 == add.bv32(1bv32, clientTrack_partitionswitchIngress_leafload_reg[2bv32])) && 5008bv16 == io_hdr.udp_hdr.dstPort) && 17bv8 == clientTrack_hdr.ipv4_hdr.protocol) && 0bv32 == clientTrack_hdr.ipv4_hdr.dstAddr) && 48bv16 == io_hdr.op_hdr.optype) && io_hdr.ipv4_hdr.dstAddr == 0bv32) && (forall qquantified_i#1 : bv32 :: 0bv32 == clientTrack_partitionswitchIngress_leafload_reg[qquantified_i#1] || 2bv32 == qquantified_i#1)) && !clientTrack_p4b_clone_i2e) && io_hdr.ethernet_hdr.etherType == 2048bv16). Ensures: ((((((((((((((((8201bv16 == io_hdr.op_hdr.optype && !clientTrack_p4b_clone_i2i) && 8201bv16 == clientTrack_hdr.op_hdr.optype) && !clientTrack_p4b_clone_e2e) && !clientTrack_p4b_recirculate) && 5008bv16 == clientTrack_hdr.udp_hdr.dstPort) && clientTrack_hdr.ethernet_hdr.etherType == 2048bv16) && clientTrack_isValid[clientTrack_hdr.op_hdr]) && io_hdr.ipv4_hdr.protocol == 17bv8) && 0bv32 == add.bv32(1bv32, clientTrack_partitionswitchIngress_leafload_reg[2bv32])) && 5008bv16 == io_hdr.udp_hdr.dstPort) && 17bv8 == clientTrack_hdr.ipv4_hdr.protocol) && 0bv32 == clientTrack_hdr.ipv4_hdr.dstAddr) && io_hdr.ipv4_hdr.dstAddr == 0bv32) && (forall qquantified_i#1 : bv32 :: 0bv32 == clientTrack_partitionswitchIngress_leafload_reg[qquantified_i#1] || 2bv32 == qquantified_i#1)) && !clientTrack_p4b_clone_i2e) && io_hdr.ethernet_hdr.etherType == 2048bv16) || ((((((((((((((((!clientTrack_p4b_clone_i2i && !clientTrack_p4b_clone_e2e) && 48bv16 == clientTrack_hdr.op_hdr.optype) && !clientTrack_p4b_recirculate) && 5008bv16 == clientTrack_hdr.udp_hdr.dstPort) && clientTrack_hdr.ethernet_hdr.etherType == 2048bv16) && clientTrack_isValid[clientTrack_hdr.op_hdr]) && io_hdr.ipv4_hdr.protocol == 17bv8) && 0bv32 == add.bv32(1bv32, clientTrack_partitionswitchIngress_leafload_reg[2bv32])) && 5008bv16 == io_hdr.udp_hdr.dstPort) && 17bv8 == clientTrack_hdr.ipv4_hdr.protocol) && 0bv32 == clientTrack_hdr.ipv4_hdr.dstAddr) && 48bv16 == io_hdr.op_hdr.optype) && io_hdr.ipv4_hdr.dstAddr == 0bv32) && (forall qquantified_i#1 : bv32 :: 0bv32 == clientTrack_partitionswitchIngress_leafload_reg[qquantified_i#1] || 2bv32 == qquantified_i#1)) && !clientTrack_p4b_clone_i2e) && io_hdr.ethernet_hdr.etherType == 2048bv16). Modifies: [clientTrack_meta.leafswitchidx].
  - ProcedureContractResult [Line: 1256]: Procedure Contract for clientTrack_Forward
    Derived contract for procedure clientTrack_Forward. Requires: (((((((((((((((((((((!clientTrack_p4b_clone_i2i && !clientTrack_p4b_clone_e2e) && !clientTrack_partitionswitchEgress_update_ipmac_srcport_tbl.hit) && !clientTrack_partitionswitchIngress_ipv4_forward_tbl.hit) && !clientTrack_p4b_recirculate) && 5008bv16 == clientTrack_hdr.udp_hdr.dstPort) && 9bv16 != io_hdr.op_hdr.optype) && 1bv16 != clientTrack_hdr.op_hdr.optype) && clientTrack_hdr.ethernet_hdr.etherType == 2048bv16) && clientTrack_isValid[clientTrack_hdr.op_hdr]) && io_hdr.ipv4_hdr.protocol == 17bv8) && 5008bv16 == io_hdr.udp_hdr.dstPort) && 17bv8 == clientTrack_hdr.ipv4_hdr.protocol) && 0bv32 == clientTrack_hdr.ipv4_hdr.dstAddr) && !clientTrack_partitionswitchEgress_eg_port_forward_tbl.hit) && clientTrack_partitionswitchIngress_poweroftwochoice_tbl.action_run == clientTrack_partitionswitchIngress_poweroftwochoice_tbl.action.partitionswitchIngress_update_leaf_load) && io_hdr.ipv4_hdr.dstAddr == 0bv32) && 1bv16 != io_hdr.op_hdr.optype) && !clientTrack_p4b_clone_i2e) && io_hdr.ethernet_hdr.etherType == 2048bv16) || (((((((((((((((((8201bv16 == io_hdr.op_hdr.optype && !clientTrack_p4b_clone_i2i) && !clientTrack_p4b_clone_e2e) && !clientTrack_partitionswitchIngress_ipv4_forward_tbl.hit) && !clientTrack_p4b_recirculate) && 5008bv16 == clientTrack_hdr.udp_hdr.dstPort) && 1bv16 != clientTrack_hdr.op_hdr.optype) && clientTrack_hdr.ethernet_hdr.etherType == 2048bv16) && clientTrack_isValid[clientTrack_hdr.op_hdr]) && io_hdr.ipv4_hdr.protocol == 17bv8) && 1bv9 == clientTrack_standard_metadata.egress_port) && 5008bv16 == io_hdr.udp_hdr.dstPort) && 17bv8 == clientTrack_hdr.ipv4_hdr.protocol) && !clientTrack_partitionswitchEgress_eg_port_forward_tbl.hit) && clientTrack_partitionswitchIngress_poweroftwochoice_tbl.action_run == clientTrack_partitionswitchIngress_poweroftwochoice_tbl.action.partitionswitchIngress_update_leaf_load) && io_hdr.ipv4_hdr.dstAddr == 0bv32) && !clientTrack_p4b_clone_i2e) && io_hdr.ethernet_hdr.etherType == 2048bv16)) || ((((((((((((((((((((!clientTrack_p4b_clone_i2i && !clientTrack_p4b_clone_e2e) && !clientTrack_partitionswitchEgress_update_ipmac_srcport_tbl.hit) && !clientTrack_partitionswitchIngress_ipv4_forward_tbl.hit) && !clientTrack_p4b_recirculate) && 5008bv16 == clientTrack_hdr.udp_hdr.dstPort) && 9bv16 != io_hdr.op_hdr.optype) && 1bv16 != clientTrack_hdr.op_hdr.optype) && clientTrack_hdr.ethernet_hdr.etherType == 2048bv16) && clientTrack_isValid[clientTrack_hdr.op_hdr]) && io_hdr.ipv4_hdr.protocol == 17bv8) && 0bv32 == add.bv32(1bv32, clientTrack_partitionswitchIngress_leafload_reg[2bv32])) && 5008bv16 == io_hdr.udp_hdr.dstPort) && 17bv8 == clientTrack_hdr.ipv4_hdr.protocol) && 0bv32 == clientTrack_hdr.ipv4_hdr.dstAddr) && !clientTrack_partitionswitchEgress_eg_port_forward_tbl.hit) && io_hdr.ipv4_hdr.dstAddr == 0bv32) && 1bv16 != io_hdr.op_hdr.optype) && (forall qquantified_i#1 : bv32 :: 0bv32 == clientTrack_partitionswitchIngress_leafload_reg[qquantified_i#1] || 2bv32 == qquantified_i#1)) && !clientTrack_p4b_clone_i2e) && io_hdr.ethernet_hdr.etherType == 2048bv16)) || ((((!clientTrack_p4b_clone_i2i && !clientTrack_p4b_clone_e2e) && !clientTrack_p4b_recirculate) && ~bvadd~1(1bv1, clientTrack_meta.is_spine) == 0bv1) && !clientTrack_p4b_clone_i2e). Ensures: (((((((((((((((((((((!clientTrack_p4b_clone_i2i && !clientTrack_p4b_clone_e2e) && !clientTrack_partitionswitchEgress_update_ipmac_srcport_tbl.hit) && !clientTrack_partitionswitchIngress_ipv4_forward_tbl.hit) && !clientTrack_p4b_recirculate) && 5008bv16 == clientTrack_hdr.udp_hdr.dstPort) && 9bv16 != io_hdr.op_hdr.optype) && 1bv16 != clientTrack_hdr.op_hdr.optype) && clientTrack_hdr.ethernet_hdr.etherType == 2048bv16) && clientTrack_isValid[clientTrack_hdr.op_hdr]) && io_hdr.ipv4_hdr.protocol == 17bv8) && 5008bv16 == io_hdr.udp_hdr.dstPort) && 17bv8 == clientTrack_hdr.ipv4_hdr.protocol) && 0bv32 == clientTrack_hdr.ipv4_hdr.dstAddr) && !clientTrack_partitionswitchEgress_eg_port_forward_tbl.hit) && clientTrack_partitionswitchIngress_poweroftwochoice_tbl.action_run == clientTrack_partitionswitchIngress_poweroftwochoice_tbl.action.partitionswitchIngress_update_leaf_load) && io_hdr.ipv4_hdr.dstAddr == 0bv32) && 1bv16 != io_hdr.op_hdr.optype) && !clientTrack_p4b_clone_i2e) && io_hdr.ethernet_hdr.etherType == 2048bv16) || (((((((((((((((((8201bv16 == io_hdr.op_hdr.optype && !clientTrack_p4b_clone_i2i) && !clientTrack_p4b_clone_e2e) && !clientTrack_partitionswitchIngress_ipv4_forward_tbl.hit) && !clientTrack_p4b_recirculate) && 5008bv16 == clientTrack_hdr.udp_hdr.dstPort) && 1bv16 != clientTrack_hdr.op_hdr.optype) && clientTrack_hdr.ethernet_hdr.etherType == 2048bv16) && clientTrack_isValid[clientTrack_hdr.op_hdr]) && io_hdr.ipv4_hdr.protocol == 17bv8) && 1bv9 == clientTrack_standard_metadata.egress_port) && 5008bv16 == io_hdr.udp_hdr.dstPort) && 17bv8 == clientTrack_hdr.ipv4_hdr.protocol) && !clientTrack_partitionswitchEgress_eg_port_forward_tbl.hit) && clientTrack_partitionswitchIngress_poweroftwochoice_tbl.action_run == clientTrack_partitionswitchIngress_poweroftwochoice_tbl.action.partitionswitchIngress_update_leaf_load) && io_hdr.ipv4_hdr.dstAddr == 0bv32) && !clientTrack_p4b_clone_i2e) && io_hdr.ethernet_hdr.etherType == 2048bv16)) || ((((((((((((((((((((!clientTrack_p4b_clone_i2i && !clientTrack_p4b_clone_e2e) && !clientTrack_partitionswitchEgress_update_ipmac_srcport_tbl.hit) && !clientTrack_partitionswitchIngress_ipv4_forward_tbl.hit) && !clientTrack_p4b_recirculate) && 5008bv16 == clientTrack_hdr.udp_hdr.dstPort) && 9bv16 != io_hdr.op_hdr.optype) && 1bv16 != clientTrack_hdr.op_hdr.optype) && clientTrack_hdr.ethernet_hdr.etherType == 2048bv16) && clientTrack_isValid[clientTrack_hdr.op_hdr]) && io_hdr.ipv4_hdr.protocol == 17bv8) && 0bv32 == add.bv32(1bv32, clientTrack_partitionswitchIngress_leafload_reg[2bv32])) && 5008bv16 == io_hdr.udp_hdr.dstPort) && 17bv8 == clientTrack_hdr.ipv4_hdr.protocol) && 0bv32 == clientTrack_hdr.ipv4_hdr.dstAddr) && !clientTrack_partitionswitchEgress_eg_port_forward_tbl.hit) && io_hdr.ipv4_hdr.dstAddr == 0bv32) && 1bv16 != io_hdr.op_hdr.optype) && (forall qquantified_i#1 : bv32 :: 0bv32 == clientTrack_partitionswitchIngress_leafload_reg[qquantified_i#1] || 2bv32 == qquantified_i#1)) && !clientTrack_p4b_clone_i2e) && io_hdr.ethernet_hdr.etherType == 2048bv16)) || ((((!clientTrack_p4b_clone_i2i && !clientTrack_p4b_clone_e2e) && !clientTrack_p4b_recirculate) && ~bvadd~1(1bv1, clientTrack_meta.is_spine) == 0bv1) && !clientTrack_p4b_clone_i2e). Modifies: [].
  - ProcedureContractResult [Line: 271]: Procedure Contract for clientTrack_mainProcedure
    Derived contract for procedure clientTrack_mainProcedure. Requires: (((((((((!clientTrack_p4b_clone_i2i && 8201bv16 == clientTrack_hdr.op_hdr.optype) && !clientTrack_p4b_clone_e2e) && !clientTrack_p4b_recirculate) && 0bv32 == add.bv32(1bv32, clientTrack_partitionswitchIngress_leafload_reg[2bv32])) && 0bv32 == clientTrack_hdr.ipv4_hdr.dstAddr) && (forall qquantified_i#1 : bv32 :: 0bv32 == clientTrack_partitionswitchIngress_leafload_reg[qquantified_i#1] || 2bv32 == qquantified_i#1)) && !clientTrack_p4b_clone_i2e) || 8201bv16 != io_hdr.op_hdr.optype) && ((((((((!clientTrack_p4b_clone_i2i && !clientTrack_p4b_clone_e2e) && 48bv16 == clientTrack_hdr.op_hdr.optype) && !clientTrack_p4b_recirculate) && 0bv32 == add.bv32(1bv32, clientTrack_partitionswitchIngress_leafload_reg[2bv32])) && 0bv32 == clientTrack_hdr.ipv4_hdr.dstAddr) && (forall qquantified_i#1 : bv32 :: 0bv32 == clientTrack_partitionswitchIngress_leafload_reg[qquantified_i#1] || 2bv32 == qquantified_i#1)) && !clientTrack_p4b_clone_i2e) || 48bv16 != io_hdr.op_hdr.optype)) && (((((((((5008bv16 == clientTrack_hdr.udp_hdr.dstPort && clientTrack_hdr.ethernet_hdr.etherType == 2048bv16) && io_hdr.ipv4_hdr.protocol == 17bv8) && 5008bv16 == io_hdr.udp_hdr.dstPort) && 17bv8 == clientTrack_hdr.ipv4_hdr.protocol) && (exists old(clientTrack_partitionswitchIngress_leafload_reg) : [bv32]bv32 :: 0bv32 == add.bv32(1bv32, old_clientTrack_partitionswitchIngress_leafload_reg_[2bv32]) && (forall qquantified_i#1 : bv32 :: old_clientTrack_partitionswitchIngress_leafload_reg_[qquantified_i#1] == 0bv32 || 2bv32 == qquantified_i#1))) && 48bv16 == io_hdr.op_hdr.optype) && io_hdr.ipv4_hdr.dstAddr == 0bv32) && io_hdr.ethernet_hdr.etherType == 2048bv16) || ((((((((8201bv16 == io_hdr.op_hdr.optype && 5008bv16 == clientTrack_hdr.udp_hdr.dstPort) && clientTrack_hdr.ethernet_hdr.etherType == 2048bv16) && io_hdr.ipv4_hdr.protocol == 17bv8) && 5008bv16 == io_hdr.udp_hdr.dstPort) && 17bv8 == clientTrack_hdr.ipv4_hdr.protocol) && (exists old(clientTrack_partitionswitchIngress_leafload_reg) : [bv32]bv32 :: 0bv32 == add.bv32(1bv32, old_clientTrack_partitionswitchIngress_leafload_reg_[2bv32]) && (forall qquantified_i#1 : bv32 :: old_clientTrack_partitionswitchIngress_leafload_reg_[qquantified_i#1] == 0bv32 || 2bv32 == qquantified_i#1))) && io_hdr.ipv4_hdr.dstAddr == 0bv32) && io_hdr.ethernet_hdr.etherType == 2048bv16)). Ensures: ((((((!clientTrack_partitionswitchEgress_update_ipmac_srcport_tbl.hit && (((((((((!clientTrack_p4b_clone_i2i && !clientTrack_p4b_clone_e2e) && !clientTrack_partitionswitchIngress_ipv4_forward_tbl.hit) && !clientTrack_p4b_recirculate) && clientTrack_isValid[clientTrack_hdr.op_hdr]) && 0bv32 == clientTrack_hdr.ipv4_hdr.dstAddr) && !clientTrack_partitionswitchEgress_eg_port_forward_tbl.hit) && !clientTrack_p4b_clone_i2e) && clientTrack_hdr.op_hdr.optype == old(clientTrack_hdr.op_hdr.optype)) || ((((((((!clientTrack_p4b_clone_i2i && !clientTrack_p4b_clone_e2e) && !clientTrack_partitionswitchIngress_ipv4_forward_tbl.hit) && !clientTrack_p4b_recirculate) && clientTrack_isValid[clientTrack_hdr.op_hdr]) && 9bv16 == clientTrack_hdr.op_hdr.optype) && 0bv32 == clientTrack_hdr.ipv4_hdr.dstAddr) && !clientTrack_partitionswitchEgress_eg_port_forward_tbl.hit) && !clientTrack_p4b_clone_i2e))) && clientTrack_partitionswitchIngress_poweroftwochoice_tbl.action_run == clientTrack_partitionswitchIngress_poweroftwochoice_tbl.action.partitionswitchIngress_update_leaf_load) || ((((((((((!clientTrack_p4b_clone_i2i && !clientTrack_p4b_clone_e2e) && !clientTrack_partitionswitchIngress_ipv4_forward_tbl.hit) && !clientTrack_p4b_recirculate) && clientTrack_isValid[clientTrack_hdr.op_hdr]) && 1bv9 == clientTrack_standard_metadata.egress_port) && !clientTrack_partitionswitchEgress_eg_port_forward_tbl.hit) && !clientTrack_p4b_clone_i2e) && clientTrack_hdr.op_hdr.optype == old(clientTrack_hdr.op_hdr.optype)) || ((((((((!clientTrack_p4b_clone_i2i && !clientTrack_p4b_clone_e2e) && !clientTrack_partitionswitchIngress_ipv4_forward_tbl.hit) && !clientTrack_p4b_recirculate) && clientTrack_isValid[clientTrack_hdr.op_hdr]) && 1bv9 == clientTrack_standard_metadata.egress_port) && 9bv16 == clientTrack_hdr.op_hdr.optype) && !clientTrack_partitionswitchEgress_eg_port_forward_tbl.hit) && !clientTrack_p4b_clone_i2e)) && clientTrack_partitionswitchIngress_poweroftwochoice_tbl.action_run == clientTrack_partitionswitchIngress_poweroftwochoice_tbl.action.partitionswitchIngress_update_leaf_load)) || ((((!clientTrack_p4b_clone_i2i && !clientTrack_p4b_clone_e2e) && !clientTrack_p4b_recirculate) && ~bvadd~1(1bv1, clientTrack_meta.is_spine) == 0bv1) && !clientTrack_p4b_clone_i2e)) || 8201bv16 != io_hdr.op_hdr.optype) && ((48bv16 != io_hdr.op_hdr.optype || (((((((((((!clientTrack_p4b_clone_i2i && !clientTrack_p4b_clone_e2e) && !clientTrack_partitionswitchEgress_update_ipmac_srcport_tbl.hit) && !clientTrack_partitionswitchIngress_ipv4_forward_tbl.hit) && 48bv16 == clientTrack_hdr.op_hdr.optype) && !clientTrack_p4b_recirculate) && clientTrack_isValid[clientTrack_hdr.op_hdr]) && 0bv32 == add.bv32(1bv32, clientTrack_partitionswitchIngress_leafload_reg[2bv32])) && 0bv32 == clientTrack_hdr.ipv4_hdr.dstAddr) && !clientTrack_partitionswitchEgress_eg_port_forward_tbl.hit) && (forall qquantified_i#1 : bv32 :: 0bv32 == clientTrack_partitionswitchIngress_leafload_reg[qquantified_i#1] || 2bv32 == qquantified_i#1)) && !clientTrack_p4b_clone_i2e)) || ((((!clientTrack_p4b_clone_i2i && !clientTrack_p4b_clone_e2e) && !clientTrack_p4b_recirculate) && ~bvadd~1(1bv1, clientTrack_meta.is_spine) == 0bv1) && !clientTrack_p4b_clone_i2e))) && ((((((((((((((((8201bv16 == io_hdr.op_hdr.optype && 0bv32 == add.bv32(1bv32, old(clientTrack_partitionswitchIngress_leafload_reg)[2bv32])) && !old(clientTrack_p4b_clone_i2i)) && !old(clientTrack_p4b_clone_e2e)) && 8201bv16 == old(clientTrack_hdr.op_hdr.optype)) && 5008bv16 == clientTrack_hdr.udp_hdr.dstPort) && !old(clientTrack_p4b_recirculate)) && (forall qquantified_i#1 : bv32 :: old(clientTrack_partitionswitchIngress_leafload_reg)[qquantified_i#1] == 0bv32 || 2bv32 == qquantified_i#1)) && clientTrack_hdr.ethernet_hdr.etherType == 2048bv16) && !old(clientTrack_p4b_clone_i2e)) && io_hdr.ipv4_hdr.protocol == 17bv8) && 5008bv16 == io_hdr.udp_hdr.dstPort) && old(clientTrack_hdr.ipv4_hdr.dstAddr) == 0bv32) && 17bv8 == clientTrack_hdr.ipv4_hdr.protocol) && io_hdr.ipv4_hdr.dstAddr == 0bv32) && io_hdr.ethernet_hdr.etherType == 2048bv16) || (((((((((((((((0bv32 == add.bv32(1bv32, old(clientTrack_partitionswitchIngress_leafload_reg)[2bv32]) && !old(clientTrack_p4b_clone_i2i)) && !old(clientTrack_p4b_clone_e2e)) && 5008bv16 == clientTrack_hdr.udp_hdr.dstPort) && !old(clientTrack_p4b_recirculate)) && (forall qquantified_i#1 : bv32 :: old(clientTrack_partitionswitchIngress_leafload_reg)[qquantified_i#1] == 0bv32 || 2bv32 == qquantified_i#1)) && clientTrack_hdr.ethernet_hdr.etherType == 2048bv16) && !old(clientTrack_p4b_clone_i2e)) && io_hdr.ipv4_hdr.protocol == 17bv8) && 48bv16 == old(clientTrack_hdr.op_hdr.optype)) && 5008bv16 == io_hdr.udp_hdr.dstPort) && old(clientTrack_hdr.ipv4_hdr.dstAddr) == 0bv32) && 17bv8 == clientTrack_hdr.ipv4_hdr.protocol) && 48bv16 == io_hdr.op_hdr.optype) && io_hdr.ipv4_hdr.dstAddr == 0bv32) && io_hdr.ethernet_hdr.etherType == 2048bv16)). Modifies: [clientTrack_partitionswitchIngress_spineload_reg__last0_value, clientTrack_p4b_clone_e2e, clientTrack_meta.hashval_for_partition, clientTrack_partitionswitchEgress_update_ipmac_srcport_tbl.partitionswitchEgress_update_ipmac_srcport_server2client.server_ip, clientTrack_drop, clientTrack_p4b_clone_i2i, clientTrack_partitionswitchIngress_ipv4_forward_tbl.partitionswitchIngress_forward_normal_response.eport_6, clientTrack_hdr.ipv4_hdr.dstAddr, clientTrack_p4b_clone_i2e, clientTrack_meta.leafswitchidx, clientTrack_partitionswitchEgress_update_ipmac_srcport_tbl.partitionswitchEgress_update_ipmac_srcport_server2client.server_port, clientTrack_p4b_checksum_error, clientTrack_partitionswitchIngress_ipv4_forward_tbl.action_run, clientTrack_p4b_checksum_updated, clientTrack_meta.hashval_for_spine_partition, clientTrack_partitionswitchIngress_ipv4_forward_tbl.hit, clientTrack_partitionswitchIngress_spineload_reg__last_write_site, clientTrack_partitionswitchIngress_hash_leaf_partition_tbl.hit, clientTrack_partitionswitchIngress_spineload_reg__wrote_any, clientTrack_partitionswitchIngress_poweroftwochoice_tbl.action_run, clientTrack_partitionswitchIngress_hash_spine_partition_tbl.hit, clientTrack_partitionswitchIngress_spineload_reg__last_old_value, clientTrack_isValid, clientTrack_meta.spineswitchidx, clientTrack_partitionswitchIngress_leafload_reg__last0_old_value, clientTrack_meta.is_spine, clientTrack_partitionswitchEgress_update_ipmac_srcport_tbl.partitionswitchEgress_update_ipmac_srcport_server2client.client_mac, clientTrack_partitionswitchIngress_leafload_reg__next_write_site, clientTrack_partitionswitchEgress_update_ipmac_srcport_tbl.action_run, clientTrack_partitionswitchIngress_spineload_reg__last_index, clientTrack_partitionswitchIngress_hash_leaf_partition_tbl.partitionswitchIngress_hash_leaf_partition.eport_5, clientTrack_partitionswitchEgress_update_ipmac_srcport_tbl.hit, clientTrack_partitionswitchEgress_update_ipmac_srcport_tbl.partitionswitchEgress_update_ipmac_srcport_server2client.server_mac, clientTrack_partitionswitchIngress_hash_for_partition_tbl.action_run, clientTrack_partitionswitchIngress_ipv4_forward_tbl.partitionswitchIngress_forward_special_get_response.client_sid, clientTrack_p4b_checksum_verified, clientTrack_partitionswitchIngress_hash_spine_partition_tbl.partitionswitchIngress_hash_spine_partition.eport_4, clientTrack_partitionswitchIngress_spineload_reg__last0_old_value, clientTrack_p4b_digest, clientTrack_partitionswitchIngress_leafload_reg__last_value, clientTrack_hdr.op_hdr.optype, clientTrack_partitionswitchEgress_eg_port_forward_tbl.action_run, clientTrack_partitionswitchIngress_leafload_reg__wrote_index0, clientTrack_partitionswitchIngress_spineload_reg, clientTrack_partitionswitchIngress_poweroftwochoice_tbl.hit, clientTrack_partitionswitchIngress_hash_spine_partition_tbl.action_run, clientTrack_partitionswitchEgress_eg_port_forward_tbl.hit, clientTrack_leafload_0, clientTrack_partitionswitchIngress_leafload_reg__wrote_any, clientTrack_partitionswitchIngress_spineload_reg__wrote_index0, clientTrack_partitionswitchIngress_hash_for_partition_tbl.hit, clientTrack_standard_metadata.egress_port, clientTrack_partitionswitchIngress_leafload_reg__last0_value, clientTrack_partitionswitchIngress_spineload_reg__next_write_site, clientTrack_spineload_0, clientTrack_partitionswitchIngress_spineload_reg__last_value, clientTrack_partitionswitchIngress_leafload_reg__last_old_value, clientTrack_p4b_recirculate, clientTrack_partitionswitchIngress_hash_leaf_partition_tbl.action_run, clientTrack_partitionswitchIngress_leafload_reg__last_write_site, clientTrack_partitionswitchIngress_leafload_reg, clientTrack_partitionswitchEgress_update_ipmac_srcport_tbl.partitionswitchEgress_update_ipmac_srcport_server2client.client_ip, clientTrack_partitionswitchIngress_leafload_reg__last_index, clientTrack_hdr.udp_hdr.checksum].
RESULT: Ultimate proved your program to be correct!
[2026-07-04 08:24:28,202 INFO  L546       MonitoredProcess]: [MP /usr/bin/z3 SMTLIB2_COMPLIANT=true -memory:2024 -smt2 -in -t:2000 (1)] Ended with exit code 0
Received shutdown request...
