[RUN] taskset -c 0 nice -n 19 ionice -c 3 timeout 1200 /home/smy/p4-verify-camera-ready/.tmp/orphan-worktree-20260703-gemcutter/UGemCutter-linux/Ultimate --launcher.ini /home/smy/p4-verify-camera-ready/.tmp/procurator/verify/netlock_pkt_type_bug/20260704-094738-9572/ultimate-home/witness/Ultimate.launcher.ini --core.toolchain.timeout.in.seconds=900 -tc /home/smy/p4-verify-camera-ready/src/dslc/toolchain/ultimate/toolchains/ReachSafety-Witness.xml -s /home/smy/p4-verify-camera-ready/src/dslc/toolchain/ultimate/settings/gemcutter/base/ReachSafety-32bit-GemCutter-ALL.epf -i /home/smy/p4-verify-camera-ready/.tmp/procurator/verify/netlock_pkt_type_bug/20260704-094738-9572/netlock_pkt_type_bug.bpl
Picked up JAVA_TOOL_OPTIONS: -Duser.home=/home/smy/p4-verify-camera-ready/.tmp/procurator/verify/netlock_pkt_type_bug/20260704-094738-9572/ultimate-home/witness
WARNING: A terminally deprecated method in sun.misc.Unsafe has been called
WARNING: sun.misc.Unsafe::staticFieldOffset has been called by org.eclipse.osgi.internal.url.MultiplexingFactory (file:/home/smy/p4-verify-camera-ready/.tmp/orphan-worktree-20260703-gemcutter/UGemCutter-linux/plugins/org.eclipse.osgi_3.20.0.v20240509-1421.jar)
WARNING: Please consider reporting this to the maintainers of class org.eclipse.osgi.internal.url.MultiplexingFactory
WARNING: sun.misc.Unsafe::staticFieldOffset will be removed in a future release
WARNING: A restricted method in java.lang.Runtime has been called
WARNING: java.lang.Runtime::load has been called by org.eclipse.equinox.launcher.JNIBridge in an unnamed module (file:/home/smy/p4-verify-camera-ready/.tmp/orphan-worktree-20260703-gemcutter/UGemCutter-linux/plugins/org.eclipse.equinox.launcher_1.6.800.v20240513-1750.jar)
WARNING: Use --enable-native-access=ALL-UNNAMED to avoid a warning for callers in this module
WARNING: Restricted methods will be blocked in a future release unless native access is enabled

This is Ultimate 0.3.1-dev-35a8436538
[2026-07-04 09:48:06,670 INFO  L188        SettingsManager]: Resetting all preferences to default values...
[2026-07-04 09:48:06,763 INFO  L114        SettingsManager]: Loading settings from /home/smy/p4-verify-camera-ready/src/dslc/toolchain/ultimate/settings/gemcutter/base/ReachSafety-32bit-GemCutter-ALL.epf
[2026-07-04 09:48:06,776 WARN  L101        SettingsManager]: Preference file contains the following unknown settings:
[2026-07-04 09:48:06,776 WARN  L103        SettingsManager]:   * de.uni_freiburg.informatik.ultimate.core.Log level for class
[2026-07-04 09:48:06,808 INFO  L130        SettingsManager]: Preferences different from defaults after loading the file:
[2026-07-04 09:48:06,808 INFO  L151        SettingsManager]: Preferences of UltimateCore differ from their defaults:
[2026-07-04 09:48:06,808 INFO  L153        SettingsManager]:  * Log level for class=de.uni_freiburg.informatik.ultimate.lib.smtlibutils.quantifier.QuantifierPusher=ERROR;
[2026-07-04 09:48:06,808 INFO  L151        SettingsManager]: Preferences of Boogie Procedure Inliner differ from their defaults:
[2026-07-04 09:48:06,808 INFO  L153        SettingsManager]:  * Ignore calls to procedures called more than once=ONLY_FOR_SEQUENTIAL_PROGRAMS
[2026-07-04 09:48:06,808 INFO  L151        SettingsManager]: Preferences of BlockEncodingV2 differ from their defaults:
[2026-07-04 09:48:06,808 INFO  L153        SettingsManager]:  * Create parallel compositions if possible=false
[2026-07-04 09:48:06,809 INFO  L153        SettingsManager]:  * Use SBE=true
[2026-07-04 09:48:06,809 INFO  L151        SettingsManager]: Preferences of CACSL2BoogieTranslator differ from their defaults:
[2026-07-04 09:48:06,809 INFO  L153        SettingsManager]:  * sizeof long=4
[2026-07-04 09:48:06,809 INFO  L153        SettingsManager]:  * Overapproximate operations on floating types=true
[2026-07-04 09:48:06,809 INFO  L153        SettingsManager]:  * sizeof POINTER=4
[2026-07-04 09:48:06,809 INFO  L153        SettingsManager]:  * Check division by zero=IGNORE
[2026-07-04 09:48:06,809 INFO  L153        SettingsManager]:  * If two pointers are subtracted or compared they have the same base address=IGNORE
[2026-07-04 09:48:06,809 INFO  L153        SettingsManager]:  * Pointer dereference validity=IGNORE
[2026-07-04 09:48:06,809 INFO  L153        SettingsManager]:  * sizeof long double=12
[2026-07-04 09:48:06,809 INFO  L153        SettingsManager]:  * Check if freed pointer was valid=false
[2026-07-04 09:48:06,809 INFO  L153        SettingsManager]:  * Use constant arrays=true
[2026-07-04 09:48:06,809 INFO  L151        SettingsManager]: Preferences of RCFGBuilder differ from their defaults:
[2026-07-04 09:48:06,809 INFO  L153        SettingsManager]:  * Size of a code block=SequenceOfStatements
[2026-07-04 09:48:06,809 INFO  L153        SettingsManager]:  * SMT solver=External_DefaultMode
[2026-07-04 09:48:06,809 INFO  L153        SettingsManager]:  * Command for external solver=z3 SMTLIB2_COMPLIANT=true -memory:2024 -smt2 -in -t:2000
[2026-07-04 09:48:06,817 INFO  L151        SettingsManager]: Preferences of TraceAbstraction differ from their defaults:
[2026-07-04 09:48:06,817 INFO  L153        SettingsManager]:  * Compute Interpolants along a Counterexample=FPandBP
[2026-07-04 09:48:06,817 INFO  L153        SettingsManager]:  * Positions where we compute the Hoare Annotation=LoopHeads
[2026-07-04 09:48:06,817 INFO  L153        SettingsManager]:  * DFS Order used in POR=LOOP_LOCKSTEP
[2026-07-04 09:48:06,817 INFO  L153        SettingsManager]:  * Command for external solver=z3 SMTLIB2_COMPLIANT=true -memory:2024 -smt2 -in
[2026-07-04 09:48:06,817 INFO  L153        SettingsManager]:  * Automaton type used in concurrency analysis=PARTIAL_ORDER_FA
[2026-07-04 09:48:06,818 INFO  L153        SettingsManager]:  * CEGAR restart behaviour=ONE_CEGAR_PER_THREAD_INSTANCE
[2026-07-04 09:48:06,818 INFO  L153        SettingsManager]:  * Partial Order Reduction in concurrent analysis=PERSISTENT_SLEEP_NEW_STATES_FIXEDORDER
[2026-07-04 09:48:06,818 INFO  L153        SettingsManager]:  * SMT solver=External_ModelsAndUnsatCoreMode
Applying setting for plugin de.uni_freiburg.informatik.ultimate.core: Toolchain timeout in seconds -> 900
[2026-07-04 09:48:07,250 INFO  L75    nceAwareModelManager]: Repository-Root is: /tmp
[2026-07-04 09:48:07,262 INFO  L261   ainManager$Toolchain]: [Toolchain 1]: Applicable parser(s) successfully (re)initialized
[2026-07-04 09:48:07,263 INFO  L217   ainManager$Toolchain]: [Toolchain 1]: Toolchain selected.
[2026-07-04 09:48:07,264 INFO  L270        PluginConnector]: Initializing Boogie PL CUP Parser...
[2026-07-04 09:48:07,266 INFO  L274        PluginConnector]: Boogie PL CUP Parser initialized
[2026-07-04 09:48:07,266 INFO  L431   ainManager$Toolchain]: [Toolchain 1]: Parsing single file: /home/smy/p4-verify-camera-ready/.tmp/procurator/verify/netlock_pkt_type_bug/20260704-094738-9572/netlock_pkt_type_bug.bpl
[2026-07-04 09:48:07,267 INFO  L110           BoogieParser]: Parsing: '/home/smy/p4-verify-camera-ready/.tmp/procurator/verify/netlock_pkt_type_bug/20260704-094738-9572/netlock_pkt_type_bug.bpl'
[2026-07-04 09:48:07,363 INFO  L299   ainManager$Toolchain]: ####################### [Toolchain 1] #######################
[2026-07-04 09:48:07,370 INFO  L133        ToolchainWalker]: Walking toolchain with 5 elements.
[2026-07-04 09:48:07,371 INFO  L112        PluginConnector]: ------------------------Boogie Procedure Inliner----------------------------
[2026-07-04 09:48:07,371 INFO  L270        PluginConnector]: Initializing Boogie Procedure Inliner...
[2026-07-04 09:48:07,371 INFO  L274        PluginConnector]: Boogie Procedure Inliner initialized
[2026-07-04 09:48:07,378 INFO  L184        PluginConnector]: Executing the observer TypeChecker from plugin Boogie Procedure Inliner for "netlock_pkt_type_bug.bpl de.uni_freiburg.informatik.ultimate.boogie.parser AST 04.07 09:48:07" (1/1) ...
[2026-07-04 09:48:07,424 INFO  L184        PluginConnector]: Executing the observer Inliner from plugin Boogie Procedure Inliner for "netlock_pkt_type_bug.bpl de.uni_freiburg.informatik.ultimate.boogie.parser AST 04.07 09:48:07" (1/1) ...
[2026-07-04 09:48:07,496 INFO  L138                Inliner]: procedures = 123, calls = 150, calls flagged for inlining = 110, calls inlined = 110, statements flattened = 1170
[2026-07-04 09:48:07,506 INFO  L131        PluginConnector]: ------------------------ END Boogie Procedure Inliner----------------------------
[2026-07-04 09:48:07,506 INFO  L112        PluginConnector]: ------------------------Boogie Preprocessor----------------------------
[2026-07-04 09:48:07,506 INFO  L270        PluginConnector]: Initializing Boogie Preprocessor...
[2026-07-04 09:48:07,506 INFO  L274        PluginConnector]: Boogie Preprocessor initialized
[2026-07-04 09:48:07,514 INFO  L184        PluginConnector]: Executing the observer EnsureBoogieModelObserver from plugin Boogie Preprocessor for "netlock_pkt_type_bug.bpl de.uni_freiburg.informatik.ultimate.boogie.parser AST 04.07 09:48:07" (1/1) ...
[2026-07-04 09:48:07,515 INFO  L184        PluginConnector]: Executing the observer TypeChecker from plugin Boogie Preprocessor for "netlock_pkt_type_bug.bpl de.uni_freiburg.informatik.ultimate.boogie.parser AST 04.07 09:48:07" (1/1) ...
[2026-07-04 09:48:07,522 INFO  L184        PluginConnector]: Executing the observer ConstExpander from plugin Boogie Preprocessor for "netlock_pkt_type_bug.bpl de.uni_freiburg.informatik.ultimate.boogie.parser AST 04.07 09:48:07" (1/1) ...
[2026-07-04 09:48:07,523 INFO  L184        PluginConnector]: Executing the observer StructExpander from plugin Boogie Preprocessor for "netlock_pkt_type_bug.bpl de.uni_freiburg.informatik.ultimate.boogie.parser AST 04.07 09:48:07" (1/1) ...
[2026-07-04 09:48:07,535 INFO  L184        PluginConnector]: Executing the observer ReplaceArrayAssignments from plugin Boogie Preprocessor for "netlock_pkt_type_bug.bpl de.uni_freiburg.informatik.ultimate.boogie.parser AST 04.07 09:48:07" (1/1) ...
[2026-07-04 09:48:07,537 INFO  L184        PluginConnector]: Executing the observer UnstructureCode from plugin Boogie Preprocessor for "netlock_pkt_type_bug.bpl de.uni_freiburg.informatik.ultimate.boogie.parser AST 04.07 09:48:07" (1/1) ...
[2026-07-04 09:48:07,556 INFO  L184        PluginConnector]: Executing the observer FunctionInliner from plugin Boogie Preprocessor for "netlock_pkt_type_bug.bpl de.uni_freiburg.informatik.ultimate.boogie.parser AST 04.07 09:48:07" (1/1) ...
[2026-07-04 09:48:07,571 INFO  L184        PluginConnector]: Executing the observer LTLStepAnnotator from plugin Boogie Preprocessor for "netlock_pkt_type_bug.bpl de.uni_freiburg.informatik.ultimate.boogie.parser AST 04.07 09:48:07" (1/1) ...
[2026-07-04 09:48:07,584 INFO  L184        PluginConnector]: Executing the observer BoogieSymbolTableConstructor from plugin Boogie Preprocessor for "netlock_pkt_type_bug.bpl de.uni_freiburg.informatik.ultimate.boogie.parser AST 04.07 09:48:07" (1/1) ...
[2026-07-04 09:48:07,608 INFO  L131        PluginConnector]: ------------------------ END Boogie Preprocessor----------------------------
[2026-07-04 09:48:07,609 INFO  L112        PluginConnector]: ------------------------RCFGBuilder----------------------------
[2026-07-04 09:48:07,609 INFO  L270        PluginConnector]: Initializing RCFGBuilder...
[2026-07-04 09:48:07,609 INFO  L274        PluginConnector]: RCFGBuilder initialized
[2026-07-04 09:48:07,618 INFO  L184        PluginConnector]: Executing the observer RCFGBuilderObserver from plugin RCFGBuilder for "netlock_pkt_type_bug.bpl de.uni_freiburg.informatik.ultimate.boogie.parser AST 04.07 09:48:07" (1/1) ...
[2026-07-04 09:48:07,621 INFO  L173          SolverBuilder]: Constructing external solver with command: z3 SMTLIB2_COMPLIANT=true -memory:2024 -smt2 -in -t:2000
[2026-07-04 09:48:07,644 INFO  L189       MonitoredProcess]: No working directory specified, using /usr/bin/z3
[2026-07-04 09:48:07,666 INFO  L229       MonitoredProcess]: Starting monitored process 1 with /usr/bin/z3 SMTLIB2_COMPLIANT=true -memory:2024 -smt2 -in -t:2000 (exit command is (exit), workingDir is null)
[2026-07-04 09:48:07,670 INFO  L327       MonitoredProcess]: [MP /usr/bin/z3 SMTLIB2_COMPLIANT=true -memory:2024 -smt2 -in -t:2000 (1)] Waiting until timeout for monitored process
[2026-07-04 09:48:07,722 INFO  L124     BoogieDeclarations]: Specification and implementation of procedure sw_tid_array_register.write given in one single declaration
[2026-07-04 09:48:07,723 INFO  L130     BoogieDeclarations]: Found specification of procedure sw_tid_array_register.write
[2026-07-04 09:48:07,723 INFO  L138     BoogieDeclarations]: Found implementation of procedure sw_tid_array_register.write
[2026-07-04 09:48:07,723 INFO  L124     BoogieDeclarations]: Specification and implementation of procedure sw_shared_and_exclusive_count_register.write given in one single declaration
[2026-07-04 09:48:07,723 INFO  L130     BoogieDeclarations]: Found specification of procedure sw_shared_and_exclusive_count_register.write
[2026-07-04 09:48:07,723 INFO  L138     BoogieDeclarations]: Found implementation of procedure sw_shared_and_exclusive_count_register.write
[2026-07-04 09:48:07,723 INFO  L130     BoogieDeclarations]: Found specification of procedure sw_pkt.advance
[2026-07-04 09:48:07,723 INFO  L124     BoogieDeclarations]: Specification and implementation of procedure sw_ip_array_register.write given in one single declaration
[2026-07-04 09:48:07,723 INFO  L130     BoogieDeclarations]: Found specification of procedure sw_ip_array_register.write
[2026-07-04 09:48:07,723 INFO  L138     BoogieDeclarations]: Found implementation of procedure sw_ip_array_register.write
[2026-07-04 09:48:07,723 INFO  L124     BoogieDeclarations]: Specification and implementation of procedure sw_accept given in one single declaration
[2026-07-04 09:48:07,723 INFO  L130     BoogieDeclarations]: Found specification of procedure sw_accept
[2026-07-04 09:48:07,723 INFO  L138     BoogieDeclarations]: Found implementation of procedure sw_accept
[2026-07-04 09:48:07,723 INFO  L130     BoogieDeclarations]: Found specification of procedure sw_setInvalid
[2026-07-04 09:48:07,723 INFO  L124     BoogieDeclarations]: Specification and implementation of procedure sw_client_id_array_register.write given in one single declaration
[2026-07-04 09:48:07,723 INFO  L130     BoogieDeclarations]: Found specification of procedure sw_client_id_array_register.write
[2026-07-04 09:48:07,723 INFO  L138     BoogieDeclarations]: Found implementation of procedure sw_client_id_array_register.write
[2026-07-04 09:48:07,723 INFO  L124     BoogieDeclarations]: Specification and implementation of procedure sw_slots_two_sides_register.write given in one single declaration
[2026-07-04 09:48:07,723 INFO  L130     BoogieDeclarations]: Found specification of procedure sw_slots_two_sides_register.write
[2026-07-04 09:48:07,723 INFO  L138     BoogieDeclarations]: Found implementation of procedure sw_slots_two_sides_register.write
[2026-07-04 09:48:07,723 INFO  L130     BoogieDeclarations]: Found specification of procedure sw_packet_in.extract
[2026-07-04 09:48:07,723 INFO  L124     BoogieDeclarations]: Specification and implementation of procedure sw_mode_array_register.write given in one single declaration
[2026-07-04 09:48:07,723 INFO  L130     BoogieDeclarations]: Found specification of procedure sw_mode_array_register.write
[2026-07-04 09:48:07,723 INFO  L138     BoogieDeclarations]: Found implementation of procedure sw_mode_array_register.write
[2026-07-04 09:48:07,723 INFO  L124     BoogieDeclarations]: Specification and implementation of procedure ULTIMATE.start given in one single declaration
[2026-07-04 09:48:07,723 INFO  L130     BoogieDeclarations]: Found specification of procedure ULTIMATE.start
[2026-07-04 09:48:07,723 INFO  L138     BoogieDeclarations]: Found implementation of procedure ULTIMATE.start
[2026-07-04 09:48:07,723 INFO  L130     BoogieDeclarations]: Found specification of procedure sw_reject
[2026-07-04 09:48:07,723 INFO  L124     BoogieDeclarations]: Specification and implementation of procedure sw_tail_register.write given in one single declaration
[2026-07-04 09:48:07,723 INFO  L130     BoogieDeclarations]: Found specification of procedure sw_tail_register.write
[2026-07-04 09:48:07,723 INFO  L138     BoogieDeclarations]: Found implementation of procedure sw_tail_register.write
[2026-07-04 09:48:08,142 INFO  L234             CfgBuilder]: Building ICFG
[2026-07-04 09:48:08,143 INFO  L260             CfgBuilder]: Building CFG for each procedure with an implementation
[2026-07-04 09:48:12,267 INFO  L?                        ?]: Removed 132 outVars from TransFormulas that were not future-live.
[2026-07-04 09:48:12,268 INFO  L283             CfgBuilder]: Performing block encoding
[2026-07-04 09:48:12,284 INFO  L89      LargeBlockEncoding]: Applying CFG Large Block Encoding to ICFG that has 9 procedures, 297 locations, 399 edges, 0 initial locations, 1 loop locations, and 1 error locations.
[2026-07-04 09:48:12,297 INFO  L139     LargeBlockEncoding]: LargeBlockEncoding completed in 27 ms, with 0 straightline sequential compositions, 0 parallel compositions, 0 1:n/n:1 sequential compositions and 0 complex sequential compositions.
[2026-07-04 09:48:12,307 INFO  L307             CfgBuilder]: Using the 1 location(s) as analysis (start of procedure ULTIMATE.start)
[2026-07-04 09:48:12,307 INFO  L312             CfgBuilder]: Removed 1 assume(true) statements.
[2026-07-04 09:48:12,307 INFO  L314             CfgBuilder]: Constructed ICFG has 9 procedures, 297 locations, 399 edges, 1 initial locations, 1 loop locations, and 1 error locations.
[2026-07-04 09:48:12,307 INFO  L201        PluginConnector]: Adding new model netlock_pkt_type_bug.bpl de.uni_freiburg.informatik.ultimate.plugins.generator.rcfgbuilder CFG 04.07 09:48:12 BoogieIcfgContainer
[2026-07-04 09:48:12,307 INFO  L131        PluginConnector]: ------------------------ END RCFGBuilder----------------------------
[2026-07-04 09:48:12,308 INFO  L112        PluginConnector]: ------------------------TraceAbstraction----------------------------
[2026-07-04 09:48:12,308 INFO  L270        PluginConnector]: Initializing TraceAbstraction...
[2026-07-04 09:48:12,312 INFO  L274        PluginConnector]: TraceAbstraction initialized
[2026-07-04 09:48:12,312 INFO  L184        PluginConnector]: Executing the observer TraceAbstractionObserver from plugin TraceAbstraction for "netlock_pkt_type_bug.bpl de.uni_freiburg.informatik.ultimate.boogie.parser AST 04.07 09:48:07" (1/2) ...
[2026-07-04 09:48:12,313 INFO  L204        PluginConnector]: Invalid model from TraceAbstraction for observer de.uni_freiburg.informatik.ultimate.plugins.generator.traceabstraction.TraceAbstractionObserver@6eb79f6a and model type netlock_pkt_type_bug.bpl de.uni_freiburg.informatik.ultimate.plugins.generator.traceabstraction AST 04.07 09:48:12, skipping insertion in model container
[2026-07-04 09:48:12,313 INFO  L184        PluginConnector]: Executing the observer TraceAbstractionObserver from plugin TraceAbstraction for "netlock_pkt_type_bug.bpl de.uni_freiburg.informatik.ultimate.plugins.generator.rcfgbuilder CFG 04.07 09:48:12" (2/2) ...
[2026-07-04 09:48:12,318 INFO  L128   eAbstractionObserver]: Analyzing ICFG netlock_pkt_type_bug.bpl
[2026-07-04 09:48:12,337 INFO  L217   ceAbstractionStarter]: Automizer settings: Hoare:LoopHeads NWA Interpolation:FPandBP Determinization: PREDICATE_ABSTRACTION
[2026-07-04 09:48:12,338 INFO  L151   ceAbstractionStarter]: Applying trace abstraction to ICFG netlock_pkt_type_bug.bpl that has 9 procedures, 297 locations, 399 edges, 1 initial locations, 1 loop locations, and 1 error locations.
[2026-07-04 09:48:12,338 WARN  L366   ceAbstractionStarter]: Program is not concurrent. Changing CEGAR restart behaviour to ONLY_ONE_CEGAR
[2026-07-04 09:48:12,450 INFO  L344      AbstractCegarLoop]: ======== Iteration 0 == of CEGAR loop == AllErrorsAtOnce ========
[2026-07-04 09:48:12,464 INFO  L345      AbstractCegarLoop]: Settings: SEPARATE_VIOLATION_CHECK=true, mInterprocedural=true, mMaxIterations=1000000, mWatchIteration=1000000, mArtifact=RCFG, mInterpolation=FPandBP, mInterpolantAutomaton=STRAIGHT_LINE, mDumpAutomata=false, mAutomataFormat=ATS_NUMERATE, mDumpPath=., mDeterminiation=PREDICATE_ABSTRACTION, mMinimize=MINIMIZE_SEVPA, mAutomataTypeConcurrency=PARTIAL_ORDER_FA, mHoareTripleChecks=INCREMENTAL, mHoareAnnotationPositions=LoopHeads, mDumpOnlyReuseAutomata=false, mLimitTraceHistogram=0, mErrorLocTimeLimit=0, mLimitPathProgramCount=0, mCollectInterpolantStatistics=true, mHeuristicEmptinessCheck=false, mHeuristicEmptinessCheckAStarHeuristic=ZERO, mHeuristicEmptinessCheckAStarHeuristicRandomSeed=1337, mHeuristicEmptinessCheckSmtFeatureScoringMethod=DAGSIZE, mSMTFeatureExtraction=false, mSMTFeatureExtractionDumpPath=., mOverrideInterpolantAutomaton=false, mMcrInterpolantMethod=WP, mPorIndependenceSettings=[Lde.uni_freiburg.informatik.ultimate.lib.tracecheckerutils.partialorder.independence.IndependenceSettings;@5fdc4259, mLbeIndependenceSettings=[IndependenceType=SEMANTIC, AbstractionType=NONE, UseConditional=false, UseSemiCommutativity=true, Solver=Z3, SolverTimeout=1000ms]
[2026-07-04 09:48:12,466 INFO  L346      AbstractCegarLoop]: Starting to check reachability of 1 error locations.
[2026-07-04 09:48:12,477 INFO  L278                IsEmpty]: Start isEmpty. Operand  has 297 states, 269 states have (on average 1.2825278810408922) internal successors, (345), 272 states have internal predecessors, (345), 18 states have call successors, (18), 8 states have call predecessors, (18), 8 states have return successors, (18), 18 states have call predecessors, (18), 18 states have call successors, (18)
[2026-07-04 09:48:12,489 INFO  L284                IsEmpty]: Finished isEmpty. Found accepting run of length 40
[2026-07-04 09:48:12,493 INFO  L199           NwaCegarLoop]: Found error trace
[2026-07-04 09:48:12,493 INFO  L207           NwaCegarLoop]: trace histogram [1, 1, 1, 1, 1, 1, 1, 1, 1, 1, 1, 1, 1, 1, 1, 1, 1, 1, 1, 1, 1, 1, 1, 1, 1, 1, 1, 1, 1, 1, 1, 1, 1, 1, 1, 1, 1, 1, 1]
[2026-07-04 09:48:12,494 INFO  L408      AbstractCegarLoop]: === Iteration 1 === Targeting ULTIMATE.startErr0ASSERT_VIOLATIONASSERT === [ULTIMATE.startErr0ASSERT_VIOLATIONASSERT] ===
[2026-07-04 09:48:12,496 INFO  L156       PredicateUnifier]: Initialized classic predicate unifier
[2026-07-04 09:48:12,496 INFO  L85        PathProgramCache]: Analyzing trace with hash -921695803, now seen corresponding path program 1 times
[2026-07-04 09:48:12,509 INFO  L118   FreeRefinementEngine]: Executing refinement strategy FIXED_PREFERENCES
[2026-07-04 09:48:12,510 INFO  L324   FreeRefinementEngine]: Using trace check IpTcStrategyModulePreferences [2047164780]
[2026-07-04 09:48:12,510 INFO  L97    rtionOrderModulation]: Keeping assertion order NOT_INCREMENTALLY
[2026-07-04 09:48:12,510 INFO  L173          SolverBuilder]: Constructing external solver with command: z3 SMTLIB2_COMPLIANT=true -memory:2024 -smt2 -in
[2026-07-04 09:48:12,512 INFO  L189       MonitoredProcess]: No working directory specified, using /usr/bin/z3
[2026-07-04 09:48:12,520 INFO  L229       MonitoredProcess]: Starting monitored process 2 with /usr/bin/z3 SMTLIB2_COMPLIANT=true -memory:2024 -smt2 -in (exit command is (exit), workingDir is null)
[2026-07-04 09:48:12,522 INFO  L327       MonitoredProcess]: [MP /usr/bin/z3 SMTLIB2_COMPLIANT=true -memory:2024 -smt2 -in (2)] Waiting until timeout for monitored process
[2026-07-04 09:48:12,826 INFO  L108    AnnotateAndAsserter]: Assert order NOT_INCREMENTALLY partitioned 39 statements into 1 equivalence classes.
[2026-07-04 09:48:12,865 INFO  L111    AnnotateAndAsserter]: Assert order NOT_INCREMENTALLY issued 1 check-sat command(s) and asserted 39 of 39 statements.
[2026-07-04 09:48:12,866 INFO  L114    AnnotateAndAsserter]: Assert order NOT_INCREMENTALLY issued 1 check-sat command(s)
[2026-07-04 09:48:12,866 INFO  L115    AnnotateAndAsserter]: Conjunction of SSA is unsat
[2026-07-04 09:48:12,872 INFO  L256         TraceCheckSpWp]: Trace formula consists of 168 conjuncts, 2 conjuncts are in the unsatisfiable core
[2026-07-04 09:48:12,882 INFO  L279         TraceCheckSpWp]: Computing forward predicates...
[2026-07-04 09:48:13,039 INFO  L134       CoverageAnalysis]: Checked inductivity of 0 backedges. 0 proven. 0 refuted. 0 times theorem prover too weak. 0 trivial. 0 not checked.
[2026-07-04 09:48:13,039 INFO  L312         TraceCheckSpWp]: Computing backward predicates...
[2026-07-04 09:48:13,159 INFO  L134       CoverageAnalysis]: Checked inductivity of 0 backedges. 0 proven. 0 refuted. 0 times theorem prover too weak. 0 trivial. 0 not checked.
[2026-07-04 09:48:13,160 INFO  L136   FreeRefinementEngine]: Strategy FIXED_PREFERENCES found an infeasible trace
[2026-07-04 09:48:13,160 INFO  L324   FreeRefinementEngine]: Using interpolant generator IpTcStrategyModulePreferences [2047164780]
[2026-07-04 09:48:13,160 INFO  L158   FreeRefinementEngine]: IpTcStrategyModulePreferences [2047164780] provided 2 perfect and 0 imperfect interpolant sequences
[2026-07-04 09:48:13,160 INFO  L185   FreeRefinementEngine]: Found 2 perfect and 0 imperfect interpolant sequences.
[2026-07-04 09:48:13,161 INFO  L198   FreeRefinementEngine]: Number of different interpolants: perfect sequences [3, 3] imperfect sequences [] total 3
[2026-07-04 09:48:13,162 INFO  L121   tionRefinementEngine]: Using interpolant automaton builder IpAbStrategyModuleStraightlineAll [1906913849]
[2026-07-04 09:48:13,162 INFO  L85    oduleStraightlineAll]: Using 2 perfect interpolants to construct interpolant automaton
[2026-07-04 09:48:13,164 INFO  L567      AbstractCegarLoop]: INTERPOLANT automaton has 3 states
[2026-07-04 09:48:13,164 INFO  L100   FreeRefinementEngine]: Using predicate unifier PredicateUnifier provided by strategy FIXED_PREFERENCES
[2026-07-04 09:48:13,195 INFO  L144   InterpolantAutomaton]: Constructing interpolant automaton starting with 3 interpolants.
[2026-07-04 09:48:13,195 INFO  L146   InterpolantAutomaton]: CoverageRelationStatistics Valid=3, Invalid=3, Unknown=0, NotChecked=0, Total=6
[2026-07-04 09:48:13,197 INFO  L87              Difference]: Start difference. First operand  has 297 states, 269 states have (on average 1.2825278810408922) internal successors, (345), 272 states have internal predecessors, (345), 18 states have call successors, (18), 8 states have call predecessors, (18), 8 states have return successors, (18), 18 states have call predecessors, (18), 18 states have call successors, (18) Second operand  has 3 states, 3 states have (on average 13.0) internal successors, (39), 3 states have internal predecessors, (39), 0 states have call successors, (0), 0 states have call predecessors, (0), 0 states have return successors, (0), 0 states have call predecessors, (0), 0 states have call successors, (0)
[2026-07-04 09:48:13,289 INFO  L144             Difference]: Subtrahend was deterministic. Have not used determinization.
[2026-07-04 09:48:13,289 INFO  L93              Difference]: Finished difference Result 590 states and 759 transitions.
[2026-07-04 09:48:13,293 INFO  L140   InterpolantAutomaton]: Switched to read-only mode: deterministic interpolant automaton has 3 states. 
[2026-07-04 09:48:13,294 INFO  L79                 Accepts]: Start accepts. Automaton has  has 3 states, 3 states have (on average 13.0) internal successors, (39), 3 states have internal predecessors, (39), 0 states have call successors, (0), 0 states have call predecessors, (0), 0 states have return successors, (0), 0 states have call predecessors, (0), 0 states have call successors, (0) Word has length 39
[2026-07-04 09:48:13,294 INFO  L85                 Accepts]: Finished accepts. some prefix is accepted.
[2026-07-04 09:48:13,308 INFO  L225             Difference]: With dead ends: 590
[2026-07-04 09:48:13,308 INFO  L226             Difference]: Without dead ends: 294
[2026-07-04 09:48:13,315 INFO  L425           NwaCegarLoop]: 0 DeclaredPredicates, 76 GetRequests, 75 SyntacticMatches, 0 SemanticMatches, 1 ConstructedPredicates, 0 IntricatePredicates, 0 DeprecatedPredicates, 0 ImplicationChecksByTransitivity, 0.0s TimeCoverageRelationStatistics Valid=3, Invalid=3, Unknown=0, NotChecked=0, Total=6
[2026-07-04 09:48:13,317 INFO  L426           NwaCegarLoop]: 374 mSDtfsCounter, 350 mSDsluCounter, 0 mSDsCounter, 0 mSdLazyCounter, 1 mSolverCounterSat, 2 mSolverCounterUnsat, 0 mSolverCounterUnknown, 0 mSolverCounterNotChecked, 0.0s Time, 0 mProtectedPredicate, 0 mProtectedAction, 350 SdHoareTripleChecker+Valid, 374 SdHoareTripleChecker+Invalid, 3 SdHoareTripleChecker+Unknown, 0 SdHoareTripleChecker+Unchecked, 0.0s SdHoareTripleChecker+Time, 2 IncrementalHoareTripleChecker+Valid, 1 IncrementalHoareTripleChecker+Invalid, 0 IncrementalHoareTripleChecker+Unknown, 0 IncrementalHoareTripleChecker+Unchecked, 0.0s IncrementalHoareTripleChecker+Time
[2026-07-04 09:48:13,321 INFO  L427           NwaCegarLoop]: SdHoareTripleChecker [350 Valid, 374 Invalid, 3 Unknown, 0 Unchecked, 0.0s Time], IncrementalHoareTripleChecker [2 Valid, 1 Invalid, 0 Unknown, 0 Unchecked, 0.0s Time]
[2026-07-04 09:48:13,340 INFO  L82        GeneralOperation]: Start minimizeSevpa. Operand 294 states.
[2026-07-04 09:48:13,384 INFO  L88        GeneralOperation]: Finished minimizeSevpa. Reduced states from 294 to 294.
[2026-07-04 09:48:13,385 INFO  L82        GeneralOperation]: Start removeUnreachable. Operand  has 294 states, 267 states have (on average 1.2696629213483146) internal successors, (339), 269 states have internal predecessors, (339), 18 states have call successors, (18), 8 states have call predecessors, (18), 8 states have return successors, (18), 18 states have call predecessors, (18), 18 states have call successors, (18)
[2026-07-04 09:48:13,387 INFO  L88        GeneralOperation]: Finished removeUnreachable. Reduced from 294 states to 294 states and 375 transitions.
[2026-07-04 09:48:13,388 INFO  L79                 Accepts]: Start accepts. Automaton has 294 states and 375 transitions. Word has length 39
[2026-07-04 09:48:13,388 INFO  L85                 Accepts]: Finished accepts. word is rejected.
[2026-07-04 09:48:13,388 INFO  L490      AbstractCegarLoop]: Abstraction has 294 states and 375 transitions.
[2026-07-04 09:48:13,388 INFO  L491      AbstractCegarLoop]: INTERPOLANT automaton has  has 3 states, 3 states have (on average 13.0) internal successors, (39), 3 states have internal predecessors, (39), 0 states have call successors, (0), 0 states have call predecessors, (0), 0 states have return successors, (0), 0 states have call predecessors, (0), 0 states have call successors, (0)
[2026-07-04 09:48:13,388 INFO  L278                IsEmpty]: Start isEmpty. Operand 294 states and 375 transitions.
[2026-07-04 09:48:13,389 INFO  L284                IsEmpty]: Finished isEmpty. Found accepting run of length 40
[2026-07-04 09:48:13,389 INFO  L199           NwaCegarLoop]: Found error trace
[2026-07-04 09:48:13,389 INFO  L207           NwaCegarLoop]: trace histogram [1, 1, 1, 1, 1, 1, 1, 1, 1, 1, 1, 1, 1, 1, 1, 1, 1, 1, 1, 1, 1, 1, 1, 1, 1, 1, 1, 1, 1, 1, 1, 1, 1, 1, 1, 1, 1, 1, 1]
[2026-07-04 09:48:13,407 INFO  L534       MonitoredProcess]: [MP /usr/bin/z3 SMTLIB2_COMPLIANT=true -memory:2024 -smt2 -in (2)] Forceful destruction successful, exit code 0
[2026-07-04 09:48:13,597 WARN  L471      AbstractCegarLoop]: Destroyed unattended storables created during the last iteration: 2 /usr/bin/z3 SMTLIB2_COMPLIANT=true -memory:2024 -smt2 -in
[2026-07-04 09:48:13,598 INFO  L408      AbstractCegarLoop]: === Iteration 2 === Targeting ULTIMATE.startErr0ASSERT_VIOLATIONASSERT === [ULTIMATE.startErr0ASSERT_VIOLATIONASSERT] ===
[2026-07-04 09:48:13,600 INFO  L156       PredicateUnifier]: Initialized classic predicate unifier
[2026-07-04 09:48:13,600 INFO  L85        PathProgramCache]: Analyzing trace with hash -220631225, now seen corresponding path program 1 times
[2026-07-04 09:48:13,600 INFO  L118   FreeRefinementEngine]: Executing refinement strategy FIXED_PREFERENCES
[2026-07-04 09:48:13,600 INFO  L324   FreeRefinementEngine]: Using trace check IpTcStrategyModulePreferences [2142676428]
[2026-07-04 09:48:13,600 INFO  L97    rtionOrderModulation]: Keeping assertion order NOT_INCREMENTALLY
[2026-07-04 09:48:13,600 INFO  L173          SolverBuilder]: Constructing external solver with command: z3 SMTLIB2_COMPLIANT=true -memory:2024 -smt2 -in
[2026-07-04 09:48:13,606 INFO  L189       MonitoredProcess]: No working directory specified, using /usr/bin/z3
[2026-07-04 09:48:13,609 INFO  L229       MonitoredProcess]: Starting monitored process 3 with /usr/bin/z3 SMTLIB2_COMPLIANT=true -memory:2024 -smt2 -in (exit command is (exit), workingDir is null)
[2026-07-04 09:48:13,610 INFO  L327       MonitoredProcess]: [MP /usr/bin/z3 SMTLIB2_COMPLIANT=true -memory:2024 -smt2 -in (3)] Waiting until timeout for monitored process
[2026-07-04 09:48:13,832 INFO  L108    AnnotateAndAsserter]: Assert order NOT_INCREMENTALLY partitioned 39 statements into 1 equivalence classes.
[2026-07-04 09:48:13,861 INFO  L111    AnnotateAndAsserter]: Assert order NOT_INCREMENTALLY issued 1 check-sat command(s) and asserted 39 of 39 statements.
[2026-07-04 09:48:13,861 INFO  L114    AnnotateAndAsserter]: Assert order NOT_INCREMENTALLY issued 1 check-sat command(s)
[2026-07-04 09:48:13,861 INFO  L115    AnnotateAndAsserter]: Conjunction of SSA is unsat
[2026-07-04 09:48:13,872 INFO  L256         TraceCheckSpWp]: Trace formula consists of 164 conjuncts, 2 conjuncts are in the unsatisfiable core
[2026-07-04 09:48:13,873 INFO  L279         TraceCheckSpWp]: Computing forward predicates...
[2026-07-04 09:48:14,003 INFO  L134       CoverageAnalysis]: Checked inductivity of 0 backedges. 0 proven. 0 refuted. 0 times theorem prover too weak. 0 trivial. 0 not checked.
[2026-07-04 09:48:14,003 INFO  L312         TraceCheckSpWp]: Computing backward predicates...
[2026-07-04 09:48:14,116 INFO  L134       CoverageAnalysis]: Checked inductivity of 0 backedges. 0 proven. 0 refuted. 0 times theorem prover too weak. 0 trivial. 0 not checked.
[2026-07-04 09:48:14,117 INFO  L136   FreeRefinementEngine]: Strategy FIXED_PREFERENCES found an infeasible trace
[2026-07-04 09:48:14,117 INFO  L324   FreeRefinementEngine]: Using interpolant generator IpTcStrategyModulePreferences [2142676428]
[2026-07-04 09:48:14,117 INFO  L158   FreeRefinementEngine]: IpTcStrategyModulePreferences [2142676428] provided 2 perfect and 0 imperfect interpolant sequences
[2026-07-04 09:48:14,117 INFO  L185   FreeRefinementEngine]: Found 2 perfect and 0 imperfect interpolant sequences.
[2026-07-04 09:48:14,117 INFO  L198   FreeRefinementEngine]: Number of different interpolants: perfect sequences [3, 3] imperfect sequences [] total 3
[2026-07-04 09:48:14,117 INFO  L121   tionRefinementEngine]: Using interpolant automaton builder IpAbStrategyModuleStraightlineAll [276638846]
[2026-07-04 09:48:14,117 INFO  L85    oduleStraightlineAll]: Using 2 perfect interpolants to construct interpolant automaton
[2026-07-04 09:48:14,118 INFO  L567      AbstractCegarLoop]: INTERPOLANT automaton has 3 states
[2026-07-04 09:48:14,118 INFO  L100   FreeRefinementEngine]: Using predicate unifier PredicateUnifier provided by strategy FIXED_PREFERENCES
[2026-07-04 09:48:14,118 INFO  L144   InterpolantAutomaton]: Constructing interpolant automaton starting with 3 interpolants.
[2026-07-04 09:48:14,118 INFO  L146   InterpolantAutomaton]: CoverageRelationStatistics Valid=3, Invalid=3, Unknown=0, NotChecked=0, Total=6
[2026-07-04 09:48:14,118 INFO  L87              Difference]: Start difference. First operand 294 states and 375 transitions. Second operand  has 3 states, 3 states have (on average 13.0) internal successors, (39), 3 states have internal predecessors, (39), 0 states have call successors, (0), 0 states have call predecessors, (0), 0 states have return successors, (0), 0 states have call predecessors, (0), 0 states have call successors, (0)
[2026-07-04 09:48:14,168 INFO  L144             Difference]: Subtrahend was deterministic. Have not used determinization.
[2026-07-04 09:48:14,168 INFO  L93              Difference]: Finished difference Result 587 states and 749 transitions.
[2026-07-04 09:48:14,177 INFO  L140   InterpolantAutomaton]: Switched to read-only mode: deterministic interpolant automaton has 3 states. 
[2026-07-04 09:48:14,178 INFO  L79                 Accepts]: Start accepts. Automaton has  has 3 states, 3 states have (on average 13.0) internal successors, (39), 3 states have internal predecessors, (39), 0 states have call successors, (0), 0 states have call predecessors, (0), 0 states have return successors, (0), 0 states have call predecessors, (0), 0 states have call successors, (0) Word has length 39
[2026-07-04 09:48:14,178 INFO  L85                 Accepts]: Finished accepts. some prefix is accepted.
[2026-07-04 09:48:14,179 INFO  L225             Difference]: With dead ends: 587
[2026-07-04 09:48:14,179 INFO  L226             Difference]: Without dead ends: 294
[2026-07-04 09:48:14,180 INFO  L425           NwaCegarLoop]: 0 DeclaredPredicates, 76 GetRequests, 75 SyntacticMatches, 0 SemanticMatches, 1 ConstructedPredicates, 0 IntricatePredicates, 0 DeprecatedPredicates, 0 ImplicationChecksByTransitivity, 0.0s TimeCoverageRelationStatistics Valid=3, Invalid=3, Unknown=0, NotChecked=0, Total=6
[2026-07-04 09:48:14,180 INFO  L426           NwaCegarLoop]: 373 mSDtfsCounter, 347 mSDsluCounter, 0 mSDsCounter, 0 mSdLazyCounter, 1 mSolverCounterSat, 2 mSolverCounterUnsat, 0 mSolverCounterUnknown, 0 mSolverCounterNotChecked, 0.0s Time, 0 mProtectedPredicate, 0 mProtectedAction, 347 SdHoareTripleChecker+Valid, 373 SdHoareTripleChecker+Invalid, 3 SdHoareTripleChecker+Unknown, 0 SdHoareTripleChecker+Unchecked, 0.0s SdHoareTripleChecker+Time, 2 IncrementalHoareTripleChecker+Valid, 1 IncrementalHoareTripleChecker+Invalid, 0 IncrementalHoareTripleChecker+Unknown, 0 IncrementalHoareTripleChecker+Unchecked, 0.0s IncrementalHoareTripleChecker+Time
[2026-07-04 09:48:14,180 INFO  L427           NwaCegarLoop]: SdHoareTripleChecker [347 Valid, 373 Invalid, 3 Unknown, 0 Unchecked, 0.0s Time], IncrementalHoareTripleChecker [2 Valid, 1 Invalid, 0 Unknown, 0 Unchecked, 0.0s Time]
[2026-07-04 09:48:14,181 INFO  L82        GeneralOperation]: Start minimizeSevpa. Operand 294 states.
[2026-07-04 09:48:14,192 INFO  L88        GeneralOperation]: Finished minimizeSevpa. Reduced states from 294 to 294.
[2026-07-04 09:48:14,193 INFO  L82        GeneralOperation]: Start removeUnreachable. Operand  has 294 states, 267 states have (on average 1.2659176029962547) internal successors, (338), 269 states have internal predecessors, (338), 18 states have call successors, (18), 8 states have call predecessors, (18), 8 states have return successors, (18), 18 states have call predecessors, (18), 18 states have call successors, (18)
[2026-07-04 09:48:14,194 INFO  L88        GeneralOperation]: Finished removeUnreachable. Reduced from 294 states to 294 states and 374 transitions.
[2026-07-04 09:48:14,194 INFO  L79                 Accepts]: Start accepts. Automaton has 294 states and 374 transitions. Word has length 39
[2026-07-04 09:48:14,194 INFO  L85                 Accepts]: Finished accepts. word is rejected.
[2026-07-04 09:48:14,194 INFO  L490      AbstractCegarLoop]: Abstraction has 294 states and 374 transitions.
[2026-07-04 09:48:14,194 INFO  L491      AbstractCegarLoop]: INTERPOLANT automaton has  has 3 states, 3 states have (on average 13.0) internal successors, (39), 3 states have internal predecessors, (39), 0 states have call successors, (0), 0 states have call predecessors, (0), 0 states have return successors, (0), 0 states have call predecessors, (0), 0 states have call successors, (0)
[2026-07-04 09:48:14,194 INFO  L278                IsEmpty]: Start isEmpty. Operand 294 states and 374 transitions.
[2026-07-04 09:48:14,195 INFO  L284                IsEmpty]: Finished isEmpty. Found accepting run of length 40
[2026-07-04 09:48:14,195 INFO  L199           NwaCegarLoop]: Found error trace
[2026-07-04 09:48:14,195 INFO  L207           NwaCegarLoop]: trace histogram [1, 1, 1, 1, 1, 1, 1, 1, 1, 1, 1, 1, 1, 1, 1, 1, 1, 1, 1, 1, 1, 1, 1, 1, 1, 1, 1, 1, 1, 1, 1, 1, 1, 1, 1, 1, 1, 1, 1]
[2026-07-04 09:48:14,208 INFO  L546       MonitoredProcess]: [MP /usr/bin/z3 SMTLIB2_COMPLIANT=true -memory:2024 -smt2 -in (3)] Ended with exit code 0
[2026-07-04 09:48:14,405 WARN  L471      AbstractCegarLoop]: Destroyed unattended storables created during the last iteration: 3 /usr/bin/z3 SMTLIB2_COMPLIANT=true -memory:2024 -smt2 -in
[2026-07-04 09:48:14,406 INFO  L408      AbstractCegarLoop]: === Iteration 3 === Targeting ULTIMATE.startErr0ASSERT_VIOLATIONASSERT === [ULTIMATE.startErr0ASSERT_VIOLATIONASSERT] ===
[2026-07-04 09:48:14,407 INFO  L156       PredicateUnifier]: Initialized classic predicate unifier
[2026-07-04 09:48:14,407 INFO  L85        PathProgramCache]: Analyzing trace with hash 459427145, now seen corresponding path program 1 times
[2026-07-04 09:48:14,407 INFO  L118   FreeRefinementEngine]: Executing refinement strategy FIXED_PREFERENCES
[2026-07-04 09:48:14,407 INFO  L324   FreeRefinementEngine]: Using trace check IpTcStrategyModulePreferences [452653720]
[2026-07-04 09:48:14,407 INFO  L97    rtionOrderModulation]: Keeping assertion order NOT_INCREMENTALLY
[2026-07-04 09:48:14,407 INFO  L173          SolverBuilder]: Constructing external solver with command: z3 SMTLIB2_COMPLIANT=true -memory:2024 -smt2 -in
[2026-07-04 09:48:14,412 INFO  L189       MonitoredProcess]: No working directory specified, using /usr/bin/z3
[2026-07-04 09:48:14,415 INFO  L229       MonitoredProcess]: Starting monitored process 4 with /usr/bin/z3 SMTLIB2_COMPLIANT=true -memory:2024 -smt2 -in (exit command is (exit), workingDir is null)
[2026-07-04 09:48:14,422 INFO  L327       MonitoredProcess]: [MP /usr/bin/z3 SMTLIB2_COMPLIANT=true -memory:2024 -smt2 -in (4)] Waiting until timeout for monitored process
[2026-07-04 09:48:14,645 INFO  L108    AnnotateAndAsserter]: Assert order NOT_INCREMENTALLY partitioned 39 statements into 1 equivalence classes.
[2026-07-04 09:48:14,671 INFO  L111    AnnotateAndAsserter]: Assert order NOT_INCREMENTALLY issued 1 check-sat command(s) and asserted 39 of 39 statements.
[2026-07-04 09:48:14,672 INFO  L114    AnnotateAndAsserter]: Assert order NOT_INCREMENTALLY issued 1 check-sat command(s)
[2026-07-04 09:48:14,672 INFO  L115    AnnotateAndAsserter]: Conjunction of SSA is unsat
[2026-07-04 09:48:14,678 INFO  L256         TraceCheckSpWp]: Trace formula consists of 160 conjuncts, 2 conjuncts are in the unsatisfiable core
[2026-07-04 09:48:14,679 INFO  L279         TraceCheckSpWp]: Computing forward predicates...
[2026-07-04 09:48:14,779 INFO  L134       CoverageAnalysis]: Checked inductivity of 0 backedges. 0 proven. 0 refuted. 0 times theorem prover too weak. 0 trivial. 0 not checked.
[2026-07-04 09:48:14,779 INFO  L312         TraceCheckSpWp]: Computing backward predicates...
[2026-07-04 09:48:14,909 INFO  L134       CoverageAnalysis]: Checked inductivity of 0 backedges. 0 proven. 0 refuted. 0 times theorem prover too weak. 0 trivial. 0 not checked.
[2026-07-04 09:48:14,910 INFO  L136   FreeRefinementEngine]: Strategy FIXED_PREFERENCES found an infeasible trace
[2026-07-04 09:48:14,910 INFO  L324   FreeRefinementEngine]: Using interpolant generator IpTcStrategyModulePreferences [452653720]
[2026-07-04 09:48:14,910 INFO  L158   FreeRefinementEngine]: IpTcStrategyModulePreferences [452653720] provided 2 perfect and 0 imperfect interpolant sequences
[2026-07-04 09:48:14,910 INFO  L185   FreeRefinementEngine]: Found 2 perfect and 0 imperfect interpolant sequences.
[2026-07-04 09:48:14,910 INFO  L198   FreeRefinementEngine]: Number of different interpolants: perfect sequences [3, 3] imperfect sequences [] total 3
[2026-07-04 09:48:14,910 INFO  L121   tionRefinementEngine]: Using interpolant automaton builder IpAbStrategyModuleStraightlineAll [1067936567]
[2026-07-04 09:48:14,910 INFO  L85    oduleStraightlineAll]: Using 2 perfect interpolants to construct interpolant automaton
[2026-07-04 09:48:14,910 INFO  L567      AbstractCegarLoop]: INTERPOLANT automaton has 3 states
[2026-07-04 09:48:14,910 INFO  L100   FreeRefinementEngine]: Using predicate unifier PredicateUnifier provided by strategy FIXED_PREFERENCES
[2026-07-04 09:48:14,911 INFO  L144   InterpolantAutomaton]: Constructing interpolant automaton starting with 3 interpolants.
[2026-07-04 09:48:14,911 INFO  L146   InterpolantAutomaton]: CoverageRelationStatistics Valid=3, Invalid=3, Unknown=0, NotChecked=0, Total=6
[2026-07-04 09:48:14,911 INFO  L87              Difference]: Start difference. First operand 294 states and 374 transitions. Second operand  has 3 states, 3 states have (on average 13.0) internal successors, (39), 3 states have internal predecessors, (39), 0 states have call successors, (0), 0 states have call predecessors, (0), 0 states have return successors, (0), 0 states have call predecessors, (0), 0 states have call successors, (0)
[2026-07-04 09:48:14,975 INFO  L144             Difference]: Subtrahend was deterministic. Have not used determinization.
[2026-07-04 09:48:14,975 INFO  L93              Difference]: Finished difference Result 587 states and 747 transitions.
[2026-07-04 09:48:14,977 INFO  L140   InterpolantAutomaton]: Switched to read-only mode: deterministic interpolant automaton has 3 states. 
[2026-07-04 09:48:14,977 INFO  L79                 Accepts]: Start accepts. Automaton has  has 3 states, 3 states have (on average 13.0) internal successors, (39), 3 states have internal predecessors, (39), 0 states have call successors, (0), 0 states have call predecessors, (0), 0 states have return successors, (0), 0 states have call predecessors, (0), 0 states have call successors, (0) Word has length 39
[2026-07-04 09:48:14,977 INFO  L85                 Accepts]: Finished accepts. some prefix is accepted.
[2026-07-04 09:48:14,978 INFO  L225             Difference]: With dead ends: 587
[2026-07-04 09:48:14,978 INFO  L226             Difference]: Without dead ends: 294
[2026-07-04 09:48:14,979 INFO  L425           NwaCegarLoop]: 0 DeclaredPredicates, 76 GetRequests, 75 SyntacticMatches, 0 SemanticMatches, 1 ConstructedPredicates, 0 IntricatePredicates, 0 DeprecatedPredicates, 0 ImplicationChecksByTransitivity, 0.0s TimeCoverageRelationStatistics Valid=3, Invalid=3, Unknown=0, NotChecked=0, Total=6
[2026-07-04 09:48:14,979 INFO  L426           NwaCegarLoop]: 372 mSDtfsCounter, 344 mSDsluCounter, 0 mSDsCounter, 0 mSdLazyCounter, 1 mSolverCounterSat, 2 mSolverCounterUnsat, 0 mSolverCounterUnknown, 0 mSolverCounterNotChecked, 0.0s Time, 0 mProtectedPredicate, 0 mProtectedAction, 344 SdHoareTripleChecker+Valid, 372 SdHoareTripleChecker+Invalid, 3 SdHoareTripleChecker+Unknown, 0 SdHoareTripleChecker+Unchecked, 0.0s SdHoareTripleChecker+Time, 2 IncrementalHoareTripleChecker+Valid, 1 IncrementalHoareTripleChecker+Invalid, 0 IncrementalHoareTripleChecker+Unknown, 0 IncrementalHoareTripleChecker+Unchecked, 0.0s IncrementalHoareTripleChecker+Time
[2026-07-04 09:48:14,979 INFO  L427           NwaCegarLoop]: SdHoareTripleChecker [344 Valid, 372 Invalid, 3 Unknown, 0 Unchecked, 0.0s Time], IncrementalHoareTripleChecker [2 Valid, 1 Invalid, 0 Unknown, 0 Unchecked, 0.0s Time]
[2026-07-04 09:48:14,980 INFO  L82        GeneralOperation]: Start minimizeSevpa. Operand 294 states.
[2026-07-04 09:48:14,992 INFO  L88        GeneralOperation]: Finished minimizeSevpa. Reduced states from 294 to 294.
[2026-07-04 09:48:14,993 INFO  L82        GeneralOperation]: Start removeUnreachable. Operand  has 294 states, 267 states have (on average 1.2621722846441947) internal successors, (337), 269 states have internal predecessors, (337), 18 states have call successors, (18), 8 states have call predecessors, (18), 8 states have return successors, (18), 18 states have call predecessors, (18), 18 states have call successors, (18)
[2026-07-04 09:48:15,002 INFO  L88        GeneralOperation]: Finished removeUnreachable. Reduced from 294 states to 294 states and 373 transitions.
[2026-07-04 09:48:15,002 INFO  L79                 Accepts]: Start accepts. Automaton has 294 states and 373 transitions. Word has length 39
[2026-07-04 09:48:15,002 INFO  L85                 Accepts]: Finished accepts. word is rejected.
[2026-07-04 09:48:15,002 INFO  L490      AbstractCegarLoop]: Abstraction has 294 states and 373 transitions.
[2026-07-04 09:48:15,002 INFO  L491      AbstractCegarLoop]: INTERPOLANT automaton has  has 3 states, 3 states have (on average 13.0) internal successors, (39), 3 states have internal predecessors, (39), 0 states have call successors, (0), 0 states have call predecessors, (0), 0 states have return successors, (0), 0 states have call predecessors, (0), 0 states have call successors, (0)
[2026-07-04 09:48:15,002 INFO  L278                IsEmpty]: Start isEmpty. Operand 294 states and 373 transitions.
[2026-07-04 09:48:15,003 INFO  L284                IsEmpty]: Finished isEmpty. Found accepting run of length 40
[2026-07-04 09:48:15,003 INFO  L199           NwaCegarLoop]: Found error trace
[2026-07-04 09:48:15,003 INFO  L207           NwaCegarLoop]: trace histogram [1, 1, 1, 1, 1, 1, 1, 1, 1, 1, 1, 1, 1, 1, 1, 1, 1, 1, 1, 1, 1, 1, 1, 1, 1, 1, 1, 1, 1, 1, 1, 1, 1, 1, 1, 1, 1, 1, 1]
[2026-07-04 09:48:15,011 INFO  L534       MonitoredProcess]: [MP /usr/bin/z3 SMTLIB2_COMPLIANT=true -memory:2024 -smt2 -in (4)] Forceful destruction successful, exit code 0
[2026-07-04 09:48:15,205 WARN  L471      AbstractCegarLoop]: Destroyed unattended storables created during the last iteration: 4 /usr/bin/z3 SMTLIB2_COMPLIANT=true -memory:2024 -smt2 -in
[2026-07-04 09:48:15,205 INFO  L408      AbstractCegarLoop]: === Iteration 4 === Targeting ULTIMATE.startErr0ASSERT_VIOLATIONASSERT === [ULTIMATE.startErr0ASSERT_VIOLATIONASSERT] ===
[2026-07-04 09:48:15,205 INFO  L156       PredicateUnifier]: Initialized classic predicate unifier
[2026-07-04 09:48:15,205 INFO  L85        PathProgramCache]: Analyzing trace with hash -2060532789, now seen corresponding path program 1 times
[2026-07-04 09:48:15,206 INFO  L118   FreeRefinementEngine]: Executing refinement strategy FIXED_PREFERENCES
[2026-07-04 09:48:15,206 INFO  L324   FreeRefinementEngine]: Using trace check IpTcStrategyModulePreferences [1062805962]
[2026-07-04 09:48:15,206 INFO  L97    rtionOrderModulation]: Keeping assertion order NOT_INCREMENTALLY
[2026-07-04 09:48:15,206 INFO  L173          SolverBuilder]: Constructing external solver with command: z3 SMTLIB2_COMPLIANT=true -memory:2024 -smt2 -in
[2026-07-04 09:48:15,207 INFO  L189       MonitoredProcess]: No working directory specified, using /usr/bin/z3
[2026-07-04 09:48:15,211 INFO  L229       MonitoredProcess]: Starting monitored process 5 with /usr/bin/z3 SMTLIB2_COMPLIANT=true -memory:2024 -smt2 -in (exit command is (exit), workingDir is null)
[2026-07-04 09:48:15,215 INFO  L327       MonitoredProcess]: [MP /usr/bin/z3 SMTLIB2_COMPLIANT=true -memory:2024 -smt2 -in (5)] Waiting until timeout for monitored process
[2026-07-04 09:48:15,399 INFO  L108    AnnotateAndAsserter]: Assert order NOT_INCREMENTALLY partitioned 39 statements into 1 equivalence classes.
[2026-07-04 09:48:15,426 INFO  L111    AnnotateAndAsserter]: Assert order NOT_INCREMENTALLY issued 1 check-sat command(s) and asserted 39 of 39 statements.
[2026-07-04 09:48:15,426 INFO  L114    AnnotateAndAsserter]: Assert order NOT_INCREMENTALLY issued 1 check-sat command(s)
[2026-07-04 09:48:15,426 INFO  L115    AnnotateAndAsserter]: Conjunction of SSA is unsat
[2026-07-04 09:48:15,428 INFO  L256         TraceCheckSpWp]: Trace formula consists of 156 conjuncts, 2 conjuncts are in the unsatisfiable core
[2026-07-04 09:48:15,430 INFO  L279         TraceCheckSpWp]: Computing forward predicates...
[2026-07-04 09:48:16,278 INFO  L134       CoverageAnalysis]: Checked inductivity of 0 backedges. 0 proven. 0 refuted. 0 times theorem prover too weak. 0 trivial. 0 not checked.
[2026-07-04 09:48:16,278 INFO  L312         TraceCheckSpWp]: Computing backward predicates...
[2026-07-04 09:48:16,289 INFO  L134       CoverageAnalysis]: Checked inductivity of 0 backedges. 0 proven. 0 refuted. 0 times theorem prover too weak. 0 trivial. 0 not checked.
[2026-07-04 09:48:16,290 INFO  L136   FreeRefinementEngine]: Strategy FIXED_PREFERENCES found an infeasible trace
[2026-07-04 09:48:16,290 INFO  L324   FreeRefinementEngine]: Using interpolant generator IpTcStrategyModulePreferences [1062805962]
[2026-07-04 09:48:16,290 INFO  L158   FreeRefinementEngine]: IpTcStrategyModulePreferences [1062805962] provided 2 perfect and 0 imperfect interpolant sequences
[2026-07-04 09:48:16,290 INFO  L185   FreeRefinementEngine]: Found 2 perfect and 0 imperfect interpolant sequences.
[2026-07-04 09:48:16,290 INFO  L198   FreeRefinementEngine]: Number of different interpolants: perfect sequences [2, 2] imperfect sequences [] total 2
[2026-07-04 09:48:16,290 INFO  L121   tionRefinementEngine]: Using interpolant automaton builder IpAbStrategyModuleStraightlineAll [669784161]
[2026-07-04 09:48:16,290 INFO  L85    oduleStraightlineAll]: Using 2 perfect interpolants to construct interpolant automaton
[2026-07-04 09:48:16,290 INFO  L567      AbstractCegarLoop]: INTERPOLANT automaton has 3 states
[2026-07-04 09:48:16,290 INFO  L100   FreeRefinementEngine]: Using predicate unifier PredicateUnifier provided by strategy FIXED_PREFERENCES
[2026-07-04 09:48:16,290 INFO  L144   InterpolantAutomaton]: Constructing interpolant automaton starting with 3 interpolants.
[2026-07-04 09:48:16,290 INFO  L146   InterpolantAutomaton]: CoverageRelationStatistics Valid=3, Invalid=3, Unknown=0, NotChecked=0, Total=6
[2026-07-04 09:48:16,290 INFO  L87              Difference]: Start difference. First operand 294 states and 373 transitions. Second operand  has 3 states, 3 states have (on average 13.0) internal successors, (39), 2 states have internal predecessors, (39), 0 states have call successors, (0), 0 states have call predecessors, (0), 0 states have return successors, (0), 0 states have call predecessors, (0), 0 states have call successors, (0)
[2026-07-04 09:48:16,324 INFO  L144             Difference]: Subtrahend was deterministic. Have not used determinization.
[2026-07-04 09:48:16,324 INFO  L93              Difference]: Finished difference Result 591 states and 751 transitions.
[2026-07-04 09:48:16,329 INFO  L140   InterpolantAutomaton]: Switched to read-only mode: deterministic interpolant automaton has 3 states. 
[2026-07-04 09:48:16,330 INFO  L79                 Accepts]: Start accepts. Automaton has  has 3 states, 3 states have (on average 13.0) internal successors, (39), 2 states have internal predecessors, (39), 0 states have call successors, (0), 0 states have call predecessors, (0), 0 states have return successors, (0), 0 states have call predecessors, (0), 0 states have call successors, (0) Word has length 39
[2026-07-04 09:48:16,330 INFO  L85                 Accepts]: Finished accepts. some prefix is accepted.
[2026-07-04 09:48:16,331 INFO  L225             Difference]: With dead ends: 591
[2026-07-04 09:48:16,331 INFO  L226             Difference]: Without dead ends: 298
[2026-07-04 09:48:16,331 INFO  L425           NwaCegarLoop]: 0 DeclaredPredicates, 76 GetRequests, 75 SyntacticMatches, 0 SemanticMatches, 1 ConstructedPredicates, 0 IntricatePredicates, 0 DeprecatedPredicates, 0 ImplicationChecksByTransitivity, 0.0s TimeCoverageRelationStatistics Valid=3, Invalid=3, Unknown=0, NotChecked=0, Total=6
[2026-07-04 09:48:16,331 INFO  L426           NwaCegarLoop]: 372 mSDtfsCounter, 4 mSDsluCounter, 363 mSDsCounter, 0 mSdLazyCounter, 7 mSolverCounterSat, 3 mSolverCounterUnsat, 0 mSolverCounterUnknown, 0 mSolverCounterNotChecked, 0.0s Time, 0 mProtectedPredicate, 0 mProtectedAction, 4 SdHoareTripleChecker+Valid, 735 SdHoareTripleChecker+Invalid, 10 SdHoareTripleChecker+Unknown, 0 SdHoareTripleChecker+Unchecked, 0.0s SdHoareTripleChecker+Time, 3 IncrementalHoareTripleChecker+Valid, 7 IncrementalHoareTripleChecker+Invalid, 0 IncrementalHoareTripleChecker+Unknown, 0 IncrementalHoareTripleChecker+Unchecked, 0.0s IncrementalHoareTripleChecker+Time
[2026-07-04 09:48:16,331 INFO  L427           NwaCegarLoop]: SdHoareTripleChecker [4 Valid, 735 Invalid, 10 Unknown, 0 Unchecked, 0.0s Time], IncrementalHoareTripleChecker [3 Valid, 7 Invalid, 0 Unknown, 0 Unchecked, 0.0s Time]
[2026-07-04 09:48:16,332 INFO  L82        GeneralOperation]: Start minimizeSevpa. Operand 298 states.
[2026-07-04 09:48:16,345 INFO  L88        GeneralOperation]: Finished minimizeSevpa. Reduced states from 298 to 298.
[2026-07-04 09:48:16,345 INFO  L82        GeneralOperation]: Start removeUnreachable. Operand  has 298 states, 271 states have (on average 1.2583025830258303) internal successors, (341), 273 states have internal predecessors, (341), 18 states have call successors, (18), 8 states have call predecessors, (18), 8 states have return successors, (18), 18 states have call predecessors, (18), 18 states have call successors, (18)
[2026-07-04 09:48:16,353 INFO  L88        GeneralOperation]: Finished removeUnreachable. Reduced from 298 states to 298 states and 377 transitions.
[2026-07-04 09:48:16,353 INFO  L79                 Accepts]: Start accepts. Automaton has 298 states and 377 transitions. Word has length 39
[2026-07-04 09:48:16,353 INFO  L85                 Accepts]: Finished accepts. word is rejected.
[2026-07-04 09:48:16,354 INFO  L490      AbstractCegarLoop]: Abstraction has 298 states and 377 transitions.
[2026-07-04 09:48:16,354 INFO  L491      AbstractCegarLoop]: INTERPOLANT automaton has  has 3 states, 3 states have (on average 13.0) internal successors, (39), 2 states have internal predecessors, (39), 0 states have call successors, (0), 0 states have call predecessors, (0), 0 states have return successors, (0), 0 states have call predecessors, (0), 0 states have call successors, (0)
[2026-07-04 09:48:16,354 INFO  L278                IsEmpty]: Start isEmpty. Operand 298 states and 377 transitions.
[2026-07-04 09:48:16,354 INFO  L284                IsEmpty]: Finished isEmpty. Found accepting run of length 45
[2026-07-04 09:48:16,354 INFO  L199           NwaCegarLoop]: Found error trace
[2026-07-04 09:48:16,354 INFO  L207           NwaCegarLoop]: trace histogram [2, 1, 1, 1, 1, 1, 1, 1, 1, 1, 1, 1, 1, 1, 1, 1, 1, 1, 1, 1, 1, 1, 1, 1, 1, 1, 1, 1, 1, 1, 1, 1, 1, 1, 1, 1, 1, 1, 1, 1, 1, 1, 1]
[2026-07-04 09:48:16,366 INFO  L546       MonitoredProcess]: [MP /usr/bin/z3 SMTLIB2_COMPLIANT=true -memory:2024 -smt2 -in (5)] Ended with exit code 0
[2026-07-04 09:48:16,555 WARN  L471      AbstractCegarLoop]: Destroyed unattended storables created during the last iteration: 5 /usr/bin/z3 SMTLIB2_COMPLIANT=true -memory:2024 -smt2 -in
[2026-07-04 09:48:16,555 INFO  L408      AbstractCegarLoop]: === Iteration 5 === Targeting ULTIMATE.startErr0ASSERT_VIOLATIONASSERT === [ULTIMATE.startErr0ASSERT_VIOLATIONASSERT] ===
[2026-07-04 09:48:16,556 INFO  L156       PredicateUnifier]: Initialized classic predicate unifier
[2026-07-04 09:48:16,556 INFO  L85        PathProgramCache]: Analyzing trace with hash -806199283, now seen corresponding path program 1 times
[2026-07-04 09:48:16,556 INFO  L118   FreeRefinementEngine]: Executing refinement strategy FIXED_PREFERENCES
[2026-07-04 09:48:16,556 INFO  L324   FreeRefinementEngine]: Using trace check IpTcStrategyModulePreferences [1034857437]
[2026-07-04 09:48:16,556 INFO  L97    rtionOrderModulation]: Keeping assertion order NOT_INCREMENTALLY
[2026-07-04 09:48:16,556 INFO  L173          SolverBuilder]: Constructing external solver with command: z3 SMTLIB2_COMPLIANT=true -memory:2024 -smt2 -in
[2026-07-04 09:48:16,558 INFO  L189       MonitoredProcess]: No working directory specified, using /usr/bin/z3
[2026-07-04 09:48:16,559 INFO  L229       MonitoredProcess]: Starting monitored process 6 with /usr/bin/z3 SMTLIB2_COMPLIANT=true -memory:2024 -smt2 -in (exit command is (exit), workingDir is null)
[2026-07-04 09:48:16,562 INFO  L327       MonitoredProcess]: [MP /usr/bin/z3 SMTLIB2_COMPLIANT=true -memory:2024 -smt2 -in (6)] Waiting until timeout for monitored process
[2026-07-04 09:48:16,719 INFO  L108    AnnotateAndAsserter]: Assert order NOT_INCREMENTALLY partitioned 44 statements into 1 equivalence classes.
[2026-07-04 09:48:16,756 INFO  L111    AnnotateAndAsserter]: Assert order NOT_INCREMENTALLY issued 1 check-sat command(s) and asserted 44 of 44 statements.
[2026-07-04 09:48:16,756 INFO  L114    AnnotateAndAsserter]: Assert order NOT_INCREMENTALLY issued 1 check-sat command(s)
[2026-07-04 09:48:16,756 INFO  L115    AnnotateAndAsserter]: Conjunction of SSA is unsat
[2026-07-04 09:48:16,759 INFO  L256         TraceCheckSpWp]: Trace formula consists of 234 conjuncts, 3 conjuncts are in the unsatisfiable core
[2026-07-04 09:48:16,760 INFO  L279         TraceCheckSpWp]: Computing forward predicates...
[2026-07-04 09:48:16,845 INFO  L134       CoverageAnalysis]: Checked inductivity of 2 backedges. 2 proven. 0 refuted. 0 times theorem prover too weak. 0 trivial. 0 not checked.
[2026-07-04 09:48:16,846 INFO  L312         TraceCheckSpWp]: Computing backward predicates...
[2026-07-04 09:48:16,939 INFO  L134       CoverageAnalysis]: Checked inductivity of 2 backedges. 2 proven. 0 refuted. 0 times theorem prover too weak. 0 trivial. 0 not checked.
[2026-07-04 09:48:16,940 INFO  L136   FreeRefinementEngine]: Strategy FIXED_PREFERENCES found an infeasible trace
[2026-07-04 09:48:16,940 INFO  L324   FreeRefinementEngine]: Using interpolant generator IpTcStrategyModulePreferences [1034857437]
[2026-07-04 09:48:16,940 INFO  L158   FreeRefinementEngine]: IpTcStrategyModulePreferences [1034857437] provided 2 perfect and 0 imperfect interpolant sequences
[2026-07-04 09:48:16,940 INFO  L185   FreeRefinementEngine]: Found 2 perfect and 0 imperfect interpolant sequences.
[2026-07-04 09:48:16,940 INFO  L198   FreeRefinementEngine]: Number of different interpolants: perfect sequences [3, 3] imperfect sequences [] total 4
[2026-07-04 09:48:16,940 INFO  L121   tionRefinementEngine]: Using interpolant automaton builder IpAbStrategyModuleStraightlineAll [98877928]
[2026-07-04 09:48:16,940 INFO  L85    oduleStraightlineAll]: Using 2 perfect interpolants to construct interpolant automaton
[2026-07-04 09:48:16,940 INFO  L567      AbstractCegarLoop]: INTERPOLANT automaton has 4 states
[2026-07-04 09:48:16,940 INFO  L100   FreeRefinementEngine]: Using predicate unifier PredicateUnifier provided by strategy FIXED_PREFERENCES
[2026-07-04 09:48:16,940 INFO  L144   InterpolantAutomaton]: Constructing interpolant automaton starting with 4 interpolants.
[2026-07-04 09:48:16,940 INFO  L146   InterpolantAutomaton]: CoverageRelationStatistics Valid=6, Invalid=6, Unknown=0, NotChecked=0, Total=12
[2026-07-04 09:48:16,941 INFO  L87              Difference]: Start difference. First operand 298 states and 377 transitions. Second operand  has 4 states, 4 states have (on average 14.5) internal successors, (58), 4 states have internal predecessors, (58), 0 states have call successors, (0), 0 states have call predecessors, (0), 0 states have return successors, (0), 0 states have call predecessors, (0), 0 states have call successors, (0)
[2026-07-04 09:48:17,339 INFO  L144             Difference]: Subtrahend was deterministic. Have not used determinization.
[2026-07-04 09:48:17,339 INFO  L93              Difference]: Finished difference Result 1100 states and 1388 transitions.
[2026-07-04 09:48:17,340 INFO  L140   InterpolantAutomaton]: Switched to read-only mode: deterministic interpolant automaton has 4 states. 
[2026-07-04 09:48:17,340 INFO  L79                 Accepts]: Start accepts. Automaton has  has 4 states, 4 states have (on average 14.5) internal successors, (58), 4 states have internal predecessors, (58), 0 states have call successors, (0), 0 states have call predecessors, (0), 0 states have return successors, (0), 0 states have call predecessors, (0), 0 states have call successors, (0) Word has length 44
[2026-07-04 09:48:17,340 INFO  L85                 Accepts]: Finished accepts. some prefix is accepted.
[2026-07-04 09:48:17,342 INFO  L225             Difference]: With dead ends: 1100
[2026-07-04 09:48:17,342 INFO  L226             Difference]: Without dead ends: 803
[2026-07-04 09:48:17,343 INFO  L425           NwaCegarLoop]: 0 DeclaredPredicates, 86 GetRequests, 84 SyntacticMatches, 0 SemanticMatches, 2 ConstructedPredicates, 0 IntricatePredicates, 0 DeprecatedPredicates, 0 ImplicationChecksByTransitivity, 0.0s TimeCoverageRelationStatistics Valid=6, Invalid=6, Unknown=0, NotChecked=0, Total=12
[2026-07-04 09:48:17,343 INFO  L426           NwaCegarLoop]: 374 mSDtfsCounter, 928 mSDsluCounter, 593 mSDsCounter, 0 mSdLazyCounter, 53 mSolverCounterSat, 56 mSolverCounterUnsat, 0 mSolverCounterUnknown, 0 mSolverCounterNotChecked, 0.3s Time, 0 mProtectedPredicate, 0 mProtectedAction, 928 SdHoareTripleChecker+Valid, 967 SdHoareTripleChecker+Invalid, 109 SdHoareTripleChecker+Unknown, 0 SdHoareTripleChecker+Unchecked, 0.0s SdHoareTripleChecker+Time, 56 IncrementalHoareTripleChecker+Valid, 53 IncrementalHoareTripleChecker+Invalid, 0 IncrementalHoareTripleChecker+Unknown, 0 IncrementalHoareTripleChecker+Unchecked, 0.3s IncrementalHoareTripleChecker+Time
[2026-07-04 09:48:17,343 INFO  L427           NwaCegarLoop]: SdHoareTripleChecker [928 Valid, 967 Invalid, 109 Unknown, 0 Unchecked, 0.0s Time], IncrementalHoareTripleChecker [56 Valid, 53 Invalid, 0 Unknown, 0 Unchecked, 0.3s Time]
[2026-07-04 09:48:17,344 INFO  L82        GeneralOperation]: Start minimizeSevpa. Operand 803 states.
[2026-07-04 09:48:17,381 INFO  L88        GeneralOperation]: Finished minimizeSevpa. Reduced states from 803 to 797.
[2026-07-04 09:48:17,382 INFO  L82        GeneralOperation]: Start removeUnreachable. Operand  has 797 states, 718 states have (on average 1.2381615598885793) internal successors, (889), 723 states have internal predecessors, (889), 54 states have call successors, (54), 24 states have call predecessors, (54), 24 states have return successors, (54), 52 states have call predecessors, (54), 54 states have call successors, (54)
[2026-07-04 09:48:17,385 INFO  L88        GeneralOperation]: Finished removeUnreachable. Reduced from 797 states to 797 states and 997 transitions.
[2026-07-04 09:48:17,385 INFO  L79                 Accepts]: Start accepts. Automaton has 797 states and 997 transitions. Word has length 44
[2026-07-04 09:48:17,391 INFO  L85                 Accepts]: Finished accepts. word is rejected.
[2026-07-04 09:48:17,391 INFO  L490      AbstractCegarLoop]: Abstraction has 797 states and 997 transitions.
[2026-07-04 09:48:17,392 INFO  L491      AbstractCegarLoop]: INTERPOLANT automaton has  has 4 states, 4 states have (on average 14.5) internal successors, (58), 4 states have internal predecessors, (58), 0 states have call successors, (0), 0 states have call predecessors, (0), 0 states have return successors, (0), 0 states have call predecessors, (0), 0 states have call successors, (0)
[2026-07-04 09:48:17,392 INFO  L278                IsEmpty]: Start isEmpty. Operand 797 states and 997 transitions.
[2026-07-04 09:48:17,398 INFO  L284                IsEmpty]: Finished isEmpty. Found accepting run of length 45
[2026-07-04 09:48:17,398 INFO  L199           NwaCegarLoop]: Found error trace
[2026-07-04 09:48:17,398 INFO  L207           NwaCegarLoop]: trace histogram [2, 1, 1, 1, 1, 1, 1, 1, 1, 1, 1, 1, 1, 1, 1, 1, 1, 1, 1, 1, 1, 1, 1, 1, 1, 1, 1, 1, 1, 1, 1, 1, 1, 1, 1, 1, 1, 1, 1, 1, 1, 1, 1]
[2026-07-04 09:48:17,405 INFO  L546       MonitoredProcess]: [MP /usr/bin/z3 SMTLIB2_COMPLIANT=true -memory:2024 -smt2 -in (6)] Ended with exit code 0
[2026-07-04 09:48:17,600 WARN  L471      AbstractCegarLoop]: Destroyed unattended storables created during the last iteration: 6 /usr/bin/z3 SMTLIB2_COMPLIANT=true -memory:2024 -smt2 -in
[2026-07-04 09:48:17,601 INFO  L408      AbstractCegarLoop]: === Iteration 6 === Targeting ULTIMATE.startErr0ASSERT_VIOLATIONASSERT === [ULTIMATE.startErr0ASSERT_VIOLATIONASSERT] ===
[2026-07-04 09:48:17,601 INFO  L156       PredicateUnifier]: Initialized classic predicate unifier
[2026-07-04 09:48:17,601 INFO  L85        PathProgramCache]: Analyzing trace with hash 432672494, now seen corresponding path program 1 times
[2026-07-04 09:48:17,601 INFO  L118   FreeRefinementEngine]: Executing refinement strategy FIXED_PREFERENCES
[2026-07-04 09:48:17,602 INFO  L324   FreeRefinementEngine]: Using trace check IpTcStrategyModulePreferences [2015581507]
[2026-07-04 09:48:17,602 INFO  L97    rtionOrderModulation]: Keeping assertion order NOT_INCREMENTALLY
[2026-07-04 09:48:17,602 INFO  L173          SolverBuilder]: Constructing external solver with command: z3 SMTLIB2_COMPLIANT=true -memory:2024 -smt2 -in
[2026-07-04 09:48:17,603 INFO  L189       MonitoredProcess]: No working directory specified, using /usr/bin/z3
[2026-07-04 09:48:17,605 INFO  L229       MonitoredProcess]: Starting monitored process 7 with /usr/bin/z3 SMTLIB2_COMPLIANT=true -memory:2024 -smt2 -in (exit command is (exit), workingDir is null)
[2026-07-04 09:48:17,607 INFO  L327       MonitoredProcess]: [MP /usr/bin/z3 SMTLIB2_COMPLIANT=true -memory:2024 -smt2 -in (7)] Waiting until timeout for monitored process
[2026-07-04 09:48:17,765 INFO  L108    AnnotateAndAsserter]: Assert order NOT_INCREMENTALLY partitioned 44 statements into 1 equivalence classes.
[2026-07-04 09:48:17,801 INFO  L111    AnnotateAndAsserter]: Assert order NOT_INCREMENTALLY issued 1 check-sat command(s) and asserted 44 of 44 statements.
[2026-07-04 09:48:17,802 INFO  L114    AnnotateAndAsserter]: Assert order NOT_INCREMENTALLY issued 1 check-sat command(s)
[2026-07-04 09:48:17,802 INFO  L115    AnnotateAndAsserter]: Conjunction of SSA is unsat
[2026-07-04 09:48:17,804 INFO  L256         TraceCheckSpWp]: Trace formula consists of 232 conjuncts, 2 conjuncts are in the unsatisfiable core
[2026-07-04 09:48:17,805 INFO  L279         TraceCheckSpWp]: Computing forward predicates...
[2026-07-04 09:48:17,940 INFO  L134       CoverageAnalysis]: Checked inductivity of 2 backedges. 0 proven. 0 refuted. 0 times theorem prover too weak. 2 trivial. 0 not checked.
[2026-07-04 09:48:17,940 INFO  L312         TraceCheckSpWp]: Computing backward predicates...
[2026-07-04 09:48:18,041 INFO  L134       CoverageAnalysis]: Checked inductivity of 2 backedges. 0 proven. 0 refuted. 0 times theorem prover too weak. 2 trivial. 0 not checked.
[2026-07-04 09:48:18,041 INFO  L136   FreeRefinementEngine]: Strategy FIXED_PREFERENCES found an infeasible trace
[2026-07-04 09:48:18,041 INFO  L324   FreeRefinementEngine]: Using interpolant generator IpTcStrategyModulePreferences [2015581507]
[2026-07-04 09:48:18,041 INFO  L158   FreeRefinementEngine]: IpTcStrategyModulePreferences [2015581507] provided 2 perfect and 0 imperfect interpolant sequences
[2026-07-04 09:48:18,041 INFO  L185   FreeRefinementEngine]: Found 2 perfect and 0 imperfect interpolant sequences.
[2026-07-04 09:48:18,041 INFO  L198   FreeRefinementEngine]: Number of different interpolants: perfect sequences [3, 3] imperfect sequences [] total 3
[2026-07-04 09:48:18,041 INFO  L121   tionRefinementEngine]: Using interpolant automaton builder IpAbStrategyModuleStraightlineAll [1650192449]
[2026-07-04 09:48:18,041 INFO  L85    oduleStraightlineAll]: Using 2 perfect interpolants to construct interpolant automaton
[2026-07-04 09:48:18,042 INFO  L567      AbstractCegarLoop]: INTERPOLANT automaton has 3 states
[2026-07-04 09:48:18,042 INFO  L100   FreeRefinementEngine]: Using predicate unifier PredicateUnifier provided by strategy FIXED_PREFERENCES
[2026-07-04 09:48:18,042 INFO  L144   InterpolantAutomaton]: Constructing interpolant automaton starting with 3 interpolants.
[2026-07-04 09:48:18,042 INFO  L146   InterpolantAutomaton]: CoverageRelationStatistics Valid=3, Invalid=3, Unknown=0, NotChecked=0, Total=6
[2026-07-04 09:48:18,042 INFO  L87              Difference]: Start difference. First operand 797 states and 997 transitions. Second operand  has 3 states, 3 states have (on average 14.333333333333334) internal successors, (43), 3 states have internal predecessors, (43), 0 states have call successors, (0), 0 states have call predecessors, (0), 0 states have return successors, (0), 0 states have call predecessors, (0), 0 states have call successors, (0)
[2026-07-04 09:48:18,098 INFO  L144             Difference]: Subtrahend was deterministic. Have not used determinization.
[2026-07-04 09:48:18,099 INFO  L93              Difference]: Finished difference Result 1175 states and 1469 transitions.
[2026-07-04 09:48:18,109 INFO  L140   InterpolantAutomaton]: Switched to read-only mode: deterministic interpolant automaton has 3 states. 
[2026-07-04 09:48:18,110 INFO  L79                 Accepts]: Start accepts. Automaton has  has 3 states, 3 states have (on average 14.333333333333334) internal successors, (43), 3 states have internal predecessors, (43), 0 states have call successors, (0), 0 states have call predecessors, (0), 0 states have return successors, (0), 0 states have call predecessors, (0), 0 states have call successors, (0) Word has length 44
[2026-07-04 09:48:18,110 INFO  L85                 Accepts]: Finished accepts. some prefix is accepted.
[2026-07-04 09:48:18,113 INFO  L225             Difference]: With dead ends: 1175
[2026-07-04 09:48:18,113 INFO  L226             Difference]: Without dead ends: 890
[2026-07-04 09:48:18,115 INFO  L425           NwaCegarLoop]: 0 DeclaredPredicates, 86 GetRequests, 85 SyntacticMatches, 0 SemanticMatches, 1 ConstructedPredicates, 0 IntricatePredicates, 0 DeprecatedPredicates, 0 ImplicationChecksByTransitivity, 0.0s TimeCoverageRelationStatistics Valid=3, Invalid=3, Unknown=0, NotChecked=0, Total=6
[2026-07-04 09:48:18,115 INFO  L426           NwaCegarLoop]: 375 mSDtfsCounter, 331 mSDsluCounter, 56 mSDsCounter, 0 mSdLazyCounter, 7 mSolverCounterSat, 4 mSolverCounterUnsat, 0 mSolverCounterUnknown, 0 mSolverCounterNotChecked, 0.0s Time, 0 mProtectedPredicate, 0 mProtectedAction, 331 SdHoareTripleChecker+Valid, 431 SdHoareTripleChecker+Invalid, 11 SdHoareTripleChecker+Unknown, 0 SdHoareTripleChecker+Unchecked, 0.0s SdHoareTripleChecker+Time, 4 IncrementalHoareTripleChecker+Valid, 7 IncrementalHoareTripleChecker+Invalid, 0 IncrementalHoareTripleChecker+Unknown, 0 IncrementalHoareTripleChecker+Unchecked, 0.0s IncrementalHoareTripleChecker+Time
[2026-07-04 09:48:18,115 INFO  L427           NwaCegarLoop]: SdHoareTripleChecker [331 Valid, 431 Invalid, 11 Unknown, 0 Unchecked, 0.0s Time], IncrementalHoareTripleChecker [4 Valid, 7 Invalid, 0 Unknown, 0 Unchecked, 0.0s Time]
[2026-07-04 09:48:18,116 INFO  L82        GeneralOperation]: Start minimizeSevpa. Operand 890 states.
[2026-07-04 09:48:18,158 INFO  L88        GeneralOperation]: Finished minimizeSevpa. Reduced states from 890 to 860.
[2026-07-04 09:48:18,159 INFO  L82        GeneralOperation]: Start removeUnreachable. Operand  has 860 states, 779 states have (on average 1.2413350449293967) internal successors, (967), 785 states have internal predecessors, (967), 55 states have call successors, (55), 25 states have call predecessors, (55), 25 states have return successors, (55), 53 states have call predecessors, (55), 55 states have call successors, (55)
[2026-07-04 09:48:18,163 INFO  L88        GeneralOperation]: Finished removeUnreachable. Reduced from 860 states to 860 states and 1077 transitions.
[2026-07-04 09:48:18,163 INFO  L79                 Accepts]: Start accepts. Automaton has 860 states and 1077 transitions. Word has length 44
[2026-07-04 09:48:18,164 INFO  L85                 Accepts]: Finished accepts. word is rejected.
[2026-07-04 09:48:18,164 INFO  L490      AbstractCegarLoop]: Abstraction has 860 states and 1077 transitions.
[2026-07-04 09:48:18,164 INFO  L491      AbstractCegarLoop]: INTERPOLANT automaton has  has 3 states, 3 states have (on average 14.333333333333334) internal successors, (43), 3 states have internal predecessors, (43), 0 states have call successors, (0), 0 states have call predecessors, (0), 0 states have return successors, (0), 0 states have call predecessors, (0), 0 states have call successors, (0)
[2026-07-04 09:48:18,164 INFO  L278                IsEmpty]: Start isEmpty. Operand 860 states and 1077 transitions.
[2026-07-04 09:48:18,165 INFO  L284                IsEmpty]: Finished isEmpty. Found accepting run of length 45
[2026-07-04 09:48:18,165 INFO  L199           NwaCegarLoop]: Found error trace
[2026-07-04 09:48:18,165 INFO  L207           NwaCegarLoop]: trace histogram [2, 1, 1, 1, 1, 1, 1, 1, 1, 1, 1, 1, 1, 1, 1, 1, 1, 1, 1, 1, 1, 1, 1, 1, 1, 1, 1, 1, 1, 1, 1, 1, 1, 1, 1, 1, 1, 1, 1, 1, 1, 1, 1]
[2026-07-04 09:48:18,179 INFO  L546       MonitoredProcess]: [MP /usr/bin/z3 SMTLIB2_COMPLIANT=true -memory:2024 -smt2 -in (7)] Ended with exit code 0
[2026-07-04 09:48:18,369 WARN  L471      AbstractCegarLoop]: Destroyed unattended storables created during the last iteration: 7 /usr/bin/z3 SMTLIB2_COMPLIANT=true -memory:2024 -smt2 -in
[2026-07-04 09:48:18,370 INFO  L408      AbstractCegarLoop]: === Iteration 7 === Targeting ULTIMATE.startErr0ASSERT_VIOLATIONASSERT === [ULTIMATE.startErr0ASSERT_VIOLATIONASSERT] ===
[2026-07-04 09:48:18,370 INFO  L156       PredicateUnifier]: Initialized classic predicate unifier
[2026-07-04 09:48:18,370 INFO  L85        PathProgramCache]: Analyzing trace with hash 434519536, now seen corresponding path program 1 times
[2026-07-04 09:48:18,370 INFO  L118   FreeRefinementEngine]: Executing refinement strategy FIXED_PREFERENCES
[2026-07-04 09:48:18,370 INFO  L324   FreeRefinementEngine]: Using trace check IpTcStrategyModulePreferences [1151029863]
[2026-07-04 09:48:18,370 INFO  L97    rtionOrderModulation]: Keeping assertion order NOT_INCREMENTALLY
[2026-07-04 09:48:18,371 INFO  L173          SolverBuilder]: Constructing external solver with command: z3 SMTLIB2_COMPLIANT=true -memory:2024 -smt2 -in
[2026-07-04 09:48:18,372 INFO  L189       MonitoredProcess]: No working directory specified, using /usr/bin/z3
[2026-07-04 09:48:18,374 INFO  L229       MonitoredProcess]: Starting monitored process 8 with /usr/bin/z3 SMTLIB2_COMPLIANT=true -memory:2024 -smt2 -in (exit command is (exit), workingDir is null)
[2026-07-04 09:48:18,376 INFO  L327       MonitoredProcess]: [MP /usr/bin/z3 SMTLIB2_COMPLIANT=true -memory:2024 -smt2 -in (8)] Waiting until timeout for monitored process
[2026-07-04 09:48:18,540 INFO  L108    AnnotateAndAsserter]: Assert order NOT_INCREMENTALLY partitioned 44 statements into 1 equivalence classes.
[2026-07-04 09:48:18,575 INFO  L111    AnnotateAndAsserter]: Assert order NOT_INCREMENTALLY issued 1 check-sat command(s) and asserted 44 of 44 statements.
[2026-07-04 09:48:18,575 INFO  L114    AnnotateAndAsserter]: Assert order NOT_INCREMENTALLY issued 1 check-sat command(s)
[2026-07-04 09:48:18,575 INFO  L115    AnnotateAndAsserter]: Conjunction of SSA is unsat
[2026-07-04 09:48:18,577 INFO  L256         TraceCheckSpWp]: Trace formula consists of 228 conjuncts, 3 conjuncts are in the unsatisfiable core
[2026-07-04 09:48:18,578 INFO  L279         TraceCheckSpWp]: Computing forward predicates...
[2026-07-04 09:48:18,643 INFO  L134       CoverageAnalysis]: Checked inductivity of 2 backedges. 2 proven. 0 refuted. 0 times theorem prover too weak. 0 trivial. 0 not checked.
[2026-07-04 09:48:18,643 INFO  L312         TraceCheckSpWp]: Computing backward predicates...
[2026-07-04 09:48:18,705 INFO  L134       CoverageAnalysis]: Checked inductivity of 2 backedges. 2 proven. 0 refuted. 0 times theorem prover too weak. 0 trivial. 0 not checked.
[2026-07-04 09:48:18,705 INFO  L136   FreeRefinementEngine]: Strategy FIXED_PREFERENCES found an infeasible trace
[2026-07-04 09:48:18,705 INFO  L324   FreeRefinementEngine]: Using interpolant generator IpTcStrategyModulePreferences [1151029863]
[2026-07-04 09:48:18,705 INFO  L158   FreeRefinementEngine]: IpTcStrategyModulePreferences [1151029863] provided 2 perfect and 0 imperfect interpolant sequences
[2026-07-04 09:48:18,705 INFO  L185   FreeRefinementEngine]: Found 2 perfect and 0 imperfect interpolant sequences.
[2026-07-04 09:48:18,705 INFO  L198   FreeRefinementEngine]: Number of different interpolants: perfect sequences [4, 4] imperfect sequences [] total 4
[2026-07-04 09:48:18,705 INFO  L121   tionRefinementEngine]: Using interpolant automaton builder IpAbStrategyModuleStraightlineAll [495551006]
[2026-07-04 09:48:18,705 INFO  L85    oduleStraightlineAll]: Using 2 perfect interpolants to construct interpolant automaton
[2026-07-04 09:48:18,706 INFO  L567      AbstractCegarLoop]: INTERPOLANT automaton has 4 states
[2026-07-04 09:48:18,706 INFO  L100   FreeRefinementEngine]: Using predicate unifier PredicateUnifier provided by strategy FIXED_PREFERENCES
[2026-07-04 09:48:18,706 INFO  L144   InterpolantAutomaton]: Constructing interpolant automaton starting with 4 interpolants.
[2026-07-04 09:48:18,706 INFO  L146   InterpolantAutomaton]: CoverageRelationStatistics Valid=6, Invalid=6, Unknown=0, NotChecked=0, Total=12
[2026-07-04 09:48:18,706 INFO  L87              Difference]: Start difference. First operand 860 states and 1077 transitions. Second operand  has 4 states, 4 states have (on average 11.0) internal successors, (44), 4 states have internal predecessors, (44), 0 states have call successors, (0), 0 states have call predecessors, (0), 0 states have return successors, (0), 0 states have call predecessors, (0), 0 states have call successors, (0)
[2026-07-04 09:48:18,789 INFO  L144             Difference]: Subtrahend was deterministic. Have not used determinization.
[2026-07-04 09:48:18,789 INFO  L93              Difference]: Finished difference Result 1731 states and 2171 transitions.
[2026-07-04 09:48:18,793 INFO  L140   InterpolantAutomaton]: Switched to read-only mode: deterministic interpolant automaton has 4 states. 
[2026-07-04 09:48:18,794 INFO  L79                 Accepts]: Start accepts. Automaton has  has 4 states, 4 states have (on average 11.0) internal successors, (44), 4 states have internal predecessors, (44), 0 states have call successors, (0), 0 states have call predecessors, (0), 0 states have return successors, (0), 0 states have call predecessors, (0), 0 states have call successors, (0) Word has length 44
[2026-07-04 09:48:18,794 INFO  L85                 Accepts]: Finished accepts. some prefix is accepted.
[2026-07-04 09:48:18,796 INFO  L225             Difference]: With dead ends: 1731
[2026-07-04 09:48:18,796 INFO  L226             Difference]: Without dead ends: 870
[2026-07-04 09:48:18,797 INFO  L425           NwaCegarLoop]: 0 DeclaredPredicates, 86 GetRequests, 82 SyntacticMatches, 2 SemanticMatches, 2 ConstructedPredicates, 0 IntricatePredicates, 0 DeprecatedPredicates, 1 ImplicationChecksByTransitivity, 0.0s TimeCoverageRelationStatistics Valid=6, Invalid=6, Unknown=0, NotChecked=0, Total=12
[2026-07-04 09:48:18,797 INFO  L426           NwaCegarLoop]: 369 mSDtfsCounter, 4 mSDsluCounter, 726 mSDsCounter, 0 mSdLazyCounter, 14 mSolverCounterSat, 5 mSolverCounterUnsat, 0 mSolverCounterUnknown, 0 mSolverCounterNotChecked, 0.1s Time, 0 mProtectedPredicate, 0 mProtectedAction, 4 SdHoareTripleChecker+Valid, 1095 SdHoareTripleChecker+Invalid, 19 SdHoareTripleChecker+Unknown, 0 SdHoareTripleChecker+Unchecked, 0.0s SdHoareTripleChecker+Time, 5 IncrementalHoareTripleChecker+Valid, 14 IncrementalHoareTripleChecker+Invalid, 0 IncrementalHoareTripleChecker+Unknown, 0 IncrementalHoareTripleChecker+Unchecked, 0.1s IncrementalHoareTripleChecker+Time
[2026-07-04 09:48:18,797 INFO  L427           NwaCegarLoop]: SdHoareTripleChecker [4 Valid, 1095 Invalid, 19 Unknown, 0 Unchecked, 0.0s Time], IncrementalHoareTripleChecker [5 Valid, 14 Invalid, 0 Unknown, 0 Unchecked, 0.1s Time]
[2026-07-04 09:48:18,806 INFO  L82        GeneralOperation]: Start minimizeSevpa. Operand 870 states.
[2026-07-04 09:48:18,831 INFO  L88        GeneralOperation]: Finished minimizeSevpa. Reduced states from 870 to 870.
[2026-07-04 09:48:18,838 INFO  L82        GeneralOperation]: Start removeUnreachable. Operand  has 870 states, 789 states have (on average 1.2408111533586819) internal successors, (979), 795 states have internal predecessors, (979), 55 states have call successors, (55), 25 states have call predecessors, (55), 25 states have return successors, (55), 53 states have call predecessors, (55), 55 states have call successors, (55)
[2026-07-04 09:48:18,840 INFO  L88        GeneralOperation]: Finished removeUnreachable. Reduced from 870 states to 870 states and 1089 transitions.
[2026-07-04 09:48:18,840 INFO  L79                 Accepts]: Start accepts. Automaton has 870 states and 1089 transitions. Word has length 44
[2026-07-04 09:48:18,841 INFO  L85                 Accepts]: Finished accepts. word is rejected.
[2026-07-04 09:48:18,841 INFO  L490      AbstractCegarLoop]: Abstraction has 870 states and 1089 transitions.
[2026-07-04 09:48:18,841 INFO  L491      AbstractCegarLoop]: INTERPOLANT automaton has  has 4 states, 4 states have (on average 11.0) internal successors, (44), 4 states have internal predecessors, (44), 0 states have call successors, (0), 0 states have call predecessors, (0), 0 states have return successors, (0), 0 states have call predecessors, (0), 0 states have call successors, (0)
[2026-07-04 09:48:18,841 INFO  L278                IsEmpty]: Start isEmpty. Operand 870 states and 1089 transitions.
[2026-07-04 09:48:18,841 INFO  L284                IsEmpty]: Finished isEmpty. Found accepting run of length 50
[2026-07-04 09:48:18,843 INFO  L199           NwaCegarLoop]: Found error trace
[2026-07-04 09:48:18,843 INFO  L207           NwaCegarLoop]: trace histogram [3, 2, 2, 2, 1, 1, 1, 1, 1, 1, 1, 1, 1, 1, 1, 1, 1, 1, 1, 1, 1, 1, 1, 1, 1, 1, 1, 1, 1, 1, 1, 1, 1, 1, 1, 1, 1, 1, 1, 1, 1, 1, 1, 1]
[2026-07-04 09:48:18,854 INFO  L546       MonitoredProcess]: [MP /usr/bin/z3 SMTLIB2_COMPLIANT=true -memory:2024 -smt2 -in (8)] Ended with exit code 0
[2026-07-04 09:48:19,049 WARN  L471      AbstractCegarLoop]: Destroyed unattended storables created during the last iteration: 8 /usr/bin/z3 SMTLIB2_COMPLIANT=true -memory:2024 -smt2 -in
[2026-07-04 09:48:19,049 INFO  L408      AbstractCegarLoop]: === Iteration 8 === Targeting ULTIMATE.startErr0ASSERT_VIOLATIONASSERT === [ULTIMATE.startErr0ASSERT_VIOLATIONASSERT] ===
[2026-07-04 09:48:19,050 INFO  L156       PredicateUnifier]: Initialized classic predicate unifier
[2026-07-04 09:48:19,050 INFO  L85        PathProgramCache]: Analyzing trace with hash 1439628270, now seen corresponding path program 1 times
[2026-07-04 09:48:19,050 INFO  L118   FreeRefinementEngine]: Executing refinement strategy FIXED_PREFERENCES
[2026-07-04 09:48:19,050 INFO  L324   FreeRefinementEngine]: Using trace check IpTcStrategyModulePreferences [1918485772]
[2026-07-04 09:48:19,050 INFO  L97    rtionOrderModulation]: Keeping assertion order NOT_INCREMENTALLY
[2026-07-04 09:48:19,050 INFO  L173          SolverBuilder]: Constructing external solver with command: z3 SMTLIB2_COMPLIANT=true -memory:2024 -smt2 -in
[2026-07-04 09:48:19,051 INFO  L189       MonitoredProcess]: No working directory specified, using /usr/bin/z3
[2026-07-04 09:48:19,060 INFO  L229       MonitoredProcess]: Starting monitored process 9 with /usr/bin/z3 SMTLIB2_COMPLIANT=true -memory:2024 -smt2 -in (exit command is (exit), workingDir is null)
[2026-07-04 09:48:19,061 INFO  L327       MonitoredProcess]: [MP /usr/bin/z3 SMTLIB2_COMPLIANT=true -memory:2024 -smt2 -in (9)] Waiting until timeout for monitored process
[2026-07-04 09:48:19,278 INFO  L108    AnnotateAndAsserter]: Assert order NOT_INCREMENTALLY partitioned 49 statements into 1 equivalence classes.
[2026-07-04 09:48:20,003 INFO  L111    AnnotateAndAsserter]: Assert order NOT_INCREMENTALLY issued 1 check-sat command(s) and asserted 49 of 49 statements.
[2026-07-04 09:48:20,003 INFO  L114    AnnotateAndAsserter]: Assert order NOT_INCREMENTALLY issued 1 check-sat command(s)
[2026-07-04 09:48:20,003 INFO  L115    AnnotateAndAsserter]: Conjunction of SSA is sat
[2026-07-04 09:48:20,003 INFO  L348             TraceCheck]: Trace is feasible, we will do another trace check, this time with branch encoders.
[2026-07-04 09:48:20,087 INFO  L108    AnnotateAndAsserter]: Assert order NOT_INCREMENTALLY partitioned 49 statements into 1 equivalence classes.
[2026-07-04 09:48:25,804 INFO  L111    AnnotateAndAsserter]: Assert order NOT_INCREMENTALLY issued 1 check-sat command(s) and asserted 49 of 49 statements.
[2026-07-04 09:48:25,804 INFO  L114    AnnotateAndAsserter]: Assert order NOT_INCREMENTALLY issued 1 check-sat command(s)
[2026-07-04 09:48:25,804 INFO  L115    AnnotateAndAsserter]: Conjunction of SSA is sat
[2026-07-04 09:48:26,299 INFO  L130   FreeRefinementEngine]: Strategy FIXED_PREFERENCES found a feasible trace
[2026-07-04 09:48:26,299 INFO  L342         BasicCegarLoop]: Counterexample is feasible
[2026-07-04 09:48:26,300 INFO  L795   garLoopResultBuilder]: Registering result UNSAFE for location ULTIMATE.startErr0ASSERT_VIOLATIONASSERT (0 of 1 remaining)
[2026-07-04 09:48:26,506 WARN  L435       MonitoredProcess]: [MP /usr/bin/z3 SMTLIB2_COMPLIANT=true -memory:2024 -smt2 -in (9)] Forcibly destroying the process
[2026-07-04 09:48:26,636 INFO  L534       MonitoredProcess]: [MP /usr/bin/z3 SMTLIB2_COMPLIANT=true -memory:2024 -smt2 -in (9)] Forceful destruction successful, exit code 137
[2026-07-04 09:48:26,637 WARN  L471      AbstractCegarLoop]: Destroyed unattended storables created during the last iteration: 9 /usr/bin/z3 SMTLIB2_COMPLIANT=true -memory:2024 -smt2 -in
[2026-07-04 09:48:26,643 INFO  L424         BasicCegarLoop]: Path program histogram: [1, 1, 1, 1, 1, 1, 1, 1]
[2026-07-04 09:48:26,776 INFO  L171   ceAbstractionStarter]: Computing trace abstraction results
[2026-07-04 09:48:26,786 INFO  L201        PluginConnector]: Adding new model netlock_pkt_type_bug.bpl de.uni_freiburg.informatik.ultimate.plugins.generator.traceabstraction CFG 04.07 09:48:26 BoogieIcfgContainer
[2026-07-04 09:48:26,786 INFO  L131        PluginConnector]: ------------------------ END TraceAbstraction----------------------------
[2026-07-04 09:48:26,786 INFO  L112        PluginConnector]: ------------------------Witness Printer----------------------------
[2026-07-04 09:48:26,786 INFO  L270        PluginConnector]: Initializing Witness Printer...
[2026-07-04 09:48:26,786 INFO  L274        PluginConnector]: Witness Printer initialized
[2026-07-04 09:48:26,787 INFO  L184        PluginConnector]: Executing the observer RCFGCatcher from plugin Witness Printer for "netlock_pkt_type_bug.bpl de.uni_freiburg.informatik.ultimate.plugins.generator.rcfgbuilder CFG 04.07 09:48:12" (2/3) ...
[2026-07-04 09:48:26,787 INFO  L141         WitnessPrinter]: Generating witness for reachability counterexample
[2026-07-04 09:48:27,021 INFO  L163   tionWitnessGenerator]: Generated YAML witness of length 49.
[2026-07-04 09:48:27,212 INFO  L149         WitnessManager]: Wrote witness to /home/smy/p4-verify-camera-ready/.tmp/procurator/verify/netlock_pkt_type_bug/20260704-094738-9572/netlock_pkt_type_bug.bpl-witness.graphml
[2026-07-04 09:48:27,213 INFO  L149         WitnessManager]: Wrote witness to /home/smy/p4-verify-camera-ready/.tmp/procurator/verify/netlock_pkt_type_bug/20260704-094738-9572/netlock_pkt_type_bug.bpl-witness.yml
[2026-07-04 09:48:27,213 INFO  L131        PluginConnector]: ------------------------ END Witness Printer----------------------------
[2026-07-04 09:48:27,221 INFO  L158              Benchmark]: Toolchain (without parser) took 19843.24ms. Allocated memory is still 519.1MB. Free memory was 477.4MB in the beginning and 480.6MB in the end (delta: -3.2MB). Peak memory consumption was 79.6MB. Max. memory is 4.2GB.
[2026-07-04 09:48:27,222 INFO  L158              Benchmark]: Boogie PL CUP Parser took 0.11ms. Allocated memory is still 519.1MB. Free memory is still 487.4MB. There was no memory consumed. Max. memory is 4.2GB.
[2026-07-04 09:48:27,222 INFO  L158              Benchmark]: Boogie Procedure Inliner took 135.28ms. Allocated memory is still 519.1MB. Free memory was 477.4MB in the beginning and 470.2MB in the end (delta: 7.2MB). Peak memory consumption was 7.2MB. Max. memory is 4.2GB.
[2026-07-04 09:48:27,222 INFO  L158              Benchmark]: Boogie Preprocessor took 101.98ms. Allocated memory is still 519.1MB. Free memory was 470.2MB in the beginning and 464.5MB in the end (delta: 5.7MB). Peak memory consumption was 5.7MB. Max. memory is 4.2GB.
[2026-07-04 09:48:27,222 INFO  L158              Benchmark]: RCFGBuilder took 4698.56ms. Allocated memory is still 519.1MB. Free memory was 464.5MB in the beginning and 460.5MB in the end (delta: 4.0MB). Peak memory consumption was 116.7MB. Max. memory is 4.2GB.
[2026-07-04 09:48:27,222 INFO  L158              Benchmark]: TraceAbstraction took 14477.35ms. Allocated memory is still 519.1MB. Free memory was 460.5MB in the beginning and 443.8MB in the end (delta: 16.7MB). Peak memory consumption was 16.7MB. Max. memory is 4.2GB.
[2026-07-04 09:48:27,222 INFO  L158              Benchmark]: Witness Printer took 426.50ms. Allocated memory is still 519.1MB. Free memory was 443.8MB in the beginning and 480.6MB in the end (delta: -36.8MB). Peak memory consumption was 46.0MB. Max. memory is 4.2GB.
[2026-07-04 09:48:27,223 INFO  L338   ainManager$Toolchain]: #######################  End [Toolchain 1] #######################
 --- Results ---
 * Results from de.uni_freiburg.informatik.ultimate.core:
  - StatisticsResult: Toolchain Benchmarks
    Benchmark results are:
 * Boogie PL CUP Parser took 0.11ms. Allocated memory is still 519.1MB. Free memory is still 487.4MB. There was no memory consumed. Max. memory is 4.2GB.
 * Boogie Procedure Inliner took 135.28ms. Allocated memory is still 519.1MB. Free memory was 477.4MB in the beginning and 470.2MB in the end (delta: 7.2MB). Peak memory consumption was 7.2MB. Max. memory is 4.2GB.
 * Boogie Preprocessor took 101.98ms. Allocated memory is still 519.1MB. Free memory was 470.2MB in the beginning and 464.5MB in the end (delta: 5.7MB). Peak memory consumption was 5.7MB. Max. memory is 4.2GB.
 * RCFGBuilder took 4698.56ms. Allocated memory is still 519.1MB. Free memory was 464.5MB in the beginning and 460.5MB in the end (delta: 4.0MB). Peak memory consumption was 116.7MB. Max. memory is 4.2GB.
 * TraceAbstraction took 14477.35ms. Allocated memory is still 519.1MB. Free memory was 460.5MB in the beginning and 443.8MB in the end (delta: 16.7MB). Peak memory consumption was 16.7MB. Max. memory is 4.2GB.
 * Witness Printer took 426.50ms. Allocated memory is still 519.1MB. Free memory was 443.8MB in the beginning and 480.6MB in the end (delta: -36.8MB). Peak memory consumption was 46.0MB. Max. memory is 4.2GB.
 * Results from de.uni_freiburg.informatik.ultimate.plugins.generator.traceabstraction:
  - StatisticsResult: ErrorAutomatonStatistics
    NumberErrorTraces: 0, NumberStatementsAllTraces: 0, NumberRelevantStatements: 0, 0.0s ErrorAutomatonConstructionTimeTotal, 0.0s FaulLocalizationTime, NumberStatementsFirstTrace: -1, TraceLengthAvg: 0, 0.0s ErrorAutomatonConstructionTimeAvg, 0.0s ErrorAutomatonDifferenceTimeAvg, 0.0s ErrorAutomatonDifferenceTimeTotal, NumberOfNoEnhancement: 0, NumberOfFiniteEnhancement: 0, NumberOfInfiniteEnhancement: 0
  - CounterExampleResult [Line: 2948]: assertion can be violated
    assertion can be violated
We found a FailurePath: 
[L3110]  CALL        call mainProcedure();
[L2964]              sw_inbox_count := 0;
[L2965]              sw_pkt_external := false;
[L2966]              client_inbox_count := 0;
[L2967]              client_pkt_external := false;
[L2969]              sw_p4b_clone_i2e := false;
[L2970]              sw_p4b_clone_e2e := false;
[L2971]              sw_p4b_clone_i2i := false;
[L2972]              sw_p4b_recirculate := false;
[L2975]              assume (forall i : bv32 :: sw_client_id_array_register[i] == 0bv8);
[L2976]              assume sw_client_id_array_register[0bv32] == 0bv8;
[L2977]              assume (forall i : bv32 :: sw_head_register[i] == 0bv32);
[L2978]              assume sw_head_register[0bv32] == 0bv32;
[L2979]              assume (forall i : bv32 :: sw_ip_array_register[i] == 0bv32);
[L2980]              assume sw_ip_array_register[0bv32] == 0bv32;
[L2981]              assume (forall i : bv32 :: sw_left_bound_register[i] == 0bv32);
[L2982]              assume sw_left_bound_register[0bv32] == 0bv32;
[L2983]              assume (forall i : bv32 :: sw_mode_array_register[i] == 0bv8);
[L2984]              assume sw_mode_array_register[0bv32] == 0bv8;
[L2985]              assume (forall i : bv32 :: sw_queue_size_op_register[i] == 0bv32);
[L2986]              assume sw_queue_size_op_register[0bv32] == 0bv32;
[L2987]              assume (forall i : bv32 :: sw_right_bound_register[i] == 0bv32);
[L2988]              assume sw_right_bound_register[0bv32] == 0bv32;
[L2989]              assume (forall i : bv32 :: sw_shared_and_exclusive_count_register[i] == 0bv64);
[L2990]              assume sw_shared_and_exclusive_count_register[0bv32] == 0bv64;
[L2991]              assume (forall i : bv32 :: sw_slots_two_sides_register[i] == 0bv64);
[L2992]              assume sw_slots_two_sides_register[0bv32] == 0bv64;
[L2993]              assume (forall i : bv32 :: sw_tail_register[i] == 0bv32);
[L2994]              assume sw_tail_register[0bv32] == 0bv32;
[L2995]              assume (forall i : bv32 :: sw_tid_array_register[i] == 0bv32);
[L2996]              assume sw_tid_array_register[0bv32] == 0bv32;
[L2998]              sw_client_id_array_register__last_index := 0bv32;
[L2999]              sw_client_id_array_register__last_value := 0bv8;
[L3000]              sw_client_id_array_register__last_old_value := 0bv8;
[L3001]              sw_client_id_array_register__wrote_any := false;
[L3002]              sw_client_id_array_register__wrote_index0 := false;
[L3003]              sw_client_id_array_register__next_write_site := 0;
[L3004]              sw_client_id_array_register__last_write_site := 0;
[L3005]              sw_client_id_array_register__last0_old_value := 0bv8;
[L3006]              sw_client_id_array_register__last0_value := 0bv8;
[L3007]              sw_head_register__last_index := 0bv32;
[L3008]              sw_head_register__last_value := 0bv32;
[L3009]              sw_head_register__last_old_value := 0bv32;
[L3010]              sw_head_register__wrote_any := false;
[L3011]              sw_head_register__wrote_index0 := false;
[L3012]              sw_head_register__next_write_site := 0;
[L3013]              sw_head_register__last_write_site := 0;
[L3014]              sw_head_register__last0_old_value := 0bv32;
[L3015]              sw_head_register__last0_value := 0bv32;
[L3016]              sw_ip_array_register__last_index := 0bv32;
[L3017]              sw_ip_array_register__last_value := 0bv32;
[L3018]              sw_ip_array_register__last_old_value := 0bv32;
[L3019]              sw_ip_array_register__wrote_any := false;
[L3020]              sw_ip_array_register__wrote_index0 := false;
[L3021]              sw_ip_array_register__next_write_site := 0;
[L3022]              sw_ip_array_register__last_write_site := 0;
[L3023]              sw_ip_array_register__last0_old_value := 0bv32;
[L3024]              sw_ip_array_register__last0_value := 0bv32;
[L3025]              sw_left_bound_register__last_index := 0bv32;
[L3026]              sw_left_bound_register__last_value := 0bv32;
[L3027]              sw_left_bound_register__last_old_value := 0bv32;
[L3028]              sw_left_bound_register__wrote_any := false;
[L3029]              sw_left_bound_register__wrote_index0 := false;
[L3030]              sw_left_bound_register__next_write_site := 0;
[L3031]              sw_left_bound_register__last_write_site := 0;
[L3032]              sw_left_bound_register__last0_old_value := 0bv32;
[L3033]              sw_left_bound_register__last0_value := 0bv32;
[L3034]              sw_mode_array_register__last_index := 0bv32;
[L3035]              sw_mode_array_register__last_value := 0bv8;
[L3036]              sw_mode_array_register__last_old_value := 0bv8;
[L3037]              sw_mode_array_register__wrote_any := false;
[L3038]              sw_mode_array_register__wrote_index0 := false;
[L3039]              sw_mode_array_register__next_write_site := 0;
[L3040]              sw_mode_array_register__last_write_site := 0;
[L3041]              sw_mode_array_register__last0_old_value := 0bv8;
[L3042]              sw_mode_array_register__last0_value := 0bv8;
[L3043]              sw_queue_size_op_register__last_index := 0bv32;
[L3044]              sw_queue_size_op_register__last_value := 0bv32;
[L3045]              sw_queue_size_op_register__last_old_value := 0bv32;
[L3046]              sw_queue_size_op_register__wrote_any := false;
[L3047]              sw_queue_size_op_register__wrote_index0 := false;
[L3048]              sw_queue_size_op_register__next_write_site := 0;
[L3049]              sw_queue_size_op_register__last_write_site := 0;
[L3050]              sw_queue_size_op_register__last0_old_value := 0bv32;
[L3051]              sw_queue_size_op_register__last0_value := 0bv32;
[L3052]              sw_right_bound_register__last_index := 0bv32;
[L3053]              sw_right_bound_register__last_value := 0bv32;
[L3054]              sw_right_bound_register__last_old_value := 0bv32;
[L3055]              sw_right_bound_register__wrote_any := false;
[L3056]              sw_right_bound_register__wrote_index0 := false;
[L3057]              sw_right_bound_register__next_write_site := 0;
[L3058]              sw_right_bound_register__last_write_site := 0;
[L3059]              sw_right_bound_register__last0_old_value := 0bv32;
[L3060]              sw_right_bound_register__last0_value := 0bv32;
[L3061]              sw_shared_and_exclusive_count_register__last_index := 0bv32;
[L3062]              sw_shared_and_exclusive_count_register__last_value := 0bv64;
[L3063]              sw_shared_and_exclusive_count_register__last_old_value := 0bv64;
[L3064]              sw_shared_and_exclusive_count_register__wrote_any := false;
[L3065]              sw_shared_and_exclusive_count_register__wrote_index0 := false;
[L3066]              sw_shared_and_exclusive_count_register__next_write_site := 0;
[L3067]              sw_shared_and_exclusive_count_register__last_write_site := 0;
[L3068]              sw_shared_and_exclusive_count_register__last0_old_value := 0bv64;
[L3069]              sw_shared_and_exclusive_count_register__last0_value := 0bv64;
[L3070]              sw_slots_two_sides_register__last_index := 0bv32;
[L3071]              sw_slots_two_sides_register__last_value := 0bv64;
[L3072]              sw_slots_two_sides_register__last_old_value := 0bv64;
[L3073]              sw_slots_two_sides_register__wrote_any := false;
[L3074]              sw_slots_two_sides_register__wrote_index0 := false;
[L3075]              sw_slots_two_sides_register__next_write_site := 0;
[L3076]              sw_slots_two_sides_register__last_write_site := 0;
[L3077]              sw_slots_two_sides_register__last0_old_value := 0bv64;
[L3078]              sw_slots_two_sides_register__last0_value := 0bv64;
[L3079]              sw_tail_register__last_index := 0bv32;
[L3080]              sw_tail_register__last_value := 0bv32;
[L3081]              sw_tail_register__last_old_value := 0bv32;
[L3082]              sw_tail_register__wrote_any := false;
[L3083]              sw_tail_register__wrote_index0 := false;
[L3084]              sw_tail_register__next_write_site := 0;
[L3085]              sw_tail_register__last_write_site := 0;
[L3086]              sw_tail_register__last0_old_value := 0bv32;
[L3087]              sw_tail_register__last0_value := 0bv32;
[L3088]              sw_tid_array_register__last_index := 0bv32;
[L3089]              sw_tid_array_register__last_value := 0bv32;
[L3090]              sw_tid_array_register__last_old_value := 0bv32;
[L3091]              sw_tid_array_register__wrote_any := false;
[L3092]              sw_tid_array_register__wrote_index0 := false;
[L3093]              sw_tid_array_register__next_write_site := 0;
[L3094]              sw_tid_array_register__last_write_site := 0;
[L3095]              sw_tid_array_register__last0_old_value := 0bv32;
[L3096]              sw_tid_array_register__last0_value := 0bv32;
[L3098]              procurator_step := 0;
[L3099]              procurator_phase := 0;
         VAL         [client_inbox_count=0, client_pkt_external=false, procurator_phase=0, procurator_step=0, sw_client_id_array_register__last0_old_value=0bv8, sw_client_id_array_register__last0_value=0bv8, sw_client_id_array_register__last_index=0bv32, sw_client_id_array_register__last_old_value=0bv8, sw_client_id_array_register__last_value=0bv8, sw_client_id_array_register__last_write_site=0, sw_client_id_array_register__next_write_site=0, sw_client_id_array_register__wrote_any=false, sw_client_id_array_register__wrote_index0=false, sw_head_register__last0_old_value=0bv32, sw_head_register__last0_value=0bv32, sw_head_register__last_index=0bv32, sw_head_register__last_old_value=0bv32, sw_head_register__last_value=0bv32, sw_head_register__last_write_site=0, sw_head_register__next_write_site=0, sw_head_register__wrote_any=false, sw_head_register__wrote_index0=false, sw_inbox_count=0, sw_ip_array_register__last0_old_value=0bv32, sw_ip_array_register__last0_value=0bv32, sw_ip_array_register__last_index=0bv32, sw_ip_array_register__last_old_value=0bv32, sw_ip_array_register__last_value=0bv32, sw_ip_array_register__last_write_site=0, sw_ip_array_register__next_write_site=0, sw_ip_array_register__wrote_any=false, sw_ip_array_register__wrote_index0=false, sw_left_bound_register__last0_old_value=0bv32, sw_left_bound_register__last0_value=0bv32, sw_left_bound_register__last_index=0bv32, sw_left_bound_register__last_old_value=0bv32, sw_left_bound_register__last_value=0bv32, sw_left_bound_register__last_write_site=0, sw_left_bound_register__next_write_site=0, sw_left_bound_register__wrote_any=false, sw_left_bound_register__wrote_index0=false, sw_mode_array_register__last0_old_value=0bv8, sw_mode_array_register__last0_value=0bv8, sw_mode_array_register__last_index=0bv32, sw_mode_array_register__last_old_value=0bv8, sw_mode_array_register__last_value=0bv8, sw_mode_array_register__last_write_site=0, sw_mode_array_register__next_write_site=0, sw_mode_array_register__wrote_any=false, sw_mode_array_register__wrote_index0=false, sw_p4b_clone_e2e=false, sw_p4b_clone_i2e=false, sw_p4b_clone_i2i=false, sw_p4b_recirculate=false, sw_pkt_external=false, sw_queue_size_op_register__last0_old_value=0bv32, sw_queue_size_op_register__last0_value=0bv32, sw_queue_size_op_register__last_index=0bv32, sw_queue_size_op_register__last_old_value=0bv32, sw_queue_size_op_register__last_value=0bv32, sw_queue_size_op_register__last_write_site=0, sw_queue_size_op_register__next_write_site=0, sw_queue_size_op_register__wrote_any=false, sw_queue_size_op_register__wrote_index0=false, sw_right_bound_register__last0_old_value=0bv32, sw_right_bound_register__last0_value=0bv32, sw_right_bound_register__last_index=0bv32, sw_right_bound_register__last_old_value=0bv32, sw_right_bound_register__last_value=0bv32, sw_right_bound_register__last_write_site=0, sw_right_bound_register__next_write_site=0, sw_right_bound_register__wrote_any=false, sw_right_bound_register__wrote_index0=false, sw_shared_and_exclusive_count_register__last0_old_value=0bv64, sw_shared_and_exclusive_count_register__last0_value=0bv64, sw_shared_and_exclusive_count_register__last_index=0bv32, sw_shared_and_exclusive_count_register__last_old_value=0bv64, sw_shared_and_exclusive_count_register__last_value=0bv64, sw_shared_and_exclusive_count_register__last_write_site=0, sw_shared_and_exclusive_count_register__next_write_site=0, sw_shared_and_exclusive_count_register__wrote_any=false, sw_shared_and_exclusive_count_register__wrote_index0=false, sw_slots_two_sides_register__last0_old_value=0bv64, sw_slots_two_sides_register__last0_value=0bv64, sw_slots_two_sides_register__last_index=0bv32, sw_slots_two_sides_register__last_old_value=0bv64, sw_slots_two_sides_register__last_value=0bv64, sw_slots_two_sides_register__last_write_site=0, sw_slots_two_sides_register__next_write_site=0, sw_slots_two_sides_register__wrote_any=false, sw_slots_two_sides_register__wrote_index0=false, sw_tail_register__last0_old_value=0bv32, sw_tail_register__last0_value=0bv32, sw_tail_register__last_index=0bv32, sw_tail_register__last_old_value=0bv32, sw_tail_register__last_value=0bv32, sw_tail_register__last_write_site=0, sw_tail_register__next_write_site=0, sw_tail_register__wrote_any=false, sw_tail_register__wrote_index0=false, sw_tid_array_register__last0_old_value=0bv32, sw_tid_array_register__last0_value=0bv32, sw_tid_array_register__last_index=0bv32, sw_tid_array_register__last_old_value=0bv32, sw_tid_array_register__last_value=0bv32, sw_tid_array_register__last_write_site=0, sw_tid_array_register__next_write_site=0, sw_tid_array_register__wrote_any=false, sw_tid_array_register__wrote_index0=false]
[L3101]  CALL        call main();
[L2715]  COND TRUE   procurator_phase == 0
         VAL         [client_inbox_count=0, client_pkt_external=false, procurator_phase=0, procurator_step=0, sw_client_id_array_register__last0_old_value=0bv8, sw_client_id_array_register__last0_value=0bv8, sw_client_id_array_register__last_index=0bv32, sw_client_id_array_register__last_old_value=0bv8, sw_client_id_array_register__last_value=0bv8, sw_client_id_array_register__last_write_site=0, sw_client_id_array_register__next_write_site=0, sw_client_id_array_register__wrote_any=false, sw_client_id_array_register__wrote_index0=false, sw_head_register__last0_old_value=0bv32, sw_head_register__last0_value=0bv32, sw_head_register__last_index=0bv32, sw_head_register__last_old_value=0bv32, sw_head_register__last_value=0bv32, sw_head_register__last_write_site=0, sw_head_register__next_write_site=0, sw_head_register__wrote_any=false, sw_head_register__wrote_index0=false, sw_inbox_count=0, sw_ip_array_register__last0_old_value=0bv32, sw_ip_array_register__last0_value=0bv32, sw_ip_array_register__last_index=0bv32, sw_ip_array_register__last_old_value=0bv32, sw_ip_array_register__last_value=0bv32, sw_ip_array_register__last_write_site=0, sw_ip_array_register__next_write_site=0, sw_ip_array_register__wrote_any=false, sw_ip_array_register__wrote_index0=false, sw_left_bound_register__last0_old_value=0bv32, sw_left_bound_register__last0_value=0bv32, sw_left_bound_register__last_index=0bv32, sw_left_bound_register__last_old_value=0bv32, sw_left_bound_register__last_value=0bv32, sw_left_bound_register__last_write_site=0, sw_left_bound_register__next_write_site=0, sw_left_bound_register__wrote_any=false, sw_left_bound_register__wrote_index0=false, sw_mode_array_register__last0_old_value=0bv8, sw_mode_array_register__last0_value=0bv8, sw_mode_array_register__last_index=0bv32, sw_mode_array_register__last_old_value=0bv8, sw_mode_array_register__last_value=0bv8, sw_mode_array_register__last_write_site=0, sw_mode_array_register__next_write_site=0, sw_mode_array_register__wrote_any=false, sw_mode_array_register__wrote_index0=false, sw_p4b_clone_e2e=false, sw_p4b_clone_i2e=false, sw_p4b_clone_i2i=false, sw_p4b_recirculate=false, sw_pkt_external=false, sw_queue_size_op_register__last0_old_value=0bv32, sw_queue_size_op_register__last0_value=0bv32, sw_queue_size_op_register__last_index=0bv32, sw_queue_size_op_register__last_old_value=0bv32, sw_queue_size_op_register__last_value=0bv32, sw_queue_size_op_register__last_write_site=0, sw_queue_size_op_register__next_write_site=0, sw_queue_size_op_register__wrote_any=false, sw_queue_size_op_register__wrote_index0=false, sw_right_bound_register__last0_old_value=0bv32, sw_right_bound_register__last0_value=0bv32, sw_right_bound_register__last_index=0bv32, sw_right_bound_register__last_old_value=0bv32, sw_right_bound_register__last_value=0bv32, sw_right_bound_register__last_write_site=0, sw_right_bound_register__next_write_site=0, sw_right_bound_register__wrote_any=false, sw_right_bound_register__wrote_index0=false, sw_shared_and_exclusive_count_register__last0_old_value=0bv64, sw_shared_and_exclusive_count_register__last0_value=0bv64, sw_shared_and_exclusive_count_register__last_index=0bv32, sw_shared_and_exclusive_count_register__last_old_value=0bv64, sw_shared_and_exclusive_count_register__last_value=0bv64, sw_shared_and_exclusive_count_register__last_write_site=0, sw_shared_and_exclusive_count_register__next_write_site=0, sw_shared_and_exclusive_count_register__wrote_any=false, sw_shared_and_exclusive_count_register__wrote_index0=false, sw_slots_two_sides_register__last0_old_value=0bv64, sw_slots_two_sides_register__last0_value=0bv64, sw_slots_two_sides_register__last_index=0bv32, sw_slots_two_sides_register__last_old_value=0bv64, sw_slots_two_sides_register__last_value=0bv64, sw_slots_two_sides_register__last_write_site=0, sw_slots_two_sides_register__next_write_site=0, sw_slots_two_sides_register__wrote_any=false, sw_slots_two_sides_register__wrote_index0=false, sw_tail_register__last0_old_value=0bv32, sw_tail_register__last0_value=0bv32, sw_tail_register__last_index=0bv32, sw_tail_register__last_old_value=0bv32, sw_tail_register__last_value=0bv32, sw_tail_register__last_write_site=0, sw_tail_register__next_write_site=0, sw_tail_register__wrote_any=false, sw_tail_register__wrote_index0=false, sw_tid_array_register__last0_old_value=0bv32, sw_tid_array_register__last0_value=0bv32, sw_tid_array_register__last_index=0bv32, sw_tid_array_register__last_old_value=0bv32, sw_tid_array_register__last_value=0bv32, sw_tid_array_register__last_write_site=0, sw_tid_array_register__next_write_site=0, sw_tid_array_register__wrote_any=false, sw_tid_array_register__wrote_index0=false]
[L2718]  COND TRUE   sw_inbox_count < 1
[L2719]              assume sw_inbox_count < 1;
[L2720]              havoc client_hdr.ipv4.srcAddr;
[L2721]              havoc client_hdr.ipv4.dstAddr;
[L2722]              havoc client_hdr.recirculate_hdr.dequeued_mode;
[L2723]              havoc client_hdr.recirculate_hdr.cur_head;
[L2724]              havoc client_hdr.recirculate_hdr.cur_tail;
[L2725]              havoc client_eg_md.clone_md;
[L2726]              havoc client_eg_md.mode;
[L2727]              havoc client_eg_md.client_id;
[L2728]              havoc client_eg_md.tid;
[L2729]              havoc client_eg_md.ip_address;
[L2730]              havoc client_eg_md.timestamp_lo;
[L2731]              havoc client_eg_md.timestamp_hi;
[L2732]              havoc client_ig_md.head;
[L2733]              havoc client_ig_md.tail;
[L2734]              havoc client_ig_md.queue_size_op;
[L2735]              havoc client_ig_md.do_resubmit;
[L2736]              havoc client_ig_md.routed;
[L2737]              havoc client_ig_md.lock_exist;
[L2738]              havoc client_ig_md.recirc_flag;
[L2739]              havoc client_ig_md.dequeued_mode;
[L2740]              havoc client_ig_md.locked;
[L2741]              havoc client_ig_md.left;
[L2742]              havoc client_ig_md.right;
[L2743]              havoc client_ig_md.empty_slots;
[L2744]              havoc client_ig_md.length_in_server;
[L2745]              havoc client_ig_md.size_of_queue;
[L2746]              havoc client_ig_md.empty_slots_before_pop;
[L2747]              havoc client_ig_md.lock_id;
[L2748]              havoc client_ig_md.mode;
[L2749]              havoc client_ig_md.client_id;
[L2750]              havoc client_ig_md.tid;
[L2751]              havoc client_ig_md.ip_address;
[L2752]              havoc client_ig_md.timestamp_lo;
[L2753]              havoc client_ig_md.timestamp_hi;
[L2754]              havoc client_ig_md.pkt_type;
[L2755]              havoc client_ig_intr_md.resubmit_flag;
[L2756]              client_hdr.ethernet.valid := true;
[L2757]              client_hdr.ipv4.valid := true;
[L2758]              client_hdr.udp.valid := true;
[L2759]              client_hdr.nlk_hdr.valid := true;
[L2760]              client_hdr.ethernet.etherType := 2048bv16;
[L2761]              client_hdr.ipv4.protocol := 17bv8;
[L2762]              client_hdr.udp.dstPort := 8888bv16;
[L2763]              client_hdr.nlk_hdr.recirc_flag := 0bv8;
[L2764]              client_hdr.nlk_hdr.op := 0bv8;
[L2765]              client_hdr.nlk_hdr.mode := 0bv8;
[L2766]              client_hdr.nlk_hdr.client_id := 0bv8;
[L2767]              client_hdr.nlk_hdr.tid := 0bv32;
[L2768]              client_hdr.nlk_hdr.lock := 0bv32;
[L2769]              client_hdr.nlk_hdr.timestamp_lo := 0bv32;
[L2770]              client_hdr.nlk_hdr.timestamp_hi := 0bv32;
[L2771]              sw_hdr.ethernet.valid := client_hdr.ethernet.valid;
[L2772]              sw_hdr.ethernet.etherType := client_hdr.ethernet.etherType;
[L2773]              sw_hdr.ipv4.valid := client_hdr.ipv4.valid;
[L2774]              sw_hdr.ipv4.protocol := client_hdr.ipv4.protocol;
[L2775]              sw_hdr.ipv4.srcAddr := client_hdr.ipv4.srcAddr;
[L2776]              sw_hdr.ipv4.dstAddr := client_hdr.ipv4.dstAddr;
[L2777]              sw_hdr.udp.valid := client_hdr.udp.valid;
[L2778]              sw_hdr.udp.dstPort := client_hdr.udp.dstPort;
[L2779]              sw_hdr.nlk_hdr.valid := client_hdr.nlk_hdr.valid;
[L2780]              sw_hdr.nlk_hdr.recirc_flag := client_hdr.nlk_hdr.recirc_flag;
[L2781]              sw_hdr.nlk_hdr.op := client_hdr.nlk_hdr.op;
[L2782]              sw_hdr.nlk_hdr.mode := client_hdr.nlk_hdr.mode;
[L2783]              sw_hdr.nlk_hdr.client_id := client_hdr.nlk_hdr.client_id;
[L2784]              sw_hdr.nlk_hdr.tid := client_hdr.nlk_hdr.tid;
[L2785]              sw_hdr.nlk_hdr.lock := client_hdr.nlk_hdr.lock;
[L2786]              sw_hdr.nlk_hdr.timestamp_lo := client_hdr.nlk_hdr.timestamp_lo;
[L2787]              sw_hdr.nlk_hdr.timestamp_hi := client_hdr.nlk_hdr.timestamp_hi;
[L2788]              sw_hdr.recirculate_hdr.dequeued_mode := client_hdr.recirculate_hdr.dequeued_mode;
[L2789]              sw_hdr.recirculate_hdr.cur_head := client_hdr.recirculate_hdr.cur_head;
[L2790]              sw_hdr.recirculate_hdr.cur_tail := client_hdr.recirculate_hdr.cur_tail;
[L2791]              sw_eg_md.clone_md := client_eg_md.clone_md;
[L2792]              sw_eg_md.mode := client_eg_md.mode;
[L2793]              sw_eg_md.client_id := client_eg_md.client_id;
[L2794]              sw_eg_md.tid := client_eg_md.tid;
[L2795]              sw_eg_md.ip_address := client_eg_md.ip_address;
[L2796]              sw_eg_md.timestamp_lo := client_eg_md.timestamp_lo;
[L2797]              sw_eg_md.timestamp_hi := client_eg_md.timestamp_hi;
[L2798]              sw_ig_md.head := client_ig_md.head;
[L2799]              sw_ig_md.tail := client_ig_md.tail;
[L2800]              sw_ig_md.queue_size_op := client_ig_md.queue_size_op;
[L2801]              sw_ig_md.do_resubmit := client_ig_md.do_resubmit;
[L2802]              sw_ig_md.routed := client_ig_md.routed;
[L2803]              sw_ig_md.lock_exist := client_ig_md.lock_exist;
[L2804]              sw_ig_md.recirc_flag := client_ig_md.recirc_flag;
[L2805]              sw_ig_md.dequeued_mode := client_ig_md.dequeued_mode;
[L2806]              sw_ig_md.locked := client_ig_md.locked;
[L2807]              sw_ig_md.left := client_ig_md.left;
[L2808]              sw_ig_md.right := client_ig_md.right;
[L2809]              sw_ig_md.empty_slots := client_ig_md.empty_slots;
[L2810]              sw_ig_md.length_in_server := client_ig_md.length_in_server;
[L2811]              sw_ig_md.size_of_queue := client_ig_md.size_of_queue;
[L2812]              sw_ig_md.empty_slots_before_pop := client_ig_md.empty_slots_before_pop;
[L2813]              sw_ig_md.lock_id := client_ig_md.lock_id;
[L2814]              sw_ig_md.mode := client_ig_md.mode;
[L2815]              sw_ig_md.client_id := client_ig_md.client_id;
[L2816]              sw_ig_md.tid := client_ig_md.tid;
[L2817]              sw_ig_md.ip_address := client_ig_md.ip_address;
[L2818]              sw_ig_md.timestamp_lo := client_ig_md.timestamp_lo;
[L2819]              sw_ig_md.timestamp_hi := client_ig_md.timestamp_hi;
[L2820]              sw_ig_md.pkt_type := client_ig_md.pkt_type;
[L2821]              sw_ig_intr_md.resubmit_flag := client_ig_intr_md.resubmit_flag;
[L2822]              sw_pkt_external := true;
[L2823]              sw_inbox_count := sw_inbox_count + 1;
         VAL         [client_eg_md.client_id=0bv8, client_eg_md.clone_md=0bv8, client_eg_md.ip_address=0bv32, client_eg_md.mode=0bv8, client_eg_md.tid=0bv32, client_eg_md.timestamp_hi=0bv32, client_eg_md.timestamp_lo=0bv32, client_hdr.ethernet.etherType=2048bv16, client_hdr.ethernet.valid=true, client_hdr.ipv4.dstAddr=0bv32, client_hdr.ipv4.protocol=17bv8, client_hdr.ipv4.srcAddr=0bv32, client_hdr.ipv4.valid=true, client_hdr.nlk_hdr.client_id=0bv8, client_hdr.nlk_hdr.lock=0bv32, client_hdr.nlk_hdr.mode=0bv8, client_hdr.nlk_hdr.op=0bv8, client_hdr.nlk_hdr.recirc_flag=0bv8, client_hdr.nlk_hdr.tid=0bv32, client_hdr.nlk_hdr.timestamp_hi=0bv32, client_hdr.nlk_hdr.timestamp_lo=0bv32, client_hdr.nlk_hdr.valid=true, client_hdr.recirculate_hdr.cur_head=0bv32, client_hdr.recirculate_hdr.cur_tail=0bv32, client_hdr.recirculate_hdr.dequeued_mode=0bv8, client_hdr.udp.dstPort=8888bv16, client_hdr.udp.valid=true, client_ig_intr_md.resubmit_flag=1bv1, client_ig_md.client_id=0bv8, client_ig_md.dequeued_mode=0bv8, client_ig_md.do_resubmit=0bv1, client_ig_md.empty_slots=0bv32, client_ig_md.empty_slots_before_pop=0bv32, client_ig_md.head=0bv32, client_ig_md.ip_address=0bv32, client_ig_md.left=0bv32, client_ig_md.length_in_server=0bv32, client_ig_md.lock_exist=0bv1, client_ig_md.lock_id=0bv32, client_ig_md.locked=0bv32, client_ig_md.mode=0bv8, client_ig_md.pkt_type=2bv8, client_ig_md.queue_size_op=0bv32, client_ig_md.recirc_flag=0bv8, client_ig_md.right=0bv32, client_ig_md.routed=0bv1, client_ig_md.size_of_queue=0bv32, client_ig_md.tail=0bv32, client_ig_md.tid=0bv32, client_ig_md.timestamp_hi=0bv32, client_ig_md.timestamp_lo=0bv32, client_inbox_count=0, client_pkt_external=false, procurator_phase=0, procurator_step=0, sw_client_id_array_register__last0_old_value=0bv8, sw_client_id_array_register__last0_value=0bv8, sw_client_id_array_register__last_index=0bv32, sw_client_id_array_register__last_old_value=0bv8, sw_client_id_array_register__last_value=0bv8, sw_client_id_array_register__last_write_site=0, sw_client_id_array_register__next_write_site=0, sw_client_id_array_register__wrote_any=false, sw_client_id_array_register__wrote_index0=false, sw_eg_md.client_id=0bv8, sw_eg_md.clone_md=0bv8, sw_eg_md.ip_address=0bv32, sw_eg_md.mode=0bv8, sw_eg_md.tid=0bv32, sw_eg_md.timestamp_hi=0bv32, sw_eg_md.timestamp_lo=0bv32, sw_hdr.ethernet.etherType=2048bv16, sw_hdr.ethernet.valid=true, sw_hdr.ipv4.dstAddr=0bv32, sw_hdr.ipv4.protocol=17bv8, sw_hdr.ipv4.srcAddr=0bv32, sw_hdr.ipv4.valid=true, sw_hdr.nlk_hdr.client_id=0bv8, sw_hdr.nlk_hdr.lock=0bv32, sw_hdr.nlk_hdr.mode=0bv8, sw_hdr.nlk_hdr.op=0bv8, sw_hdr.nlk_hdr.recirc_flag=0bv8, sw_hdr.nlk_hdr.tid=0bv32, sw_hdr.nlk_hdr.timestamp_hi=0bv32, sw_hdr.nlk_hdr.timestamp_lo=0bv32, sw_hdr.nlk_hdr.valid=true, sw_hdr.recirculate_hdr.cur_head=0bv32, sw_hdr.recirculate_hdr.cur_tail=0bv32, sw_hdr.recirculate_hdr.dequeued_mode=0bv8, sw_hdr.udp.dstPort=8888bv16, sw_hdr.udp.valid=true, sw_head_register__last0_old_value=0bv32, sw_head_register__last0_value=0bv32, sw_head_register__last_index=0bv32, sw_head_register__last_old_value=0bv32, sw_head_register__last_value=0bv32, sw_head_register__last_write_site=0, sw_head_register__next_write_site=0, sw_head_register__wrote_any=false, sw_head_register__wrote_index0=false, sw_ig_intr_md.resubmit_flag=1bv1, sw_ig_md.client_id=0bv8, sw_ig_md.dequeued_mode=0bv8, sw_ig_md.do_resubmit=0bv1, sw_ig_md.empty_slots=0bv32, sw_ig_md.empty_slots_before_pop=0bv32, sw_ig_md.head=0bv32, sw_ig_md.ip_address=0bv32, sw_ig_md.left=0bv32, sw_ig_md.length_in_server=0bv32, sw_ig_md.lock_exist=0bv1, sw_ig_md.lock_id=0bv32, sw_ig_md.locked=0bv32, sw_ig_md.mode=0bv8, sw_ig_md.pkt_type=2bv8, sw_ig_md.queue_size_op=0bv32, sw_ig_md.recirc_flag=0bv8, sw_ig_md.right=0bv32, sw_ig_md.routed=0bv1, sw_ig_md.size_of_queue=0bv32, sw_ig_md.tail=0bv32, sw_ig_md.tid=0bv32, sw_ig_md.timestamp_hi=0bv32, sw_ig_md.timestamp_lo=0bv32, sw_inbox_count=1, sw_ip_array_register__last0_old_value=0bv32, sw_ip_array_register__last0_value=0bv32, sw_ip_array_register__last_index=0bv32, sw_ip_array_register__last_old_value=0bv32, sw_ip_array_register__last_value=0bv32, sw_ip_array_register__last_write_site=0, sw_ip_array_register__next_write_site=0, sw_ip_array_register__wrote_any=false, sw_ip_array_register__wrote_index0=false, sw_left_bound_register__last0_old_value=0bv32, sw_left_bound_register__last0_value=0bv32, sw_left_bound_register__last_index=0bv32, sw_left_bound_register__last_old_value=0bv32, sw_left_bound_register__last_value=0bv32, sw_left_bound_register__last_write_site=0, sw_left_bound_register__next_write_site=0, sw_left_bound_register__wrote_any=false, sw_left_bound_register__wrote_index0=false, sw_mode_array_register__last0_old_value=0bv8, sw_mode_array_register__last0_value=0bv8, sw_mode_array_register__last_index=0bv32, sw_mode_array_register__last_old_value=0bv8, sw_mode_array_register__last_value=0bv8, sw_mode_array_register__last_write_site=0, sw_mode_array_register__next_write_site=0, sw_mode_array_register__wrote_any=false, sw_mode_array_register__wrote_index0=false, sw_p4b_clone_e2e=false, sw_p4b_clone_i2e=false, sw_p4b_clone_i2i=false, sw_p4b_recirculate=false, sw_pkt_external=true, sw_queue_size_op_register__last0_old_value=0bv32, sw_queue_size_op_register__last0_value=0bv32, sw_queue_size_op_register__last_index=0bv32, sw_queue_size_op_register__last_old_value=0bv32, sw_queue_size_op_register__last_value=0bv32, sw_queue_size_op_register__last_write_site=0, sw_queue_size_op_register__next_write_site=0, sw_queue_size_op_register__wrote_any=false, sw_queue_size_op_register__wrote_index0=false, sw_right_bound_register__last0_old_value=0bv32, sw_right_bound_register__last0_value=0bv32, sw_right_bound_register__last_index=0bv32, sw_right_bound_register__last_old_value=0bv32, sw_right_bound_register__last_value=0bv32, sw_right_bound_register__last_write_site=0, sw_right_bound_register__next_write_site=0, sw_right_bound_register__wrote_any=false, sw_right_bound_register__wrote_index0=false, sw_shared_and_exclusive_count_register__last0_old_value=0bv64, sw_shared_and_exclusive_count_register__last0_value=0bv64, sw_shared_and_exclusive_count_register__last_index=0bv32, sw_shared_and_exclusive_count_register__last_old_value=0bv64, sw_shared_and_exclusive_count_register__last_value=0bv64, sw_shared_and_exclusive_count_register__last_write_site=0, sw_shared_and_exclusive_count_register__next_write_site=0, sw_shared_and_exclusive_count_register__wrote_any=false, sw_shared_and_exclusive_count_register__wrote_index0=false, sw_slots_two_sides_register__last0_old_value=0bv64, sw_slots_two_sides_register__last0_value=0bv64, sw_slots_two_sides_register__last_index=0bv32, sw_slots_two_sides_register__last_old_value=0bv64, sw_slots_two_sides_register__last_value=0bv64, sw_slots_two_sides_register__last_write_site=0, sw_slots_two_sides_register__next_write_site=0, sw_slots_two_sides_register__wrote_any=false, sw_slots_two_sides_register__wrote_index0=false, sw_tail_register__last0_old_value=0bv32, sw_tail_register__last0_value=0bv32, sw_tail_register__last_index=0bv32, sw_tail_register__last_old_value=0bv32, sw_tail_register__last_value=0bv32, sw_tail_register__last_write_site=0, sw_tail_register__next_write_site=0, sw_tail_register__wrote_any=false, sw_tail_register__wrote_index0=false, sw_tid_array_register__last0_old_value=0bv32, sw_tid_array_register__last0_value=0bv32, sw_tid_array_register__last_index=0bv32, sw_tid_array_register__last_old_value=0bv32, sw_tid_array_register__last_value=0bv32, sw_tid_array_register__last_write_site=0, sw_tid_array_register__next_write_site=0, sw_tid_array_register__wrote_any=false, sw_tid_array_register__wrote_index0=false]
[L2953]  COND FALSE  !(procurator_phase == 2)
[L2956]              procurator_phase := procurator_phase + 1;
         VAL         [client_eg_md.client_id=0bv8, client_eg_md.clone_md=0bv8, client_eg_md.ip_address=0bv32, client_eg_md.mode=0bv8, client_eg_md.tid=0bv32, client_eg_md.timestamp_hi=0bv32, client_eg_md.timestamp_lo=0bv32, client_hdr.ethernet.etherType=2048bv16, client_hdr.ethernet.valid=true, client_hdr.ipv4.dstAddr=0bv32, client_hdr.ipv4.protocol=17bv8, client_hdr.ipv4.srcAddr=0bv32, client_hdr.ipv4.valid=true, client_hdr.nlk_hdr.client_id=0bv8, client_hdr.nlk_hdr.lock=0bv32, client_hdr.nlk_hdr.mode=0bv8, client_hdr.nlk_hdr.op=0bv8, client_hdr.nlk_hdr.recirc_flag=0bv8, client_hdr.nlk_hdr.tid=0bv32, client_hdr.nlk_hdr.timestamp_hi=0bv32, client_hdr.nlk_hdr.timestamp_lo=0bv32, client_hdr.nlk_hdr.valid=true, client_hdr.recirculate_hdr.cur_head=0bv32, client_hdr.recirculate_hdr.cur_tail=0bv32, client_hdr.recirculate_hdr.dequeued_mode=0bv8, client_hdr.udp.dstPort=8888bv16, client_hdr.udp.valid=true, client_ig_intr_md.resubmit_flag=1bv1, client_ig_md.client_id=0bv8, client_ig_md.dequeued_mode=0bv8, client_ig_md.do_resubmit=0bv1, client_ig_md.empty_slots=0bv32, client_ig_md.empty_slots_before_pop=0bv32, client_ig_md.head=0bv32, client_ig_md.ip_address=0bv32, client_ig_md.left=0bv32, client_ig_md.length_in_server=0bv32, client_ig_md.lock_exist=0bv1, client_ig_md.lock_id=0bv32, client_ig_md.locked=0bv32, client_ig_md.mode=0bv8, client_ig_md.pkt_type=2bv8, client_ig_md.queue_size_op=0bv32, client_ig_md.recirc_flag=0bv8, client_ig_md.right=0bv32, client_ig_md.routed=0bv1, client_ig_md.size_of_queue=0bv32, client_ig_md.tail=0bv32, client_ig_md.tid=0bv32, client_ig_md.timestamp_hi=0bv32, client_ig_md.timestamp_lo=0bv32, client_inbox_count=0, client_pkt_external=false, procurator_phase=1, procurator_step=0, sw_client_id_array_register__last0_old_value=0bv8, sw_client_id_array_register__last0_value=0bv8, sw_client_id_array_register__last_index=0bv32, sw_client_id_array_register__last_old_value=0bv8, sw_client_id_array_register__last_value=0bv8, sw_client_id_array_register__last_write_site=0, sw_client_id_array_register__next_write_site=0, sw_client_id_array_register__wrote_any=false, sw_client_id_array_register__wrote_index0=false, sw_eg_md.client_id=0bv8, sw_eg_md.clone_md=0bv8, sw_eg_md.ip_address=0bv32, sw_eg_md.mode=0bv8, sw_eg_md.tid=0bv32, sw_eg_md.timestamp_hi=0bv32, sw_eg_md.timestamp_lo=0bv32, sw_hdr.ethernet.etherType=2048bv16, sw_hdr.ethernet.valid=true, sw_hdr.ipv4.dstAddr=0bv32, sw_hdr.ipv4.protocol=17bv8, sw_hdr.ipv4.srcAddr=0bv32, sw_hdr.ipv4.valid=true, sw_hdr.nlk_hdr.client_id=0bv8, sw_hdr.nlk_hdr.lock=0bv32, sw_hdr.nlk_hdr.mode=0bv8, sw_hdr.nlk_hdr.op=0bv8, sw_hdr.nlk_hdr.recirc_flag=0bv8, sw_hdr.nlk_hdr.tid=0bv32, sw_hdr.nlk_hdr.timestamp_hi=0bv32, sw_hdr.nlk_hdr.timestamp_lo=0bv32, sw_hdr.nlk_hdr.valid=true, sw_hdr.recirculate_hdr.cur_head=0bv32, sw_hdr.recirculate_hdr.cur_tail=0bv32, sw_hdr.recirculate_hdr.dequeued_mode=0bv8, sw_hdr.udp.dstPort=8888bv16, sw_hdr.udp.valid=true, sw_head_register__last0_old_value=0bv32, sw_head_register__last0_value=0bv32, sw_head_register__last_index=0bv32, sw_head_register__last_old_value=0bv32, sw_head_register__last_value=0bv32, sw_head_register__last_write_site=0, sw_head_register__next_write_site=0, sw_head_register__wrote_any=false, sw_head_register__wrote_index0=false, sw_ig_intr_md.resubmit_flag=1bv1, sw_ig_md.client_id=0bv8, sw_ig_md.dequeued_mode=0bv8, sw_ig_md.do_resubmit=0bv1, sw_ig_md.empty_slots=0bv32, sw_ig_md.empty_slots_before_pop=0bv32, sw_ig_md.head=0bv32, sw_ig_md.ip_address=0bv32, sw_ig_md.left=0bv32, sw_ig_md.length_in_server=0bv32, sw_ig_md.lock_exist=0bv1, sw_ig_md.lock_id=0bv32, sw_ig_md.locked=0bv32, sw_ig_md.mode=0bv8, sw_ig_md.pkt_type=2bv8, sw_ig_md.queue_size_op=0bv32, sw_ig_md.recirc_flag=0bv8, sw_ig_md.right=0bv32, sw_ig_md.routed=0bv1, sw_ig_md.size_of_queue=0bv32, sw_ig_md.tail=0bv32, sw_ig_md.tid=0bv32, sw_ig_md.timestamp_hi=0bv32, sw_ig_md.timestamp_lo=0bv32, sw_inbox_count=1, sw_ip_array_register__last0_old_value=0bv32, sw_ip_array_register__last0_value=0bv32, sw_ip_array_register__last_index=0bv32, sw_ip_array_register__last_old_value=0bv32, sw_ip_array_register__last_value=0bv32, sw_ip_array_register__last_write_site=0, sw_ip_array_register__next_write_site=0, sw_ip_array_register__wrote_any=false, sw_ip_array_register__wrote_index0=false, sw_left_bound_register__last0_old_value=0bv32, sw_left_bound_register__last0_value=0bv32, sw_left_bound_register__last_index=0bv32, sw_left_bound_register__last_old_value=0bv32, sw_left_bound_register__last_value=0bv32, sw_left_bound_register__last_write_site=0, sw_left_bound_register__next_write_site=0, sw_left_bound_register__wrote_any=false, sw_left_bound_register__wrote_index0=false, sw_mode_array_register__last0_old_value=0bv8, sw_mode_array_register__last0_value=0bv8, sw_mode_array_register__last_index=0bv32, sw_mode_array_register__last_old_value=0bv8, sw_mode_array_register__last_value=0bv8, sw_mode_array_register__last_write_site=0, sw_mode_array_register__next_write_site=0, sw_mode_array_register__wrote_any=false, sw_mode_array_register__wrote_index0=false, sw_p4b_clone_e2e=false, sw_p4b_clone_i2e=false, sw_p4b_clone_i2i=false, sw_p4b_recirculate=false, sw_pkt_external=true, sw_queue_size_op_register__last0_old_value=0bv32, sw_queue_size_op_register__last0_value=0bv32, sw_queue_size_op_register__last_index=0bv32, sw_queue_size_op_register__last_old_value=0bv32, sw_queue_size_op_register__last_value=0bv32, sw_queue_size_op_register__last_write_site=0, sw_queue_size_op_register__next_write_site=0, sw_queue_size_op_register__wrote_any=false, sw_queue_size_op_register__wrote_index0=false, sw_right_bound_register__last0_old_value=0bv32, sw_right_bound_register__last0_value=0bv32, sw_right_bound_register__last_index=0bv32, sw_right_bound_register__last_old_value=0bv32, sw_right_bound_register__last_value=0bv32, sw_right_bound_register__last_write_site=0, sw_right_bound_register__next_write_site=0, sw_right_bound_register__wrote_any=false, sw_right_bound_register__wrote_index0=false, sw_shared_and_exclusive_count_register__last0_old_value=0bv64, sw_shared_and_exclusive_count_register__last0_value=0bv64, sw_shared_and_exclusive_count_register__last_index=0bv32, sw_shared_and_exclusive_count_register__last_old_value=0bv64, sw_shared_and_exclusive_count_register__last_value=0bv64, sw_shared_and_exclusive_count_register__last_write_site=0, sw_shared_and_exclusive_count_register__next_write_site=0, sw_shared_and_exclusive_count_register__wrote_any=false, sw_shared_and_exclusive_count_register__wrote_index0=false, sw_slots_two_sides_register__last0_old_value=0bv64, sw_slots_two_sides_register__last0_value=0bv64, sw_slots_two_sides_register__last_index=0bv32, sw_slots_two_sides_register__last_old_value=0bv64, sw_slots_two_sides_register__last_value=0bv64, sw_slots_two_sides_register__last_write_site=0, sw_slots_two_sides_register__next_write_site=0, sw_slots_two_sides_register__wrote_any=false, sw_slots_two_sides_register__wrote_index0=false, sw_tail_register__last0_old_value=0bv32, sw_tail_register__last0_value=0bv32, sw_tail_register__last_index=0bv32, sw_tail_register__last_old_value=0bv32, sw_tail_register__last_value=0bv32, sw_tail_register__last_write_site=0, sw_tail_register__next_write_site=0, sw_tail_register__wrote_any=false, sw_tail_register__wrote_index0=false, sw_tid_array_register__last0_old_value=0bv32, sw_tid_array_register__last0_value=0bv32, sw_tid_array_register__last_index=0bv32, sw_tid_array_register__last_old_value=0bv32, sw_tid_array_register__last_value=0bv32, sw_tid_array_register__last_write_site=0, sw_tid_array_register__next_write_site=0, sw_tid_array_register__wrote_any=false, sw_tid_array_register__wrote_index0=false]
[L3101]  RET         call main();
[L3102]              procurator_step := procurator_step + 1;
         VAL         [client_eg_md.client_id=0bv8, client_eg_md.clone_md=0bv8, client_eg_md.ip_address=0bv32, client_eg_md.mode=0bv8, client_eg_md.tid=0bv32, client_eg_md.timestamp_hi=0bv32, client_eg_md.timestamp_lo=0bv32, client_hdr.ethernet.etherType=2048bv16, client_hdr.ethernet.valid=true, client_hdr.ipv4.dstAddr=0bv32, client_hdr.ipv4.protocol=17bv8, client_hdr.ipv4.srcAddr=0bv32, client_hdr.ipv4.valid=true, client_hdr.nlk_hdr.client_id=0bv8, client_hdr.nlk_hdr.lock=0bv32, client_hdr.nlk_hdr.mode=0bv8, client_hdr.nlk_hdr.op=0bv8, client_hdr.nlk_hdr.recirc_flag=0bv8, client_hdr.nlk_hdr.tid=0bv32, client_hdr.nlk_hdr.timestamp_hi=0bv32, client_hdr.nlk_hdr.timestamp_lo=0bv32, client_hdr.nlk_hdr.valid=true, client_hdr.recirculate_hdr.cur_head=0bv32, client_hdr.recirculate_hdr.cur_tail=0bv32, client_hdr.recirculate_hdr.dequeued_mode=0bv8, client_hdr.udp.dstPort=8888bv16, client_hdr.udp.valid=true, client_ig_intr_md.resubmit_flag=1bv1, client_ig_md.client_id=0bv8, client_ig_md.dequeued_mode=0bv8, client_ig_md.do_resubmit=0bv1, client_ig_md.empty_slots=0bv32, client_ig_md.empty_slots_before_pop=0bv32, client_ig_md.head=0bv32, client_ig_md.ip_address=0bv32, client_ig_md.left=0bv32, client_ig_md.length_in_server=0bv32, client_ig_md.lock_exist=0bv1, client_ig_md.lock_id=0bv32, client_ig_md.locked=0bv32, client_ig_md.mode=0bv8, client_ig_md.pkt_type=2bv8, client_ig_md.queue_size_op=0bv32, client_ig_md.recirc_flag=0bv8, client_ig_md.right=0bv32, client_ig_md.routed=0bv1, client_ig_md.size_of_queue=0bv32, client_ig_md.tail=0bv32, client_ig_md.tid=0bv32, client_ig_md.timestamp_hi=0bv32, client_ig_md.timestamp_lo=0bv32, client_inbox_count=0, client_pkt_external=false, procurator_phase=1, procurator_step=1, sw_client_id_array_register__last0_old_value=0bv8, sw_client_id_array_register__last0_value=0bv8, sw_client_id_array_register__last_index=0bv32, sw_client_id_array_register__last_old_value=0bv8, sw_client_id_array_register__last_value=0bv8, sw_client_id_array_register__last_write_site=0, sw_client_id_array_register__next_write_site=0, sw_client_id_array_register__wrote_any=false, sw_client_id_array_register__wrote_index0=false, sw_eg_md.client_id=0bv8, sw_eg_md.clone_md=0bv8, sw_eg_md.ip_address=0bv32, sw_eg_md.mode=0bv8, sw_eg_md.tid=0bv32, sw_eg_md.timestamp_hi=0bv32, sw_eg_md.timestamp_lo=0bv32, sw_hdr.ethernet.etherType=2048bv16, sw_hdr.ethernet.valid=true, sw_hdr.ipv4.dstAddr=0bv32, sw_hdr.ipv4.protocol=17bv8, sw_hdr.ipv4.srcAddr=0bv32, sw_hdr.ipv4.valid=true, sw_hdr.nlk_hdr.client_id=0bv8, sw_hdr.nlk_hdr.lock=0bv32, sw_hdr.nlk_hdr.mode=0bv8, sw_hdr.nlk_hdr.op=0bv8, sw_hdr.nlk_hdr.recirc_flag=0bv8, sw_hdr.nlk_hdr.tid=0bv32, sw_hdr.nlk_hdr.timestamp_hi=0bv32, sw_hdr.nlk_hdr.timestamp_lo=0bv32, sw_hdr.nlk_hdr.valid=true, sw_hdr.recirculate_hdr.cur_head=0bv32, sw_hdr.recirculate_hdr.cur_tail=0bv32, sw_hdr.recirculate_hdr.dequeued_mode=0bv8, sw_hdr.udp.dstPort=8888bv16, sw_hdr.udp.valid=true, sw_head_register__last0_old_value=0bv32, sw_head_register__last0_value=0bv32, sw_head_register__last_index=0bv32, sw_head_register__last_old_value=0bv32, sw_head_register__last_value=0bv32, sw_head_register__last_write_site=0, sw_head_register__next_write_site=0, sw_head_register__wrote_any=false, sw_head_register__wrote_index0=false, sw_ig_intr_md.resubmit_flag=1bv1, sw_ig_md.client_id=0bv8, sw_ig_md.dequeued_mode=0bv8, sw_ig_md.do_resubmit=0bv1, sw_ig_md.empty_slots=0bv32, sw_ig_md.empty_slots_before_pop=0bv32, sw_ig_md.head=0bv32, sw_ig_md.ip_address=0bv32, sw_ig_md.left=0bv32, sw_ig_md.length_in_server=0bv32, sw_ig_md.lock_exist=0bv1, sw_ig_md.lock_id=0bv32, sw_ig_md.locked=0bv32, sw_ig_md.mode=0bv8, sw_ig_md.pkt_type=2bv8, sw_ig_md.queue_size_op=0bv32, sw_ig_md.recirc_flag=0bv8, sw_ig_md.right=0bv32, sw_ig_md.routed=0bv1, sw_ig_md.size_of_queue=0bv32, sw_ig_md.tail=0bv32, sw_ig_md.tid=0bv32, sw_ig_md.timestamp_hi=0bv32, sw_ig_md.timestamp_lo=0bv32, sw_inbox_count=1, sw_ip_array_register__last0_old_value=0bv32, sw_ip_array_register__last0_value=0bv32, sw_ip_array_register__last_index=0bv32, sw_ip_array_register__last_old_value=0bv32, sw_ip_array_register__last_value=0bv32, sw_ip_array_register__last_write_site=0, sw_ip_array_register__next_write_site=0, sw_ip_array_register__wrote_any=false, sw_ip_array_register__wrote_index0=false, sw_left_bound_register__last0_old_value=0bv32, sw_left_bound_register__last0_value=0bv32, sw_left_bound_register__last_index=0bv32, sw_left_bound_register__last_old_value=0bv32, sw_left_bound_register__last_value=0bv32, sw_left_bound_register__last_write_site=0, sw_left_bound_register__next_write_site=0, sw_left_bound_register__wrote_any=false, sw_left_bound_register__wrote_index0=false, sw_mode_array_register__last0_old_value=0bv8, sw_mode_array_register__last0_value=0bv8, sw_mode_array_register__last_index=0bv32, sw_mode_array_register__last_old_value=0bv8, sw_mode_array_register__last_value=0bv8, sw_mode_array_register__last_write_site=0, sw_mode_array_register__next_write_site=0, sw_mode_array_register__wrote_any=false, sw_mode_array_register__wrote_index0=false, sw_p4b_clone_e2e=false, sw_p4b_clone_i2e=false, sw_p4b_clone_i2i=false, sw_p4b_recirculate=false, sw_pkt_external=true, sw_queue_size_op_register__last0_old_value=0bv32, sw_queue_size_op_register__last0_value=0bv32, sw_queue_size_op_register__last_index=0bv32, sw_queue_size_op_register__last_old_value=0bv32, sw_queue_size_op_register__last_value=0bv32, sw_queue_size_op_register__last_write_site=0, sw_queue_size_op_register__next_write_site=0, sw_queue_size_op_register__wrote_any=false, sw_queue_size_op_register__wrote_index0=false, sw_right_bound_register__last0_old_value=0bv32, sw_right_bound_register__last0_value=0bv32, sw_right_bound_register__last_index=0bv32, sw_right_bound_register__last_old_value=0bv32, sw_right_bound_register__last_value=0bv32, sw_right_bound_register__last_write_site=0, sw_right_bound_register__next_write_site=0, sw_right_bound_register__wrote_any=false, sw_right_bound_register__wrote_index0=false, sw_shared_and_exclusive_count_register__last0_old_value=0bv64, sw_shared_and_exclusive_count_register__last0_value=0bv64, sw_shared_and_exclusive_count_register__last_index=0bv32, sw_shared_and_exclusive_count_register__last_old_value=0bv64, sw_shared_and_exclusive_count_register__last_value=0bv64, sw_shared_and_exclusive_count_register__last_write_site=0, sw_shared_and_exclusive_count_register__next_write_site=0, sw_shared_and_exclusive_count_register__wrote_any=false, sw_shared_and_exclusive_count_register__wrote_index0=false, sw_slots_two_sides_register__last0_old_value=0bv64, sw_slots_two_sides_register__last0_value=0bv64, sw_slots_two_sides_register__last_index=0bv32, sw_slots_two_sides_register__last_old_value=0bv64, sw_slots_two_sides_register__last_value=0bv64, sw_slots_two_sides_register__last_write_site=0, sw_slots_two_sides_register__next_write_site=0, sw_slots_two_sides_register__wrote_any=false, sw_slots_two_sides_register__wrote_index0=false, sw_tail_register__last0_old_value=0bv32, sw_tail_register__last0_value=0bv32, sw_tail_register__last_index=0bv32, sw_tail_register__last_old_value=0bv32, sw_tail_register__last_value=0bv32, sw_tail_register__last_write_site=0, sw_tail_register__next_write_site=0, sw_tail_register__wrote_any=false, sw_tail_register__wrote_index0=false, sw_tid_array_register__last0_old_value=0bv32, sw_tid_array_register__last0_value=0bv32, sw_tid_array_register__last_index=0bv32, sw_tid_array_register__last_old_value=0bv32, sw_tid_array_register__last_value=0bv32, sw_tid_array_register__last_write_site=0, sw_tid_array_register__next_write_site=0, sw_tid_array_register__wrote_any=false, sw_tid_array_register__wrote_index0=false]
[L3101]  CALL        call main();
[L2715]  COND FALSE  !(procurator_phase == 0)
         VAL         [client_eg_md.client_id=0bv8, client_eg_md.clone_md=0bv8, client_eg_md.ip_address=0bv32, client_eg_md.mode=0bv8, client_eg_md.tid=0bv32, client_eg_md.timestamp_hi=0bv32, client_eg_md.timestamp_lo=0bv32, client_hdr.ethernet.etherType=2048bv16, client_hdr.ethernet.valid=true, client_hdr.ipv4.dstAddr=0bv32, client_hdr.ipv4.protocol=17bv8, client_hdr.ipv4.srcAddr=0bv32, client_hdr.ipv4.valid=true, client_hdr.nlk_hdr.client_id=0bv8, client_hdr.nlk_hdr.lock=0bv32, client_hdr.nlk_hdr.mode=0bv8, client_hdr.nlk_hdr.op=0bv8, client_hdr.nlk_hdr.recirc_flag=0bv8, client_hdr.nlk_hdr.tid=0bv32, client_hdr.nlk_hdr.timestamp_hi=0bv32, client_hdr.nlk_hdr.timestamp_lo=0bv32, client_hdr.nlk_hdr.valid=true, client_hdr.recirculate_hdr.cur_head=0bv32, client_hdr.recirculate_hdr.cur_tail=0bv32, client_hdr.recirculate_hdr.dequeued_mode=0bv8, client_hdr.udp.dstPort=8888bv16, client_hdr.udp.valid=true, client_ig_intr_md.resubmit_flag=1bv1, client_ig_md.client_id=0bv8, client_ig_md.dequeued_mode=0bv8, client_ig_md.do_resubmit=0bv1, client_ig_md.empty_slots=0bv32, client_ig_md.empty_slots_before_pop=0bv32, client_ig_md.head=0bv32, client_ig_md.ip_address=0bv32, client_ig_md.left=0bv32, client_ig_md.length_in_server=0bv32, client_ig_md.lock_exist=0bv1, client_ig_md.lock_id=0bv32, client_ig_md.locked=0bv32, client_ig_md.mode=0bv8, client_ig_md.pkt_type=2bv8, client_ig_md.queue_size_op=0bv32, client_ig_md.recirc_flag=0bv8, client_ig_md.right=0bv32, client_ig_md.routed=0bv1, client_ig_md.size_of_queue=0bv32, client_ig_md.tail=0bv32, client_ig_md.tid=0bv32, client_ig_md.timestamp_hi=0bv32, client_ig_md.timestamp_lo=0bv32, client_inbox_count=0, client_pkt_external=false, procurator_phase=1, procurator_step=1, sw_client_id_array_register__last0_old_value=0bv8, sw_client_id_array_register__last0_value=0bv8, sw_client_id_array_register__last_index=0bv32, sw_client_id_array_register__last_old_value=0bv8, sw_client_id_array_register__last_value=0bv8, sw_client_id_array_register__last_write_site=0, sw_client_id_array_register__next_write_site=0, sw_client_id_array_register__wrote_any=false, sw_client_id_array_register__wrote_index0=false, sw_eg_md.client_id=0bv8, sw_eg_md.clone_md=0bv8, sw_eg_md.ip_address=0bv32, sw_eg_md.mode=0bv8, sw_eg_md.tid=0bv32, sw_eg_md.timestamp_hi=0bv32, sw_eg_md.timestamp_lo=0bv32, sw_hdr.ethernet.etherType=2048bv16, sw_hdr.ethernet.valid=true, sw_hdr.ipv4.dstAddr=0bv32, sw_hdr.ipv4.protocol=17bv8, sw_hdr.ipv4.srcAddr=0bv32, sw_hdr.ipv4.valid=true, sw_hdr.nlk_hdr.client_id=0bv8, sw_hdr.nlk_hdr.lock=0bv32, sw_hdr.nlk_hdr.mode=0bv8, sw_hdr.nlk_hdr.op=0bv8, sw_hdr.nlk_hdr.recirc_flag=0bv8, sw_hdr.nlk_hdr.tid=0bv32, sw_hdr.nlk_hdr.timestamp_hi=0bv32, sw_hdr.nlk_hdr.timestamp_lo=0bv32, sw_hdr.nlk_hdr.valid=true, sw_hdr.recirculate_hdr.cur_head=0bv32, sw_hdr.recirculate_hdr.cur_tail=0bv32, sw_hdr.recirculate_hdr.dequeued_mode=0bv8, sw_hdr.udp.dstPort=8888bv16, sw_hdr.udp.valid=true, sw_head_register__last0_old_value=0bv32, sw_head_register__last0_value=0bv32, sw_head_register__last_index=0bv32, sw_head_register__last_old_value=0bv32, sw_head_register__last_value=0bv32, sw_head_register__last_write_site=0, sw_head_register__next_write_site=0, sw_head_register__wrote_any=false, sw_head_register__wrote_index0=false, sw_ig_intr_md.resubmit_flag=1bv1, sw_ig_md.client_id=0bv8, sw_ig_md.dequeued_mode=0bv8, sw_ig_md.do_resubmit=0bv1, sw_ig_md.empty_slots=0bv32, sw_ig_md.empty_slots_before_pop=0bv32, sw_ig_md.head=0bv32, sw_ig_md.ip_address=0bv32, sw_ig_md.left=0bv32, sw_ig_md.length_in_server=0bv32, sw_ig_md.lock_exist=0bv1, sw_ig_md.lock_id=0bv32, sw_ig_md.locked=0bv32, sw_ig_md.mode=0bv8, sw_ig_md.pkt_type=2bv8, sw_ig_md.queue_size_op=0bv32, sw_ig_md.recirc_flag=0bv8, sw_ig_md.right=0bv32, sw_ig_md.routed=0bv1, sw_ig_md.size_of_queue=0bv32, sw_ig_md.tail=0bv32, sw_ig_md.tid=0bv32, sw_ig_md.timestamp_hi=0bv32, sw_ig_md.timestamp_lo=0bv32, sw_inbox_count=1, sw_ip_array_register__last0_old_value=0bv32, sw_ip_array_register__last0_value=0bv32, sw_ip_array_register__last_index=0bv32, sw_ip_array_register__last_old_value=0bv32, sw_ip_array_register__last_value=0bv32, sw_ip_array_register__last_write_site=0, sw_ip_array_register__next_write_site=0, sw_ip_array_register__wrote_any=false, sw_ip_array_register__wrote_index0=false, sw_left_bound_register__last0_old_value=0bv32, sw_left_bound_register__last0_value=0bv32, sw_left_bound_register__last_index=0bv32, sw_left_bound_register__last_old_value=0bv32, sw_left_bound_register__last_value=0bv32, sw_left_bound_register__last_write_site=0, sw_left_bound_register__next_write_site=0, sw_left_bound_register__wrote_any=false, sw_left_bound_register__wrote_index0=false, sw_mode_array_register__last0_old_value=0bv8, sw_mode_array_register__last0_value=0bv8, sw_mode_array_register__last_index=0bv32, sw_mode_array_register__last_old_value=0bv8, sw_mode_array_register__last_value=0bv8, sw_mode_array_register__last_write_site=0, sw_mode_array_register__next_write_site=0, sw_mode_array_register__wrote_any=false, sw_mode_array_register__wrote_index0=false, sw_p4b_clone_e2e=false, sw_p4b_clone_i2e=false, sw_p4b_clone_i2i=false, sw_p4b_recirculate=false, sw_pkt_external=true, sw_queue_size_op_register__last0_old_value=0bv32, sw_queue_size_op_register__last0_value=0bv32, sw_queue_size_op_register__last_index=0bv32, sw_queue_size_op_register__last_old_value=0bv32, sw_queue_size_op_register__last_value=0bv32, sw_queue_size_op_register__last_write_site=0, sw_queue_size_op_register__next_write_site=0, sw_queue_size_op_register__wrote_any=false, sw_queue_size_op_register__wrote_index0=false, sw_right_bound_register__last0_old_value=0bv32, sw_right_bound_register__last0_value=0bv32, sw_right_bound_register__last_index=0bv32, sw_right_bound_register__last_old_value=0bv32, sw_right_bound_register__last_value=0bv32, sw_right_bound_register__last_write_site=0, sw_right_bound_register__next_write_site=0, sw_right_bound_register__wrote_any=false, sw_right_bound_register__wrote_index0=false, sw_shared_and_exclusive_count_register__last0_old_value=0bv64, sw_shared_and_exclusive_count_register__last0_value=0bv64, sw_shared_and_exclusive_count_register__last_index=0bv32, sw_shared_and_exclusive_count_register__last_old_value=0bv64, sw_shared_and_exclusive_count_register__last_value=0bv64, sw_shared_and_exclusive_count_register__last_write_site=0, sw_shared_and_exclusive_count_register__next_write_site=0, sw_shared_and_exclusive_count_register__wrote_any=false, sw_shared_and_exclusive_count_register__wrote_index0=false, sw_slots_two_sides_register__last0_old_value=0bv64, sw_slots_two_sides_register__last0_value=0bv64, sw_slots_two_sides_register__last_index=0bv32, sw_slots_two_sides_register__last_old_value=0bv64, sw_slots_two_sides_register__last_value=0bv64, sw_slots_two_sides_register__last_write_site=0, sw_slots_two_sides_register__next_write_site=0, sw_slots_two_sides_register__wrote_any=false, sw_slots_two_sides_register__wrote_index0=false, sw_tail_register__last0_old_value=0bv32, sw_tail_register__last0_value=0bv32, sw_tail_register__last_index=0bv32, sw_tail_register__last_old_value=0bv32, sw_tail_register__last_value=0bv32, sw_tail_register__last_write_site=0, sw_tail_register__next_write_site=0, sw_tail_register__wrote_any=false, sw_tail_register__wrote_index0=false, sw_tid_array_register__last0_old_value=0bv32, sw_tid_array_register__last0_value=0bv32, sw_tid_array_register__last_index=0bv32, sw_tid_array_register__last_old_value=0bv32, sw_tid_array_register__last_value=0bv32, sw_tid_array_register__last_write_site=0, sw_tid_array_register__next_write_site=0, sw_tid_array_register__wrote_any=false, sw_tid_array_register__wrote_index0=false]
[L2825]  COND TRUE   procurator_phase == 1
         VAL         [client_eg_md.client_id=0bv8, client_eg_md.clone_md=0bv8, client_eg_md.ip_address=0bv32, client_eg_md.mode=0bv8, client_eg_md.tid=0bv32, client_eg_md.timestamp_hi=0bv32, client_eg_md.timestamp_lo=0bv32, client_hdr.ethernet.etherType=2048bv16, client_hdr.ethernet.valid=true, client_hdr.ipv4.dstAddr=0bv32, client_hdr.ipv4.protocol=17bv8, client_hdr.ipv4.srcAddr=0bv32, client_hdr.ipv4.valid=true, client_hdr.nlk_hdr.client_id=0bv8, client_hdr.nlk_hdr.lock=0bv32, client_hdr.nlk_hdr.mode=0bv8, client_hdr.nlk_hdr.op=0bv8, client_hdr.nlk_hdr.recirc_flag=0bv8, client_hdr.nlk_hdr.tid=0bv32, client_hdr.nlk_hdr.timestamp_hi=0bv32, client_hdr.nlk_hdr.timestamp_lo=0bv32, client_hdr.nlk_hdr.valid=true, client_hdr.recirculate_hdr.cur_head=0bv32, client_hdr.recirculate_hdr.cur_tail=0bv32, client_hdr.recirculate_hdr.dequeued_mode=0bv8, client_hdr.udp.dstPort=8888bv16, client_hdr.udp.valid=true, client_ig_intr_md.resubmit_flag=1bv1, client_ig_md.client_id=0bv8, client_ig_md.dequeued_mode=0bv8, client_ig_md.do_resubmit=0bv1, client_ig_md.empty_slots=0bv32, client_ig_md.empty_slots_before_pop=0bv32, client_ig_md.head=0bv32, client_ig_md.ip_address=0bv32, client_ig_md.left=0bv32, client_ig_md.length_in_server=0bv32, client_ig_md.lock_exist=0bv1, client_ig_md.lock_id=0bv32, client_ig_md.locked=0bv32, client_ig_md.mode=0bv8, client_ig_md.pkt_type=2bv8, client_ig_md.queue_size_op=0bv32, client_ig_md.recirc_flag=0bv8, client_ig_md.right=0bv32, client_ig_md.routed=0bv1, client_ig_md.size_of_queue=0bv32, client_ig_md.tail=0bv32, client_ig_md.tid=0bv32, client_ig_md.timestamp_hi=0bv32, client_ig_md.timestamp_lo=0bv32, client_inbox_count=0, client_pkt_external=false, procurator_phase=1, procurator_step=1, sw_client_id_array_register__last0_old_value=0bv8, sw_client_id_array_register__last0_value=0bv8, sw_client_id_array_register__last_index=0bv32, sw_client_id_array_register__last_old_value=0bv8, sw_client_id_array_register__last_value=0bv8, sw_client_id_array_register__last_write_site=0, sw_client_id_array_register__next_write_site=0, sw_client_id_array_register__wrote_any=false, sw_client_id_array_register__wrote_index0=false, sw_eg_md.client_id=0bv8, sw_eg_md.clone_md=0bv8, sw_eg_md.ip_address=0bv32, sw_eg_md.mode=0bv8, sw_eg_md.tid=0bv32, sw_eg_md.timestamp_hi=0bv32, sw_eg_md.timestamp_lo=0bv32, sw_hdr.ethernet.etherType=2048bv16, sw_hdr.ethernet.valid=true, sw_hdr.ipv4.dstAddr=0bv32, sw_hdr.ipv4.protocol=17bv8, sw_hdr.ipv4.srcAddr=0bv32, sw_hdr.ipv4.valid=true, sw_hdr.nlk_hdr.client_id=0bv8, sw_hdr.nlk_hdr.lock=0bv32, sw_hdr.nlk_hdr.mode=0bv8, sw_hdr.nlk_hdr.op=0bv8, sw_hdr.nlk_hdr.recirc_flag=0bv8, sw_hdr.nlk_hdr.tid=0bv32, sw_hdr.nlk_hdr.timestamp_hi=0bv32, sw_hdr.nlk_hdr.timestamp_lo=0bv32, sw_hdr.nlk_hdr.valid=true, sw_hdr.recirculate_hdr.cur_head=0bv32, sw_hdr.recirculate_hdr.cur_tail=0bv32, sw_hdr.recirculate_hdr.dequeued_mode=0bv8, sw_hdr.udp.dstPort=8888bv16, sw_hdr.udp.valid=true, sw_head_register__last0_old_value=0bv32, sw_head_register__last0_value=0bv32, sw_head_register__last_index=0bv32, sw_head_register__last_old_value=0bv32, sw_head_register__last_value=0bv32, sw_head_register__last_write_site=0, sw_head_register__next_write_site=0, sw_head_register__wrote_any=false, sw_head_register__wrote_index0=false, sw_ig_intr_md.resubmit_flag=1bv1, sw_ig_md.client_id=0bv8, sw_ig_md.dequeued_mode=0bv8, sw_ig_md.do_resubmit=0bv1, sw_ig_md.empty_slots=0bv32, sw_ig_md.empty_slots_before_pop=0bv32, sw_ig_md.head=0bv32, sw_ig_md.ip_address=0bv32, sw_ig_md.left=0bv32, sw_ig_md.length_in_server=0bv32, sw_ig_md.lock_exist=0bv1, sw_ig_md.lock_id=0bv32, sw_ig_md.locked=0bv32, sw_ig_md.mode=0bv8, sw_ig_md.pkt_type=2bv8, sw_ig_md.queue_size_op=0bv32, sw_ig_md.recirc_flag=0bv8, sw_ig_md.right=0bv32, sw_ig_md.routed=0bv1, sw_ig_md.size_of_queue=0bv32, sw_ig_md.tail=0bv32, sw_ig_md.tid=0bv32, sw_ig_md.timestamp_hi=0bv32, sw_ig_md.timestamp_lo=0bv32, sw_inbox_count=1, sw_ip_array_register__last0_old_value=0bv32, sw_ip_array_register__last0_value=0bv32, sw_ip_array_register__last_index=0bv32, sw_ip_array_register__last_old_value=0bv32, sw_ip_array_register__last_value=0bv32, sw_ip_array_register__last_write_site=0, sw_ip_array_register__next_write_site=0, sw_ip_array_register__wrote_any=false, sw_ip_array_register__wrote_index0=false, sw_left_bound_register__last0_old_value=0bv32, sw_left_bound_register__last0_value=0bv32, sw_left_bound_register__last_index=0bv32, sw_left_bound_register__last_old_value=0bv32, sw_left_bound_register__last_value=0bv32, sw_left_bound_register__last_write_site=0, sw_left_bound_register__next_write_site=0, sw_left_bound_register__wrote_any=false, sw_left_bound_register__wrote_index0=false, sw_mode_array_register__last0_old_value=0bv8, sw_mode_array_register__last0_value=0bv8, sw_mode_array_register__last_index=0bv32, sw_mode_array_register__last_old_value=0bv8, sw_mode_array_register__last_value=0bv8, sw_mode_array_register__last_write_site=0, sw_mode_array_register__next_write_site=0, sw_mode_array_register__wrote_any=false, sw_mode_array_register__wrote_index0=false, sw_p4b_clone_e2e=false, sw_p4b_clone_i2e=false, sw_p4b_clone_i2i=false, sw_p4b_recirculate=false, sw_pkt_external=true, sw_queue_size_op_register__last0_old_value=0bv32, sw_queue_size_op_register__last0_value=0bv32, sw_queue_size_op_register__last_index=0bv32, sw_queue_size_op_register__last_old_value=0bv32, sw_queue_size_op_register__last_value=0bv32, sw_queue_size_op_register__last_write_site=0, sw_queue_size_op_register__next_write_site=0, sw_queue_size_op_register__wrote_any=false, sw_queue_size_op_register__wrote_index0=false, sw_right_bound_register__last0_old_value=0bv32, sw_right_bound_register__last0_value=0bv32, sw_right_bound_register__last_index=0bv32, sw_right_bound_register__last_old_value=0bv32, sw_right_bound_register__last_value=0bv32, sw_right_bound_register__last_write_site=0, sw_right_bound_register__next_write_site=0, sw_right_bound_register__wrote_any=false, sw_right_bound_register__wrote_index0=false, sw_shared_and_exclusive_count_register__last0_old_value=0bv64, sw_shared_and_exclusive_count_register__last0_value=0bv64, sw_shared_and_exclusive_count_register__last_index=0bv32, sw_shared_and_exclusive_count_register__last_old_value=0bv64, sw_shared_and_exclusive_count_register__last_value=0bv64, sw_shared_and_exclusive_count_register__last_write_site=0, sw_shared_and_exclusive_count_register__next_write_site=0, sw_shared_and_exclusive_count_register__wrote_any=false, sw_shared_and_exclusive_count_register__wrote_index0=false, sw_slots_two_sides_register__last0_old_value=0bv64, sw_slots_two_sides_register__last0_value=0bv64, sw_slots_two_sides_register__last_index=0bv32, sw_slots_two_sides_register__last_old_value=0bv64, sw_slots_two_sides_register__last_value=0bv64, sw_slots_two_sides_register__last_write_site=0, sw_slots_two_sides_register__next_write_site=0, sw_slots_two_sides_register__wrote_any=false, sw_slots_two_sides_register__wrote_index0=false, sw_tail_register__last0_old_value=0bv32, sw_tail_register__last0_value=0bv32, sw_tail_register__last_index=0bv32, sw_tail_register__last_old_value=0bv32, sw_tail_register__last_value=0bv32, sw_tail_register__last_write_site=0, sw_tail_register__next_write_site=0, sw_tail_register__wrote_any=false, sw_tail_register__wrote_index0=false, sw_tid_array_register__last0_old_value=0bv32, sw_tid_array_register__last0_value=0bv32, sw_tid_array_register__last_index=0bv32, sw_tid_array_register__last_old_value=0bv32, sw_tid_array_register__last_value=0bv32, sw_tid_array_register__last_write_site=0, sw_tid_array_register__next_write_site=0, sw_tid_array_register__wrote_any=false, sw_tid_array_register__wrote_index0=false]
[L2953]  COND FALSE  !(procurator_phase == 2)
[L2956]              procurator_phase := procurator_phase + 1;
         VAL         [client_eg_md.client_id=0bv8, client_eg_md.clone_md=0bv8, client_eg_md.ip_address=0bv32, client_eg_md.mode=0bv8, client_eg_md.tid=0bv32, client_eg_md.timestamp_hi=0bv32, client_eg_md.timestamp_lo=0bv32, client_hdr.ethernet.etherType=2048bv16, client_hdr.ethernet.valid=true, client_hdr.ipv4.dstAddr=0bv32, client_hdr.ipv4.protocol=17bv8, client_hdr.ipv4.srcAddr=0bv32, client_hdr.ipv4.valid=true, client_hdr.nlk_hdr.client_id=0bv8, client_hdr.nlk_hdr.lock=0bv32, client_hdr.nlk_hdr.mode=0bv8, client_hdr.nlk_hdr.op=0bv8, client_hdr.nlk_hdr.recirc_flag=0bv8, client_hdr.nlk_hdr.tid=0bv32, client_hdr.nlk_hdr.timestamp_hi=0bv32, client_hdr.nlk_hdr.timestamp_lo=0bv32, client_hdr.nlk_hdr.valid=true, client_hdr.recirculate_hdr.cur_head=0bv32, client_hdr.recirculate_hdr.cur_tail=0bv32, client_hdr.recirculate_hdr.dequeued_mode=0bv8, client_hdr.udp.dstPort=8888bv16, client_hdr.udp.valid=true, client_ig_intr_md.resubmit_flag=1bv1, client_ig_md.client_id=0bv8, client_ig_md.dequeued_mode=0bv8, client_ig_md.do_resubmit=0bv1, client_ig_md.empty_slots=0bv32, client_ig_md.empty_slots_before_pop=0bv32, client_ig_md.head=0bv32, client_ig_md.ip_address=0bv32, client_ig_md.left=0bv32, client_ig_md.length_in_server=0bv32, client_ig_md.lock_exist=0bv1, client_ig_md.lock_id=0bv32, client_ig_md.locked=0bv32, client_ig_md.mode=0bv8, client_ig_md.pkt_type=2bv8, client_ig_md.queue_size_op=0bv32, client_ig_md.recirc_flag=0bv8, client_ig_md.right=0bv32, client_ig_md.routed=0bv1, client_ig_md.size_of_queue=0bv32, client_ig_md.tail=0bv32, client_ig_md.tid=0bv32, client_ig_md.timestamp_hi=0bv32, client_ig_md.timestamp_lo=0bv32, client_inbox_count=0, client_pkt_external=false, procurator_phase=2, procurator_step=1, sw_client_id_array_register__last0_old_value=0bv8, sw_client_id_array_register__last0_value=0bv8, sw_client_id_array_register__last_index=0bv32, sw_client_id_array_register__last_old_value=0bv8, sw_client_id_array_register__last_value=0bv8, sw_client_id_array_register__last_write_site=0, sw_client_id_array_register__next_write_site=0, sw_client_id_array_register__wrote_any=false, sw_client_id_array_register__wrote_index0=false, sw_eg_md.client_id=0bv8, sw_eg_md.clone_md=0bv8, sw_eg_md.ip_address=0bv32, sw_eg_md.mode=0bv8, sw_eg_md.tid=0bv32, sw_eg_md.timestamp_hi=0bv32, sw_eg_md.timestamp_lo=0bv32, sw_hdr.ethernet.etherType=2048bv16, sw_hdr.ethernet.valid=true, sw_hdr.ipv4.dstAddr=0bv32, sw_hdr.ipv4.protocol=17bv8, sw_hdr.ipv4.srcAddr=0bv32, sw_hdr.ipv4.valid=true, sw_hdr.nlk_hdr.client_id=0bv8, sw_hdr.nlk_hdr.lock=0bv32, sw_hdr.nlk_hdr.mode=0bv8, sw_hdr.nlk_hdr.op=0bv8, sw_hdr.nlk_hdr.recirc_flag=0bv8, sw_hdr.nlk_hdr.tid=0bv32, sw_hdr.nlk_hdr.timestamp_hi=0bv32, sw_hdr.nlk_hdr.timestamp_lo=0bv32, sw_hdr.nlk_hdr.valid=true, sw_hdr.recirculate_hdr.cur_head=0bv32, sw_hdr.recirculate_hdr.cur_tail=0bv32, sw_hdr.recirculate_hdr.dequeued_mode=0bv8, sw_hdr.udp.dstPort=8888bv16, sw_hdr.udp.valid=true, sw_head_register__last0_old_value=0bv32, sw_head_register__last0_value=0bv32, sw_head_register__last_index=0bv32, sw_head_register__last_old_value=0bv32, sw_head_register__last_value=0bv32, sw_head_register__last_write_site=0, sw_head_register__next_write_site=0, sw_head_register__wrote_any=false, sw_head_register__wrote_index0=false, sw_ig_intr_md.resubmit_flag=1bv1, sw_ig_md.client_id=0bv8, sw_ig_md.dequeued_mode=0bv8, sw_ig_md.do_resubmit=0bv1, sw_ig_md.empty_slots=0bv32, sw_ig_md.empty_slots_before_pop=0bv32, sw_ig_md.head=0bv32, sw_ig_md.ip_address=0bv32, sw_ig_md.left=0bv32, sw_ig_md.length_in_server=0bv32, sw_ig_md.lock_exist=0bv1, sw_ig_md.lock_id=0bv32, sw_ig_md.locked=0bv32, sw_ig_md.mode=0bv8, sw_ig_md.pkt_type=2bv8, sw_ig_md.queue_size_op=0bv32, sw_ig_md.recirc_flag=0bv8, sw_ig_md.right=0bv32, sw_ig_md.routed=0bv1, sw_ig_md.size_of_queue=0bv32, sw_ig_md.tail=0bv32, sw_ig_md.tid=0bv32, sw_ig_md.timestamp_hi=0bv32, sw_ig_md.timestamp_lo=0bv32, sw_inbox_count=1, sw_ip_array_register__last0_old_value=0bv32, sw_ip_array_register__last0_value=0bv32, sw_ip_array_register__last_index=0bv32, sw_ip_array_register__last_old_value=0bv32, sw_ip_array_register__last_value=0bv32, sw_ip_array_register__last_write_site=0, sw_ip_array_register__next_write_site=0, sw_ip_array_register__wrote_any=false, sw_ip_array_register__wrote_index0=false, sw_left_bound_register__last0_old_value=0bv32, sw_left_bound_register__last0_value=0bv32, sw_left_bound_register__last_index=0bv32, sw_left_bound_register__last_old_value=0bv32, sw_left_bound_register__last_value=0bv32, sw_left_bound_register__last_write_site=0, sw_left_bound_register__next_write_site=0, sw_left_bound_register__wrote_any=false, sw_left_bound_register__wrote_index0=false, sw_mode_array_register__last0_old_value=0bv8, sw_mode_array_register__last0_value=0bv8, sw_mode_array_register__last_index=0bv32, sw_mode_array_register__last_old_value=0bv8, sw_mode_array_register__last_value=0bv8, sw_mode_array_register__last_write_site=0, sw_mode_array_register__next_write_site=0, sw_mode_array_register__wrote_any=false, sw_mode_array_register__wrote_index0=false, sw_p4b_clone_e2e=false, sw_p4b_clone_i2e=false, sw_p4b_clone_i2i=false, sw_p4b_recirculate=false, sw_pkt_external=true, sw_queue_size_op_register__last0_old_value=0bv32, sw_queue_size_op_register__last0_value=0bv32, sw_queue_size_op_register__last_index=0bv32, sw_queue_size_op_register__last_old_value=0bv32, sw_queue_size_op_register__last_value=0bv32, sw_queue_size_op_register__last_write_site=0, sw_queue_size_op_register__next_write_site=0, sw_queue_size_op_register__wrote_any=false, sw_queue_size_op_register__wrote_index0=false, sw_right_bound_register__last0_old_value=0bv32, sw_right_bound_register__last0_value=0bv32, sw_right_bound_register__last_index=0bv32, sw_right_bound_register__last_old_value=0bv32, sw_right_bound_register__last_value=0bv32, sw_right_bound_register__last_write_site=0, sw_right_bound_register__next_write_site=0, sw_right_bound_register__wrote_any=false, sw_right_bound_register__wrote_index0=false, sw_shared_and_exclusive_count_register__last0_old_value=0bv64, sw_shared_and_exclusive_count_register__last0_value=0bv64, sw_shared_and_exclusive_count_register__last_index=0bv32, sw_shared_and_exclusive_count_register__last_old_value=0bv64, sw_shared_and_exclusive_count_register__last_value=0bv64, sw_shared_and_exclusive_count_register__last_write_site=0, sw_shared_and_exclusive_count_register__next_write_site=0, sw_shared_and_exclusive_count_register__wrote_any=false, sw_shared_and_exclusive_count_register__wrote_index0=false, sw_slots_two_sides_register__last0_old_value=0bv64, sw_slots_two_sides_register__last0_value=0bv64, sw_slots_two_sides_register__last_index=0bv32, sw_slots_two_sides_register__last_old_value=0bv64, sw_slots_two_sides_register__last_value=0bv64, sw_slots_two_sides_register__last_write_site=0, sw_slots_two_sides_register__next_write_site=0, sw_slots_two_sides_register__wrote_any=false, sw_slots_two_sides_register__wrote_index0=false, sw_tail_register__last0_old_value=0bv32, sw_tail_register__last0_value=0bv32, sw_tail_register__last_index=0bv32, sw_tail_register__last_old_value=0bv32, sw_tail_register__last_value=0bv32, sw_tail_register__last_write_site=0, sw_tail_register__next_write_site=0, sw_tail_register__wrote_any=false, sw_tail_register__wrote_index0=false, sw_tid_array_register__last0_old_value=0bv32, sw_tid_array_register__last0_value=0bv32, sw_tid_array_register__last_index=0bv32, sw_tid_array_register__last_old_value=0bv32, sw_tid_array_register__last_value=0bv32, sw_tid_array_register__last_write_site=0, sw_tid_array_register__next_write_site=0, sw_tid_array_register__wrote_any=false, sw_tid_array_register__wrote_index0=false]
[L3101]  RET         call main();
[L3102]              procurator_step := procurator_step + 1;
         VAL         [client_eg_md.client_id=0bv8, client_eg_md.clone_md=0bv8, client_eg_md.ip_address=0bv32, client_eg_md.mode=0bv8, client_eg_md.tid=0bv32, client_eg_md.timestamp_hi=0bv32, client_eg_md.timestamp_lo=0bv32, client_hdr.ethernet.etherType=2048bv16, client_hdr.ethernet.valid=true, client_hdr.ipv4.dstAddr=0bv32, client_hdr.ipv4.protocol=17bv8, client_hdr.ipv4.srcAddr=0bv32, client_hdr.ipv4.valid=true, client_hdr.nlk_hdr.client_id=0bv8, client_hdr.nlk_hdr.lock=0bv32, client_hdr.nlk_hdr.mode=0bv8, client_hdr.nlk_hdr.op=0bv8, client_hdr.nlk_hdr.recirc_flag=0bv8, client_hdr.nlk_hdr.tid=0bv32, client_hdr.nlk_hdr.timestamp_hi=0bv32, client_hdr.nlk_hdr.timestamp_lo=0bv32, client_hdr.nlk_hdr.valid=true, client_hdr.recirculate_hdr.cur_head=0bv32, client_hdr.recirculate_hdr.cur_tail=0bv32, client_hdr.recirculate_hdr.dequeued_mode=0bv8, client_hdr.udp.dstPort=8888bv16, client_hdr.udp.valid=true, client_ig_intr_md.resubmit_flag=1bv1, client_ig_md.client_id=0bv8, client_ig_md.dequeued_mode=0bv8, client_ig_md.do_resubmit=0bv1, client_ig_md.empty_slots=0bv32, client_ig_md.empty_slots_before_pop=0bv32, client_ig_md.head=0bv32, client_ig_md.ip_address=0bv32, client_ig_md.left=0bv32, client_ig_md.length_in_server=0bv32, client_ig_md.lock_exist=0bv1, client_ig_md.lock_id=0bv32, client_ig_md.locked=0bv32, client_ig_md.mode=0bv8, client_ig_md.pkt_type=2bv8, client_ig_md.queue_size_op=0bv32, client_ig_md.recirc_flag=0bv8, client_ig_md.right=0bv32, client_ig_md.routed=0bv1, client_ig_md.size_of_queue=0bv32, client_ig_md.tail=0bv32, client_ig_md.tid=0bv32, client_ig_md.timestamp_hi=0bv32, client_ig_md.timestamp_lo=0bv32, client_inbox_count=0, client_pkt_external=false, procurator_phase=2, procurator_step=2, sw_client_id_array_register__last0_old_value=0bv8, sw_client_id_array_register__last0_value=0bv8, sw_client_id_array_register__last_index=0bv32, sw_client_id_array_register__last_old_value=0bv8, sw_client_id_array_register__last_value=0bv8, sw_client_id_array_register__last_write_site=0, sw_client_id_array_register__next_write_site=0, sw_client_id_array_register__wrote_any=false, sw_client_id_array_register__wrote_index0=false, sw_eg_md.client_id=0bv8, sw_eg_md.clone_md=0bv8, sw_eg_md.ip_address=0bv32, sw_eg_md.mode=0bv8, sw_eg_md.tid=0bv32, sw_eg_md.timestamp_hi=0bv32, sw_eg_md.timestamp_lo=0bv32, sw_hdr.ethernet.etherType=2048bv16, sw_hdr.ethernet.valid=true, sw_hdr.ipv4.dstAddr=0bv32, sw_hdr.ipv4.protocol=17bv8, sw_hdr.ipv4.srcAddr=0bv32, sw_hdr.ipv4.valid=true, sw_hdr.nlk_hdr.client_id=0bv8, sw_hdr.nlk_hdr.lock=0bv32, sw_hdr.nlk_hdr.mode=0bv8, sw_hdr.nlk_hdr.op=0bv8, sw_hdr.nlk_hdr.recirc_flag=0bv8, sw_hdr.nlk_hdr.tid=0bv32, sw_hdr.nlk_hdr.timestamp_hi=0bv32, sw_hdr.nlk_hdr.timestamp_lo=0bv32, sw_hdr.nlk_hdr.valid=true, sw_hdr.recirculate_hdr.cur_head=0bv32, sw_hdr.recirculate_hdr.cur_tail=0bv32, sw_hdr.recirculate_hdr.dequeued_mode=0bv8, sw_hdr.udp.dstPort=8888bv16, sw_hdr.udp.valid=true, sw_head_register__last0_old_value=0bv32, sw_head_register__last0_value=0bv32, sw_head_register__last_index=0bv32, sw_head_register__last_old_value=0bv32, sw_head_register__last_value=0bv32, sw_head_register__last_write_site=0, sw_head_register__next_write_site=0, sw_head_register__wrote_any=false, sw_head_register__wrote_index0=false, sw_ig_intr_md.resubmit_flag=1bv1, sw_ig_md.client_id=0bv8, sw_ig_md.dequeued_mode=0bv8, sw_ig_md.do_resubmit=0bv1, sw_ig_md.empty_slots=0bv32, sw_ig_md.empty_slots_before_pop=0bv32, sw_ig_md.head=0bv32, sw_ig_md.ip_address=0bv32, sw_ig_md.left=0bv32, sw_ig_md.length_in_server=0bv32, sw_ig_md.lock_exist=0bv1, sw_ig_md.lock_id=0bv32, sw_ig_md.locked=0bv32, sw_ig_md.mode=0bv8, sw_ig_md.pkt_type=2bv8, sw_ig_md.queue_size_op=0bv32, sw_ig_md.recirc_flag=0bv8, sw_ig_md.right=0bv32, sw_ig_md.routed=0bv1, sw_ig_md.size_of_queue=0bv32, sw_ig_md.tail=0bv32, sw_ig_md.tid=0bv32, sw_ig_md.timestamp_hi=0bv32, sw_ig_md.timestamp_lo=0bv32, sw_inbox_count=1, sw_ip_array_register__last0_old_value=0bv32, sw_ip_array_register__last0_value=0bv32, sw_ip_array_register__last_index=0bv32, sw_ip_array_register__last_old_value=0bv32, sw_ip_array_register__last_value=0bv32, sw_ip_array_register__last_write_site=0, sw_ip_array_register__next_write_site=0, sw_ip_array_register__wrote_any=false, sw_ip_array_register__wrote_index0=false, sw_left_bound_register__last0_old_value=0bv32, sw_left_bound_register__last0_value=0bv32, sw_left_bound_register__last_index=0bv32, sw_left_bound_register__last_old_value=0bv32, sw_left_bound_register__last_value=0bv32, sw_left_bound_register__last_write_site=0, sw_left_bound_register__next_write_site=0, sw_left_bound_register__wrote_any=false, sw_left_bound_register__wrote_index0=false, sw_mode_array_register__last0_old_value=0bv8, sw_mode_array_register__last0_value=0bv8, sw_mode_array_register__last_index=0bv32, sw_mode_array_register__last_old_value=0bv8, sw_mode_array_register__last_value=0bv8, sw_mode_array_register__last_write_site=0, sw_mode_array_register__next_write_site=0, sw_mode_array_register__wrote_any=false, sw_mode_array_register__wrote_index0=false, sw_p4b_clone_e2e=false, sw_p4b_clone_i2e=false, sw_p4b_clone_i2i=false, sw_p4b_recirculate=false, sw_pkt_external=true, sw_queue_size_op_register__last0_old_value=0bv32, sw_queue_size_op_register__last0_value=0bv32, sw_queue_size_op_register__last_index=0bv32, sw_queue_size_op_register__last_old_value=0bv32, sw_queue_size_op_register__last_value=0bv32, sw_queue_size_op_register__last_write_site=0, sw_queue_size_op_register__next_write_site=0, sw_queue_size_op_register__wrote_any=false, sw_queue_size_op_register__wrote_index0=false, sw_right_bound_register__last0_old_value=0bv32, sw_right_bound_register__last0_value=0bv32, sw_right_bound_register__last_index=0bv32, sw_right_bound_register__last_old_value=0bv32, sw_right_bound_register__last_value=0bv32, sw_right_bound_register__last_write_site=0, sw_right_bound_register__next_write_site=0, sw_right_bound_register__wrote_any=false, sw_right_bound_register__wrote_index0=false, sw_shared_and_exclusive_count_register__last0_old_value=0bv64, sw_shared_and_exclusive_count_register__last0_value=0bv64, sw_shared_and_exclusive_count_register__last_index=0bv32, sw_shared_and_exclusive_count_register__last_old_value=0bv64, sw_shared_and_exclusive_count_register__last_value=0bv64, sw_shared_and_exclusive_count_register__last_write_site=0, sw_shared_and_exclusive_count_register__next_write_site=0, sw_shared_and_exclusive_count_register__wrote_any=false, sw_shared_and_exclusive_count_register__wrote_index0=false, sw_slots_two_sides_register__last0_old_value=0bv64, sw_slots_two_sides_register__last0_value=0bv64, sw_slots_two_sides_register__last_index=0bv32, sw_slots_two_sides_register__last_old_value=0bv64, sw_slots_two_sides_register__last_value=0bv64, sw_slots_two_sides_register__last_write_site=0, sw_slots_two_sides_register__next_write_site=0, sw_slots_two_sides_register__wrote_any=false, sw_slots_two_sides_register__wrote_index0=false, sw_tail_register__last0_old_value=0bv32, sw_tail_register__last0_value=0bv32, sw_tail_register__last_index=0bv32, sw_tail_register__last_old_value=0bv32, sw_tail_register__last_value=0bv32, sw_tail_register__last_write_site=0, sw_tail_register__next_write_site=0, sw_tail_register__wrote_any=false, sw_tail_register__wrote_index0=false, sw_tid_array_register__last0_old_value=0bv32, sw_tid_array_register__last0_value=0bv32, sw_tid_array_register__last_index=0bv32, sw_tid_array_register__last_old_value=0bv32, sw_tid_array_register__last_value=0bv32, sw_tid_array_register__last_write_site=0, sw_tid_array_register__next_write_site=0, sw_tid_array_register__wrote_any=false, sw_tid_array_register__wrote_index0=false]
[L3101]  CALL        call main();
[L2715]  COND FALSE  !(procurator_phase == 0)
         VAL         [client_eg_md.client_id=0bv8, client_eg_md.clone_md=0bv8, client_eg_md.ip_address=0bv32, client_eg_md.mode=0bv8, client_eg_md.tid=0bv32, client_eg_md.timestamp_hi=0bv32, client_eg_md.timestamp_lo=0bv32, client_hdr.ethernet.etherType=2048bv16, client_hdr.ethernet.valid=true, client_hdr.ipv4.dstAddr=0bv32, client_hdr.ipv4.protocol=17bv8, client_hdr.ipv4.srcAddr=0bv32, client_hdr.ipv4.valid=true, client_hdr.nlk_hdr.client_id=0bv8, client_hdr.nlk_hdr.lock=0bv32, client_hdr.nlk_hdr.mode=0bv8, client_hdr.nlk_hdr.op=0bv8, client_hdr.nlk_hdr.recirc_flag=0bv8, client_hdr.nlk_hdr.tid=0bv32, client_hdr.nlk_hdr.timestamp_hi=0bv32, client_hdr.nlk_hdr.timestamp_lo=0bv32, client_hdr.nlk_hdr.valid=true, client_hdr.recirculate_hdr.cur_head=0bv32, client_hdr.recirculate_hdr.cur_tail=0bv32, client_hdr.recirculate_hdr.dequeued_mode=0bv8, client_hdr.udp.dstPort=8888bv16, client_hdr.udp.valid=true, client_ig_intr_md.resubmit_flag=1bv1, client_ig_md.client_id=0bv8, client_ig_md.dequeued_mode=0bv8, client_ig_md.do_resubmit=0bv1, client_ig_md.empty_slots=0bv32, client_ig_md.empty_slots_before_pop=0bv32, client_ig_md.head=0bv32, client_ig_md.ip_address=0bv32, client_ig_md.left=0bv32, client_ig_md.length_in_server=0bv32, client_ig_md.lock_exist=0bv1, client_ig_md.lock_id=0bv32, client_ig_md.locked=0bv32, client_ig_md.mode=0bv8, client_ig_md.pkt_type=2bv8, client_ig_md.queue_size_op=0bv32, client_ig_md.recirc_flag=0bv8, client_ig_md.right=0bv32, client_ig_md.routed=0bv1, client_ig_md.size_of_queue=0bv32, client_ig_md.tail=0bv32, client_ig_md.tid=0bv32, client_ig_md.timestamp_hi=0bv32, client_ig_md.timestamp_lo=0bv32, client_inbox_count=0, client_pkt_external=false, procurator_phase=2, procurator_step=2, sw_client_id_array_register__last0_old_value=0bv8, sw_client_id_array_register__last0_value=0bv8, sw_client_id_array_register__last_index=0bv32, sw_client_id_array_register__last_old_value=0bv8, sw_client_id_array_register__last_value=0bv8, sw_client_id_array_register__last_write_site=0, sw_client_id_array_register__next_write_site=0, sw_client_id_array_register__wrote_any=false, sw_client_id_array_register__wrote_index0=false, sw_eg_md.client_id=0bv8, sw_eg_md.clone_md=0bv8, sw_eg_md.ip_address=0bv32, sw_eg_md.mode=0bv8, sw_eg_md.tid=0bv32, sw_eg_md.timestamp_hi=0bv32, sw_eg_md.timestamp_lo=0bv32, sw_hdr.ethernet.etherType=2048bv16, sw_hdr.ethernet.valid=true, sw_hdr.ipv4.dstAddr=0bv32, sw_hdr.ipv4.protocol=17bv8, sw_hdr.ipv4.srcAddr=0bv32, sw_hdr.ipv4.valid=true, sw_hdr.nlk_hdr.client_id=0bv8, sw_hdr.nlk_hdr.lock=0bv32, sw_hdr.nlk_hdr.mode=0bv8, sw_hdr.nlk_hdr.op=0bv8, sw_hdr.nlk_hdr.recirc_flag=0bv8, sw_hdr.nlk_hdr.tid=0bv32, sw_hdr.nlk_hdr.timestamp_hi=0bv32, sw_hdr.nlk_hdr.timestamp_lo=0bv32, sw_hdr.nlk_hdr.valid=true, sw_hdr.recirculate_hdr.cur_head=0bv32, sw_hdr.recirculate_hdr.cur_tail=0bv32, sw_hdr.recirculate_hdr.dequeued_mode=0bv8, sw_hdr.udp.dstPort=8888bv16, sw_hdr.udp.valid=true, sw_head_register__last0_old_value=0bv32, sw_head_register__last0_value=0bv32, sw_head_register__last_index=0bv32, sw_head_register__last_old_value=0bv32, sw_head_register__last_value=0bv32, sw_head_register__last_write_site=0, sw_head_register__next_write_site=0, sw_head_register__wrote_any=false, sw_head_register__wrote_index0=false, sw_ig_intr_md.resubmit_flag=1bv1, sw_ig_md.client_id=0bv8, sw_ig_md.dequeued_mode=0bv8, sw_ig_md.do_resubmit=0bv1, sw_ig_md.empty_slots=0bv32, sw_ig_md.empty_slots_before_pop=0bv32, sw_ig_md.head=0bv32, sw_ig_md.ip_address=0bv32, sw_ig_md.left=0bv32, sw_ig_md.length_in_server=0bv32, sw_ig_md.lock_exist=0bv1, sw_ig_md.lock_id=0bv32, sw_ig_md.locked=0bv32, sw_ig_md.mode=0bv8, sw_ig_md.pkt_type=2bv8, sw_ig_md.queue_size_op=0bv32, sw_ig_md.recirc_flag=0bv8, sw_ig_md.right=0bv32, sw_ig_md.routed=0bv1, sw_ig_md.size_of_queue=0bv32, sw_ig_md.tail=0bv32, sw_ig_md.tid=0bv32, sw_ig_md.timestamp_hi=0bv32, sw_ig_md.timestamp_lo=0bv32, sw_inbox_count=1, sw_ip_array_register__last0_old_value=0bv32, sw_ip_array_register__last0_value=0bv32, sw_ip_array_register__last_index=0bv32, sw_ip_array_register__last_old_value=0bv32, sw_ip_array_register__last_value=0bv32, sw_ip_array_register__last_write_site=0, sw_ip_array_register__next_write_site=0, sw_ip_array_register__wrote_any=false, sw_ip_array_register__wrote_index0=false, sw_left_bound_register__last0_old_value=0bv32, sw_left_bound_register__last0_value=0bv32, sw_left_bound_register__last_index=0bv32, sw_left_bound_register__last_old_value=0bv32, sw_left_bound_register__last_value=0bv32, sw_left_bound_register__last_write_site=0, sw_left_bound_register__next_write_site=0, sw_left_bound_register__wrote_any=false, sw_left_bound_register__wrote_index0=false, sw_mode_array_register__last0_old_value=0bv8, sw_mode_array_register__last0_value=0bv8, sw_mode_array_register__last_index=0bv32, sw_mode_array_register__last_old_value=0bv8, sw_mode_array_register__last_value=0bv8, sw_mode_array_register__last_write_site=0, sw_mode_array_register__next_write_site=0, sw_mode_array_register__wrote_any=false, sw_mode_array_register__wrote_index0=false, sw_p4b_clone_e2e=false, sw_p4b_clone_i2e=false, sw_p4b_clone_i2i=false, sw_p4b_recirculate=false, sw_pkt_external=true, sw_queue_size_op_register__last0_old_value=0bv32, sw_queue_size_op_register__last0_value=0bv32, sw_queue_size_op_register__last_index=0bv32, sw_queue_size_op_register__last_old_value=0bv32, sw_queue_size_op_register__last_value=0bv32, sw_queue_size_op_register__last_write_site=0, sw_queue_size_op_register__next_write_site=0, sw_queue_size_op_register__wrote_any=false, sw_queue_size_op_register__wrote_index0=false, sw_right_bound_register__last0_old_value=0bv32, sw_right_bound_register__last0_value=0bv32, sw_right_bound_register__last_index=0bv32, sw_right_bound_register__last_old_value=0bv32, sw_right_bound_register__last_value=0bv32, sw_right_bound_register__last_write_site=0, sw_right_bound_register__next_write_site=0, sw_right_bound_register__wrote_any=false, sw_right_bound_register__wrote_index0=false, sw_shared_and_exclusive_count_register__last0_old_value=0bv64, sw_shared_and_exclusive_count_register__last0_value=0bv64, sw_shared_and_exclusive_count_register__last_index=0bv32, sw_shared_and_exclusive_count_register__last_old_value=0bv64, sw_shared_and_exclusive_count_register__last_value=0bv64, sw_shared_and_exclusive_count_register__last_write_site=0, sw_shared_and_exclusive_count_register__next_write_site=0, sw_shared_and_exclusive_count_register__wrote_any=false, sw_shared_and_exclusive_count_register__wrote_index0=false, sw_slots_two_sides_register__last0_old_value=0bv64, sw_slots_two_sides_register__last0_value=0bv64, sw_slots_two_sides_register__last_index=0bv32, sw_slots_two_sides_register__last_old_value=0bv64, sw_slots_two_sides_register__last_value=0bv64, sw_slots_two_sides_register__last_write_site=0, sw_slots_two_sides_register__next_write_site=0, sw_slots_two_sides_register__wrote_any=false, sw_slots_two_sides_register__wrote_index0=false, sw_tail_register__last0_old_value=0bv32, sw_tail_register__last0_value=0bv32, sw_tail_register__last_index=0bv32, sw_tail_register__last_old_value=0bv32, sw_tail_register__last_value=0bv32, sw_tail_register__last_write_site=0, sw_tail_register__next_write_site=0, sw_tail_register__wrote_any=false, sw_tail_register__wrote_index0=false, sw_tid_array_register__last0_old_value=0bv32, sw_tid_array_register__last0_value=0bv32, sw_tid_array_register__last_index=0bv32, sw_tid_array_register__last_old_value=0bv32, sw_tid_array_register__last_value=0bv32, sw_tid_array_register__last_write_site=0, sw_tid_array_register__next_write_site=0, sw_tid_array_register__wrote_any=false, sw_tid_array_register__wrote_index0=false]
[L2825]  COND FALSE  !(procurator_phase == 1)
         VAL         [client_eg_md.client_id=0bv8, client_eg_md.clone_md=0bv8, client_eg_md.ip_address=0bv32, client_eg_md.mode=0bv8, client_eg_md.tid=0bv32, client_eg_md.timestamp_hi=0bv32, client_eg_md.timestamp_lo=0bv32, client_hdr.ethernet.etherType=2048bv16, client_hdr.ethernet.valid=true, client_hdr.ipv4.dstAddr=0bv32, client_hdr.ipv4.protocol=17bv8, client_hdr.ipv4.srcAddr=0bv32, client_hdr.ipv4.valid=true, client_hdr.nlk_hdr.client_id=0bv8, client_hdr.nlk_hdr.lock=0bv32, client_hdr.nlk_hdr.mode=0bv8, client_hdr.nlk_hdr.op=0bv8, client_hdr.nlk_hdr.recirc_flag=0bv8, client_hdr.nlk_hdr.tid=0bv32, client_hdr.nlk_hdr.timestamp_hi=0bv32, client_hdr.nlk_hdr.timestamp_lo=0bv32, client_hdr.nlk_hdr.valid=true, client_hdr.recirculate_hdr.cur_head=0bv32, client_hdr.recirculate_hdr.cur_tail=0bv32, client_hdr.recirculate_hdr.dequeued_mode=0bv8, client_hdr.udp.dstPort=8888bv16, client_hdr.udp.valid=true, client_ig_intr_md.resubmit_flag=1bv1, client_ig_md.client_id=0bv8, client_ig_md.dequeued_mode=0bv8, client_ig_md.do_resubmit=0bv1, client_ig_md.empty_slots=0bv32, client_ig_md.empty_slots_before_pop=0bv32, client_ig_md.head=0bv32, client_ig_md.ip_address=0bv32, client_ig_md.left=0bv32, client_ig_md.length_in_server=0bv32, client_ig_md.lock_exist=0bv1, client_ig_md.lock_id=0bv32, client_ig_md.locked=0bv32, client_ig_md.mode=0bv8, client_ig_md.pkt_type=2bv8, client_ig_md.queue_size_op=0bv32, client_ig_md.recirc_flag=0bv8, client_ig_md.right=0bv32, client_ig_md.routed=0bv1, client_ig_md.size_of_queue=0bv32, client_ig_md.tail=0bv32, client_ig_md.tid=0bv32, client_ig_md.timestamp_hi=0bv32, client_ig_md.timestamp_lo=0bv32, client_inbox_count=0, client_pkt_external=false, procurator_phase=2, procurator_step=2, sw_client_id_array_register__last0_old_value=0bv8, sw_client_id_array_register__last0_value=0bv8, sw_client_id_array_register__last_index=0bv32, sw_client_id_array_register__last_old_value=0bv8, sw_client_id_array_register__last_value=0bv8, sw_client_id_array_register__last_write_site=0, sw_client_id_array_register__next_write_site=0, sw_client_id_array_register__wrote_any=false, sw_client_id_array_register__wrote_index0=false, sw_eg_md.client_id=0bv8, sw_eg_md.clone_md=0bv8, sw_eg_md.ip_address=0bv32, sw_eg_md.mode=0bv8, sw_eg_md.tid=0bv32, sw_eg_md.timestamp_hi=0bv32, sw_eg_md.timestamp_lo=0bv32, sw_hdr.ethernet.etherType=2048bv16, sw_hdr.ethernet.valid=true, sw_hdr.ipv4.dstAddr=0bv32, sw_hdr.ipv4.protocol=17bv8, sw_hdr.ipv4.srcAddr=0bv32, sw_hdr.ipv4.valid=true, sw_hdr.nlk_hdr.client_id=0bv8, sw_hdr.nlk_hdr.lock=0bv32, sw_hdr.nlk_hdr.mode=0bv8, sw_hdr.nlk_hdr.op=0bv8, sw_hdr.nlk_hdr.recirc_flag=0bv8, sw_hdr.nlk_hdr.tid=0bv32, sw_hdr.nlk_hdr.timestamp_hi=0bv32, sw_hdr.nlk_hdr.timestamp_lo=0bv32, sw_hdr.nlk_hdr.valid=true, sw_hdr.recirculate_hdr.cur_head=0bv32, sw_hdr.recirculate_hdr.cur_tail=0bv32, sw_hdr.recirculate_hdr.dequeued_mode=0bv8, sw_hdr.udp.dstPort=8888bv16, sw_hdr.udp.valid=true, sw_head_register__last0_old_value=0bv32, sw_head_register__last0_value=0bv32, sw_head_register__last_index=0bv32, sw_head_register__last_old_value=0bv32, sw_head_register__last_value=0bv32, sw_head_register__last_write_site=0, sw_head_register__next_write_site=0, sw_head_register__wrote_any=false, sw_head_register__wrote_index0=false, sw_ig_intr_md.resubmit_flag=1bv1, sw_ig_md.client_id=0bv8, sw_ig_md.dequeued_mode=0bv8, sw_ig_md.do_resubmit=0bv1, sw_ig_md.empty_slots=0bv32, sw_ig_md.empty_slots_before_pop=0bv32, sw_ig_md.head=0bv32, sw_ig_md.ip_address=0bv32, sw_ig_md.left=0bv32, sw_ig_md.length_in_server=0bv32, sw_ig_md.lock_exist=0bv1, sw_ig_md.lock_id=0bv32, sw_ig_md.locked=0bv32, sw_ig_md.mode=0bv8, sw_ig_md.pkt_type=2bv8, sw_ig_md.queue_size_op=0bv32, sw_ig_md.recirc_flag=0bv8, sw_ig_md.right=0bv32, sw_ig_md.routed=0bv1, sw_ig_md.size_of_queue=0bv32, sw_ig_md.tail=0bv32, sw_ig_md.tid=0bv32, sw_ig_md.timestamp_hi=0bv32, sw_ig_md.timestamp_lo=0bv32, sw_inbox_count=1, sw_ip_array_register__last0_old_value=0bv32, sw_ip_array_register__last0_value=0bv32, sw_ip_array_register__last_index=0bv32, sw_ip_array_register__last_old_value=0bv32, sw_ip_array_register__last_value=0bv32, sw_ip_array_register__last_write_site=0, sw_ip_array_register__next_write_site=0, sw_ip_array_register__wrote_any=false, sw_ip_array_register__wrote_index0=false, sw_left_bound_register__last0_old_value=0bv32, sw_left_bound_register__last0_value=0bv32, sw_left_bound_register__last_index=0bv32, sw_left_bound_register__last_old_value=0bv32, sw_left_bound_register__last_value=0bv32, sw_left_bound_register__last_write_site=0, sw_left_bound_register__next_write_site=0, sw_left_bound_register__wrote_any=false, sw_left_bound_register__wrote_index0=false, sw_mode_array_register__last0_old_value=0bv8, sw_mode_array_register__last0_value=0bv8, sw_mode_array_register__last_index=0bv32, sw_mode_array_register__last_old_value=0bv8, sw_mode_array_register__last_value=0bv8, sw_mode_array_register__last_write_site=0, sw_mode_array_register__next_write_site=0, sw_mode_array_register__wrote_any=false, sw_mode_array_register__wrote_index0=false, sw_p4b_clone_e2e=false, sw_p4b_clone_i2e=false, sw_p4b_clone_i2i=false, sw_p4b_recirculate=false, sw_pkt_external=true, sw_queue_size_op_register__last0_old_value=0bv32, sw_queue_size_op_register__last0_value=0bv32, sw_queue_size_op_register__last_index=0bv32, sw_queue_size_op_register__last_old_value=0bv32, sw_queue_size_op_register__last_value=0bv32, sw_queue_size_op_register__last_write_site=0, sw_queue_size_op_register__next_write_site=0, sw_queue_size_op_register__wrote_any=false, sw_queue_size_op_register__wrote_index0=false, sw_right_bound_register__last0_old_value=0bv32, sw_right_bound_register__last0_value=0bv32, sw_right_bound_register__last_index=0bv32, sw_right_bound_register__last_old_value=0bv32, sw_right_bound_register__last_value=0bv32, sw_right_bound_register__last_write_site=0, sw_right_bound_register__next_write_site=0, sw_right_bound_register__wrote_any=false, sw_right_bound_register__wrote_index0=false, sw_shared_and_exclusive_count_register__last0_old_value=0bv64, sw_shared_and_exclusive_count_register__last0_value=0bv64, sw_shared_and_exclusive_count_register__last_index=0bv32, sw_shared_and_exclusive_count_register__last_old_value=0bv64, sw_shared_and_exclusive_count_register__last_value=0bv64, sw_shared_and_exclusive_count_register__last_write_site=0, sw_shared_and_exclusive_count_register__next_write_site=0, sw_shared_and_exclusive_count_register__wrote_any=false, sw_shared_and_exclusive_count_register__wrote_index0=false, sw_slots_two_sides_register__last0_old_value=0bv64, sw_slots_two_sides_register__last0_value=0bv64, sw_slots_two_sides_register__last_index=0bv32, sw_slots_two_sides_register__last_old_value=0bv64, sw_slots_two_sides_register__last_value=0bv64, sw_slots_two_sides_register__last_write_site=0, sw_slots_two_sides_register__next_write_site=0, sw_slots_two_sides_register__wrote_any=false, sw_slots_two_sides_register__wrote_index0=false, sw_tail_register__last0_old_value=0bv32, sw_tail_register__last0_value=0bv32, sw_tail_register__last_index=0bv32, sw_tail_register__last_old_value=0bv32, sw_tail_register__last_value=0bv32, sw_tail_register__last_write_site=0, sw_tail_register__next_write_site=0, sw_tail_register__wrote_any=false, sw_tail_register__wrote_index0=false, sw_tid_array_register__last0_old_value=0bv32, sw_tid_array_register__last0_value=0bv32, sw_tid_array_register__last_index=0bv32, sw_tid_array_register__last_old_value=0bv32, sw_tid_array_register__last_value=0bv32, sw_tid_array_register__last_write_site=0, sw_tid_array_register__next_write_site=0, sw_tid_array_register__wrote_any=false, sw_tid_array_register__wrote_index0=false]
[L2827]  COND TRUE   procurator_phase == 2
         VAL         [client_eg_md.client_id=0bv8, client_eg_md.clone_md=0bv8, client_eg_md.ip_address=0bv32, client_eg_md.mode=0bv8, client_eg_md.tid=0bv32, client_eg_md.timestamp_hi=0bv32, client_eg_md.timestamp_lo=0bv32, client_hdr.ethernet.etherType=2048bv16, client_hdr.ethernet.valid=true, client_hdr.ipv4.dstAddr=0bv32, client_hdr.ipv4.protocol=17bv8, client_hdr.ipv4.srcAddr=0bv32, client_hdr.ipv4.valid=true, client_hdr.nlk_hdr.client_id=0bv8, client_hdr.nlk_hdr.lock=0bv32, client_hdr.nlk_hdr.mode=0bv8, client_hdr.nlk_hdr.op=0bv8, client_hdr.nlk_hdr.recirc_flag=0bv8, client_hdr.nlk_hdr.tid=0bv32, client_hdr.nlk_hdr.timestamp_hi=0bv32, client_hdr.nlk_hdr.timestamp_lo=0bv32, client_hdr.nlk_hdr.valid=true, client_hdr.recirculate_hdr.cur_head=0bv32, client_hdr.recirculate_hdr.cur_tail=0bv32, client_hdr.recirculate_hdr.dequeued_mode=0bv8, client_hdr.udp.dstPort=8888bv16, client_hdr.udp.valid=true, client_ig_intr_md.resubmit_flag=1bv1, client_ig_md.client_id=0bv8, client_ig_md.dequeued_mode=0bv8, client_ig_md.do_resubmit=0bv1, client_ig_md.empty_slots=0bv32, client_ig_md.empty_slots_before_pop=0bv32, client_ig_md.head=0bv32, client_ig_md.ip_address=0bv32, client_ig_md.left=0bv32, client_ig_md.length_in_server=0bv32, client_ig_md.lock_exist=0bv1, client_ig_md.lock_id=0bv32, client_ig_md.locked=0bv32, client_ig_md.mode=0bv8, client_ig_md.pkt_type=2bv8, client_ig_md.queue_size_op=0bv32, client_ig_md.recirc_flag=0bv8, client_ig_md.right=0bv32, client_ig_md.routed=0bv1, client_ig_md.size_of_queue=0bv32, client_ig_md.tail=0bv32, client_ig_md.tid=0bv32, client_ig_md.timestamp_hi=0bv32, client_ig_md.timestamp_lo=0bv32, client_inbox_count=0, client_pkt_external=false, procurator_phase=2, procurator_step=2, sw_client_id_array_register__last0_old_value=0bv8, sw_client_id_array_register__last0_value=0bv8, sw_client_id_array_register__last_index=0bv32, sw_client_id_array_register__last_old_value=0bv8, sw_client_id_array_register__last_value=0bv8, sw_client_id_array_register__last_write_site=0, sw_client_id_array_register__next_write_site=0, sw_client_id_array_register__wrote_any=false, sw_client_id_array_register__wrote_index0=false, sw_eg_md.client_id=0bv8, sw_eg_md.clone_md=0bv8, sw_eg_md.ip_address=0bv32, sw_eg_md.mode=0bv8, sw_eg_md.tid=0bv32, sw_eg_md.timestamp_hi=0bv32, sw_eg_md.timestamp_lo=0bv32, sw_hdr.ethernet.etherType=2048bv16, sw_hdr.ethernet.valid=true, sw_hdr.ipv4.dstAddr=0bv32, sw_hdr.ipv4.protocol=17bv8, sw_hdr.ipv4.srcAddr=0bv32, sw_hdr.ipv4.valid=true, sw_hdr.nlk_hdr.client_id=0bv8, sw_hdr.nlk_hdr.lock=0bv32, sw_hdr.nlk_hdr.mode=0bv8, sw_hdr.nlk_hdr.op=0bv8, sw_hdr.nlk_hdr.recirc_flag=0bv8, sw_hdr.nlk_hdr.tid=0bv32, sw_hdr.nlk_hdr.timestamp_hi=0bv32, sw_hdr.nlk_hdr.timestamp_lo=0bv32, sw_hdr.nlk_hdr.valid=true, sw_hdr.recirculate_hdr.cur_head=0bv32, sw_hdr.recirculate_hdr.cur_tail=0bv32, sw_hdr.recirculate_hdr.dequeued_mode=0bv8, sw_hdr.udp.dstPort=8888bv16, sw_hdr.udp.valid=true, sw_head_register__last0_old_value=0bv32, sw_head_register__last0_value=0bv32, sw_head_register__last_index=0bv32, sw_head_register__last_old_value=0bv32, sw_head_register__last_value=0bv32, sw_head_register__last_write_site=0, sw_head_register__next_write_site=0, sw_head_register__wrote_any=false, sw_head_register__wrote_index0=false, sw_ig_intr_md.resubmit_flag=1bv1, sw_ig_md.client_id=0bv8, sw_ig_md.dequeued_mode=0bv8, sw_ig_md.do_resubmit=0bv1, sw_ig_md.empty_slots=0bv32, sw_ig_md.empty_slots_before_pop=0bv32, sw_ig_md.head=0bv32, sw_ig_md.ip_address=0bv32, sw_ig_md.left=0bv32, sw_ig_md.length_in_server=0bv32, sw_ig_md.lock_exist=0bv1, sw_ig_md.lock_id=0bv32, sw_ig_md.locked=0bv32, sw_ig_md.mode=0bv8, sw_ig_md.pkt_type=2bv8, sw_ig_md.queue_size_op=0bv32, sw_ig_md.recirc_flag=0bv8, sw_ig_md.right=0bv32, sw_ig_md.routed=0bv1, sw_ig_md.size_of_queue=0bv32, sw_ig_md.tail=0bv32, sw_ig_md.tid=0bv32, sw_ig_md.timestamp_hi=0bv32, sw_ig_md.timestamp_lo=0bv32, sw_inbox_count=1, sw_ip_array_register__last0_old_value=0bv32, sw_ip_array_register__last0_value=0bv32, sw_ip_array_register__last_index=0bv32, sw_ip_array_register__last_old_value=0bv32, sw_ip_array_register__last_value=0bv32, sw_ip_array_register__last_write_site=0, sw_ip_array_register__next_write_site=0, sw_ip_array_register__wrote_any=false, sw_ip_array_register__wrote_index0=false, sw_left_bound_register__last0_old_value=0bv32, sw_left_bound_register__last0_value=0bv32, sw_left_bound_register__last_index=0bv32, sw_left_bound_register__last_old_value=0bv32, sw_left_bound_register__last_value=0bv32, sw_left_bound_register__last_write_site=0, sw_left_bound_register__next_write_site=0, sw_left_bound_register__wrote_any=false, sw_left_bound_register__wrote_index0=false, sw_mode_array_register__last0_old_value=0bv8, sw_mode_array_register__last0_value=0bv8, sw_mode_array_register__last_index=0bv32, sw_mode_array_register__last_old_value=0bv8, sw_mode_array_register__last_value=0bv8, sw_mode_array_register__last_write_site=0, sw_mode_array_register__next_write_site=0, sw_mode_array_register__wrote_any=false, sw_mode_array_register__wrote_index0=false, sw_p4b_clone_e2e=false, sw_p4b_clone_i2e=false, sw_p4b_clone_i2i=false, sw_p4b_recirculate=false, sw_pkt_external=true, sw_queue_size_op_register__last0_old_value=0bv32, sw_queue_size_op_register__last0_value=0bv32, sw_queue_size_op_register__last_index=0bv32, sw_queue_size_op_register__last_old_value=0bv32, sw_queue_size_op_register__last_value=0bv32, sw_queue_size_op_register__last_write_site=0, sw_queue_size_op_register__next_write_site=0, sw_queue_size_op_register__wrote_any=false, sw_queue_size_op_register__wrote_index0=false, sw_right_bound_register__last0_old_value=0bv32, sw_right_bound_register__last0_value=0bv32, sw_right_bound_register__last_index=0bv32, sw_right_bound_register__last_old_value=0bv32, sw_right_bound_register__last_value=0bv32, sw_right_bound_register__last_write_site=0, sw_right_bound_register__next_write_site=0, sw_right_bound_register__wrote_any=false, sw_right_bound_register__wrote_index0=false, sw_shared_and_exclusive_count_register__last0_old_value=0bv64, sw_shared_and_exclusive_count_register__last0_value=0bv64, sw_shared_and_exclusive_count_register__last_index=0bv32, sw_shared_and_exclusive_count_register__last_old_value=0bv64, sw_shared_and_exclusive_count_register__last_value=0bv64, sw_shared_and_exclusive_count_register__last_write_site=0, sw_shared_and_exclusive_count_register__next_write_site=0, sw_shared_and_exclusive_count_register__wrote_any=false, sw_shared_and_exclusive_count_register__wrote_index0=false, sw_slots_two_sides_register__last0_old_value=0bv64, sw_slots_two_sides_register__last0_value=0bv64, sw_slots_two_sides_register__last_index=0bv32, sw_slots_two_sides_register__last_old_value=0bv64, sw_slots_two_sides_register__last_value=0bv64, sw_slots_two_sides_register__last_write_site=0, sw_slots_two_sides_register__next_write_site=0, sw_slots_two_sides_register__wrote_any=false, sw_slots_two_sides_register__wrote_index0=false, sw_tail_register__last0_old_value=0bv32, sw_tail_register__last0_value=0bv32, sw_tail_register__last_index=0bv32, sw_tail_register__last_old_value=0bv32, sw_tail_register__last_value=0bv32, sw_tail_register__last_write_site=0, sw_tail_register__next_write_site=0, sw_tail_register__wrote_any=false, sw_tail_register__wrote_index0=false, sw_tid_array_register__last0_old_value=0bv32, sw_tid_array_register__last0_value=0bv32, sw_tid_array_register__last_index=0bv32, sw_tid_array_register__last_old_value=0bv32, sw_tid_array_register__last_value=0bv32, sw_tid_array_register__last_write_site=0, sw_tid_array_register__next_write_site=0, sw_tid_array_register__wrote_any=false, sw_tid_array_register__wrote_index0=false]
[L2829]  COND TRUE   sw_inbox_count > 0
[L2830]              assume sw_inbox_count > 0;
[L2831]              sw_inbox_count := sw_inbox_count - 1;
[L2832]  CALL        call sw_mainProcedure();
[L2387]              sw_p4b_checksum_error := false;
[L2388]              sw_p4b_checksum_updated := false;
[L2389]              sw_p4b_checksum_verified := false;
[L2390]              sw_p4b_digest := false;
[L2391]              sw_p4b_recirculate := false;
[L2392]              sw_p4b_clone_i2i := false;
[L2393]              sw_p4b_clone_e2e := false;
[L2394]              sw_p4b_clone_i2e := false;
[L2395]  CALL        call sw_main();
[L2379]  CALL        call sw_pipe();
[L2419]  CALL        call sw_SwitchIngressParser();
[L1033]  FCALL       call sw_setInvalid(sw_ig_intr_md);
         VAL         [client_eg_md.client_id=0bv8, client_eg_md.clone_md=0bv8, client_eg_md.ip_address=0bv32, client_eg_md.mode=0bv8, client_eg_md.tid=0bv32, client_eg_md.timestamp_hi=0bv32, client_eg_md.timestamp_lo=0bv32, client_hdr.ethernet.etherType=2048bv16, client_hdr.ethernet.valid=true, client_hdr.ipv4.dstAddr=0bv32, client_hdr.ipv4.protocol=17bv8, client_hdr.ipv4.srcAddr=0bv32, client_hdr.ipv4.valid=true, client_hdr.nlk_hdr.client_id=0bv8, client_hdr.nlk_hdr.lock=0bv32, client_hdr.nlk_hdr.mode=0bv8, client_hdr.nlk_hdr.op=0bv8, client_hdr.nlk_hdr.recirc_flag=0bv8, client_hdr.nlk_hdr.tid=0bv32, client_hdr.nlk_hdr.timestamp_hi=0bv32, client_hdr.nlk_hdr.timestamp_lo=0bv32, client_hdr.nlk_hdr.valid=true, client_hdr.recirculate_hdr.cur_head=0bv32, client_hdr.recirculate_hdr.cur_tail=0bv32, client_hdr.recirculate_hdr.dequeued_mode=0bv8, client_hdr.udp.dstPort=8888bv16, client_hdr.udp.valid=true, client_ig_intr_md.resubmit_flag=1bv1, client_ig_md.client_id=0bv8, client_ig_md.dequeued_mode=0bv8, client_ig_md.do_resubmit=0bv1, client_ig_md.empty_slots=0bv32, client_ig_md.empty_slots_before_pop=0bv32, client_ig_md.head=0bv32, client_ig_md.ip_address=0bv32, client_ig_md.left=0bv32, client_ig_md.length_in_server=0bv32, client_ig_md.lock_exist=0bv1, client_ig_md.lock_id=0bv32, client_ig_md.locked=0bv32, client_ig_md.mode=0bv8, client_ig_md.pkt_type=2bv8, client_ig_md.queue_size_op=0bv32, client_ig_md.recirc_flag=0bv8, client_ig_md.right=0bv32, client_ig_md.routed=0bv1, client_ig_md.size_of_queue=0bv32, client_ig_md.tail=0bv32, client_ig_md.tid=0bv32, client_ig_md.timestamp_hi=0bv32, client_ig_md.timestamp_lo=0bv32, client_inbox_count=0, client_pkt_external=false, procurator_phase=2, procurator_step=2, sw_client_id_array_register__last0_old_value=0bv8, sw_client_id_array_register__last0_value=0bv8, sw_client_id_array_register__last_index=0bv32, sw_client_id_array_register__last_old_value=0bv8, sw_client_id_array_register__last_value=0bv8, sw_client_id_array_register__last_write_site=0, sw_client_id_array_register__next_write_site=0, sw_client_id_array_register__wrote_any=false, sw_client_id_array_register__wrote_index0=false, sw_eg_md.client_id=0bv8, sw_eg_md.clone_md=0bv8, sw_eg_md.ip_address=0bv32, sw_eg_md.mode=0bv8, sw_eg_md.tid=0bv32, sw_eg_md.timestamp_hi=0bv32, sw_eg_md.timestamp_lo=0bv32, sw_hdr.ethernet.etherType=2048bv16, sw_hdr.ethernet.valid=true, sw_hdr.ipv4.dstAddr=0bv32, sw_hdr.ipv4.protocol=17bv8, sw_hdr.ipv4.srcAddr=0bv32, sw_hdr.ipv4.valid=true, sw_hdr.nlk_hdr.client_id=0bv8, sw_hdr.nlk_hdr.lock=0bv32, sw_hdr.nlk_hdr.mode=0bv8, sw_hdr.nlk_hdr.op=0bv8, sw_hdr.nlk_hdr.recirc_flag=0bv8, sw_hdr.nlk_hdr.tid=0bv32, sw_hdr.nlk_hdr.timestamp_hi=0bv32, sw_hdr.nlk_hdr.timestamp_lo=0bv32, sw_hdr.nlk_hdr.valid=true, sw_hdr.recirculate_hdr.cur_head=0bv32, sw_hdr.recirculate_hdr.cur_tail=0bv32, sw_hdr.recirculate_hdr.dequeued_mode=0bv8, sw_hdr.udp.dstPort=8888bv16, sw_hdr.udp.valid=true, sw_head_register__last0_old_value=0bv32, sw_head_register__last0_value=0bv32, sw_head_register__last_index=0bv32, sw_head_register__last_old_value=0bv32, sw_head_register__last_value=0bv32, sw_head_register__last_write_site=0, sw_head_register__next_write_site=0, sw_head_register__wrote_any=false, sw_head_register__wrote_index0=false, sw_ig_intr_md.resubmit_flag=1bv1, sw_ig_md.client_id=0bv8, sw_ig_md.dequeued_mode=0bv8, sw_ig_md.do_resubmit=0bv1, sw_ig_md.empty_slots=0bv32, sw_ig_md.empty_slots_before_pop=0bv32, sw_ig_md.head=0bv32, sw_ig_md.ip_address=0bv32, sw_ig_md.left=0bv32, sw_ig_md.length_in_server=0bv32, sw_ig_md.lock_exist=0bv1, sw_ig_md.lock_id=0bv32, sw_ig_md.locked=0bv32, sw_ig_md.mode=0bv8, sw_ig_md.pkt_type=2bv8, sw_ig_md.queue_size_op=0bv32, sw_ig_md.recirc_flag=0bv8, sw_ig_md.right=0bv32, sw_ig_md.routed=0bv1, sw_ig_md.size_of_queue=0bv32, sw_ig_md.tail=0bv32, sw_ig_md.tid=0bv32, sw_ig_md.timestamp_hi=0bv32, sw_ig_md.timestamp_lo=0bv32, sw_inbox_count=0, sw_ip_array_register__last0_old_value=0bv32, sw_ip_array_register__last0_value=0bv32, sw_ip_array_register__last_index=0bv32, sw_ip_array_register__last_old_value=0bv32, sw_ip_array_register__last_value=0bv32, sw_ip_array_register__last_write_site=0, sw_ip_array_register__next_write_site=0, sw_ip_array_register__wrote_any=false, sw_ip_array_register__wrote_index0=false, sw_left_bound_register__last0_old_value=0bv32, sw_left_bound_register__last0_value=0bv32, sw_left_bound_register__last_index=0bv32, sw_left_bound_register__last_old_value=0bv32, sw_left_bound_register__last_value=0bv32, sw_left_bound_register__last_write_site=0, sw_left_bound_register__next_write_site=0, sw_left_bound_register__wrote_any=false, sw_left_bound_register__wrote_index0=false, sw_mode_array_register__last0_old_value=0bv8, sw_mode_array_register__last0_value=0bv8, sw_mode_array_register__last_index=0bv32, sw_mode_array_register__last_old_value=0bv8, sw_mode_array_register__last_value=0bv8, sw_mode_array_register__last_write_site=0, sw_mode_array_register__next_write_site=0, sw_mode_array_register__wrote_any=false, sw_mode_array_register__wrote_index0=false, sw_p4b_checksum_error=false, sw_p4b_checksum_updated=false, sw_p4b_checksum_verified=false, sw_p4b_clone_e2e=false, sw_p4b_clone_i2e=false, sw_p4b_clone_i2i=false, sw_p4b_digest=false, sw_p4b_recirculate=false, sw_pkt_external=true, sw_queue_size_op_register__last0_old_value=0bv32, sw_queue_size_op_register__last0_value=0bv32, sw_queue_size_op_register__last_index=0bv32, sw_queue_size_op_register__last_old_value=0bv32, sw_queue_size_op_register__last_value=0bv32, sw_queue_size_op_register__last_write_site=0, sw_queue_size_op_register__next_write_site=0, sw_queue_size_op_register__wrote_any=false, sw_queue_size_op_register__wrote_index0=false, sw_right_bound_register__last0_old_value=0bv32, sw_right_bound_register__last0_value=0bv32, sw_right_bound_register__last_index=0bv32, sw_right_bound_register__last_old_value=0bv32, sw_right_bound_register__last_value=0bv32, sw_right_bound_register__last_write_site=0, sw_right_bound_register__next_write_site=0, sw_right_bound_register__wrote_any=false, sw_right_bound_register__wrote_index0=false, sw_shared_and_exclusive_count_register__last0_old_value=0bv64, sw_shared_and_exclusive_count_register__last0_value=0bv64, sw_shared_and_exclusive_count_register__last_index=0bv32, sw_shared_and_exclusive_count_register__last_old_value=0bv64, sw_shared_and_exclusive_count_register__last_value=0bv64, sw_shared_and_exclusive_count_register__last_write_site=0, sw_shared_and_exclusive_count_register__next_write_site=0, sw_shared_and_exclusive_count_register__wrote_any=false, sw_shared_and_exclusive_count_register__wrote_index0=false, sw_slots_two_sides_register__last0_old_value=0bv64, sw_slots_two_sides_register__last0_value=0bv64, sw_slots_two_sides_register__last_index=0bv32, sw_slots_two_sides_register__last_old_value=0bv64, sw_slots_two_sides_register__last_value=0bv64, sw_slots_two_sides_register__last_write_site=0, sw_slots_two_sides_register__next_write_site=0, sw_slots_two_sides_register__wrote_any=false, sw_slots_two_sides_register__wrote_index0=false, sw_tail_register__last0_old_value=0bv32, sw_tail_register__last0_value=0bv32, sw_tail_register__last_index=0bv32, sw_tail_register__last_old_value=0bv32, sw_tail_register__last_value=0bv32, sw_tail_register__last_write_site=0, sw_tail_register__next_write_site=0, sw_tail_register__wrote_any=false, sw_tail_register__wrote_index0=false, sw_tid_array_register__last0_old_value=0bv32, sw_tid_array_register__last0_value=0bv32, sw_tid_array_register__last_index=0bv32, sw_tid_array_register__last_old_value=0bv32, sw_tid_array_register__last_value=0bv32, sw_tid_array_register__last_write_site=0, sw_tid_array_register__next_write_site=0, sw_tid_array_register__wrote_any=false, sw_tid_array_register__wrote_index0=false]
[L1037]  FCALL       call sw_packet_in.extract(sw_ig_intr_md);
         VAL         [client_eg_md.client_id=0bv8, client_eg_md.clone_md=0bv8, client_eg_md.ip_address=0bv32, client_eg_md.mode=0bv8, client_eg_md.tid=0bv32, client_eg_md.timestamp_hi=0bv32, client_eg_md.timestamp_lo=0bv32, client_hdr.ethernet.etherType=2048bv16, client_hdr.ethernet.valid=true, client_hdr.ipv4.dstAddr=0bv32, client_hdr.ipv4.protocol=17bv8, client_hdr.ipv4.srcAddr=0bv32, client_hdr.ipv4.valid=true, client_hdr.nlk_hdr.client_id=0bv8, client_hdr.nlk_hdr.lock=0bv32, client_hdr.nlk_hdr.mode=0bv8, client_hdr.nlk_hdr.op=0bv8, client_hdr.nlk_hdr.recirc_flag=0bv8, client_hdr.nlk_hdr.tid=0bv32, client_hdr.nlk_hdr.timestamp_hi=0bv32, client_hdr.nlk_hdr.timestamp_lo=0bv32, client_hdr.nlk_hdr.valid=true, client_hdr.recirculate_hdr.cur_head=0bv32, client_hdr.recirculate_hdr.cur_tail=0bv32, client_hdr.recirculate_hdr.dequeued_mode=0bv8, client_hdr.udp.dstPort=8888bv16, client_hdr.udp.valid=true, client_ig_intr_md.resubmit_flag=1bv1, client_ig_md.client_id=0bv8, client_ig_md.dequeued_mode=0bv8, client_ig_md.do_resubmit=0bv1, client_ig_md.empty_slots=0bv32, client_ig_md.empty_slots_before_pop=0bv32, client_ig_md.head=0bv32, client_ig_md.ip_address=0bv32, client_ig_md.left=0bv32, client_ig_md.length_in_server=0bv32, client_ig_md.lock_exist=0bv1, client_ig_md.lock_id=0bv32, client_ig_md.locked=0bv32, client_ig_md.mode=0bv8, client_ig_md.pkt_type=2bv8, client_ig_md.queue_size_op=0bv32, client_ig_md.recirc_flag=0bv8, client_ig_md.right=0bv32, client_ig_md.routed=0bv1, client_ig_md.size_of_queue=0bv32, client_ig_md.tail=0bv32, client_ig_md.tid=0bv32, client_ig_md.timestamp_hi=0bv32, client_ig_md.timestamp_lo=0bv32, client_inbox_count=0, client_pkt_external=false, procurator_phase=2, procurator_step=2, sw_client_id_array_register__last0_old_value=0bv8, sw_client_id_array_register__last0_value=0bv8, sw_client_id_array_register__last_index=0bv32, sw_client_id_array_register__last_old_value=0bv8, sw_client_id_array_register__last_value=0bv8, sw_client_id_array_register__last_write_site=0, sw_client_id_array_register__next_write_site=0, sw_client_id_array_register__wrote_any=false, sw_client_id_array_register__wrote_index0=false, sw_eg_md.client_id=0bv8, sw_eg_md.clone_md=0bv8, sw_eg_md.ip_address=0bv32, sw_eg_md.mode=0bv8, sw_eg_md.tid=0bv32, sw_eg_md.timestamp_hi=0bv32, sw_eg_md.timestamp_lo=0bv32, sw_hdr.ethernet.etherType=2048bv16, sw_hdr.ethernet.valid=true, sw_hdr.ipv4.dstAddr=0bv32, sw_hdr.ipv4.protocol=17bv8, sw_hdr.ipv4.srcAddr=0bv32, sw_hdr.ipv4.valid=true, sw_hdr.nlk_hdr.client_id=0bv8, sw_hdr.nlk_hdr.lock=0bv32, sw_hdr.nlk_hdr.mode=0bv8, sw_hdr.nlk_hdr.op=0bv8, sw_hdr.nlk_hdr.recirc_flag=0bv8, sw_hdr.nlk_hdr.tid=0bv32, sw_hdr.nlk_hdr.timestamp_hi=0bv32, sw_hdr.nlk_hdr.timestamp_lo=0bv32, sw_hdr.nlk_hdr.valid=true, sw_hdr.recirculate_hdr.cur_head=0bv32, sw_hdr.recirculate_hdr.cur_tail=0bv32, sw_hdr.recirculate_hdr.dequeued_mode=0bv8, sw_hdr.udp.dstPort=8888bv16, sw_hdr.udp.valid=true, sw_head_register__last0_old_value=0bv32, sw_head_register__last0_value=0bv32, sw_head_register__last_index=0bv32, sw_head_register__last_old_value=0bv32, sw_head_register__last_value=0bv32, sw_head_register__last_write_site=0, sw_head_register__next_write_site=0, sw_head_register__wrote_any=false, sw_head_register__wrote_index0=false, sw_ig_intr_md.resubmit_flag=1bv1, sw_ig_md.client_id=0bv8, sw_ig_md.dequeued_mode=0bv8, sw_ig_md.do_resubmit=0bv1, sw_ig_md.empty_slots=0bv32, sw_ig_md.empty_slots_before_pop=0bv32, sw_ig_md.head=0bv32, sw_ig_md.ip_address=0bv32, sw_ig_md.left=0bv32, sw_ig_md.length_in_server=0bv32, sw_ig_md.lock_exist=0bv1, sw_ig_md.lock_id=0bv32, sw_ig_md.locked=0bv32, sw_ig_md.mode=0bv8, sw_ig_md.pkt_type=2bv8, sw_ig_md.queue_size_op=0bv32, sw_ig_md.recirc_flag=0bv8, sw_ig_md.right=0bv32, sw_ig_md.routed=0bv1, sw_ig_md.size_of_queue=0bv32, sw_ig_md.tail=0bv32, sw_ig_md.tid=0bv32, sw_ig_md.timestamp_hi=0bv32, sw_ig_md.timestamp_lo=0bv32, sw_inbox_count=0, sw_ip_array_register__last0_old_value=0bv32, sw_ip_array_register__last0_value=0bv32, sw_ip_array_register__last_index=0bv32, sw_ip_array_register__last_old_value=0bv32, sw_ip_array_register__last_value=0bv32, sw_ip_array_register__last_write_site=0, sw_ip_array_register__next_write_site=0, sw_ip_array_register__wrote_any=false, sw_ip_array_register__wrote_index0=false, sw_left_bound_register__last0_old_value=0bv32, sw_left_bound_register__last0_value=0bv32, sw_left_bound_register__last_index=0bv32, sw_left_bound_register__last_old_value=0bv32, sw_left_bound_register__last_value=0bv32, sw_left_bound_register__last_write_site=0, sw_left_bound_register__next_write_site=0, sw_left_bound_register__wrote_any=false, sw_left_bound_register__wrote_index0=false, sw_mode_array_register__last0_old_value=0bv8, sw_mode_array_register__last0_value=0bv8, sw_mode_array_register__last_index=0bv32, sw_mode_array_register__last_old_value=0bv8, sw_mode_array_register__last_value=0bv8, sw_mode_array_register__last_write_site=0, sw_mode_array_register__next_write_site=0, sw_mode_array_register__wrote_any=false, sw_mode_array_register__wrote_index0=false, sw_p4b_checksum_error=false, sw_p4b_checksum_updated=false, sw_p4b_checksum_verified=false, sw_p4b_clone_e2e=false, sw_p4b_clone_i2e=false, sw_p4b_clone_i2i=false, sw_p4b_digest=false, sw_p4b_recirculate=false, sw_pkt_external=true, sw_queue_size_op_register__last0_old_value=0bv32, sw_queue_size_op_register__last0_value=0bv32, sw_queue_size_op_register__last_index=0bv32, sw_queue_size_op_register__last_old_value=0bv32, sw_queue_size_op_register__last_value=0bv32, sw_queue_size_op_register__last_write_site=0, sw_queue_size_op_register__next_write_site=0, sw_queue_size_op_register__wrote_any=false, sw_queue_size_op_register__wrote_index0=false, sw_right_bound_register__last0_old_value=0bv32, sw_right_bound_register__last0_value=0bv32, sw_right_bound_register__last_index=0bv32, sw_right_bound_register__last_old_value=0bv32, sw_right_bound_register__last_value=0bv32, sw_right_bound_register__last_write_site=0, sw_right_bound_register__next_write_site=0, sw_right_bound_register__wrote_any=false, sw_right_bound_register__wrote_index0=false, sw_shared_and_exclusive_count_register__last0_old_value=0bv64, sw_shared_and_exclusive_count_register__last0_value=0bv64, sw_shared_and_exclusive_count_register__last_index=0bv32, sw_shared_and_exclusive_count_register__last_old_value=0bv64, sw_shared_and_exclusive_count_register__last_value=0bv64, sw_shared_and_exclusive_count_register__last_write_site=0, sw_shared_and_exclusive_count_register__next_write_site=0, sw_shared_and_exclusive_count_register__wrote_any=false, sw_shared_and_exclusive_count_register__wrote_index0=false, sw_slots_two_sides_register__last0_old_value=0bv64, sw_slots_two_sides_register__last0_value=0bv64, sw_slots_two_sides_register__last_index=0bv32, sw_slots_two_sides_register__last_old_value=0bv64, sw_slots_two_sides_register__last_value=0bv64, sw_slots_two_sides_register__last_write_site=0, sw_slots_two_sides_register__next_write_site=0, sw_slots_two_sides_register__wrote_any=false, sw_slots_two_sides_register__wrote_index0=false, sw_tail_register__last0_old_value=0bv32, sw_tail_register__last0_value=0bv32, sw_tail_register__last_index=0bv32, sw_tail_register__last_old_value=0bv32, sw_tail_register__last_value=0bv32, sw_tail_register__last_write_site=0, sw_tail_register__next_write_site=0, sw_tail_register__wrote_any=false, sw_tail_register__wrote_index0=false, sw_tid_array_register__last0_old_value=0bv32, sw_tid_array_register__last0_value=0bv32, sw_tid_array_register__last_index=0bv32, sw_tid_array_register__last_old_value=0bv32, sw_tid_array_register__last_value=0bv32, sw_tid_array_register__last_write_site=0, sw_tid_array_register__next_write_site=0, sw_tid_array_register__wrote_any=false, sw_tid_array_register__wrote_index0=false]
[L1041]              assume sw_ig_intr_md.resubmit_flag == 1bv1;
         VAL         [client_eg_md.client_id=0bv8, client_eg_md.clone_md=0bv8, client_eg_md.ip_address=0bv32, client_eg_md.mode=0bv8, client_eg_md.tid=0bv32, client_eg_md.timestamp_hi=0bv32, client_eg_md.timestamp_lo=0bv32, client_hdr.ethernet.etherType=2048bv16, client_hdr.ethernet.valid=true, client_hdr.ipv4.dstAddr=0bv32, client_hdr.ipv4.protocol=17bv8, client_hdr.ipv4.srcAddr=0bv32, client_hdr.ipv4.valid=true, client_hdr.nlk_hdr.client_id=0bv8, client_hdr.nlk_hdr.lock=0bv32, client_hdr.nlk_hdr.mode=0bv8, client_hdr.nlk_hdr.op=0bv8, client_hdr.nlk_hdr.recirc_flag=0bv8, client_hdr.nlk_hdr.tid=0bv32, client_hdr.nlk_hdr.timestamp_hi=0bv32, client_hdr.nlk_hdr.timestamp_lo=0bv32, client_hdr.nlk_hdr.valid=true, client_hdr.recirculate_hdr.cur_head=0bv32, client_hdr.recirculate_hdr.cur_tail=0bv32, client_hdr.recirculate_hdr.dequeued_mode=0bv8, client_hdr.udp.dstPort=8888bv16, client_hdr.udp.valid=true, client_ig_intr_md.resubmit_flag=1bv1, client_ig_md.client_id=0bv8, client_ig_md.dequeued_mode=0bv8, client_ig_md.do_resubmit=0bv1, client_ig_md.empty_slots=0bv32, client_ig_md.empty_slots_before_pop=0bv32, client_ig_md.head=0bv32, client_ig_md.ip_address=0bv32, client_ig_md.left=0bv32, client_ig_md.length_in_server=0bv32, client_ig_md.lock_exist=0bv1, client_ig_md.lock_id=0bv32, client_ig_md.locked=0bv32, client_ig_md.mode=0bv8, client_ig_md.pkt_type=2bv8, client_ig_md.queue_size_op=0bv32, client_ig_md.recirc_flag=0bv8, client_ig_md.right=0bv32, client_ig_md.routed=0bv1, client_ig_md.size_of_queue=0bv32, client_ig_md.tail=0bv32, client_ig_md.tid=0bv32, client_ig_md.timestamp_hi=0bv32, client_ig_md.timestamp_lo=0bv32, client_inbox_count=0, client_pkt_external=false, procurator_phase=2, procurator_step=2, sw_client_id_array_register__last0_old_value=0bv8, sw_client_id_array_register__last0_value=0bv8, sw_client_id_array_register__last_index=0bv32, sw_client_id_array_register__last_old_value=0bv8, sw_client_id_array_register__last_value=0bv8, sw_client_id_array_register__last_write_site=0, sw_client_id_array_register__next_write_site=0, sw_client_id_array_register__wrote_any=false, sw_client_id_array_register__wrote_index0=false, sw_eg_md.client_id=0bv8, sw_eg_md.clone_md=0bv8, sw_eg_md.ip_address=0bv32, sw_eg_md.mode=0bv8, sw_eg_md.tid=0bv32, sw_eg_md.timestamp_hi=0bv32, sw_eg_md.timestamp_lo=0bv32, sw_hdr.ethernet.etherType=2048bv16, sw_hdr.ethernet.valid=true, sw_hdr.ipv4.dstAddr=0bv32, sw_hdr.ipv4.protocol=17bv8, sw_hdr.ipv4.srcAddr=0bv32, sw_hdr.ipv4.valid=true, sw_hdr.nlk_hdr.client_id=0bv8, sw_hdr.nlk_hdr.lock=0bv32, sw_hdr.nlk_hdr.mode=0bv8, sw_hdr.nlk_hdr.op=0bv8, sw_hdr.nlk_hdr.recirc_flag=0bv8, sw_hdr.nlk_hdr.tid=0bv32, sw_hdr.nlk_hdr.timestamp_hi=0bv32, sw_hdr.nlk_hdr.timestamp_lo=0bv32, sw_hdr.nlk_hdr.valid=true, sw_hdr.recirculate_hdr.cur_head=0bv32, sw_hdr.recirculate_hdr.cur_tail=0bv32, sw_hdr.recirculate_hdr.dequeued_mode=0bv8, sw_hdr.udp.dstPort=8888bv16, sw_hdr.udp.valid=true, sw_head_register__last0_old_value=0bv32, sw_head_register__last0_value=0bv32, sw_head_register__last_index=0bv32, sw_head_register__last_old_value=0bv32, sw_head_register__last_value=0bv32, sw_head_register__last_write_site=0, sw_head_register__next_write_site=0, sw_head_register__wrote_any=false, sw_head_register__wrote_index0=false, sw_ig_intr_md.resubmit_flag=1bv1, sw_ig_md.client_id=0bv8, sw_ig_md.dequeued_mode=0bv8, sw_ig_md.do_resubmit=0bv1, sw_ig_md.empty_slots=0bv32, sw_ig_md.empty_slots_before_pop=0bv32, sw_ig_md.head=0bv32, sw_ig_md.ip_address=0bv32, sw_ig_md.left=0bv32, sw_ig_md.length_in_server=0bv32, sw_ig_md.lock_exist=0bv1, sw_ig_md.lock_id=0bv32, sw_ig_md.locked=0bv32, sw_ig_md.mode=0bv8, sw_ig_md.pkt_type=2bv8, sw_ig_md.queue_size_op=0bv32, sw_ig_md.recirc_flag=0bv8, sw_ig_md.right=0bv32, sw_ig_md.routed=0bv1, sw_ig_md.size_of_queue=0bv32, sw_ig_md.tail=0bv32, sw_ig_md.tid=0bv32, sw_ig_md.timestamp_hi=0bv32, sw_ig_md.timestamp_lo=0bv32, sw_inbox_count=0, sw_ip_array_register__last0_old_value=0bv32, sw_ip_array_register__last0_value=0bv32, sw_ip_array_register__last_index=0bv32, sw_ip_array_register__last_old_value=0bv32, sw_ip_array_register__last_value=0bv32, sw_ip_array_register__last_write_site=0, sw_ip_array_register__next_write_site=0, sw_ip_array_register__wrote_any=false, sw_ip_array_register__wrote_index0=false, sw_left_bound_register__last0_old_value=0bv32, sw_left_bound_register__last0_value=0bv32, sw_left_bound_register__last_index=0bv32, sw_left_bound_register__last_old_value=0bv32, sw_left_bound_register__last_value=0bv32, sw_left_bound_register__last_write_site=0, sw_left_bound_register__next_write_site=0, sw_left_bound_register__wrote_any=false, sw_left_bound_register__wrote_index0=false, sw_mode_array_register__last0_old_value=0bv8, sw_mode_array_register__last0_value=0bv8, sw_mode_array_register__last_index=0bv32, sw_mode_array_register__last_old_value=0bv8, sw_mode_array_register__last_value=0bv8, sw_mode_array_register__last_write_site=0, sw_mode_array_register__next_write_site=0, sw_mode_array_register__wrote_any=false, sw_mode_array_register__wrote_index0=false, sw_p4b_checksum_error=false, sw_p4b_checksum_updated=false, sw_p4b_checksum_verified=false, sw_p4b_clone_e2e=false, sw_p4b_clone_i2e=false, sw_p4b_clone_i2i=false, sw_p4b_digest=false, sw_p4b_recirculate=false, sw_pkt_external=true, sw_queue_size_op_register__last0_old_value=0bv32, sw_queue_size_op_register__last0_value=0bv32, sw_queue_size_op_register__last_index=0bv32, sw_queue_size_op_register__last_old_value=0bv32, sw_queue_size_op_register__last_value=0bv32, sw_queue_size_op_register__last_write_site=0, sw_queue_size_op_register__next_write_site=0, sw_queue_size_op_register__wrote_any=false, sw_queue_size_op_register__wrote_index0=false, sw_right_bound_register__last0_old_value=0bv32, sw_right_bound_register__last0_value=0bv32, sw_right_bound_register__last_index=0bv32, sw_right_bound_register__last_old_value=0bv32, sw_right_bound_register__last_value=0bv32, sw_right_bound_register__last_write_site=0, sw_right_bound_register__next_write_site=0, sw_right_bound_register__wrote_any=false, sw_right_bound_register__wrote_index0=false, sw_shared_and_exclusive_count_register__last0_old_value=0bv64, sw_shared_and_exclusive_count_register__last0_value=0bv64, sw_shared_and_exclusive_count_register__last_index=0bv32, sw_shared_and_exclusive_count_register__last_old_value=0bv64, sw_shared_and_exclusive_count_register__last_value=0bv64, sw_shared_and_exclusive_count_register__last_write_site=0, sw_shared_and_exclusive_count_register__next_write_site=0, sw_shared_and_exclusive_count_register__wrote_any=false, sw_shared_and_exclusive_count_register__wrote_index0=false, sw_slots_two_sides_register__last0_old_value=0bv64, sw_slots_two_sides_register__last0_value=0bv64, sw_slots_two_sides_register__last_index=0bv32, sw_slots_two_sides_register__last_old_value=0bv64, sw_slots_two_sides_register__last_value=0bv64, sw_slots_two_sides_register__last_write_site=0, sw_slots_two_sides_register__next_write_site=0, sw_slots_two_sides_register__wrote_any=false, sw_slots_two_sides_register__wrote_index0=false, sw_tail_register__last0_old_value=0bv32, sw_tail_register__last0_value=0bv32, sw_tail_register__last_index=0bv32, sw_tail_register__last_old_value=0bv32, sw_tail_register__last_value=0bv32, sw_tail_register__last_write_site=0, sw_tail_register__next_write_site=0, sw_tail_register__wrote_any=false, sw_tail_register__wrote_index0=false, sw_tid_array_register__last0_old_value=0bv32, sw_tid_array_register__last0_value=0bv32, sw_tid_array_register__last_index=0bv32, sw_tid_array_register__last_old_value=0bv32, sw_tid_array_register__last_value=0bv32, sw_tid_array_register__last_write_site=0, sw_tid_array_register__next_write_site=0, sw_tid_array_register__wrote_any=false, sw_tid_array_register__wrote_index0=false]
[L1152]  FCALL       call sw_reject();
         VAL         [client_eg_md.client_id=0bv8, client_eg_md.clone_md=0bv8, client_eg_md.ip_address=0bv32, client_eg_md.mode=0bv8, client_eg_md.tid=0bv32, client_eg_md.timestamp_hi=0bv32, client_eg_md.timestamp_lo=0bv32, client_hdr.ethernet.etherType=2048bv16, client_hdr.ethernet.valid=true, client_hdr.ipv4.dstAddr=0bv32, client_hdr.ipv4.protocol=17bv8, client_hdr.ipv4.srcAddr=0bv32, client_hdr.ipv4.valid=true, client_hdr.nlk_hdr.client_id=0bv8, client_hdr.nlk_hdr.lock=0bv32, client_hdr.nlk_hdr.mode=0bv8, client_hdr.nlk_hdr.op=0bv8, client_hdr.nlk_hdr.recirc_flag=0bv8, client_hdr.nlk_hdr.tid=0bv32, client_hdr.nlk_hdr.timestamp_hi=0bv32, client_hdr.nlk_hdr.timestamp_lo=0bv32, client_hdr.nlk_hdr.valid=true, client_hdr.recirculate_hdr.cur_head=0bv32, client_hdr.recirculate_hdr.cur_tail=0bv32, client_hdr.recirculate_hdr.dequeued_mode=0bv8, client_hdr.udp.dstPort=8888bv16, client_hdr.udp.valid=true, client_ig_intr_md.resubmit_flag=1bv1, client_ig_md.client_id=0bv8, client_ig_md.dequeued_mode=0bv8, client_ig_md.do_resubmit=0bv1, client_ig_md.empty_slots=0bv32, client_ig_md.empty_slots_before_pop=0bv32, client_ig_md.head=0bv32, client_ig_md.ip_address=0bv32, client_ig_md.left=0bv32, client_ig_md.length_in_server=0bv32, client_ig_md.lock_exist=0bv1, client_ig_md.lock_id=0bv32, client_ig_md.locked=0bv32, client_ig_md.mode=0bv8, client_ig_md.pkt_type=2bv8, client_ig_md.queue_size_op=0bv32, client_ig_md.recirc_flag=0bv8, client_ig_md.right=0bv32, client_ig_md.routed=0bv1, client_ig_md.size_of_queue=0bv32, client_ig_md.tail=0bv32, client_ig_md.tid=0bv32, client_ig_md.timestamp_hi=0bv32, client_ig_md.timestamp_lo=0bv32, client_inbox_count=0, client_pkt_external=false, procurator_phase=2, procurator_step=2, sw_client_id_array_register__last0_old_value=0bv8, sw_client_id_array_register__last0_value=0bv8, sw_client_id_array_register__last_index=0bv32, sw_client_id_array_register__last_old_value=0bv8, sw_client_id_array_register__last_value=0bv8, sw_client_id_array_register__last_write_site=0, sw_client_id_array_register__next_write_site=0, sw_client_id_array_register__wrote_any=false, sw_client_id_array_register__wrote_index0=false, sw_drop=true, sw_eg_md.client_id=0bv8, sw_eg_md.clone_md=0bv8, sw_eg_md.ip_address=0bv32, sw_eg_md.mode=0bv8, sw_eg_md.tid=0bv32, sw_eg_md.timestamp_hi=0bv32, sw_eg_md.timestamp_lo=0bv32, sw_hdr.ethernet.etherType=2048bv16, sw_hdr.ethernet.valid=true, sw_hdr.ipv4.dstAddr=0bv32, sw_hdr.ipv4.protocol=17bv8, sw_hdr.ipv4.srcAddr=0bv32, sw_hdr.ipv4.valid=true, sw_hdr.nlk_hdr.client_id=0bv8, sw_hdr.nlk_hdr.lock=0bv32, sw_hdr.nlk_hdr.mode=0bv8, sw_hdr.nlk_hdr.op=0bv8, sw_hdr.nlk_hdr.recirc_flag=0bv8, sw_hdr.nlk_hdr.tid=0bv32, sw_hdr.nlk_hdr.timestamp_hi=0bv32, sw_hdr.nlk_hdr.timestamp_lo=0bv32, sw_hdr.nlk_hdr.valid=true, sw_hdr.recirculate_hdr.cur_head=0bv32, sw_hdr.recirculate_hdr.cur_tail=0bv32, sw_hdr.recirculate_hdr.dequeued_mode=0bv8, sw_hdr.udp.dstPort=8888bv16, sw_hdr.udp.valid=true, sw_head_register__last0_old_value=0bv32, sw_head_register__last0_value=0bv32, sw_head_register__last_index=0bv32, sw_head_register__last_old_value=0bv32, sw_head_register__last_value=0bv32, sw_head_register__last_write_site=0, sw_head_register__next_write_site=0, sw_head_register__wrote_any=false, sw_head_register__wrote_index0=false, sw_ig_intr_md.resubmit_flag=1bv1, sw_ig_md.client_id=0bv8, sw_ig_md.dequeued_mode=0bv8, sw_ig_md.do_resubmit=0bv1, sw_ig_md.empty_slots=0bv32, sw_ig_md.empty_slots_before_pop=0bv32, sw_ig_md.head=0bv32, sw_ig_md.ip_address=0bv32, sw_ig_md.left=0bv32, sw_ig_md.length_in_server=0bv32, sw_ig_md.lock_exist=0bv1, sw_ig_md.lock_id=0bv32, sw_ig_md.locked=0bv32, sw_ig_md.mode=0bv8, sw_ig_md.pkt_type=2bv8, sw_ig_md.queue_size_op=0bv32, sw_ig_md.recirc_flag=0bv8, sw_ig_md.right=0bv32, sw_ig_md.routed=0bv1, sw_ig_md.size_of_queue=0bv32, sw_ig_md.tail=0bv32, sw_ig_md.tid=0bv32, sw_ig_md.timestamp_hi=0bv32, sw_ig_md.timestamp_lo=0bv32, sw_inbox_count=0, sw_ip_array_register__last0_old_value=0bv32, sw_ip_array_register__last0_value=0bv32, sw_ip_array_register__last_index=0bv32, sw_ip_array_register__last_old_value=0bv32, sw_ip_array_register__last_value=0bv32, sw_ip_array_register__last_write_site=0, sw_ip_array_register__next_write_site=0, sw_ip_array_register__wrote_any=false, sw_ip_array_register__wrote_index0=false, sw_left_bound_register__last0_old_value=0bv32, sw_left_bound_register__last0_value=0bv32, sw_left_bound_register__last_index=0bv32, sw_left_bound_register__last_old_value=0bv32, sw_left_bound_register__last_value=0bv32, sw_left_bound_register__last_write_site=0, sw_left_bound_register__next_write_site=0, sw_left_bound_register__wrote_any=false, sw_left_bound_register__wrote_index0=false, sw_mode_array_register__last0_old_value=0bv8, sw_mode_array_register__last0_value=0bv8, sw_mode_array_register__last_index=0bv32, sw_mode_array_register__last_old_value=0bv8, sw_mode_array_register__last_value=0bv8, sw_mode_array_register__last_write_site=0, sw_mode_array_register__next_write_site=0, sw_mode_array_register__wrote_any=false, sw_mode_array_register__wrote_index0=false, sw_p4b_checksum_error=false, sw_p4b_checksum_updated=false, sw_p4b_checksum_verified=false, sw_p4b_clone_e2e=false, sw_p4b_clone_i2e=false, sw_p4b_clone_i2i=false, sw_p4b_digest=false, sw_p4b_recirculate=false, sw_pkt_external=true, sw_queue_size_op_register__last0_old_value=0bv32, sw_queue_size_op_register__last0_value=0bv32, sw_queue_size_op_register__last_index=0bv32, sw_queue_size_op_register__last_old_value=0bv32, sw_queue_size_op_register__last_value=0bv32, sw_queue_size_op_register__last_write_site=0, sw_queue_size_op_register__next_write_site=0, sw_queue_size_op_register__wrote_any=false, sw_queue_size_op_register__wrote_index0=false, sw_right_bound_register__last0_old_value=0bv32, sw_right_bound_register__last0_value=0bv32, sw_right_bound_register__last_index=0bv32, sw_right_bound_register__last_old_value=0bv32, sw_right_bound_register__last_value=0bv32, sw_right_bound_register__last_write_site=0, sw_right_bound_register__next_write_site=0, sw_right_bound_register__wrote_any=false, sw_right_bound_register__wrote_index0=false, sw_shared_and_exclusive_count_register__last0_old_value=0bv64, sw_shared_and_exclusive_count_register__last0_value=0bv64, sw_shared_and_exclusive_count_register__last_index=0bv32, sw_shared_and_exclusive_count_register__last_old_value=0bv64, sw_shared_and_exclusive_count_register__last_value=0bv64, sw_shared_and_exclusive_count_register__last_write_site=0, sw_shared_and_exclusive_count_register__next_write_site=0, sw_shared_and_exclusive_count_register__wrote_any=false, sw_shared_and_exclusive_count_register__wrote_index0=false, sw_slots_two_sides_register__last0_old_value=0bv64, sw_slots_two_sides_register__last0_value=0bv64, sw_slots_two_sides_register__last_index=0bv32, sw_slots_two_sides_register__last_old_value=0bv64, sw_slots_two_sides_register__last_value=0bv64, sw_slots_two_sides_register__last_write_site=0, sw_slots_two_sides_register__next_write_site=0, sw_slots_two_sides_register__wrote_any=false, sw_slots_two_sides_register__wrote_index0=false, sw_tail_register__last0_old_value=0bv32, sw_tail_register__last0_value=0bv32, sw_tail_register__last_index=0bv32, sw_tail_register__last_old_value=0bv32, sw_tail_register__last_value=0bv32, sw_tail_register__last_write_site=0, sw_tail_register__next_write_site=0, sw_tail_register__wrote_any=false, sw_tail_register__wrote_index0=false, sw_tid_array_register__last0_old_value=0bv32, sw_tid_array_register__last0_value=0bv32, sw_tid_array_register__last_index=0bv32, sw_tid_array_register__last_old_value=0bv32, sw_tid_array_register__last_value=0bv32, sw_tid_array_register__last_write_site=0, sw_tid_array_register__next_write_site=0, sw_tid_array_register__wrote_any=false, sw_tid_array_register__wrote_index0=false]
[L2419]  RET         call sw_SwitchIngressParser();
[L2420]  CALL        call sw_SwitchIngress();
[L918]   COND FALSE  !(sw_isValid[sw_hdr.nlk_hdr] && sw_hdr.udp.dstPort == 4321bv16)
         VAL         [client_eg_md.client_id=0bv8, client_eg_md.clone_md=0bv8, client_eg_md.ip_address=0bv32, client_eg_md.mode=0bv8, client_eg_md.tid=0bv32, client_eg_md.timestamp_hi=0bv32, client_eg_md.timestamp_lo=0bv32, client_hdr.ethernet.etherType=2048bv16, client_hdr.ethernet.valid=true, client_hdr.ipv4.dstAddr=0bv32, client_hdr.ipv4.protocol=17bv8, client_hdr.ipv4.srcAddr=0bv32, client_hdr.ipv4.valid=true, client_hdr.nlk_hdr.client_id=0bv8, client_hdr.nlk_hdr.lock=0bv32, client_hdr.nlk_hdr.mode=0bv8, client_hdr.nlk_hdr.op=0bv8, client_hdr.nlk_hdr.recirc_flag=0bv8, client_hdr.nlk_hdr.tid=0bv32, client_hdr.nlk_hdr.timestamp_hi=0bv32, client_hdr.nlk_hdr.timestamp_lo=0bv32, client_hdr.nlk_hdr.valid=true, client_hdr.recirculate_hdr.cur_head=0bv32, client_hdr.recirculate_hdr.cur_tail=0bv32, client_hdr.recirculate_hdr.dequeued_mode=0bv8, client_hdr.udp.dstPort=8888bv16, client_hdr.udp.valid=true, client_ig_intr_md.resubmit_flag=1bv1, client_ig_md.client_id=0bv8, client_ig_md.dequeued_mode=0bv8, client_ig_md.do_resubmit=0bv1, client_ig_md.empty_slots=0bv32, client_ig_md.empty_slots_before_pop=0bv32, client_ig_md.head=0bv32, client_ig_md.ip_address=0bv32, client_ig_md.left=0bv32, client_ig_md.length_in_server=0bv32, client_ig_md.lock_exist=0bv1, client_ig_md.lock_id=0bv32, client_ig_md.locked=0bv32, client_ig_md.mode=0bv8, client_ig_md.pkt_type=2bv8, client_ig_md.queue_size_op=0bv32, client_ig_md.recirc_flag=0bv8, client_ig_md.right=0bv32, client_ig_md.routed=0bv1, client_ig_md.size_of_queue=0bv32, client_ig_md.tail=0bv32, client_ig_md.tid=0bv32, client_ig_md.timestamp_hi=0bv32, client_ig_md.timestamp_lo=0bv32, client_inbox_count=0, client_pkt_external=false, procurator_phase=2, procurator_step=2, sw_client_id_array_register__last0_old_value=0bv8, sw_client_id_array_register__last0_value=0bv8, sw_client_id_array_register__last_index=0bv32, sw_client_id_array_register__last_old_value=0bv8, sw_client_id_array_register__last_value=0bv8, sw_client_id_array_register__last_write_site=0, sw_client_id_array_register__next_write_site=0, sw_client_id_array_register__wrote_any=false, sw_client_id_array_register__wrote_index0=false, sw_drop=true, sw_eg_md.client_id=0bv8, sw_eg_md.clone_md=0bv8, sw_eg_md.ip_address=0bv32, sw_eg_md.mode=0bv8, sw_eg_md.tid=0bv32, sw_eg_md.timestamp_hi=0bv32, sw_eg_md.timestamp_lo=0bv32, sw_hdr.ethernet.etherType=2048bv16, sw_hdr.ethernet.valid=true, sw_hdr.ipv4.dstAddr=0bv32, sw_hdr.ipv4.protocol=17bv8, sw_hdr.ipv4.srcAddr=0bv32, sw_hdr.ipv4.valid=true, sw_hdr.nlk_hdr.client_id=0bv8, sw_hdr.nlk_hdr.lock=0bv32, sw_hdr.nlk_hdr.mode=0bv8, sw_hdr.nlk_hdr.op=0bv8, sw_hdr.nlk_hdr.recirc_flag=0bv8, sw_hdr.nlk_hdr.tid=0bv32, sw_hdr.nlk_hdr.timestamp_hi=0bv32, sw_hdr.nlk_hdr.timestamp_lo=0bv32, sw_hdr.nlk_hdr.valid=true, sw_hdr.recirculate_hdr.cur_head=0bv32, sw_hdr.recirculate_hdr.cur_tail=0bv32, sw_hdr.recirculate_hdr.dequeued_mode=0bv8, sw_hdr.udp.dstPort=8888bv16, sw_hdr.udp.valid=true, sw_head_register__last0_old_value=0bv32, sw_head_register__last0_value=0bv32, sw_head_register__last_index=0bv32, sw_head_register__last_old_value=0bv32, sw_head_register__last_value=0bv32, sw_head_register__last_write_site=0, sw_head_register__next_write_site=0, sw_head_register__wrote_any=false, sw_head_register__wrote_index0=false, sw_ig_intr_md.resubmit_flag=1bv1, sw_ig_md.client_id=0bv8, sw_ig_md.dequeued_mode=0bv8, sw_ig_md.do_resubmit=0bv1, sw_ig_md.empty_slots=0bv32, sw_ig_md.empty_slots_before_pop=0bv32, sw_ig_md.head=0bv32, sw_ig_md.ip_address=0bv32, sw_ig_md.left=0bv32, sw_ig_md.length_in_server=0bv32, sw_ig_md.lock_exist=0bv1, sw_ig_md.lock_id=0bv32, sw_ig_md.locked=0bv32, sw_ig_md.mode=0bv8, sw_ig_md.pkt_type=2bv8, sw_ig_md.queue_size_op=0bv32, sw_ig_md.recirc_flag=0bv8, sw_ig_md.right=0bv32, sw_ig_md.routed=0bv1, sw_ig_md.size_of_queue=0bv32, sw_ig_md.tail=0bv32, sw_ig_md.tid=0bv32, sw_ig_md.timestamp_hi=0bv32, sw_ig_md.timestamp_lo=0bv32, sw_inbox_count=0, sw_ip_array_register__last0_old_value=0bv32, sw_ip_array_register__last0_value=0bv32, sw_ip_array_register__last_index=0bv32, sw_ip_array_register__last_old_value=0bv32, sw_ip_array_register__last_value=0bv32, sw_ip_array_register__last_write_site=0, sw_ip_array_register__next_write_site=0, sw_ip_array_register__wrote_any=false, sw_ip_array_register__wrote_index0=false, sw_left_bound_register__last0_old_value=0bv32, sw_left_bound_register__last0_value=0bv32, sw_left_bound_register__last_index=0bv32, sw_left_bound_register__last_old_value=0bv32, sw_left_bound_register__last_value=0bv32, sw_left_bound_register__last_write_site=0, sw_left_bound_register__next_write_site=0, sw_left_bound_register__wrote_any=false, sw_left_bound_register__wrote_index0=false, sw_mode_array_register__last0_old_value=0bv8, sw_mode_array_register__last0_value=0bv8, sw_mode_array_register__last_index=0bv32, sw_mode_array_register__last_old_value=0bv8, sw_mode_array_register__last_value=0bv8, sw_mode_array_register__last_write_site=0, sw_mode_array_register__next_write_site=0, sw_mode_array_register__wrote_any=false, sw_mode_array_register__wrote_index0=false, sw_p4b_checksum_error=false, sw_p4b_checksum_updated=false, sw_p4b_checksum_verified=false, sw_p4b_clone_e2e=false, sw_p4b_clone_i2e=false, sw_p4b_clone_i2i=false, sw_p4b_digest=false, sw_p4b_recirculate=false, sw_pkt_external=true, sw_queue_size_op_register__last0_old_value=0bv32, sw_queue_size_op_register__last0_value=0bv32, sw_queue_size_op_register__last_index=0bv32, sw_queue_size_op_register__last_old_value=0bv32, sw_queue_size_op_register__last_value=0bv32, sw_queue_size_op_register__last_write_site=0, sw_queue_size_op_register__next_write_site=0, sw_queue_size_op_register__wrote_any=false, sw_queue_size_op_register__wrote_index0=false, sw_right_bound_register__last0_old_value=0bv32, sw_right_bound_register__last0_value=0bv32, sw_right_bound_register__last_index=0bv32, sw_right_bound_register__last_old_value=0bv32, sw_right_bound_register__last_value=0bv32, sw_right_bound_register__last_write_site=0, sw_right_bound_register__next_write_site=0, sw_right_bound_register__wrote_any=false, sw_right_bound_register__wrote_index0=false, sw_shared_and_exclusive_count_register__last0_old_value=0bv64, sw_shared_and_exclusive_count_register__last0_value=0bv64, sw_shared_and_exclusive_count_register__last_index=0bv32, sw_shared_and_exclusive_count_register__last_old_value=0bv64, sw_shared_and_exclusive_count_register__last_value=0bv64, sw_shared_and_exclusive_count_register__last_write_site=0, sw_shared_and_exclusive_count_register__next_write_site=0, sw_shared_and_exclusive_count_register__wrote_any=false, sw_shared_and_exclusive_count_register__wrote_index0=false, sw_slots_two_sides_register__last0_old_value=0bv64, sw_slots_two_sides_register__last0_value=0bv64, sw_slots_two_sides_register__last_index=0bv32, sw_slots_two_sides_register__last_old_value=0bv64, sw_slots_two_sides_register__last_value=0bv64, sw_slots_two_sides_register__last_write_site=0, sw_slots_two_sides_register__next_write_site=0, sw_slots_two_sides_register__wrote_any=false, sw_slots_two_sides_register__wrote_index0=false, sw_tail_register__last0_old_value=0bv32, sw_tail_register__last0_value=0bv32, sw_tail_register__last_index=0bv32, sw_tail_register__last_old_value=0bv32, sw_tail_register__last_value=0bv32, sw_tail_register__last_write_site=0, sw_tail_register__next_write_site=0, sw_tail_register__wrote_any=false, sw_tail_register__wrote_index0=false, sw_tid_array_register__last0_old_value=0bv32, sw_tid_array_register__last0_value=0bv32, sw_tid_array_register__last_index=0bv32, sw_tid_array_register__last_old_value=0bv32, sw_tid_array_register__last_value=0bv32, sw_tid_array_register__last_write_site=0, sw_tid_array_register__next_write_site=0, sw_tid_array_register__wrote_any=false, sw_tid_array_register__wrote_index0=false]
[L933]   COND FALSE  !(sw_isValid[sw_hdr.nlk_hdr] && ((sw_hdr.nlk_hdr.op == 0bv8 || sw_hdr.nlk_hdr.op == 2bv8) || sw_hdr.nlk_hdr.op == 1bv8))
         VAL         [client_eg_md.client_id=0bv8, client_eg_md.clone_md=0bv8, client_eg_md.ip_address=0bv32, client_eg_md.mode=0bv8, client_eg_md.tid=0bv32, client_eg_md.timestamp_hi=0bv32, client_eg_md.timestamp_lo=0bv32, client_hdr.ethernet.etherType=2048bv16, client_hdr.ethernet.valid=true, client_hdr.ipv4.dstAddr=0bv32, client_hdr.ipv4.protocol=17bv8, client_hdr.ipv4.srcAddr=0bv32, client_hdr.ipv4.valid=true, client_hdr.nlk_hdr.client_id=0bv8, client_hdr.nlk_hdr.lock=0bv32, client_hdr.nlk_hdr.mode=0bv8, client_hdr.nlk_hdr.op=0bv8, client_hdr.nlk_hdr.recirc_flag=0bv8, client_hdr.nlk_hdr.tid=0bv32, client_hdr.nlk_hdr.timestamp_hi=0bv32, client_hdr.nlk_hdr.timestamp_lo=0bv32, client_hdr.nlk_hdr.valid=true, client_hdr.recirculate_hdr.cur_head=0bv32, client_hdr.recirculate_hdr.cur_tail=0bv32, client_hdr.recirculate_hdr.dequeued_mode=0bv8, client_hdr.udp.dstPort=8888bv16, client_hdr.udp.valid=true, client_ig_intr_md.resubmit_flag=1bv1, client_ig_md.client_id=0bv8, client_ig_md.dequeued_mode=0bv8, client_ig_md.do_resubmit=0bv1, client_ig_md.empty_slots=0bv32, client_ig_md.empty_slots_before_pop=0bv32, client_ig_md.head=0bv32, client_ig_md.ip_address=0bv32, client_ig_md.left=0bv32, client_ig_md.length_in_server=0bv32, client_ig_md.lock_exist=0bv1, client_ig_md.lock_id=0bv32, client_ig_md.locked=0bv32, client_ig_md.mode=0bv8, client_ig_md.pkt_type=2bv8, client_ig_md.queue_size_op=0bv32, client_ig_md.recirc_flag=0bv8, client_ig_md.right=0bv32, client_ig_md.routed=0bv1, client_ig_md.size_of_queue=0bv32, client_ig_md.tail=0bv32, client_ig_md.tid=0bv32, client_ig_md.timestamp_hi=0bv32, client_ig_md.timestamp_lo=0bv32, client_inbox_count=0, client_pkt_external=false, procurator_phase=2, procurator_step=2, sw_client_id_array_register__last0_old_value=0bv8, sw_client_id_array_register__last0_value=0bv8, sw_client_id_array_register__last_index=0bv32, sw_client_id_array_register__last_old_value=0bv8, sw_client_id_array_register__last_value=0bv8, sw_client_id_array_register__last_write_site=0, sw_client_id_array_register__next_write_site=0, sw_client_id_array_register__wrote_any=false, sw_client_id_array_register__wrote_index0=false, sw_drop=true, sw_eg_md.client_id=0bv8, sw_eg_md.clone_md=0bv8, sw_eg_md.ip_address=0bv32, sw_eg_md.mode=0bv8, sw_eg_md.tid=0bv32, sw_eg_md.timestamp_hi=0bv32, sw_eg_md.timestamp_lo=0bv32, sw_hdr.ethernet.etherType=2048bv16, sw_hdr.ethernet.valid=true, sw_hdr.ipv4.dstAddr=0bv32, sw_hdr.ipv4.protocol=17bv8, sw_hdr.ipv4.srcAddr=0bv32, sw_hdr.ipv4.valid=true, sw_hdr.nlk_hdr.client_id=0bv8, sw_hdr.nlk_hdr.lock=0bv32, sw_hdr.nlk_hdr.mode=0bv8, sw_hdr.nlk_hdr.op=0bv8, sw_hdr.nlk_hdr.recirc_flag=0bv8, sw_hdr.nlk_hdr.tid=0bv32, sw_hdr.nlk_hdr.timestamp_hi=0bv32, sw_hdr.nlk_hdr.timestamp_lo=0bv32, sw_hdr.nlk_hdr.valid=true, sw_hdr.recirculate_hdr.cur_head=0bv32, sw_hdr.recirculate_hdr.cur_tail=0bv32, sw_hdr.recirculate_hdr.dequeued_mode=0bv8, sw_hdr.udp.dstPort=8888bv16, sw_hdr.udp.valid=true, sw_head_register__last0_old_value=0bv32, sw_head_register__last0_value=0bv32, sw_head_register__last_index=0bv32, sw_head_register__last_old_value=0bv32, sw_head_register__last_value=0bv32, sw_head_register__last_write_site=0, sw_head_register__next_write_site=0, sw_head_register__wrote_any=false, sw_head_register__wrote_index0=false, sw_ig_intr_md.resubmit_flag=1bv1, sw_ig_md.client_id=0bv8, sw_ig_md.dequeued_mode=0bv8, sw_ig_md.do_resubmit=0bv1, sw_ig_md.empty_slots=0bv32, sw_ig_md.empty_slots_before_pop=0bv32, sw_ig_md.head=0bv32, sw_ig_md.ip_address=0bv32, sw_ig_md.left=0bv32, sw_ig_md.length_in_server=0bv32, sw_ig_md.lock_exist=0bv1, sw_ig_md.lock_id=0bv32, sw_ig_md.locked=0bv32, sw_ig_md.mode=0bv8, sw_ig_md.pkt_type=2bv8, sw_ig_md.queue_size_op=0bv32, sw_ig_md.recirc_flag=0bv8, sw_ig_md.right=0bv32, sw_ig_md.routed=0bv1, sw_ig_md.size_of_queue=0bv32, sw_ig_md.tail=0bv32, sw_ig_md.tid=0bv32, sw_ig_md.timestamp_hi=0bv32, sw_ig_md.timestamp_lo=0bv32, sw_inbox_count=0, sw_ip_array_register__last0_old_value=0bv32, sw_ip_array_register__last0_value=0bv32, sw_ip_array_register__last_index=0bv32, sw_ip_array_register__last_old_value=0bv32, sw_ip_array_register__last_value=0bv32, sw_ip_array_register__last_write_site=0, sw_ip_array_register__next_write_site=0, sw_ip_array_register__wrote_any=false, sw_ip_array_register__wrote_index0=false, sw_left_bound_register__last0_old_value=0bv32, sw_left_bound_register__last0_value=0bv32, sw_left_bound_register__last_index=0bv32, sw_left_bound_register__last_old_value=0bv32, sw_left_bound_register__last_value=0bv32, sw_left_bound_register__last_write_site=0, sw_left_bound_register__next_write_site=0, sw_left_bound_register__wrote_any=false, sw_left_bound_register__wrote_index0=false, sw_mode_array_register__last0_old_value=0bv8, sw_mode_array_register__last0_value=0bv8, sw_mode_array_register__last_index=0bv32, sw_mode_array_register__last_old_value=0bv8, sw_mode_array_register__last_value=0bv8, sw_mode_array_register__last_write_site=0, sw_mode_array_register__next_write_site=0, sw_mode_array_register__wrote_any=false, sw_mode_array_register__wrote_index0=false, sw_p4b_checksum_error=false, sw_p4b_checksum_updated=false, sw_p4b_checksum_verified=false, sw_p4b_clone_e2e=false, sw_p4b_clone_i2e=false, sw_p4b_clone_i2i=false, sw_p4b_digest=false, sw_p4b_recirculate=false, sw_pkt_external=true, sw_queue_size_op_register__last0_old_value=0bv32, sw_queue_size_op_register__last0_value=0bv32, sw_queue_size_op_register__last_index=0bv32, sw_queue_size_op_register__last_old_value=0bv32, sw_queue_size_op_register__last_value=0bv32, sw_queue_size_op_register__last_write_site=0, sw_queue_size_op_register__next_write_site=0, sw_queue_size_op_register__wrote_any=false, sw_queue_size_op_register__wrote_index0=false, sw_right_bound_register__last0_old_value=0bv32, sw_right_bound_register__last0_value=0bv32, sw_right_bound_register__last_index=0bv32, sw_right_bound_register__last_old_value=0bv32, sw_right_bound_register__last_value=0bv32, sw_right_bound_register__last_write_site=0, sw_right_bound_register__next_write_site=0, sw_right_bound_register__wrote_any=false, sw_right_bound_register__wrote_index0=false, sw_shared_and_exclusive_count_register__last0_old_value=0bv64, sw_shared_and_exclusive_count_register__last0_value=0bv64, sw_shared_and_exclusive_count_register__last_index=0bv32, sw_shared_and_exclusive_count_register__last_old_value=0bv64, sw_shared_and_exclusive_count_register__last_value=0bv64, sw_shared_and_exclusive_count_register__last_write_site=0, sw_shared_and_exclusive_count_register__next_write_site=0, sw_shared_and_exclusive_count_register__wrote_any=false, sw_shared_and_exclusive_count_register__wrote_index0=false, sw_slots_two_sides_register__last0_old_value=0bv64, sw_slots_two_sides_register__last0_value=0bv64, sw_slots_two_sides_register__last_index=0bv32, sw_slots_two_sides_register__last_old_value=0bv64, sw_slots_two_sides_register__last_value=0bv64, sw_slots_two_sides_register__last_write_site=0, sw_slots_two_sides_register__next_write_site=0, sw_slots_two_sides_register__wrote_any=false, sw_slots_two_sides_register__wrote_index0=false, sw_tail_register__last0_old_value=0bv32, sw_tail_register__last0_value=0bv32, sw_tail_register__last_index=0bv32, sw_tail_register__last_old_value=0bv32, sw_tail_register__last_value=0bv32, sw_tail_register__last_write_site=0, sw_tail_register__next_write_site=0, sw_tail_register__wrote_any=false, sw_tail_register__wrote_index0=false, sw_tid_array_register__last0_old_value=0bv32, sw_tid_array_register__last0_value=0bv32, sw_tid_array_register__last_index=0bv32, sw_tid_array_register__last_old_value=0bv32, sw_tid_array_register__last_value=0bv32, sw_tid_array_register__last_write_site=0, sw_tid_array_register__next_write_site=0, sw_tid_array_register__wrote_any=false, sw_tid_array_register__wrote_index0=false]
[L2420]  RET         call sw_SwitchIngress();
[L2421]  CALL        call sw_SwitchIngressDeparser();
[L1023]              havoc sw_tmp;
         VAL         [client_eg_md.client_id=0bv8, client_eg_md.clone_md=0bv8, client_eg_md.ip_address=0bv32, client_eg_md.mode=0bv8, client_eg_md.tid=0bv32, client_eg_md.timestamp_hi=0bv32, client_eg_md.timestamp_lo=0bv32, client_hdr.ethernet.etherType=2048bv16, client_hdr.ethernet.valid=true, client_hdr.ipv4.dstAddr=0bv32, client_hdr.ipv4.protocol=17bv8, client_hdr.ipv4.srcAddr=0bv32, client_hdr.ipv4.valid=true, client_hdr.nlk_hdr.client_id=0bv8, client_hdr.nlk_hdr.lock=0bv32, client_hdr.nlk_hdr.mode=0bv8, client_hdr.nlk_hdr.op=0bv8, client_hdr.nlk_hdr.recirc_flag=0bv8, client_hdr.nlk_hdr.tid=0bv32, client_hdr.nlk_hdr.timestamp_hi=0bv32, client_hdr.nlk_hdr.timestamp_lo=0bv32, client_hdr.nlk_hdr.valid=true, client_hdr.recirculate_hdr.cur_head=0bv32, client_hdr.recirculate_hdr.cur_tail=0bv32, client_hdr.recirculate_hdr.dequeued_mode=0bv8, client_hdr.udp.dstPort=8888bv16, client_hdr.udp.valid=true, client_ig_intr_md.resubmit_flag=1bv1, client_ig_md.client_id=0bv8, client_ig_md.dequeued_mode=0bv8, client_ig_md.do_resubmit=0bv1, client_ig_md.empty_slots=0bv32, client_ig_md.empty_slots_before_pop=0bv32, client_ig_md.head=0bv32, client_ig_md.ip_address=0bv32, client_ig_md.left=0bv32, client_ig_md.length_in_server=0bv32, client_ig_md.lock_exist=0bv1, client_ig_md.lock_id=0bv32, client_ig_md.locked=0bv32, client_ig_md.mode=0bv8, client_ig_md.pkt_type=2bv8, client_ig_md.queue_size_op=0bv32, client_ig_md.recirc_flag=0bv8, client_ig_md.right=0bv32, client_ig_md.routed=0bv1, client_ig_md.size_of_queue=0bv32, client_ig_md.tail=0bv32, client_ig_md.tid=0bv32, client_ig_md.timestamp_hi=0bv32, client_ig_md.timestamp_lo=0bv32, client_inbox_count=0, client_pkt_external=false, procurator_phase=2, procurator_step=2, sw_client_id_array_register__last0_old_value=0bv8, sw_client_id_array_register__last0_value=0bv8, sw_client_id_array_register__last_index=0bv32, sw_client_id_array_register__last_old_value=0bv8, sw_client_id_array_register__last_value=0bv8, sw_client_id_array_register__last_write_site=0, sw_client_id_array_register__next_write_site=0, sw_client_id_array_register__wrote_any=false, sw_client_id_array_register__wrote_index0=false, sw_drop=true, sw_eg_md.client_id=0bv8, sw_eg_md.clone_md=0bv8, sw_eg_md.ip_address=0bv32, sw_eg_md.mode=0bv8, sw_eg_md.tid=0bv32, sw_eg_md.timestamp_hi=0bv32, sw_eg_md.timestamp_lo=0bv32, sw_hdr.ethernet.etherType=2048bv16, sw_hdr.ethernet.valid=true, sw_hdr.ipv4.dstAddr=0bv32, sw_hdr.ipv4.protocol=17bv8, sw_hdr.ipv4.srcAddr=0bv32, sw_hdr.ipv4.valid=true, sw_hdr.nlk_hdr.client_id=0bv8, sw_hdr.nlk_hdr.lock=0bv32, sw_hdr.nlk_hdr.mode=0bv8, sw_hdr.nlk_hdr.op=0bv8, sw_hdr.nlk_hdr.recirc_flag=0bv8, sw_hdr.nlk_hdr.tid=0bv32, sw_hdr.nlk_hdr.timestamp_hi=0bv32, sw_hdr.nlk_hdr.timestamp_lo=0bv32, sw_hdr.nlk_hdr.valid=true, sw_hdr.recirculate_hdr.cur_head=0bv32, sw_hdr.recirculate_hdr.cur_tail=0bv32, sw_hdr.recirculate_hdr.dequeued_mode=0bv8, sw_hdr.udp.dstPort=8888bv16, sw_hdr.udp.valid=true, sw_head_register__last0_old_value=0bv32, sw_head_register__last0_value=0bv32, sw_head_register__last_index=0bv32, sw_head_register__last_old_value=0bv32, sw_head_register__last_value=0bv32, sw_head_register__last_write_site=0, sw_head_register__next_write_site=0, sw_head_register__wrote_any=false, sw_head_register__wrote_index0=false, sw_ig_intr_md.resubmit_flag=1bv1, sw_ig_md.client_id=0bv8, sw_ig_md.dequeued_mode=0bv8, sw_ig_md.do_resubmit=0bv1, sw_ig_md.empty_slots=0bv32, sw_ig_md.empty_slots_before_pop=0bv32, sw_ig_md.head=0bv32, sw_ig_md.ip_address=0bv32, sw_ig_md.left=0bv32, sw_ig_md.length_in_server=0bv32, sw_ig_md.lock_exist=0bv1, sw_ig_md.lock_id=0bv32, sw_ig_md.locked=0bv32, sw_ig_md.mode=0bv8, sw_ig_md.pkt_type=2bv8, sw_ig_md.queue_size_op=0bv32, sw_ig_md.recirc_flag=0bv8, sw_ig_md.right=0bv32, sw_ig_md.routed=0bv1, sw_ig_md.size_of_queue=0bv32, sw_ig_md.tail=0bv32, sw_ig_md.tid=0bv32, sw_ig_md.timestamp_hi=0bv32, sw_ig_md.timestamp_lo=0bv32, sw_inbox_count=0, sw_ip_array_register__last0_old_value=0bv32, sw_ip_array_register__last0_value=0bv32, sw_ip_array_register__last_index=0bv32, sw_ip_array_register__last_old_value=0bv32, sw_ip_array_register__last_value=0bv32, sw_ip_array_register__last_write_site=0, sw_ip_array_register__next_write_site=0, sw_ip_array_register__wrote_any=false, sw_ip_array_register__wrote_index0=false, sw_left_bound_register__last0_old_value=0bv32, sw_left_bound_register__last0_value=0bv32, sw_left_bound_register__last_index=0bv32, sw_left_bound_register__last_old_value=0bv32, sw_left_bound_register__last_value=0bv32, sw_left_bound_register__last_write_site=0, sw_left_bound_register__next_write_site=0, sw_left_bound_register__wrote_any=false, sw_left_bound_register__wrote_index0=false, sw_mode_array_register__last0_old_value=0bv8, sw_mode_array_register__last0_value=0bv8, sw_mode_array_register__last_index=0bv32, sw_mode_array_register__last_old_value=0bv8, sw_mode_array_register__last_value=0bv8, sw_mode_array_register__last_write_site=0, sw_mode_array_register__next_write_site=0, sw_mode_array_register__wrote_any=false, sw_mode_array_register__wrote_index0=false, sw_p4b_checksum_error=false, sw_p4b_checksum_updated=false, sw_p4b_checksum_verified=false, sw_p4b_clone_e2e=false, sw_p4b_clone_i2e=false, sw_p4b_clone_i2i=false, sw_p4b_digest=false, sw_p4b_recirculate=false, sw_pkt_external=true, sw_queue_size_op_register__last0_old_value=0bv32, sw_queue_size_op_register__last0_value=0bv32, sw_queue_size_op_register__last_index=0bv32, sw_queue_size_op_register__last_old_value=0bv32, sw_queue_size_op_register__last_value=0bv32, sw_queue_size_op_register__last_write_site=0, sw_queue_size_op_register__next_write_site=0, sw_queue_size_op_register__wrote_any=false, sw_queue_size_op_register__wrote_index0=false, sw_right_bound_register__last0_old_value=0bv32, sw_right_bound_register__last0_value=0bv32, sw_right_bound_register__last_index=0bv32, sw_right_bound_register__last_old_value=0bv32, sw_right_bound_register__last_value=0bv32, sw_right_bound_register__last_write_site=0, sw_right_bound_register__next_write_site=0, sw_right_bound_register__wrote_any=false, sw_right_bound_register__wrote_index0=false, sw_shared_and_exclusive_count_register__last0_old_value=0bv64, sw_shared_and_exclusive_count_register__last0_value=0bv64, sw_shared_and_exclusive_count_register__last_index=0bv32, sw_shared_and_exclusive_count_register__last_old_value=0bv64, sw_shared_and_exclusive_count_register__last_value=0bv64, sw_shared_and_exclusive_count_register__last_write_site=0, sw_shared_and_exclusive_count_register__next_write_site=0, sw_shared_and_exclusive_count_register__wrote_any=false, sw_shared_and_exclusive_count_register__wrote_index0=false, sw_slots_two_sides_register__last0_old_value=0bv64, sw_slots_two_sides_register__last0_value=0bv64, sw_slots_two_sides_register__last_index=0bv32, sw_slots_two_sides_register__last_old_value=0bv64, sw_slots_two_sides_register__last_value=0bv64, sw_slots_two_sides_register__last_write_site=0, sw_slots_two_sides_register__next_write_site=0, sw_slots_two_sides_register__wrote_any=false, sw_slots_two_sides_register__wrote_index0=false, sw_tail_register__last0_old_value=0bv32, sw_tail_register__last0_value=0bv32, sw_tail_register__last_index=0bv32, sw_tail_register__last_old_value=0bv32, sw_tail_register__last_value=0bv32, sw_tail_register__last_write_site=0, sw_tail_register__next_write_site=0, sw_tail_register__wrote_any=false, sw_tail_register__wrote_index0=false, sw_tid_array_register__last0_old_value=0bv32, sw_tid_array_register__last0_value=0bv32, sw_tid_array_register__last_index=0bv32, sw_tid_array_register__last_old_value=0bv32, sw_tid_array_register__last_value=0bv32, sw_tid_array_register__last_write_site=0, sw_tid_array_register__next_write_site=0, sw_tid_array_register__wrote_any=false, sw_tid_array_register__wrote_index0=false]
[L2421]  RET         call sw_SwitchIngressDeparser();
[L2422]  CALL        call sw_SwitchEgressParser();
[L790]   FCALL       call sw_packet_in.extract(sw_eg_intr_md);
[L791]               havoc sw_mirror_md_0;
         VAL         [client_eg_md.client_id=0bv8, client_eg_md.clone_md=0bv8, client_eg_md.ip_address=0bv32, client_eg_md.mode=0bv8, client_eg_md.tid=0bv32, client_eg_md.timestamp_hi=0bv32, client_eg_md.timestamp_lo=0bv32, client_hdr.ethernet.etherType=2048bv16, client_hdr.ethernet.valid=true, client_hdr.ipv4.dstAddr=0bv32, client_hdr.ipv4.protocol=17bv8, client_hdr.ipv4.srcAddr=0bv32, client_hdr.ipv4.valid=true, client_hdr.nlk_hdr.client_id=0bv8, client_hdr.nlk_hdr.lock=0bv32, client_hdr.nlk_hdr.mode=0bv8, client_hdr.nlk_hdr.op=0bv8, client_hdr.nlk_hdr.recirc_flag=0bv8, client_hdr.nlk_hdr.tid=0bv32, client_hdr.nlk_hdr.timestamp_hi=0bv32, client_hdr.nlk_hdr.timestamp_lo=0bv32, client_hdr.nlk_hdr.valid=true, client_hdr.recirculate_hdr.cur_head=0bv32, client_hdr.recirculate_hdr.cur_tail=0bv32, client_hdr.recirculate_hdr.dequeued_mode=0bv8, client_hdr.udp.dstPort=8888bv16, client_hdr.udp.valid=true, client_ig_intr_md.resubmit_flag=1bv1, client_ig_md.client_id=0bv8, client_ig_md.dequeued_mode=0bv8, client_ig_md.do_resubmit=0bv1, client_ig_md.empty_slots=0bv32, client_ig_md.empty_slots_before_pop=0bv32, client_ig_md.head=0bv32, client_ig_md.ip_address=0bv32, client_ig_md.left=0bv32, client_ig_md.length_in_server=0bv32, client_ig_md.lock_exist=0bv1, client_ig_md.lock_id=0bv32, client_ig_md.locked=0bv32, client_ig_md.mode=0bv8, client_ig_md.pkt_type=2bv8, client_ig_md.queue_size_op=0bv32, client_ig_md.recirc_flag=0bv8, client_ig_md.right=0bv32, client_ig_md.routed=0bv1, client_ig_md.size_of_queue=0bv32, client_ig_md.tail=0bv32, client_ig_md.tid=0bv32, client_ig_md.timestamp_hi=0bv32, client_ig_md.timestamp_lo=0bv32, client_inbox_count=0, client_pkt_external=false, procurator_phase=2, procurator_step=2, sw_client_id_array_register__last0_old_value=0bv8, sw_client_id_array_register__last0_value=0bv8, sw_client_id_array_register__last_index=0bv32, sw_client_id_array_register__last_old_value=0bv8, sw_client_id_array_register__last_value=0bv8, sw_client_id_array_register__last_write_site=0, sw_client_id_array_register__next_write_site=0, sw_client_id_array_register__wrote_any=false, sw_client_id_array_register__wrote_index0=false, sw_drop=true, sw_eg_md.client_id=0bv8, sw_eg_md.clone_md=0bv8, sw_eg_md.ip_address=0bv32, sw_eg_md.mode=0bv8, sw_eg_md.tid=0bv32, sw_eg_md.timestamp_hi=0bv32, sw_eg_md.timestamp_lo=0bv32, sw_hdr.ethernet.etherType=2048bv16, sw_hdr.ethernet.valid=true, sw_hdr.ipv4.dstAddr=0bv32, sw_hdr.ipv4.protocol=17bv8, sw_hdr.ipv4.srcAddr=0bv32, sw_hdr.ipv4.valid=true, sw_hdr.nlk_hdr.client_id=0bv8, sw_hdr.nlk_hdr.lock=0bv32, sw_hdr.nlk_hdr.mode=0bv8, sw_hdr.nlk_hdr.op=0bv8, sw_hdr.nlk_hdr.recirc_flag=0bv8, sw_hdr.nlk_hdr.tid=0bv32, sw_hdr.nlk_hdr.timestamp_hi=0bv32, sw_hdr.nlk_hdr.timestamp_lo=0bv32, sw_hdr.nlk_hdr.valid=true, sw_hdr.recirculate_hdr.cur_head=0bv32, sw_hdr.recirculate_hdr.cur_tail=0bv32, sw_hdr.recirculate_hdr.dequeued_mode=0bv8, sw_hdr.udp.dstPort=8888bv16, sw_hdr.udp.valid=true, sw_head_register__last0_old_value=0bv32, sw_head_register__last0_value=0bv32, sw_head_register__last_index=0bv32, sw_head_register__last_old_value=0bv32, sw_head_register__last_value=0bv32, sw_head_register__last_write_site=0, sw_head_register__next_write_site=0, sw_head_register__wrote_any=false, sw_head_register__wrote_index0=false, sw_ig_intr_md.resubmit_flag=1bv1, sw_ig_md.client_id=0bv8, sw_ig_md.dequeued_mode=0bv8, sw_ig_md.do_resubmit=0bv1, sw_ig_md.empty_slots=0bv32, sw_ig_md.empty_slots_before_pop=0bv32, sw_ig_md.head=0bv32, sw_ig_md.ip_address=0bv32, sw_ig_md.left=0bv32, sw_ig_md.length_in_server=0bv32, sw_ig_md.lock_exist=0bv1, sw_ig_md.lock_id=0bv32, sw_ig_md.locked=0bv32, sw_ig_md.mode=0bv8, sw_ig_md.pkt_type=2bv8, sw_ig_md.queue_size_op=0bv32, sw_ig_md.recirc_flag=0bv8, sw_ig_md.right=0bv32, sw_ig_md.routed=0bv1, sw_ig_md.size_of_queue=0bv32, sw_ig_md.tail=0bv32, sw_ig_md.tid=0bv32, sw_ig_md.timestamp_hi=0bv32, sw_ig_md.timestamp_lo=0bv32, sw_inbox_count=0, sw_ip_array_register__last0_old_value=0bv32, sw_ip_array_register__last0_value=0bv32, sw_ip_array_register__last_index=0bv32, sw_ip_array_register__last_old_value=0bv32, sw_ip_array_register__last_value=0bv32, sw_ip_array_register__last_write_site=0, sw_ip_array_register__next_write_site=0, sw_ip_array_register__wrote_any=false, sw_ip_array_register__wrote_index0=false, sw_left_bound_register__last0_old_value=0bv32, sw_left_bound_register__last0_value=0bv32, sw_left_bound_register__last_index=0bv32, sw_left_bound_register__last_old_value=0bv32, sw_left_bound_register__last_value=0bv32, sw_left_bound_register__last_write_site=0, sw_left_bound_register__next_write_site=0, sw_left_bound_register__wrote_any=false, sw_left_bound_register__wrote_index0=false, sw_mode_array_register__last0_old_value=0bv8, sw_mode_array_register__last0_value=0bv8, sw_mode_array_register__last_index=0bv32, sw_mode_array_register__last_old_value=0bv8, sw_mode_array_register__last_value=0bv8, sw_mode_array_register__last_write_site=0, sw_mode_array_register__next_write_site=0, sw_mode_array_register__wrote_any=false, sw_mode_array_register__wrote_index0=false, sw_p4b_checksum_error=false, sw_p4b_checksum_updated=false, sw_p4b_checksum_verified=false, sw_p4b_clone_e2e=false, sw_p4b_clone_i2e=false, sw_p4b_clone_i2i=false, sw_p4b_digest=false, sw_p4b_recirculate=false, sw_pkt_external=true, sw_queue_size_op_register__last0_old_value=0bv32, sw_queue_size_op_register__last0_value=0bv32, sw_queue_size_op_register__last_index=0bv32, sw_queue_size_op_register__last_old_value=0bv32, sw_queue_size_op_register__last_value=0bv32, sw_queue_size_op_register__last_write_site=0, sw_queue_size_op_register__next_write_site=0, sw_queue_size_op_register__wrote_any=false, sw_queue_size_op_register__wrote_index0=false, sw_right_bound_register__last0_old_value=0bv32, sw_right_bound_register__last0_value=0bv32, sw_right_bound_register__last_index=0bv32, sw_right_bound_register__last_old_value=0bv32, sw_right_bound_register__last_value=0bv32, sw_right_bound_register__last_write_site=0, sw_right_bound_register__next_write_site=0, sw_right_bound_register__wrote_any=false, sw_right_bound_register__wrote_index0=false, sw_shared_and_exclusive_count_register__last0_old_value=0bv64, sw_shared_and_exclusive_count_register__last0_value=0bv64, sw_shared_and_exclusive_count_register__last_index=0bv32, sw_shared_and_exclusive_count_register__last_old_value=0bv64, sw_shared_and_exclusive_count_register__last_value=0bv64, sw_shared_and_exclusive_count_register__last_write_site=0, sw_shared_and_exclusive_count_register__next_write_site=0, sw_shared_and_exclusive_count_register__wrote_any=false, sw_shared_and_exclusive_count_register__wrote_index0=false, sw_slots_two_sides_register__last0_old_value=0bv64, sw_slots_two_sides_register__last0_value=0bv64, sw_slots_two_sides_register__last_index=0bv32, sw_slots_two_sides_register__last_old_value=0bv64, sw_slots_two_sides_register__last_value=0bv64, sw_slots_two_sides_register__last_write_site=0, sw_slots_two_sides_register__next_write_site=0, sw_slots_two_sides_register__wrote_any=false, sw_slots_two_sides_register__wrote_index0=false, sw_tail_register__last0_old_value=0bv32, sw_tail_register__last0_value=0bv32, sw_tail_register__last_index=0bv32, sw_tail_register__last_old_value=0bv32, sw_tail_register__last_value=0bv32, sw_tail_register__last_write_site=0, sw_tail_register__next_write_site=0, sw_tail_register__wrote_any=false, sw_tail_register__wrote_index0=false, sw_tid_array_register__last0_old_value=0bv32, sw_tid_array_register__last0_value=0bv32, sw_tid_array_register__last_index=0bv32, sw_tid_array_register__last_old_value=0bv32, sw_tid_array_register__last_value=0bv32, sw_tid_array_register__last_write_site=0, sw_tid_array_register__next_write_site=0, sw_tid_array_register__wrote_any=false, sw_tid_array_register__wrote_index0=false]
[L803]               assume !(sw_mirror_md_0.pkt_type == 0bv8) && !(sw_mirror_md_0.pkt_type == 1bv8);
         VAL         [client_eg_md.client_id=0bv8, client_eg_md.clone_md=0bv8, client_eg_md.ip_address=0bv32, client_eg_md.mode=0bv8, client_eg_md.tid=0bv32, client_eg_md.timestamp_hi=0bv32, client_eg_md.timestamp_lo=0bv32, client_hdr.ethernet.etherType=2048bv16, client_hdr.ethernet.valid=true, client_hdr.ipv4.dstAddr=0bv32, client_hdr.ipv4.protocol=17bv8, client_hdr.ipv4.srcAddr=0bv32, client_hdr.ipv4.valid=true, client_hdr.nlk_hdr.client_id=0bv8, client_hdr.nlk_hdr.lock=0bv32, client_hdr.nlk_hdr.mode=0bv8, client_hdr.nlk_hdr.op=0bv8, client_hdr.nlk_hdr.recirc_flag=0bv8, client_hdr.nlk_hdr.tid=0bv32, client_hdr.nlk_hdr.timestamp_hi=0bv32, client_hdr.nlk_hdr.timestamp_lo=0bv32, client_hdr.nlk_hdr.valid=true, client_hdr.recirculate_hdr.cur_head=0bv32, client_hdr.recirculate_hdr.cur_tail=0bv32, client_hdr.recirculate_hdr.dequeued_mode=0bv8, client_hdr.udp.dstPort=8888bv16, client_hdr.udp.valid=true, client_ig_intr_md.resubmit_flag=1bv1, client_ig_md.client_id=0bv8, client_ig_md.dequeued_mode=0bv8, client_ig_md.do_resubmit=0bv1, client_ig_md.empty_slots=0bv32, client_ig_md.empty_slots_before_pop=0bv32, client_ig_md.head=0bv32, client_ig_md.ip_address=0bv32, client_ig_md.left=0bv32, client_ig_md.length_in_server=0bv32, client_ig_md.lock_exist=0bv1, client_ig_md.lock_id=0bv32, client_ig_md.locked=0bv32, client_ig_md.mode=0bv8, client_ig_md.pkt_type=2bv8, client_ig_md.queue_size_op=0bv32, client_ig_md.recirc_flag=0bv8, client_ig_md.right=0bv32, client_ig_md.routed=0bv1, client_ig_md.size_of_queue=0bv32, client_ig_md.tail=0bv32, client_ig_md.tid=0bv32, client_ig_md.timestamp_hi=0bv32, client_ig_md.timestamp_lo=0bv32, client_inbox_count=0, client_pkt_external=false, procurator_phase=2, procurator_step=2, sw_client_id_array_register__last0_old_value=0bv8, sw_client_id_array_register__last0_value=0bv8, sw_client_id_array_register__last_index=0bv32, sw_client_id_array_register__last_old_value=0bv8, sw_client_id_array_register__last_value=0bv8, sw_client_id_array_register__last_write_site=0, sw_client_id_array_register__next_write_site=0, sw_client_id_array_register__wrote_any=false, sw_client_id_array_register__wrote_index0=false, sw_drop=true, sw_eg_md.client_id=0bv8, sw_eg_md.clone_md=0bv8, sw_eg_md.ip_address=0bv32, sw_eg_md.mode=0bv8, sw_eg_md.tid=0bv32, sw_eg_md.timestamp_hi=0bv32, sw_eg_md.timestamp_lo=0bv32, sw_hdr.ethernet.etherType=2048bv16, sw_hdr.ethernet.valid=true, sw_hdr.ipv4.dstAddr=0bv32, sw_hdr.ipv4.protocol=17bv8, sw_hdr.ipv4.srcAddr=0bv32, sw_hdr.ipv4.valid=true, sw_hdr.nlk_hdr.client_id=0bv8, sw_hdr.nlk_hdr.lock=0bv32, sw_hdr.nlk_hdr.mode=0bv8, sw_hdr.nlk_hdr.op=0bv8, sw_hdr.nlk_hdr.recirc_flag=0bv8, sw_hdr.nlk_hdr.tid=0bv32, sw_hdr.nlk_hdr.timestamp_hi=0bv32, sw_hdr.nlk_hdr.timestamp_lo=0bv32, sw_hdr.nlk_hdr.valid=true, sw_hdr.recirculate_hdr.cur_head=0bv32, sw_hdr.recirculate_hdr.cur_tail=0bv32, sw_hdr.recirculate_hdr.dequeued_mode=0bv8, sw_hdr.udp.dstPort=8888bv16, sw_hdr.udp.valid=true, sw_head_register__last0_old_value=0bv32, sw_head_register__last0_value=0bv32, sw_head_register__last_index=0bv32, sw_head_register__last_old_value=0bv32, sw_head_register__last_value=0bv32, sw_head_register__last_write_site=0, sw_head_register__next_write_site=0, sw_head_register__wrote_any=false, sw_head_register__wrote_index0=false, sw_ig_intr_md.resubmit_flag=1bv1, sw_ig_md.client_id=0bv8, sw_ig_md.dequeued_mode=0bv8, sw_ig_md.do_resubmit=0bv1, sw_ig_md.empty_slots=0bv32, sw_ig_md.empty_slots_before_pop=0bv32, sw_ig_md.head=0bv32, sw_ig_md.ip_address=0bv32, sw_ig_md.left=0bv32, sw_ig_md.length_in_server=0bv32, sw_ig_md.lock_exist=0bv1, sw_ig_md.lock_id=0bv32, sw_ig_md.locked=0bv32, sw_ig_md.mode=0bv8, sw_ig_md.pkt_type=2bv8, sw_ig_md.queue_size_op=0bv32, sw_ig_md.recirc_flag=0bv8, sw_ig_md.right=0bv32, sw_ig_md.routed=0bv1, sw_ig_md.size_of_queue=0bv32, sw_ig_md.tail=0bv32, sw_ig_md.tid=0bv32, sw_ig_md.timestamp_hi=0bv32, sw_ig_md.timestamp_lo=0bv32, sw_inbox_count=0, sw_ip_array_register__last0_old_value=0bv32, sw_ip_array_register__last0_value=0bv32, sw_ip_array_register__last_index=0bv32, sw_ip_array_register__last_old_value=0bv32, sw_ip_array_register__last_value=0bv32, sw_ip_array_register__last_write_site=0, sw_ip_array_register__next_write_site=0, sw_ip_array_register__wrote_any=false, sw_ip_array_register__wrote_index0=false, sw_left_bound_register__last0_old_value=0bv32, sw_left_bound_register__last0_value=0bv32, sw_left_bound_register__last_index=0bv32, sw_left_bound_register__last_old_value=0bv32, sw_left_bound_register__last_value=0bv32, sw_left_bound_register__last_write_site=0, sw_left_bound_register__next_write_site=0, sw_left_bound_register__wrote_any=false, sw_left_bound_register__wrote_index0=false, sw_mirror_md_0.pkt_type=2bv8, sw_mode_array_register__last0_old_value=0bv8, sw_mode_array_register__last0_value=0bv8, sw_mode_array_register__last_index=0bv32, sw_mode_array_register__last_old_value=0bv8, sw_mode_array_register__last_value=0bv8, sw_mode_array_register__last_write_site=0, sw_mode_array_register__next_write_site=0, sw_mode_array_register__wrote_any=false, sw_mode_array_register__wrote_index0=false, sw_p4b_checksum_error=false, sw_p4b_checksum_updated=false, sw_p4b_checksum_verified=false, sw_p4b_clone_e2e=false, sw_p4b_clone_i2e=false, sw_p4b_clone_i2i=false, sw_p4b_digest=false, sw_p4b_recirculate=false, sw_pkt_external=true, sw_queue_size_op_register__last0_old_value=0bv32, sw_queue_size_op_register__last0_value=0bv32, sw_queue_size_op_register__last_index=0bv32, sw_queue_size_op_register__last_old_value=0bv32, sw_queue_size_op_register__last_value=0bv32, sw_queue_size_op_register__last_write_site=0, sw_queue_size_op_register__next_write_site=0, sw_queue_size_op_register__wrote_any=false, sw_queue_size_op_register__wrote_index0=false, sw_right_bound_register__last0_old_value=0bv32, sw_right_bound_register__last0_value=0bv32, sw_right_bound_register__last_index=0bv32, sw_right_bound_register__last_old_value=0bv32, sw_right_bound_register__last_value=0bv32, sw_right_bound_register__last_write_site=0, sw_right_bound_register__next_write_site=0, sw_right_bound_register__wrote_any=false, sw_right_bound_register__wrote_index0=false, sw_shared_and_exclusive_count_register__last0_old_value=0bv64, sw_shared_and_exclusive_count_register__last0_value=0bv64, sw_shared_and_exclusive_count_register__last_index=0bv32, sw_shared_and_exclusive_count_register__last_old_value=0bv64, sw_shared_and_exclusive_count_register__last_value=0bv64, sw_shared_and_exclusive_count_register__last_write_site=0, sw_shared_and_exclusive_count_register__next_write_site=0, sw_shared_and_exclusive_count_register__wrote_any=false, sw_shared_and_exclusive_count_register__wrote_index0=false, sw_slots_two_sides_register__last0_old_value=0bv64, sw_slots_two_sides_register__last0_value=0bv64, sw_slots_two_sides_register__last_index=0bv32, sw_slots_two_sides_register__last_old_value=0bv64, sw_slots_two_sides_register__last_value=0bv64, sw_slots_two_sides_register__last_write_site=0, sw_slots_two_sides_register__next_write_site=0, sw_slots_two_sides_register__wrote_any=false, sw_slots_two_sides_register__wrote_index0=false, sw_tail_register__last0_old_value=0bv32, sw_tail_register__last0_value=0bv32, sw_tail_register__last_index=0bv32, sw_tail_register__last_old_value=0bv32, sw_tail_register__last_value=0bv32, sw_tail_register__last_write_site=0, sw_tail_register__next_write_site=0, sw_tail_register__wrote_any=false, sw_tail_register__wrote_index0=false, sw_tid_array_register__last0_old_value=0bv32, sw_tid_array_register__last0_value=0bv32, sw_tid_array_register__last_index=0bv32, sw_tid_array_register__last_old_value=0bv32, sw_tid_array_register__last_value=0bv32, sw_tid_array_register__last_write_site=0, sw_tid_array_register__next_write_site=0, sw_tid_array_register__wrote_any=false, sw_tid_array_register__wrote_index0=false]
[L879]   FCALL       call sw_reject();
         VAL         [client_eg_md.client_id=0bv8, client_eg_md.clone_md=0bv8, client_eg_md.ip_address=0bv32, client_eg_md.mode=0bv8, client_eg_md.tid=0bv32, client_eg_md.timestamp_hi=0bv32, client_eg_md.timestamp_lo=0bv32, client_hdr.ethernet.etherType=2048bv16, client_hdr.ethernet.valid=true, client_hdr.ipv4.dstAddr=0bv32, client_hdr.ipv4.protocol=17bv8, client_hdr.ipv4.srcAddr=0bv32, client_hdr.ipv4.valid=true, client_hdr.nlk_hdr.client_id=0bv8, client_hdr.nlk_hdr.lock=0bv32, client_hdr.nlk_hdr.mode=0bv8, client_hdr.nlk_hdr.op=0bv8, client_hdr.nlk_hdr.recirc_flag=0bv8, client_hdr.nlk_hdr.tid=0bv32, client_hdr.nlk_hdr.timestamp_hi=0bv32, client_hdr.nlk_hdr.timestamp_lo=0bv32, client_hdr.nlk_hdr.valid=true, client_hdr.recirculate_hdr.cur_head=0bv32, client_hdr.recirculate_hdr.cur_tail=0bv32, client_hdr.recirculate_hdr.dequeued_mode=0bv8, client_hdr.udp.dstPort=8888bv16, client_hdr.udp.valid=true, client_ig_intr_md.resubmit_flag=1bv1, client_ig_md.client_id=0bv8, client_ig_md.dequeued_mode=0bv8, client_ig_md.do_resubmit=0bv1, client_ig_md.empty_slots=0bv32, client_ig_md.empty_slots_before_pop=0bv32, client_ig_md.head=0bv32, client_ig_md.ip_address=0bv32, client_ig_md.left=0bv32, client_ig_md.length_in_server=0bv32, client_ig_md.lock_exist=0bv1, client_ig_md.lock_id=0bv32, client_ig_md.locked=0bv32, client_ig_md.mode=0bv8, client_ig_md.pkt_type=2bv8, client_ig_md.queue_size_op=0bv32, client_ig_md.recirc_flag=0bv8, client_ig_md.right=0bv32, client_ig_md.routed=0bv1, client_ig_md.size_of_queue=0bv32, client_ig_md.tail=0bv32, client_ig_md.tid=0bv32, client_ig_md.timestamp_hi=0bv32, client_ig_md.timestamp_lo=0bv32, client_inbox_count=0, client_pkt_external=false, procurator_phase=2, procurator_step=2, sw_client_id_array_register__last0_old_value=0bv8, sw_client_id_array_register__last0_value=0bv8, sw_client_id_array_register__last_index=0bv32, sw_client_id_array_register__last_old_value=0bv8, sw_client_id_array_register__last_value=0bv8, sw_client_id_array_register__last_write_site=0, sw_client_id_array_register__next_write_site=0, sw_client_id_array_register__wrote_any=false, sw_client_id_array_register__wrote_index0=false, sw_drop=true, sw_eg_md.client_id=0bv8, sw_eg_md.clone_md=0bv8, sw_eg_md.ip_address=0bv32, sw_eg_md.mode=0bv8, sw_eg_md.tid=0bv32, sw_eg_md.timestamp_hi=0bv32, sw_eg_md.timestamp_lo=0bv32, sw_hdr.ethernet.etherType=2048bv16, sw_hdr.ethernet.valid=true, sw_hdr.ipv4.dstAddr=0bv32, sw_hdr.ipv4.protocol=17bv8, sw_hdr.ipv4.srcAddr=0bv32, sw_hdr.ipv4.valid=true, sw_hdr.nlk_hdr.client_id=0bv8, sw_hdr.nlk_hdr.lock=0bv32, sw_hdr.nlk_hdr.mode=0bv8, sw_hdr.nlk_hdr.op=0bv8, sw_hdr.nlk_hdr.recirc_flag=0bv8, sw_hdr.nlk_hdr.tid=0bv32, sw_hdr.nlk_hdr.timestamp_hi=0bv32, sw_hdr.nlk_hdr.timestamp_lo=0bv32, sw_hdr.nlk_hdr.valid=true, sw_hdr.recirculate_hdr.cur_head=0bv32, sw_hdr.recirculate_hdr.cur_tail=0bv32, sw_hdr.recirculate_hdr.dequeued_mode=0bv8, sw_hdr.udp.dstPort=8888bv16, sw_hdr.udp.valid=true, sw_head_register__last0_old_value=0bv32, sw_head_register__last0_value=0bv32, sw_head_register__last_index=0bv32, sw_head_register__last_old_value=0bv32, sw_head_register__last_value=0bv32, sw_head_register__last_write_site=0, sw_head_register__next_write_site=0, sw_head_register__wrote_any=false, sw_head_register__wrote_index0=false, sw_ig_intr_md.resubmit_flag=1bv1, sw_ig_md.client_id=0bv8, sw_ig_md.dequeued_mode=0bv8, sw_ig_md.do_resubmit=0bv1, sw_ig_md.empty_slots=0bv32, sw_ig_md.empty_slots_before_pop=0bv32, sw_ig_md.head=0bv32, sw_ig_md.ip_address=0bv32, sw_ig_md.left=0bv32, sw_ig_md.length_in_server=0bv32, sw_ig_md.lock_exist=0bv1, sw_ig_md.lock_id=0bv32, sw_ig_md.locked=0bv32, sw_ig_md.mode=0bv8, sw_ig_md.pkt_type=2bv8, sw_ig_md.queue_size_op=0bv32, sw_ig_md.recirc_flag=0bv8, sw_ig_md.right=0bv32, sw_ig_md.routed=0bv1, sw_ig_md.size_of_queue=0bv32, sw_ig_md.tail=0bv32, sw_ig_md.tid=0bv32, sw_ig_md.timestamp_hi=0bv32, sw_ig_md.timestamp_lo=0bv32, sw_inbox_count=0, sw_ip_array_register__last0_old_value=0bv32, sw_ip_array_register__last0_value=0bv32, sw_ip_array_register__last_index=0bv32, sw_ip_array_register__last_old_value=0bv32, sw_ip_array_register__last_value=0bv32, sw_ip_array_register__last_write_site=0, sw_ip_array_register__next_write_site=0, sw_ip_array_register__wrote_any=false, sw_ip_array_register__wrote_index0=false, sw_left_bound_register__last0_old_value=0bv32, sw_left_bound_register__last0_value=0bv32, sw_left_bound_register__last_index=0bv32, sw_left_bound_register__last_old_value=0bv32, sw_left_bound_register__last_value=0bv32, sw_left_bound_register__last_write_site=0, sw_left_bound_register__next_write_site=0, sw_left_bound_register__wrote_any=false, sw_left_bound_register__wrote_index0=false, sw_mirror_md_0.pkt_type=2bv8, sw_mode_array_register__last0_old_value=0bv8, sw_mode_array_register__last0_value=0bv8, sw_mode_array_register__last_index=0bv32, sw_mode_array_register__last_old_value=0bv8, sw_mode_array_register__last_value=0bv8, sw_mode_array_register__last_write_site=0, sw_mode_array_register__next_write_site=0, sw_mode_array_register__wrote_any=false, sw_mode_array_register__wrote_index0=false, sw_p4b_checksum_error=false, sw_p4b_checksum_updated=false, sw_p4b_checksum_verified=false, sw_p4b_clone_e2e=false, sw_p4b_clone_i2e=false, sw_p4b_clone_i2i=false, sw_p4b_digest=false, sw_p4b_recirculate=false, sw_pkt_external=true, sw_queue_size_op_register__last0_old_value=0bv32, sw_queue_size_op_register__last0_value=0bv32, sw_queue_size_op_register__last_index=0bv32, sw_queue_size_op_register__last_old_value=0bv32, sw_queue_size_op_register__last_value=0bv32, sw_queue_size_op_register__last_write_site=0, sw_queue_size_op_register__next_write_site=0, sw_queue_size_op_register__wrote_any=false, sw_queue_size_op_register__wrote_index0=false, sw_right_bound_register__last0_old_value=0bv32, sw_right_bound_register__last0_value=0bv32, sw_right_bound_register__last_index=0bv32, sw_right_bound_register__last_old_value=0bv32, sw_right_bound_register__last_value=0bv32, sw_right_bound_register__last_write_site=0, sw_right_bound_register__next_write_site=0, sw_right_bound_register__wrote_any=false, sw_right_bound_register__wrote_index0=false, sw_shared_and_exclusive_count_register__last0_old_value=0bv64, sw_shared_and_exclusive_count_register__last0_value=0bv64, sw_shared_and_exclusive_count_register__last_index=0bv32, sw_shared_and_exclusive_count_register__last_old_value=0bv64, sw_shared_and_exclusive_count_register__last_value=0bv64, sw_shared_and_exclusive_count_register__last_write_site=0, sw_shared_and_exclusive_count_register__next_write_site=0, sw_shared_and_exclusive_count_register__wrote_any=false, sw_shared_and_exclusive_count_register__wrote_index0=false, sw_slots_two_sides_register__last0_old_value=0bv64, sw_slots_two_sides_register__last0_value=0bv64, sw_slots_two_sides_register__last_index=0bv32, sw_slots_two_sides_register__last_old_value=0bv64, sw_slots_two_sides_register__last_value=0bv64, sw_slots_two_sides_register__last_write_site=0, sw_slots_two_sides_register__next_write_site=0, sw_slots_two_sides_register__wrote_any=false, sw_slots_two_sides_register__wrote_index0=false, sw_tail_register__last0_old_value=0bv32, sw_tail_register__last0_value=0bv32, sw_tail_register__last_index=0bv32, sw_tail_register__last_old_value=0bv32, sw_tail_register__last_value=0bv32, sw_tail_register__last_write_site=0, sw_tail_register__next_write_site=0, sw_tail_register__wrote_any=false, sw_tail_register__wrote_index0=false, sw_tid_array_register__last0_old_value=0bv32, sw_tid_array_register__last0_value=0bv32, sw_tid_array_register__last_index=0bv32, sw_tid_array_register__last_old_value=0bv32, sw_tid_array_register__last_value=0bv32, sw_tid_array_register__last_write_site=0, sw_tid_array_register__next_write_site=0, sw_tid_array_register__wrote_any=false, sw_tid_array_register__wrote_index0=false]
[L2422]  RET         call sw_SwitchEgressParser();
[L2423]  CALL        call sw_SwitchEgress();
[L775]   CALL        call sw_SwitchEgress_change_op_type_table.apply();
[L903]               sw_SwitchEgress_change_op_type_table.hit := false;
         VAL         [client_eg_md.client_id=0bv8, client_eg_md.clone_md=0bv8, client_eg_md.ip_address=0bv32, client_eg_md.mode=0bv8, client_eg_md.tid=0bv32, client_eg_md.timestamp_hi=0bv32, client_eg_md.timestamp_lo=0bv32, client_hdr.ethernet.etherType=2048bv16, client_hdr.ethernet.valid=true, client_hdr.ipv4.dstAddr=0bv32, client_hdr.ipv4.protocol=17bv8, client_hdr.ipv4.srcAddr=0bv32, client_hdr.ipv4.valid=true, client_hdr.nlk_hdr.client_id=0bv8, client_hdr.nlk_hdr.lock=0bv32, client_hdr.nlk_hdr.mode=0bv8, client_hdr.nlk_hdr.op=0bv8, client_hdr.nlk_hdr.recirc_flag=0bv8, client_hdr.nlk_hdr.tid=0bv32, client_hdr.nlk_hdr.timestamp_hi=0bv32, client_hdr.nlk_hdr.timestamp_lo=0bv32, client_hdr.nlk_hdr.valid=true, client_hdr.recirculate_hdr.cur_head=0bv32, client_hdr.recirculate_hdr.cur_tail=0bv32, client_hdr.recirculate_hdr.dequeued_mode=0bv8, client_hdr.udp.dstPort=8888bv16, client_hdr.udp.valid=true, client_ig_intr_md.resubmit_flag=1bv1, client_ig_md.client_id=0bv8, client_ig_md.dequeued_mode=0bv8, client_ig_md.do_resubmit=0bv1, client_ig_md.empty_slots=0bv32, client_ig_md.empty_slots_before_pop=0bv32, client_ig_md.head=0bv32, client_ig_md.ip_address=0bv32, client_ig_md.left=0bv32, client_ig_md.length_in_server=0bv32, client_ig_md.lock_exist=0bv1, client_ig_md.lock_id=0bv32, client_ig_md.locked=0bv32, client_ig_md.mode=0bv8, client_ig_md.pkt_type=2bv8, client_ig_md.queue_size_op=0bv32, client_ig_md.recirc_flag=0bv8, client_ig_md.right=0bv32, client_ig_md.routed=0bv1, client_ig_md.size_of_queue=0bv32, client_ig_md.tail=0bv32, client_ig_md.tid=0bv32, client_ig_md.timestamp_hi=0bv32, client_ig_md.timestamp_lo=0bv32, client_inbox_count=0, client_pkt_external=false, procurator_phase=2, procurator_step=2, sw_SwitchEgress_change_op_type_table.hit=false, sw_client_id_array_register__last0_old_value=0bv8, sw_client_id_array_register__last0_value=0bv8, sw_client_id_array_register__last_index=0bv32, sw_client_id_array_register__last_old_value=0bv8, sw_client_id_array_register__last_value=0bv8, sw_client_id_array_register__last_write_site=0, sw_client_id_array_register__next_write_site=0, sw_client_id_array_register__wrote_any=false, sw_client_id_array_register__wrote_index0=false, sw_drop=true, sw_eg_md.client_id=0bv8, sw_eg_md.clone_md=0bv8, sw_eg_md.ip_address=0bv32, sw_eg_md.mode=0bv8, sw_eg_md.tid=0bv32, sw_eg_md.timestamp_hi=0bv32, sw_eg_md.timestamp_lo=0bv32, sw_hdr.ethernet.etherType=2048bv16, sw_hdr.ethernet.valid=true, sw_hdr.ipv4.dstAddr=0bv32, sw_hdr.ipv4.protocol=17bv8, sw_hdr.ipv4.srcAddr=0bv32, sw_hdr.ipv4.valid=true, sw_hdr.nlk_hdr.client_id=0bv8, sw_hdr.nlk_hdr.lock=0bv32, sw_hdr.nlk_hdr.mode=0bv8, sw_hdr.nlk_hdr.op=0bv8, sw_hdr.nlk_hdr.recirc_flag=0bv8, sw_hdr.nlk_hdr.tid=0bv32, sw_hdr.nlk_hdr.timestamp_hi=0bv32, sw_hdr.nlk_hdr.timestamp_lo=0bv32, sw_hdr.nlk_hdr.valid=true, sw_hdr.recirculate_hdr.cur_head=0bv32, sw_hdr.recirculate_hdr.cur_tail=0bv32, sw_hdr.recirculate_hdr.dequeued_mode=0bv8, sw_hdr.udp.dstPort=8888bv16, sw_hdr.udp.valid=true, sw_head_register__last0_old_value=0bv32, sw_head_register__last0_value=0bv32, sw_head_register__last_index=0bv32, sw_head_register__last_old_value=0bv32, sw_head_register__last_value=0bv32, sw_head_register__last_write_site=0, sw_head_register__next_write_site=0, sw_head_register__wrote_any=false, sw_head_register__wrote_index0=false, sw_ig_intr_md.resubmit_flag=1bv1, sw_ig_md.client_id=0bv8, sw_ig_md.dequeued_mode=0bv8, sw_ig_md.do_resubmit=0bv1, sw_ig_md.empty_slots=0bv32, sw_ig_md.empty_slots_before_pop=0bv32, sw_ig_md.head=0bv32, sw_ig_md.ip_address=0bv32, sw_ig_md.left=0bv32, sw_ig_md.length_in_server=0bv32, sw_ig_md.lock_exist=0bv1, sw_ig_md.lock_id=0bv32, sw_ig_md.locked=0bv32, sw_ig_md.mode=0bv8, sw_ig_md.pkt_type=2bv8, sw_ig_md.queue_size_op=0bv32, sw_ig_md.recirc_flag=0bv8, sw_ig_md.right=0bv32, sw_ig_md.routed=0bv1, sw_ig_md.size_of_queue=0bv32, sw_ig_md.tail=0bv32, sw_ig_md.tid=0bv32, sw_ig_md.timestamp_hi=0bv32, sw_ig_md.timestamp_lo=0bv32, sw_inbox_count=0, sw_ip_array_register__last0_old_value=0bv32, sw_ip_array_register__last0_value=0bv32, sw_ip_array_register__last_index=0bv32, sw_ip_array_register__last_old_value=0bv32, sw_ip_array_register__last_value=0bv32, sw_ip_array_register__last_write_site=0, sw_ip_array_register__next_write_site=0, sw_ip_array_register__wrote_any=false, sw_ip_array_register__wrote_index0=false, sw_left_bound_register__last0_old_value=0bv32, sw_left_bound_register__last0_value=0bv32, sw_left_bound_register__last_index=0bv32, sw_left_bound_register__last_old_value=0bv32, sw_left_bound_register__last_value=0bv32, sw_left_bound_register__last_write_site=0, sw_left_bound_register__next_write_site=0, sw_left_bound_register__wrote_any=false, sw_left_bound_register__wrote_index0=false, sw_mirror_md_0.pkt_type=2bv8, sw_mode_array_register__last0_old_value=0bv8, sw_mode_array_register__last0_value=0bv8, sw_mode_array_register__last_index=0bv32, sw_mode_array_register__last_old_value=0bv8, sw_mode_array_register__last_value=0bv8, sw_mode_array_register__last_write_site=0, sw_mode_array_register__next_write_site=0, sw_mode_array_register__wrote_any=false, sw_mode_array_register__wrote_index0=false, sw_p4b_checksum_error=false, sw_p4b_checksum_updated=false, sw_p4b_checksum_verified=false, sw_p4b_clone_e2e=false, sw_p4b_clone_i2e=false, sw_p4b_clone_i2i=false, sw_p4b_digest=false, sw_p4b_recirculate=false, sw_pkt_external=true, sw_queue_size_op_register__last0_old_value=0bv32, sw_queue_size_op_register__last0_value=0bv32, sw_queue_size_op_register__last_index=0bv32, sw_queue_size_op_register__last_old_value=0bv32, sw_queue_size_op_register__last_value=0bv32, sw_queue_size_op_register__last_write_site=0, sw_queue_size_op_register__next_write_site=0, sw_queue_size_op_register__wrote_any=false, sw_queue_size_op_register__wrote_index0=false, sw_right_bound_register__last0_old_value=0bv32, sw_right_bound_register__last0_value=0bv32, sw_right_bound_register__last_index=0bv32, sw_right_bound_register__last_old_value=0bv32, sw_right_bound_register__last_value=0bv32, sw_right_bound_register__last_write_site=0, sw_right_bound_register__next_write_site=0, sw_right_bound_register__wrote_any=false, sw_right_bound_register__wrote_index0=false, sw_shared_and_exclusive_count_register__last0_old_value=0bv64, sw_shared_and_exclusive_count_register__last0_value=0bv64, sw_shared_and_exclusive_count_register__last_index=0bv32, sw_shared_and_exclusive_count_register__last_old_value=0bv64, sw_shared_and_exclusive_count_register__last_value=0bv64, sw_shared_and_exclusive_count_register__last_write_site=0, sw_shared_and_exclusive_count_register__next_write_site=0, sw_shared_and_exclusive_count_register__wrote_any=false, sw_shared_and_exclusive_count_register__wrote_index0=false, sw_slots_two_sides_register__last0_old_value=0bv64, sw_slots_two_sides_register__last0_value=0bv64, sw_slots_two_sides_register__last_index=0bv32, sw_slots_two_sides_register__last_old_value=0bv64, sw_slots_two_sides_register__last_value=0bv64, sw_slots_two_sides_register__last_write_site=0, sw_slots_two_sides_register__next_write_site=0, sw_slots_two_sides_register__wrote_any=false, sw_slots_two_sides_register__wrote_index0=false, sw_tail_register__last0_old_value=0bv32, sw_tail_register__last0_value=0bv32, sw_tail_register__last_index=0bv32, sw_tail_register__last_old_value=0bv32, sw_tail_register__last_value=0bv32, sw_tail_register__last_write_site=0, sw_tail_register__next_write_site=0, sw_tail_register__wrote_any=false, sw_tail_register__wrote_index0=false, sw_tid_array_register__last0_old_value=0bv32, sw_tid_array_register__last0_value=0bv32, sw_tid_array_register__last_index=0bv32, sw_tid_array_register__last_old_value=0bv32, sw_tid_array_register__last_value=0bv32, sw_tid_array_register__last_write_site=0, sw_tid_array_register__next_write_site=0, sw_tid_array_register__wrote_any=false, sw_tid_array_register__wrote_index0=false]
[L907]               assume sw_SwitchEgress_change_op_type_table.action_run == sw_SwitchEgress_change_op_type_table.action.SwitchEgress_change_op_type_action;
[L908]   CALL        call sw_SwitchEgress_change_op_type_action();
[L889]               sw_hdr.nlk_hdr.recirc_flag := 0bv8;
[L890]               sw_hdr.nlk_hdr.op := 0bv8;
[L891]               sw_hdr.nlk_hdr.tid := sw_eg_md.tid;
[L892]               sw_hdr.nlk_hdr.mode := sw_eg_md.mode;
[L893]               sw_hdr.nlk_hdr.client_id := sw_eg_md.client_id;
[L894]               sw_hdr.ipv4.dstAddr := sw_eg_md.ip_address;
[L895]               sw_hdr.ipv4.srcAddr := sw_eg_md.ip_address;
[L896]               sw_hdr.udp.dstPort := 8888bv16;
         VAL         [client_eg_md.client_id=0bv8, client_eg_md.clone_md=0bv8, client_eg_md.ip_address=0bv32, client_eg_md.mode=0bv8, client_eg_md.tid=0bv32, client_eg_md.timestamp_hi=0bv32, client_eg_md.timestamp_lo=0bv32, client_hdr.ethernet.etherType=2048bv16, client_hdr.ethernet.valid=true, client_hdr.ipv4.dstAddr=0bv32, client_hdr.ipv4.protocol=17bv8, client_hdr.ipv4.srcAddr=0bv32, client_hdr.ipv4.valid=true, client_hdr.nlk_hdr.client_id=0bv8, client_hdr.nlk_hdr.lock=0bv32, client_hdr.nlk_hdr.mode=0bv8, client_hdr.nlk_hdr.op=0bv8, client_hdr.nlk_hdr.recirc_flag=0bv8, client_hdr.nlk_hdr.tid=0bv32, client_hdr.nlk_hdr.timestamp_hi=0bv32, client_hdr.nlk_hdr.timestamp_lo=0bv32, client_hdr.nlk_hdr.valid=true, client_hdr.recirculate_hdr.cur_head=0bv32, client_hdr.recirculate_hdr.cur_tail=0bv32, client_hdr.recirculate_hdr.dequeued_mode=0bv8, client_hdr.udp.dstPort=8888bv16, client_hdr.udp.valid=true, client_ig_intr_md.resubmit_flag=1bv1, client_ig_md.client_id=0bv8, client_ig_md.dequeued_mode=0bv8, client_ig_md.do_resubmit=0bv1, client_ig_md.empty_slots=0bv32, client_ig_md.empty_slots_before_pop=0bv32, client_ig_md.head=0bv32, client_ig_md.ip_address=0bv32, client_ig_md.left=0bv32, client_ig_md.length_in_server=0bv32, client_ig_md.lock_exist=0bv1, client_ig_md.lock_id=0bv32, client_ig_md.locked=0bv32, client_ig_md.mode=0bv8, client_ig_md.pkt_type=2bv8, client_ig_md.queue_size_op=0bv32, client_ig_md.recirc_flag=0bv8, client_ig_md.right=0bv32, client_ig_md.routed=0bv1, client_ig_md.size_of_queue=0bv32, client_ig_md.tail=0bv32, client_ig_md.tid=0bv32, client_ig_md.timestamp_hi=0bv32, client_ig_md.timestamp_lo=0bv32, client_inbox_count=0, client_pkt_external=false, procurator_phase=2, procurator_step=2, sw_SwitchEgress_change_op_type_table.hit=false, sw_client_id_array_register__last0_old_value=0bv8, sw_client_id_array_register__last0_value=0bv8, sw_client_id_array_register__last_index=0bv32, sw_client_id_array_register__last_old_value=0bv8, sw_client_id_array_register__last_value=0bv8, sw_client_id_array_register__last_write_site=0, sw_client_id_array_register__next_write_site=0, sw_client_id_array_register__wrote_any=false, sw_client_id_array_register__wrote_index0=false, sw_drop=true, sw_eg_md.client_id=0bv8, sw_eg_md.clone_md=0bv8, sw_eg_md.ip_address=0bv32, sw_eg_md.mode=0bv8, sw_eg_md.tid=0bv32, sw_eg_md.timestamp_hi=0bv32, sw_eg_md.timestamp_lo=0bv32, sw_hdr.ethernet.etherType=2048bv16, sw_hdr.ethernet.valid=true, sw_hdr.ipv4.dstAddr=0bv32, sw_hdr.ipv4.protocol=17bv8, sw_hdr.ipv4.srcAddr=0bv32, sw_hdr.ipv4.valid=true, sw_hdr.nlk_hdr.client_id=0bv8, sw_hdr.nlk_hdr.lock=0bv32, sw_hdr.nlk_hdr.mode=0bv8, sw_hdr.nlk_hdr.op=0bv8, sw_hdr.nlk_hdr.recirc_flag=0bv8, sw_hdr.nlk_hdr.tid=0bv32, sw_hdr.nlk_hdr.timestamp_hi=0bv32, sw_hdr.nlk_hdr.timestamp_lo=0bv32, sw_hdr.nlk_hdr.valid=true, sw_hdr.recirculate_hdr.cur_head=0bv32, sw_hdr.recirculate_hdr.cur_tail=0bv32, sw_hdr.recirculate_hdr.dequeued_mode=0bv8, sw_hdr.udp.dstPort=8888bv16, sw_hdr.udp.valid=true, sw_head_register__last0_old_value=0bv32, sw_head_register__last0_value=0bv32, sw_head_register__last_index=0bv32, sw_head_register__last_old_value=0bv32, sw_head_register__last_value=0bv32, sw_head_register__last_write_site=0, sw_head_register__next_write_site=0, sw_head_register__wrote_any=false, sw_head_register__wrote_index0=false, sw_ig_intr_md.resubmit_flag=1bv1, sw_ig_md.client_id=0bv8, sw_ig_md.dequeued_mode=0bv8, sw_ig_md.do_resubmit=0bv1, sw_ig_md.empty_slots=0bv32, sw_ig_md.empty_slots_before_pop=0bv32, sw_ig_md.head=0bv32, sw_ig_md.ip_address=0bv32, sw_ig_md.left=0bv32, sw_ig_md.length_in_server=0bv32, sw_ig_md.lock_exist=0bv1, sw_ig_md.lock_id=0bv32, sw_ig_md.locked=0bv32, sw_ig_md.mode=0bv8, sw_ig_md.pkt_type=2bv8, sw_ig_md.queue_size_op=0bv32, sw_ig_md.recirc_flag=0bv8, sw_ig_md.right=0bv32, sw_ig_md.routed=0bv1, sw_ig_md.size_of_queue=0bv32, sw_ig_md.tail=0bv32, sw_ig_md.tid=0bv32, sw_ig_md.timestamp_hi=0bv32, sw_ig_md.timestamp_lo=0bv32, sw_inbox_count=0, sw_ip_array_register__last0_old_value=0bv32, sw_ip_array_register__last0_value=0bv32, sw_ip_array_register__last_index=0bv32, sw_ip_array_register__last_old_value=0bv32, sw_ip_array_register__last_value=0bv32, sw_ip_array_register__last_write_site=0, sw_ip_array_register__next_write_site=0, sw_ip_array_register__wrote_any=false, sw_ip_array_register__wrote_index0=false, sw_left_bound_register__last0_old_value=0bv32, sw_left_bound_register__last0_value=0bv32, sw_left_bound_register__last_index=0bv32, sw_left_bound_register__last_old_value=0bv32, sw_left_bound_register__last_value=0bv32, sw_left_bound_register__last_write_site=0, sw_left_bound_register__next_write_site=0, sw_left_bound_register__wrote_any=false, sw_left_bound_register__wrote_index0=false, sw_mirror_md_0.pkt_type=2bv8, sw_mode_array_register__last0_old_value=0bv8, sw_mode_array_register__last0_value=0bv8, sw_mode_array_register__last_index=0bv32, sw_mode_array_register__last_old_value=0bv8, sw_mode_array_register__last_value=0bv8, sw_mode_array_register__last_write_site=0, sw_mode_array_register__next_write_site=0, sw_mode_array_register__wrote_any=false, sw_mode_array_register__wrote_index0=false, sw_p4b_checksum_error=false, sw_p4b_checksum_updated=false, sw_p4b_checksum_verified=false, sw_p4b_clone_e2e=false, sw_p4b_clone_i2e=false, sw_p4b_clone_i2i=false, sw_p4b_digest=false, sw_p4b_recirculate=false, sw_pkt_external=true, sw_queue_size_op_register__last0_old_value=0bv32, sw_queue_size_op_register__last0_value=0bv32, sw_queue_size_op_register__last_index=0bv32, sw_queue_size_op_register__last_old_value=0bv32, sw_queue_size_op_register__last_value=0bv32, sw_queue_size_op_register__last_write_site=0, sw_queue_size_op_register__next_write_site=0, sw_queue_size_op_register__wrote_any=false, sw_queue_size_op_register__wrote_index0=false, sw_right_bound_register__last0_old_value=0bv32, sw_right_bound_register__last0_value=0bv32, sw_right_bound_register__last_index=0bv32, sw_right_bound_register__last_old_value=0bv32, sw_right_bound_register__last_value=0bv32, sw_right_bound_register__last_write_site=0, sw_right_bound_register__next_write_site=0, sw_right_bound_register__wrote_any=false, sw_right_bound_register__wrote_index0=false, sw_shared_and_exclusive_count_register__last0_old_value=0bv64, sw_shared_and_exclusive_count_register__last0_value=0bv64, sw_shared_and_exclusive_count_register__last_index=0bv32, sw_shared_and_exclusive_count_register__last_old_value=0bv64, sw_shared_and_exclusive_count_register__last_value=0bv64, sw_shared_and_exclusive_count_register__last_write_site=0, sw_shared_and_exclusive_count_register__next_write_site=0, sw_shared_and_exclusive_count_register__wrote_any=false, sw_shared_and_exclusive_count_register__wrote_index0=false, sw_slots_two_sides_register__last0_old_value=0bv64, sw_slots_two_sides_register__last0_value=0bv64, sw_slots_two_sides_register__last_index=0bv32, sw_slots_two_sides_register__last_old_value=0bv64, sw_slots_two_sides_register__last_value=0bv64, sw_slots_two_sides_register__last_write_site=0, sw_slots_two_sides_register__next_write_site=0, sw_slots_two_sides_register__wrote_any=false, sw_slots_two_sides_register__wrote_index0=false, sw_tail_register__last0_old_value=0bv32, sw_tail_register__last0_value=0bv32, sw_tail_register__last_index=0bv32, sw_tail_register__last_old_value=0bv32, sw_tail_register__last_value=0bv32, sw_tail_register__last_write_site=0, sw_tail_register__next_write_site=0, sw_tail_register__wrote_any=false, sw_tail_register__wrote_index0=false, sw_tid_array_register__last0_old_value=0bv32, sw_tid_array_register__last0_value=0bv32, sw_tid_array_register__last_index=0bv32, sw_tid_array_register__last_old_value=0bv32, sw_tid_array_register__last_value=0bv32, sw_tid_array_register__last_write_site=0, sw_tid_array_register__next_write_site=0, sw_tid_array_register__wrote_any=false, sw_tid_array_register__wrote_index0=false]
[L908]   RET         call sw_SwitchEgress_change_op_type_action();
[L775]   RET         call sw_SwitchEgress_change_op_type_table.apply();
[L2423]  RET         call sw_SwitchEgress();
[L2424]  CALL        call sw_SwitchEgressDeparser();
[L2424]  RET         call sw_SwitchEgressDeparser();
[L2379]  RET         call sw_pipe();
[L2380]  COND TRUE   sw_forward == false
[L2381]              sw_drop := true;
         VAL         [client_eg_md.client_id=0bv8, client_eg_md.clone_md=0bv8, client_eg_md.ip_address=0bv32, client_eg_md.mode=0bv8, client_eg_md.tid=0bv32, client_eg_md.timestamp_hi=0bv32, client_eg_md.timestamp_lo=0bv32, client_hdr.ethernet.etherType=2048bv16, client_hdr.ethernet.valid=true, client_hdr.ipv4.dstAddr=0bv32, client_hdr.ipv4.protocol=17bv8, client_hdr.ipv4.srcAddr=0bv32, client_hdr.ipv4.valid=true, client_hdr.nlk_hdr.client_id=0bv8, client_hdr.nlk_hdr.lock=0bv32, client_hdr.nlk_hdr.mode=0bv8, client_hdr.nlk_hdr.op=0bv8, client_hdr.nlk_hdr.recirc_flag=0bv8, client_hdr.nlk_hdr.tid=0bv32, client_hdr.nlk_hdr.timestamp_hi=0bv32, client_hdr.nlk_hdr.timestamp_lo=0bv32, client_hdr.nlk_hdr.valid=true, client_hdr.recirculate_hdr.cur_head=0bv32, client_hdr.recirculate_hdr.cur_tail=0bv32, client_hdr.recirculate_hdr.dequeued_mode=0bv8, client_hdr.udp.dstPort=8888bv16, client_hdr.udp.valid=true, client_ig_intr_md.resubmit_flag=1bv1, client_ig_md.client_id=0bv8, client_ig_md.dequeued_mode=0bv8, client_ig_md.do_resubmit=0bv1, client_ig_md.empty_slots=0bv32, client_ig_md.empty_slots_before_pop=0bv32, client_ig_md.head=0bv32, client_ig_md.ip_address=0bv32, client_ig_md.left=0bv32, client_ig_md.length_in_server=0bv32, client_ig_md.lock_exist=0bv1, client_ig_md.lock_id=0bv32, client_ig_md.locked=0bv32, client_ig_md.mode=0bv8, client_ig_md.pkt_type=2bv8, client_ig_md.queue_size_op=0bv32, client_ig_md.recirc_flag=0bv8, client_ig_md.right=0bv32, client_ig_md.routed=0bv1, client_ig_md.size_of_queue=0bv32, client_ig_md.tail=0bv32, client_ig_md.tid=0bv32, client_ig_md.timestamp_hi=0bv32, client_ig_md.timestamp_lo=0bv32, client_inbox_count=0, client_pkt_external=false, procurator_phase=2, procurator_step=2, sw_SwitchEgress_change_op_type_table.hit=false, sw_client_id_array_register__last0_old_value=0bv8, sw_client_id_array_register__last0_value=0bv8, sw_client_id_array_register__last_index=0bv32, sw_client_id_array_register__last_old_value=0bv8, sw_client_id_array_register__last_value=0bv8, sw_client_id_array_register__last_write_site=0, sw_client_id_array_register__next_write_site=0, sw_client_id_array_register__wrote_any=false, sw_client_id_array_register__wrote_index0=false, sw_drop=true, sw_eg_md.client_id=0bv8, sw_eg_md.clone_md=0bv8, sw_eg_md.ip_address=0bv32, sw_eg_md.mode=0bv8, sw_eg_md.tid=0bv32, sw_eg_md.timestamp_hi=0bv32, sw_eg_md.timestamp_lo=0bv32, sw_forward=false, sw_hdr.ethernet.etherType=2048bv16, sw_hdr.ethernet.valid=true, sw_hdr.ipv4.dstAddr=0bv32, sw_hdr.ipv4.protocol=17bv8, sw_hdr.ipv4.srcAddr=0bv32, sw_hdr.ipv4.valid=true, sw_hdr.nlk_hdr.client_id=0bv8, sw_hdr.nlk_hdr.lock=0bv32, sw_hdr.nlk_hdr.mode=0bv8, sw_hdr.nlk_hdr.op=0bv8, sw_hdr.nlk_hdr.recirc_flag=0bv8, sw_hdr.nlk_hdr.tid=0bv32, sw_hdr.nlk_hdr.timestamp_hi=0bv32, sw_hdr.nlk_hdr.timestamp_lo=0bv32, sw_hdr.nlk_hdr.valid=true, sw_hdr.recirculate_hdr.cur_head=0bv32, sw_hdr.recirculate_hdr.cur_tail=0bv32, sw_hdr.recirculate_hdr.dequeued_mode=0bv8, sw_hdr.udp.dstPort=8888bv16, sw_hdr.udp.valid=true, sw_head_register__last0_old_value=0bv32, sw_head_register__last0_value=0bv32, sw_head_register__last_index=0bv32, sw_head_register__last_old_value=0bv32, sw_head_register__last_value=0bv32, sw_head_register__last_write_site=0, sw_head_register__next_write_site=0, sw_head_register__wrote_any=false, sw_head_register__wrote_index0=false, sw_ig_intr_md.resubmit_flag=1bv1, sw_ig_md.client_id=0bv8, sw_ig_md.dequeued_mode=0bv8, sw_ig_md.do_resubmit=0bv1, sw_ig_md.empty_slots=0bv32, sw_ig_md.empty_slots_before_pop=0bv32, sw_ig_md.head=0bv32, sw_ig_md.ip_address=0bv32, sw_ig_md.left=0bv32, sw_ig_md.length_in_server=0bv32, sw_ig_md.lock_exist=0bv1, sw_ig_md.lock_id=0bv32, sw_ig_md.locked=0bv32, sw_ig_md.mode=0bv8, sw_ig_md.pkt_type=2bv8, sw_ig_md.queue_size_op=0bv32, sw_ig_md.recirc_flag=0bv8, sw_ig_md.right=0bv32, sw_ig_md.routed=0bv1, sw_ig_md.size_of_queue=0bv32, sw_ig_md.tail=0bv32, sw_ig_md.tid=0bv32, sw_ig_md.timestamp_hi=0bv32, sw_ig_md.timestamp_lo=0bv32, sw_inbox_count=0, sw_ip_array_register__last0_old_value=0bv32, sw_ip_array_register__last0_value=0bv32, sw_ip_array_register__last_index=0bv32, sw_ip_array_register__last_old_value=0bv32, sw_ip_array_register__last_value=0bv32, sw_ip_array_register__last_write_site=0, sw_ip_array_register__next_write_site=0, sw_ip_array_register__wrote_any=false, sw_ip_array_register__wrote_index0=false, sw_left_bound_register__last0_old_value=0bv32, sw_left_bound_register__last0_value=0bv32, sw_left_bound_register__last_index=0bv32, sw_left_bound_register__last_old_value=0bv32, sw_left_bound_register__last_value=0bv32, sw_left_bound_register__last_write_site=0, sw_left_bound_register__next_write_site=0, sw_left_bound_register__wrote_any=false, sw_left_bound_register__wrote_index0=false, sw_mirror_md_0.pkt_type=2bv8, sw_mode_array_register__last0_old_value=0bv8, sw_mode_array_register__last0_value=0bv8, sw_mode_array_register__last_index=0bv32, sw_mode_array_register__last_old_value=0bv8, sw_mode_array_register__last_value=0bv8, sw_mode_array_register__last_write_site=0, sw_mode_array_register__next_write_site=0, sw_mode_array_register__wrote_any=false, sw_mode_array_register__wrote_index0=false, sw_p4b_checksum_error=false, sw_p4b_checksum_updated=false, sw_p4b_checksum_verified=false, sw_p4b_clone_e2e=false, sw_p4b_clone_i2e=false, sw_p4b_clone_i2i=false, sw_p4b_digest=false, sw_p4b_recirculate=false, sw_pkt_external=true, sw_queue_size_op_register__last0_old_value=0bv32, sw_queue_size_op_register__last0_value=0bv32, sw_queue_size_op_register__last_index=0bv32, sw_queue_size_op_register__last_old_value=0bv32, sw_queue_size_op_register__last_value=0bv32, sw_queue_size_op_register__last_write_site=0, sw_queue_size_op_register__next_write_site=0, sw_queue_size_op_register__wrote_any=false, sw_queue_size_op_register__wrote_index0=false, sw_right_bound_register__last0_old_value=0bv32, sw_right_bound_register__last0_value=0bv32, sw_right_bound_register__last_index=0bv32, sw_right_bound_register__last_old_value=0bv32, sw_right_bound_register__last_value=0bv32, sw_right_bound_register__last_write_site=0, sw_right_bound_register__next_write_site=0, sw_right_bound_register__wrote_any=false, sw_right_bound_register__wrote_index0=false, sw_shared_and_exclusive_count_register__last0_old_value=0bv64, sw_shared_and_exclusive_count_register__last0_value=0bv64, sw_shared_and_exclusive_count_register__last_index=0bv32, sw_shared_and_exclusive_count_register__last_old_value=0bv64, sw_shared_and_exclusive_count_register__last_value=0bv64, sw_shared_and_exclusive_count_register__last_write_site=0, sw_shared_and_exclusive_count_register__next_write_site=0, sw_shared_and_exclusive_count_register__wrote_any=false, sw_shared_and_exclusive_count_register__wrote_index0=false, sw_slots_two_sides_register__last0_old_value=0bv64, sw_slots_two_sides_register__last0_value=0bv64, sw_slots_two_sides_register__last_index=0bv32, sw_slots_two_sides_register__last_old_value=0bv64, sw_slots_two_sides_register__last_value=0bv64, sw_slots_two_sides_register__last_write_site=0, sw_slots_two_sides_register__next_write_site=0, sw_slots_two_sides_register__wrote_any=false, sw_slots_two_sides_register__wrote_index0=false, sw_tail_register__last0_old_value=0bv32, sw_tail_register__last0_value=0bv32, sw_tail_register__last_index=0bv32, sw_tail_register__last_old_value=0bv32, sw_tail_register__last_value=0bv32, sw_tail_register__last_write_site=0, sw_tail_register__next_write_site=0, sw_tail_register__wrote_any=false, sw_tail_register__wrote_index0=false, sw_tid_array_register__last0_old_value=0bv32, sw_tid_array_register__last0_value=0bv32, sw_tid_array_register__last_index=0bv32, sw_tid_array_register__last_old_value=0bv32, sw_tid_array_register__last_value=0bv32, sw_tid_array_register__last_write_site=0, sw_tid_array_register__next_write_site=0, sw_tid_array_register__wrote_any=false, sw_tid_array_register__wrote_index0=false]
[L2395]  RET         call sw_main();
[L2832]  RET         call sw_mainProcedure();
[L2833]  COND FALSE  !(sw_p4b_clone_i2e)
         VAL         [client_eg_md.client_id=0bv8, client_eg_md.clone_md=0bv8, client_eg_md.ip_address=0bv32, client_eg_md.mode=0bv8, client_eg_md.tid=0bv32, client_eg_md.timestamp_hi=0bv32, client_eg_md.timestamp_lo=0bv32, client_hdr.ethernet.etherType=2048bv16, client_hdr.ethernet.valid=true, client_hdr.ipv4.dstAddr=0bv32, client_hdr.ipv4.protocol=17bv8, client_hdr.ipv4.srcAddr=0bv32, client_hdr.ipv4.valid=true, client_hdr.nlk_hdr.client_id=0bv8, client_hdr.nlk_hdr.lock=0bv32, client_hdr.nlk_hdr.mode=0bv8, client_hdr.nlk_hdr.op=0bv8, client_hdr.nlk_hdr.recirc_flag=0bv8, client_hdr.nlk_hdr.tid=0bv32, client_hdr.nlk_hdr.timestamp_hi=0bv32, client_hdr.nlk_hdr.timestamp_lo=0bv32, client_hdr.nlk_hdr.valid=true, client_hdr.recirculate_hdr.cur_head=0bv32, client_hdr.recirculate_hdr.cur_tail=0bv32, client_hdr.recirculate_hdr.dequeued_mode=0bv8, client_hdr.udp.dstPort=8888bv16, client_hdr.udp.valid=true, client_ig_intr_md.resubmit_flag=1bv1, client_ig_md.client_id=0bv8, client_ig_md.dequeued_mode=0bv8, client_ig_md.do_resubmit=0bv1, client_ig_md.empty_slots=0bv32, client_ig_md.empty_slots_before_pop=0bv32, client_ig_md.head=0bv32, client_ig_md.ip_address=0bv32, client_ig_md.left=0bv32, client_ig_md.length_in_server=0bv32, client_ig_md.lock_exist=0bv1, client_ig_md.lock_id=0bv32, client_ig_md.locked=0bv32, client_ig_md.mode=0bv8, client_ig_md.pkt_type=2bv8, client_ig_md.queue_size_op=0bv32, client_ig_md.recirc_flag=0bv8, client_ig_md.right=0bv32, client_ig_md.routed=0bv1, client_ig_md.size_of_queue=0bv32, client_ig_md.tail=0bv32, client_ig_md.tid=0bv32, client_ig_md.timestamp_hi=0bv32, client_ig_md.timestamp_lo=0bv32, client_inbox_count=0, client_pkt_external=false, procurator_phase=2, procurator_step=2, sw_SwitchEgress_change_op_type_table.hit=false, sw_client_id_array_register__last0_old_value=0bv8, sw_client_id_array_register__last0_value=0bv8, sw_client_id_array_register__last_index=0bv32, sw_client_id_array_register__last_old_value=0bv8, sw_client_id_array_register__last_value=0bv8, sw_client_id_array_register__last_write_site=0, sw_client_id_array_register__next_write_site=0, sw_client_id_array_register__wrote_any=false, sw_client_id_array_register__wrote_index0=false, sw_drop=true, sw_eg_md.client_id=0bv8, sw_eg_md.clone_md=0bv8, sw_eg_md.ip_address=0bv32, sw_eg_md.mode=0bv8, sw_eg_md.tid=0bv32, sw_eg_md.timestamp_hi=0bv32, sw_eg_md.timestamp_lo=0bv32, sw_forward=false, sw_hdr.ethernet.etherType=2048bv16, sw_hdr.ethernet.valid=true, sw_hdr.ipv4.dstAddr=0bv32, sw_hdr.ipv4.protocol=17bv8, sw_hdr.ipv4.srcAddr=0bv32, sw_hdr.ipv4.valid=true, sw_hdr.nlk_hdr.client_id=0bv8, sw_hdr.nlk_hdr.lock=0bv32, sw_hdr.nlk_hdr.mode=0bv8, sw_hdr.nlk_hdr.op=0bv8, sw_hdr.nlk_hdr.recirc_flag=0bv8, sw_hdr.nlk_hdr.tid=0bv32, sw_hdr.nlk_hdr.timestamp_hi=0bv32, sw_hdr.nlk_hdr.timestamp_lo=0bv32, sw_hdr.nlk_hdr.valid=true, sw_hdr.recirculate_hdr.cur_head=0bv32, sw_hdr.recirculate_hdr.cur_tail=0bv32, sw_hdr.recirculate_hdr.dequeued_mode=0bv8, sw_hdr.udp.dstPort=8888bv16, sw_hdr.udp.valid=true, sw_head_register__last0_old_value=0bv32, sw_head_register__last0_value=0bv32, sw_head_register__last_index=0bv32, sw_head_register__last_old_value=0bv32, sw_head_register__last_value=0bv32, sw_head_register__last_write_site=0, sw_head_register__next_write_site=0, sw_head_register__wrote_any=false, sw_head_register__wrote_index0=false, sw_ig_intr_md.resubmit_flag=1bv1, sw_ig_md.client_id=0bv8, sw_ig_md.dequeued_mode=0bv8, sw_ig_md.do_resubmit=0bv1, sw_ig_md.empty_slots=0bv32, sw_ig_md.empty_slots_before_pop=0bv32, sw_ig_md.head=0bv32, sw_ig_md.ip_address=0bv32, sw_ig_md.left=0bv32, sw_ig_md.length_in_server=0bv32, sw_ig_md.lock_exist=0bv1, sw_ig_md.lock_id=0bv32, sw_ig_md.locked=0bv32, sw_ig_md.mode=0bv8, sw_ig_md.pkt_type=2bv8, sw_ig_md.queue_size_op=0bv32, sw_ig_md.recirc_flag=0bv8, sw_ig_md.right=0bv32, sw_ig_md.routed=0bv1, sw_ig_md.size_of_queue=0bv32, sw_ig_md.tail=0bv32, sw_ig_md.tid=0bv32, sw_ig_md.timestamp_hi=0bv32, sw_ig_md.timestamp_lo=0bv32, sw_inbox_count=0, sw_ip_array_register__last0_old_value=0bv32, sw_ip_array_register__last0_value=0bv32, sw_ip_array_register__last_index=0bv32, sw_ip_array_register__last_old_value=0bv32, sw_ip_array_register__last_value=0bv32, sw_ip_array_register__last_write_site=0, sw_ip_array_register__next_write_site=0, sw_ip_array_register__wrote_any=false, sw_ip_array_register__wrote_index0=false, sw_left_bound_register__last0_old_value=0bv32, sw_left_bound_register__last0_value=0bv32, sw_left_bound_register__last_index=0bv32, sw_left_bound_register__last_old_value=0bv32, sw_left_bound_register__last_value=0bv32, sw_left_bound_register__last_write_site=0, sw_left_bound_register__next_write_site=0, sw_left_bound_register__wrote_any=false, sw_left_bound_register__wrote_index0=false, sw_mirror_md_0.pkt_type=2bv8, sw_mode_array_register__last0_old_value=0bv8, sw_mode_array_register__last0_value=0bv8, sw_mode_array_register__last_index=0bv32, sw_mode_array_register__last_old_value=0bv8, sw_mode_array_register__last_value=0bv8, sw_mode_array_register__last_write_site=0, sw_mode_array_register__next_write_site=0, sw_mode_array_register__wrote_any=false, sw_mode_array_register__wrote_index0=false, sw_p4b_checksum_error=false, sw_p4b_checksum_updated=false, sw_p4b_checksum_verified=false, sw_p4b_clone_e2e=false, sw_p4b_clone_i2e=false, sw_p4b_clone_i2i=false, sw_p4b_digest=false, sw_p4b_recirculate=false, sw_pkt_external=true, sw_queue_size_op_register__last0_old_value=0bv32, sw_queue_size_op_register__last0_value=0bv32, sw_queue_size_op_register__last_index=0bv32, sw_queue_size_op_register__last_old_value=0bv32, sw_queue_size_op_register__last_value=0bv32, sw_queue_size_op_register__last_write_site=0, sw_queue_size_op_register__next_write_site=0, sw_queue_size_op_register__wrote_any=false, sw_queue_size_op_register__wrote_index0=false, sw_right_bound_register__last0_old_value=0bv32, sw_right_bound_register__last0_value=0bv32, sw_right_bound_register__last_index=0bv32, sw_right_bound_register__last_old_value=0bv32, sw_right_bound_register__last_value=0bv32, sw_right_bound_register__last_write_site=0, sw_right_bound_register__next_write_site=0, sw_right_bound_register__wrote_any=false, sw_right_bound_register__wrote_index0=false, sw_shared_and_exclusive_count_register__last0_old_value=0bv64, sw_shared_and_exclusive_count_register__last0_value=0bv64, sw_shared_and_exclusive_count_register__last_index=0bv32, sw_shared_and_exclusive_count_register__last_old_value=0bv64, sw_shared_and_exclusive_count_register__last_value=0bv64, sw_shared_and_exclusive_count_register__last_write_site=0, sw_shared_and_exclusive_count_register__next_write_site=0, sw_shared_and_exclusive_count_register__wrote_any=false, sw_shared_and_exclusive_count_register__wrote_index0=false, sw_slots_two_sides_register__last0_old_value=0bv64, sw_slots_two_sides_register__last0_value=0bv64, sw_slots_two_sides_register__last_index=0bv32, sw_slots_two_sides_register__last_old_value=0bv64, sw_slots_two_sides_register__last_value=0bv64, sw_slots_two_sides_register__last_write_site=0, sw_slots_two_sides_register__next_write_site=0, sw_slots_two_sides_register__wrote_any=false, sw_slots_two_sides_register__wrote_index0=false, sw_tail_register__last0_old_value=0bv32, sw_tail_register__last0_value=0bv32, sw_tail_register__last_index=0bv32, sw_tail_register__last_old_value=0bv32, sw_tail_register__last_value=0bv32, sw_tail_register__last_write_site=0, sw_tail_register__next_write_site=0, sw_tail_register__wrote_any=false, sw_tail_register__wrote_index0=false, sw_tid_array_register__last0_old_value=0bv32, sw_tid_array_register__last0_value=0bv32, sw_tid_array_register__last_index=0bv32, sw_tid_array_register__last_old_value=0bv32, sw_tid_array_register__last_value=0bv32, sw_tid_array_register__last_write_site=0, sw_tid_array_register__next_write_site=0, sw_tid_array_register__wrote_any=false, sw_tid_array_register__wrote_index0=false]
[L2838]              sw_p4b_clone_i2e := false;
         VAL         [client_eg_md.client_id=0bv8, client_eg_md.clone_md=0bv8, client_eg_md.ip_address=0bv32, client_eg_md.mode=0bv8, client_eg_md.tid=0bv32, client_eg_md.timestamp_hi=0bv32, client_eg_md.timestamp_lo=0bv32, client_hdr.ethernet.etherType=2048bv16, client_hdr.ethernet.valid=true, client_hdr.ipv4.dstAddr=0bv32, client_hdr.ipv4.protocol=17bv8, client_hdr.ipv4.srcAddr=0bv32, client_hdr.ipv4.valid=true, client_hdr.nlk_hdr.client_id=0bv8, client_hdr.nlk_hdr.lock=0bv32, client_hdr.nlk_hdr.mode=0bv8, client_hdr.nlk_hdr.op=0bv8, client_hdr.nlk_hdr.recirc_flag=0bv8, client_hdr.nlk_hdr.tid=0bv32, client_hdr.nlk_hdr.timestamp_hi=0bv32, client_hdr.nlk_hdr.timestamp_lo=0bv32, client_hdr.nlk_hdr.valid=true, client_hdr.recirculate_hdr.cur_head=0bv32, client_hdr.recirculate_hdr.cur_tail=0bv32, client_hdr.recirculate_hdr.dequeued_mode=0bv8, client_hdr.udp.dstPort=8888bv16, client_hdr.udp.valid=true, client_ig_intr_md.resubmit_flag=1bv1, client_ig_md.client_id=0bv8, client_ig_md.dequeued_mode=0bv8, client_ig_md.do_resubmit=0bv1, client_ig_md.empty_slots=0bv32, client_ig_md.empty_slots_before_pop=0bv32, client_ig_md.head=0bv32, client_ig_md.ip_address=0bv32, client_ig_md.left=0bv32, client_ig_md.length_in_server=0bv32, client_ig_md.lock_exist=0bv1, client_ig_md.lock_id=0bv32, client_ig_md.locked=0bv32, client_ig_md.mode=0bv8, client_ig_md.pkt_type=2bv8, client_ig_md.queue_size_op=0bv32, client_ig_md.recirc_flag=0bv8, client_ig_md.right=0bv32, client_ig_md.routed=0bv1, client_ig_md.size_of_queue=0bv32, client_ig_md.tail=0bv32, client_ig_md.tid=0bv32, client_ig_md.timestamp_hi=0bv32, client_ig_md.timestamp_lo=0bv32, client_inbox_count=0, client_pkt_external=false, procurator_phase=2, procurator_step=2, sw_SwitchEgress_change_op_type_table.hit=false, sw_client_id_array_register__last0_old_value=0bv8, sw_client_id_array_register__last0_value=0bv8, sw_client_id_array_register__last_index=0bv32, sw_client_id_array_register__last_old_value=0bv8, sw_client_id_array_register__last_value=0bv8, sw_client_id_array_register__last_write_site=0, sw_client_id_array_register__next_write_site=0, sw_client_id_array_register__wrote_any=false, sw_client_id_array_register__wrote_index0=false, sw_drop=true, sw_eg_md.client_id=0bv8, sw_eg_md.clone_md=0bv8, sw_eg_md.ip_address=0bv32, sw_eg_md.mode=0bv8, sw_eg_md.tid=0bv32, sw_eg_md.timestamp_hi=0bv32, sw_eg_md.timestamp_lo=0bv32, sw_forward=false, sw_hdr.ethernet.etherType=2048bv16, sw_hdr.ethernet.valid=true, sw_hdr.ipv4.dstAddr=0bv32, sw_hdr.ipv4.protocol=17bv8, sw_hdr.ipv4.srcAddr=0bv32, sw_hdr.ipv4.valid=true, sw_hdr.nlk_hdr.client_id=0bv8, sw_hdr.nlk_hdr.lock=0bv32, sw_hdr.nlk_hdr.mode=0bv8, sw_hdr.nlk_hdr.op=0bv8, sw_hdr.nlk_hdr.recirc_flag=0bv8, sw_hdr.nlk_hdr.tid=0bv32, sw_hdr.nlk_hdr.timestamp_hi=0bv32, sw_hdr.nlk_hdr.timestamp_lo=0bv32, sw_hdr.nlk_hdr.valid=true, sw_hdr.recirculate_hdr.cur_head=0bv32, sw_hdr.recirculate_hdr.cur_tail=0bv32, sw_hdr.recirculate_hdr.dequeued_mode=0bv8, sw_hdr.udp.dstPort=8888bv16, sw_hdr.udp.valid=true, sw_head_register__last0_old_value=0bv32, sw_head_register__last0_value=0bv32, sw_head_register__last_index=0bv32, sw_head_register__last_old_value=0bv32, sw_head_register__last_value=0bv32, sw_head_register__last_write_site=0, sw_head_register__next_write_site=0, sw_head_register__wrote_any=false, sw_head_register__wrote_index0=false, sw_ig_intr_md.resubmit_flag=1bv1, sw_ig_md.client_id=0bv8, sw_ig_md.dequeued_mode=0bv8, sw_ig_md.do_resubmit=0bv1, sw_ig_md.empty_slots=0bv32, sw_ig_md.empty_slots_before_pop=0bv32, sw_ig_md.head=0bv32, sw_ig_md.ip_address=0bv32, sw_ig_md.left=0bv32, sw_ig_md.length_in_server=0bv32, sw_ig_md.lock_exist=0bv1, sw_ig_md.lock_id=0bv32, sw_ig_md.locked=0bv32, sw_ig_md.mode=0bv8, sw_ig_md.pkt_type=2bv8, sw_ig_md.queue_size_op=0bv32, sw_ig_md.recirc_flag=0bv8, sw_ig_md.right=0bv32, sw_ig_md.routed=0bv1, sw_ig_md.size_of_queue=0bv32, sw_ig_md.tail=0bv32, sw_ig_md.tid=0bv32, sw_ig_md.timestamp_hi=0bv32, sw_ig_md.timestamp_lo=0bv32, sw_inbox_count=0, sw_ip_array_register__last0_old_value=0bv32, sw_ip_array_register__last0_value=0bv32, sw_ip_array_register__last_index=0bv32, sw_ip_array_register__last_old_value=0bv32, sw_ip_array_register__last_value=0bv32, sw_ip_array_register__last_write_site=0, sw_ip_array_register__next_write_site=0, sw_ip_array_register__wrote_any=false, sw_ip_array_register__wrote_index0=false, sw_left_bound_register__last0_old_value=0bv32, sw_left_bound_register__last0_value=0bv32, sw_left_bound_register__last_index=0bv32, sw_left_bound_register__last_old_value=0bv32, sw_left_bound_register__last_value=0bv32, sw_left_bound_register__last_write_site=0, sw_left_bound_register__next_write_site=0, sw_left_bound_register__wrote_any=false, sw_left_bound_register__wrote_index0=false, sw_mirror_md_0.pkt_type=2bv8, sw_mode_array_register__last0_old_value=0bv8, sw_mode_array_register__last0_value=0bv8, sw_mode_array_register__last_index=0bv32, sw_mode_array_register__last_old_value=0bv8, sw_mode_array_register__last_value=0bv8, sw_mode_array_register__last_write_site=0, sw_mode_array_register__next_write_site=0, sw_mode_array_register__wrote_any=false, sw_mode_array_register__wrote_index0=false, sw_p4b_checksum_error=false, sw_p4b_checksum_updated=false, sw_p4b_checksum_verified=false, sw_p4b_clone_e2e=false, sw_p4b_clone_i2e=false, sw_p4b_clone_i2i=false, sw_p4b_digest=false, sw_p4b_recirculate=false, sw_pkt_external=true, sw_queue_size_op_register__last0_old_value=0bv32, sw_queue_size_op_register__last0_value=0bv32, sw_queue_size_op_register__last_index=0bv32, sw_queue_size_op_register__last_old_value=0bv32, sw_queue_size_op_register__last_value=0bv32, sw_queue_size_op_register__last_write_site=0, sw_queue_size_op_register__next_write_site=0, sw_queue_size_op_register__wrote_any=false, sw_queue_size_op_register__wrote_index0=false, sw_right_bound_register__last0_old_value=0bv32, sw_right_bound_register__last0_value=0bv32, sw_right_bound_register__last_index=0bv32, sw_right_bound_register__last_old_value=0bv32, sw_right_bound_register__last_value=0bv32, sw_right_bound_register__last_write_site=0, sw_right_bound_register__next_write_site=0, sw_right_bound_register__wrote_any=false, sw_right_bound_register__wrote_index0=false, sw_shared_and_exclusive_count_register__last0_old_value=0bv64, sw_shared_and_exclusive_count_register__last0_value=0bv64, sw_shared_and_exclusive_count_register__last_index=0bv32, sw_shared_and_exclusive_count_register__last_old_value=0bv64, sw_shared_and_exclusive_count_register__last_value=0bv64, sw_shared_and_exclusive_count_register__last_write_site=0, sw_shared_and_exclusive_count_register__next_write_site=0, sw_shared_and_exclusive_count_register__wrote_any=false, sw_shared_and_exclusive_count_register__wrote_index0=false, sw_slots_two_sides_register__last0_old_value=0bv64, sw_slots_two_sides_register__last0_value=0bv64, sw_slots_two_sides_register__last_index=0bv32, sw_slots_two_sides_register__last_old_value=0bv64, sw_slots_two_sides_register__last_value=0bv64, sw_slots_two_sides_register__last_write_site=0, sw_slots_two_sides_register__next_write_site=0, sw_slots_two_sides_register__wrote_any=false, sw_slots_two_sides_register__wrote_index0=false, sw_tail_register__last0_old_value=0bv32, sw_tail_register__last0_value=0bv32, sw_tail_register__last_index=0bv32, sw_tail_register__last_old_value=0bv32, sw_tail_register__last_value=0bv32, sw_tail_register__last_write_site=0, sw_tail_register__next_write_site=0, sw_tail_register__wrote_any=false, sw_tail_register__wrote_index0=false, sw_tid_array_register__last0_old_value=0bv32, sw_tid_array_register__last0_value=0bv32, sw_tid_array_register__last_index=0bv32, sw_tid_array_register__last_old_value=0bv32, sw_tid_array_register__last_value=0bv32, sw_tid_array_register__last_write_site=0, sw_tid_array_register__next_write_site=0, sw_tid_array_register__wrote_any=false, sw_tid_array_register__wrote_index0=false]
[L2839]  COND FALSE  !(sw_p4b_clone_e2e)
         VAL         [client_eg_md.client_id=0bv8, client_eg_md.clone_md=0bv8, client_eg_md.ip_address=0bv32, client_eg_md.mode=0bv8, client_eg_md.tid=0bv32, client_eg_md.timestamp_hi=0bv32, client_eg_md.timestamp_lo=0bv32, client_hdr.ethernet.etherType=2048bv16, client_hdr.ethernet.valid=true, client_hdr.ipv4.dstAddr=0bv32, client_hdr.ipv4.protocol=17bv8, client_hdr.ipv4.srcAddr=0bv32, client_hdr.ipv4.valid=true, client_hdr.nlk_hdr.client_id=0bv8, client_hdr.nlk_hdr.lock=0bv32, client_hdr.nlk_hdr.mode=0bv8, client_hdr.nlk_hdr.op=0bv8, client_hdr.nlk_hdr.recirc_flag=0bv8, client_hdr.nlk_hdr.tid=0bv32, client_hdr.nlk_hdr.timestamp_hi=0bv32, client_hdr.nlk_hdr.timestamp_lo=0bv32, client_hdr.nlk_hdr.valid=true, client_hdr.recirculate_hdr.cur_head=0bv32, client_hdr.recirculate_hdr.cur_tail=0bv32, client_hdr.recirculate_hdr.dequeued_mode=0bv8, client_hdr.udp.dstPort=8888bv16, client_hdr.udp.valid=true, client_ig_intr_md.resubmit_flag=1bv1, client_ig_md.client_id=0bv8, client_ig_md.dequeued_mode=0bv8, client_ig_md.do_resubmit=0bv1, client_ig_md.empty_slots=0bv32, client_ig_md.empty_slots_before_pop=0bv32, client_ig_md.head=0bv32, client_ig_md.ip_address=0bv32, client_ig_md.left=0bv32, client_ig_md.length_in_server=0bv32, client_ig_md.lock_exist=0bv1, client_ig_md.lock_id=0bv32, client_ig_md.locked=0bv32, client_ig_md.mode=0bv8, client_ig_md.pkt_type=2bv8, client_ig_md.queue_size_op=0bv32, client_ig_md.recirc_flag=0bv8, client_ig_md.right=0bv32, client_ig_md.routed=0bv1, client_ig_md.size_of_queue=0bv32, client_ig_md.tail=0bv32, client_ig_md.tid=0bv32, client_ig_md.timestamp_hi=0bv32, client_ig_md.timestamp_lo=0bv32, client_inbox_count=0, client_pkt_external=false, procurator_phase=2, procurator_step=2, sw_SwitchEgress_change_op_type_table.hit=false, sw_client_id_array_register__last0_old_value=0bv8, sw_client_id_array_register__last0_value=0bv8, sw_client_id_array_register__last_index=0bv32, sw_client_id_array_register__last_old_value=0bv8, sw_client_id_array_register__last_value=0bv8, sw_client_id_array_register__last_write_site=0, sw_client_id_array_register__next_write_site=0, sw_client_id_array_register__wrote_any=false, sw_client_id_array_register__wrote_index0=false, sw_drop=true, sw_eg_md.client_id=0bv8, sw_eg_md.clone_md=0bv8, sw_eg_md.ip_address=0bv32, sw_eg_md.mode=0bv8, sw_eg_md.tid=0bv32, sw_eg_md.timestamp_hi=0bv32, sw_eg_md.timestamp_lo=0bv32, sw_forward=false, sw_hdr.ethernet.etherType=2048bv16, sw_hdr.ethernet.valid=true, sw_hdr.ipv4.dstAddr=0bv32, sw_hdr.ipv4.protocol=17bv8, sw_hdr.ipv4.srcAddr=0bv32, sw_hdr.ipv4.valid=true, sw_hdr.nlk_hdr.client_id=0bv8, sw_hdr.nlk_hdr.lock=0bv32, sw_hdr.nlk_hdr.mode=0bv8, sw_hdr.nlk_hdr.op=0bv8, sw_hdr.nlk_hdr.recirc_flag=0bv8, sw_hdr.nlk_hdr.tid=0bv32, sw_hdr.nlk_hdr.timestamp_hi=0bv32, sw_hdr.nlk_hdr.timestamp_lo=0bv32, sw_hdr.nlk_hdr.valid=true, sw_hdr.recirculate_hdr.cur_head=0bv32, sw_hdr.recirculate_hdr.cur_tail=0bv32, sw_hdr.recirculate_hdr.dequeued_mode=0bv8, sw_hdr.udp.dstPort=8888bv16, sw_hdr.udp.valid=true, sw_head_register__last0_old_value=0bv32, sw_head_register__last0_value=0bv32, sw_head_register__last_index=0bv32, sw_head_register__last_old_value=0bv32, sw_head_register__last_value=0bv32, sw_head_register__last_write_site=0, sw_head_register__next_write_site=0, sw_head_register__wrote_any=false, sw_head_register__wrote_index0=false, sw_ig_intr_md.resubmit_flag=1bv1, sw_ig_md.client_id=0bv8, sw_ig_md.dequeued_mode=0bv8, sw_ig_md.do_resubmit=0bv1, sw_ig_md.empty_slots=0bv32, sw_ig_md.empty_slots_before_pop=0bv32, sw_ig_md.head=0bv32, sw_ig_md.ip_address=0bv32, sw_ig_md.left=0bv32, sw_ig_md.length_in_server=0bv32, sw_ig_md.lock_exist=0bv1, sw_ig_md.lock_id=0bv32, sw_ig_md.locked=0bv32, sw_ig_md.mode=0bv8, sw_ig_md.pkt_type=2bv8, sw_ig_md.queue_size_op=0bv32, sw_ig_md.recirc_flag=0bv8, sw_ig_md.right=0bv32, sw_ig_md.routed=0bv1, sw_ig_md.size_of_queue=0bv32, sw_ig_md.tail=0bv32, sw_ig_md.tid=0bv32, sw_ig_md.timestamp_hi=0bv32, sw_ig_md.timestamp_lo=0bv32, sw_inbox_count=0, sw_ip_array_register__last0_old_value=0bv32, sw_ip_array_register__last0_value=0bv32, sw_ip_array_register__last_index=0bv32, sw_ip_array_register__last_old_value=0bv32, sw_ip_array_register__last_value=0bv32, sw_ip_array_register__last_write_site=0, sw_ip_array_register__next_write_site=0, sw_ip_array_register__wrote_any=false, sw_ip_array_register__wrote_index0=false, sw_left_bound_register__last0_old_value=0bv32, sw_left_bound_register__last0_value=0bv32, sw_left_bound_register__last_index=0bv32, sw_left_bound_register__last_old_value=0bv32, sw_left_bound_register__last_value=0bv32, sw_left_bound_register__last_write_site=0, sw_left_bound_register__next_write_site=0, sw_left_bound_register__wrote_any=false, sw_left_bound_register__wrote_index0=false, sw_mirror_md_0.pkt_type=2bv8, sw_mode_array_register__last0_old_value=0bv8, sw_mode_array_register__last0_value=0bv8, sw_mode_array_register__last_index=0bv32, sw_mode_array_register__last_old_value=0bv8, sw_mode_array_register__last_value=0bv8, sw_mode_array_register__last_write_site=0, sw_mode_array_register__next_write_site=0, sw_mode_array_register__wrote_any=false, sw_mode_array_register__wrote_index0=false, sw_p4b_checksum_error=false, sw_p4b_checksum_updated=false, sw_p4b_checksum_verified=false, sw_p4b_clone_e2e=false, sw_p4b_clone_i2e=false, sw_p4b_clone_i2i=false, sw_p4b_digest=false, sw_p4b_recirculate=false, sw_pkt_external=true, sw_queue_size_op_register__last0_old_value=0bv32, sw_queue_size_op_register__last0_value=0bv32, sw_queue_size_op_register__last_index=0bv32, sw_queue_size_op_register__last_old_value=0bv32, sw_queue_size_op_register__last_value=0bv32, sw_queue_size_op_register__last_write_site=0, sw_queue_size_op_register__next_write_site=0, sw_queue_size_op_register__wrote_any=false, sw_queue_size_op_register__wrote_index0=false, sw_right_bound_register__last0_old_value=0bv32, sw_right_bound_register__last0_value=0bv32, sw_right_bound_register__last_index=0bv32, sw_right_bound_register__last_old_value=0bv32, sw_right_bound_register__last_value=0bv32, sw_right_bound_register__last_write_site=0, sw_right_bound_register__next_write_site=0, sw_right_bound_register__wrote_any=false, sw_right_bound_register__wrote_index0=false, sw_shared_and_exclusive_count_register__last0_old_value=0bv64, sw_shared_and_exclusive_count_register__last0_value=0bv64, sw_shared_and_exclusive_count_register__last_index=0bv32, sw_shared_and_exclusive_count_register__last_old_value=0bv64, sw_shared_and_exclusive_count_register__last_value=0bv64, sw_shared_and_exclusive_count_register__last_write_site=0, sw_shared_and_exclusive_count_register__next_write_site=0, sw_shared_and_exclusive_count_register__wrote_any=false, sw_shared_and_exclusive_count_register__wrote_index0=false, sw_slots_two_sides_register__last0_old_value=0bv64, sw_slots_two_sides_register__last0_value=0bv64, sw_slots_two_sides_register__last_index=0bv32, sw_slots_two_sides_register__last_old_value=0bv64, sw_slots_two_sides_register__last_value=0bv64, sw_slots_two_sides_register__last_write_site=0, sw_slots_two_sides_register__next_write_site=0, sw_slots_two_sides_register__wrote_any=false, sw_slots_two_sides_register__wrote_index0=false, sw_tail_register__last0_old_value=0bv32, sw_tail_register__last0_value=0bv32, sw_tail_register__last_index=0bv32, sw_tail_register__last_old_value=0bv32, sw_tail_register__last_value=0bv32, sw_tail_register__last_write_site=0, sw_tail_register__next_write_site=0, sw_tail_register__wrote_any=false, sw_tail_register__wrote_index0=false, sw_tid_array_register__last0_old_value=0bv32, sw_tid_array_register__last0_value=0bv32, sw_tid_array_register__last_index=0bv32, sw_tid_array_register__last_old_value=0bv32, sw_tid_array_register__last_value=0bv32, sw_tid_array_register__last_write_site=0, sw_tid_array_register__next_write_site=0, sw_tid_array_register__wrote_any=false, sw_tid_array_register__wrote_index0=false]
[L2844]              sw_p4b_clone_e2e := false;
         VAL         [client_eg_md.client_id=0bv8, client_eg_md.clone_md=0bv8, client_eg_md.ip_address=0bv32, client_eg_md.mode=0bv8, client_eg_md.tid=0bv32, client_eg_md.timestamp_hi=0bv32, client_eg_md.timestamp_lo=0bv32, client_hdr.ethernet.etherType=2048bv16, client_hdr.ethernet.valid=true, client_hdr.ipv4.dstAddr=0bv32, client_hdr.ipv4.protocol=17bv8, client_hdr.ipv4.srcAddr=0bv32, client_hdr.ipv4.valid=true, client_hdr.nlk_hdr.client_id=0bv8, client_hdr.nlk_hdr.lock=0bv32, client_hdr.nlk_hdr.mode=0bv8, client_hdr.nlk_hdr.op=0bv8, client_hdr.nlk_hdr.recirc_flag=0bv8, client_hdr.nlk_hdr.tid=0bv32, client_hdr.nlk_hdr.timestamp_hi=0bv32, client_hdr.nlk_hdr.timestamp_lo=0bv32, client_hdr.nlk_hdr.valid=true, client_hdr.recirculate_hdr.cur_head=0bv32, client_hdr.recirculate_hdr.cur_tail=0bv32, client_hdr.recirculate_hdr.dequeued_mode=0bv8, client_hdr.udp.dstPort=8888bv16, client_hdr.udp.valid=true, client_ig_intr_md.resubmit_flag=1bv1, client_ig_md.client_id=0bv8, client_ig_md.dequeued_mode=0bv8, client_ig_md.do_resubmit=0bv1, client_ig_md.empty_slots=0bv32, client_ig_md.empty_slots_before_pop=0bv32, client_ig_md.head=0bv32, client_ig_md.ip_address=0bv32, client_ig_md.left=0bv32, client_ig_md.length_in_server=0bv32, client_ig_md.lock_exist=0bv1, client_ig_md.lock_id=0bv32, client_ig_md.locked=0bv32, client_ig_md.mode=0bv8, client_ig_md.pkt_type=2bv8, client_ig_md.queue_size_op=0bv32, client_ig_md.recirc_flag=0bv8, client_ig_md.right=0bv32, client_ig_md.routed=0bv1, client_ig_md.size_of_queue=0bv32, client_ig_md.tail=0bv32, client_ig_md.tid=0bv32, client_ig_md.timestamp_hi=0bv32, client_ig_md.timestamp_lo=0bv32, client_inbox_count=0, client_pkt_external=false, procurator_phase=2, procurator_step=2, sw_SwitchEgress_change_op_type_table.hit=false, sw_client_id_array_register__last0_old_value=0bv8, sw_client_id_array_register__last0_value=0bv8, sw_client_id_array_register__last_index=0bv32, sw_client_id_array_register__last_old_value=0bv8, sw_client_id_array_register__last_value=0bv8, sw_client_id_array_register__last_write_site=0, sw_client_id_array_register__next_write_site=0, sw_client_id_array_register__wrote_any=false, sw_client_id_array_register__wrote_index0=false, sw_drop=true, sw_eg_md.client_id=0bv8, sw_eg_md.clone_md=0bv8, sw_eg_md.ip_address=0bv32, sw_eg_md.mode=0bv8, sw_eg_md.tid=0bv32, sw_eg_md.timestamp_hi=0bv32, sw_eg_md.timestamp_lo=0bv32, sw_forward=false, sw_hdr.ethernet.etherType=2048bv16, sw_hdr.ethernet.valid=true, sw_hdr.ipv4.dstAddr=0bv32, sw_hdr.ipv4.protocol=17bv8, sw_hdr.ipv4.srcAddr=0bv32, sw_hdr.ipv4.valid=true, sw_hdr.nlk_hdr.client_id=0bv8, sw_hdr.nlk_hdr.lock=0bv32, sw_hdr.nlk_hdr.mode=0bv8, sw_hdr.nlk_hdr.op=0bv8, sw_hdr.nlk_hdr.recirc_flag=0bv8, sw_hdr.nlk_hdr.tid=0bv32, sw_hdr.nlk_hdr.timestamp_hi=0bv32, sw_hdr.nlk_hdr.timestamp_lo=0bv32, sw_hdr.nlk_hdr.valid=true, sw_hdr.recirculate_hdr.cur_head=0bv32, sw_hdr.recirculate_hdr.cur_tail=0bv32, sw_hdr.recirculate_hdr.dequeued_mode=0bv8, sw_hdr.udp.dstPort=8888bv16, sw_hdr.udp.valid=true, sw_head_register__last0_old_value=0bv32, sw_head_register__last0_value=0bv32, sw_head_register__last_index=0bv32, sw_head_register__last_old_value=0bv32, sw_head_register__last_value=0bv32, sw_head_register__last_write_site=0, sw_head_register__next_write_site=0, sw_head_register__wrote_any=false, sw_head_register__wrote_index0=false, sw_ig_intr_md.resubmit_flag=1bv1, sw_ig_md.client_id=0bv8, sw_ig_md.dequeued_mode=0bv8, sw_ig_md.do_resubmit=0bv1, sw_ig_md.empty_slots=0bv32, sw_ig_md.empty_slots_before_pop=0bv32, sw_ig_md.head=0bv32, sw_ig_md.ip_address=0bv32, sw_ig_md.left=0bv32, sw_ig_md.length_in_server=0bv32, sw_ig_md.lock_exist=0bv1, sw_ig_md.lock_id=0bv32, sw_ig_md.locked=0bv32, sw_ig_md.mode=0bv8, sw_ig_md.pkt_type=2bv8, sw_ig_md.queue_size_op=0bv32, sw_ig_md.recirc_flag=0bv8, sw_ig_md.right=0bv32, sw_ig_md.routed=0bv1, sw_ig_md.size_of_queue=0bv32, sw_ig_md.tail=0bv32, sw_ig_md.tid=0bv32, sw_ig_md.timestamp_hi=0bv32, sw_ig_md.timestamp_lo=0bv32, sw_inbox_count=0, sw_ip_array_register__last0_old_value=0bv32, sw_ip_array_register__last0_value=0bv32, sw_ip_array_register__last_index=0bv32, sw_ip_array_register__last_old_value=0bv32, sw_ip_array_register__last_value=0bv32, sw_ip_array_register__last_write_site=0, sw_ip_array_register__next_write_site=0, sw_ip_array_register__wrote_any=false, sw_ip_array_register__wrote_index0=false, sw_left_bound_register__last0_old_value=0bv32, sw_left_bound_register__last0_value=0bv32, sw_left_bound_register__last_index=0bv32, sw_left_bound_register__last_old_value=0bv32, sw_left_bound_register__last_value=0bv32, sw_left_bound_register__last_write_site=0, sw_left_bound_register__next_write_site=0, sw_left_bound_register__wrote_any=false, sw_left_bound_register__wrote_index0=false, sw_mirror_md_0.pkt_type=2bv8, sw_mode_array_register__last0_old_value=0bv8, sw_mode_array_register__last0_value=0bv8, sw_mode_array_register__last_index=0bv32, sw_mode_array_register__last_old_value=0bv8, sw_mode_array_register__last_value=0bv8, sw_mode_array_register__last_write_site=0, sw_mode_array_register__next_write_site=0, sw_mode_array_register__wrote_any=false, sw_mode_array_register__wrote_index0=false, sw_p4b_checksum_error=false, sw_p4b_checksum_updated=false, sw_p4b_checksum_verified=false, sw_p4b_clone_e2e=false, sw_p4b_clone_i2e=false, sw_p4b_clone_i2i=false, sw_p4b_digest=false, sw_p4b_recirculate=false, sw_pkt_external=true, sw_queue_size_op_register__last0_old_value=0bv32, sw_queue_size_op_register__last0_value=0bv32, sw_queue_size_op_register__last_index=0bv32, sw_queue_size_op_register__last_old_value=0bv32, sw_queue_size_op_register__last_value=0bv32, sw_queue_size_op_register__last_write_site=0, sw_queue_size_op_register__next_write_site=0, sw_queue_size_op_register__wrote_any=false, sw_queue_size_op_register__wrote_index0=false, sw_right_bound_register__last0_old_value=0bv32, sw_right_bound_register__last0_value=0bv32, sw_right_bound_register__last_index=0bv32, sw_right_bound_register__last_old_value=0bv32, sw_right_bound_register__last_value=0bv32, sw_right_bound_register__last_write_site=0, sw_right_bound_register__next_write_site=0, sw_right_bound_register__wrote_any=false, sw_right_bound_register__wrote_index0=false, sw_shared_and_exclusive_count_register__last0_old_value=0bv64, sw_shared_and_exclusive_count_register__last0_value=0bv64, sw_shared_and_exclusive_count_register__last_index=0bv32, sw_shared_and_exclusive_count_register__last_old_value=0bv64, sw_shared_and_exclusive_count_register__last_value=0bv64, sw_shared_and_exclusive_count_register__last_write_site=0, sw_shared_and_exclusive_count_register__next_write_site=0, sw_shared_and_exclusive_count_register__wrote_any=false, sw_shared_and_exclusive_count_register__wrote_index0=false, sw_slots_two_sides_register__last0_old_value=0bv64, sw_slots_two_sides_register__last0_value=0bv64, sw_slots_two_sides_register__last_index=0bv32, sw_slots_two_sides_register__last_old_value=0bv64, sw_slots_two_sides_register__last_value=0bv64, sw_slots_two_sides_register__last_write_site=0, sw_slots_two_sides_register__next_write_site=0, sw_slots_two_sides_register__wrote_any=false, sw_slots_two_sides_register__wrote_index0=false, sw_tail_register__last0_old_value=0bv32, sw_tail_register__last0_value=0bv32, sw_tail_register__last_index=0bv32, sw_tail_register__last_old_value=0bv32, sw_tail_register__last_value=0bv32, sw_tail_register__last_write_site=0, sw_tail_register__next_write_site=0, sw_tail_register__wrote_any=false, sw_tail_register__wrote_index0=false, sw_tid_array_register__last0_old_value=0bv32, sw_tid_array_register__last0_value=0bv32, sw_tid_array_register__last_index=0bv32, sw_tid_array_register__last_old_value=0bv32, sw_tid_array_register__last_value=0bv32, sw_tid_array_register__last_write_site=0, sw_tid_array_register__next_write_site=0, sw_tid_array_register__wrote_any=false, sw_tid_array_register__wrote_index0=false]
[L2845]  COND FALSE  !(sw_p4b_clone_i2i)
         VAL         [client_eg_md.client_id=0bv8, client_eg_md.clone_md=0bv8, client_eg_md.ip_address=0bv32, client_eg_md.mode=0bv8, client_eg_md.tid=0bv32, client_eg_md.timestamp_hi=0bv32, client_eg_md.timestamp_lo=0bv32, client_hdr.ethernet.etherType=2048bv16, client_hdr.ethernet.valid=true, client_hdr.ipv4.dstAddr=0bv32, client_hdr.ipv4.protocol=17bv8, client_hdr.ipv4.srcAddr=0bv32, client_hdr.ipv4.valid=true, client_hdr.nlk_hdr.client_id=0bv8, client_hdr.nlk_hdr.lock=0bv32, client_hdr.nlk_hdr.mode=0bv8, client_hdr.nlk_hdr.op=0bv8, client_hdr.nlk_hdr.recirc_flag=0bv8, client_hdr.nlk_hdr.tid=0bv32, client_hdr.nlk_hdr.timestamp_hi=0bv32, client_hdr.nlk_hdr.timestamp_lo=0bv32, client_hdr.nlk_hdr.valid=true, client_hdr.recirculate_hdr.cur_head=0bv32, client_hdr.recirculate_hdr.cur_tail=0bv32, client_hdr.recirculate_hdr.dequeued_mode=0bv8, client_hdr.udp.dstPort=8888bv16, client_hdr.udp.valid=true, client_ig_intr_md.resubmit_flag=1bv1, client_ig_md.client_id=0bv8, client_ig_md.dequeued_mode=0bv8, client_ig_md.do_resubmit=0bv1, client_ig_md.empty_slots=0bv32, client_ig_md.empty_slots_before_pop=0bv32, client_ig_md.head=0bv32, client_ig_md.ip_address=0bv32, client_ig_md.left=0bv32, client_ig_md.length_in_server=0bv32, client_ig_md.lock_exist=0bv1, client_ig_md.lock_id=0bv32, client_ig_md.locked=0bv32, client_ig_md.mode=0bv8, client_ig_md.pkt_type=2bv8, client_ig_md.queue_size_op=0bv32, client_ig_md.recirc_flag=0bv8, client_ig_md.right=0bv32, client_ig_md.routed=0bv1, client_ig_md.size_of_queue=0bv32, client_ig_md.tail=0bv32, client_ig_md.tid=0bv32, client_ig_md.timestamp_hi=0bv32, client_ig_md.timestamp_lo=0bv32, client_inbox_count=0, client_pkt_external=false, procurator_phase=2, procurator_step=2, sw_SwitchEgress_change_op_type_table.hit=false, sw_client_id_array_register__last0_old_value=0bv8, sw_client_id_array_register__last0_value=0bv8, sw_client_id_array_register__last_index=0bv32, sw_client_id_array_register__last_old_value=0bv8, sw_client_id_array_register__last_value=0bv8, sw_client_id_array_register__last_write_site=0, sw_client_id_array_register__next_write_site=0, sw_client_id_array_register__wrote_any=false, sw_client_id_array_register__wrote_index0=false, sw_drop=true, sw_eg_md.client_id=0bv8, sw_eg_md.clone_md=0bv8, sw_eg_md.ip_address=0bv32, sw_eg_md.mode=0bv8, sw_eg_md.tid=0bv32, sw_eg_md.timestamp_hi=0bv32, sw_eg_md.timestamp_lo=0bv32, sw_forward=false, sw_hdr.ethernet.etherType=2048bv16, sw_hdr.ethernet.valid=true, sw_hdr.ipv4.dstAddr=0bv32, sw_hdr.ipv4.protocol=17bv8, sw_hdr.ipv4.srcAddr=0bv32, sw_hdr.ipv4.valid=true, sw_hdr.nlk_hdr.client_id=0bv8, sw_hdr.nlk_hdr.lock=0bv32, sw_hdr.nlk_hdr.mode=0bv8, sw_hdr.nlk_hdr.op=0bv8, sw_hdr.nlk_hdr.recirc_flag=0bv8, sw_hdr.nlk_hdr.tid=0bv32, sw_hdr.nlk_hdr.timestamp_hi=0bv32, sw_hdr.nlk_hdr.timestamp_lo=0bv32, sw_hdr.nlk_hdr.valid=true, sw_hdr.recirculate_hdr.cur_head=0bv32, sw_hdr.recirculate_hdr.cur_tail=0bv32, sw_hdr.recirculate_hdr.dequeued_mode=0bv8, sw_hdr.udp.dstPort=8888bv16, sw_hdr.udp.valid=true, sw_head_register__last0_old_value=0bv32, sw_head_register__last0_value=0bv32, sw_head_register__last_index=0bv32, sw_head_register__last_old_value=0bv32, sw_head_register__last_value=0bv32, sw_head_register__last_write_site=0, sw_head_register__next_write_site=0, sw_head_register__wrote_any=false, sw_head_register__wrote_index0=false, sw_ig_intr_md.resubmit_flag=1bv1, sw_ig_md.client_id=0bv8, sw_ig_md.dequeued_mode=0bv8, sw_ig_md.do_resubmit=0bv1, sw_ig_md.empty_slots=0bv32, sw_ig_md.empty_slots_before_pop=0bv32, sw_ig_md.head=0bv32, sw_ig_md.ip_address=0bv32, sw_ig_md.left=0bv32, sw_ig_md.length_in_server=0bv32, sw_ig_md.lock_exist=0bv1, sw_ig_md.lock_id=0bv32, sw_ig_md.locked=0bv32, sw_ig_md.mode=0bv8, sw_ig_md.pkt_type=2bv8, sw_ig_md.queue_size_op=0bv32, sw_ig_md.recirc_flag=0bv8, sw_ig_md.right=0bv32, sw_ig_md.routed=0bv1, sw_ig_md.size_of_queue=0bv32, sw_ig_md.tail=0bv32, sw_ig_md.tid=0bv32, sw_ig_md.timestamp_hi=0bv32, sw_ig_md.timestamp_lo=0bv32, sw_inbox_count=0, sw_ip_array_register__last0_old_value=0bv32, sw_ip_array_register__last0_value=0bv32, sw_ip_array_register__last_index=0bv32, sw_ip_array_register__last_old_value=0bv32, sw_ip_array_register__last_value=0bv32, sw_ip_array_register__last_write_site=0, sw_ip_array_register__next_write_site=0, sw_ip_array_register__wrote_any=false, sw_ip_array_register__wrote_index0=false, sw_left_bound_register__last0_old_value=0bv32, sw_left_bound_register__last0_value=0bv32, sw_left_bound_register__last_index=0bv32, sw_left_bound_register__last_old_value=0bv32, sw_left_bound_register__last_value=0bv32, sw_left_bound_register__last_write_site=0, sw_left_bound_register__next_write_site=0, sw_left_bound_register__wrote_any=false, sw_left_bound_register__wrote_index0=false, sw_mirror_md_0.pkt_type=2bv8, sw_mode_array_register__last0_old_value=0bv8, sw_mode_array_register__last0_value=0bv8, sw_mode_array_register__last_index=0bv32, sw_mode_array_register__last_old_value=0bv8, sw_mode_array_register__last_value=0bv8, sw_mode_array_register__last_write_site=0, sw_mode_array_register__next_write_site=0, sw_mode_array_register__wrote_any=false, sw_mode_array_register__wrote_index0=false, sw_p4b_checksum_error=false, sw_p4b_checksum_updated=false, sw_p4b_checksum_verified=false, sw_p4b_clone_e2e=false, sw_p4b_clone_i2e=false, sw_p4b_clone_i2i=false, sw_p4b_digest=false, sw_p4b_recirculate=false, sw_pkt_external=true, sw_queue_size_op_register__last0_old_value=0bv32, sw_queue_size_op_register__last0_value=0bv32, sw_queue_size_op_register__last_index=0bv32, sw_queue_size_op_register__last_old_value=0bv32, sw_queue_size_op_register__last_value=0bv32, sw_queue_size_op_register__last_write_site=0, sw_queue_size_op_register__next_write_site=0, sw_queue_size_op_register__wrote_any=false, sw_queue_size_op_register__wrote_index0=false, sw_right_bound_register__last0_old_value=0bv32, sw_right_bound_register__last0_value=0bv32, sw_right_bound_register__last_index=0bv32, sw_right_bound_register__last_old_value=0bv32, sw_right_bound_register__last_value=0bv32, sw_right_bound_register__last_write_site=0, sw_right_bound_register__next_write_site=0, sw_right_bound_register__wrote_any=false, sw_right_bound_register__wrote_index0=false, sw_shared_and_exclusive_count_register__last0_old_value=0bv64, sw_shared_and_exclusive_count_register__last0_value=0bv64, sw_shared_and_exclusive_count_register__last_index=0bv32, sw_shared_and_exclusive_count_register__last_old_value=0bv64, sw_shared_and_exclusive_count_register__last_value=0bv64, sw_shared_and_exclusive_count_register__last_write_site=0, sw_shared_and_exclusive_count_register__next_write_site=0, sw_shared_and_exclusive_count_register__wrote_any=false, sw_shared_and_exclusive_count_register__wrote_index0=false, sw_slots_two_sides_register__last0_old_value=0bv64, sw_slots_two_sides_register__last0_value=0bv64, sw_slots_two_sides_register__last_index=0bv32, sw_slots_two_sides_register__last_old_value=0bv64, sw_slots_two_sides_register__last_value=0bv64, sw_slots_two_sides_register__last_write_site=0, sw_slots_two_sides_register__next_write_site=0, sw_slots_two_sides_register__wrote_any=false, sw_slots_two_sides_register__wrote_index0=false, sw_tail_register__last0_old_value=0bv32, sw_tail_register__last0_value=0bv32, sw_tail_register__last_index=0bv32, sw_tail_register__last_old_value=0bv32, sw_tail_register__last_value=0bv32, sw_tail_register__last_write_site=0, sw_tail_register__next_write_site=0, sw_tail_register__wrote_any=false, sw_tail_register__wrote_index0=false, sw_tid_array_register__last0_old_value=0bv32, sw_tid_array_register__last0_value=0bv32, sw_tid_array_register__last_index=0bv32, sw_tid_array_register__last_old_value=0bv32, sw_tid_array_register__last_value=0bv32, sw_tid_array_register__last_write_site=0, sw_tid_array_register__next_write_site=0, sw_tid_array_register__wrote_any=false, sw_tid_array_register__wrote_index0=false]
[L2850]              sw_p4b_clone_i2i := false;
         VAL         [client_eg_md.client_id=0bv8, client_eg_md.clone_md=0bv8, client_eg_md.ip_address=0bv32, client_eg_md.mode=0bv8, client_eg_md.tid=0bv32, client_eg_md.timestamp_hi=0bv32, client_eg_md.timestamp_lo=0bv32, client_hdr.ethernet.etherType=2048bv16, client_hdr.ethernet.valid=true, client_hdr.ipv4.dstAddr=0bv32, client_hdr.ipv4.protocol=17bv8, client_hdr.ipv4.srcAddr=0bv32, client_hdr.ipv4.valid=true, client_hdr.nlk_hdr.client_id=0bv8, client_hdr.nlk_hdr.lock=0bv32, client_hdr.nlk_hdr.mode=0bv8, client_hdr.nlk_hdr.op=0bv8, client_hdr.nlk_hdr.recirc_flag=0bv8, client_hdr.nlk_hdr.tid=0bv32, client_hdr.nlk_hdr.timestamp_hi=0bv32, client_hdr.nlk_hdr.timestamp_lo=0bv32, client_hdr.nlk_hdr.valid=true, client_hdr.recirculate_hdr.cur_head=0bv32, client_hdr.recirculate_hdr.cur_tail=0bv32, client_hdr.recirculate_hdr.dequeued_mode=0bv8, client_hdr.udp.dstPort=8888bv16, client_hdr.udp.valid=true, client_ig_intr_md.resubmit_flag=1bv1, client_ig_md.client_id=0bv8, client_ig_md.dequeued_mode=0bv8, client_ig_md.do_resubmit=0bv1, client_ig_md.empty_slots=0bv32, client_ig_md.empty_slots_before_pop=0bv32, client_ig_md.head=0bv32, client_ig_md.ip_address=0bv32, client_ig_md.left=0bv32, client_ig_md.length_in_server=0bv32, client_ig_md.lock_exist=0bv1, client_ig_md.lock_id=0bv32, client_ig_md.locked=0bv32, client_ig_md.mode=0bv8, client_ig_md.pkt_type=2bv8, client_ig_md.queue_size_op=0bv32, client_ig_md.recirc_flag=0bv8, client_ig_md.right=0bv32, client_ig_md.routed=0bv1, client_ig_md.size_of_queue=0bv32, client_ig_md.tail=0bv32, client_ig_md.tid=0bv32, client_ig_md.timestamp_hi=0bv32, client_ig_md.timestamp_lo=0bv32, client_inbox_count=0, client_pkt_external=false, procurator_phase=2, procurator_step=2, sw_SwitchEgress_change_op_type_table.hit=false, sw_client_id_array_register__last0_old_value=0bv8, sw_client_id_array_register__last0_value=0bv8, sw_client_id_array_register__last_index=0bv32, sw_client_id_array_register__last_old_value=0bv8, sw_client_id_array_register__last_value=0bv8, sw_client_id_array_register__last_write_site=0, sw_client_id_array_register__next_write_site=0, sw_client_id_array_register__wrote_any=false, sw_client_id_array_register__wrote_index0=false, sw_drop=true, sw_eg_md.client_id=0bv8, sw_eg_md.clone_md=0bv8, sw_eg_md.ip_address=0bv32, sw_eg_md.mode=0bv8, sw_eg_md.tid=0bv32, sw_eg_md.timestamp_hi=0bv32, sw_eg_md.timestamp_lo=0bv32, sw_forward=false, sw_hdr.ethernet.etherType=2048bv16, sw_hdr.ethernet.valid=true, sw_hdr.ipv4.dstAddr=0bv32, sw_hdr.ipv4.protocol=17bv8, sw_hdr.ipv4.srcAddr=0bv32, sw_hdr.ipv4.valid=true, sw_hdr.nlk_hdr.client_id=0bv8, sw_hdr.nlk_hdr.lock=0bv32, sw_hdr.nlk_hdr.mode=0bv8, sw_hdr.nlk_hdr.op=0bv8, sw_hdr.nlk_hdr.recirc_flag=0bv8, sw_hdr.nlk_hdr.tid=0bv32, sw_hdr.nlk_hdr.timestamp_hi=0bv32, sw_hdr.nlk_hdr.timestamp_lo=0bv32, sw_hdr.nlk_hdr.valid=true, sw_hdr.recirculate_hdr.cur_head=0bv32, sw_hdr.recirculate_hdr.cur_tail=0bv32, sw_hdr.recirculate_hdr.dequeued_mode=0bv8, sw_hdr.udp.dstPort=8888bv16, sw_hdr.udp.valid=true, sw_head_register__last0_old_value=0bv32, sw_head_register__last0_value=0bv32, sw_head_register__last_index=0bv32, sw_head_register__last_old_value=0bv32, sw_head_register__last_value=0bv32, sw_head_register__last_write_site=0, sw_head_register__next_write_site=0, sw_head_register__wrote_any=false, sw_head_register__wrote_index0=false, sw_ig_intr_md.resubmit_flag=1bv1, sw_ig_md.client_id=0bv8, sw_ig_md.dequeued_mode=0bv8, sw_ig_md.do_resubmit=0bv1, sw_ig_md.empty_slots=0bv32, sw_ig_md.empty_slots_before_pop=0bv32, sw_ig_md.head=0bv32, sw_ig_md.ip_address=0bv32, sw_ig_md.left=0bv32, sw_ig_md.length_in_server=0bv32, sw_ig_md.lock_exist=0bv1, sw_ig_md.lock_id=0bv32, sw_ig_md.locked=0bv32, sw_ig_md.mode=0bv8, sw_ig_md.pkt_type=2bv8, sw_ig_md.queue_size_op=0bv32, sw_ig_md.recirc_flag=0bv8, sw_ig_md.right=0bv32, sw_ig_md.routed=0bv1, sw_ig_md.size_of_queue=0bv32, sw_ig_md.tail=0bv32, sw_ig_md.tid=0bv32, sw_ig_md.timestamp_hi=0bv32, sw_ig_md.timestamp_lo=0bv32, sw_inbox_count=0, sw_ip_array_register__last0_old_value=0bv32, sw_ip_array_register__last0_value=0bv32, sw_ip_array_register__last_index=0bv32, sw_ip_array_register__last_old_value=0bv32, sw_ip_array_register__last_value=0bv32, sw_ip_array_register__last_write_site=0, sw_ip_array_register__next_write_site=0, sw_ip_array_register__wrote_any=false, sw_ip_array_register__wrote_index0=false, sw_left_bound_register__last0_old_value=0bv32, sw_left_bound_register__last0_value=0bv32, sw_left_bound_register__last_index=0bv32, sw_left_bound_register__last_old_value=0bv32, sw_left_bound_register__last_value=0bv32, sw_left_bound_register__last_write_site=0, sw_left_bound_register__next_write_site=0, sw_left_bound_register__wrote_any=false, sw_left_bound_register__wrote_index0=false, sw_mirror_md_0.pkt_type=2bv8, sw_mode_array_register__last0_old_value=0bv8, sw_mode_array_register__last0_value=0bv8, sw_mode_array_register__last_index=0bv32, sw_mode_array_register__last_old_value=0bv8, sw_mode_array_register__last_value=0bv8, sw_mode_array_register__last_write_site=0, sw_mode_array_register__next_write_site=0, sw_mode_array_register__wrote_any=false, sw_mode_array_register__wrote_index0=false, sw_p4b_checksum_error=false, sw_p4b_checksum_updated=false, sw_p4b_checksum_verified=false, sw_p4b_clone_e2e=false, sw_p4b_clone_i2e=false, sw_p4b_clone_i2i=false, sw_p4b_digest=false, sw_p4b_recirculate=false, sw_pkt_external=true, sw_queue_size_op_register__last0_old_value=0bv32, sw_queue_size_op_register__last0_value=0bv32, sw_queue_size_op_register__last_index=0bv32, sw_queue_size_op_register__last_old_value=0bv32, sw_queue_size_op_register__last_value=0bv32, sw_queue_size_op_register__last_write_site=0, sw_queue_size_op_register__next_write_site=0, sw_queue_size_op_register__wrote_any=false, sw_queue_size_op_register__wrote_index0=false, sw_right_bound_register__last0_old_value=0bv32, sw_right_bound_register__last0_value=0bv32, sw_right_bound_register__last_index=0bv32, sw_right_bound_register__last_old_value=0bv32, sw_right_bound_register__last_value=0bv32, sw_right_bound_register__last_write_site=0, sw_right_bound_register__next_write_site=0, sw_right_bound_register__wrote_any=false, sw_right_bound_register__wrote_index0=false, sw_shared_and_exclusive_count_register__last0_old_value=0bv64, sw_shared_and_exclusive_count_register__last0_value=0bv64, sw_shared_and_exclusive_count_register__last_index=0bv32, sw_shared_and_exclusive_count_register__last_old_value=0bv64, sw_shared_and_exclusive_count_register__last_value=0bv64, sw_shared_and_exclusive_count_register__last_write_site=0, sw_shared_and_exclusive_count_register__next_write_site=0, sw_shared_and_exclusive_count_register__wrote_any=false, sw_shared_and_exclusive_count_register__wrote_index0=false, sw_slots_two_sides_register__last0_old_value=0bv64, sw_slots_two_sides_register__last0_value=0bv64, sw_slots_two_sides_register__last_index=0bv32, sw_slots_two_sides_register__last_old_value=0bv64, sw_slots_two_sides_register__last_value=0bv64, sw_slots_two_sides_register__last_write_site=0, sw_slots_two_sides_register__next_write_site=0, sw_slots_two_sides_register__wrote_any=false, sw_slots_two_sides_register__wrote_index0=false, sw_tail_register__last0_old_value=0bv32, sw_tail_register__last0_value=0bv32, sw_tail_register__last_index=0bv32, sw_tail_register__last_old_value=0bv32, sw_tail_register__last_value=0bv32, sw_tail_register__last_write_site=0, sw_tail_register__next_write_site=0, sw_tail_register__wrote_any=false, sw_tail_register__wrote_index0=false, sw_tid_array_register__last0_old_value=0bv32, sw_tid_array_register__last0_value=0bv32, sw_tid_array_register__last_index=0bv32, sw_tid_array_register__last_old_value=0bv32, sw_tid_array_register__last_value=0bv32, sw_tid_array_register__last_write_site=0, sw_tid_array_register__next_write_site=0, sw_tid_array_register__wrote_any=false, sw_tid_array_register__wrote_index0=false]
[L2851]  COND FALSE  !(sw_p4b_recirculate)
         VAL         [client_eg_md.client_id=0bv8, client_eg_md.clone_md=0bv8, client_eg_md.ip_address=0bv32, client_eg_md.mode=0bv8, client_eg_md.tid=0bv32, client_eg_md.timestamp_hi=0bv32, client_eg_md.timestamp_lo=0bv32, client_hdr.ethernet.etherType=2048bv16, client_hdr.ethernet.valid=true, client_hdr.ipv4.dstAddr=0bv32, client_hdr.ipv4.protocol=17bv8, client_hdr.ipv4.srcAddr=0bv32, client_hdr.ipv4.valid=true, client_hdr.nlk_hdr.client_id=0bv8, client_hdr.nlk_hdr.lock=0bv32, client_hdr.nlk_hdr.mode=0bv8, client_hdr.nlk_hdr.op=0bv8, client_hdr.nlk_hdr.recirc_flag=0bv8, client_hdr.nlk_hdr.tid=0bv32, client_hdr.nlk_hdr.timestamp_hi=0bv32, client_hdr.nlk_hdr.timestamp_lo=0bv32, client_hdr.nlk_hdr.valid=true, client_hdr.recirculate_hdr.cur_head=0bv32, client_hdr.recirculate_hdr.cur_tail=0bv32, client_hdr.recirculate_hdr.dequeued_mode=0bv8, client_hdr.udp.dstPort=8888bv16, client_hdr.udp.valid=true, client_ig_intr_md.resubmit_flag=1bv1, client_ig_md.client_id=0bv8, client_ig_md.dequeued_mode=0bv8, client_ig_md.do_resubmit=0bv1, client_ig_md.empty_slots=0bv32, client_ig_md.empty_slots_before_pop=0bv32, client_ig_md.head=0bv32, client_ig_md.ip_address=0bv32, client_ig_md.left=0bv32, client_ig_md.length_in_server=0bv32, client_ig_md.lock_exist=0bv1, client_ig_md.lock_id=0bv32, client_ig_md.locked=0bv32, client_ig_md.mode=0bv8, client_ig_md.pkt_type=2bv8, client_ig_md.queue_size_op=0bv32, client_ig_md.recirc_flag=0bv8, client_ig_md.right=0bv32, client_ig_md.routed=0bv1, client_ig_md.size_of_queue=0bv32, client_ig_md.tail=0bv32, client_ig_md.tid=0bv32, client_ig_md.timestamp_hi=0bv32, client_ig_md.timestamp_lo=0bv32, client_inbox_count=0, client_pkt_external=false, procurator_phase=2, procurator_step=2, sw_SwitchEgress_change_op_type_table.hit=false, sw_client_id_array_register__last0_old_value=0bv8, sw_client_id_array_register__last0_value=0bv8, sw_client_id_array_register__last_index=0bv32, sw_client_id_array_register__last_old_value=0bv8, sw_client_id_array_register__last_value=0bv8, sw_client_id_array_register__last_write_site=0, sw_client_id_array_register__next_write_site=0, sw_client_id_array_register__wrote_any=false, sw_client_id_array_register__wrote_index0=false, sw_drop=true, sw_eg_md.client_id=0bv8, sw_eg_md.clone_md=0bv8, sw_eg_md.ip_address=0bv32, sw_eg_md.mode=0bv8, sw_eg_md.tid=0bv32, sw_eg_md.timestamp_hi=0bv32, sw_eg_md.timestamp_lo=0bv32, sw_forward=false, sw_hdr.ethernet.etherType=2048bv16, sw_hdr.ethernet.valid=true, sw_hdr.ipv4.dstAddr=0bv32, sw_hdr.ipv4.protocol=17bv8, sw_hdr.ipv4.srcAddr=0bv32, sw_hdr.ipv4.valid=true, sw_hdr.nlk_hdr.client_id=0bv8, sw_hdr.nlk_hdr.lock=0bv32, sw_hdr.nlk_hdr.mode=0bv8, sw_hdr.nlk_hdr.op=0bv8, sw_hdr.nlk_hdr.recirc_flag=0bv8, sw_hdr.nlk_hdr.tid=0bv32, sw_hdr.nlk_hdr.timestamp_hi=0bv32, sw_hdr.nlk_hdr.timestamp_lo=0bv32, sw_hdr.nlk_hdr.valid=true, sw_hdr.recirculate_hdr.cur_head=0bv32, sw_hdr.recirculate_hdr.cur_tail=0bv32, sw_hdr.recirculate_hdr.dequeued_mode=0bv8, sw_hdr.udp.dstPort=8888bv16, sw_hdr.udp.valid=true, sw_head_register__last0_old_value=0bv32, sw_head_register__last0_value=0bv32, sw_head_register__last_index=0bv32, sw_head_register__last_old_value=0bv32, sw_head_register__last_value=0bv32, sw_head_register__last_write_site=0, sw_head_register__next_write_site=0, sw_head_register__wrote_any=false, sw_head_register__wrote_index0=false, sw_ig_intr_md.resubmit_flag=1bv1, sw_ig_md.client_id=0bv8, sw_ig_md.dequeued_mode=0bv8, sw_ig_md.do_resubmit=0bv1, sw_ig_md.empty_slots=0bv32, sw_ig_md.empty_slots_before_pop=0bv32, sw_ig_md.head=0bv32, sw_ig_md.ip_address=0bv32, sw_ig_md.left=0bv32, sw_ig_md.length_in_server=0bv32, sw_ig_md.lock_exist=0bv1, sw_ig_md.lock_id=0bv32, sw_ig_md.locked=0bv32, sw_ig_md.mode=0bv8, sw_ig_md.pkt_type=2bv8, sw_ig_md.queue_size_op=0bv32, sw_ig_md.recirc_flag=0bv8, sw_ig_md.right=0bv32, sw_ig_md.routed=0bv1, sw_ig_md.size_of_queue=0bv32, sw_ig_md.tail=0bv32, sw_ig_md.tid=0bv32, sw_ig_md.timestamp_hi=0bv32, sw_ig_md.timestamp_lo=0bv32, sw_inbox_count=0, sw_ip_array_register__last0_old_value=0bv32, sw_ip_array_register__last0_value=0bv32, sw_ip_array_register__last_index=0bv32, sw_ip_array_register__last_old_value=0bv32, sw_ip_array_register__last_value=0bv32, sw_ip_array_register__last_write_site=0, sw_ip_array_register__next_write_site=0, sw_ip_array_register__wrote_any=false, sw_ip_array_register__wrote_index0=false, sw_left_bound_register__last0_old_value=0bv32, sw_left_bound_register__last0_value=0bv32, sw_left_bound_register__last_index=0bv32, sw_left_bound_register__last_old_value=0bv32, sw_left_bound_register__last_value=0bv32, sw_left_bound_register__last_write_site=0, sw_left_bound_register__next_write_site=0, sw_left_bound_register__wrote_any=false, sw_left_bound_register__wrote_index0=false, sw_mirror_md_0.pkt_type=2bv8, sw_mode_array_register__last0_old_value=0bv8, sw_mode_array_register__last0_value=0bv8, sw_mode_array_register__last_index=0bv32, sw_mode_array_register__last_old_value=0bv8, sw_mode_array_register__last_value=0bv8, sw_mode_array_register__last_write_site=0, sw_mode_array_register__next_write_site=0, sw_mode_array_register__wrote_any=false, sw_mode_array_register__wrote_index0=false, sw_p4b_checksum_error=false, sw_p4b_checksum_updated=false, sw_p4b_checksum_verified=false, sw_p4b_clone_e2e=false, sw_p4b_clone_i2e=false, sw_p4b_clone_i2i=false, sw_p4b_digest=false, sw_p4b_recirculate=false, sw_pkt_external=true, sw_queue_size_op_register__last0_old_value=0bv32, sw_queue_size_op_register__last0_value=0bv32, sw_queue_size_op_register__last_index=0bv32, sw_queue_size_op_register__last_old_value=0bv32, sw_queue_size_op_register__last_value=0bv32, sw_queue_size_op_register__last_write_site=0, sw_queue_size_op_register__next_write_site=0, sw_queue_size_op_register__wrote_any=false, sw_queue_size_op_register__wrote_index0=false, sw_right_bound_register__last0_old_value=0bv32, sw_right_bound_register__last0_value=0bv32, sw_right_bound_register__last_index=0bv32, sw_right_bound_register__last_old_value=0bv32, sw_right_bound_register__last_value=0bv32, sw_right_bound_register__last_write_site=0, sw_right_bound_register__next_write_site=0, sw_right_bound_register__wrote_any=false, sw_right_bound_register__wrote_index0=false, sw_shared_and_exclusive_count_register__last0_old_value=0bv64, sw_shared_and_exclusive_count_register__last0_value=0bv64, sw_shared_and_exclusive_count_register__last_index=0bv32, sw_shared_and_exclusive_count_register__last_old_value=0bv64, sw_shared_and_exclusive_count_register__last_value=0bv64, sw_shared_and_exclusive_count_register__last_write_site=0, sw_shared_and_exclusive_count_register__next_write_site=0, sw_shared_and_exclusive_count_register__wrote_any=false, sw_shared_and_exclusive_count_register__wrote_index0=false, sw_slots_two_sides_register__last0_old_value=0bv64, sw_slots_two_sides_register__last0_value=0bv64, sw_slots_two_sides_register__last_index=0bv32, sw_slots_two_sides_register__last_old_value=0bv64, sw_slots_two_sides_register__last_value=0bv64, sw_slots_two_sides_register__last_write_site=0, sw_slots_two_sides_register__next_write_site=0, sw_slots_two_sides_register__wrote_any=false, sw_slots_two_sides_register__wrote_index0=false, sw_tail_register__last0_old_value=0bv32, sw_tail_register__last0_value=0bv32, sw_tail_register__last_index=0bv32, sw_tail_register__last_old_value=0bv32, sw_tail_register__last_value=0bv32, sw_tail_register__last_write_site=0, sw_tail_register__next_write_site=0, sw_tail_register__wrote_any=false, sw_tail_register__wrote_index0=false, sw_tid_array_register__last0_old_value=0bv32, sw_tid_array_register__last0_value=0bv32, sw_tid_array_register__last_index=0bv32, sw_tid_array_register__last_old_value=0bv32, sw_tid_array_register__last_value=0bv32, sw_tid_array_register__last_write_site=0, sw_tid_array_register__next_write_site=0, sw_tid_array_register__wrote_any=false, sw_tid_array_register__wrote_index0=false]
[L2856]              sw_p4b_recirculate := false;
[L2857]  CALL        call sw_Forward();
[L2701]  COND TRUE   sw_eg_intr_md.egress_port == 0bv9
         VAL         [client_eg_md.client_id=0bv8, client_eg_md.clone_md=0bv8, client_eg_md.ip_address=0bv32, client_eg_md.mode=0bv8, client_eg_md.tid=0bv32, client_eg_md.timestamp_hi=0bv32, client_eg_md.timestamp_lo=0bv32, client_hdr.ethernet.etherType=2048bv16, client_hdr.ethernet.valid=true, client_hdr.ipv4.dstAddr=0bv32, client_hdr.ipv4.protocol=17bv8, client_hdr.ipv4.srcAddr=0bv32, client_hdr.ipv4.valid=true, client_hdr.nlk_hdr.client_id=0bv8, client_hdr.nlk_hdr.lock=0bv32, client_hdr.nlk_hdr.mode=0bv8, client_hdr.nlk_hdr.op=0bv8, client_hdr.nlk_hdr.recirc_flag=0bv8, client_hdr.nlk_hdr.tid=0bv32, client_hdr.nlk_hdr.timestamp_hi=0bv32, client_hdr.nlk_hdr.timestamp_lo=0bv32, client_hdr.nlk_hdr.valid=true, client_hdr.recirculate_hdr.cur_head=0bv32, client_hdr.recirculate_hdr.cur_tail=0bv32, client_hdr.recirculate_hdr.dequeued_mode=0bv8, client_hdr.udp.dstPort=8888bv16, client_hdr.udp.valid=true, client_ig_intr_md.resubmit_flag=1bv1, client_ig_md.client_id=0bv8, client_ig_md.dequeued_mode=0bv8, client_ig_md.do_resubmit=0bv1, client_ig_md.empty_slots=0bv32, client_ig_md.empty_slots_before_pop=0bv32, client_ig_md.head=0bv32, client_ig_md.ip_address=0bv32, client_ig_md.left=0bv32, client_ig_md.length_in_server=0bv32, client_ig_md.lock_exist=0bv1, client_ig_md.lock_id=0bv32, client_ig_md.locked=0bv32, client_ig_md.mode=0bv8, client_ig_md.pkt_type=2bv8, client_ig_md.queue_size_op=0bv32, client_ig_md.recirc_flag=0bv8, client_ig_md.right=0bv32, client_ig_md.routed=0bv1, client_ig_md.size_of_queue=0bv32, client_ig_md.tail=0bv32, client_ig_md.tid=0bv32, client_ig_md.timestamp_hi=0bv32, client_ig_md.timestamp_lo=0bv32, client_inbox_count=0, client_pkt_external=false, procurator_phase=2, procurator_step=2, sw_SwitchEgress_change_op_type_table.hit=false, sw_client_id_array_register__last0_old_value=0bv8, sw_client_id_array_register__last0_value=0bv8, sw_client_id_array_register__last_index=0bv32, sw_client_id_array_register__last_old_value=0bv8, sw_client_id_array_register__last_value=0bv8, sw_client_id_array_register__last_write_site=0, sw_client_id_array_register__next_write_site=0, sw_client_id_array_register__wrote_any=false, sw_client_id_array_register__wrote_index0=false, sw_drop=true, sw_eg_intr_md.egress_port=0bv9, sw_eg_md.client_id=0bv8, sw_eg_md.clone_md=0bv8, sw_eg_md.ip_address=0bv32, sw_eg_md.mode=0bv8, sw_eg_md.tid=0bv32, sw_eg_md.timestamp_hi=0bv32, sw_eg_md.timestamp_lo=0bv32, sw_forward=false, sw_hdr.ethernet.etherType=2048bv16, sw_hdr.ethernet.valid=true, sw_hdr.ipv4.dstAddr=0bv32, sw_hdr.ipv4.protocol=17bv8, sw_hdr.ipv4.srcAddr=0bv32, sw_hdr.ipv4.valid=true, sw_hdr.nlk_hdr.client_id=0bv8, sw_hdr.nlk_hdr.lock=0bv32, sw_hdr.nlk_hdr.mode=0bv8, sw_hdr.nlk_hdr.op=0bv8, sw_hdr.nlk_hdr.recirc_flag=0bv8, sw_hdr.nlk_hdr.tid=0bv32, sw_hdr.nlk_hdr.timestamp_hi=0bv32, sw_hdr.nlk_hdr.timestamp_lo=0bv32, sw_hdr.nlk_hdr.valid=true, sw_hdr.recirculate_hdr.cur_head=0bv32, sw_hdr.recirculate_hdr.cur_tail=0bv32, sw_hdr.recirculate_hdr.dequeued_mode=0bv8, sw_hdr.udp.dstPort=8888bv16, sw_hdr.udp.valid=true, sw_head_register__last0_old_value=0bv32, sw_head_register__last0_value=0bv32, sw_head_register__last_index=0bv32, sw_head_register__last_old_value=0bv32, sw_head_register__last_value=0bv32, sw_head_register__last_write_site=0, sw_head_register__next_write_site=0, sw_head_register__wrote_any=false, sw_head_register__wrote_index0=false, sw_ig_intr_md.resubmit_flag=1bv1, sw_ig_md.client_id=0bv8, sw_ig_md.dequeued_mode=0bv8, sw_ig_md.do_resubmit=0bv1, sw_ig_md.empty_slots=0bv32, sw_ig_md.empty_slots_before_pop=0bv32, sw_ig_md.head=0bv32, sw_ig_md.ip_address=0bv32, sw_ig_md.left=0bv32, sw_ig_md.length_in_server=0bv32, sw_ig_md.lock_exist=0bv1, sw_ig_md.lock_id=0bv32, sw_ig_md.locked=0bv32, sw_ig_md.mode=0bv8, sw_ig_md.pkt_type=2bv8, sw_ig_md.queue_size_op=0bv32, sw_ig_md.recirc_flag=0bv8, sw_ig_md.right=0bv32, sw_ig_md.routed=0bv1, sw_ig_md.size_of_queue=0bv32, sw_ig_md.tail=0bv32, sw_ig_md.tid=0bv32, sw_ig_md.timestamp_hi=0bv32, sw_ig_md.timestamp_lo=0bv32, sw_inbox_count=0, sw_ip_array_register__last0_old_value=0bv32, sw_ip_array_register__last0_value=0bv32, sw_ip_array_register__last_index=0bv32, sw_ip_array_register__last_old_value=0bv32, sw_ip_array_register__last_value=0bv32, sw_ip_array_register__last_write_site=0, sw_ip_array_register__next_write_site=0, sw_ip_array_register__wrote_any=false, sw_ip_array_register__wrote_index0=false, sw_left_bound_register__last0_old_value=0bv32, sw_left_bound_register__last0_value=0bv32, sw_left_bound_register__last_index=0bv32, sw_left_bound_register__last_old_value=0bv32, sw_left_bound_register__last_value=0bv32, sw_left_bound_register__last_write_site=0, sw_left_bound_register__next_write_site=0, sw_left_bound_register__wrote_any=false, sw_left_bound_register__wrote_index0=false, sw_mirror_md_0.pkt_type=2bv8, sw_mode_array_register__last0_old_value=0bv8, sw_mode_array_register__last0_value=0bv8, sw_mode_array_register__last_index=0bv32, sw_mode_array_register__last_old_value=0bv8, sw_mode_array_register__last_value=0bv8, sw_mode_array_register__last_write_site=0, sw_mode_array_register__next_write_site=0, sw_mode_array_register__wrote_any=false, sw_mode_array_register__wrote_index0=false, sw_p4b_checksum_error=false, sw_p4b_checksum_updated=false, sw_p4b_checksum_verified=false, sw_p4b_clone_e2e=false, sw_p4b_clone_i2e=false, sw_p4b_clone_i2i=false, sw_p4b_digest=false, sw_p4b_recirculate=false, sw_pkt_external=true, sw_queue_size_op_register__last0_old_value=0bv32, sw_queue_size_op_register__last0_value=0bv32, sw_queue_size_op_register__last_index=0bv32, sw_queue_size_op_register__last_old_value=0bv32, sw_queue_size_op_register__last_value=0bv32, sw_queue_size_op_register__last_write_site=0, sw_queue_size_op_register__next_write_site=0, sw_queue_size_op_register__wrote_any=false, sw_queue_size_op_register__wrote_index0=false, sw_right_bound_register__last0_old_value=0bv32, sw_right_bound_register__last0_value=0bv32, sw_right_bound_register__last_index=0bv32, sw_right_bound_register__last_old_value=0bv32, sw_right_bound_register__last_value=0bv32, sw_right_bound_register__last_write_site=0, sw_right_bound_register__next_write_site=0, sw_right_bound_register__wrote_any=false, sw_right_bound_register__wrote_index0=false, sw_shared_and_exclusive_count_register__last0_old_value=0bv64, sw_shared_and_exclusive_count_register__last0_value=0bv64, sw_shared_and_exclusive_count_register__last_index=0bv32, sw_shared_and_exclusive_count_register__last_old_value=0bv64, sw_shared_and_exclusive_count_register__last_value=0bv64, sw_shared_and_exclusive_count_register__last_write_site=0, sw_shared_and_exclusive_count_register__next_write_site=0, sw_shared_and_exclusive_count_register__wrote_any=false, sw_shared_and_exclusive_count_register__wrote_index0=false, sw_slots_two_sides_register__last0_old_value=0bv64, sw_slots_two_sides_register__last0_value=0bv64, sw_slots_two_sides_register__last_index=0bv32, sw_slots_two_sides_register__last_old_value=0bv64, sw_slots_two_sides_register__last_value=0bv64, sw_slots_two_sides_register__last_write_site=0, sw_slots_two_sides_register__next_write_site=0, sw_slots_two_sides_register__wrote_any=false, sw_slots_two_sides_register__wrote_index0=false, sw_tail_register__last0_old_value=0bv32, sw_tail_register__last0_value=0bv32, sw_tail_register__last_index=0bv32, sw_tail_register__last_old_value=0bv32, sw_tail_register__last_value=0bv32, sw_tail_register__last_write_site=0, sw_tail_register__next_write_site=0, sw_tail_register__wrote_any=false, sw_tail_register__wrote_index0=false, sw_tid_array_register__last0_old_value=0bv32, sw_tid_array_register__last0_value=0bv32, sw_tid_array_register__last_index=0bv32, sw_tid_array_register__last_old_value=0bv32, sw_tid_array_register__last_value=0bv32, sw_tid_array_register__last_write_site=0, sw_tid_array_register__next_write_site=0, sw_tid_array_register__wrote_any=false, sw_tid_array_register__wrote_index0=false]
[L2857]  RET         call sw_Forward();
[L2859]              sw_client_id_array_register__dbg0 := sw_client_id_array_register[0bv32];
[L2860]              sw_client_id_array_register__last_index__dbg := sw_client_id_array_register__last_index;
[L2861]              sw_client_id_array_register__last_value__dbg := sw_client_id_array_register__last_value;
[L2862]              sw_client_id_array_register__last_old_value__dbg := sw_client_id_array_register__last_old_value;
[L2863]              sw_client_id_array_register__wrote_any__dbg := sw_client_id_array_register__wrote_any;
[L2864]              sw_client_id_array_register__wrote_index0__dbg := sw_client_id_array_register__wrote_index0;
[L2865]              sw_client_id_array_register__last0_old_value__dbg := sw_client_id_array_register__last0_old_value;
[L2866]              sw_client_id_array_register__last0_value__dbg := sw_client_id_array_register__last0_value;
[L2867]              sw_head_register__dbg0 := sw_head_register[0bv32];
[L2868]              sw_head_register__last_index__dbg := sw_head_register__last_index;
[L2869]              sw_head_register__last_value__dbg := sw_head_register__last_value;
[L2870]              sw_head_register__last_old_value__dbg := sw_head_register__last_old_value;
[L2871]              sw_head_register__wrote_any__dbg := sw_head_register__wrote_any;
[L2872]              sw_head_register__wrote_index0__dbg := sw_head_register__wrote_index0;
[L2873]              sw_head_register__last0_old_value__dbg := sw_head_register__last0_old_value;
[L2874]              sw_head_register__last0_value__dbg := sw_head_register__last0_value;
[L2875]              sw_ip_array_register__dbg0 := sw_ip_array_register[0bv32];
[L2876]              sw_ip_array_register__last_index__dbg := sw_ip_array_register__last_index;
[L2877]              sw_ip_array_register__last_value__dbg := sw_ip_array_register__last_value;
[L2878]              sw_ip_array_register__last_old_value__dbg := sw_ip_array_register__last_old_value;
[L2879]              sw_ip_array_register__wrote_any__dbg := sw_ip_array_register__wrote_any;
[L2880]              sw_ip_array_register__wrote_index0__dbg := sw_ip_array_register__wrote_index0;
[L2881]              sw_ip_array_register__last0_old_value__dbg := sw_ip_array_register__last0_old_value;
[L2882]              sw_ip_array_register__last0_value__dbg := sw_ip_array_register__last0_value;
[L2883]              sw_left_bound_register__dbg0 := sw_left_bound_register[0bv32];
[L2884]              sw_left_bound_register__last_index__dbg := sw_left_bound_register__last_index;
[L2885]              sw_left_bound_register__last_value__dbg := sw_left_bound_register__last_value;
[L2886]              sw_left_bound_register__last_old_value__dbg := sw_left_bound_register__last_old_value;
[L2887]              sw_left_bound_register__wrote_any__dbg := sw_left_bound_register__wrote_any;
[L2888]              sw_left_bound_register__wrote_index0__dbg := sw_left_bound_register__wrote_index0;
[L2889]              sw_left_bound_register__last0_old_value__dbg := sw_left_bound_register__last0_old_value;
[L2890]              sw_left_bound_register__last0_value__dbg := sw_left_bound_register__last0_value;
[L2891]              sw_mode_array_register__dbg0 := sw_mode_array_register[0bv32];
[L2892]              sw_mode_array_register__last_index__dbg := sw_mode_array_register__last_index;
[L2893]              sw_mode_array_register__last_value__dbg := sw_mode_array_register__last_value;
[L2894]              sw_mode_array_register__last_old_value__dbg := sw_mode_array_register__last_old_value;
[L2895]              sw_mode_array_register__wrote_any__dbg := sw_mode_array_register__wrote_any;
[L2896]              sw_mode_array_register__wrote_index0__dbg := sw_mode_array_register__wrote_index0;
[L2897]              sw_mode_array_register__last0_old_value__dbg := sw_mode_array_register__last0_old_value;
[L2898]              sw_mode_array_register__last0_value__dbg := sw_mode_array_register__last0_value;
[L2899]              sw_queue_size_op_register__dbg0 := sw_queue_size_op_register[0bv32];
[L2900]              sw_queue_size_op_register__last_index__dbg := sw_queue_size_op_register__last_index;
[L2901]              sw_queue_size_op_register__last_value__dbg := sw_queue_size_op_register__last_value;
[L2902]              sw_queue_size_op_register__last_old_value__dbg := sw_queue_size_op_register__last_old_value;
[L2903]              sw_queue_size_op_register__wrote_any__dbg := sw_queue_size_op_register__wrote_any;
[L2904]              sw_queue_size_op_register__wrote_index0__dbg := sw_queue_size_op_register__wrote_index0;
[L2905]              sw_queue_size_op_register__last0_old_value__dbg := sw_queue_size_op_register__last0_old_value;
[L2906]              sw_queue_size_op_register__last0_value__dbg := sw_queue_size_op_register__last0_value;
[L2907]              sw_right_bound_register__dbg0 := sw_right_bound_register[0bv32];
[L2908]              sw_right_bound_register__last_index__dbg := sw_right_bound_register__last_index;
[L2909]              sw_right_bound_register__last_value__dbg := sw_right_bound_register__last_value;
[L2910]              sw_right_bound_register__last_old_value__dbg := sw_right_bound_register__last_old_value;
[L2911]              sw_right_bound_register__wrote_any__dbg := sw_right_bound_register__wrote_any;
[L2912]              sw_right_bound_register__wrote_index0__dbg := sw_right_bound_register__wrote_index0;
[L2913]              sw_right_bound_register__last0_old_value__dbg := sw_right_bound_register__last0_old_value;
[L2914]              sw_right_bound_register__last0_value__dbg := sw_right_bound_register__last0_value;
[L2915]              sw_shared_and_exclusive_count_register__dbg0 := sw_shared_and_exclusive_count_register[0bv32];
[L2916]              sw_shared_and_exclusive_count_register__last_index__dbg := sw_shared_and_exclusive_count_register__last_index;
[L2917]              sw_shared_and_exclusive_count_register__last_value__dbg := sw_shared_and_exclusive_count_register__last_value;
[L2918]              sw_shared_and_exclusive_count_register__last_old_value__dbg := sw_shared_and_exclusive_count_register__last_old_value;
[L2919]              sw_shared_and_exclusive_count_register__wrote_any__dbg := sw_shared_and_exclusive_count_register__wrote_any;
[L2920]              sw_shared_and_exclusive_count_register__wrote_index0__dbg := sw_shared_and_exclusive_count_register__wrote_index0;
[L2921]              sw_shared_and_exclusive_count_register__last0_old_value__dbg := sw_shared_and_exclusive_count_register__last0_old_value;
[L2922]              sw_shared_and_exclusive_count_register__last0_value__dbg := sw_shared_and_exclusive_count_register__last0_value;
[L2923]              sw_slots_two_sides_register__dbg0 := sw_slots_two_sides_register[0bv32];
[L2924]              sw_slots_two_sides_register__last_index__dbg := sw_slots_two_sides_register__last_index;
[L2925]              sw_slots_two_sides_register__last_value__dbg := sw_slots_two_sides_register__last_value;
[L2926]              sw_slots_two_sides_register__last_old_value__dbg := sw_slots_two_sides_register__last_old_value;
[L2927]              sw_slots_two_sides_register__wrote_any__dbg := sw_slots_two_sides_register__wrote_any;
[L2928]              sw_slots_two_sides_register__wrote_index0__dbg := sw_slots_two_sides_register__wrote_index0;
[L2929]              sw_slots_two_sides_register__last0_old_value__dbg := sw_slots_two_sides_register__last0_old_value;
[L2930]              sw_slots_two_sides_register__last0_value__dbg := sw_slots_two_sides_register__last0_value;
[L2931]              sw_tail_register__dbg0 := sw_tail_register[0bv32];
[L2932]              sw_tail_register__last_index__dbg := sw_tail_register__last_index;
[L2933]              sw_tail_register__last_value__dbg := sw_tail_register__last_value;
[L2934]              sw_tail_register__last_old_value__dbg := sw_tail_register__last_old_value;
[L2935]              sw_tail_register__wrote_any__dbg := sw_tail_register__wrote_any;
[L2936]              sw_tail_register__wrote_index0__dbg := sw_tail_register__wrote_index0;
[L2937]              sw_tail_register__last0_old_value__dbg := sw_tail_register__last0_old_value;
[L2938]              sw_tail_register__last0_value__dbg := sw_tail_register__last0_value;
[L2939]              sw_tid_array_register__dbg0 := sw_tid_array_register[0bv32];
[L2940]              sw_tid_array_register__last_index__dbg := sw_tid_array_register__last_index;
[L2941]              sw_tid_array_register__last_value__dbg := sw_tid_array_register__last_value;
[L2942]              sw_tid_array_register__last_old_value__dbg := sw_tid_array_register__last_old_value;
[L2943]              sw_tid_array_register__wrote_any__dbg := sw_tid_array_register__wrote_any;
[L2944]              sw_tid_array_register__wrote_index0__dbg := sw_tid_array_register__wrote_index0;
[L2945]              sw_tid_array_register__last0_old_value__dbg := sw_tid_array_register__last0_old_value;
[L2946]              sw_tid_array_register__last0_value__dbg := sw_tid_array_register__last0_value;
         VAL         [client_eg_md.client_id=0bv8, client_eg_md.clone_md=0bv8, client_eg_md.ip_address=0bv32, client_eg_md.mode=0bv8, client_eg_md.tid=0bv32, client_eg_md.timestamp_hi=0bv32, client_eg_md.timestamp_lo=0bv32, client_hdr.ethernet.etherType=2048bv16, client_hdr.ethernet.valid=true, client_hdr.ipv4.dstAddr=0bv32, client_hdr.ipv4.protocol=17bv8, client_hdr.ipv4.srcAddr=0bv32, client_hdr.ipv4.valid=true, client_hdr.nlk_hdr.client_id=0bv8, client_hdr.nlk_hdr.lock=0bv32, client_hdr.nlk_hdr.mode=0bv8, client_hdr.nlk_hdr.op=0bv8, client_hdr.nlk_hdr.recirc_flag=0bv8, client_hdr.nlk_hdr.tid=0bv32, client_hdr.nlk_hdr.timestamp_hi=0bv32, client_hdr.nlk_hdr.timestamp_lo=0bv32, client_hdr.nlk_hdr.valid=true, client_hdr.recirculate_hdr.cur_head=0bv32, client_hdr.recirculate_hdr.cur_tail=0bv32, client_hdr.recirculate_hdr.dequeued_mode=0bv8, client_hdr.udp.dstPort=8888bv16, client_hdr.udp.valid=true, client_ig_intr_md.resubmit_flag=1bv1, client_ig_md.client_id=0bv8, client_ig_md.dequeued_mode=0bv8, client_ig_md.do_resubmit=0bv1, client_ig_md.empty_slots=0bv32, client_ig_md.empty_slots_before_pop=0bv32, client_ig_md.head=0bv32, client_ig_md.ip_address=0bv32, client_ig_md.left=0bv32, client_ig_md.length_in_server=0bv32, client_ig_md.lock_exist=0bv1, client_ig_md.lock_id=0bv32, client_ig_md.locked=0bv32, client_ig_md.mode=0bv8, client_ig_md.pkt_type=2bv8, client_ig_md.queue_size_op=0bv32, client_ig_md.recirc_flag=0bv8, client_ig_md.right=0bv32, client_ig_md.routed=0bv1, client_ig_md.size_of_queue=0bv32, client_ig_md.tail=0bv32, client_ig_md.tid=0bv32, client_ig_md.timestamp_hi=0bv32, client_ig_md.timestamp_lo=0bv32, client_inbox_count=0, client_pkt_external=false, procurator_phase=2, procurator_step=2, sw_SwitchEgress_change_op_type_table.hit=false, sw_client_id_array_register__dbg0=0bv8, sw_client_id_array_register__last0_old_value=0bv8, sw_client_id_array_register__last0_old_value__dbg=0bv8, sw_client_id_array_register__last0_value=0bv8, sw_client_id_array_register__last0_value__dbg=0bv8, sw_client_id_array_register__last_index=0bv32, sw_client_id_array_register__last_index__dbg=0bv32, sw_client_id_array_register__last_old_value=0bv8, sw_client_id_array_register__last_old_value__dbg=0bv8, sw_client_id_array_register__last_value=0bv8, sw_client_id_array_register__last_value__dbg=0bv8, sw_client_id_array_register__last_write_site=0, sw_client_id_array_register__next_write_site=0, sw_client_id_array_register__wrote_any=false, sw_client_id_array_register__wrote_any__dbg=false, sw_client_id_array_register__wrote_index0=false, sw_client_id_array_register__wrote_index0__dbg=false, sw_drop=true, sw_eg_intr_md.egress_port=0bv9, sw_eg_md.client_id=0bv8, sw_eg_md.clone_md=0bv8, sw_eg_md.ip_address=0bv32, sw_eg_md.mode=0bv8, sw_eg_md.tid=0bv32, sw_eg_md.timestamp_hi=0bv32, sw_eg_md.timestamp_lo=0bv32, sw_forward=false, sw_hdr.ethernet.etherType=2048bv16, sw_hdr.ethernet.valid=true, sw_hdr.ipv4.dstAddr=0bv32, sw_hdr.ipv4.protocol=17bv8, sw_hdr.ipv4.srcAddr=0bv32, sw_hdr.ipv4.valid=true, sw_hdr.nlk_hdr.client_id=0bv8, sw_hdr.nlk_hdr.lock=0bv32, sw_hdr.nlk_hdr.mode=0bv8, sw_hdr.nlk_hdr.op=0bv8, sw_hdr.nlk_hdr.recirc_flag=0bv8, sw_hdr.nlk_hdr.tid=0bv32, sw_hdr.nlk_hdr.timestamp_hi=0bv32, sw_hdr.nlk_hdr.timestamp_lo=0bv32, sw_hdr.nlk_hdr.valid=true, sw_hdr.recirculate_hdr.cur_head=0bv32, sw_hdr.recirculate_hdr.cur_tail=0bv32, sw_hdr.recirculate_hdr.dequeued_mode=0bv8, sw_hdr.udp.dstPort=8888bv16, sw_hdr.udp.valid=true, sw_head_register__dbg0=0bv32, sw_head_register__last0_old_value=0bv32, sw_head_register__last0_old_value__dbg=0bv32, sw_head_register__last0_value=0bv32, sw_head_register__last0_value__dbg=0bv32, sw_head_register__last_index=0bv32, sw_head_register__last_index__dbg=0bv32, sw_head_register__last_old_value=0bv32, sw_head_register__last_old_value__dbg=0bv32, sw_head_register__last_value=0bv32, sw_head_register__last_value__dbg=0bv32, sw_head_register__last_write_site=0, sw_head_register__next_write_site=0, sw_head_register__wrote_any=false, sw_head_register__wrote_any__dbg=false, sw_head_register__wrote_index0=false, sw_head_register__wrote_index0__dbg=false, sw_ig_intr_md.resubmit_flag=1bv1, sw_ig_md.client_id=0bv8, sw_ig_md.dequeued_mode=0bv8, sw_ig_md.do_resubmit=0bv1, sw_ig_md.empty_slots=0bv32, sw_ig_md.empty_slots_before_pop=0bv32, sw_ig_md.head=0bv32, sw_ig_md.ip_address=0bv32, sw_ig_md.left=0bv32, sw_ig_md.length_in_server=0bv32, sw_ig_md.lock_exist=0bv1, sw_ig_md.lock_id=0bv32, sw_ig_md.locked=0bv32, sw_ig_md.mode=0bv8, sw_ig_md.pkt_type=2bv8, sw_ig_md.queue_size_op=0bv32, sw_ig_md.recirc_flag=0bv8, sw_ig_md.right=0bv32, sw_ig_md.routed=0bv1, sw_ig_md.size_of_queue=0bv32, sw_ig_md.tail=0bv32, sw_ig_md.tid=0bv32, sw_ig_md.timestamp_hi=0bv32, sw_ig_md.timestamp_lo=0bv32, sw_inbox_count=0, sw_ip_array_register__dbg0=0bv32, sw_ip_array_register__last0_old_value=0bv32, sw_ip_array_register__last0_old_value__dbg=0bv32, sw_ip_array_register__last0_value=0bv32, sw_ip_array_register__last0_value__dbg=0bv32, sw_ip_array_register__last_index=0bv32, sw_ip_array_register__last_index__dbg=0bv32, sw_ip_array_register__last_old_value=0bv32, sw_ip_array_register__last_old_value__dbg=0bv32, sw_ip_array_register__last_value=0bv32, sw_ip_array_register__last_value__dbg=0bv32, sw_ip_array_register__last_write_site=0, sw_ip_array_register__next_write_site=0, sw_ip_array_register__wrote_any=false, sw_ip_array_register__wrote_any__dbg=false, sw_ip_array_register__wrote_index0=false, sw_ip_array_register__wrote_index0__dbg=false, sw_left_bound_register__dbg0=0bv32, sw_left_bound_register__last0_old_value=0bv32, sw_left_bound_register__last0_old_value__dbg=0bv32, sw_left_bound_register__last0_value=0bv32, sw_left_bound_register__last0_value__dbg=0bv32, sw_left_bound_register__last_index=0bv32, sw_left_bound_register__last_index__dbg=0bv32, sw_left_bound_register__last_old_value=0bv32, sw_left_bound_register__last_old_value__dbg=0bv32, sw_left_bound_register__last_value=0bv32, sw_left_bound_register__last_value__dbg=0bv32, sw_left_bound_register__last_write_site=0, sw_left_bound_register__next_write_site=0, sw_left_bound_register__wrote_any=false, sw_left_bound_register__wrote_any__dbg=false, sw_left_bound_register__wrote_index0=false, sw_left_bound_register__wrote_index0__dbg=false, sw_mirror_md_0.pkt_type=2bv8, sw_mode_array_register__dbg0=0bv8, sw_mode_array_register__last0_old_value=0bv8, sw_mode_array_register__last0_old_value__dbg=0bv8, sw_mode_array_register__last0_value=0bv8, sw_mode_array_register__last0_value__dbg=0bv8, sw_mode_array_register__last_index=0bv32, sw_mode_array_register__last_index__dbg=0bv32, sw_mode_array_register__last_old_value=0bv8, sw_mode_array_register__last_old_value__dbg=0bv8, sw_mode_array_register__last_value=0bv8, sw_mode_array_register__last_value__dbg=0bv8, sw_mode_array_register__last_write_site=0, sw_mode_array_register__next_write_site=0, sw_mode_array_register__wrote_any=false, sw_mode_array_register__wrote_any__dbg=false, sw_mode_array_register__wrote_index0=false, sw_mode_array_register__wrote_index0__dbg=false, sw_p4b_checksum_error=false, sw_p4b_checksum_updated=false, sw_p4b_checksum_verified=false, sw_p4b_clone_e2e=false, sw_p4b_clone_i2e=false, sw_p4b_clone_i2i=false, sw_p4b_digest=false, sw_p4b_recirculate=false, sw_pkt_external=true, sw_queue_size_op_register__dbg0=0bv32, sw_queue_size_op_register__last0_old_value=0bv32, sw_queue_size_op_register__last0_old_value__dbg=0bv32, sw_queue_size_op_register__last0_value=0bv32, sw_queue_size_op_register__last0_value__dbg=0bv32, sw_queue_size_op_register__last_index=0bv32, sw_queue_size_op_register__last_index__dbg=0bv32, sw_queue_size_op_register__last_old_value=0bv32, sw_queue_size_op_register__last_old_value__dbg=0bv32, sw_queue_size_op_register__last_value=0bv32, sw_queue_size_op_register__last_value__dbg=0bv32, sw_queue_size_op_register__last_write_site=0, sw_queue_size_op_register__next_write_site=0, sw_queue_size_op_register__wrote_any=false, sw_queue_size_op_register__wrote_any__dbg=false, sw_queue_size_op_register__wrote_index0=false, sw_queue_size_op_register__wrote_index0__dbg=false, sw_right_bound_register__dbg0=0bv32, sw_right_bound_register__last0_old_value=0bv32, sw_right_bound_register__last0_old_value__dbg=0bv32, sw_right_bound_register__last0_value=0bv32, sw_right_bound_register__last0_value__dbg=0bv32, sw_right_bound_register__last_index=0bv32, sw_right_bound_register__last_index__dbg=0bv32, sw_right_bound_register__last_old_value=0bv32, sw_right_bound_register__last_old_value__dbg=0bv32, sw_right_bound_register__last_value=0bv32, sw_right_bound_register__last_value__dbg=0bv32, sw_right_bound_register__last_write_site=0, sw_right_bound_register__next_write_site=0, sw_right_bound_register__wrote_any=false, sw_right_bound_register__wrote_any__dbg=false, sw_right_bound_register__wrote_index0=false, sw_right_bound_register__wrote_index0__dbg=false, sw_shared_and_exclusive_count_register__dbg0=0bv64, sw_shared_and_exclusive_count_register__last0_old_value=0bv64, sw_shared_and_exclusive_count_register__last0_old_value__dbg=0bv64, sw_shared_and_exclusive_count_register__last0_value=0bv64, sw_shared_and_exclusive_count_register__last0_value__dbg=0bv64, sw_shared_and_exclusive_count_register__last_index=0bv32, sw_shared_and_exclusive_count_register__last_index__dbg=0bv32, sw_shared_and_exclusive_count_register__last_old_value=0bv64, sw_shared_and_exclusive_count_register__last_old_value__dbg=0bv64, sw_shared_and_exclusive_count_register__last_value=0bv64, sw_shared_and_exclusive_count_register__last_value__dbg=0bv64, sw_shared_and_exclusive_count_register__last_write_site=0, sw_shared_and_exclusive_count_register__next_write_site=0, sw_shared_and_exclusive_count_register__wrote_any=false, sw_shared_and_exclusive_count_register__wrote_any__dbg=false, sw_shared_and_exclusive_count_register__wrote_index0=false, sw_shared_and_exclusive_count_register__wrote_index0__dbg=false, sw_slots_two_sides_register__dbg0=0bv64, sw_slots_two_sides_register__last0_old_value=0bv64, sw_slots_two_sides_register__last0_old_value__dbg=0bv64, sw_slots_two_sides_register__last0_value=0bv64, sw_slots_two_sides_register__last0_value__dbg=0bv64, sw_slots_two_sides_register__last_index=0bv32, sw_slots_two_sides_register__last_index__dbg=0bv32, sw_slots_two_sides_register__last_old_value=0bv64, sw_slots_two_sides_register__last_old_value__dbg=0bv64, sw_slots_two_sides_register__last_value=0bv64, sw_slots_two_sides_register__last_value__dbg=0bv64, sw_slots_two_sides_register__last_write_site=0, sw_slots_two_sides_register__next_write_site=0, sw_slots_two_sides_register__wrote_any=false, sw_slots_two_sides_register__wrote_any__dbg=false, sw_slots_two_sides_register__wrote_index0=false, sw_slots_two_sides_register__wrote_index0__dbg=false, sw_tail_register__dbg0=0bv32, sw_tail_register__last0_old_value=0bv32, sw_tail_register__last0_old_value__dbg=0bv32, sw_tail_register__last0_value=0bv32, sw_tail_register__last0_value__dbg=0bv32, sw_tail_register__last_index=0bv32, sw_tail_register__last_index__dbg=0bv32, sw_tail_register__last_old_value=0bv32, sw_tail_register__last_old_value__dbg=0bv32, sw_tail_register__last_value=0bv32, sw_tail_register__last_value__dbg=0bv32, sw_tail_register__last_write_site=0, sw_tail_register__next_write_site=0, sw_tail_register__wrote_any=false, sw_tail_register__wrote_any__dbg=false, sw_tail_register__wrote_index0=false, sw_tail_register__wrote_index0__dbg=false, sw_tid_array_register__dbg0=0bv32, sw_tid_array_register__last0_old_value=0bv32, sw_tid_array_register__last0_old_value__dbg=0bv32, sw_tid_array_register__last0_value=0bv32, sw_tid_array_register__last0_value__dbg=0bv32, sw_tid_array_register__last_index=0bv32, sw_tid_array_register__last_index__dbg=0bv32, sw_tid_array_register__last_old_value=0bv32, sw_tid_array_register__last_old_value__dbg=0bv32, sw_tid_array_register__last_value=0bv32, sw_tid_array_register__last_value__dbg=0bv32, sw_tid_array_register__last_write_site=0, sw_tid_array_register__next_write_site=0, sw_tid_array_register__wrote_any=false, sw_tid_array_register__wrote_any__dbg=false, sw_tid_array_register__wrote_index0=false, sw_tid_array_register__wrote_index0__dbg=false]
[L2948]              assert sw_ig_md.pkt_type == 0bv8 || sw_ig_md.pkt_type == 1bv8;
         VAL         [client_eg_md.client_id=0bv8, client_eg_md.clone_md=0bv8, client_eg_md.ip_address=0bv32, client_eg_md.mode=0bv8, client_eg_md.tid=0bv32, client_eg_md.timestamp_hi=0bv32, client_eg_md.timestamp_lo=0bv32, client_hdr.ethernet.etherType=2048bv16, client_hdr.ethernet.valid=true, client_hdr.ipv4.dstAddr=0bv32, client_hdr.ipv4.protocol=17bv8, client_hdr.ipv4.srcAddr=0bv32, client_hdr.ipv4.valid=true, client_hdr.nlk_hdr.client_id=0bv8, client_hdr.nlk_hdr.lock=0bv32, client_hdr.nlk_hdr.mode=0bv8, client_hdr.nlk_hdr.op=0bv8, client_hdr.nlk_hdr.recirc_flag=0bv8, client_hdr.nlk_hdr.tid=0bv32, client_hdr.nlk_hdr.timestamp_hi=0bv32, client_hdr.nlk_hdr.timestamp_lo=0bv32, client_hdr.nlk_hdr.valid=true, client_hdr.recirculate_hdr.cur_head=0bv32, client_hdr.recirculate_hdr.cur_tail=0bv32, client_hdr.recirculate_hdr.dequeued_mode=0bv8, client_hdr.udp.dstPort=8888bv16, client_hdr.udp.valid=true, client_ig_intr_md.resubmit_flag=1bv1, client_ig_md.client_id=0bv8, client_ig_md.dequeued_mode=0bv8, client_ig_md.do_resubmit=0bv1, client_ig_md.empty_slots=0bv32, client_ig_md.empty_slots_before_pop=0bv32, client_ig_md.head=0bv32, client_ig_md.ip_address=0bv32, client_ig_md.left=0bv32, client_ig_md.length_in_server=0bv32, client_ig_md.lock_exist=0bv1, client_ig_md.lock_id=0bv32, client_ig_md.locked=0bv32, client_ig_md.mode=0bv8, client_ig_md.pkt_type=2bv8, client_ig_md.queue_size_op=0bv32, client_ig_md.recirc_flag=0bv8, client_ig_md.right=0bv32, client_ig_md.routed=0bv1, client_ig_md.size_of_queue=0bv32, client_ig_md.tail=0bv32, client_ig_md.tid=0bv32, client_ig_md.timestamp_hi=0bv32, client_ig_md.timestamp_lo=0bv32, client_inbox_count=0, client_pkt_external=false, procurator_phase=2, procurator_step=2, sw_SwitchEgress_change_op_type_table.hit=false, sw_client_id_array_register__dbg0=0bv8, sw_client_id_array_register__last0_old_value=0bv8, sw_client_id_array_register__last0_old_value__dbg=0bv8, sw_client_id_array_register__last0_value=0bv8, sw_client_id_array_register__last0_value__dbg=0bv8, sw_client_id_array_register__last_index=0bv32, sw_client_id_array_register__last_index__dbg=0bv32, sw_client_id_array_register__last_old_value=0bv8, sw_client_id_array_register__last_old_value__dbg=0bv8, sw_client_id_array_register__last_value=0bv8, sw_client_id_array_register__last_value__dbg=0bv8, sw_client_id_array_register__last_write_site=0, sw_client_id_array_register__next_write_site=0, sw_client_id_array_register__wrote_any=false, sw_client_id_array_register__wrote_any__dbg=false, sw_client_id_array_register__wrote_index0=false, sw_client_id_array_register__wrote_index0__dbg=false, sw_drop=true, sw_eg_intr_md.egress_port=0bv9, sw_eg_md.client_id=0bv8, sw_eg_md.clone_md=0bv8, sw_eg_md.ip_address=0bv32, sw_eg_md.mode=0bv8, sw_eg_md.tid=0bv32, sw_eg_md.timestamp_hi=0bv32, sw_eg_md.timestamp_lo=0bv32, sw_forward=false, sw_hdr.ethernet.etherType=2048bv16, sw_hdr.ethernet.valid=true, sw_hdr.ipv4.dstAddr=0bv32, sw_hdr.ipv4.protocol=17bv8, sw_hdr.ipv4.srcAddr=0bv32, sw_hdr.ipv4.valid=true, sw_hdr.nlk_hdr.client_id=0bv8, sw_hdr.nlk_hdr.lock=0bv32, sw_hdr.nlk_hdr.mode=0bv8, sw_hdr.nlk_hdr.op=0bv8, sw_hdr.nlk_hdr.recirc_flag=0bv8, sw_hdr.nlk_hdr.tid=0bv32, sw_hdr.nlk_hdr.timestamp_hi=0bv32, sw_hdr.nlk_hdr.timestamp_lo=0bv32, sw_hdr.nlk_hdr.valid=true, sw_hdr.recirculate_hdr.cur_head=0bv32, sw_hdr.recirculate_hdr.cur_tail=0bv32, sw_hdr.recirculate_hdr.dequeued_mode=0bv8, sw_hdr.udp.dstPort=8888bv16, sw_hdr.udp.valid=true, sw_head_register__dbg0=0bv32, sw_head_register__last0_old_value=0bv32, sw_head_register__last0_old_value__dbg=0bv32, sw_head_register__last0_value=0bv32, sw_head_register__last0_value__dbg=0bv32, sw_head_register__last_index=0bv32, sw_head_register__last_index__dbg=0bv32, sw_head_register__last_old_value=0bv32, sw_head_register__last_old_value__dbg=0bv32, sw_head_register__last_value=0bv32, sw_head_register__last_value__dbg=0bv32, sw_head_register__last_write_site=0, sw_head_register__next_write_site=0, sw_head_register__wrote_any=false, sw_head_register__wrote_any__dbg=false, sw_head_register__wrote_index0=false, sw_head_register__wrote_index0__dbg=false, sw_ig_intr_md.resubmit_flag=1bv1, sw_ig_md.client_id=0bv8, sw_ig_md.dequeued_mode=0bv8, sw_ig_md.do_resubmit=0bv1, sw_ig_md.empty_slots=0bv32, sw_ig_md.empty_slots_before_pop=0bv32, sw_ig_md.head=0bv32, sw_ig_md.ip_address=0bv32, sw_ig_md.left=0bv32, sw_ig_md.length_in_server=0bv32, sw_ig_md.lock_exist=0bv1, sw_ig_md.lock_id=0bv32, sw_ig_md.locked=0bv32, sw_ig_md.mode=0bv8, sw_ig_md.pkt_type=2bv8, sw_ig_md.queue_size_op=0bv32, sw_ig_md.recirc_flag=0bv8, sw_ig_md.right=0bv32, sw_ig_md.routed=0bv1, sw_ig_md.size_of_queue=0bv32, sw_ig_md.tail=0bv32, sw_ig_md.tid=0bv32, sw_ig_md.timestamp_hi=0bv32, sw_ig_md.timestamp_lo=0bv32, sw_inbox_count=0, sw_ip_array_register__dbg0=0bv32, sw_ip_array_register__last0_old_value=0bv32, sw_ip_array_register__last0_old_value__dbg=0bv32, sw_ip_array_register__last0_value=0bv32, sw_ip_array_register__last0_value__dbg=0bv32, sw_ip_array_register__last_index=0bv32, sw_ip_array_register__last_index__dbg=0bv32, sw_ip_array_register__last_old_value=0bv32, sw_ip_array_register__last_old_value__dbg=0bv32, sw_ip_array_register__last_value=0bv32, sw_ip_array_register__last_value__dbg=0bv32, sw_ip_array_register__last_write_site=0, sw_ip_array_register__next_write_site=0, sw_ip_array_register__wrote_any=false, sw_ip_array_register__wrote_any__dbg=false, sw_ip_array_register__wrote_index0=false, sw_ip_array_register__wrote_index0__dbg=false, sw_left_bound_register__dbg0=0bv32, sw_left_bound_register__last0_old_value=0bv32, sw_left_bound_register__last0_old_value__dbg=0bv32, sw_left_bound_register__last0_value=0bv32, sw_left_bound_register__last0_value__dbg=0bv32, sw_left_bound_register__last_index=0bv32, sw_left_bound_register__last_index__dbg=0bv32, sw_left_bound_register__last_old_value=0bv32, sw_left_bound_register__last_old_value__dbg=0bv32, sw_left_bound_register__last_value=0bv32, sw_left_bound_register__last_value__dbg=0bv32, sw_left_bound_register__last_write_site=0, sw_left_bound_register__next_write_site=0, sw_left_bound_register__wrote_any=false, sw_left_bound_register__wrote_any__dbg=false, sw_left_bound_register__wrote_index0=false, sw_left_bound_register__wrote_index0__dbg=false, sw_mirror_md_0.pkt_type=2bv8, sw_mode_array_register__dbg0=0bv8, sw_mode_array_register__last0_old_value=0bv8, sw_mode_array_register__last0_old_value__dbg=0bv8, sw_mode_array_register__last0_value=0bv8, sw_mode_array_register__last0_value__dbg=0bv8, sw_mode_array_register__last_index=0bv32, sw_mode_array_register__last_index__dbg=0bv32, sw_mode_array_register__last_old_value=0bv8, sw_mode_array_register__last_old_value__dbg=0bv8, sw_mode_array_register__last_value=0bv8, sw_mode_array_register__last_value__dbg=0bv8, sw_mode_array_register__last_write_site=0, sw_mode_array_register__next_write_site=0, sw_mode_array_register__wrote_any=false, sw_mode_array_register__wrote_any__dbg=false, sw_mode_array_register__wrote_index0=false, sw_mode_array_register__wrote_index0__dbg=false, sw_p4b_checksum_error=false, sw_p4b_checksum_updated=false, sw_p4b_checksum_verified=false, sw_p4b_clone_e2e=false, sw_p4b_clone_i2e=false, sw_p4b_clone_i2i=false, sw_p4b_digest=false, sw_p4b_recirculate=false, sw_pkt_external=true, sw_queue_size_op_register__dbg0=0bv32, sw_queue_size_op_register__last0_old_value=0bv32, sw_queue_size_op_register__last0_old_value__dbg=0bv32, sw_queue_size_op_register__last0_value=0bv32, sw_queue_size_op_register__last0_value__dbg=0bv32, sw_queue_size_op_register__last_index=0bv32, sw_queue_size_op_register__last_index__dbg=0bv32, sw_queue_size_op_register__last_old_value=0bv32, sw_queue_size_op_register__last_old_value__dbg=0bv32, sw_queue_size_op_register__last_value=0bv32, sw_queue_size_op_register__last_value__dbg=0bv32, sw_queue_size_op_register__last_write_site=0, sw_queue_size_op_register__next_write_site=0, sw_queue_size_op_register__wrote_any=false, sw_queue_size_op_register__wrote_any__dbg=false, sw_queue_size_op_register__wrote_index0=false, sw_queue_size_op_register__wrote_index0__dbg=false, sw_right_bound_register__dbg0=0bv32, sw_right_bound_register__last0_old_value=0bv32, sw_right_bound_register__last0_old_value__dbg=0bv32, sw_right_bound_register__last0_value=0bv32, sw_right_bound_register__last0_value__dbg=0bv32, sw_right_bound_register__last_index=0bv32, sw_right_bound_register__last_index__dbg=0bv32, sw_right_bound_register__last_old_value=0bv32, sw_right_bound_register__last_old_value__dbg=0bv32, sw_right_bound_register__last_value=0bv32, sw_right_bound_register__last_value__dbg=0bv32, sw_right_bound_register__last_write_site=0, sw_right_bound_register__next_write_site=0, sw_right_bound_register__wrote_any=false, sw_right_bound_register__wrote_any__dbg=false, sw_right_bound_register__wrote_index0=false, sw_right_bound_register__wrote_index0__dbg=false, sw_shared_and_exclusive_count_register__dbg0=0bv64, sw_shared_and_exclusive_count_register__last0_old_value=0bv64, sw_shared_and_exclusive_count_register__last0_old_value__dbg=0bv64, sw_shared_and_exclusive_count_register__last0_value=0bv64, sw_shared_and_exclusive_count_register__last0_value__dbg=0bv64, sw_shared_and_exclusive_count_register__last_index=0bv32, sw_shared_and_exclusive_count_register__last_index__dbg=0bv32, sw_shared_and_exclusive_count_register__last_old_value=0bv64, sw_shared_and_exclusive_count_register__last_old_value__dbg=0bv64, sw_shared_and_exclusive_count_register__last_value=0bv64, sw_shared_and_exclusive_count_register__last_value__dbg=0bv64, sw_shared_and_exclusive_count_register__last_write_site=0, sw_shared_and_exclusive_count_register__next_write_site=0, sw_shared_and_exclusive_count_register__wrote_any=false, sw_shared_and_exclusive_count_register__wrote_any__dbg=false, sw_shared_and_exclusive_count_register__wrote_index0=false, sw_shared_and_exclusive_count_register__wrote_index0__dbg=false, sw_slots_two_sides_register__dbg0=0bv64, sw_slots_two_sides_register__last0_old_value=0bv64, sw_slots_two_sides_register__last0_old_value__dbg=0bv64, sw_slots_two_sides_register__last0_value=0bv64, sw_slots_two_sides_register__last0_value__dbg=0bv64, sw_slots_two_sides_register__last_index=0bv32, sw_slots_two_sides_register__last_index__dbg=0bv32, sw_slots_two_sides_register__last_old_value=0bv64, sw_slots_two_sides_register__last_old_value__dbg=0bv64, sw_slots_two_sides_register__last_value=0bv64, sw_slots_two_sides_register__last_value__dbg=0bv64, sw_slots_two_sides_register__last_write_site=0, sw_slots_two_sides_register__next_write_site=0, sw_slots_two_sides_register__wrote_any=false, sw_slots_two_sides_register__wrote_any__dbg=false, sw_slots_two_sides_register__wrote_index0=false, sw_slots_two_sides_register__wrote_index0__dbg=false, sw_tail_register__dbg0=0bv32, sw_tail_register__last0_old_value=0bv32, sw_tail_register__last0_old_value__dbg=0bv32, sw_tail_register__last0_value=0bv32, sw_tail_register__last0_value__dbg=0bv32, sw_tail_register__last_index=0bv32, sw_tail_register__last_index__dbg=0bv32, sw_tail_register__last_old_value=0bv32, sw_tail_register__last_old_value__dbg=0bv32, sw_tail_register__last_value=0bv32, sw_tail_register__last_value__dbg=0bv32, sw_tail_register__last_write_site=0, sw_tail_register__next_write_site=0, sw_tail_register__wrote_any=false, sw_tail_register__wrote_any__dbg=false, sw_tail_register__wrote_index0=false, sw_tail_register__wrote_index0__dbg=false, sw_tid_array_register__dbg0=0bv32, sw_tid_array_register__last0_old_value=0bv32, sw_tid_array_register__last0_old_value__dbg=0bv32, sw_tid_array_register__last0_value=0bv32, sw_tid_array_register__last0_value__dbg=0bv32, sw_tid_array_register__last_index=0bv32, sw_tid_array_register__last_index__dbg=0bv32, sw_tid_array_register__last_old_value=0bv32, sw_tid_array_register__last_old_value__dbg=0bv32, sw_tid_array_register__last_value=0bv32, sw_tid_array_register__last_value__dbg=0bv32, sw_tid_array_register__last_write_site=0, sw_tid_array_register__next_write_site=0, sw_tid_array_register__wrote_any=false, sw_tid_array_register__wrote_any__dbg=false, sw_tid_array_register__wrote_index0=false, sw_tid_array_register__wrote_index0__dbg=false]

  - StatisticsResult: Ultimate Automizer benchmark data
    CFG has 9 procedures, 297 locations, 399 edges, 1 error locations. Started 1 CEGAR loops. OverallTime: 14.2s, OverallIterations: 8, TraceHistogramMax: 3, PathProgramHistogramMax: 1, EmptinessCheckTime: 0.0s, AutomataDifference: 0.9s, DeadEndRemovalTime: 0.0s, HoareAnnotationTime: 0.0s, InitialAbstractionConstructionTime: 0.0s, HoareTripleCheckerStatistics: 0 mSolverCounterUnknown, 2308 SdHoareTripleChecker+Valid, 0.5s IncrementalHoareTripleChecker+Time, 0 mSdLazyCounter, 2308 mSDsluCounter, 4347 SdHoareTripleChecker+Invalid, 0.5s Time, 0 mProtectedAction, 0 SdHoareTripleChecker+Unchecked, 0 IncrementalHoareTripleChecker+Unchecked, 1738 mSDsCounter, 74 IncrementalHoareTripleChecker+Valid, 0 mProtectedPredicate, 84 IncrementalHoareTripleChecker+Invalid, 158 SdHoareTripleChecker+Unknown, 0 mSolverCounterNotChecked, 74 mSolverCounterUnsat, 2609 mSDtfsCounter, 84 mSolverCounterSat, 0.0s SdHoareTripleChecker+Time, 0 IncrementalHoareTripleChecker+Unknown, PredicateUnifierStatistics: 0 DeclaredPredicates, 562 GetRequests, 551 SyntacticMatches, 2 SemanticMatches, 9 ConstructedPredicates, 0 IntricatePredicates, 0 DeprecatedPredicates, 1 ImplicationChecksByTransitivity, 0.1s Time, 0.0s BasicInterpolantAutomatonTime, BiggestAbstraction: size=870occurred in iteration=7, InterpolantAutomatonStates: 23, traceCheckStatistics: No data available, InterpolantConsolidationStatistics: No data available, PathInvariantsStatistics: No data available, 0/0 InterpolantCoveringCapability, TotalInterpolationStatistics: No data available, 0.0s DumpTime, AutomataMinimizationStatistics: 0.2s AutomataMinimizationTime, 7 MinimizatonAttempts, 36 StatesRemovedByMinimization, 2 NontrivialMinimizations, HoareAnnotationStatistics: No data available, RefinementEngineStatistics: TRACE_CHECK: 0.5s SsaConstructionTime, 1.0s SatisfiabilityAnalysisTime, 2.2s InterpolantComputationTime, 337 NumberOfCodeBlocks, 337 NumberOfCodeBlocksAsserted, 8 NumberOfCheckSat, 562 ConstructedInterpolants, 0 QuantifiedInterpolants, 871 SizeOfPredicates, 120 NumberOfNonLiveVariables, 1342 ConjunctsInSsa, 16 ConjunctsInUnsatCore, 14 InterpolantComputations, 14 PerfectInterpolantSequences, 12/12 InterpolantCoveringCapability, INVARIANT_SYNTHESIS: No data available, INTERPOLANT_CONSOLIDATION: No data available, ABSTRACT_INTERPRETATION: No data available, PDR: No data available, ACCELERATED_INTERPOLATION: No data available, SIFA: No data available, ReuseStatistics: No data available, ConComCheckerStatistics: No data available
RESULT: Ultimate proved your program to be incorrect!
[2026-07-04 09:48:27,287 INFO  L534       MonitoredProcess]: [MP /usr/bin/z3 SMTLIB2_COMPLIANT=true -memory:2024 -smt2 -in -t:2000 (1)] Forceful destruction successful, exit code 0
Received shutdown request...
