[RUN] taskset -c 0 nice -n 19 ionice -c 3 timeout 1200 /home/smy/p4-verify-camera-ready/.tmp/orphan-worktree-20260703-gemcutter/UGemCutter-linux/Ultimate --launcher.ini /home/smy/p4-verify-camera-ready/.tmp/procurator/verify/p4nis_bug2_tunnel_state_leakage/20260704-085457-2f18/ultimate-home/witness/Ultimate.launcher.ini --core.toolchain.timeout.in.seconds=900 -tc /home/smy/p4-verify-camera-ready/src/dslc/toolchain/ultimate/toolchains/ReachSafety-Witness.xml -s /home/smy/p4-verify-camera-ready/src/dslc/toolchain/ultimate/settings/gemcutter/base/ReachSafety-32bit-GemCutter-ALL.epf -i /home/smy/p4-verify-camera-ready/.tmp/procurator/verify/p4nis_bug2_tunnel_state_leakage/20260704-085457-2f18/p4nis_bug2_tunnel_state_leakage.bpl
Picked up JAVA_TOOL_OPTIONS: -Duser.home=/home/smy/p4-verify-camera-ready/.tmp/procurator/verify/p4nis_bug2_tunnel_state_leakage/20260704-085457-2f18/ultimate-home/witness
WARNING: A terminally deprecated method in sun.misc.Unsafe has been called
WARNING: sun.misc.Unsafe::staticFieldOffset has been called by org.eclipse.osgi.internal.url.MultiplexingFactory (file:/home/smy/p4-verify-camera-ready/.tmp/orphan-worktree-20260703-gemcutter/UGemCutter-linux/plugins/org.eclipse.osgi_3.20.0.v20240509-1421.jar)
WARNING: Please consider reporting this to the maintainers of class org.eclipse.osgi.internal.url.MultiplexingFactory
WARNING: sun.misc.Unsafe::staticFieldOffset will be removed in a future release
WARNING: A restricted method in java.lang.Runtime has been called
WARNING: java.lang.Runtime::load has been called by org.eclipse.equinox.launcher.JNIBridge in an unnamed module (file:/home/smy/p4-verify-camera-ready/.tmp/orphan-worktree-20260703-gemcutter/UGemCutter-linux/plugins/org.eclipse.equinox.launcher_1.6.800.v20240513-1750.jar)
WARNING: Use --enable-native-access=ALL-UNNAMED to avoid a warning for callers in this module
WARNING: Restricted methods will be blocked in a future release unless native access is enabled

This is Ultimate 0.3.1-dev-35a8436538
[2026-07-04 08:55:11,060 INFO  L188        SettingsManager]: Resetting all preferences to default values...
[2026-07-04 08:55:11,155 INFO  L114        SettingsManager]: Loading settings from /home/smy/p4-verify-camera-ready/src/dslc/toolchain/ultimate/settings/gemcutter/base/ReachSafety-32bit-GemCutter-ALL.epf
[2026-07-04 08:55:11,164 WARN  L101        SettingsManager]: Preference file contains the following unknown settings:
[2026-07-04 08:55:11,164 WARN  L103        SettingsManager]:   * de.uni_freiburg.informatik.ultimate.core.Log level for class
[2026-07-04 08:55:11,189 INFO  L130        SettingsManager]: Preferences different from defaults after loading the file:
[2026-07-04 08:55:11,189 INFO  L151        SettingsManager]: Preferences of UltimateCore differ from their defaults:
[2026-07-04 08:55:11,189 INFO  L153        SettingsManager]:  * Log level for class=de.uni_freiburg.informatik.ultimate.lib.smtlibutils.quantifier.QuantifierPusher=ERROR;
[2026-07-04 08:55:11,191 INFO  L151        SettingsManager]: Preferences of Boogie Procedure Inliner differ from their defaults:
[2026-07-04 08:55:11,191 INFO  L153        SettingsManager]:  * Ignore calls to procedures called more than once=ONLY_FOR_SEQUENTIAL_PROGRAMS
[2026-07-04 08:55:11,192 INFO  L151        SettingsManager]: Preferences of BlockEncodingV2 differ from their defaults:
[2026-07-04 08:55:11,192 INFO  L153        SettingsManager]:  * Create parallel compositions if possible=false
[2026-07-04 08:55:11,192 INFO  L153        SettingsManager]:  * Use SBE=true
[2026-07-04 08:55:11,193 INFO  L151        SettingsManager]: Preferences of CACSL2BoogieTranslator differ from their defaults:
[2026-07-04 08:55:11,193 INFO  L153        SettingsManager]:  * sizeof long=4
[2026-07-04 08:55:11,193 INFO  L153        SettingsManager]:  * Overapproximate operations on floating types=true
[2026-07-04 08:55:11,193 INFO  L153        SettingsManager]:  * sizeof POINTER=4
[2026-07-04 08:55:11,193 INFO  L153        SettingsManager]:  * Check division by zero=IGNORE
[2026-07-04 08:55:11,193 INFO  L153        SettingsManager]:  * If two pointers are subtracted or compared they have the same base address=IGNORE
[2026-07-04 08:55:11,193 INFO  L153        SettingsManager]:  * Pointer dereference validity=IGNORE
[2026-07-04 08:55:11,193 INFO  L153        SettingsManager]:  * sizeof long double=12
[2026-07-04 08:55:11,193 INFO  L153        SettingsManager]:  * Check if freed pointer was valid=false
[2026-07-04 08:55:11,193 INFO  L153        SettingsManager]:  * Use constant arrays=true
[2026-07-04 08:55:11,193 INFO  L151        SettingsManager]: Preferences of RCFGBuilder differ from their defaults:
[2026-07-04 08:55:11,193 INFO  L153        SettingsManager]:  * Size of a code block=SequenceOfStatements
[2026-07-04 08:55:11,193 INFO  L153        SettingsManager]:  * SMT solver=External_DefaultMode
[2026-07-04 08:55:11,193 INFO  L153        SettingsManager]:  * Command for external solver=z3 SMTLIB2_COMPLIANT=true -memory:2024 -smt2 -in -t:2000
[2026-07-04 08:55:11,194 INFO  L151        SettingsManager]: Preferences of TraceAbstraction differ from their defaults:
[2026-07-04 08:55:11,194 INFO  L153        SettingsManager]:  * Compute Interpolants along a Counterexample=FPandBP
[2026-07-04 08:55:11,194 INFO  L153        SettingsManager]:  * Positions where we compute the Hoare Annotation=LoopHeads
[2026-07-04 08:55:11,194 INFO  L153        SettingsManager]:  * DFS Order used in POR=LOOP_LOCKSTEP
[2026-07-04 08:55:11,194 INFO  L153        SettingsManager]:  * Command for external solver=z3 SMTLIB2_COMPLIANT=true -memory:2024 -smt2 -in
[2026-07-04 08:55:11,194 INFO  L153        SettingsManager]:  * Automaton type used in concurrency analysis=PARTIAL_ORDER_FA
[2026-07-04 08:55:11,194 INFO  L153        SettingsManager]:  * CEGAR restart behaviour=ONE_CEGAR_PER_THREAD_INSTANCE
[2026-07-04 08:55:11,194 INFO  L153        SettingsManager]:  * Partial Order Reduction in concurrent analysis=PERSISTENT_SLEEP_NEW_STATES_FIXEDORDER
[2026-07-04 08:55:11,194 INFO  L153        SettingsManager]:  * SMT solver=External_ModelsAndUnsatCoreMode
Applying setting for plugin de.uni_freiburg.informatik.ultimate.core: Toolchain timeout in seconds -> 900
[2026-07-04 08:55:11,636 INFO  L75    nceAwareModelManager]: Repository-Root is: /tmp
[2026-07-04 08:55:11,647 INFO  L261   ainManager$Toolchain]: [Toolchain 1]: Applicable parser(s) successfully (re)initialized
[2026-07-04 08:55:11,649 INFO  L217   ainManager$Toolchain]: [Toolchain 1]: Toolchain selected.
[2026-07-04 08:55:11,653 INFO  L270        PluginConnector]: Initializing Boogie PL CUP Parser...
[2026-07-04 08:55:11,653 INFO  L274        PluginConnector]: Boogie PL CUP Parser initialized
[2026-07-04 08:55:11,654 INFO  L431   ainManager$Toolchain]: [Toolchain 1]: Parsing single file: /home/smy/p4-verify-camera-ready/.tmp/procurator/verify/p4nis_bug2_tunnel_state_leakage/20260704-085457-2f18/p4nis_bug2_tunnel_state_leakage.bpl
[2026-07-04 08:55:11,654 INFO  L110           BoogieParser]: Parsing: '/home/smy/p4-verify-camera-ready/.tmp/procurator/verify/p4nis_bug2_tunnel_state_leakage/20260704-085457-2f18/p4nis_bug2_tunnel_state_leakage.bpl'
[2026-07-04 08:55:11,705 INFO  L299   ainManager$Toolchain]: ####################### [Toolchain 1] #######################
[2026-07-04 08:55:11,706 INFO  L133        ToolchainWalker]: Walking toolchain with 5 elements.
[2026-07-04 08:55:11,706 INFO  L112        PluginConnector]: ------------------------Boogie Procedure Inliner----------------------------
[2026-07-04 08:55:11,706 INFO  L270        PluginConnector]: Initializing Boogie Procedure Inliner...
[2026-07-04 08:55:11,706 INFO  L274        PluginConnector]: Boogie Procedure Inliner initialized
[2026-07-04 08:55:11,722 INFO  L184        PluginConnector]: Executing the observer TypeChecker from plugin Boogie Procedure Inliner for "p4nis_bug2_tunnel_state_leakage.bpl de.uni_freiburg.informatik.ultimate.boogie.parser AST 04.07 08:55:11" (1/1) ...
[2026-07-04 08:55:11,739 INFO  L184        PluginConnector]: Executing the observer Inliner from plugin Boogie Procedure Inliner for "p4nis_bug2_tunnel_state_leakage.bpl de.uni_freiburg.informatik.ultimate.boogie.parser AST 04.07 08:55:11" (1/1) ...
[2026-07-04 08:55:11,775 INFO  L138                Inliner]: procedures = 28, calls = 35, calls flagged for inlining = 18, calls inlined = 18, statements flattened = 397
[2026-07-04 08:55:11,776 INFO  L131        PluginConnector]: ------------------------ END Boogie Procedure Inliner----------------------------
[2026-07-04 08:55:11,777 INFO  L112        PluginConnector]: ------------------------Boogie Preprocessor----------------------------
[2026-07-04 08:55:11,777 INFO  L270        PluginConnector]: Initializing Boogie Preprocessor...
[2026-07-04 08:55:11,777 INFO  L274        PluginConnector]: Boogie Preprocessor initialized
[2026-07-04 08:55:11,787 INFO  L184        PluginConnector]: Executing the observer EnsureBoogieModelObserver from plugin Boogie Preprocessor for "p4nis_bug2_tunnel_state_leakage.bpl de.uni_freiburg.informatik.ultimate.boogie.parser AST 04.07 08:55:11" (1/1) ...
[2026-07-04 08:55:11,787 INFO  L184        PluginConnector]: Executing the observer TypeChecker from plugin Boogie Preprocessor for "p4nis_bug2_tunnel_state_leakage.bpl de.uni_freiburg.informatik.ultimate.boogie.parser AST 04.07 08:55:11" (1/1) ...
[2026-07-04 08:55:11,803 INFO  L184        PluginConnector]: Executing the observer ConstExpander from plugin Boogie Preprocessor for "p4nis_bug2_tunnel_state_leakage.bpl de.uni_freiburg.informatik.ultimate.boogie.parser AST 04.07 08:55:11" (1/1) ...
[2026-07-04 08:55:11,803 INFO  L184        PluginConnector]: Executing the observer StructExpander from plugin Boogie Preprocessor for "p4nis_bug2_tunnel_state_leakage.bpl de.uni_freiburg.informatik.ultimate.boogie.parser AST 04.07 08:55:11" (1/1) ...
[2026-07-04 08:55:11,812 INFO  L184        PluginConnector]: Executing the observer ReplaceArrayAssignments from plugin Boogie Preprocessor for "p4nis_bug2_tunnel_state_leakage.bpl de.uni_freiburg.informatik.ultimate.boogie.parser AST 04.07 08:55:11" (1/1) ...
[2026-07-04 08:55:11,813 INFO  L184        PluginConnector]: Executing the observer UnstructureCode from plugin Boogie Preprocessor for "p4nis_bug2_tunnel_state_leakage.bpl de.uni_freiburg.informatik.ultimate.boogie.parser AST 04.07 08:55:11" (1/1) ...
[2026-07-04 08:55:11,815 INFO  L184        PluginConnector]: Executing the observer FunctionInliner from plugin Boogie Preprocessor for "p4nis_bug2_tunnel_state_leakage.bpl de.uni_freiburg.informatik.ultimate.boogie.parser AST 04.07 08:55:11" (1/1) ...
[2026-07-04 08:55:11,827 INFO  L184        PluginConnector]: Executing the observer LTLStepAnnotator from plugin Boogie Preprocessor for "p4nis_bug2_tunnel_state_leakage.bpl de.uni_freiburg.informatik.ultimate.boogie.parser AST 04.07 08:55:11" (1/1) ...
[2026-07-04 08:55:11,828 INFO  L184        PluginConnector]: Executing the observer BoogieSymbolTableConstructor from plugin Boogie Preprocessor for "p4nis_bug2_tunnel_state_leakage.bpl de.uni_freiburg.informatik.ultimate.boogie.parser AST 04.07 08:55:11" (1/1) ...
[2026-07-04 08:55:11,831 INFO  L131        PluginConnector]: ------------------------ END Boogie Preprocessor----------------------------
[2026-07-04 08:55:11,835 INFO  L112        PluginConnector]: ------------------------RCFGBuilder----------------------------
[2026-07-04 08:55:11,835 INFO  L270        PluginConnector]: Initializing RCFGBuilder...
[2026-07-04 08:55:11,835 INFO  L274        PluginConnector]: RCFGBuilder initialized
[2026-07-04 08:55:11,836 INFO  L184        PluginConnector]: Executing the observer RCFGBuilderObserver from plugin RCFGBuilder for "p4nis_bug2_tunnel_state_leakage.bpl de.uni_freiburg.informatik.ultimate.boogie.parser AST 04.07 08:55:11" (1/1) ...
[2026-07-04 08:55:11,848 INFO  L173          SolverBuilder]: Constructing external solver with command: z3 SMTLIB2_COMPLIANT=true -memory:2024 -smt2 -in -t:2000
[2026-07-04 08:55:11,861 INFO  L189       MonitoredProcess]: No working directory specified, using /usr/bin/z3
[2026-07-04 08:55:11,881 INFO  L229       MonitoredProcess]: Starting monitored process 1 with /usr/bin/z3 SMTLIB2_COMPLIANT=true -memory:2024 -smt2 -in -t:2000 (exit command is (exit), workingDir is null)
[2026-07-04 08:55:11,889 INFO  L327       MonitoredProcess]: [MP /usr/bin/z3 SMTLIB2_COMPLIANT=true -memory:2024 -smt2 -in -t:2000 (1)] Waiting until timeout for monitored process
[2026-07-04 08:55:11,942 INFO  L124     BoogieDeclarations]: Specification and implementation of procedure s1_count.write given in one single declaration
[2026-07-04 08:55:11,942 INFO  L130     BoogieDeclarations]: Found specification of procedure s1_count.write
[2026-07-04 08:55:11,942 INFO  L138     BoogieDeclarations]: Found implementation of procedure s1_count.write
[2026-07-04 08:55:11,942 INFO  L130     BoogieDeclarations]: Found specification of procedure s1_reject
[2026-07-04 08:55:11,942 INFO  L130     BoogieDeclarations]: Found specification of procedure s1_setValid
[2026-07-04 08:55:11,942 INFO  L124     BoogieDeclarations]: Specification and implementation of procedure ULTIMATE.start given in one single declaration
[2026-07-04 08:55:11,943 INFO  L130     BoogieDeclarations]: Found specification of procedure ULTIMATE.start
[2026-07-04 08:55:11,943 INFO  L138     BoogieDeclarations]: Found implementation of procedure ULTIMATE.start
[2026-07-04 08:55:11,943 INFO  L130     BoogieDeclarations]: Found specification of procedure s1_packet_in.extract
[2026-07-04 08:55:11,943 INFO  L130     BoogieDeclarations]: Found specification of procedure s1_setInvalid
[2026-07-04 08:55:12,155 INFO  L234             CfgBuilder]: Building ICFG
[2026-07-04 08:55:12,160 INFO  L260             CfgBuilder]: Building CFG for each procedure with an implementation
[2026-07-04 08:55:12,613 INFO  L?                        ?]: Removed 3 outVars from TransFormulas that were not future-live.
[2026-07-04 08:55:12,613 INFO  L283             CfgBuilder]: Performing block encoding
[2026-07-04 08:55:12,634 INFO  L89      LargeBlockEncoding]: Applying CFG Large Block Encoding to ICFG that has 2 procedures, 75 locations, 107 edges, 0 initial locations, 0 loop locations, and 2 error locations.
[2026-07-04 08:55:12,639 INFO  L139     LargeBlockEncoding]: LargeBlockEncoding completed in 24 ms, with 0 straightline sequential compositions, 0 parallel compositions, 0 1:n/n:1 sequential compositions and 0 complex sequential compositions.
[2026-07-04 08:55:12,640 INFO  L307             CfgBuilder]: Using the 1 location(s) as analysis (start of procedure ULTIMATE.start)
[2026-07-04 08:55:12,640 INFO  L312             CfgBuilder]: Removed 0 assume(true) statements.
[2026-07-04 08:55:12,640 INFO  L314             CfgBuilder]: Constructed ICFG has 2 procedures, 75 locations, 107 edges, 1 initial locations, 0 loop locations, and 2 error locations.
[2026-07-04 08:55:12,640 INFO  L201        PluginConnector]: Adding new model p4nis_bug2_tunnel_state_leakage.bpl de.uni_freiburg.informatik.ultimate.plugins.generator.rcfgbuilder CFG 04.07 08:55:12 BoogieIcfgContainer
[2026-07-04 08:55:12,640 INFO  L131        PluginConnector]: ------------------------ END RCFGBuilder----------------------------
[2026-07-04 08:55:12,641 INFO  L112        PluginConnector]: ------------------------TraceAbstraction----------------------------
[2026-07-04 08:55:12,641 INFO  L270        PluginConnector]: Initializing TraceAbstraction...
[2026-07-04 08:55:12,657 INFO  L274        PluginConnector]: TraceAbstraction initialized
[2026-07-04 08:55:12,657 INFO  L184        PluginConnector]: Executing the observer TraceAbstractionObserver from plugin TraceAbstraction for "p4nis_bug2_tunnel_state_leakage.bpl de.uni_freiburg.informatik.ultimate.boogie.parser AST 04.07 08:55:11" (1/2) ...
[2026-07-04 08:55:12,657 INFO  L204        PluginConnector]: Invalid model from TraceAbstraction for observer de.uni_freiburg.informatik.ultimate.plugins.generator.traceabstraction.TraceAbstractionObserver@30ab2cff and model type p4nis_bug2_tunnel_state_leakage.bpl de.uni_freiburg.informatik.ultimate.plugins.generator.traceabstraction AST 04.07 08:55:12, skipping insertion in model container
[2026-07-04 08:55:12,657 INFO  L184        PluginConnector]: Executing the observer TraceAbstractionObserver from plugin TraceAbstraction for "p4nis_bug2_tunnel_state_leakage.bpl de.uni_freiburg.informatik.ultimate.plugins.generator.rcfgbuilder CFG 04.07 08:55:12" (2/2) ...
[2026-07-04 08:55:12,658 INFO  L128   eAbstractionObserver]: Analyzing ICFG p4nis_bug2_tunnel_state_leakage.bpl
[2026-07-04 08:55:12,675 INFO  L217   ceAbstractionStarter]: Automizer settings: Hoare:LoopHeads NWA Interpolation:FPandBP Determinization: PREDICATE_ABSTRACTION
[2026-07-04 08:55:12,676 INFO  L151   ceAbstractionStarter]: Applying trace abstraction to ICFG p4nis_bug2_tunnel_state_leakage.bpl that has 2 procedures, 75 locations, 107 edges, 1 initial locations, 0 loop locations, and 2 error locations.
[2026-07-04 08:55:12,676 WARN  L366   ceAbstractionStarter]: Program is not concurrent. Changing CEGAR restart behaviour to ONLY_ONE_CEGAR
[2026-07-04 08:55:12,781 INFO  L344      AbstractCegarLoop]: ======== Iteration 0 == of CEGAR loop == AllErrorsAtOnce ========
[2026-07-04 08:55:12,801 INFO  L345      AbstractCegarLoop]: Settings: SEPARATE_VIOLATION_CHECK=true, mInterprocedural=true, mMaxIterations=1000000, mWatchIteration=1000000, mArtifact=RCFG, mInterpolation=FPandBP, mInterpolantAutomaton=STRAIGHT_LINE, mDumpAutomata=false, mAutomataFormat=ATS_NUMERATE, mDumpPath=., mDeterminiation=PREDICATE_ABSTRACTION, mMinimize=MINIMIZE_SEVPA, mAutomataTypeConcurrency=PARTIAL_ORDER_FA, mHoareTripleChecks=INCREMENTAL, mHoareAnnotationPositions=LoopHeads, mDumpOnlyReuseAutomata=false, mLimitTraceHistogram=0, mErrorLocTimeLimit=0, mLimitPathProgramCount=0, mCollectInterpolantStatistics=true, mHeuristicEmptinessCheck=false, mHeuristicEmptinessCheckAStarHeuristic=ZERO, mHeuristicEmptinessCheckAStarHeuristicRandomSeed=1337, mHeuristicEmptinessCheckSmtFeatureScoringMethod=DAGSIZE, mSMTFeatureExtraction=false, mSMTFeatureExtractionDumpPath=., mOverrideInterpolantAutomaton=false, mMcrInterpolantMethod=WP, mPorIndependenceSettings=[Lde.uni_freiburg.informatik.ultimate.lib.tracecheckerutils.partialorder.independence.IndependenceSettings;@3d60a886, mLbeIndependenceSettings=[IndependenceType=SEMANTIC, AbstractionType=NONE, UseConditional=false, UseSemiCommutativity=true, Solver=Z3, SolverTimeout=1000ms]
[2026-07-04 08:55:12,801 INFO  L346      AbstractCegarLoop]: Starting to check reachability of 2 error locations.
[2026-07-04 08:55:12,803 INFO  L278                IsEmpty]: Start isEmpty. Operand  has 75 states, 68 states have (on average 1.4411764705882353) internal successors, (98), 70 states have internal predecessors, (98), 3 states have call successors, (3), 1 states have call predecessors, (3), 1 states have return successors, (3), 3 states have call predecessors, (3), 3 states have call successors, (3)
[2026-07-04 08:55:12,806 INFO  L284                IsEmpty]: Finished isEmpty. Found accepting run of length 7
[2026-07-04 08:55:12,806 INFO  L199           NwaCegarLoop]: Found error trace
[2026-07-04 08:55:12,810 INFO  L207           NwaCegarLoop]: trace histogram [1, 1, 1, 1, 1, 1]
[2026-07-04 08:55:12,810 INFO  L408      AbstractCegarLoop]: === Iteration 1 === Targeting ULTIMATE.startErr1ASSERT_VIOLATIONASSERT === [ULTIMATE.startErr0ASSERT_VIOLATIONASSERT, ULTIMATE.startErr1ASSERT_VIOLATIONASSERT] ===
[2026-07-04 08:55:12,816 INFO  L156       PredicateUnifier]: Initialized classic predicate unifier
[2026-07-04 08:55:12,817 INFO  L85        PathProgramCache]: Analyzing trace with hash 1127357038, now seen corresponding path program 1 times
[2026-07-04 08:55:12,824 INFO  L118   FreeRefinementEngine]: Executing refinement strategy FIXED_PREFERENCES
[2026-07-04 08:55:12,825 INFO  L324   FreeRefinementEngine]: Using trace check IpTcStrategyModulePreferences [320056580]
[2026-07-04 08:55:12,825 INFO  L97    rtionOrderModulation]: Keeping assertion order NOT_INCREMENTALLY
[2026-07-04 08:55:12,825 INFO  L173          SolverBuilder]: Constructing external solver with command: z3 SMTLIB2_COMPLIANT=true -memory:2024 -smt2 -in
[2026-07-04 08:55:12,827 INFO  L189       MonitoredProcess]: No working directory specified, using /usr/bin/z3
[2026-07-04 08:55:12,838 INFO  L229       MonitoredProcess]: Starting monitored process 2 with /usr/bin/z3 SMTLIB2_COMPLIANT=true -memory:2024 -smt2 -in (exit command is (exit), workingDir is null)
[2026-07-04 08:55:12,840 INFO  L327       MonitoredProcess]: [MP /usr/bin/z3 SMTLIB2_COMPLIANT=true -memory:2024 -smt2 -in (2)] Waiting until timeout for monitored process
[2026-07-04 08:55:13,005 INFO  L108    AnnotateAndAsserter]: Assert order NOT_INCREMENTALLY partitioned 6 statements into 1 equivalence classes.
[2026-07-04 08:55:13,022 INFO  L111    AnnotateAndAsserter]: Assert order NOT_INCREMENTALLY issued 1 check-sat command(s) and asserted 6 of 6 statements.
[2026-07-04 08:55:13,022 INFO  L114    AnnotateAndAsserter]: Assert order NOT_INCREMENTALLY issued 1 check-sat command(s)
[2026-07-04 08:55:13,022 INFO  L115    AnnotateAndAsserter]: Conjunction of SSA is unsat
[2026-07-04 08:55:13,029 INFO  L256         TraceCheckSpWp]: Trace formula consists of 21 conjuncts, 2 conjuncts are in the unsatisfiable core
[2026-07-04 08:55:13,040 INFO  L279         TraceCheckSpWp]: Computing forward predicates...
[2026-07-04 08:55:13,467 INFO  L134       CoverageAnalysis]: Checked inductivity of 0 backedges. 0 proven. 0 refuted. 0 times theorem prover too weak. 0 trivial. 0 not checked.
[2026-07-04 08:55:13,467 INFO  L312         TraceCheckSpWp]: Computing backward predicates...
[2026-07-04 08:55:13,481 INFO  L134       CoverageAnalysis]: Checked inductivity of 0 backedges. 0 proven. 0 refuted. 0 times theorem prover too weak. 0 trivial. 0 not checked.
[2026-07-04 08:55:13,482 INFO  L136   FreeRefinementEngine]: Strategy FIXED_PREFERENCES found an infeasible trace
[2026-07-04 08:55:13,482 INFO  L324   FreeRefinementEngine]: Using interpolant generator IpTcStrategyModulePreferences [320056580]
[2026-07-04 08:55:13,482 INFO  L158   FreeRefinementEngine]: IpTcStrategyModulePreferences [320056580] provided 2 perfect and 0 imperfect interpolant sequences
[2026-07-04 08:55:13,482 INFO  L185   FreeRefinementEngine]: Found 2 perfect and 0 imperfect interpolant sequences.
[2026-07-04 08:55:13,483 INFO  L198   FreeRefinementEngine]: Number of different interpolants: perfect sequences [1, 1] imperfect sequences [] total 1
[2026-07-04 08:55:13,484 INFO  L121   tionRefinementEngine]: Using interpolant automaton builder IpAbStrategyModuleStraightlineAll [1778025338]
[2026-07-04 08:55:13,485 INFO  L85    oduleStraightlineAll]: Using 2 perfect interpolants to construct interpolant automaton
[2026-07-04 08:55:13,487 INFO  L567      AbstractCegarLoop]: INTERPOLANT automaton has 3 states
[2026-07-04 08:55:13,487 INFO  L100   FreeRefinementEngine]: Using predicate unifier PredicateUnifier provided by strategy FIXED_PREFERENCES
[2026-07-04 08:55:13,518 INFO  L144   InterpolantAutomaton]: Constructing interpolant automaton starting with 3 interpolants.
[2026-07-04 08:55:13,518 INFO  L146   InterpolantAutomaton]: CoverageRelationStatistics Valid=3, Invalid=3, Unknown=0, NotChecked=0, Total=6
[2026-07-04 08:55:13,524 INFO  L87              Difference]: Start difference. First operand  has 75 states, 68 states have (on average 1.4411764705882353) internal successors, (98), 70 states have internal predecessors, (98), 3 states have call successors, (3), 1 states have call predecessors, (3), 1 states have return successors, (3), 3 states have call predecessors, (3), 3 states have call successors, (3) Second operand  has 3 states, 2 states have (on average 3.0) internal successors, (6), 2 states have internal predecessors, (6), 0 states have call successors, (0), 0 states have call predecessors, (0), 0 states have return successors, (0), 0 states have call predecessors, (0), 0 states have call successors, (0)
[2026-07-04 08:55:13,571 INFO  L144             Difference]: Subtrahend was deterministic. Have not used determinization.
[2026-07-04 08:55:13,572 INFO  L93              Difference]: Finished difference Result 78 states and 107 transitions.
[2026-07-04 08:55:13,572 INFO  L140   InterpolantAutomaton]: Switched to read-only mode: deterministic interpolant automaton has 3 states. 
[2026-07-04 08:55:13,573 INFO  L79                 Accepts]: Start accepts. Automaton has  has 3 states, 2 states have (on average 3.0) internal successors, (6), 2 states have internal predecessors, (6), 0 states have call successors, (0), 0 states have call predecessors, (0), 0 states have return successors, (0), 0 states have call predecessors, (0), 0 states have call successors, (0) Word has length 6
[2026-07-04 08:55:13,573 INFO  L85                 Accepts]: Finished accepts. some prefix is accepted.
[2026-07-04 08:55:13,583 INFO  L225             Difference]: With dead ends: 78
[2026-07-04 08:55:13,583 INFO  L226             Difference]: Without dead ends: 72
[2026-07-04 08:55:13,590 INFO  L425           NwaCegarLoop]: 0 DeclaredPredicates, 10 GetRequests, 9 SyntacticMatches, 0 SemanticMatches, 1 ConstructedPredicates, 0 IntricatePredicates, 0 DeprecatedPredicates, 0 ImplicationChecksByTransitivity, 0.0s TimeCoverageRelationStatistics Valid=3, Invalid=3, Unknown=0, NotChecked=0, Total=6
[2026-07-04 08:55:13,596 INFO  L426           NwaCegarLoop]: 103 mSDtfsCounter, 97 mSDsluCounter, 1 mSDsCounter, 0 mSdLazyCounter, 3 mSolverCounterSat, 1 mSolverCounterUnsat, 0 mSolverCounterUnknown, 0 mSolverCounterNotChecked, 0.0s Time, 0 mProtectedPredicate, 0 mProtectedAction, 97 SdHoareTripleChecker+Valid, 104 SdHoareTripleChecker+Invalid, 4 SdHoareTripleChecker+Unknown, 0 SdHoareTripleChecker+Unchecked, 0.0s SdHoareTripleChecker+Time, 1 IncrementalHoareTripleChecker+Valid, 3 IncrementalHoareTripleChecker+Invalid, 0 IncrementalHoareTripleChecker+Unknown, 0 IncrementalHoareTripleChecker+Unchecked, 0.0s IncrementalHoareTripleChecker+Time
[2026-07-04 08:55:13,597 INFO  L427           NwaCegarLoop]: SdHoareTripleChecker [97 Valid, 104 Invalid, 4 Unknown, 0 Unchecked, 0.0s Time], IncrementalHoareTripleChecker [1 Valid, 3 Invalid, 0 Unknown, 0 Unchecked, 0.0s Time]
[2026-07-04 08:55:13,614 INFO  L82        GeneralOperation]: Start minimizeSevpa. Operand 72 states.
[2026-07-04 08:55:13,641 INFO  L88        GeneralOperation]: Finished minimizeSevpa. Reduced states from 72 to 72.
[2026-07-04 08:55:13,648 INFO  L82        GeneralOperation]: Start removeUnreachable. Operand  has 72 states, 66 states have (on average 1.4090909090909092) internal successors, (93), 67 states have internal predecessors, (93), 3 states have call successors, (3), 1 states have call predecessors, (3), 1 states have return successors, (3), 3 states have call predecessors, (3), 3 states have call successors, (3)
[2026-07-04 08:55:13,655 INFO  L88        GeneralOperation]: Finished removeUnreachable. Reduced from 72 states to 72 states and 99 transitions.
[2026-07-04 08:55:13,656 INFO  L79                 Accepts]: Start accepts. Automaton has 72 states and 99 transitions. Word has length 6
[2026-07-04 08:55:13,656 INFO  L85                 Accepts]: Finished accepts. word is rejected.
[2026-07-04 08:55:13,656 INFO  L490      AbstractCegarLoop]: Abstraction has 72 states and 99 transitions.
[2026-07-04 08:55:13,656 INFO  L491      AbstractCegarLoop]: INTERPOLANT automaton has  has 3 states, 2 states have (on average 3.0) internal successors, (6), 2 states have internal predecessors, (6), 0 states have call successors, (0), 0 states have call predecessors, (0), 0 states have return successors, (0), 0 states have call predecessors, (0), 0 states have call successors, (0)
[2026-07-04 08:55:13,657 INFO  L278                IsEmpty]: Start isEmpty. Operand 72 states and 99 transitions.
[2026-07-04 08:55:13,659 INFO  L284                IsEmpty]: Finished isEmpty. Found accepting run of length 23
[2026-07-04 08:55:13,659 INFO  L199           NwaCegarLoop]: Found error trace
[2026-07-04 08:55:13,660 INFO  L207           NwaCegarLoop]: trace histogram [1, 1, 1, 1, 1, 1, 1, 1, 1, 1, 1, 1, 1, 1, 1, 1, 1, 1, 1, 1, 1, 1]
[2026-07-04 08:55:13,673 INFO  L534       MonitoredProcess]: [MP /usr/bin/z3 SMTLIB2_COMPLIANT=true -memory:2024 -smt2 -in (2)] Forceful destruction successful, exit code 0
[2026-07-04 08:55:13,865 WARN  L471      AbstractCegarLoop]: Destroyed unattended storables created during the last iteration: 2 /usr/bin/z3 SMTLIB2_COMPLIANT=true -memory:2024 -smt2 -in
[2026-07-04 08:55:13,865 INFO  L408      AbstractCegarLoop]: === Iteration 2 === Targeting ULTIMATE.startErr0ASSERT_VIOLATIONASSERT === [ULTIMATE.startErr0ASSERT_VIOLATIONASSERT, ULTIMATE.startErr1ASSERT_VIOLATIONASSERT] ===
[2026-07-04 08:55:13,865 INFO  L156       PredicateUnifier]: Initialized classic predicate unifier
[2026-07-04 08:55:13,865 INFO  L85        PathProgramCache]: Analyzing trace with hash 141313867, now seen corresponding path program 1 times
[2026-07-04 08:55:13,865 INFO  L118   FreeRefinementEngine]: Executing refinement strategy FIXED_PREFERENCES
[2026-07-04 08:55:13,868 INFO  L324   FreeRefinementEngine]: Using trace check IpTcStrategyModulePreferences [1223020852]
[2026-07-04 08:55:13,868 INFO  L97    rtionOrderModulation]: Keeping assertion order NOT_INCREMENTALLY
[2026-07-04 08:55:13,868 INFO  L173          SolverBuilder]: Constructing external solver with command: z3 SMTLIB2_COMPLIANT=true -memory:2024 -smt2 -in
[2026-07-04 08:55:13,875 INFO  L189       MonitoredProcess]: No working directory specified, using /usr/bin/z3
[2026-07-04 08:55:13,879 INFO  L229       MonitoredProcess]: Starting monitored process 3 with /usr/bin/z3 SMTLIB2_COMPLIANT=true -memory:2024 -smt2 -in (exit command is (exit), workingDir is null)
[2026-07-04 08:55:13,880 INFO  L327       MonitoredProcess]: [MP /usr/bin/z3 SMTLIB2_COMPLIANT=true -memory:2024 -smt2 -in (3)] Waiting until timeout for monitored process
[2026-07-04 08:55:14,019 INFO  L108    AnnotateAndAsserter]: Assert order NOT_INCREMENTALLY partitioned 22 statements into 1 equivalence classes.
[2026-07-04 08:55:14,038 INFO  L111    AnnotateAndAsserter]: Assert order NOT_INCREMENTALLY issued 1 check-sat command(s) and asserted 22 of 22 statements.
[2026-07-04 08:55:14,039 INFO  L114    AnnotateAndAsserter]: Assert order NOT_INCREMENTALLY issued 1 check-sat command(s)
[2026-07-04 08:55:14,039 INFO  L115    AnnotateAndAsserter]: Conjunction of SSA is unsat
[2026-07-04 08:55:14,045 INFO  L256         TraceCheckSpWp]: Trace formula consists of 66 conjuncts, 3 conjuncts are in the unsatisfiable core
[2026-07-04 08:55:14,046 INFO  L279         TraceCheckSpWp]: Computing forward predicates...
[2026-07-04 08:55:14,278 INFO  L134       CoverageAnalysis]: Checked inductivity of 0 backedges. 0 proven. 0 refuted. 0 times theorem prover too weak. 0 trivial. 0 not checked.
[2026-07-04 08:55:14,279 INFO  L312         TraceCheckSpWp]: Computing backward predicates...
[2026-07-04 08:55:14,339 INFO  L134       CoverageAnalysis]: Checked inductivity of 0 backedges. 0 proven. 0 refuted. 0 times theorem prover too weak. 0 trivial. 0 not checked.
[2026-07-04 08:55:14,339 INFO  L136   FreeRefinementEngine]: Strategy FIXED_PREFERENCES found an infeasible trace
[2026-07-04 08:55:14,339 INFO  L324   FreeRefinementEngine]: Using interpolant generator IpTcStrategyModulePreferences [1223020852]
[2026-07-04 08:55:14,339 INFO  L158   FreeRefinementEngine]: IpTcStrategyModulePreferences [1223020852] provided 2 perfect and 0 imperfect interpolant sequences
[2026-07-04 08:55:14,339 INFO  L185   FreeRefinementEngine]: Found 2 perfect and 0 imperfect interpolant sequences.
[2026-07-04 08:55:14,339 INFO  L198   FreeRefinementEngine]: Number of different interpolants: perfect sequences [3, 3] imperfect sequences [] total 3
[2026-07-04 08:55:14,339 INFO  L121   tionRefinementEngine]: Using interpolant automaton builder IpAbStrategyModuleStraightlineAll [51513970]
[2026-07-04 08:55:14,339 INFO  L85    oduleStraightlineAll]: Using 2 perfect interpolants to construct interpolant automaton
[2026-07-04 08:55:14,340 INFO  L567      AbstractCegarLoop]: INTERPOLANT automaton has 4 states
[2026-07-04 08:55:14,340 INFO  L100   FreeRefinementEngine]: Using predicate unifier PredicateUnifier provided by strategy FIXED_PREFERENCES
[2026-07-04 08:55:14,340 INFO  L144   InterpolantAutomaton]: Constructing interpolant automaton starting with 4 interpolants.
[2026-07-04 08:55:14,341 INFO  L146   InterpolantAutomaton]: CoverageRelationStatistics Valid=5, Invalid=7, Unknown=0, NotChecked=0, Total=12
[2026-07-04 08:55:14,341 INFO  L87              Difference]: Start difference. First operand 72 states and 99 transitions. Second operand  has 4 states, 4 states have (on average 5.5) internal successors, (22), 3 states have internal predecessors, (22), 0 states have call successors, (0), 0 states have call predecessors, (0), 0 states have return successors, (0), 0 states have call predecessors, (0), 0 states have call successors, (0)
[2026-07-04 08:55:14,440 INFO  L144             Difference]: Subtrahend was deterministic. Have not used determinization.
[2026-07-04 08:55:14,441 INFO  L93              Difference]: Finished difference Result 131 states and 177 transitions.
[2026-07-04 08:55:14,441 INFO  L140   InterpolantAutomaton]: Switched to read-only mode: deterministic interpolant automaton has 5 states. 
[2026-07-04 08:55:14,441 INFO  L79                 Accepts]: Start accepts. Automaton has  has 4 states, 4 states have (on average 5.5) internal successors, (22), 3 states have internal predecessors, (22), 0 states have call successors, (0), 0 states have call predecessors, (0), 0 states have return successors, (0), 0 states have call predecessors, (0), 0 states have call successors, (0) Word has length 22
[2026-07-04 08:55:14,441 INFO  L85                 Accepts]: Finished accepts. some prefix is accepted.
[2026-07-04 08:55:14,442 INFO  L225             Difference]: With dead ends: 131
[2026-07-04 08:55:14,442 INFO  L226             Difference]: Without dead ends: 90
[2026-07-04 08:55:14,442 INFO  L425           NwaCegarLoop]: 0 DeclaredPredicates, 43 GetRequests, 40 SyntacticMatches, 0 SemanticMatches, 3 ConstructedPredicates, 0 IntricatePredicates, 0 DeprecatedPredicates, 0 ImplicationChecksByTransitivity, 0.0s TimeCoverageRelationStatistics Valid=9, Invalid=11, Unknown=0, NotChecked=0, Total=20
[2026-07-04 08:55:14,442 INFO  L426           NwaCegarLoop]: 113 mSDtfsCounter, 105 mSDsluCounter, 108 mSDsCounter, 0 mSdLazyCounter, 13 mSolverCounterSat, 4 mSolverCounterUnsat, 0 mSolverCounterUnknown, 0 mSolverCounterNotChecked, 0.1s Time, 0 mProtectedPredicate, 0 mProtectedAction, 105 SdHoareTripleChecker+Valid, 221 SdHoareTripleChecker+Invalid, 17 SdHoareTripleChecker+Unknown, 0 SdHoareTripleChecker+Unchecked, 0.0s SdHoareTripleChecker+Time, 4 IncrementalHoareTripleChecker+Valid, 13 IncrementalHoareTripleChecker+Invalid, 0 IncrementalHoareTripleChecker+Unknown, 0 IncrementalHoareTripleChecker+Unchecked, 0.1s IncrementalHoareTripleChecker+Time
[2026-07-04 08:55:14,442 INFO  L427           NwaCegarLoop]: SdHoareTripleChecker [105 Valid, 221 Invalid, 17 Unknown, 0 Unchecked, 0.0s Time], IncrementalHoareTripleChecker [4 Valid, 13 Invalid, 0 Unknown, 0 Unchecked, 0.1s Time]
[2026-07-04 08:55:14,443 INFO  L82        GeneralOperation]: Start minimizeSevpa. Operand 90 states.
[2026-07-04 08:55:14,453 INFO  L88        GeneralOperation]: Finished minimizeSevpa. Reduced states from 90 to 66.
[2026-07-04 08:55:14,454 INFO  L82        GeneralOperation]: Start removeUnreachable. Operand  has 66 states, 62 states have (on average 1.3870967741935485) internal successors, (86), 63 states have internal predecessors, (86), 1 states have call successors, (1), 1 states have call predecessors, (1), 1 states have return successors, (1), 1 states have call predecessors, (1), 1 states have call successors, (1)
[2026-07-04 08:55:14,454 INFO  L88        GeneralOperation]: Finished removeUnreachable. Reduced from 66 states to 66 states and 88 transitions.
[2026-07-04 08:55:14,454 INFO  L79                 Accepts]: Start accepts. Automaton has 66 states and 88 transitions. Word has length 22
[2026-07-04 08:55:14,454 INFO  L85                 Accepts]: Finished accepts. word is rejected.
[2026-07-04 08:55:14,454 INFO  L490      AbstractCegarLoop]: Abstraction has 66 states and 88 transitions.
[2026-07-04 08:55:14,454 INFO  L491      AbstractCegarLoop]: INTERPOLANT automaton has  has 4 states, 4 states have (on average 5.5) internal successors, (22), 3 states have internal predecessors, (22), 0 states have call successors, (0), 0 states have call predecessors, (0), 0 states have return successors, (0), 0 states have call predecessors, (0), 0 states have call successors, (0)
[2026-07-04 08:55:14,455 INFO  L278                IsEmpty]: Start isEmpty. Operand 66 states and 88 transitions.
[2026-07-04 08:55:14,455 INFO  L284                IsEmpty]: Finished isEmpty. Found accepting run of length 30
[2026-07-04 08:55:14,455 INFO  L199           NwaCegarLoop]: Found error trace
[2026-07-04 08:55:14,455 INFO  L207           NwaCegarLoop]: trace histogram [1, 1, 1, 1, 1, 1, 1, 1, 1, 1, 1, 1, 1, 1, 1, 1, 1, 1, 1, 1, 1, 1, 1, 1, 1, 1, 1, 1, 1]
[2026-07-04 08:55:14,467 INFO  L546       MonitoredProcess]: [MP /usr/bin/z3 SMTLIB2_COMPLIANT=true -memory:2024 -smt2 -in (3)] Ended with exit code 0
[2026-07-04 08:55:14,662 WARN  L471      AbstractCegarLoop]: Destroyed unattended storables created during the last iteration: 3 /usr/bin/z3 SMTLIB2_COMPLIANT=true -memory:2024 -smt2 -in
[2026-07-04 08:55:14,663 INFO  L408      AbstractCegarLoop]: === Iteration 3 === Targeting ULTIMATE.startErr0ASSERT_VIOLATIONASSERT === [ULTIMATE.startErr0ASSERT_VIOLATIONASSERT, ULTIMATE.startErr1ASSERT_VIOLATIONASSERT] ===
[2026-07-04 08:55:14,663 INFO  L156       PredicateUnifier]: Initialized classic predicate unifier
[2026-07-04 08:55:14,664 INFO  L85        PathProgramCache]: Analyzing trace with hash 745243444, now seen corresponding path program 1 times
[2026-07-04 08:55:14,664 INFO  L118   FreeRefinementEngine]: Executing refinement strategy FIXED_PREFERENCES
[2026-07-04 08:55:14,665 INFO  L324   FreeRefinementEngine]: Using trace check IpTcStrategyModulePreferences [741625532]
[2026-07-04 08:55:14,665 INFO  L97    rtionOrderModulation]: Keeping assertion order NOT_INCREMENTALLY
[2026-07-04 08:55:14,666 INFO  L173          SolverBuilder]: Constructing external solver with command: z3 SMTLIB2_COMPLIANT=true -memory:2024 -smt2 -in
[2026-07-04 08:55:14,671 INFO  L189       MonitoredProcess]: No working directory specified, using /usr/bin/z3
[2026-07-04 08:55:14,673 INFO  L229       MonitoredProcess]: Starting monitored process 4 with /usr/bin/z3 SMTLIB2_COMPLIANT=true -memory:2024 -smt2 -in (exit command is (exit), workingDir is null)
[2026-07-04 08:55:14,675 INFO  L327       MonitoredProcess]: [MP /usr/bin/z3 SMTLIB2_COMPLIANT=true -memory:2024 -smt2 -in (4)] Waiting until timeout for monitored process
[2026-07-04 08:55:14,795 INFO  L108    AnnotateAndAsserter]: Assert order NOT_INCREMENTALLY partitioned 29 statements into 1 equivalence classes.
[2026-07-04 08:55:14,817 INFO  L111    AnnotateAndAsserter]: Assert order NOT_INCREMENTALLY issued 1 check-sat command(s) and asserted 29 of 29 statements.
[2026-07-04 08:55:14,817 INFO  L114    AnnotateAndAsserter]: Assert order NOT_INCREMENTALLY issued 1 check-sat command(s)
[2026-07-04 08:55:14,817 INFO  L115    AnnotateAndAsserter]: Conjunction of SSA is unsat
[2026-07-04 08:55:14,825 INFO  L256         TraceCheckSpWp]: Trace formula consists of 123 conjuncts, 2 conjuncts are in the unsatisfiable core
[2026-07-04 08:55:14,826 INFO  L279         TraceCheckSpWp]: Computing forward predicates...
[2026-07-04 08:55:14,840 INFO  L134       CoverageAnalysis]: Checked inductivity of 0 backedges. 0 proven. 0 refuted. 0 times theorem prover too weak. 0 trivial. 0 not checked.
[2026-07-04 08:55:14,840 INFO  L312         TraceCheckSpWp]: Computing backward predicates...
[2026-07-04 08:55:14,859 INFO  L134       CoverageAnalysis]: Checked inductivity of 0 backedges. 0 proven. 0 refuted. 0 times theorem prover too weak. 0 trivial. 0 not checked.
[2026-07-04 08:55:14,859 INFO  L136   FreeRefinementEngine]: Strategy FIXED_PREFERENCES found an infeasible trace
[2026-07-04 08:55:14,859 INFO  L324   FreeRefinementEngine]: Using interpolant generator IpTcStrategyModulePreferences [741625532]
[2026-07-04 08:55:14,859 INFO  L158   FreeRefinementEngine]: IpTcStrategyModulePreferences [741625532] provided 2 perfect and 0 imperfect interpolant sequences
[2026-07-04 08:55:14,859 INFO  L185   FreeRefinementEngine]: Found 2 perfect and 0 imperfect interpolant sequences.
[2026-07-04 08:55:14,859 INFO  L198   FreeRefinementEngine]: Number of different interpolants: perfect sequences [2, 2] imperfect sequences [] total 2
[2026-07-04 08:55:14,859 INFO  L121   tionRefinementEngine]: Using interpolant automaton builder IpAbStrategyModuleStraightlineAll [932871925]
[2026-07-04 08:55:14,859 INFO  L85    oduleStraightlineAll]: Using 2 perfect interpolants to construct interpolant automaton
[2026-07-04 08:55:14,859 INFO  L567      AbstractCegarLoop]: INTERPOLANT automaton has 3 states
[2026-07-04 08:55:14,859 INFO  L100   FreeRefinementEngine]: Using predicate unifier PredicateUnifier provided by strategy FIXED_PREFERENCES
[2026-07-04 08:55:14,868 INFO  L144   InterpolantAutomaton]: Constructing interpolant automaton starting with 3 interpolants.
[2026-07-04 08:55:14,869 INFO  L146   InterpolantAutomaton]: CoverageRelationStatistics Valid=3, Invalid=3, Unknown=0, NotChecked=0, Total=6
[2026-07-04 08:55:14,869 INFO  L87              Difference]: Start difference. First operand 66 states and 88 transitions. Second operand  has 3 states, 2 states have (on average 13.5) internal successors, (27), 3 states have internal predecessors, (27), 1 states have call successors, (1), 1 states have call predecessors, (1), 1 states have return successors, (1), 1 states have call predecessors, (1), 1 states have call successors, (1)
[2026-07-04 08:55:14,887 INFO  L144             Difference]: Subtrahend was deterministic. Have not used determinization.
[2026-07-04 08:55:14,887 INFO  L93              Difference]: Finished difference Result 87 states and 118 transitions.
[2026-07-04 08:55:14,888 INFO  L140   InterpolantAutomaton]: Switched to read-only mode: deterministic interpolant automaton has 3 states. 
[2026-07-04 08:55:14,888 INFO  L79                 Accepts]: Start accepts. Automaton has  has 3 states, 2 states have (on average 13.5) internal successors, (27), 3 states have internal predecessors, (27), 1 states have call successors, (1), 1 states have call predecessors, (1), 1 states have return successors, (1), 1 states have call predecessors, (1), 1 states have call successors, (1) Word has length 29
[2026-07-04 08:55:14,888 INFO  L85                 Accepts]: Finished accepts. some prefix is accepted.
[2026-07-04 08:55:14,889 INFO  L225             Difference]: With dead ends: 87
[2026-07-04 08:55:14,889 INFO  L226             Difference]: Without dead ends: 86
[2026-07-04 08:55:14,889 INFO  L425           NwaCegarLoop]: 0 DeclaredPredicates, 56 GetRequests, 55 SyntacticMatches, 0 SemanticMatches, 1 ConstructedPredicates, 0 IntricatePredicates, 0 DeprecatedPredicates, 0 ImplicationChecksByTransitivity, 0.0s TimeCoverageRelationStatistics Valid=3, Invalid=3, Unknown=0, NotChecked=0, Total=6
[2026-07-04 08:55:14,889 INFO  L426           NwaCegarLoop]: 115 mSDtfsCounter, 32 mSDsluCounter, 79 mSDsCounter, 0 mSdLazyCounter, 4 mSolverCounterSat, 1 mSolverCounterUnsat, 0 mSolverCounterUnknown, 0 mSolverCounterNotChecked, 0.0s Time, 0 mProtectedPredicate, 0 mProtectedAction, 32 SdHoareTripleChecker+Valid, 194 SdHoareTripleChecker+Invalid, 5 SdHoareTripleChecker+Unknown, 0 SdHoareTripleChecker+Unchecked, 0.0s SdHoareTripleChecker+Time, 1 IncrementalHoareTripleChecker+Valid, 4 IncrementalHoareTripleChecker+Invalid, 0 IncrementalHoareTripleChecker+Unknown, 0 IncrementalHoareTripleChecker+Unchecked, 0.0s IncrementalHoareTripleChecker+Time
[2026-07-04 08:55:14,889 INFO  L427           NwaCegarLoop]: SdHoareTripleChecker [32 Valid, 194 Invalid, 5 Unknown, 0 Unchecked, 0.0s Time], IncrementalHoareTripleChecker [1 Valid, 4 Invalid, 0 Unknown, 0 Unchecked, 0.0s Time]
[2026-07-04 08:55:14,890 INFO  L82        GeneralOperation]: Start minimizeSevpa. Operand 86 states.
[2026-07-04 08:55:14,891 INFO  L88        GeneralOperation]: Finished minimizeSevpa. Reduced states from 86 to 65.
[2026-07-04 08:55:14,899 INFO  L82        GeneralOperation]: Start removeUnreachable. Operand  has 65 states, 62 states have (on average 1.3709677419354838) internal successors, (85), 62 states have internal predecessors, (85), 1 states have call successors, (1), 1 states have call predecessors, (1), 1 states have return successors, (1), 1 states have call predecessors, (1), 1 states have call successors, (1)
[2026-07-04 08:55:14,900 INFO  L88        GeneralOperation]: Finished removeUnreachable. Reduced from 65 states to 65 states and 87 transitions.
[2026-07-04 08:55:14,900 INFO  L79                 Accepts]: Start accepts. Automaton has 65 states and 87 transitions. Word has length 29
[2026-07-04 08:55:14,900 INFO  L85                 Accepts]: Finished accepts. word is rejected.
[2026-07-04 08:55:14,900 INFO  L490      AbstractCegarLoop]: Abstraction has 65 states and 87 transitions.
[2026-07-04 08:55:14,900 INFO  L491      AbstractCegarLoop]: INTERPOLANT automaton has  has 3 states, 2 states have (on average 13.5) internal successors, (27), 3 states have internal predecessors, (27), 1 states have call successors, (1), 1 states have call predecessors, (1), 1 states have return successors, (1), 1 states have call predecessors, (1), 1 states have call successors, (1)
[2026-07-04 08:55:14,900 INFO  L278                IsEmpty]: Start isEmpty. Operand 65 states and 87 transitions.
[2026-07-04 08:55:14,901 INFO  L284                IsEmpty]: Finished isEmpty. Found accepting run of length 35
[2026-07-04 08:55:14,901 INFO  L199           NwaCegarLoop]: Found error trace
[2026-07-04 08:55:14,901 INFO  L207           NwaCegarLoop]: trace histogram [1, 1, 1, 1, 1, 1, 1, 1, 1, 1, 1, 1, 1, 1, 1, 1, 1, 1, 1, 1, 1, 1, 1, 1, 1, 1, 1, 1, 1, 1, 1, 1, 1, 1]
[2026-07-04 08:55:14,923 INFO  L546       MonitoredProcess]: [MP /usr/bin/z3 SMTLIB2_COMPLIANT=true -memory:2024 -smt2 -in (4)] Ended with exit code 0
[2026-07-04 08:55:15,108 WARN  L471      AbstractCegarLoop]: Destroyed unattended storables created during the last iteration: 4 /usr/bin/z3 SMTLIB2_COMPLIANT=true -memory:2024 -smt2 -in
[2026-07-04 08:55:15,109 INFO  L408      AbstractCegarLoop]: === Iteration 4 === Targeting ULTIMATE.startErr1ASSERT_VIOLATIONASSERT === [ULTIMATE.startErr0ASSERT_VIOLATIONASSERT, ULTIMATE.startErr1ASSERT_VIOLATIONASSERT] ===
[2026-07-04 08:55:15,112 INFO  L156       PredicateUnifier]: Initialized classic predicate unifier
[2026-07-04 08:55:15,112 INFO  L85        PathProgramCache]: Analyzing trace with hash 1179309181, now seen corresponding path program 1 times
[2026-07-04 08:55:15,112 INFO  L118   FreeRefinementEngine]: Executing refinement strategy FIXED_PREFERENCES
[2026-07-04 08:55:15,112 INFO  L324   FreeRefinementEngine]: Using trace check IpTcStrategyModulePreferences [1413470714]
[2026-07-04 08:55:15,112 INFO  L97    rtionOrderModulation]: Keeping assertion order NOT_INCREMENTALLY
[2026-07-04 08:55:15,113 INFO  L173          SolverBuilder]: Constructing external solver with command: z3 SMTLIB2_COMPLIANT=true -memory:2024 -smt2 -in
[2026-07-04 08:55:15,115 INFO  L189       MonitoredProcess]: No working directory specified, using /usr/bin/z3
[2026-07-04 08:55:15,117 INFO  L229       MonitoredProcess]: Starting monitored process 5 with /usr/bin/z3 SMTLIB2_COMPLIANT=true -memory:2024 -smt2 -in (exit command is (exit), workingDir is null)
[2026-07-04 08:55:15,120 INFO  L327       MonitoredProcess]: [MP /usr/bin/z3 SMTLIB2_COMPLIANT=true -memory:2024 -smt2 -in (5)] Waiting until timeout for monitored process
[2026-07-04 08:55:15,256 INFO  L108    AnnotateAndAsserter]: Assert order NOT_INCREMENTALLY partitioned 34 statements into 1 equivalence classes.
[2026-07-04 08:55:15,279 INFO  L111    AnnotateAndAsserter]: Assert order NOT_INCREMENTALLY issued 1 check-sat command(s) and asserted 34 of 34 statements.
[2026-07-04 08:55:15,279 INFO  L114    AnnotateAndAsserter]: Assert order NOT_INCREMENTALLY issued 1 check-sat command(s)
[2026-07-04 08:55:15,279 INFO  L115    AnnotateAndAsserter]: Conjunction of SSA is unsat
[2026-07-04 08:55:15,285 INFO  L256         TraceCheckSpWp]: Trace formula consists of 113 conjuncts, 2 conjuncts are in the unsatisfiable core
[2026-07-04 08:55:15,286 INFO  L279         TraceCheckSpWp]: Computing forward predicates...
[2026-07-04 08:55:15,326 INFO  L134       CoverageAnalysis]: Checked inductivity of 0 backedges. 0 proven. 0 refuted. 0 times theorem prover too weak. 0 trivial. 0 not checked.
[2026-07-04 08:55:15,326 INFO  L312         TraceCheckSpWp]: Computing backward predicates...
[2026-07-04 08:55:15,371 INFO  L134       CoverageAnalysis]: Checked inductivity of 0 backedges. 0 proven. 0 refuted. 0 times theorem prover too weak. 0 trivial. 0 not checked.
[2026-07-04 08:55:15,371 INFO  L136   FreeRefinementEngine]: Strategy FIXED_PREFERENCES found an infeasible trace
[2026-07-04 08:55:15,371 INFO  L324   FreeRefinementEngine]: Using interpolant generator IpTcStrategyModulePreferences [1413470714]
[2026-07-04 08:55:15,371 INFO  L158   FreeRefinementEngine]: IpTcStrategyModulePreferences [1413470714] provided 2 perfect and 0 imperfect interpolant sequences
[2026-07-04 08:55:15,372 INFO  L185   FreeRefinementEngine]: Found 2 perfect and 0 imperfect interpolant sequences.
[2026-07-04 08:55:15,372 INFO  L198   FreeRefinementEngine]: Number of different interpolants: perfect sequences [3, 3] imperfect sequences [] total 3
[2026-07-04 08:55:15,372 INFO  L121   tionRefinementEngine]: Using interpolant automaton builder IpAbStrategyModuleStraightlineAll [1226315990]
[2026-07-04 08:55:15,372 INFO  L85    oduleStraightlineAll]: Using 2 perfect interpolants to construct interpolant automaton
[2026-07-04 08:55:15,372 INFO  L567      AbstractCegarLoop]: INTERPOLANT automaton has 3 states
[2026-07-04 08:55:15,372 INFO  L100   FreeRefinementEngine]: Using predicate unifier PredicateUnifier provided by strategy FIXED_PREFERENCES
[2026-07-04 08:55:15,373 INFO  L144   InterpolantAutomaton]: Constructing interpolant automaton starting with 3 interpolants.
[2026-07-04 08:55:15,373 INFO  L146   InterpolantAutomaton]: CoverageRelationStatistics Valid=3, Invalid=3, Unknown=0, NotChecked=0, Total=6
[2026-07-04 08:55:15,373 INFO  L87              Difference]: Start difference. First operand 65 states and 87 transitions. Second operand  has 3 states, 3 states have (on average 11.333333333333334) internal successors, (34), 3 states have internal predecessors, (34), 0 states have call successors, (0), 0 states have call predecessors, (0), 0 states have return successors, (0), 0 states have call predecessors, (0), 0 states have call successors, (0)
[2026-07-04 08:55:15,391 INFO  L144             Difference]: Subtrahend was deterministic. Have not used determinization.
[2026-07-04 08:55:15,391 INFO  L93              Difference]: Finished difference Result 135 states and 183 transitions.
[2026-07-04 08:55:15,398 INFO  L140   InterpolantAutomaton]: Switched to read-only mode: deterministic interpolant automaton has 3 states. 
[2026-07-04 08:55:15,399 INFO  L79                 Accepts]: Start accepts. Automaton has  has 3 states, 3 states have (on average 11.333333333333334) internal successors, (34), 3 states have internal predecessors, (34), 0 states have call successors, (0), 0 states have call predecessors, (0), 0 states have return successors, (0), 0 states have call predecessors, (0), 0 states have call successors, (0) Word has length 34
[2026-07-04 08:55:15,399 INFO  L85                 Accepts]: Finished accepts. some prefix is accepted.
[2026-07-04 08:55:15,399 INFO  L225             Difference]: With dead ends: 135
[2026-07-04 08:55:15,399 INFO  L226             Difference]: Without dead ends: 111
[2026-07-04 08:55:15,400 INFO  L425           NwaCegarLoop]: 0 DeclaredPredicates, 66 GetRequests, 65 SyntacticMatches, 0 SemanticMatches, 1 ConstructedPredicates, 0 IntricatePredicates, 0 DeprecatedPredicates, 0 ImplicationChecksByTransitivity, 0.0s TimeCoverageRelationStatistics Valid=3, Invalid=3, Unknown=0, NotChecked=0, Total=6
[2026-07-04 08:55:15,400 INFO  L426           NwaCegarLoop]: 118 mSDtfsCounter, 74 mSDsluCounter, 64 mSDsCounter, 0 mSdLazyCounter, 2 mSolverCounterSat, 1 mSolverCounterUnsat, 0 mSolverCounterUnknown, 0 mSolverCounterNotChecked, 0.0s Time, 0 mProtectedPredicate, 0 mProtectedAction, 74 SdHoareTripleChecker+Valid, 182 SdHoareTripleChecker+Invalid, 3 SdHoareTripleChecker+Unknown, 0 SdHoareTripleChecker+Unchecked, 0.0s SdHoareTripleChecker+Time, 1 IncrementalHoareTripleChecker+Valid, 2 IncrementalHoareTripleChecker+Invalid, 0 IncrementalHoareTripleChecker+Unknown, 0 IncrementalHoareTripleChecker+Unchecked, 0.0s IncrementalHoareTripleChecker+Time
[2026-07-04 08:55:15,400 INFO  L427           NwaCegarLoop]: SdHoareTripleChecker [74 Valid, 182 Invalid, 3 Unknown, 0 Unchecked, 0.0s Time], IncrementalHoareTripleChecker [1 Valid, 2 Invalid, 0 Unknown, 0 Unchecked, 0.0s Time]
[2026-07-04 08:55:15,401 INFO  L82        GeneralOperation]: Start minimizeSevpa. Operand 111 states.
[2026-07-04 08:55:15,414 INFO  L88        GeneralOperation]: Finished minimizeSevpa. Reduced states from 111 to 84.
[2026-07-04 08:55:15,414 INFO  L82        GeneralOperation]: Start removeUnreachable. Operand  has 84 states, 81 states have (on average 1.3703703703703705) internal successors, (111), 81 states have internal predecessors, (111), 1 states have call successors, (1), 1 states have call predecessors, (1), 1 states have return successors, (1), 1 states have call predecessors, (1), 1 states have call successors, (1)
[2026-07-04 08:55:15,414 INFO  L88        GeneralOperation]: Finished removeUnreachable. Reduced from 84 states to 84 states and 113 transitions.
[2026-07-04 08:55:15,415 INFO  L79                 Accepts]: Start accepts. Automaton has 84 states and 113 transitions. Word has length 34
[2026-07-04 08:55:15,415 INFO  L85                 Accepts]: Finished accepts. word is rejected.
[2026-07-04 08:55:15,415 INFO  L490      AbstractCegarLoop]: Abstraction has 84 states and 113 transitions.
[2026-07-04 08:55:15,415 INFO  L491      AbstractCegarLoop]: INTERPOLANT automaton has  has 3 states, 3 states have (on average 11.333333333333334) internal successors, (34), 3 states have internal predecessors, (34), 0 states have call successors, (0), 0 states have call predecessors, (0), 0 states have return successors, (0), 0 states have call predecessors, (0), 0 states have call successors, (0)
[2026-07-04 08:55:15,415 INFO  L278                IsEmpty]: Start isEmpty. Operand 84 states and 113 transitions.
[2026-07-04 08:55:15,415 INFO  L284                IsEmpty]: Finished isEmpty. Found accepting run of length 35
[2026-07-04 08:55:15,415 INFO  L199           NwaCegarLoop]: Found error trace
[2026-07-04 08:55:15,415 INFO  L207           NwaCegarLoop]: trace histogram [1, 1, 1, 1, 1, 1, 1, 1, 1, 1, 1, 1, 1, 1, 1, 1, 1, 1, 1, 1, 1, 1, 1, 1, 1, 1, 1, 1, 1, 1, 1, 1, 1, 1]
[2026-07-04 08:55:15,433 INFO  L546       MonitoredProcess]: [MP /usr/bin/z3 SMTLIB2_COMPLIANT=true -memory:2024 -smt2 -in (5)] Ended with exit code 0
[2026-07-04 08:55:15,630 WARN  L471      AbstractCegarLoop]: Destroyed unattended storables created during the last iteration: 5 /usr/bin/z3 SMTLIB2_COMPLIANT=true -memory:2024 -smt2 -in
[2026-07-04 08:55:15,631 INFO  L408      AbstractCegarLoop]: === Iteration 5 === Targeting ULTIMATE.startErr1ASSERT_VIOLATIONASSERT === [ULTIMATE.startErr0ASSERT_VIOLATIONASSERT, ULTIMATE.startErr1ASSERT_VIOLATIONASSERT] ===
[2026-07-04 08:55:15,634 INFO  L156       PredicateUnifier]: Initialized classic predicate unifier
[2026-07-04 08:55:15,634 INFO  L85        PathProgramCache]: Analyzing trace with hash 1106922623, now seen corresponding path program 1 times
[2026-07-04 08:55:15,634 INFO  L118   FreeRefinementEngine]: Executing refinement strategy FIXED_PREFERENCES
[2026-07-04 08:55:15,634 INFO  L324   FreeRefinementEngine]: Using trace check IpTcStrategyModulePreferences [1536321462]
[2026-07-04 08:55:15,634 INFO  L97    rtionOrderModulation]: Keeping assertion order NOT_INCREMENTALLY
[2026-07-04 08:55:15,634 INFO  L173          SolverBuilder]: Constructing external solver with command: z3 SMTLIB2_COMPLIANT=true -memory:2024 -smt2 -in
[2026-07-04 08:55:15,636 INFO  L189       MonitoredProcess]: No working directory specified, using /usr/bin/z3
[2026-07-04 08:55:15,640 INFO  L229       MonitoredProcess]: Starting monitored process 6 with /usr/bin/z3 SMTLIB2_COMPLIANT=true -memory:2024 -smt2 -in (exit command is (exit), workingDir is null)
[2026-07-04 08:55:15,641 INFO  L327       MonitoredProcess]: [MP /usr/bin/z3 SMTLIB2_COMPLIANT=true -memory:2024 -smt2 -in (6)] Waiting until timeout for monitored process
[2026-07-04 08:55:15,762 INFO  L108    AnnotateAndAsserter]: Assert order NOT_INCREMENTALLY partitioned 34 statements into 1 equivalence classes.
[2026-07-04 08:55:15,780 INFO  L111    AnnotateAndAsserter]: Assert order NOT_INCREMENTALLY issued 1 check-sat command(s) and asserted 34 of 34 statements.
[2026-07-04 08:55:15,780 INFO  L114    AnnotateAndAsserter]: Assert order NOT_INCREMENTALLY issued 1 check-sat command(s)
[2026-07-04 08:55:15,780 INFO  L115    AnnotateAndAsserter]: Conjunction of SSA is unsat
[2026-07-04 08:55:15,785 INFO  L256         TraceCheckSpWp]: Trace formula consists of 102 conjuncts, 2 conjuncts are in the unsatisfiable core
[2026-07-04 08:55:15,785 INFO  L279         TraceCheckSpWp]: Computing forward predicates...
[2026-07-04 08:55:15,803 INFO  L134       CoverageAnalysis]: Checked inductivity of 0 backedges. 0 proven. 0 refuted. 0 times theorem prover too weak. 0 trivial. 0 not checked.
[2026-07-04 08:55:15,803 INFO  L312         TraceCheckSpWp]: Computing backward predicates...
[2026-07-04 08:55:15,818 INFO  L134       CoverageAnalysis]: Checked inductivity of 0 backedges. 0 proven. 0 refuted. 0 times theorem prover too weak. 0 trivial. 0 not checked.
[2026-07-04 08:55:15,818 INFO  L136   FreeRefinementEngine]: Strategy FIXED_PREFERENCES found an infeasible trace
[2026-07-04 08:55:15,818 INFO  L324   FreeRefinementEngine]: Using interpolant generator IpTcStrategyModulePreferences [1536321462]
[2026-07-04 08:55:15,818 INFO  L158   FreeRefinementEngine]: IpTcStrategyModulePreferences [1536321462] provided 2 perfect and 0 imperfect interpolant sequences
[2026-07-04 08:55:15,818 INFO  L185   FreeRefinementEngine]: Found 2 perfect and 0 imperfect interpolant sequences.
[2026-07-04 08:55:15,818 INFO  L198   FreeRefinementEngine]: Number of different interpolants: perfect sequences [3, 3] imperfect sequences [] total 3
[2026-07-04 08:55:15,818 INFO  L121   tionRefinementEngine]: Using interpolant automaton builder IpAbStrategyModuleStraightlineAll [1284275774]
[2026-07-04 08:55:15,818 INFO  L85    oduleStraightlineAll]: Using 2 perfect interpolants to construct interpolant automaton
[2026-07-04 08:55:15,818 INFO  L567      AbstractCegarLoop]: INTERPOLANT automaton has 3 states
[2026-07-04 08:55:15,818 INFO  L100   FreeRefinementEngine]: Using predicate unifier PredicateUnifier provided by strategy FIXED_PREFERENCES
[2026-07-04 08:55:15,819 INFO  L144   InterpolantAutomaton]: Constructing interpolant automaton starting with 3 interpolants.
[2026-07-04 08:55:15,819 INFO  L146   InterpolantAutomaton]: CoverageRelationStatistics Valid=3, Invalid=3, Unknown=0, NotChecked=0, Total=6
[2026-07-04 08:55:15,819 INFO  L87              Difference]: Start difference. First operand 84 states and 113 transitions. Second operand  has 3 states, 3 states have (on average 11.333333333333334) internal successors, (34), 3 states have internal predecessors, (34), 0 states have call successors, (0), 0 states have call predecessors, (0), 0 states have return successors, (0), 0 states have call predecessors, (0), 0 states have call successors, (0)
[2026-07-04 08:55:15,837 INFO  L144             Difference]: Subtrahend was deterministic. Have not used determinization.
[2026-07-04 08:55:15,838 INFO  L93              Difference]: Finished difference Result 124 states and 165 transitions.
[2026-07-04 08:55:15,843 INFO  L140   InterpolantAutomaton]: Switched to read-only mode: deterministic interpolant automaton has 3 states. 
[2026-07-04 08:55:15,844 INFO  L79                 Accepts]: Start accepts. Automaton has  has 3 states, 3 states have (on average 11.333333333333334) internal successors, (34), 3 states have internal predecessors, (34), 0 states have call successors, (0), 0 states have call predecessors, (0), 0 states have return successors, (0), 0 states have call predecessors, (0), 0 states have call successors, (0) Word has length 34
[2026-07-04 08:55:15,844 INFO  L85                 Accepts]: Finished accepts. some prefix is accepted.
[2026-07-04 08:55:15,844 INFO  L225             Difference]: With dead ends: 124
[2026-07-04 08:55:15,844 INFO  L226             Difference]: Without dead ends: 108
[2026-07-04 08:55:15,844 INFO  L425           NwaCegarLoop]: 0 DeclaredPredicates, 66 GetRequests, 65 SyntacticMatches, 0 SemanticMatches, 1 ConstructedPredicates, 0 IntricatePredicates, 0 DeprecatedPredicates, 0 ImplicationChecksByTransitivity, 0.0s TimeCoverageRelationStatistics Valid=3, Invalid=3, Unknown=0, NotChecked=0, Total=6
[2026-07-04 08:55:15,845 INFO  L426           NwaCegarLoop]: 86 mSDtfsCounter, 27 mSDsluCounter, 80 mSDsCounter, 0 mSdLazyCounter, 2 mSolverCounterSat, 3 mSolverCounterUnsat, 0 mSolverCounterUnknown, 0 mSolverCounterNotChecked, 0.0s Time, 0 mProtectedPredicate, 0 mProtectedAction, 27 SdHoareTripleChecker+Valid, 166 SdHoareTripleChecker+Invalid, 5 SdHoareTripleChecker+Unknown, 0 SdHoareTripleChecker+Unchecked, 0.0s SdHoareTripleChecker+Time, 3 IncrementalHoareTripleChecker+Valid, 2 IncrementalHoareTripleChecker+Invalid, 0 IncrementalHoareTripleChecker+Unknown, 0 IncrementalHoareTripleChecker+Unchecked, 0.0s IncrementalHoareTripleChecker+Time
[2026-07-04 08:55:15,845 INFO  L427           NwaCegarLoop]: SdHoareTripleChecker [27 Valid, 166 Invalid, 5 Unknown, 0 Unchecked, 0.0s Time], IncrementalHoareTripleChecker [3 Valid, 2 Invalid, 0 Unknown, 0 Unchecked, 0.0s Time]
[2026-07-04 08:55:15,845 INFO  L82        GeneralOperation]: Start minimizeSevpa. Operand 108 states.
[2026-07-04 08:55:15,856 INFO  L88        GeneralOperation]: Finished minimizeSevpa. Reduced states from 108 to 92.
[2026-07-04 08:55:15,856 INFO  L82        GeneralOperation]: Start removeUnreachable. Operand  has 92 states, 89 states have (on average 1.3707865168539326) internal successors, (122), 89 states have internal predecessors, (122), 1 states have call successors, (1), 1 states have call predecessors, (1), 1 states have return successors, (1), 1 states have call predecessors, (1), 1 states have call successors, (1)
[2026-07-04 08:55:15,857 INFO  L88        GeneralOperation]: Finished removeUnreachable. Reduced from 92 states to 92 states and 124 transitions.
[2026-07-04 08:55:15,857 INFO  L79                 Accepts]: Start accepts. Automaton has 92 states and 124 transitions. Word has length 34
[2026-07-04 08:55:15,857 INFO  L85                 Accepts]: Finished accepts. word is rejected.
[2026-07-04 08:55:15,857 INFO  L490      AbstractCegarLoop]: Abstraction has 92 states and 124 transitions.
[2026-07-04 08:55:15,857 INFO  L491      AbstractCegarLoop]: INTERPOLANT automaton has  has 3 states, 3 states have (on average 11.333333333333334) internal successors, (34), 3 states have internal predecessors, (34), 0 states have call successors, (0), 0 states have call predecessors, (0), 0 states have return successors, (0), 0 states have call predecessors, (0), 0 states have call successors, (0)
[2026-07-04 08:55:15,857 INFO  L278                IsEmpty]: Start isEmpty. Operand 92 states and 124 transitions.
[2026-07-04 08:55:15,858 INFO  L284                IsEmpty]: Finished isEmpty. Found accepting run of length 35
[2026-07-04 08:55:15,858 INFO  L199           NwaCegarLoop]: Found error trace
[2026-07-04 08:55:15,858 INFO  L207           NwaCegarLoop]: trace histogram [1, 1, 1, 1, 1, 1, 1, 1, 1, 1, 1, 1, 1, 1, 1, 1, 1, 1, 1, 1, 1, 1, 1, 1, 1, 1, 1, 1, 1, 1, 1, 1, 1, 1]
[2026-07-04 08:55:15,876 INFO  L534       MonitoredProcess]: [MP /usr/bin/z3 SMTLIB2_COMPLIANT=true -memory:2024 -smt2 -in (6)] Forceful destruction successful, exit code 0
[2026-07-04 08:55:16,059 WARN  L471      AbstractCegarLoop]: Destroyed unattended storables created during the last iteration: 6 /usr/bin/z3 SMTLIB2_COMPLIANT=true -memory:2024 -smt2 -in
[2026-07-04 08:55:16,060 INFO  L408      AbstractCegarLoop]: === Iteration 6 === Targeting ULTIMATE.startErr1ASSERT_VIOLATIONASSERT === [ULTIMATE.startErr0ASSERT_VIOLATIONASSERT, ULTIMATE.startErr1ASSERT_VIOLATIONASSERT] ===
[2026-07-04 08:55:16,060 INFO  L156       PredicateUnifier]: Initialized classic predicate unifier
[2026-07-04 08:55:16,060 INFO  L85        PathProgramCache]: Analyzing trace with hash 85854269, now seen corresponding path program 1 times
[2026-07-04 08:55:16,060 INFO  L118   FreeRefinementEngine]: Executing refinement strategy FIXED_PREFERENCES
[2026-07-04 08:55:16,060 INFO  L324   FreeRefinementEngine]: Using trace check IpTcStrategyModulePreferences [2173350]
[2026-07-04 08:55:16,060 INFO  L97    rtionOrderModulation]: Keeping assertion order NOT_INCREMENTALLY
[2026-07-04 08:55:16,060 INFO  L173          SolverBuilder]: Constructing external solver with command: z3 SMTLIB2_COMPLIANT=true -memory:2024 -smt2 -in
[2026-07-04 08:55:16,062 INFO  L189       MonitoredProcess]: No working directory specified, using /usr/bin/z3
[2026-07-04 08:55:16,069 INFO  L229       MonitoredProcess]: Starting monitored process 7 with /usr/bin/z3 SMTLIB2_COMPLIANT=true -memory:2024 -smt2 -in (exit command is (exit), workingDir is null)
[2026-07-04 08:55:16,070 INFO  L327       MonitoredProcess]: [MP /usr/bin/z3 SMTLIB2_COMPLIANT=true -memory:2024 -smt2 -in (7)] Waiting until timeout for monitored process
[2026-07-04 08:55:16,165 INFO  L108    AnnotateAndAsserter]: Assert order NOT_INCREMENTALLY partitioned 34 statements into 1 equivalence classes.
[2026-07-04 08:55:16,184 INFO  L111    AnnotateAndAsserter]: Assert order NOT_INCREMENTALLY issued 1 check-sat command(s) and asserted 34 of 34 statements.
[2026-07-04 08:55:16,184 INFO  L114    AnnotateAndAsserter]: Assert order NOT_INCREMENTALLY issued 1 check-sat command(s)
[2026-07-04 08:55:16,184 INFO  L115    AnnotateAndAsserter]: Conjunction of SSA is unsat
[2026-07-04 08:55:16,185 INFO  L256         TraceCheckSpWp]: Trace formula consists of 101 conjuncts, 2 conjuncts are in the unsatisfiable core
[2026-07-04 08:55:16,186 INFO  L279         TraceCheckSpWp]: Computing forward predicates...
[2026-07-04 08:55:16,222 INFO  L134       CoverageAnalysis]: Checked inductivity of 0 backedges. 0 proven. 0 refuted. 0 times theorem prover too weak. 0 trivial. 0 not checked.
[2026-07-04 08:55:16,222 INFO  L312         TraceCheckSpWp]: Computing backward predicates...
[2026-07-04 08:55:16,263 INFO  L134       CoverageAnalysis]: Checked inductivity of 0 backedges. 0 proven. 0 refuted. 0 times theorem prover too weak. 0 trivial. 0 not checked.
[2026-07-04 08:55:16,263 INFO  L136   FreeRefinementEngine]: Strategy FIXED_PREFERENCES found an infeasible trace
[2026-07-04 08:55:16,263 INFO  L324   FreeRefinementEngine]: Using interpolant generator IpTcStrategyModulePreferences [2173350]
[2026-07-04 08:55:16,263 INFO  L158   FreeRefinementEngine]: IpTcStrategyModulePreferences [2173350] provided 2 perfect and 0 imperfect interpolant sequences
[2026-07-04 08:55:16,263 INFO  L185   FreeRefinementEngine]: Found 2 perfect and 0 imperfect interpolant sequences.
[2026-07-04 08:55:16,263 INFO  L198   FreeRefinementEngine]: Number of different interpolants: perfect sequences [3, 3] imperfect sequences [] total 3
[2026-07-04 08:55:16,263 INFO  L121   tionRefinementEngine]: Using interpolant automaton builder IpAbStrategyModuleStraightlineAll [1465096167]
[2026-07-04 08:55:16,263 INFO  L85    oduleStraightlineAll]: Using 2 perfect interpolants to construct interpolant automaton
[2026-07-04 08:55:16,264 INFO  L567      AbstractCegarLoop]: INTERPOLANT automaton has 3 states
[2026-07-04 08:55:16,264 INFO  L100   FreeRefinementEngine]: Using predicate unifier PredicateUnifier provided by strategy FIXED_PREFERENCES
[2026-07-04 08:55:16,264 INFO  L144   InterpolantAutomaton]: Constructing interpolant automaton starting with 3 interpolants.
[2026-07-04 08:55:16,264 INFO  L146   InterpolantAutomaton]: CoverageRelationStatistics Valid=3, Invalid=3, Unknown=0, NotChecked=0, Total=6
[2026-07-04 08:55:16,264 INFO  L87              Difference]: Start difference. First operand 92 states and 124 transitions. Second operand  has 3 states, 3 states have (on average 11.333333333333334) internal successors, (34), 3 states have internal predecessors, (34), 0 states have call successors, (0), 0 states have call predecessors, (0), 0 states have return successors, (0), 0 states have call predecessors, (0), 0 states have call successors, (0)
[2026-07-04 08:55:16,282 INFO  L144             Difference]: Subtrahend was deterministic. Have not used determinization.
[2026-07-04 08:55:16,282 INFO  L93              Difference]: Finished difference Result 105 states and 140 transitions.
[2026-07-04 08:55:16,282 INFO  L140   InterpolantAutomaton]: Switched to read-only mode: deterministic interpolant automaton has 3 states. 
[2026-07-04 08:55:16,282 INFO  L79                 Accepts]: Start accepts. Automaton has  has 3 states, 3 states have (on average 11.333333333333334) internal successors, (34), 3 states have internal predecessors, (34), 0 states have call successors, (0), 0 states have call predecessors, (0), 0 states have return successors, (0), 0 states have call predecessors, (0), 0 states have call successors, (0) Word has length 34
[2026-07-04 08:55:16,282 INFO  L85                 Accepts]: Finished accepts. some prefix is accepted.
[2026-07-04 08:55:16,283 INFO  L225             Difference]: With dead ends: 105
[2026-07-04 08:55:16,283 INFO  L226             Difference]: Without dead ends: 92
[2026-07-04 08:55:16,283 INFO  L425           NwaCegarLoop]: 0 DeclaredPredicates, 66 GetRequests, 65 SyntacticMatches, 0 SemanticMatches, 1 ConstructedPredicates, 0 IntricatePredicates, 0 DeprecatedPredicates, 0 ImplicationChecksByTransitivity, 0.0s TimeCoverageRelationStatistics Valid=3, Invalid=3, Unknown=0, NotChecked=0, Total=6
[2026-07-04 08:55:16,283 INFO  L426           NwaCegarLoop]: 85 mSDtfsCounter, 66 mSDsluCounter, 0 mSDsCounter, 0 mSdLazyCounter, 1 mSolverCounterSat, 2 mSolverCounterUnsat, 0 mSolverCounterUnknown, 0 mSolverCounterNotChecked, 0.0s Time, 0 mProtectedPredicate, 0 mProtectedAction, 66 SdHoareTripleChecker+Valid, 85 SdHoareTripleChecker+Invalid, 3 SdHoareTripleChecker+Unknown, 0 SdHoareTripleChecker+Unchecked, 0.0s SdHoareTripleChecker+Time, 2 IncrementalHoareTripleChecker+Valid, 1 IncrementalHoareTripleChecker+Invalid, 0 IncrementalHoareTripleChecker+Unknown, 0 IncrementalHoareTripleChecker+Unchecked, 0.0s IncrementalHoareTripleChecker+Time
[2026-07-04 08:55:16,283 INFO  L427           NwaCegarLoop]: SdHoareTripleChecker [66 Valid, 85 Invalid, 3 Unknown, 0 Unchecked, 0.0s Time], IncrementalHoareTripleChecker [2 Valid, 1 Invalid, 0 Unknown, 0 Unchecked, 0.0s Time]
[2026-07-04 08:55:16,284 INFO  L82        GeneralOperation]: Start minimizeSevpa. Operand 92 states.
[2026-07-04 08:55:16,286 INFO  L88        GeneralOperation]: Finished minimizeSevpa. Reduced states from 92 to 92.
[2026-07-04 08:55:16,286 INFO  L82        GeneralOperation]: Start removeUnreachable. Operand  has 92 states, 89 states have (on average 1.3595505617977528) internal successors, (121), 89 states have internal predecessors, (121), 1 states have call successors, (1), 1 states have call predecessors, (1), 1 states have return successors, (1), 1 states have call predecessors, (1), 1 states have call successors, (1)
[2026-07-04 08:55:16,287 INFO  L88        GeneralOperation]: Finished removeUnreachable. Reduced from 92 states to 92 states and 123 transitions.
[2026-07-04 08:55:16,287 INFO  L79                 Accepts]: Start accepts. Automaton has 92 states and 123 transitions. Word has length 34
[2026-07-04 08:55:16,287 INFO  L85                 Accepts]: Finished accepts. word is rejected.
[2026-07-04 08:55:16,287 INFO  L490      AbstractCegarLoop]: Abstraction has 92 states and 123 transitions.
[2026-07-04 08:55:16,287 INFO  L491      AbstractCegarLoop]: INTERPOLANT automaton has  has 3 states, 3 states have (on average 11.333333333333334) internal successors, (34), 3 states have internal predecessors, (34), 0 states have call successors, (0), 0 states have call predecessors, (0), 0 states have return successors, (0), 0 states have call predecessors, (0), 0 states have call successors, (0)
[2026-07-04 08:55:16,287 INFO  L278                IsEmpty]: Start isEmpty. Operand 92 states and 123 transitions.
[2026-07-04 08:55:16,287 INFO  L284                IsEmpty]: Finished isEmpty. Found accepting run of length 35
[2026-07-04 08:55:16,288 INFO  L199           NwaCegarLoop]: Found error trace
[2026-07-04 08:55:16,298 INFO  L207           NwaCegarLoop]: trace histogram [1, 1, 1, 1, 1, 1, 1, 1, 1, 1, 1, 1, 1, 1, 1, 1, 1, 1, 1, 1, 1, 1, 1, 1, 1, 1, 1, 1, 1, 1, 1, 1, 1, 1]
[2026-07-04 08:55:16,304 INFO  L546       MonitoredProcess]: [MP /usr/bin/z3 SMTLIB2_COMPLIANT=true -memory:2024 -smt2 -in (7)] Ended with exit code 0
[2026-07-04 08:55:16,503 WARN  L471      AbstractCegarLoop]: Destroyed unattended storables created during the last iteration: 7 /usr/bin/z3 SMTLIB2_COMPLIANT=true -memory:2024 -smt2 -in
[2026-07-04 08:55:16,504 INFO  L408      AbstractCegarLoop]: === Iteration 7 === Targeting ULTIMATE.startErr1ASSERT_VIOLATIONASSERT === [ULTIMATE.startErr0ASSERT_VIOLATIONASSERT, ULTIMATE.startErr1ASSERT_VIOLATIONASSERT] ===
[2026-07-04 08:55:16,504 INFO  L156       PredicateUnifier]: Initialized classic predicate unifier
[2026-07-04 08:55:16,504 INFO  L85        PathProgramCache]: Analyzing trace with hash -500951745, now seen corresponding path program 1 times
[2026-07-04 08:55:16,504 INFO  L118   FreeRefinementEngine]: Executing refinement strategy FIXED_PREFERENCES
[2026-07-04 08:55:16,504 INFO  L324   FreeRefinementEngine]: Using trace check IpTcStrategyModulePreferences [2137070096]
[2026-07-04 08:55:16,504 INFO  L97    rtionOrderModulation]: Keeping assertion order NOT_INCREMENTALLY
[2026-07-04 08:55:16,504 INFO  L173          SolverBuilder]: Constructing external solver with command: z3 SMTLIB2_COMPLIANT=true -memory:2024 -smt2 -in
[2026-07-04 08:55:16,507 INFO  L189       MonitoredProcess]: No working directory specified, using /usr/bin/z3
[2026-07-04 08:55:16,508 INFO  L229       MonitoredProcess]: Starting monitored process 8 with /usr/bin/z3 SMTLIB2_COMPLIANT=true -memory:2024 -smt2 -in (exit command is (exit), workingDir is null)
[2026-07-04 08:55:16,525 INFO  L327       MonitoredProcess]: [MP /usr/bin/z3 SMTLIB2_COMPLIANT=true -memory:2024 -smt2 -in (8)] Waiting until timeout for monitored process
[2026-07-04 08:55:16,630 INFO  L108    AnnotateAndAsserter]: Assert order NOT_INCREMENTALLY partitioned 34 statements into 1 equivalence classes.
[2026-07-04 08:55:16,653 INFO  L111    AnnotateAndAsserter]: Assert order NOT_INCREMENTALLY issued 1 check-sat command(s) and asserted 34 of 34 statements.
[2026-07-04 08:55:16,653 INFO  L114    AnnotateAndAsserter]: Assert order NOT_INCREMENTALLY issued 1 check-sat command(s)
[2026-07-04 08:55:16,653 INFO  L115    AnnotateAndAsserter]: Conjunction of SSA is unsat
[2026-07-04 08:55:16,661 INFO  L256         TraceCheckSpWp]: Trace formula consists of 97 conjuncts, 2 conjuncts are in the unsatisfiable core
[2026-07-04 08:55:16,662 INFO  L279         TraceCheckSpWp]: Computing forward predicates...
[2026-07-04 08:55:16,707 INFO  L134       CoverageAnalysis]: Checked inductivity of 0 backedges. 0 proven. 0 refuted. 0 times theorem prover too weak. 0 trivial. 0 not checked.
[2026-07-04 08:55:16,708 INFO  L312         TraceCheckSpWp]: Computing backward predicates...
[2026-07-04 08:55:16,744 INFO  L134       CoverageAnalysis]: Checked inductivity of 0 backedges. 0 proven. 0 refuted. 0 times theorem prover too weak. 0 trivial. 0 not checked.
[2026-07-04 08:55:16,744 INFO  L136   FreeRefinementEngine]: Strategy FIXED_PREFERENCES found an infeasible trace
[2026-07-04 08:55:16,744 INFO  L324   FreeRefinementEngine]: Using interpolant generator IpTcStrategyModulePreferences [2137070096]
[2026-07-04 08:55:16,744 INFO  L158   FreeRefinementEngine]: IpTcStrategyModulePreferences [2137070096] provided 2 perfect and 0 imperfect interpolant sequences
[2026-07-04 08:55:16,744 INFO  L185   FreeRefinementEngine]: Found 2 perfect and 0 imperfect interpolant sequences.
[2026-07-04 08:55:16,744 INFO  L198   FreeRefinementEngine]: Number of different interpolants: perfect sequences [3, 3] imperfect sequences [] total 3
[2026-07-04 08:55:16,744 INFO  L121   tionRefinementEngine]: Using interpolant automaton builder IpAbStrategyModuleStraightlineAll [395499321]
[2026-07-04 08:55:16,744 INFO  L85    oduleStraightlineAll]: Using 2 perfect interpolants to construct interpolant automaton
[2026-07-04 08:55:16,752 INFO  L567      AbstractCegarLoop]: INTERPOLANT automaton has 3 states
[2026-07-04 08:55:16,752 INFO  L100   FreeRefinementEngine]: Using predicate unifier PredicateUnifier provided by strategy FIXED_PREFERENCES
[2026-07-04 08:55:16,752 INFO  L144   InterpolantAutomaton]: Constructing interpolant automaton starting with 3 interpolants.
[2026-07-04 08:55:16,752 INFO  L146   InterpolantAutomaton]: CoverageRelationStatistics Valid=3, Invalid=3, Unknown=0, NotChecked=0, Total=6
[2026-07-04 08:55:16,753 INFO  L87              Difference]: Start difference. First operand 92 states and 123 transitions. Second operand  has 3 states, 3 states have (on average 11.333333333333334) internal successors, (34), 3 states have internal predecessors, (34), 0 states have call successors, (0), 0 states have call predecessors, (0), 0 states have return successors, (0), 0 states have call predecessors, (0), 0 states have call successors, (0)
[2026-07-04 08:55:16,766 INFO  L144             Difference]: Subtrahend was deterministic. Have not used determinization.
[2026-07-04 08:55:16,766 INFO  L93              Difference]: Finished difference Result 103 states and 136 transitions.
[2026-07-04 08:55:16,766 INFO  L140   InterpolantAutomaton]: Switched to read-only mode: deterministic interpolant automaton has 3 states. 
[2026-07-04 08:55:16,766 INFO  L79                 Accepts]: Start accepts. Automaton has  has 3 states, 3 states have (on average 11.333333333333334) internal successors, (34), 3 states have internal predecessors, (34), 0 states have call successors, (0), 0 states have call predecessors, (0), 0 states have return successors, (0), 0 states have call predecessors, (0), 0 states have call successors, (0) Word has length 34
[2026-07-04 08:55:16,766 INFO  L85                 Accepts]: Finished accepts. some prefix is accepted.
[2026-07-04 08:55:16,767 INFO  L225             Difference]: With dead ends: 103
[2026-07-04 08:55:16,767 INFO  L226             Difference]: Without dead ends: 92
[2026-07-04 08:55:16,767 INFO  L425           NwaCegarLoop]: 0 DeclaredPredicates, 66 GetRequests, 65 SyntacticMatches, 0 SemanticMatches, 1 ConstructedPredicates, 0 IntricatePredicates, 0 DeprecatedPredicates, 0 ImplicationChecksByTransitivity, 0.0s TimeCoverageRelationStatistics Valid=3, Invalid=3, Unknown=0, NotChecked=0, Total=6
[2026-07-04 08:55:16,768 INFO  L426           NwaCegarLoop]: 84 mSDtfsCounter, 63 mSDsluCounter, 0 mSDsCounter, 0 mSdLazyCounter, 1 mSolverCounterSat, 2 mSolverCounterUnsat, 0 mSolverCounterUnknown, 0 mSolverCounterNotChecked, 0.0s Time, 0 mProtectedPredicate, 0 mProtectedAction, 63 SdHoareTripleChecker+Valid, 84 SdHoareTripleChecker+Invalid, 3 SdHoareTripleChecker+Unknown, 0 SdHoareTripleChecker+Unchecked, 0.0s SdHoareTripleChecker+Time, 2 IncrementalHoareTripleChecker+Valid, 1 IncrementalHoareTripleChecker+Invalid, 0 IncrementalHoareTripleChecker+Unknown, 0 IncrementalHoareTripleChecker+Unchecked, 0.0s IncrementalHoareTripleChecker+Time
[2026-07-04 08:55:16,768 INFO  L427           NwaCegarLoop]: SdHoareTripleChecker [63 Valid, 84 Invalid, 3 Unknown, 0 Unchecked, 0.0s Time], IncrementalHoareTripleChecker [2 Valid, 1 Invalid, 0 Unknown, 0 Unchecked, 0.0s Time]
[2026-07-04 08:55:16,768 INFO  L82        GeneralOperation]: Start minimizeSevpa. Operand 92 states.
[2026-07-04 08:55:16,770 INFO  L88        GeneralOperation]: Finished minimizeSevpa. Reduced states from 92 to 92.
[2026-07-04 08:55:16,770 INFO  L82        GeneralOperation]: Start removeUnreachable. Operand  has 92 states, 89 states have (on average 1.348314606741573) internal successors, (120), 89 states have internal predecessors, (120), 1 states have call successors, (1), 1 states have call predecessors, (1), 1 states have return successors, (1), 1 states have call predecessors, (1), 1 states have call successors, (1)
[2026-07-04 08:55:16,771 INFO  L88        GeneralOperation]: Finished removeUnreachable. Reduced from 92 states to 92 states and 122 transitions.
[2026-07-04 08:55:16,771 INFO  L79                 Accepts]: Start accepts. Automaton has 92 states and 122 transitions. Word has length 34
[2026-07-04 08:55:16,771 INFO  L85                 Accepts]: Finished accepts. word is rejected.
[2026-07-04 08:55:16,771 INFO  L490      AbstractCegarLoop]: Abstraction has 92 states and 122 transitions.
[2026-07-04 08:55:16,771 INFO  L491      AbstractCegarLoop]: INTERPOLANT automaton has  has 3 states, 3 states have (on average 11.333333333333334) internal successors, (34), 3 states have internal predecessors, (34), 0 states have call successors, (0), 0 states have call predecessors, (0), 0 states have return successors, (0), 0 states have call predecessors, (0), 0 states have call successors, (0)
[2026-07-04 08:55:16,771 INFO  L278                IsEmpty]: Start isEmpty. Operand 92 states and 122 transitions.
[2026-07-04 08:55:16,771 INFO  L284                IsEmpty]: Finished isEmpty. Found accepting run of length 35
[2026-07-04 08:55:16,771 INFO  L199           NwaCegarLoop]: Found error trace
[2026-07-04 08:55:16,772 INFO  L207           NwaCegarLoop]: trace histogram [1, 1, 1, 1, 1, 1, 1, 1, 1, 1, 1, 1, 1, 1, 1, 1, 1, 1, 1, 1, 1, 1, 1, 1, 1, 1, 1, 1, 1, 1, 1, 1, 1, 1]
[2026-07-04 08:55:16,790 INFO  L546       MonitoredProcess]: [MP /usr/bin/z3 SMTLIB2_COMPLIANT=true -memory:2024 -smt2 -in (8)] Ended with exit code 0
[2026-07-04 08:55:16,981 WARN  L471      AbstractCegarLoop]: Destroyed unattended storables created during the last iteration: 8 /usr/bin/z3 SMTLIB2_COMPLIANT=true -memory:2024 -smt2 -in
[2026-07-04 08:55:16,981 INFO  L408      AbstractCegarLoop]: === Iteration 8 === Targeting ULTIMATE.startErr1ASSERT_VIOLATIONASSERT === [ULTIMATE.startErr0ASSERT_VIOLATIONASSERT, ULTIMATE.startErr1ASSERT_VIOLATIONASSERT] ===
[2026-07-04 08:55:16,981 INFO  L156       PredicateUnifier]: Initialized classic predicate unifier
[2026-07-04 08:55:16,982 INFO  L85        PathProgramCache]: Analyzing trace with hash 200112833, now seen corresponding path program 1 times
[2026-07-04 08:55:16,982 INFO  L118   FreeRefinementEngine]: Executing refinement strategy FIXED_PREFERENCES
[2026-07-04 08:55:16,982 INFO  L324   FreeRefinementEngine]: Using trace check IpTcStrategyModulePreferences [367334981]
[2026-07-04 08:55:16,982 INFO  L97    rtionOrderModulation]: Keeping assertion order NOT_INCREMENTALLY
[2026-07-04 08:55:16,982 INFO  L173          SolverBuilder]: Constructing external solver with command: z3 SMTLIB2_COMPLIANT=true -memory:2024 -smt2 -in
[2026-07-04 08:55:16,984 INFO  L189       MonitoredProcess]: No working directory specified, using /usr/bin/z3
[2026-07-04 08:55:16,985 INFO  L229       MonitoredProcess]: Starting monitored process 9 with /usr/bin/z3 SMTLIB2_COMPLIANT=true -memory:2024 -smt2 -in (exit command is (exit), workingDir is null)
[2026-07-04 08:55:16,988 INFO  L327       MonitoredProcess]: [MP /usr/bin/z3 SMTLIB2_COMPLIANT=true -memory:2024 -smt2 -in (9)] Waiting until timeout for monitored process
[2026-07-04 08:55:17,072 INFO  L108    AnnotateAndAsserter]: Assert order NOT_INCREMENTALLY partitioned 34 statements into 1 equivalence classes.
[2026-07-04 08:55:17,088 INFO  L111    AnnotateAndAsserter]: Assert order NOT_INCREMENTALLY issued 1 check-sat command(s) and asserted 34 of 34 statements.
[2026-07-04 08:55:17,088 INFO  L114    AnnotateAndAsserter]: Assert order NOT_INCREMENTALLY issued 1 check-sat command(s)
[2026-07-04 08:55:17,088 INFO  L115    AnnotateAndAsserter]: Conjunction of SSA is unsat
[2026-07-04 08:55:17,089 INFO  L256         TraceCheckSpWp]: Trace formula consists of 93 conjuncts, 2 conjuncts are in the unsatisfiable core
[2026-07-04 08:55:17,089 INFO  L279         TraceCheckSpWp]: Computing forward predicates...
[2026-07-04 08:55:17,136 INFO  L134       CoverageAnalysis]: Checked inductivity of 0 backedges. 0 proven. 0 refuted. 0 times theorem prover too weak. 0 trivial. 0 not checked.
[2026-07-04 08:55:17,136 INFO  L312         TraceCheckSpWp]: Computing backward predicates...
[2026-07-04 08:55:17,169 INFO  L134       CoverageAnalysis]: Checked inductivity of 0 backedges. 0 proven. 0 refuted. 0 times theorem prover too weak. 0 trivial. 0 not checked.
[2026-07-04 08:55:17,169 INFO  L136   FreeRefinementEngine]: Strategy FIXED_PREFERENCES found an infeasible trace
[2026-07-04 08:55:17,169 INFO  L324   FreeRefinementEngine]: Using interpolant generator IpTcStrategyModulePreferences [367334981]
[2026-07-04 08:55:17,170 INFO  L158   FreeRefinementEngine]: IpTcStrategyModulePreferences [367334981] provided 2 perfect and 0 imperfect interpolant sequences
[2026-07-04 08:55:17,170 INFO  L185   FreeRefinementEngine]: Found 2 perfect and 0 imperfect interpolant sequences.
[2026-07-04 08:55:17,170 INFO  L198   FreeRefinementEngine]: Number of different interpolants: perfect sequences [3, 3] imperfect sequences [] total 3
[2026-07-04 08:55:17,170 INFO  L121   tionRefinementEngine]: Using interpolant automaton builder IpAbStrategyModuleStraightlineAll [534354110]
[2026-07-04 08:55:17,170 INFO  L85    oduleStraightlineAll]: Using 2 perfect interpolants to construct interpolant automaton
[2026-07-04 08:55:17,170 INFO  L567      AbstractCegarLoop]: INTERPOLANT automaton has 3 states
[2026-07-04 08:55:17,170 INFO  L100   FreeRefinementEngine]: Using predicate unifier PredicateUnifier provided by strategy FIXED_PREFERENCES
[2026-07-04 08:55:17,170 INFO  L144   InterpolantAutomaton]: Constructing interpolant automaton starting with 3 interpolants.
[2026-07-04 08:55:17,170 INFO  L146   InterpolantAutomaton]: CoverageRelationStatistics Valid=3, Invalid=3, Unknown=0, NotChecked=0, Total=6
[2026-07-04 08:55:17,170 INFO  L87              Difference]: Start difference. First operand 92 states and 122 transitions. Second operand  has 3 states, 3 states have (on average 11.333333333333334) internal successors, (34), 3 states have internal predecessors, (34), 0 states have call successors, (0), 0 states have call predecessors, (0), 0 states have return successors, (0), 0 states have call predecessors, (0), 0 states have call successors, (0)
[2026-07-04 08:55:17,181 INFO  L144             Difference]: Subtrahend was deterministic. Have not used determinization.
[2026-07-04 08:55:17,181 INFO  L93              Difference]: Finished difference Result 99 states and 129 transitions.
[2026-07-04 08:55:17,182 INFO  L140   InterpolantAutomaton]: Switched to read-only mode: deterministic interpolant automaton has 3 states. 
[2026-07-04 08:55:17,182 INFO  L79                 Accepts]: Start accepts. Automaton has  has 3 states, 3 states have (on average 11.333333333333334) internal successors, (34), 3 states have internal predecessors, (34), 0 states have call successors, (0), 0 states have call predecessors, (0), 0 states have return successors, (0), 0 states have call predecessors, (0), 0 states have call successors, (0) Word has length 34
[2026-07-04 08:55:17,182 INFO  L85                 Accepts]: Finished accepts. some prefix is accepted.
[2026-07-04 08:55:17,182 INFO  L225             Difference]: With dead ends: 99
[2026-07-04 08:55:17,183 INFO  L226             Difference]: Without dead ends: 92
[2026-07-04 08:55:17,183 INFO  L425           NwaCegarLoop]: 0 DeclaredPredicates, 66 GetRequests, 65 SyntacticMatches, 0 SemanticMatches, 1 ConstructedPredicates, 0 IntricatePredicates, 0 DeprecatedPredicates, 0 ImplicationChecksByTransitivity, 0.0s TimeCoverageRelationStatistics Valid=3, Invalid=3, Unknown=0, NotChecked=0, Total=6
[2026-07-04 08:55:17,183 INFO  L426           NwaCegarLoop]: 83 mSDtfsCounter, 58 mSDsluCounter, 0 mSDsCounter, 0 mSdLazyCounter, 1 mSolverCounterSat, 2 mSolverCounterUnsat, 0 mSolverCounterUnknown, 0 mSolverCounterNotChecked, 0.0s Time, 0 mProtectedPredicate, 0 mProtectedAction, 58 SdHoareTripleChecker+Valid, 83 SdHoareTripleChecker+Invalid, 3 SdHoareTripleChecker+Unknown, 0 SdHoareTripleChecker+Unchecked, 0.0s SdHoareTripleChecker+Time, 2 IncrementalHoareTripleChecker+Valid, 1 IncrementalHoareTripleChecker+Invalid, 0 IncrementalHoareTripleChecker+Unknown, 0 IncrementalHoareTripleChecker+Unchecked, 0.0s IncrementalHoareTripleChecker+Time
[2026-07-04 08:55:17,183 INFO  L427           NwaCegarLoop]: SdHoareTripleChecker [58 Valid, 83 Invalid, 3 Unknown, 0 Unchecked, 0.0s Time], IncrementalHoareTripleChecker [2 Valid, 1 Invalid, 0 Unknown, 0 Unchecked, 0.0s Time]
[2026-07-04 08:55:17,184 INFO  L82        GeneralOperation]: Start minimizeSevpa. Operand 92 states.
[2026-07-04 08:55:17,186 INFO  L88        GeneralOperation]: Finished minimizeSevpa. Reduced states from 92 to 92.
[2026-07-04 08:55:17,186 INFO  L82        GeneralOperation]: Start removeUnreachable. Operand  has 92 states, 89 states have (on average 1.3370786516853932) internal successors, (119), 89 states have internal predecessors, (119), 1 states have call successors, (1), 1 states have call predecessors, (1), 1 states have return successors, (1), 1 states have call predecessors, (1), 1 states have call successors, (1)
[2026-07-04 08:55:17,186 INFO  L88        GeneralOperation]: Finished removeUnreachable. Reduced from 92 states to 92 states and 121 transitions.
[2026-07-04 08:55:17,186 INFO  L79                 Accepts]: Start accepts. Automaton has 92 states and 121 transitions. Word has length 34
[2026-07-04 08:55:17,186 INFO  L85                 Accepts]: Finished accepts. word is rejected.
[2026-07-04 08:55:17,186 INFO  L490      AbstractCegarLoop]: Abstraction has 92 states and 121 transitions.
[2026-07-04 08:55:17,186 INFO  L491      AbstractCegarLoop]: INTERPOLANT automaton has  has 3 states, 3 states have (on average 11.333333333333334) internal successors, (34), 3 states have internal predecessors, (34), 0 states have call successors, (0), 0 states have call predecessors, (0), 0 states have return successors, (0), 0 states have call predecessors, (0), 0 states have call successors, (0)
[2026-07-04 08:55:17,186 INFO  L278                IsEmpty]: Start isEmpty. Operand 92 states and 121 transitions.
[2026-07-04 08:55:17,187 INFO  L284                IsEmpty]: Finished isEmpty. Found accepting run of length 35
[2026-07-04 08:55:17,187 INFO  L199           NwaCegarLoop]: Found error trace
[2026-07-04 08:55:17,187 INFO  L207           NwaCegarLoop]: trace histogram [1, 1, 1, 1, 1, 1, 1, 1, 1, 1, 1, 1, 1, 1, 1, 1, 1, 1, 1, 1, 1, 1, 1, 1, 1, 1, 1, 1, 1, 1, 1, 1, 1, 1]
[2026-07-04 08:55:17,205 INFO  L546       MonitoredProcess]: [MP /usr/bin/z3 SMTLIB2_COMPLIANT=true -memory:2024 -smt2 -in (9)] Ended with exit code 0
[2026-07-04 08:55:17,396 WARN  L471      AbstractCegarLoop]: Destroyed unattended storables created during the last iteration: 9 /usr/bin/z3 SMTLIB2_COMPLIANT=true -memory:2024 -smt2 -in
[2026-07-04 08:55:17,397 INFO  L408      AbstractCegarLoop]: === Iteration 9 === Targeting ULTIMATE.startErr1ASSERT_VIOLATIONASSERT === [ULTIMATE.startErr0ASSERT_VIOLATIONASSERT, ULTIMATE.startErr1ASSERT_VIOLATIONASSERT] ===
[2026-07-04 08:55:17,397 INFO  L156       PredicateUnifier]: Initialized classic predicate unifier
[2026-07-04 08:55:17,397 INFO  L85        PathProgramCache]: Analyzing trace with hash 1975120195, now seen corresponding path program 1 times
[2026-07-04 08:55:17,397 INFO  L118   FreeRefinementEngine]: Executing refinement strategy FIXED_PREFERENCES
[2026-07-04 08:55:17,397 INFO  L324   FreeRefinementEngine]: Using trace check IpTcStrategyModulePreferences [1780737591]
[2026-07-04 08:55:17,397 INFO  L97    rtionOrderModulation]: Keeping assertion order NOT_INCREMENTALLY
[2026-07-04 08:55:17,397 INFO  L173          SolverBuilder]: Constructing external solver with command: z3 SMTLIB2_COMPLIANT=true -memory:2024 -smt2 -in
[2026-07-04 08:55:17,399 INFO  L189       MonitoredProcess]: No working directory specified, using /usr/bin/z3
[2026-07-04 08:55:17,400 INFO  L229       MonitoredProcess]: Starting monitored process 10 with /usr/bin/z3 SMTLIB2_COMPLIANT=true -memory:2024 -smt2 -in (exit command is (exit), workingDir is null)
[2026-07-04 08:55:17,403 INFO  L327       MonitoredProcess]: [MP /usr/bin/z3 SMTLIB2_COMPLIANT=true -memory:2024 -smt2 -in (10)] Waiting until timeout for monitored process
[2026-07-04 08:55:17,483 INFO  L108    AnnotateAndAsserter]: Assert order NOT_INCREMENTALLY partitioned 34 statements into 1 equivalence classes.
[2026-07-04 08:55:17,500 INFO  L111    AnnotateAndAsserter]: Assert order NOT_INCREMENTALLY issued 1 check-sat command(s) and asserted 34 of 34 statements.
[2026-07-04 08:55:17,500 INFO  L114    AnnotateAndAsserter]: Assert order NOT_INCREMENTALLY issued 1 check-sat command(s)
[2026-07-04 08:55:17,500 INFO  L115    AnnotateAndAsserter]: Conjunction of SSA is unsat
[2026-07-04 08:55:17,501 INFO  L256         TraceCheckSpWp]: Trace formula consists of 89 conjuncts, 2 conjuncts are in the unsatisfiable core
[2026-07-04 08:55:17,501 INFO  L279         TraceCheckSpWp]: Computing forward predicates...
[2026-07-04 08:55:17,538 INFO  L134       CoverageAnalysis]: Checked inductivity of 0 backedges. 0 proven. 0 refuted. 0 times theorem prover too weak. 0 trivial. 0 not checked.
[2026-07-04 08:55:17,538 INFO  L312         TraceCheckSpWp]: Computing backward predicates...
[2026-07-04 08:55:17,576 INFO  L134       CoverageAnalysis]: Checked inductivity of 0 backedges. 0 proven. 0 refuted. 0 times theorem prover too weak. 0 trivial. 0 not checked.
[2026-07-04 08:55:17,577 INFO  L136   FreeRefinementEngine]: Strategy FIXED_PREFERENCES found an infeasible trace
[2026-07-04 08:55:17,577 INFO  L324   FreeRefinementEngine]: Using interpolant generator IpTcStrategyModulePreferences [1780737591]
[2026-07-04 08:55:17,577 INFO  L158   FreeRefinementEngine]: IpTcStrategyModulePreferences [1780737591] provided 2 perfect and 0 imperfect interpolant sequences
[2026-07-04 08:55:17,577 INFO  L185   FreeRefinementEngine]: Found 2 perfect and 0 imperfect interpolant sequences.
[2026-07-04 08:55:17,577 INFO  L198   FreeRefinementEngine]: Number of different interpolants: perfect sequences [3, 3] imperfect sequences [] total 4
[2026-07-04 08:55:17,577 INFO  L121   tionRefinementEngine]: Using interpolant automaton builder IpAbStrategyModuleStraightlineAll [2061917179]
[2026-07-04 08:55:17,577 INFO  L85    oduleStraightlineAll]: Using 2 perfect interpolants to construct interpolant automaton
[2026-07-04 08:55:17,577 INFO  L567      AbstractCegarLoop]: INTERPOLANT automaton has 4 states
[2026-07-04 08:55:17,577 INFO  L100   FreeRefinementEngine]: Using predicate unifier PredicateUnifier provided by strategy FIXED_PREFERENCES
[2026-07-04 08:55:17,577 INFO  L144   InterpolantAutomaton]: Constructing interpolant automaton starting with 4 interpolants.
[2026-07-04 08:55:17,577 INFO  L146   InterpolantAutomaton]: CoverageRelationStatistics Valid=6, Invalid=6, Unknown=0, NotChecked=0, Total=12
[2026-07-04 08:55:17,577 INFO  L87              Difference]: Start difference. First operand 92 states and 121 transitions. Second operand  has 4 states, 4 states have (on average 13.25) internal successors, (53), 4 states have internal predecessors, (53), 0 states have call successors, (0), 0 states have call predecessors, (0), 0 states have return successors, (0), 0 states have call predecessors, (0), 0 states have call successors, (0)
[2026-07-04 08:55:17,601 INFO  L144             Difference]: Subtrahend was deterministic. Have not used determinization.
[2026-07-04 08:55:17,601 INFO  L93              Difference]: Finished difference Result 160 states and 200 transitions.
[2026-07-04 08:55:17,601 INFO  L140   InterpolantAutomaton]: Switched to read-only mode: deterministic interpolant automaton has 4 states. 
[2026-07-04 08:55:17,601 INFO  L79                 Accepts]: Start accepts. Automaton has  has 4 states, 4 states have (on average 13.25) internal successors, (53), 4 states have internal predecessors, (53), 0 states have call successors, (0), 0 states have call predecessors, (0), 0 states have return successors, (0), 0 states have call predecessors, (0), 0 states have call successors, (0) Word has length 34
[2026-07-04 08:55:17,601 INFO  L85                 Accepts]: Finished accepts. some prefix is accepted.
[2026-07-04 08:55:17,601 INFO  L225             Difference]: With dead ends: 160
[2026-07-04 08:55:17,602 INFO  L226             Difference]: Without dead ends: 138
[2026-07-04 08:55:17,602 INFO  L425           NwaCegarLoop]: 0 DeclaredPredicates, 66 GetRequests, 64 SyntacticMatches, 0 SemanticMatches, 2 ConstructedPredicates, 0 IntricatePredicates, 0 DeprecatedPredicates, 0 ImplicationChecksByTransitivity, 0.0s TimeCoverageRelationStatistics Valid=6, Invalid=6, Unknown=0, NotChecked=0, Total=12
[2026-07-04 08:55:17,602 INFO  L426           NwaCegarLoop]: 82 mSDtfsCounter, 25 mSDsluCounter, 100 mSDsCounter, 0 mSdLazyCounter, 10 mSolverCounterSat, 4 mSolverCounterUnsat, 0 mSolverCounterUnknown, 0 mSolverCounterNotChecked, 0.0s Time, 0 mProtectedPredicate, 0 mProtectedAction, 25 SdHoareTripleChecker+Valid, 182 SdHoareTripleChecker+Invalid, 14 SdHoareTripleChecker+Unknown, 0 SdHoareTripleChecker+Unchecked, 0.0s SdHoareTripleChecker+Time, 4 IncrementalHoareTripleChecker+Valid, 10 IncrementalHoareTripleChecker+Invalid, 0 IncrementalHoareTripleChecker+Unknown, 0 IncrementalHoareTripleChecker+Unchecked, 0.0s IncrementalHoareTripleChecker+Time
[2026-07-04 08:55:17,602 INFO  L427           NwaCegarLoop]: SdHoareTripleChecker [25 Valid, 182 Invalid, 14 Unknown, 0 Unchecked, 0.0s Time], IncrementalHoareTripleChecker [4 Valid, 10 Invalid, 0 Unknown, 0 Unchecked, 0.0s Time]
[2026-07-04 08:55:17,602 INFO  L82        GeneralOperation]: Start minimizeSevpa. Operand 138 states.
[2026-07-04 08:55:17,605 INFO  L88        GeneralOperation]: Finished minimizeSevpa. Reduced states from 138 to 110.
[2026-07-04 08:55:17,605 INFO  L82        GeneralOperation]: Start removeUnreachable. Operand  has 110 states, 107 states have (on average 1.308411214953271) internal successors, (140), 107 states have internal predecessors, (140), 1 states have call successors, (1), 1 states have call predecessors, (1), 1 states have return successors, (1), 1 states have call predecessors, (1), 1 states have call successors, (1)
[2026-07-04 08:55:17,605 INFO  L88        GeneralOperation]: Finished removeUnreachable. Reduced from 110 states to 110 states and 142 transitions.
[2026-07-04 08:55:17,605 INFO  L79                 Accepts]: Start accepts. Automaton has 110 states and 142 transitions. Word has length 34
[2026-07-04 08:55:17,605 INFO  L85                 Accepts]: Finished accepts. word is rejected.
[2026-07-04 08:55:17,605 INFO  L490      AbstractCegarLoop]: Abstraction has 110 states and 142 transitions.
[2026-07-04 08:55:17,605 INFO  L491      AbstractCegarLoop]: INTERPOLANT automaton has  has 4 states, 4 states have (on average 13.25) internal successors, (53), 4 states have internal predecessors, (53), 0 states have call successors, (0), 0 states have call predecessors, (0), 0 states have return successors, (0), 0 states have call predecessors, (0), 0 states have call successors, (0)
[2026-07-04 08:55:17,605 INFO  L278                IsEmpty]: Start isEmpty. Operand 110 states and 142 transitions.
[2026-07-04 08:55:17,606 INFO  L284                IsEmpty]: Finished isEmpty. Found accepting run of length 35
[2026-07-04 08:55:17,606 INFO  L199           NwaCegarLoop]: Found error trace
[2026-07-04 08:55:17,606 INFO  L207           NwaCegarLoop]: trace histogram [1, 1, 1, 1, 1, 1, 1, 1, 1, 1, 1, 1, 1, 1, 1, 1, 1, 1, 1, 1, 1, 1, 1, 1, 1, 1, 1, 1, 1, 1, 1, 1, 1, 1]
[2026-07-04 08:55:17,620 INFO  L546       MonitoredProcess]: [MP /usr/bin/z3 SMTLIB2_COMPLIANT=true -memory:2024 -smt2 -in (10)] Ended with exit code 0
[2026-07-04 08:55:17,819 WARN  L471      AbstractCegarLoop]: Destroyed unattended storables created during the last iteration: 10 /usr/bin/z3 SMTLIB2_COMPLIANT=true -memory:2024 -smt2 -in
[2026-07-04 08:55:17,820 INFO  L408      AbstractCegarLoop]: === Iteration 10 === Targeting ULTIMATE.startErr1ASSERT_VIOLATIONASSERT === [ULTIMATE.startErr0ASSERT_VIOLATIONASSERT, ULTIMATE.startErr1ASSERT_VIOLATIONASSERT] ===
[2026-07-04 08:55:17,820 INFO  L156       PredicateUnifier]: Initialized classic predicate unifier
[2026-07-04 08:55:17,821 INFO  L85        PathProgramCache]: Analyzing trace with hash 1976967237, now seen corresponding path program 1 times
[2026-07-04 08:55:17,821 INFO  L118   FreeRefinementEngine]: Executing refinement strategy FIXED_PREFERENCES
[2026-07-04 08:55:17,821 INFO  L324   FreeRefinementEngine]: Using trace check IpTcStrategyModulePreferences [1326623351]
[2026-07-04 08:55:17,821 INFO  L97    rtionOrderModulation]: Keeping assertion order NOT_INCREMENTALLY
[2026-07-04 08:55:17,821 INFO  L173          SolverBuilder]: Constructing external solver with command: z3 SMTLIB2_COMPLIANT=true -memory:2024 -smt2 -in
[2026-07-04 08:55:17,823 INFO  L189       MonitoredProcess]: No working directory specified, using /usr/bin/z3
[2026-07-04 08:55:17,824 INFO  L229       MonitoredProcess]: Starting monitored process 11 with /usr/bin/z3 SMTLIB2_COMPLIANT=true -memory:2024 -smt2 -in (exit command is (exit), workingDir is null)
[2026-07-04 08:55:17,827 INFO  L327       MonitoredProcess]: [MP /usr/bin/z3 SMTLIB2_COMPLIANT=true -memory:2024 -smt2 -in (11)] Waiting until timeout for monitored process
[2026-07-04 08:55:17,898 INFO  L108    AnnotateAndAsserter]: Assert order NOT_INCREMENTALLY partitioned 34 statements into 1 equivalence classes.
[2026-07-04 08:55:17,906 INFO  L111    AnnotateAndAsserter]: Assert order NOT_INCREMENTALLY issued 1 check-sat command(s) and asserted 34 of 34 statements.
[2026-07-04 08:55:17,906 INFO  L114    AnnotateAndAsserter]: Assert order NOT_INCREMENTALLY issued 1 check-sat command(s)
[2026-07-04 08:55:17,906 INFO  L115    AnnotateAndAsserter]: Conjunction of SSA is unsat
[2026-07-04 08:55:17,912 INFO  L256         TraceCheckSpWp]: Trace formula consists of 89 conjuncts, 2 conjuncts are in the unsatisfiable core
[2026-07-04 08:55:17,913 INFO  L279         TraceCheckSpWp]: Computing forward predicates...
[2026-07-04 08:55:17,965 INFO  L134       CoverageAnalysis]: Checked inductivity of 0 backedges. 0 proven. 0 refuted. 0 times theorem prover too weak. 0 trivial. 0 not checked.
[2026-07-04 08:55:17,965 INFO  L312         TraceCheckSpWp]: Computing backward predicates...
[2026-07-04 08:55:18,005 INFO  L134       CoverageAnalysis]: Checked inductivity of 0 backedges. 0 proven. 0 refuted. 0 times theorem prover too weak. 0 trivial. 0 not checked.
[2026-07-04 08:55:18,006 INFO  L136   FreeRefinementEngine]: Strategy FIXED_PREFERENCES found an infeasible trace
[2026-07-04 08:55:18,006 INFO  L324   FreeRefinementEngine]: Using interpolant generator IpTcStrategyModulePreferences [1326623351]
[2026-07-04 08:55:18,006 INFO  L158   FreeRefinementEngine]: IpTcStrategyModulePreferences [1326623351] provided 2 perfect and 0 imperfect interpolant sequences
[2026-07-04 08:55:18,006 INFO  L185   FreeRefinementEngine]: Found 2 perfect and 0 imperfect interpolant sequences.
[2026-07-04 08:55:18,006 INFO  L198   FreeRefinementEngine]: Number of different interpolants: perfect sequences [3, 3] imperfect sequences [] total 4
[2026-07-04 08:55:18,006 INFO  L121   tionRefinementEngine]: Using interpolant automaton builder IpAbStrategyModuleStraightlineAll [382059801]
[2026-07-04 08:55:18,006 INFO  L85    oduleStraightlineAll]: Using 2 perfect interpolants to construct interpolant automaton
[2026-07-04 08:55:18,006 INFO  L567      AbstractCegarLoop]: INTERPOLANT automaton has 4 states
[2026-07-04 08:55:18,006 INFO  L100   FreeRefinementEngine]: Using predicate unifier PredicateUnifier provided by strategy FIXED_PREFERENCES
[2026-07-04 08:55:18,006 INFO  L144   InterpolantAutomaton]: Constructing interpolant automaton starting with 4 interpolants.
[2026-07-04 08:55:18,006 INFO  L146   InterpolantAutomaton]: CoverageRelationStatistics Valid=6, Invalid=6, Unknown=0, NotChecked=0, Total=12
[2026-07-04 08:55:18,006 INFO  L87              Difference]: Start difference. First operand 110 states and 142 transitions. Second operand  has 4 states, 4 states have (on average 13.75) internal successors, (55), 4 states have internal predecessors, (55), 0 states have call successors, (0), 0 states have call predecessors, (0), 0 states have return successors, (0), 0 states have call predecessors, (0), 0 states have call successors, (0)
[2026-07-04 08:55:18,022 INFO  L144             Difference]: Subtrahend was deterministic. Have not used determinization.
[2026-07-04 08:55:18,022 INFO  L93              Difference]: Finished difference Result 146 states and 182 transitions.
[2026-07-04 08:55:18,022 INFO  L140   InterpolantAutomaton]: Switched to read-only mode: deterministic interpolant automaton has 4 states. 
[2026-07-04 08:55:18,022 INFO  L79                 Accepts]: Start accepts. Automaton has  has 4 states, 4 states have (on average 13.75) internal successors, (55), 4 states have internal predecessors, (55), 0 states have call successors, (0), 0 states have call predecessors, (0), 0 states have return successors, (0), 0 states have call predecessors, (0), 0 states have call successors, (0) Word has length 34
[2026-07-04 08:55:18,022 INFO  L85                 Accepts]: Finished accepts. some prefix is accepted.
[2026-07-04 08:55:18,023 INFO  L225             Difference]: With dead ends: 146
[2026-07-04 08:55:18,023 INFO  L226             Difference]: Without dead ends: 99
[2026-07-04 08:55:18,023 INFO  L425           NwaCegarLoop]: 0 DeclaredPredicates, 66 GetRequests, 64 SyntacticMatches, 0 SemanticMatches, 2 ConstructedPredicates, 0 IntricatePredicates, 0 DeprecatedPredicates, 0 ImplicationChecksByTransitivity, 0.0s TimeCoverageRelationStatistics Valid=6, Invalid=6, Unknown=0, NotChecked=0, Total=12
[2026-07-04 08:55:18,023 INFO  L426           NwaCegarLoop]: 84 mSDtfsCounter, 9 mSDsluCounter, 158 mSDsCounter, 0 mSdLazyCounter, 7 mSolverCounterSat, 1 mSolverCounterUnsat, 0 mSolverCounterUnknown, 0 mSolverCounterNotChecked, 0.0s Time, 0 mProtectedPredicate, 0 mProtectedAction, 9 SdHoareTripleChecker+Valid, 242 SdHoareTripleChecker+Invalid, 8 SdHoareTripleChecker+Unknown, 0 SdHoareTripleChecker+Unchecked, 0.0s SdHoareTripleChecker+Time, 1 IncrementalHoareTripleChecker+Valid, 7 IncrementalHoareTripleChecker+Invalid, 0 IncrementalHoareTripleChecker+Unknown, 0 IncrementalHoareTripleChecker+Unchecked, 0.0s IncrementalHoareTripleChecker+Time
[2026-07-04 08:55:18,023 INFO  L427           NwaCegarLoop]: SdHoareTripleChecker [9 Valid, 242 Invalid, 8 Unknown, 0 Unchecked, 0.0s Time], IncrementalHoareTripleChecker [1 Valid, 7 Invalid, 0 Unknown, 0 Unchecked, 0.0s Time]
[2026-07-04 08:55:18,023 INFO  L82        GeneralOperation]: Start minimizeSevpa. Operand 99 states.
[2026-07-04 08:55:18,025 INFO  L88        GeneralOperation]: Finished minimizeSevpa. Reduced states from 99 to 80.
[2026-07-04 08:55:18,025 INFO  L82        GeneralOperation]: Start removeUnreachable. Operand  has 80 states, 77 states have (on average 1.2467532467532467) internal successors, (96), 77 states have internal predecessors, (96), 1 states have call successors, (1), 1 states have call predecessors, (1), 1 states have return successors, (1), 1 states have call predecessors, (1), 1 states have call successors, (1)
[2026-07-04 08:55:18,026 INFO  L88        GeneralOperation]: Finished removeUnreachable. Reduced from 80 states to 80 states and 98 transitions.
[2026-07-04 08:55:18,026 INFO  L79                 Accepts]: Start accepts. Automaton has 80 states and 98 transitions. Word has length 34
[2026-07-04 08:55:18,026 INFO  L85                 Accepts]: Finished accepts. word is rejected.
[2026-07-04 08:55:18,026 INFO  L490      AbstractCegarLoop]: Abstraction has 80 states and 98 transitions.
[2026-07-04 08:55:18,026 INFO  L491      AbstractCegarLoop]: INTERPOLANT automaton has  has 4 states, 4 states have (on average 13.75) internal successors, (55), 4 states have internal predecessors, (55), 0 states have call successors, (0), 0 states have call predecessors, (0), 0 states have return successors, (0), 0 states have call predecessors, (0), 0 states have call successors, (0)
[2026-07-04 08:55:18,026 INFO  L278                IsEmpty]: Start isEmpty. Operand 80 states and 98 transitions.
[2026-07-04 08:55:18,026 INFO  L284                IsEmpty]: Finished isEmpty. Found accepting run of length 36
[2026-07-04 08:55:18,026 INFO  L199           NwaCegarLoop]: Found error trace
[2026-07-04 08:55:18,026 INFO  L207           NwaCegarLoop]: trace histogram [1, 1, 1, 1, 1, 1, 1, 1, 1, 1, 1, 1, 1, 1, 1, 1, 1, 1, 1, 1, 1, 1, 1, 1, 1, 1, 1, 1, 1, 1, 1, 1, 1, 1, 1]
[2026-07-04 08:55:18,049 INFO  L546       MonitoredProcess]: [MP /usr/bin/z3 SMTLIB2_COMPLIANT=true -memory:2024 -smt2 -in (11)] Ended with exit code 0
[2026-07-04 08:55:18,240 WARN  L471      AbstractCegarLoop]: Destroyed unattended storables created during the last iteration: 11 /usr/bin/z3 SMTLIB2_COMPLIANT=true -memory:2024 -smt2 -in
[2026-07-04 08:55:18,241 INFO  L408      AbstractCegarLoop]: === Iteration 11 === Targeting ULTIMATE.startErr1ASSERT_VIOLATIONASSERT === [ULTIMATE.startErr0ASSERT_VIOLATIONASSERT, ULTIMATE.startErr1ASSERT_VIOLATIONASSERT] ===
[2026-07-04 08:55:18,241 INFO  L156       PredicateUnifier]: Initialized classic predicate unifier
[2026-07-04 08:55:18,241 INFO  L85        PathProgramCache]: Analyzing trace with hash -1484244142, now seen corresponding path program 1 times
[2026-07-04 08:55:18,241 INFO  L118   FreeRefinementEngine]: Executing refinement strategy FIXED_PREFERENCES
[2026-07-04 08:55:18,241 INFO  L324   FreeRefinementEngine]: Using trace check IpTcStrategyModulePreferences [647472413]
[2026-07-04 08:55:18,241 INFO  L97    rtionOrderModulation]: Keeping assertion order NOT_INCREMENTALLY
[2026-07-04 08:55:18,241 INFO  L173          SolverBuilder]: Constructing external solver with command: z3 SMTLIB2_COMPLIANT=true -memory:2024 -smt2 -in
[2026-07-04 08:55:18,243 INFO  L189       MonitoredProcess]: No working directory specified, using /usr/bin/z3
[2026-07-04 08:55:18,246 INFO  L229       MonitoredProcess]: Starting monitored process 12 with /usr/bin/z3 SMTLIB2_COMPLIANT=true -memory:2024 -smt2 -in (exit command is (exit), workingDir is null)
[2026-07-04 08:55:18,247 INFO  L327       MonitoredProcess]: [MP /usr/bin/z3 SMTLIB2_COMPLIANT=true -memory:2024 -smt2 -in (12)] Waiting until timeout for monitored process
[2026-07-04 08:55:18,314 INFO  L108    AnnotateAndAsserter]: Assert order NOT_INCREMENTALLY partitioned 35 statements into 1 equivalence classes.
[2026-07-04 08:55:18,331 INFO  L111    AnnotateAndAsserter]: Assert order NOT_INCREMENTALLY issued 1 check-sat command(s) and asserted 35 of 35 statements.
[2026-07-04 08:55:18,331 INFO  L114    AnnotateAndAsserter]: Assert order NOT_INCREMENTALLY issued 1 check-sat command(s)
[2026-07-04 08:55:18,331 INFO  L115    AnnotateAndAsserter]: Conjunction of SSA is unsat
[2026-07-04 08:55:18,337 INFO  L256         TraceCheckSpWp]: Trace formula consists of 98 conjuncts, 3 conjuncts are in the unsatisfiable core
[2026-07-04 08:55:18,337 INFO  L279         TraceCheckSpWp]: Computing forward predicates...
[2026-07-04 08:55:18,431 INFO  L134       CoverageAnalysis]: Checked inductivity of 0 backedges. 0 proven. 0 refuted. 0 times theorem prover too weak. 0 trivial. 0 not checked.
[2026-07-04 08:55:18,431 INFO  L312         TraceCheckSpWp]: Computing backward predicates...
[2026-07-04 08:55:18,519 INFO  L134       CoverageAnalysis]: Checked inductivity of 0 backedges. 0 proven. 0 refuted. 0 times theorem prover too weak. 0 trivial. 0 not checked.
[2026-07-04 08:55:18,519 INFO  L136   FreeRefinementEngine]: Strategy FIXED_PREFERENCES found an infeasible trace
[2026-07-04 08:55:18,519 INFO  L324   FreeRefinementEngine]: Using interpolant generator IpTcStrategyModulePreferences [647472413]
[2026-07-04 08:55:18,519 INFO  L158   FreeRefinementEngine]: IpTcStrategyModulePreferences [647472413] provided 2 perfect and 0 imperfect interpolant sequences
[2026-07-04 08:55:18,519 INFO  L185   FreeRefinementEngine]: Found 2 perfect and 0 imperfect interpolant sequences.
[2026-07-04 08:55:18,519 INFO  L198   FreeRefinementEngine]: Number of different interpolants: perfect sequences [3, 3] imperfect sequences [] total 3
[2026-07-04 08:55:18,519 INFO  L121   tionRefinementEngine]: Using interpolant automaton builder IpAbStrategyModuleStraightlineAll [1913600129]
[2026-07-04 08:55:18,519 INFO  L85    oduleStraightlineAll]: Using 2 perfect interpolants to construct interpolant automaton
[2026-07-04 08:55:18,520 INFO  L567      AbstractCegarLoop]: INTERPOLANT automaton has 3 states
[2026-07-04 08:55:18,520 INFO  L100   FreeRefinementEngine]: Using predicate unifier PredicateUnifier provided by strategy FIXED_PREFERENCES
[2026-07-04 08:55:18,520 INFO  L144   InterpolantAutomaton]: Constructing interpolant automaton starting with 3 interpolants.
[2026-07-04 08:55:18,520 INFO  L146   InterpolantAutomaton]: CoverageRelationStatistics Valid=3, Invalid=3, Unknown=0, NotChecked=0, Total=6
[2026-07-04 08:55:18,520 INFO  L87              Difference]: Start difference. First operand 80 states and 98 transitions. Second operand  has 3 states, 3 states have (on average 11.666666666666666) internal successors, (35), 3 states have internal predecessors, (35), 0 states have call successors, (0), 0 states have call predecessors, (0), 0 states have return successors, (0), 0 states have call predecessors, (0), 0 states have call successors, (0)
[2026-07-04 08:55:18,537 INFO  L144             Difference]: Subtrahend was deterministic. Have not used determinization.
[2026-07-04 08:55:18,537 INFO  L93              Difference]: Finished difference Result 129 states and 158 transitions.
[2026-07-04 08:55:18,544 INFO  L140   InterpolantAutomaton]: Switched to read-only mode: deterministic interpolant automaton has 3 states. 
[2026-07-04 08:55:18,544 INFO  L79                 Accepts]: Start accepts. Automaton has  has 3 states, 3 states have (on average 11.666666666666666) internal successors, (35), 3 states have internal predecessors, (35), 0 states have call successors, (0), 0 states have call predecessors, (0), 0 states have return successors, (0), 0 states have call predecessors, (0), 0 states have call successors, (0) Word has length 35
[2026-07-04 08:55:18,544 INFO  L85                 Accepts]: Finished accepts. some prefix is accepted.
[2026-07-04 08:55:18,545 INFO  L225             Difference]: With dead ends: 129
[2026-07-04 08:55:18,545 INFO  L226             Difference]: Without dead ends: 105
[2026-07-04 08:55:18,545 INFO  L425           NwaCegarLoop]: 0 DeclaredPredicates, 68 GetRequests, 67 SyntacticMatches, 0 SemanticMatches, 1 ConstructedPredicates, 0 IntricatePredicates, 0 DeprecatedPredicates, 0 ImplicationChecksByTransitivity, 0.0s TimeCoverageRelationStatistics Valid=3, Invalid=3, Unknown=0, NotChecked=0, Total=6
[2026-07-04 08:55:18,545 INFO  L426           NwaCegarLoop]: 101 mSDtfsCounter, 58 mSDsluCounter, 56 mSDsCounter, 0 mSdLazyCounter, 2 mSolverCounterSat, 2 mSolverCounterUnsat, 0 mSolverCounterUnknown, 0 mSolverCounterNotChecked, 0.0s Time, 0 mProtectedPredicate, 0 mProtectedAction, 58 SdHoareTripleChecker+Valid, 157 SdHoareTripleChecker+Invalid, 4 SdHoareTripleChecker+Unknown, 0 SdHoareTripleChecker+Unchecked, 0.0s SdHoareTripleChecker+Time, 2 IncrementalHoareTripleChecker+Valid, 2 IncrementalHoareTripleChecker+Invalid, 0 IncrementalHoareTripleChecker+Unknown, 0 IncrementalHoareTripleChecker+Unchecked, 0.0s IncrementalHoareTripleChecker+Time
[2026-07-04 08:55:18,545 INFO  L427           NwaCegarLoop]: SdHoareTripleChecker [58 Valid, 157 Invalid, 4 Unknown, 0 Unchecked, 0.0s Time], IncrementalHoareTripleChecker [2 Valid, 2 Invalid, 0 Unknown, 0 Unchecked, 0.0s Time]
[2026-07-04 08:55:18,545 INFO  L82        GeneralOperation]: Start minimizeSevpa. Operand 105 states.
[2026-07-04 08:55:18,547 INFO  L88        GeneralOperation]: Finished minimizeSevpa. Reduced states from 105 to 100.
[2026-07-04 08:55:18,551 INFO  L82        GeneralOperation]: Start removeUnreachable. Operand  has 100 states, 97 states have (on average 1.2577319587628866) internal successors, (122), 97 states have internal predecessors, (122), 1 states have call successors, (1), 1 states have call predecessors, (1), 1 states have return successors, (1), 1 states have call predecessors, (1), 1 states have call successors, (1)
[2026-07-04 08:55:18,552 INFO  L88        GeneralOperation]: Finished removeUnreachable. Reduced from 100 states to 100 states and 124 transitions.
[2026-07-04 08:55:18,552 INFO  L79                 Accepts]: Start accepts. Automaton has 100 states and 124 transitions. Word has length 35
[2026-07-04 08:55:18,552 INFO  L85                 Accepts]: Finished accepts. word is rejected.
[2026-07-04 08:55:18,552 INFO  L490      AbstractCegarLoop]: Abstraction has 100 states and 124 transitions.
[2026-07-04 08:55:18,552 INFO  L491      AbstractCegarLoop]: INTERPOLANT automaton has  has 3 states, 3 states have (on average 11.666666666666666) internal successors, (35), 3 states have internal predecessors, (35), 0 states have call successors, (0), 0 states have call predecessors, (0), 0 states have return successors, (0), 0 states have call predecessors, (0), 0 states have call successors, (0)
[2026-07-04 08:55:18,552 INFO  L278                IsEmpty]: Start isEmpty. Operand 100 states and 124 transitions.
[2026-07-04 08:55:18,553 INFO  L284                IsEmpty]: Finished isEmpty. Found accepting run of length 36
[2026-07-04 08:55:18,553 INFO  L199           NwaCegarLoop]: Found error trace
[2026-07-04 08:55:18,553 INFO  L207           NwaCegarLoop]: trace histogram [1, 1, 1, 1, 1, 1, 1, 1, 1, 1, 1, 1, 1, 1, 1, 1, 1, 1, 1, 1, 1, 1, 1, 1, 1, 1, 1, 1, 1, 1, 1, 1, 1, 1, 1]
[2026-07-04 08:55:18,568 INFO  L534       MonitoredProcess]: [MP /usr/bin/z3 SMTLIB2_COMPLIANT=true -memory:2024 -smt2 -in (12)] Forceful destruction successful, exit code 0
[2026-07-04 08:55:18,761 WARN  L471      AbstractCegarLoop]: Destroyed unattended storables created during the last iteration: 12 /usr/bin/z3 SMTLIB2_COMPLIANT=true -memory:2024 -smt2 -in
[2026-07-04 08:55:18,761 INFO  L408      AbstractCegarLoop]: === Iteration 12 === Targeting ULTIMATE.startErr1ASSERT_VIOLATIONASSERT === [ULTIMATE.startErr0ASSERT_VIOLATIONASSERT, ULTIMATE.startErr1ASSERT_VIOLATIONASSERT] ===
[2026-07-04 08:55:18,761 INFO  L156       PredicateUnifier]: Initialized classic predicate unifier
[2026-07-04 08:55:18,761 INFO  L85        PathProgramCache]: Analyzing trace with hash 566739856, now seen corresponding path program 1 times
[2026-07-04 08:55:18,761 INFO  L118   FreeRefinementEngine]: Executing refinement strategy FIXED_PREFERENCES
[2026-07-04 08:55:18,761 INFO  L324   FreeRefinementEngine]: Using trace check IpTcStrategyModulePreferences [1831235562]
[2026-07-04 08:55:18,761 INFO  L97    rtionOrderModulation]: Keeping assertion order NOT_INCREMENTALLY
[2026-07-04 08:55:18,761 INFO  L173          SolverBuilder]: Constructing external solver with command: z3 SMTLIB2_COMPLIANT=true -memory:2024 -smt2 -in
[2026-07-04 08:55:18,763 INFO  L189       MonitoredProcess]: No working directory specified, using /usr/bin/z3
[2026-07-04 08:55:18,766 INFO  L229       MonitoredProcess]: Starting monitored process 13 with /usr/bin/z3 SMTLIB2_COMPLIANT=true -memory:2024 -smt2 -in (exit command is (exit), workingDir is null)
[2026-07-04 08:55:18,768 INFO  L327       MonitoredProcess]: [MP /usr/bin/z3 SMTLIB2_COMPLIANT=true -memory:2024 -smt2 -in (13)] Waiting until timeout for monitored process
[2026-07-04 08:55:18,833 INFO  L108    AnnotateAndAsserter]: Assert order NOT_INCREMENTALLY partitioned 35 statements into 1 equivalence classes.
[2026-07-04 08:55:18,847 INFO  L111    AnnotateAndAsserter]: Assert order NOT_INCREMENTALLY issued 1 check-sat command(s) and asserted 35 of 35 statements.
[2026-07-04 08:55:18,847 INFO  L114    AnnotateAndAsserter]: Assert order NOT_INCREMENTALLY issued 1 check-sat command(s)
[2026-07-04 08:55:18,847 INFO  L115    AnnotateAndAsserter]: Conjunction of SSA is unsat
[2026-07-04 08:55:18,848 INFO  L256         TraceCheckSpWp]: Trace formula consists of 87 conjuncts, 2 conjuncts are in the unsatisfiable core
[2026-07-04 08:55:18,849 INFO  L279         TraceCheckSpWp]: Computing forward predicates...
[2026-07-04 08:55:18,966 INFO  L134       CoverageAnalysis]: Checked inductivity of 0 backedges. 0 proven. 0 refuted. 0 times theorem prover too weak. 0 trivial. 0 not checked.
[2026-07-04 08:55:18,966 INFO  L312         TraceCheckSpWp]: Computing backward predicates...
[2026-07-04 08:55:18,977 INFO  L134       CoverageAnalysis]: Checked inductivity of 0 backedges. 0 proven. 0 refuted. 0 times theorem prover too weak. 0 trivial. 0 not checked.
[2026-07-04 08:55:18,977 INFO  L136   FreeRefinementEngine]: Strategy FIXED_PREFERENCES found an infeasible trace
[2026-07-04 08:55:18,977 INFO  L324   FreeRefinementEngine]: Using interpolant generator IpTcStrategyModulePreferences [1831235562]
[2026-07-04 08:55:18,977 INFO  L158   FreeRefinementEngine]: IpTcStrategyModulePreferences [1831235562] provided 2 perfect and 0 imperfect interpolant sequences
[2026-07-04 08:55:18,977 INFO  L185   FreeRefinementEngine]: Found 2 perfect and 0 imperfect interpolant sequences.
[2026-07-04 08:55:18,977 INFO  L198   FreeRefinementEngine]: Number of different interpolants: perfect sequences [2, 2] imperfect sequences [] total 3
[2026-07-04 08:55:18,977 INFO  L121   tionRefinementEngine]: Using interpolant automaton builder IpAbStrategyModuleStraightlineAll [1680825170]
[2026-07-04 08:55:18,977 INFO  L85    oduleStraightlineAll]: Using 2 perfect interpolants to construct interpolant automaton
[2026-07-04 08:55:18,978 INFO  L567      AbstractCegarLoop]: INTERPOLANT automaton has 4 states
[2026-07-04 08:55:18,978 INFO  L100   FreeRefinementEngine]: Using predicate unifier PredicateUnifier provided by strategy FIXED_PREFERENCES
[2026-07-04 08:55:18,978 INFO  L144   InterpolantAutomaton]: Constructing interpolant automaton starting with 4 interpolants.
[2026-07-04 08:55:18,978 INFO  L146   InterpolantAutomaton]: CoverageRelationStatistics Valid=6, Invalid=6, Unknown=0, NotChecked=0, Total=12
[2026-07-04 08:55:18,978 INFO  L87              Difference]: Start difference. First operand 100 states and 124 transitions. Second operand  has 4 states, 4 states have (on average 9.75) internal successors, (39), 3 states have internal predecessors, (39), 0 states have call successors, (0), 0 states have call predecessors, (0), 0 states have return successors, (0), 0 states have call predecessors, (0), 0 states have call successors, (0)
[2026-07-04 08:55:18,998 INFO  L144             Difference]: Subtrahend was deterministic. Have not used determinization.
[2026-07-04 08:55:18,998 INFO  L93              Difference]: Finished difference Result 139 states and 167 transitions.
[2026-07-04 08:55:18,999 INFO  L140   InterpolantAutomaton]: Switched to read-only mode: deterministic interpolant automaton has 3 states. 
[2026-07-04 08:55:18,999 INFO  L79                 Accepts]: Start accepts. Automaton has  has 4 states, 4 states have (on average 9.75) internal successors, (39), 3 states have internal predecessors, (39), 0 states have call successors, (0), 0 states have call predecessors, (0), 0 states have return successors, (0), 0 states have call predecessors, (0), 0 states have call successors, (0) Word has length 35
[2026-07-04 08:55:18,999 INFO  L85                 Accepts]: Finished accepts. some prefix is accepted.
[2026-07-04 08:55:18,999 INFO  L225             Difference]: With dead ends: 139
[2026-07-04 08:55:18,999 INFO  L226             Difference]: Without dead ends: 61
[2026-07-04 08:55:18,999 INFO  L425           NwaCegarLoop]: 0 DeclaredPredicates, 68 GetRequests, 66 SyntacticMatches, 0 SemanticMatches, 2 ConstructedPredicates, 0 IntricatePredicates, 0 DeprecatedPredicates, 0 ImplicationChecksByTransitivity, 0.0s TimeCoverageRelationStatistics Valid=6, Invalid=6, Unknown=0, NotChecked=0, Total=12
[2026-07-04 08:55:19,000 INFO  L426           NwaCegarLoop]: 70 mSDtfsCounter, 0 mSDsluCounter, 134 mSDsCounter, 0 mSdLazyCounter, 7 mSolverCounterSat, 1 mSolverCounterUnsat, 0 mSolverCounterUnknown, 0 mSolverCounterNotChecked, 0.0s Time, 0 mProtectedPredicate, 0 mProtectedAction, 0 SdHoareTripleChecker+Valid, 204 SdHoareTripleChecker+Invalid, 8 SdHoareTripleChecker+Unknown, 0 SdHoareTripleChecker+Unchecked, 0.0s SdHoareTripleChecker+Time, 1 IncrementalHoareTripleChecker+Valid, 7 IncrementalHoareTripleChecker+Invalid, 0 IncrementalHoareTripleChecker+Unknown, 0 IncrementalHoareTripleChecker+Unchecked, 0.0s IncrementalHoareTripleChecker+Time
[2026-07-04 08:55:19,000 INFO  L427           NwaCegarLoop]: SdHoareTripleChecker [0 Valid, 204 Invalid, 8 Unknown, 0 Unchecked, 0.0s Time], IncrementalHoareTripleChecker [1 Valid, 7 Invalid, 0 Unknown, 0 Unchecked, 0.0s Time]
[2026-07-04 08:55:19,000 INFO  L82        GeneralOperation]: Start minimizeSevpa. Operand 61 states.
[2026-07-04 08:55:19,001 INFO  L88        GeneralOperation]: Finished minimizeSevpa. Reduced states from 61 to 61.
[2026-07-04 08:55:19,001 INFO  L82        GeneralOperation]: Start removeUnreachable. Operand  has 61 states, 58 states have (on average 1.1896551724137931) internal successors, (69), 58 states have internal predecessors, (69), 1 states have call successors, (1), 1 states have call predecessors, (1), 1 states have return successors, (1), 1 states have call predecessors, (1), 1 states have call successors, (1)
[2026-07-04 08:55:19,002 INFO  L88        GeneralOperation]: Finished removeUnreachable. Reduced from 61 states to 61 states and 71 transitions.
[2026-07-04 08:55:19,002 INFO  L79                 Accepts]: Start accepts. Automaton has 61 states and 71 transitions. Word has length 35
[2026-07-04 08:55:19,002 INFO  L85                 Accepts]: Finished accepts. word is rejected.
[2026-07-04 08:55:19,002 INFO  L490      AbstractCegarLoop]: Abstraction has 61 states and 71 transitions.
[2026-07-04 08:55:19,002 INFO  L491      AbstractCegarLoop]: INTERPOLANT automaton has  has 4 states, 4 states have (on average 9.75) internal successors, (39), 3 states have internal predecessors, (39), 0 states have call successors, (0), 0 states have call predecessors, (0), 0 states have return successors, (0), 0 states have call predecessors, (0), 0 states have call successors, (0)
[2026-07-04 08:55:19,002 INFO  L278                IsEmpty]: Start isEmpty. Operand 61 states and 71 transitions.
[2026-07-04 08:55:19,002 INFO  L284                IsEmpty]: Finished isEmpty. Found accepting run of length 52
[2026-07-04 08:55:19,002 INFO  L199           NwaCegarLoop]: Found error trace
[2026-07-04 08:55:19,002 INFO  L207           NwaCegarLoop]: trace histogram [1, 1, 1, 1, 1, 1, 1, 1, 1, 1, 1, 1, 1, 1, 1, 1, 1, 1, 1, 1, 1, 1, 1, 1, 1, 1, 1, 1, 1, 1, 1, 1, 1, 1, 1, 1, 1, 1, 1, 1, 1, 1, 1, 1, 1, 1, 1, 1, 1, 1, 1]
[2026-07-04 08:55:19,018 INFO  L546       MonitoredProcess]: [MP /usr/bin/z3 SMTLIB2_COMPLIANT=true -memory:2024 -smt2 -in (13)] Ended with exit code 0
[2026-07-04 08:55:19,209 WARN  L471      AbstractCegarLoop]: Destroyed unattended storables created during the last iteration: 13 /usr/bin/z3 SMTLIB2_COMPLIANT=true -memory:2024 -smt2 -in
[2026-07-04 08:55:19,210 INFO  L408      AbstractCegarLoop]: === Iteration 13 === Targeting ULTIMATE.startErr1ASSERT_VIOLATIONASSERT === [ULTIMATE.startErr0ASSERT_VIOLATIONASSERT, ULTIMATE.startErr1ASSERT_VIOLATIONASSERT] ===
[2026-07-04 08:55:19,210 INFO  L156       PredicateUnifier]: Initialized classic predicate unifier
[2026-07-04 08:55:19,210 INFO  L85        PathProgramCache]: Analyzing trace with hash 374640642, now seen corresponding path program 1 times
[2026-07-04 08:55:19,210 INFO  L118   FreeRefinementEngine]: Executing refinement strategy FIXED_PREFERENCES
[2026-07-04 08:55:19,210 INFO  L324   FreeRefinementEngine]: Using trace check IpTcStrategyModulePreferences [1517219218]
[2026-07-04 08:55:19,210 INFO  L97    rtionOrderModulation]: Keeping assertion order NOT_INCREMENTALLY
[2026-07-04 08:55:19,210 INFO  L173          SolverBuilder]: Constructing external solver with command: z3 SMTLIB2_COMPLIANT=true -memory:2024 -smt2 -in
[2026-07-04 08:55:19,212 INFO  L189       MonitoredProcess]: No working directory specified, using /usr/bin/z3
[2026-07-04 08:55:19,213 INFO  L229       MonitoredProcess]: Starting monitored process 14 with /usr/bin/z3 SMTLIB2_COMPLIANT=true -memory:2024 -smt2 -in (exit command is (exit), workingDir is null)
[2026-07-04 08:55:19,216 INFO  L327       MonitoredProcess]: [MP /usr/bin/z3 SMTLIB2_COMPLIANT=true -memory:2024 -smt2 -in (14)] Waiting until timeout for monitored process
[2026-07-04 08:55:19,296 INFO  L108    AnnotateAndAsserter]: Assert order NOT_INCREMENTALLY partitioned 51 statements into 1 equivalence classes.
[2026-07-04 08:55:19,334 INFO  L111    AnnotateAndAsserter]: Assert order NOT_INCREMENTALLY issued 1 check-sat command(s) and asserted 51 of 51 statements.
[2026-07-04 08:55:19,334 INFO  L114    AnnotateAndAsserter]: Assert order NOT_INCREMENTALLY issued 1 check-sat command(s)
[2026-07-04 08:55:19,334 INFO  L115    AnnotateAndAsserter]: Conjunction of SSA is sat
[2026-07-04 08:55:19,334 INFO  L348             TraceCheck]: Trace is feasible, we will do another trace check, this time with branch encoders.
[2026-07-04 08:55:19,369 INFO  L108    AnnotateAndAsserter]: Assert order NOT_INCREMENTALLY partitioned 51 statements into 1 equivalence classes.
[2026-07-04 08:55:19,388 INFO  L111    AnnotateAndAsserter]: Assert order NOT_INCREMENTALLY issued 1 check-sat command(s) and asserted 51 of 51 statements.
[2026-07-04 08:55:19,388 INFO  L114    AnnotateAndAsserter]: Assert order NOT_INCREMENTALLY issued 1 check-sat command(s)
[2026-07-04 08:55:19,388 INFO  L115    AnnotateAndAsserter]: Conjunction of SSA is sat
[2026-07-04 08:55:19,505 INFO  L130   FreeRefinementEngine]: Strategy FIXED_PREFERENCES found a feasible trace
[2026-07-04 08:55:19,506 INFO  L342         BasicCegarLoop]: Counterexample is feasible
[2026-07-04 08:55:19,506 INFO  L795   garLoopResultBuilder]: Registering result UNSAFE for location ULTIMATE.startErr1ASSERT_VIOLATIONASSERT (1 of 2 remaining)
[2026-07-04 08:55:19,512 INFO  L795   garLoopResultBuilder]: Registering result UNKNOWN for location ULTIMATE.startErr0ASSERT_VIOLATIONASSERT (0 of 2 remaining)
[2026-07-04 08:55:19,522 INFO  L546       MonitoredProcess]: [MP /usr/bin/z3 SMTLIB2_COMPLIANT=true -memory:2024 -smt2 -in (14)] Ended with exit code 0
[2026-07-04 08:55:19,713 WARN  L471      AbstractCegarLoop]: Destroyed unattended storables created during the last iteration: 14 /usr/bin/z3 SMTLIB2_COMPLIANT=true -memory:2024 -smt2 -in
[2026-07-04 08:55:19,715 INFO  L424         BasicCegarLoop]: Path program histogram: [1, 1, 1, 1, 1, 1, 1, 1, 1, 1, 1, 1, 1]
[2026-07-04 08:55:19,796 INFO  L171   ceAbstractionStarter]: Computing trace abstraction results
[2026-07-04 08:55:19,799 INFO  L201        PluginConnector]: Adding new model p4nis_bug2_tunnel_state_leakage.bpl de.uni_freiburg.informatik.ultimate.plugins.generator.traceabstraction CFG 04.07 08:55:19 BoogieIcfgContainer
[2026-07-04 08:55:19,799 INFO  L131        PluginConnector]: ------------------------ END TraceAbstraction----------------------------
[2026-07-04 08:55:19,799 INFO  L112        PluginConnector]: ------------------------Witness Printer----------------------------
[2026-07-04 08:55:19,799 INFO  L270        PluginConnector]: Initializing Witness Printer...
[2026-07-04 08:55:19,799 INFO  L274        PluginConnector]: Witness Printer initialized
[2026-07-04 08:55:19,806 INFO  L184        PluginConnector]: Executing the observer RCFGCatcher from plugin Witness Printer for "p4nis_bug2_tunnel_state_leakage.bpl de.uni_freiburg.informatik.ultimate.plugins.generator.rcfgbuilder CFG 04.07 08:55:12" (2/3) ...
[2026-07-04 08:55:19,807 INFO  L141         WitnessPrinter]: Generating witness for reachability counterexample
[2026-07-04 08:55:19,952 INFO  L163   tionWitnessGenerator]: Generated YAML witness of length 52.
[2026-07-04 08:55:20,199 INFO  L149         WitnessManager]: Wrote witness to /home/smy/p4-verify-camera-ready/.tmp/procurator/verify/p4nis_bug2_tunnel_state_leakage/20260704-085457-2f18/p4nis_bug2_tunnel_state_leakage.bpl-witness.graphml
[2026-07-04 08:55:20,199 INFO  L149         WitnessManager]: Wrote witness to /home/smy/p4-verify-camera-ready/.tmp/procurator/verify/p4nis_bug2_tunnel_state_leakage/20260704-085457-2f18/p4nis_bug2_tunnel_state_leakage.bpl-witness.yml
[2026-07-04 08:55:20,199 INFO  L131        PluginConnector]: ------------------------ END Witness Printer----------------------------
[2026-07-04 08:55:20,200 INFO  L158              Benchmark]: Toolchain (without parser) took 8494.28ms. Allocated memory is still 519.1MB. Free memory was 484.6MB in the beginning and 491.0MB in the end (delta: -6.4MB). Peak memory consumption was 79.6MB. Max. memory is 4.2GB.
[2026-07-04 08:55:20,200 INFO  L158              Benchmark]: Boogie PL CUP Parser took 0.24ms. Allocated memory is still 519.1MB. Free memory is still 487.4MB. There was no memory consumed. Max. memory is 4.2GB.
[2026-07-04 08:55:20,200 INFO  L158              Benchmark]: Boogie Procedure Inliner took 70.37ms. Allocated memory is still 519.1MB. Free memory was 484.6MB in the beginning and 481.7MB in the end (delta: 2.9MB). Peak memory consumption was 2.9MB. Max. memory is 4.2GB.
[2026-07-04 08:55:20,200 INFO  L158              Benchmark]: Boogie Preprocessor took 54.43ms. Allocated memory is still 519.1MB. Free memory was 481.7MB in the beginning and 480.2MB in the end (delta: 1.4MB). Peak memory consumption was 1.4MB. Max. memory is 4.2GB.
[2026-07-04 08:55:20,200 INFO  L158              Benchmark]: RCFGBuilder took 805.26ms. Allocated memory is still 519.1MB. Free memory was 480.2MB in the beginning and 450.3MB in the end (delta: 30.0MB). Peak memory consumption was 30.0MB. Max. memory is 4.2GB.
[2026-07-04 08:55:20,201 INFO  L158              Benchmark]: TraceAbstraction took 7157.57ms. Allocated memory is still 519.1MB. Free memory was 448.9MB in the beginning and 436.3MB in the end (delta: 12.6MB). Peak memory consumption was 12.6MB. Max. memory is 4.2GB.
[2026-07-04 08:55:20,201 INFO  L158              Benchmark]: Witness Printer took 400.27ms. Allocated memory is still 519.1MB. Free memory was 436.3MB in the beginning and 491.0MB in the end (delta: -54.7MB). Peak memory consumption was 31.3MB. Max. memory is 4.2GB.
[2026-07-04 08:55:20,203 INFO  L338   ainManager$Toolchain]: #######################  End [Toolchain 1] #######################
 --- Results ---
 * Results from de.uni_freiburg.informatik.ultimate.core:
  - StatisticsResult: Toolchain Benchmarks
    Benchmark results are:
 * Boogie PL CUP Parser took 0.24ms. Allocated memory is still 519.1MB. Free memory is still 487.4MB. There was no memory consumed. Max. memory is 4.2GB.
 * Boogie Procedure Inliner took 70.37ms. Allocated memory is still 519.1MB. Free memory was 484.6MB in the beginning and 481.7MB in the end (delta: 2.9MB). Peak memory consumption was 2.9MB. Max. memory is 4.2GB.
 * Boogie Preprocessor took 54.43ms. Allocated memory is still 519.1MB. Free memory was 481.7MB in the beginning and 480.2MB in the end (delta: 1.4MB). Peak memory consumption was 1.4MB. Max. memory is 4.2GB.
 * RCFGBuilder took 805.26ms. Allocated memory is still 519.1MB. Free memory was 480.2MB in the beginning and 450.3MB in the end (delta: 30.0MB). Peak memory consumption was 30.0MB. Max. memory is 4.2GB.
 * TraceAbstraction took 7157.57ms. Allocated memory is still 519.1MB. Free memory was 448.9MB in the beginning and 436.3MB in the end (delta: 12.6MB). Peak memory consumption was 12.6MB. Max. memory is 4.2GB.
 * Witness Printer took 400.27ms. Allocated memory is still 519.1MB. Free memory was 436.3MB in the beginning and 491.0MB in the end (delta: -54.7MB). Peak memory consumption was 31.3MB. Max. memory is 4.2GB.
 * Results from de.uni_freiburg.informatik.ultimate.plugins.generator.traceabstraction:
  - StatisticsResult: ErrorAutomatonStatistics
    NumberErrorTraces: 0, NumberStatementsAllTraces: 0, NumberRelevantStatements: 0, 0.0s ErrorAutomatonConstructionTimeTotal, 0.0s FaulLocalizationTime, NumberStatementsFirstTrace: -1, TraceLengthAvg: 0, 0.0s ErrorAutomatonConstructionTimeAvg, 0.0s ErrorAutomatonDifferenceTimeAvg, 0.0s ErrorAutomatonDifferenceTimeTotal, NumberOfNoEnhancement: 0, NumberOfFiniteEnhancement: 0, NumberOfInfiniteEnhancement: 0
  - CounterExampleResult [Line: 893]: assertion can be violated
    assertion can be violated
We found a FailurePath: 
[L900]  CALL        call mainProcedure();
[L682]              s1_inbox_count := 0;
[L683]              s1_pkt_external := false;
[L685]              s1_p4b_clone_i2e := false;
[L686]              s1_p4b_clone_e2e := false;
[L687]              s1_p4b_clone_i2i := false;
[L688]              s1_p4b_recirculate := false;
[L691]              assume s1_count[0bv32] == 1bv32;
[L692]              assume (forall i : bv32 :: s1_ds_box[i] == 0bv8);
[L693]              assume s1_ds_box[0bv32] == 0bv8;
[L694]              assume (forall i : bv32 :: s1_es_box[i] == 0bv8);
[L695]              assume s1_es_box[0bv32] == 0bv8;
[L696]              assume s1_user_mac[0bv32] == 0bv48;
[L698]              s1_count__last_index := 0bv32;
[L699]              s1_count__last_value := 0bv32;
[L700]              s1_count__last_old_value := 0bv32;
[L701]              s1_count__wrote_any := false;
[L702]              s1_count__wrote_index0 := false;
[L703]              s1_count__next_write_site := 0;
[L704]              s1_count__last_write_site := 0;
[L705]              s1_count__last0_old_value := 0bv32;
[L706]              s1_count__last0_value := 0bv32;
[L707]              s1_ds_box__last_index := 0bv32;
[L708]              s1_ds_box__last_value := 0bv8;
[L709]              s1_ds_box__last_old_value := 0bv8;
[L710]              s1_ds_box__wrote_any := false;
[L711]              s1_ds_box__wrote_index0 := false;
[L712]              s1_ds_box__next_write_site := 0;
[L713]              s1_ds_box__last_write_site := 0;
[L714]              s1_ds_box__last0_old_value := 0bv8;
[L715]              s1_ds_box__last0_value := 0bv8;
[L716]              s1_es_box__last_index := 0bv32;
[L717]              s1_es_box__last_value := 0bv8;
[L718]              s1_es_box__last_old_value := 0bv8;
[L719]              s1_es_box__wrote_any := false;
[L720]              s1_es_box__wrote_index0 := false;
[L721]              s1_es_box__next_write_site := 0;
[L722]              s1_es_box__last_write_site := 0;
[L723]              s1_es_box__last0_old_value := 0bv8;
[L724]              s1_es_box__last0_value := 0bv8;
[L725]              s1_user_mac__last_index := 0bv32;
[L726]              s1_user_mac__last_value := 0bv48;
[L727]              s1_user_mac__last_old_value := 0bv48;
[L728]              s1_user_mac__wrote_any := false;
[L729]              s1_user_mac__wrote_index0 := false;
[L730]              s1_user_mac__next_write_site := 0;
[L731]              s1_user_mac__last_write_site := 0;
[L732]              s1_user_mac__last0_old_value := 0bv48;
[L733]              s1_user_mac__last0_value := 0bv48;
[L735]              procurator_step := 0;
[L736]              procurator_bad := false;
        VAL         [procurator_bad=false, procurator_step=0, s1_count__last0_old_value=0bv32, s1_count__last0_value=0bv32, s1_count__last_index=0bv32, s1_count__last_old_value=0bv32, s1_count__last_value=0bv32, s1_count__last_write_site=0, s1_count__next_write_site=0, s1_count__wrote_any=false, s1_count__wrote_index0=false, s1_ds_box__last0_old_value=0bv8, s1_ds_box__last0_value=0bv8, s1_ds_box__last_index=0bv32, s1_ds_box__last_old_value=0bv8, s1_ds_box__last_value=0bv8, s1_ds_box__last_write_site=0, s1_ds_box__next_write_site=0, s1_ds_box__wrote_any=false, s1_ds_box__wrote_index0=false, s1_es_box__last0_old_value=0bv8, s1_es_box__last0_value=0bv8, s1_es_box__last_index=0bv32, s1_es_box__last_old_value=0bv8, s1_es_box__last_value=0bv8, s1_es_box__last_write_site=0, s1_es_box__next_write_site=0, s1_es_box__wrote_any=false, s1_es_box__wrote_index0=false, s1_inbox_count=0, s1_p4b_clone_e2e=false, s1_p4b_clone_i2e=false, s1_p4b_clone_i2i=false, s1_p4b_recirculate=false, s1_pkt_external=false, s1_user_mac__last0_old_value=0bv48, s1_user_mac__last0_value=0bv48, s1_user_mac__last_index=0bv32, s1_user_mac__last_old_value=0bv48, s1_user_mac__last_value=0bv48, s1_user_mac__last_write_site=0, s1_user_mac__next_write_site=0, s1_user_mac__wrote_any=false, s1_user_mac__wrote_index0=false]
[L738]  COND TRUE   s1_inbox_count < 1
[L739]              assume s1_inbox_count < 1;
[L740]              s1_pkt_external := true;
[L741]              havoc s1_standard_metadata.ingress_port;
[L742]              havoc s1_standard_metadata.instance_type;
[L743]              havoc s1_standard_metadata.packet_length;
[L744]              havoc s1_standard_metadata.enq_timestamp;
[L745]              havoc s1_standard_metadata.enq_qdepth;
[L746]              havoc s1_standard_metadata.deq_timedelta;
[L747]              havoc s1_standard_metadata.deq_qdepth;
[L748]              havoc s1_standard_metadata.ingress_global_timestamp;
[L749]              havoc s1_standard_metadata.egress_global_timestamp;
[L750]              havoc s1_standard_metadata.mcast_grp;
[L751]              havoc s1_standard_metadata.egress_rid;
[L752]              havoc s1_standard_metadata.checksum_error;
[L753]              havoc s1_standard_metadata.parser_error;
[L754]              havoc s1_standard_metadata.priority;
[L755]              havoc s1_hdr.ethernet.valid;
[L756]              havoc s1_hdr.ethernet.dstAddr;
[L757]              havoc s1_hdr.ethernet.srcAddr;
[L758]              havoc s1_hdr.ethernet.etherType;
[L759]              havoc s1_hdr.ipv6.valid;
[L760]              havoc s1_hdr.ipv6.version;
[L761]              havoc s1_hdr.ipv6.trafclass;
[L762]              havoc s1_hdr.ipv6.flowlabel;
[L763]              havoc s1_hdr.ipv6.payloadlen;
[L764]              havoc s1_hdr.ipv6.nextheader;
[L765]              havoc s1_hdr.ipv6.hoplimit;
[L766]              havoc s1_hdr.ipv6.srcAddr;
[L767]              havoc s1_hdr.ipv6.dstAddr;
[L768]              havoc s1_hdr.ipv4_tunnel.valid;
[L769]              havoc s1_hdr.ipv4_tunnel.version;
[L770]              havoc s1_hdr.ipv4_tunnel.ihl;
[L771]              havoc s1_hdr.ipv4_tunnel.diffserv;
[L772]              havoc s1_hdr.ipv4_tunnel.totalLen;
[L773]              havoc s1_hdr.ipv4_tunnel.identification;
[L774]              havoc s1_hdr.ipv4_tunnel.flags;
[L775]              havoc s1_hdr.ipv4_tunnel.fragOffset;
[L776]              havoc s1_hdr.ipv4_tunnel.ttl;
[L777]              havoc s1_hdr.ipv4_tunnel.protocol;
[L778]              havoc s1_hdr.ipv4_tunnel.hdrChecksum;
[L779]              havoc s1_hdr.ipv4_tunnel.srcAddr;
[L780]              havoc s1_hdr.ipv4_tunnel.dstAddr;
[L781]              havoc s1_hdr.ipv4.valid;
[L782]              havoc s1_hdr.ipv4.version;
[L783]              havoc s1_hdr.ipv4.ihl;
[L784]              havoc s1_hdr.ipv4.diffserv;
[L785]              havoc s1_hdr.ipv4.totalLen;
[L786]              havoc s1_hdr.ipv4.identification;
[L787]              havoc s1_hdr.ipv4.flags;
[L788]              havoc s1_hdr.ipv4.fragOffset;
[L789]              havoc s1_hdr.ipv4.ttl;
[L790]              havoc s1_hdr.ipv4.protocol;
[L791]              havoc s1_hdr.ipv4.hdrChecksum;
[L792]              havoc s1_hdr.ipv4.srcAddr;
[L793]              havoc s1_hdr.ipv4.dstAddr;
[L794]              havoc s1_hdr.tcp.valid;
[L795]              havoc s1_hdr.tcp.srcport;
[L796]              havoc s1_hdr.tcp.dstport;
[L797]              havoc s1_hdr.tcp.sequence;
[L798]              havoc s1_hdr.tcp.ackseq;
[L799]              havoc s1_hdr.tcp.headerlength;
[L800]              havoc s1_hdr.tcp.reservation;
[L801]              havoc s1_hdr.tcp.URG;
[L802]              havoc s1_hdr.tcp.ACK;
[L803]              havoc s1_hdr.tcp.PSH;
[L804]              havoc s1_hdr.tcp.RST;
[L805]              havoc s1_hdr.tcp.SYN;
[L806]              havoc s1_hdr.tcp.FIN;
[L807]              havoc s1_hdr.tcp.windowsize;
[L808]              havoc s1_hdr.tcp.checksum;
[L809]              havoc s1_hdr.tcp.pointer;
[L810]              havoc s1_hdr.udp_tunnel.valid;
[L811]              havoc s1_hdr.udp_tunnel.srcport;
[L812]              havoc s1_hdr.udp_tunnel.dstport;
[L813]              havoc s1_hdr.udp_tunnel.userlength;
[L814]              havoc s1_hdr.udp_tunnel.checksum;
[L815]              assume s1_standard_metadata.ingress_port == 0bv9;
[L816]              assume s1_hdr.ethernet.valid == true;
[L817]              assume s1_hdr.ipv4.valid == true;
[L818]              assume s1_hdr.tcp.valid == true;
[L819]              assume s1_hdr.ipv4.dstAddr != 2071690107bv32;
[L820]              assume s1_hdr.ethernet.dstAddr != 281474976710655bv48;
[L821]              assume s1_hdr.ethernet.srcAddr != 0bv48;
[L822]              assume s1_hdr.ipv4.srcAddr == 16843009bv32;
[L823]              s1_inbox_count := s1_inbox_count + 1;
        VAL         [procurator_bad=false, procurator_step=0, s1_count__last0_old_value=0bv32, s1_count__last0_value=0bv32, s1_count__last_index=0bv32, s1_count__last_old_value=0bv32, s1_count__last_value=0bv32, s1_count__last_write_site=0, s1_count__next_write_site=0, s1_count__wrote_any=false, s1_count__wrote_index0=false, s1_ds_box__last0_old_value=0bv8, s1_ds_box__last0_value=0bv8, s1_ds_box__last_index=0bv32, s1_ds_box__last_old_value=0bv8, s1_ds_box__last_value=0bv8, s1_ds_box__last_write_site=0, s1_ds_box__next_write_site=0, s1_ds_box__wrote_any=false, s1_ds_box__wrote_index0=false, s1_es_box__last0_old_value=0bv8, s1_es_box__last0_value=0bv8, s1_es_box__last_index=0bv32, s1_es_box__last_old_value=0bv8, s1_es_box__last_value=0bv8, s1_es_box__last_write_site=0, s1_es_box__next_write_site=0, s1_es_box__wrote_any=false, s1_es_box__wrote_index0=false, s1_hdr.ethernet.dstAddr=0bv48, s1_hdr.ethernet.srcAddr=1bv48, s1_hdr.ethernet.valid=true, s1_hdr.ipv4.dstAddr=0bv32, s1_hdr.ipv4.srcAddr=16843009bv32, s1_hdr.ipv4.valid=true, s1_hdr.tcp.valid=true, s1_inbox_count=1, s1_p4b_clone_e2e=false, s1_p4b_clone_i2e=false, s1_p4b_clone_i2i=false, s1_p4b_recirculate=false, s1_pkt_external=true, s1_standard_metadata.ingress_port=0bv9, s1_user_mac__last0_old_value=0bv48, s1_user_mac__last0_value=0bv48, s1_user_mac__last_index=0bv32, s1_user_mac__last_old_value=0bv48, s1_user_mac__last_value=0bv48, s1_user_mac__last_write_site=0, s1_user_mac__next_write_site=0, s1_user_mac__wrote_any=false, s1_user_mac__wrote_index0=false]
[L825]              procurator_step := procurator_step + 1;
        VAL         [procurator_bad=false, procurator_step=1, s1_count__last0_old_value=0bv32, s1_count__last0_value=0bv32, s1_count__last_index=0bv32, s1_count__last_old_value=0bv32, s1_count__last_value=0bv32, s1_count__last_write_site=0, s1_count__next_write_site=0, s1_count__wrote_any=false, s1_count__wrote_index0=false, s1_ds_box__last0_old_value=0bv8, s1_ds_box__last0_value=0bv8, s1_ds_box__last_index=0bv32, s1_ds_box__last_old_value=0bv8, s1_ds_box__last_value=0bv8, s1_ds_box__last_write_site=0, s1_ds_box__next_write_site=0, s1_ds_box__wrote_any=false, s1_ds_box__wrote_index0=false, s1_es_box__last0_old_value=0bv8, s1_es_box__last0_value=0bv8, s1_es_box__last_index=0bv32, s1_es_box__last_old_value=0bv8, s1_es_box__last_value=0bv8, s1_es_box__last_write_site=0, s1_es_box__next_write_site=0, s1_es_box__wrote_any=false, s1_es_box__wrote_index0=false, s1_hdr.ethernet.dstAddr=0bv48, s1_hdr.ethernet.srcAddr=1bv48, s1_hdr.ethernet.valid=true, s1_hdr.ipv4.dstAddr=0bv32, s1_hdr.ipv4.srcAddr=16843009bv32, s1_hdr.ipv4.valid=true, s1_hdr.tcp.valid=true, s1_inbox_count=1, s1_p4b_clone_e2e=false, s1_p4b_clone_i2e=false, s1_p4b_clone_i2i=false, s1_p4b_recirculate=false, s1_pkt_external=true, s1_standard_metadata.ingress_port=0bv9, s1_user_mac__last0_old_value=0bv48, s1_user_mac__last0_value=0bv48, s1_user_mac__last_index=0bv32, s1_user_mac__last_old_value=0bv48, s1_user_mac__last_value=0bv48, s1_user_mac__last_write_site=0, s1_user_mac__next_write_site=0, s1_user_mac__wrote_any=false, s1_user_mac__wrote_index0=false]
[L827]  COND TRUE   s1_inbox_count > 0
[L828]              assume s1_inbox_count > 0;
[L829]              s1_inbox_count := s1_inbox_count - 1;
[L830]  CALL        call s1_mainProcedure();
[L575]              s1_p4b_checksum_error := false;
[L576]              s1_p4b_checksum_updated := false;
[L577]              s1_p4b_checksum_verified := false;
[L578]              s1_p4b_digest := false;
[L579]              s1_p4b_recirculate := false;
[L580]              s1_p4b_clone_i2i := false;
[L581]              s1_p4b_clone_e2e := false;
[L582]              s1_p4b_clone_i2e := false;
[L583]  CALL        call s1_main();
[L563]  CALL        call s1_MyParser();
[L424]  FCALL       call s1_packet_in.extract(s1_hdr.ethernet);
        VAL         [procurator_bad=false, procurator_step=1, s1_count__last0_old_value=0bv32, s1_count__last0_value=0bv32, s1_count__last_index=0bv32, s1_count__last_old_value=0bv32, s1_count__last_value=0bv32, s1_count__last_write_site=0, s1_count__next_write_site=0, s1_count__wrote_any=false, s1_count__wrote_index0=false, s1_ds_box__last0_old_value=0bv8, s1_ds_box__last0_value=0bv8, s1_ds_box__last_index=0bv32, s1_ds_box__last_old_value=0bv8, s1_ds_box__last_value=0bv8, s1_ds_box__last_write_site=0, s1_ds_box__next_write_site=0, s1_ds_box__wrote_any=false, s1_ds_box__wrote_index0=false, s1_es_box__last0_old_value=0bv8, s1_es_box__last0_value=0bv8, s1_es_box__last_index=0bv32, s1_es_box__last_old_value=0bv8, s1_es_box__last_value=0bv8, s1_es_box__last_write_site=0, s1_es_box__next_write_site=0, s1_es_box__wrote_any=false, s1_es_box__wrote_index0=false, s1_hdr.ethernet.dstAddr=0bv48, s1_hdr.ethernet.srcAddr=1bv48, s1_hdr.ethernet.valid=true, s1_hdr.ipv4.dstAddr=0bv32, s1_hdr.ipv4.srcAddr=16843009bv32, s1_hdr.ipv4.valid=true, s1_hdr.tcp.valid=true, s1_inbox_count=0, s1_p4b_checksum_error=false, s1_p4b_checksum_updated=false, s1_p4b_checksum_verified=false, s1_p4b_clone_e2e=false, s1_p4b_clone_i2e=false, s1_p4b_clone_i2i=false, s1_p4b_digest=false, s1_p4b_recirculate=false, s1_pkt_external=true, s1_standard_metadata.ingress_port=0bv9, s1_user_mac__last0_old_value=0bv48, s1_user_mac__last0_value=0bv48, s1_user_mac__last_index=0bv32, s1_user_mac__last_old_value=0bv48, s1_user_mac__last_value=0bv48, s1_user_mac__last_write_site=0, s1_user_mac__next_write_site=0, s1_user_mac__wrote_any=false, s1_user_mac__wrote_index0=false]
[L436]              assume !(s1_hdr.ethernet.etherType == 34525bv16) && !(s1_hdr.ethernet.etherType == 2048bv16);
        VAL         [procurator_bad=false, procurator_step=1, s1_count__last0_old_value=0bv32, s1_count__last0_value=0bv32, s1_count__last_index=0bv32, s1_count__last_old_value=0bv32, s1_count__last_value=0bv32, s1_count__last_write_site=0, s1_count__next_write_site=0, s1_count__wrote_any=false, s1_count__wrote_index0=false, s1_ds_box__last0_old_value=0bv8, s1_ds_box__last0_value=0bv8, s1_ds_box__last_index=0bv32, s1_ds_box__last_old_value=0bv8, s1_ds_box__last_value=0bv8, s1_ds_box__last_write_site=0, s1_ds_box__next_write_site=0, s1_ds_box__wrote_any=false, s1_ds_box__wrote_index0=false, s1_es_box__last0_old_value=0bv8, s1_es_box__last0_value=0bv8, s1_es_box__last_index=0bv32, s1_es_box__last_old_value=0bv8, s1_es_box__last_value=0bv8, s1_es_box__last_write_site=0, s1_es_box__next_write_site=0, s1_es_box__wrote_any=false, s1_es_box__wrote_index0=false, s1_hdr.ethernet.dstAddr=0bv48, s1_hdr.ethernet.etherType=0bv16, s1_hdr.ethernet.srcAddr=1bv48, s1_hdr.ethernet.valid=true, s1_hdr.ipv4.dstAddr=0bv32, s1_hdr.ipv4.srcAddr=16843009bv32, s1_hdr.ipv4.valid=true, s1_hdr.tcp.valid=true, s1_inbox_count=0, s1_p4b_checksum_error=false, s1_p4b_checksum_updated=false, s1_p4b_checksum_verified=false, s1_p4b_clone_e2e=false, s1_p4b_clone_i2e=false, s1_p4b_clone_i2i=false, s1_p4b_digest=false, s1_p4b_recirculate=false, s1_pkt_external=true, s1_standard_metadata.ingress_port=0bv9, s1_user_mac__last0_old_value=0bv48, s1_user_mac__last0_value=0bv48, s1_user_mac__last_index=0bv32, s1_user_mac__last_old_value=0bv48, s1_user_mac__last_value=0bv48, s1_user_mac__last_write_site=0, s1_user_mac__next_write_site=0, s1_user_mac__wrote_any=false, s1_user_mac__wrote_index0=false]
[L495]  CALL        call s1_accept();
[L495]  RET         call s1_accept();
[L563]  RET         call s1_MyParser();
[L564]  CALL        call s1_MyVerifyChecksum();
[L564]  RET         call s1_MyVerifyChecksum();
[L565]  CALL        call s1_MyIngress();
[L259]              havoc s1_temp_0;
        VAL         [procurator_bad=false, procurator_step=1, s1_count__last0_old_value=0bv32, s1_count__last0_value=0bv32, s1_count__last_index=0bv32, s1_count__last_old_value=0bv32, s1_count__last_value=0bv32, s1_count__last_write_site=0, s1_count__next_write_site=0, s1_count__wrote_any=false, s1_count__wrote_index0=false, s1_ds_box__last0_old_value=0bv8, s1_ds_box__last0_value=0bv8, s1_ds_box__last_index=0bv32, s1_ds_box__last_old_value=0bv8, s1_ds_box__last_value=0bv8, s1_ds_box__last_write_site=0, s1_ds_box__next_write_site=0, s1_ds_box__wrote_any=false, s1_ds_box__wrote_index0=false, s1_es_box__last0_old_value=0bv8, s1_es_box__last0_value=0bv8, s1_es_box__last_index=0bv32, s1_es_box__last_old_value=0bv8, s1_es_box__last_value=0bv8, s1_es_box__last_write_site=0, s1_es_box__next_write_site=0, s1_es_box__wrote_any=false, s1_es_box__wrote_index0=false, s1_hdr.ethernet.dstAddr=0bv48, s1_hdr.ethernet.etherType=0bv16, s1_hdr.ethernet.srcAddr=1bv48, s1_hdr.ethernet.valid=true, s1_hdr.ipv4.dstAddr=0bv32, s1_hdr.ipv4.srcAddr=16843009bv32, s1_hdr.ipv4.valid=true, s1_hdr.tcp.valid=true, s1_inbox_count=0, s1_p4b_checksum_error=false, s1_p4b_checksum_updated=false, s1_p4b_checksum_verified=false, s1_p4b_clone_e2e=false, s1_p4b_clone_i2e=false, s1_p4b_clone_i2i=false, s1_p4b_digest=false, s1_p4b_recirculate=false, s1_pkt_external=true, s1_standard_metadata.ingress_port=0bv9, s1_user_mac__last0_old_value=0bv48, s1_user_mac__last0_value=0bv48, s1_user_mac__last_index=0bv32, s1_user_mac__last_old_value=0bv48, s1_user_mac__last_value=0bv48, s1_user_mac__last_write_site=0, s1_user_mac__next_write_site=0, s1_user_mac__wrote_any=false, s1_user_mac__wrote_index0=false]
[L260]  COND TRUE   s1_standard_metadata.ingress_port == 0bv9
        VAL         [procurator_bad=false, procurator_step=1, s1_count__last0_old_value=0bv32, s1_count__last0_value=0bv32, s1_count__last_index=0bv32, s1_count__last_old_value=0bv32, s1_count__last_value=0bv32, s1_count__last_write_site=0, s1_count__next_write_site=0, s1_count__wrote_any=false, s1_count__wrote_index0=false, s1_ds_box__last0_old_value=0bv8, s1_ds_box__last0_value=0bv8, s1_ds_box__last_index=0bv32, s1_ds_box__last_old_value=0bv8, s1_ds_box__last_value=0bv8, s1_ds_box__last_write_site=0, s1_ds_box__next_write_site=0, s1_ds_box__wrote_any=false, s1_ds_box__wrote_index0=false, s1_es_box__last0_old_value=0bv8, s1_es_box__last0_value=0bv8, s1_es_box__last_index=0bv32, s1_es_box__last_old_value=0bv8, s1_es_box__last_value=0bv8, s1_es_box__last_write_site=0, s1_es_box__next_write_site=0, s1_es_box__wrote_any=false, s1_es_box__wrote_index0=false, s1_hdr.ethernet.dstAddr=0bv48, s1_hdr.ethernet.etherType=0bv16, s1_hdr.ethernet.srcAddr=1bv48, s1_hdr.ethernet.valid=true, s1_hdr.ipv4.dstAddr=0bv32, s1_hdr.ipv4.srcAddr=16843009bv32, s1_hdr.ipv4.valid=true, s1_hdr.tcp.valid=true, s1_inbox_count=0, s1_p4b_checksum_error=false, s1_p4b_checksum_updated=false, s1_p4b_checksum_verified=false, s1_p4b_clone_e2e=false, s1_p4b_clone_i2e=false, s1_p4b_clone_i2i=false, s1_p4b_digest=false, s1_p4b_recirculate=false, s1_pkt_external=true, s1_standard_metadata.ingress_port=0bv9, s1_user_mac__last0_old_value=0bv48, s1_user_mac__last0_value=0bv48, s1_user_mac__last_index=0bv32, s1_user_mac__last_old_value=0bv48, s1_user_mac__last_value=0bv48, s1_user_mac__last_write_site=0, s1_user_mac__next_write_site=0, s1_user_mac__wrote_any=false, s1_user_mac__wrote_index0=false]
[L261]  COND FALSE  !(s1_hdr.ipv4.dstAddr == 2071690107bv32)
        VAL         [procurator_bad=false, procurator_step=1, s1_count__last0_old_value=0bv32, s1_count__last0_value=0bv32, s1_count__last_index=0bv32, s1_count__last_old_value=0bv32, s1_count__last_value=0bv32, s1_count__last_write_site=0, s1_count__next_write_site=0, s1_count__wrote_any=false, s1_count__wrote_index0=false, s1_ds_box__last0_old_value=0bv8, s1_ds_box__last0_value=0bv8, s1_ds_box__last_index=0bv32, s1_ds_box__last_old_value=0bv8, s1_ds_box__last_value=0bv8, s1_ds_box__last_write_site=0, s1_ds_box__next_write_site=0, s1_ds_box__wrote_any=false, s1_ds_box__wrote_index0=false, s1_es_box__last0_old_value=0bv8, s1_es_box__last0_value=0bv8, s1_es_box__last_index=0bv32, s1_es_box__last_old_value=0bv8, s1_es_box__last_value=0bv8, s1_es_box__last_write_site=0, s1_es_box__next_write_site=0, s1_es_box__wrote_any=false, s1_es_box__wrote_index0=false, s1_hdr.ethernet.dstAddr=0bv48, s1_hdr.ethernet.etherType=0bv16, s1_hdr.ethernet.srcAddr=1bv48, s1_hdr.ethernet.valid=true, s1_hdr.ipv4.dstAddr=0bv32, s1_hdr.ipv4.srcAddr=16843009bv32, s1_hdr.ipv4.valid=true, s1_hdr.tcp.valid=true, s1_inbox_count=0, s1_p4b_checksum_error=false, s1_p4b_checksum_updated=false, s1_p4b_checksum_verified=false, s1_p4b_clone_e2e=false, s1_p4b_clone_i2e=false, s1_p4b_clone_i2i=false, s1_p4b_digest=false, s1_p4b_recirculate=false, s1_pkt_external=true, s1_standard_metadata.ingress_port=0bv9, s1_user_mac__last0_old_value=0bv48, s1_user_mac__last0_value=0bv48, s1_user_mac__last_index=0bv32, s1_user_mac__last_old_value=0bv48, s1_user_mac__last_value=0bv48, s1_user_mac__last_write_site=0, s1_user_mac__next_write_site=0, s1_user_mac__wrote_any=false, s1_user_mac__wrote_index0=false]
[L268]  COND TRUE   s1_hdr.ethernet.dstAddr != 281474976710655bv48 && s1_hdr.ethernet.srcAddr != 0bv48
[L269]  CALL        call s1_MyIngress_store_user_mac();
[L413]              s1_user_mac__next_write_site := 1;
[L414]  CALL        call s1_user_mac.write(0bv32, s1_hdr.ethernet.srcAddr);
[L603]              s1_user_mac__last_old_value := s1_user_mac[s1_index];
[L604]              s1_user_mac[s1_index] := s1_value;
[L605]              s1_user_mac__last_index := s1_index;
[L606]              s1_user_mac__last_value := s1_value;
[L607]              s1_user_mac__last_write_site := s1_user_mac__next_write_site;
[L608]              s1_user_mac__wrote_any := true;
        VAL         [procurator_bad=false, procurator_step=1, s1_count__last0_old_value=0bv32, s1_count__last0_value=0bv32, s1_count__last_index=0bv32, s1_count__last_old_value=0bv32, s1_count__last_value=0bv32, s1_count__last_write_site=0, s1_count__next_write_site=0, s1_count__wrote_any=false, s1_count__wrote_index0=false, s1_ds_box__last0_old_value=0bv8, s1_ds_box__last0_value=0bv8, s1_ds_box__last_index=0bv32, s1_ds_box__last_old_value=0bv8, s1_ds_box__last_value=0bv8, s1_ds_box__last_write_site=0, s1_ds_box__next_write_site=0, s1_ds_box__wrote_any=false, s1_ds_box__wrote_index0=false, s1_es_box__last0_old_value=0bv8, s1_es_box__last0_value=0bv8, s1_es_box__last_index=0bv32, s1_es_box__last_old_value=0bv8, s1_es_box__last_value=0bv8, s1_es_box__last_write_site=0, s1_es_box__next_write_site=0, s1_es_box__wrote_any=false, s1_es_box__wrote_index0=false, s1_hdr.ethernet.dstAddr=0bv48, s1_hdr.ethernet.etherType=0bv16, s1_hdr.ethernet.srcAddr=1bv48, s1_hdr.ethernet.valid=true, s1_hdr.ipv4.dstAddr=0bv32, s1_hdr.ipv4.srcAddr=16843009bv32, s1_hdr.ipv4.valid=true, s1_hdr.tcp.valid=true, s1_inbox_count=0, s1_index=0bv32, s1_p4b_checksum_error=false, s1_p4b_checksum_updated=false, s1_p4b_checksum_verified=false, s1_p4b_clone_e2e=false, s1_p4b_clone_i2e=false, s1_p4b_clone_i2i=false, s1_p4b_digest=false, s1_p4b_recirculate=false, s1_pkt_external=true, s1_standard_metadata.ingress_port=0bv9, s1_user_mac__last0_old_value=0bv48, s1_user_mac__last0_value=0bv48, s1_user_mac__last_index=0bv32, s1_user_mac__last_old_value=0bv48, s1_user_mac__last_value=1bv48, s1_user_mac__last_write_site=1, s1_user_mac__next_write_site=1, s1_user_mac__wrote_any=true, s1_user_mac__wrote_index0=false, s1_value=1bv48]
[L609]  COND TRUE   s1_index == 0bv32
[L610]              s1_user_mac__wrote_index0 := true;
[L611]              s1_user_mac__last0_old_value := s1_user_mac__last_old_value;
[L612]              s1_user_mac__last0_value := s1_value;
        VAL         [procurator_bad=false, procurator_step=1, s1_count__last0_old_value=0bv32, s1_count__last0_value=0bv32, s1_count__last_index=0bv32, s1_count__last_old_value=0bv32, s1_count__last_value=0bv32, s1_count__last_write_site=0, s1_count__next_write_site=0, s1_count__wrote_any=false, s1_count__wrote_index0=false, s1_ds_box__last0_old_value=0bv8, s1_ds_box__last0_value=0bv8, s1_ds_box__last_index=0bv32, s1_ds_box__last_old_value=0bv8, s1_ds_box__last_value=0bv8, s1_ds_box__last_write_site=0, s1_ds_box__next_write_site=0, s1_ds_box__wrote_any=false, s1_ds_box__wrote_index0=false, s1_es_box__last0_old_value=0bv8, s1_es_box__last0_value=0bv8, s1_es_box__last_index=0bv32, s1_es_box__last_old_value=0bv8, s1_es_box__last_value=0bv8, s1_es_box__last_write_site=0, s1_es_box__next_write_site=0, s1_es_box__wrote_any=false, s1_es_box__wrote_index0=false, s1_hdr.ethernet.dstAddr=0bv48, s1_hdr.ethernet.etherType=0bv16, s1_hdr.ethernet.srcAddr=1bv48, s1_hdr.ethernet.valid=true, s1_hdr.ipv4.dstAddr=0bv32, s1_hdr.ipv4.srcAddr=16843009bv32, s1_hdr.ipv4.valid=true, s1_hdr.tcp.valid=true, s1_inbox_count=0, s1_p4b_checksum_error=false, s1_p4b_checksum_updated=false, s1_p4b_checksum_verified=false, s1_p4b_clone_e2e=false, s1_p4b_clone_i2e=false, s1_p4b_clone_i2i=false, s1_p4b_digest=false, s1_p4b_recirculate=false, s1_pkt_external=true, s1_standard_metadata.ingress_port=0bv9, s1_user_mac__last0_old_value=0bv48, s1_user_mac__last0_value=1bv48, s1_user_mac__last_index=0bv32, s1_user_mac__last_old_value=0bv48, s1_user_mac__last_value=1bv48, s1_user_mac__last_write_site=1, s1_user_mac__next_write_site=1, s1_user_mac__wrote_any=true, s1_user_mac__wrote_index0=true]
[L414]  RET         call s1_user_mac.write(0bv32, s1_hdr.ethernet.srcAddr);
[L269]  RET         call s1_MyIngress_store_user_mac();
[L270]  CALL        call s1_MyIngress_read_esbox();
[L391]              s1_hdr.tcp.sequence := s1_hdr.tcp.sequence[32:8] ++ s1_es_box[0bv24 ++ s1_hdr.tcp.sequence[8:0]];
[L393]              s1_hdr.tcp.sequence := s1_hdr.tcp.sequence[32:16] ++ s1_es_box[0bv24 ++ s1_hdr.tcp.sequence[16:8]] ++ s1_hdr.tcp.sequence[8:0];
[L395]              s1_hdr.tcp.sequence := s1_hdr.tcp.sequence[32:24] ++ s1_es_box[0bv24 ++ s1_hdr.tcp.sequence[24:16]] ++ s1_hdr.tcp.sequence[16:0];
[L397]              s1_hdr.tcp.sequence := s1_es_box[0bv24 ++ s1_hdr.tcp.sequence[32:24]] ++ s1_hdr.tcp.sequence[24:0];
[L399]              s1_hdr.tcp.ackseq := s1_hdr.tcp.ackseq[32:8] ++ s1_es_box[0bv24 ++ s1_hdr.tcp.ackseq[8:0]];
[L401]              s1_hdr.tcp.ackseq := s1_hdr.tcp.ackseq[32:16] ++ s1_es_box[0bv24 ++ s1_hdr.tcp.ackseq[16:8]] ++ s1_hdr.tcp.ackseq[8:0];
[L403]              s1_hdr.tcp.ackseq := s1_hdr.tcp.ackseq[32:24] ++ s1_es_box[0bv24 ++ s1_hdr.tcp.ackseq[24:16]] ++ s1_hdr.tcp.ackseq[16:0];
[L405]              s1_hdr.tcp.ackseq := s1_es_box[0bv24 ++ s1_hdr.tcp.ackseq[32:24]] ++ s1_hdr.tcp.ackseq[24:0];
        VAL         [procurator_bad=false, procurator_step=1, s1_count__last0_old_value=0bv32, s1_count__last0_value=0bv32, s1_count__last_index=0bv32, s1_count__last_old_value=0bv32, s1_count__last_value=0bv32, s1_count__last_write_site=0, s1_count__next_write_site=0, s1_count__wrote_any=false, s1_count__wrote_index0=false, s1_ds_box__last0_old_value=0bv8, s1_ds_box__last0_value=0bv8, s1_ds_box__last_index=0bv32, s1_ds_box__last_old_value=0bv8, s1_ds_box__last_value=0bv8, s1_ds_box__last_write_site=0, s1_ds_box__next_write_site=0, s1_ds_box__wrote_any=false, s1_ds_box__wrote_index0=false, s1_es_box__last0_old_value=0bv8, s1_es_box__last0_value=0bv8, s1_es_box__last_index=0bv32, s1_es_box__last_old_value=0bv8, s1_es_box__last_value=0bv8, s1_es_box__last_write_site=0, s1_es_box__next_write_site=0, s1_es_box__wrote_any=false, s1_es_box__wrote_index0=false, s1_hdr.ethernet.dstAddr=0bv48, s1_hdr.ethernet.etherType=0bv16, s1_hdr.ethernet.srcAddr=1bv48, s1_hdr.ethernet.valid=true, s1_hdr.ipv4.dstAddr=0bv32, s1_hdr.ipv4.srcAddr=16843009bv32, s1_hdr.ipv4.valid=true, s1_hdr.tcp.ackseq=0bv32, s1_hdr.tcp.sequence=0bv32, s1_hdr.tcp.valid=true, s1_inbox_count=0, s1_p4b_checksum_error=false, s1_p4b_checksum_updated=false, s1_p4b_checksum_verified=false, s1_p4b_clone_e2e=false, s1_p4b_clone_i2e=false, s1_p4b_clone_i2i=false, s1_p4b_digest=false, s1_p4b_recirculate=false, s1_pkt_external=true, s1_standard_metadata.ingress_port=0bv9, s1_user_mac__last0_old_value=0bv48, s1_user_mac__last0_value=1bv48, s1_user_mac__last_index=0bv32, s1_user_mac__last_old_value=0bv48, s1_user_mac__last_value=1bv48, s1_user_mac__last_write_site=1, s1_user_mac__next_write_site=1, s1_user_mac__wrote_any=true, s1_user_mac__wrote_index0=true]
[L270]  RET         call s1_MyIngress_read_esbox();
[L271]  CALL        call s1_MyIngress_do_read_count();
[L383]              s1_temp_0 := s1_count[0bv32];
        VAL         [procurator_bad=false, procurator_step=1, s1_count__last0_old_value=0bv32, s1_count__last0_value=0bv32, s1_count__last_index=0bv32, s1_count__last_old_value=0bv32, s1_count__last_value=0bv32, s1_count__last_write_site=0, s1_count__next_write_site=0, s1_count__wrote_any=false, s1_count__wrote_index0=false, s1_ds_box__last0_old_value=0bv8, s1_ds_box__last0_value=0bv8, s1_ds_box__last_index=0bv32, s1_ds_box__last_old_value=0bv8, s1_ds_box__last_value=0bv8, s1_ds_box__last_write_site=0, s1_ds_box__next_write_site=0, s1_ds_box__wrote_any=false, s1_ds_box__wrote_index0=false, s1_es_box__last0_old_value=0bv8, s1_es_box__last0_value=0bv8, s1_es_box__last_index=0bv32, s1_es_box__last_old_value=0bv8, s1_es_box__last_value=0bv8, s1_es_box__last_write_site=0, s1_es_box__next_write_site=0, s1_es_box__wrote_any=false, s1_es_box__wrote_index0=false, s1_hdr.ethernet.dstAddr=0bv48, s1_hdr.ethernet.etherType=0bv16, s1_hdr.ethernet.srcAddr=1bv48, s1_hdr.ethernet.valid=true, s1_hdr.ipv4.dstAddr=0bv32, s1_hdr.ipv4.srcAddr=16843009bv32, s1_hdr.ipv4.valid=true, s1_hdr.tcp.ackseq=0bv32, s1_hdr.tcp.sequence=0bv32, s1_hdr.tcp.valid=true, s1_inbox_count=0, s1_p4b_checksum_error=false, s1_p4b_checksum_updated=false, s1_p4b_checksum_verified=false, s1_p4b_clone_e2e=false, s1_p4b_clone_i2e=false, s1_p4b_clone_i2i=false, s1_p4b_digest=false, s1_p4b_recirculate=false, s1_pkt_external=true, s1_standard_metadata.ingress_port=0bv9, s1_temp_0=1bv32, s1_user_mac__last0_old_value=0bv48, s1_user_mac__last0_value=1bv48, s1_user_mac__last_index=0bv32, s1_user_mac__last_old_value=0bv48, s1_user_mac__last_value=1bv48, s1_user_mac__last_write_site=1, s1_user_mac__next_write_site=1, s1_user_mac__wrote_any=true, s1_user_mac__wrote_index0=true]
[L271]  RET         call s1_MyIngress_do_read_count();
[L272]  COND FALSE  !(s1_temp_0 == 0bv32)
        VAL         [procurator_bad=false, procurator_step=1, s1_count__last0_old_value=0bv32, s1_count__last0_value=0bv32, s1_count__last_index=0bv32, s1_count__last_old_value=0bv32, s1_count__last_value=0bv32, s1_count__last_write_site=0, s1_count__next_write_site=0, s1_count__wrote_any=false, s1_count__wrote_index0=false, s1_ds_box__last0_old_value=0bv8, s1_ds_box__last0_value=0bv8, s1_ds_box__last_index=0bv32, s1_ds_box__last_old_value=0bv8, s1_ds_box__last_value=0bv8, s1_ds_box__last_write_site=0, s1_ds_box__next_write_site=0, s1_ds_box__wrote_any=false, s1_ds_box__wrote_index0=false, s1_es_box__last0_old_value=0bv8, s1_es_box__last0_value=0bv8, s1_es_box__last_index=0bv32, s1_es_box__last_old_value=0bv8, s1_es_box__last_value=0bv8, s1_es_box__last_write_site=0, s1_es_box__next_write_site=0, s1_es_box__wrote_any=false, s1_es_box__wrote_index0=false, s1_hdr.ethernet.dstAddr=0bv48, s1_hdr.ethernet.etherType=0bv16, s1_hdr.ethernet.srcAddr=1bv48, s1_hdr.ethernet.valid=true, s1_hdr.ipv4.dstAddr=0bv32, s1_hdr.ipv4.srcAddr=16843009bv32, s1_hdr.ipv4.valid=true, s1_hdr.tcp.ackseq=0bv32, s1_hdr.tcp.sequence=0bv32, s1_hdr.tcp.valid=true, s1_inbox_count=0, s1_p4b_checksum_error=false, s1_p4b_checksum_updated=false, s1_p4b_checksum_verified=false, s1_p4b_clone_e2e=false, s1_p4b_clone_i2e=false, s1_p4b_clone_i2i=false, s1_p4b_digest=false, s1_p4b_recirculate=false, s1_pkt_external=true, s1_standard_metadata.ingress_port=0bv9, s1_temp_0=1bv32, s1_user_mac__last0_old_value=0bv48, s1_user_mac__last0_value=1bv48, s1_user_mac__last_index=0bv32, s1_user_mac__last_old_value=0bv48, s1_user_mac__last_value=1bv48, s1_user_mac__last_write_site=1, s1_user_mac__next_write_site=1, s1_user_mac__wrote_any=true, s1_user_mac__wrote_index0=true]
[L281]  COND TRUE   s1_temp_0 == 1bv32
[L282]  CALL        call s1_MyIngress_creatmytunnel();
[L358]  FCALL       call s1_setValid(s1_hdr.ipv4_tunnel);
[L359]              s1_hdr.ipv4_tunnel.version := s1_hdr.ipv4.version;
[L360]              s1_hdr.ipv4_tunnel.ihl := 5bv4;
[L361]              s1_hdr.ipv4_tunnel.diffserv := s1_hdr.ipv4.diffserv;
[L362]              s1_hdr.ipv4_tunnel.totalLen := add.bv16(s1_hdr.ipv4.totalLen, 28bv16);
[L363]              s1_hdr.ipv4_tunnel.identification := s1_hdr.ipv4.identification;
[L364]              s1_hdr.ipv4_tunnel.flags := s1_hdr.ipv4.flags;
[L365]              s1_hdr.ipv4_tunnel.fragOffset := s1_hdr.ipv4.fragOffset;
[L366]              s1_hdr.ipv4_tunnel.ttl := s1_hdr.ipv4.ttl;
[L367]              s1_hdr.ipv4_tunnel.protocol := 17bv8;
[L368]              s1_hdr.ipv4_tunnel.srcAddr := s1_hdr.ipv4.srcAddr;
[L369]              s1_hdr.ipv4_tunnel.dstAddr := 3690098939bv32;
[L370]              s1_hdr.ethernet.dstAddr := 204790950826065bv48;
[L371]  FCALL       call s1_setValid(s1_hdr.udp_tunnel);
[L372]              s1_hdr.udp_tunnel.srcport := 52910bv16;
[L373]              s1_hdr.udp_tunnel.dstport := 80bv16;
[L374]              s1_hdr.udp_tunnel.userlength := s1_hdr.ipv4.totalLen;
[L375]              s1_hdr.udp_tunnel.checksum := 0bv16;
        VAL         [procurator_bad=false, procurator_step=1, s1_count__last0_old_value=0bv32, s1_count__last0_value=0bv32, s1_count__last_index=0bv32, s1_count__last_old_value=0bv32, s1_count__last_value=0bv32, s1_count__last_write_site=0, s1_count__next_write_site=0, s1_count__wrote_any=false, s1_count__wrote_index0=false, s1_ds_box__last0_old_value=0bv8, s1_ds_box__last0_value=0bv8, s1_ds_box__last_index=0bv32, s1_ds_box__last_old_value=0bv8, s1_ds_box__last_value=0bv8, s1_ds_box__last_write_site=0, s1_ds_box__next_write_site=0, s1_ds_box__wrote_any=false, s1_ds_box__wrote_index0=false, s1_es_box__last0_old_value=0bv8, s1_es_box__last0_value=0bv8, s1_es_box__last_index=0bv32, s1_es_box__last_old_value=0bv8, s1_es_box__last_value=0bv8, s1_es_box__last_write_site=0, s1_es_box__next_write_site=0, s1_es_box__wrote_any=false, s1_es_box__wrote_index0=false, s1_hdr.ethernet.dstAddr=204790950826065bv48, s1_hdr.ethernet.etherType=0bv16, s1_hdr.ethernet.srcAddr=1bv48, s1_hdr.ethernet.valid=true, s1_hdr.ipv4.diffserv=0bv8, s1_hdr.ipv4.dstAddr=0bv32, s1_hdr.ipv4.flags=0bv3, s1_hdr.ipv4.fragOffset=0bv13, s1_hdr.ipv4.identification=0bv16, s1_hdr.ipv4.srcAddr=16843009bv32, s1_hdr.ipv4.totalLen=0bv16, s1_hdr.ipv4.ttl=0bv8, s1_hdr.ipv4.valid=true, s1_hdr.ipv4.version=0bv4, s1_hdr.ipv4_tunnel.diffserv=0bv8, s1_hdr.ipv4_tunnel.dstAddr=3690098939bv32, s1_hdr.ipv4_tunnel.flags=0bv3, s1_hdr.ipv4_tunnel.fragOffset=0bv13, s1_hdr.ipv4_tunnel.identification=0bv16, s1_hdr.ipv4_tunnel.ihl=5bv4, s1_hdr.ipv4_tunnel.protocol=17bv8, s1_hdr.ipv4_tunnel.srcAddr=16843009bv32, s1_hdr.ipv4_tunnel.totalLen=28bv16, s1_hdr.ipv4_tunnel.ttl=0bv8, s1_hdr.ipv4_tunnel.version=0bv4, s1_hdr.tcp.ackseq=0bv32, s1_hdr.tcp.sequence=0bv32, s1_hdr.tcp.valid=true, s1_hdr.udp_tunnel.checksum=0bv16, s1_hdr.udp_tunnel.dstport=80bv16, s1_hdr.udp_tunnel.srcport=52910bv16, s1_hdr.udp_tunnel.userlength=0bv16, s1_inbox_count=0, s1_p4b_checksum_error=false, s1_p4b_checksum_updated=false, s1_p4b_checksum_verified=false, s1_p4b_clone_e2e=false, s1_p4b_clone_i2e=false, s1_p4b_clone_i2i=false, s1_p4b_digest=false, s1_p4b_recirculate=false, s1_pkt_external=true, s1_standard_metadata.ingress_port=0bv9, s1_temp_0=1bv32, s1_user_mac__last0_old_value=0bv48, s1_user_mac__last0_value=1bv48, s1_user_mac__last_index=0bv32, s1_user_mac__last_old_value=0bv48, s1_user_mac__last_value=1bv48, s1_user_mac__last_write_site=1, s1_user_mac__next_write_site=1, s1_user_mac__wrote_any=true, s1_user_mac__wrote_index0=true]
[L282]  RET         call s1_MyIngress_creatmytunnel();
[L284]              s1_count__next_write_site := 2;
        VAL         [procurator_bad=false, procurator_step=1, s1_count__last0_old_value=0bv32, s1_count__last0_value=0bv32, s1_count__last_index=0bv32, s1_count__last_old_value=0bv32, s1_count__last_value=0bv32, s1_count__last_write_site=0, s1_count__next_write_site=2, s1_count__wrote_any=false, s1_count__wrote_index0=false, s1_ds_box__last0_old_value=0bv8, s1_ds_box__last0_value=0bv8, s1_ds_box__last_index=0bv32, s1_ds_box__last_old_value=0bv8, s1_ds_box__last_value=0bv8, s1_ds_box__last_write_site=0, s1_ds_box__next_write_site=0, s1_ds_box__wrote_any=false, s1_ds_box__wrote_index0=false, s1_es_box__last0_old_value=0bv8, s1_es_box__last0_value=0bv8, s1_es_box__last_index=0bv32, s1_es_box__last_old_value=0bv8, s1_es_box__last_value=0bv8, s1_es_box__last_write_site=0, s1_es_box__next_write_site=0, s1_es_box__wrote_any=false, s1_es_box__wrote_index0=false, s1_hdr.ethernet.dstAddr=204790950826065bv48, s1_hdr.ethernet.etherType=0bv16, s1_hdr.ethernet.srcAddr=1bv48, s1_hdr.ethernet.valid=true, s1_hdr.ipv4.diffserv=0bv8, s1_hdr.ipv4.dstAddr=0bv32, s1_hdr.ipv4.flags=0bv3, s1_hdr.ipv4.fragOffset=0bv13, s1_hdr.ipv4.identification=0bv16, s1_hdr.ipv4.srcAddr=16843009bv32, s1_hdr.ipv4.totalLen=0bv16, s1_hdr.ipv4.ttl=0bv8, s1_hdr.ipv4.valid=true, s1_hdr.ipv4.version=0bv4, s1_hdr.ipv4_tunnel.diffserv=0bv8, s1_hdr.ipv4_tunnel.dstAddr=3690098939bv32, s1_hdr.ipv4_tunnel.flags=0bv3, s1_hdr.ipv4_tunnel.fragOffset=0bv13, s1_hdr.ipv4_tunnel.identification=0bv16, s1_hdr.ipv4_tunnel.ihl=5bv4, s1_hdr.ipv4_tunnel.protocol=17bv8, s1_hdr.ipv4_tunnel.srcAddr=16843009bv32, s1_hdr.ipv4_tunnel.totalLen=28bv16, s1_hdr.ipv4_tunnel.ttl=0bv8, s1_hdr.ipv4_tunnel.version=0bv4, s1_hdr.tcp.ackseq=0bv32, s1_hdr.tcp.sequence=0bv32, s1_hdr.tcp.valid=true, s1_hdr.udp_tunnel.checksum=0bv16, s1_hdr.udp_tunnel.dstport=80bv16, s1_hdr.udp_tunnel.srcport=52910bv16, s1_hdr.udp_tunnel.userlength=0bv16, s1_inbox_count=0, s1_p4b_checksum_error=false, s1_p4b_checksum_updated=false, s1_p4b_checksum_verified=false, s1_p4b_clone_e2e=false, s1_p4b_clone_i2e=false, s1_p4b_clone_i2i=false, s1_p4b_digest=false, s1_p4b_recirculate=false, s1_pkt_external=true, s1_standard_metadata.ingress_port=0bv9, s1_temp_0=1bv32, s1_user_mac__last0_old_value=0bv48, s1_user_mac__last0_value=1bv48, s1_user_mac__last_index=0bv32, s1_user_mac__last_old_value=0bv48, s1_user_mac__last_value=1bv48, s1_user_mac__last_write_site=1, s1_user_mac__next_write_site=1, s1_user_mac__wrote_any=true, s1_user_mac__wrote_index0=true]
[L285]  CALL        call s1_count.write(0bv32, 2bv32);
        VAL         [old(s1_count__last0_old_value)=0bv32, old(s1_count__last0_value)=0bv32, old(s1_count__last_index)=0bv32, old(s1_count__last_old_value)=0bv32, old(s1_count__last_value)=0bv32, old(s1_count__last_write_site)=0, old(s1_count__wrote_any)=false, old(s1_count__wrote_index0)=false, procurator_bad=false, procurator_step=1, s1_count__last0_old_value=0bv32, s1_count__last0_value=0bv32, s1_count__last_index=0bv32, s1_count__last_old_value=0bv32, s1_count__last_value=0bv32, s1_count__last_write_site=0, s1_count__next_write_site=2, s1_count__wrote_any=false, s1_count__wrote_index0=false, s1_ds_box__last0_old_value=0bv8, s1_ds_box__last0_value=0bv8, s1_ds_box__last_index=0bv32, s1_ds_box__last_old_value=0bv8, s1_ds_box__last_value=0bv8, s1_ds_box__last_write_site=0, s1_ds_box__next_write_site=0, s1_ds_box__wrote_any=false, s1_ds_box__wrote_index0=false, s1_es_box__last0_old_value=0bv8, s1_es_box__last0_value=0bv8, s1_es_box__last_index=0bv32, s1_es_box__last_old_value=0bv8, s1_es_box__last_value=0bv8, s1_es_box__last_write_site=0, s1_es_box__next_write_site=0, s1_es_box__wrote_any=false, s1_es_box__wrote_index0=false, s1_hdr.ethernet.dstAddr=204790950826065bv48, s1_hdr.ethernet.etherType=0bv16, s1_hdr.ethernet.srcAddr=1bv48, s1_hdr.ethernet.valid=true, s1_hdr.ipv4.diffserv=0bv8, s1_hdr.ipv4.dstAddr=0bv32, s1_hdr.ipv4.flags=0bv3, s1_hdr.ipv4.fragOffset=0bv13, s1_hdr.ipv4.identification=0bv16, s1_hdr.ipv4.srcAddr=16843009bv32, s1_hdr.ipv4.totalLen=0bv16, s1_hdr.ipv4.ttl=0bv8, s1_hdr.ipv4.valid=true, s1_hdr.ipv4.version=0bv4, s1_hdr.ipv4_tunnel.diffserv=0bv8, s1_hdr.ipv4_tunnel.dstAddr=3690098939bv32, s1_hdr.ipv4_tunnel.flags=0bv3, s1_hdr.ipv4_tunnel.fragOffset=0bv13, s1_hdr.ipv4_tunnel.identification=0bv16, s1_hdr.ipv4_tunnel.ihl=5bv4, s1_hdr.ipv4_tunnel.protocol=17bv8, s1_hdr.ipv4_tunnel.srcAddr=16843009bv32, s1_hdr.ipv4_tunnel.totalLen=28bv16, s1_hdr.ipv4_tunnel.ttl=0bv8, s1_hdr.ipv4_tunnel.version=0bv4, s1_hdr.tcp.ackseq=0bv32, s1_hdr.tcp.sequence=0bv32, s1_hdr.tcp.valid=true, s1_hdr.udp_tunnel.checksum=0bv16, s1_hdr.udp_tunnel.dstport=80bv16, s1_hdr.udp_tunnel.srcport=52910bv16, s1_hdr.udp_tunnel.userlength=0bv16, s1_inbox_count=0, s1_index=0bv32, s1_p4b_checksum_error=false, s1_p4b_checksum_updated=false, s1_p4b_checksum_verified=false, s1_p4b_clone_e2e=false, s1_p4b_clone_i2e=false, s1_p4b_clone_i2i=false, s1_p4b_digest=false, s1_p4b_recirculate=false, s1_pkt_external=true, s1_standard_metadata.ingress_port=0bv9, s1_temp_0=1bv32, s1_user_mac__last0_old_value=0bv48, s1_user_mac__last0_value=1bv48, s1_user_mac__last_index=0bv32, s1_user_mac__last_old_value=0bv48, s1_user_mac__last_value=1bv48, s1_user_mac__last_write_site=1, s1_user_mac__next_write_site=1, s1_user_mac__wrote_any=true, s1_user_mac__wrote_index0=true, s1_value=2bv32]
[L516]              s1_count__last_old_value := s1_count[s1_index];
[L517]              s1_count[s1_index] := s1_value;
[L518]              s1_count__last_index := s1_index;
[L519]              s1_count__last_value := s1_value;
[L520]              s1_count__last_write_site := s1_count__next_write_site;
[L521]              s1_count__wrote_any := true;
        VAL         [old(s1_count__last0_old_value)=0bv32, old(s1_count__last0_value)=0bv32, old(s1_count__last_index)=0bv32, old(s1_count__last_old_value)=0bv32, old(s1_count__last_value)=0bv32, old(s1_count__last_write_site)=0, old(s1_count__wrote_any)=false, old(s1_count__wrote_index0)=false, procurator_bad=false, procurator_step=1, s1_count__last0_old_value=0bv32, s1_count__last0_value=0bv32, s1_count__last_index=0bv32, s1_count__last_old_value=1bv32, s1_count__last_value=2bv32, s1_count__last_write_site=2, s1_count__next_write_site=2, s1_count__wrote_any=true, s1_count__wrote_index0=false, s1_ds_box__last0_old_value=0bv8, s1_ds_box__last0_value=0bv8, s1_ds_box__last_index=0bv32, s1_ds_box__last_old_value=0bv8, s1_ds_box__last_value=0bv8, s1_ds_box__last_write_site=0, s1_ds_box__next_write_site=0, s1_ds_box__wrote_any=false, s1_ds_box__wrote_index0=false, s1_es_box__last0_old_value=0bv8, s1_es_box__last0_value=0bv8, s1_es_box__last_index=0bv32, s1_es_box__last_old_value=0bv8, s1_es_box__last_value=0bv8, s1_es_box__last_write_site=0, s1_es_box__next_write_site=0, s1_es_box__wrote_any=false, s1_es_box__wrote_index0=false, s1_hdr.ethernet.dstAddr=204790950826065bv48, s1_hdr.ethernet.etherType=0bv16, s1_hdr.ethernet.srcAddr=1bv48, s1_hdr.ethernet.valid=true, s1_hdr.ipv4.diffserv=0bv8, s1_hdr.ipv4.dstAddr=0bv32, s1_hdr.ipv4.flags=0bv3, s1_hdr.ipv4.fragOffset=0bv13, s1_hdr.ipv4.identification=0bv16, s1_hdr.ipv4.srcAddr=16843009bv32, s1_hdr.ipv4.totalLen=0bv16, s1_hdr.ipv4.ttl=0bv8, s1_hdr.ipv4.valid=true, s1_hdr.ipv4.version=0bv4, s1_hdr.ipv4_tunnel.diffserv=0bv8, s1_hdr.ipv4_tunnel.dstAddr=3690098939bv32, s1_hdr.ipv4_tunnel.flags=0bv3, s1_hdr.ipv4_tunnel.fragOffset=0bv13, s1_hdr.ipv4_tunnel.identification=0bv16, s1_hdr.ipv4_tunnel.ihl=5bv4, s1_hdr.ipv4_tunnel.protocol=17bv8, s1_hdr.ipv4_tunnel.srcAddr=16843009bv32, s1_hdr.ipv4_tunnel.totalLen=28bv16, s1_hdr.ipv4_tunnel.ttl=0bv8, s1_hdr.ipv4_tunnel.version=0bv4, s1_hdr.tcp.ackseq=0bv32, s1_hdr.tcp.sequence=0bv32, s1_hdr.tcp.valid=true, s1_hdr.udp_tunnel.checksum=0bv16, s1_hdr.udp_tunnel.dstport=80bv16, s1_hdr.udp_tunnel.srcport=52910bv16, s1_hdr.udp_tunnel.userlength=0bv16, s1_inbox_count=0, s1_index=0bv32, s1_p4b_checksum_error=false, s1_p4b_checksum_updated=false, s1_p4b_checksum_verified=false, s1_p4b_clone_e2e=false, s1_p4b_clone_i2e=false, s1_p4b_clone_i2i=false, s1_p4b_digest=false, s1_p4b_recirculate=false, s1_pkt_external=true, s1_standard_metadata.ingress_port=0bv9, s1_temp_0=1bv32, s1_user_mac__last0_old_value=0bv48, s1_user_mac__last0_value=1bv48, s1_user_mac__last_index=0bv32, s1_user_mac__last_old_value=0bv48, s1_user_mac__last_value=1bv48, s1_user_mac__last_write_site=1, s1_user_mac__next_write_site=1, s1_user_mac__wrote_any=true, s1_user_mac__wrote_index0=true, s1_value=2bv32]
[L522]  COND TRUE   s1_index == 0bv32
[L523]              s1_count__wrote_index0 := true;
[L524]              s1_count__last0_old_value := s1_count__last_old_value;
[L525]              s1_count__last0_value := s1_value;
        VAL         [old(s1_count__last0_old_value)=0bv32, old(s1_count__last0_value)=0bv32, old(s1_count__last_index)=0bv32, old(s1_count__last_old_value)=0bv32, old(s1_count__last_value)=0bv32, old(s1_count__last_write_site)=0, old(s1_count__wrote_any)=false, old(s1_count__wrote_index0)=false, procurator_bad=false, procurator_step=1, s1_count__last0_old_value=1bv32, s1_count__last0_value=2bv32, s1_count__last_index=0bv32, s1_count__last_old_value=1bv32, s1_count__last_value=2bv32, s1_count__last_write_site=2, s1_count__next_write_site=2, s1_count__wrote_any=true, s1_count__wrote_index0=true, s1_ds_box__last0_old_value=0bv8, s1_ds_box__last0_value=0bv8, s1_ds_box__last_index=0bv32, s1_ds_box__last_old_value=0bv8, s1_ds_box__last_value=0bv8, s1_ds_box__last_write_site=0, s1_ds_box__next_write_site=0, s1_ds_box__wrote_any=false, s1_ds_box__wrote_index0=false, s1_es_box__last0_old_value=0bv8, s1_es_box__last0_value=0bv8, s1_es_box__last_index=0bv32, s1_es_box__last_old_value=0bv8, s1_es_box__last_value=0bv8, s1_es_box__last_write_site=0, s1_es_box__next_write_site=0, s1_es_box__wrote_any=false, s1_es_box__wrote_index0=false, s1_hdr.ethernet.dstAddr=204790950826065bv48, s1_hdr.ethernet.etherType=0bv16, s1_hdr.ethernet.srcAddr=1bv48, s1_hdr.ethernet.valid=true, s1_hdr.ipv4.diffserv=0bv8, s1_hdr.ipv4.dstAddr=0bv32, s1_hdr.ipv4.flags=0bv3, s1_hdr.ipv4.fragOffset=0bv13, s1_hdr.ipv4.identification=0bv16, s1_hdr.ipv4.srcAddr=16843009bv32, s1_hdr.ipv4.totalLen=0bv16, s1_hdr.ipv4.ttl=0bv8, s1_hdr.ipv4.valid=true, s1_hdr.ipv4.version=0bv4, s1_hdr.ipv4_tunnel.diffserv=0bv8, s1_hdr.ipv4_tunnel.dstAddr=3690098939bv32, s1_hdr.ipv4_tunnel.flags=0bv3, s1_hdr.ipv4_tunnel.fragOffset=0bv13, s1_hdr.ipv4_tunnel.identification=0bv16, s1_hdr.ipv4_tunnel.ihl=5bv4, s1_hdr.ipv4_tunnel.protocol=17bv8, s1_hdr.ipv4_tunnel.srcAddr=16843009bv32, s1_hdr.ipv4_tunnel.totalLen=28bv16, s1_hdr.ipv4_tunnel.ttl=0bv8, s1_hdr.ipv4_tunnel.version=0bv4, s1_hdr.tcp.ackseq=0bv32, s1_hdr.tcp.sequence=0bv32, s1_hdr.tcp.valid=true, s1_hdr.udp_tunnel.checksum=0bv16, s1_hdr.udp_tunnel.dstport=80bv16, s1_hdr.udp_tunnel.srcport=52910bv16, s1_hdr.udp_tunnel.userlength=0bv16, s1_inbox_count=0, s1_index=0bv32, s1_p4b_checksum_error=false, s1_p4b_checksum_updated=false, s1_p4b_checksum_verified=false, s1_p4b_clone_e2e=false, s1_p4b_clone_i2e=false, s1_p4b_clone_i2i=false, s1_p4b_digest=false, s1_p4b_recirculate=false, s1_pkt_external=true, s1_standard_metadata.ingress_port=0bv9, s1_temp_0=1bv32, s1_user_mac__last0_old_value=0bv48, s1_user_mac__last0_value=1bv48, s1_user_mac__last_index=0bv32, s1_user_mac__last_old_value=0bv48, s1_user_mac__last_value=1bv48, s1_user_mac__last_write_site=1, s1_user_mac__next_write_site=1, s1_user_mac__wrote_any=true, s1_user_mac__wrote_index0=true, s1_value=2bv32]
[L285]  RET         call s1_count.write(0bv32, 2bv32);
        VAL         [procurator_bad=false, procurator_step=1, s1_count__last0_old_value=1bv32, s1_count__last0_value=2bv32, s1_count__last_index=0bv32, s1_count__last_old_value=1bv32, s1_count__last_value=2bv32, s1_count__last_write_site=2, s1_count__next_write_site=2, s1_count__wrote_any=true, s1_count__wrote_index0=true, s1_ds_box__last0_old_value=0bv8, s1_ds_box__last0_value=0bv8, s1_ds_box__last_index=0bv32, s1_ds_box__last_old_value=0bv8, s1_ds_box__last_value=0bv8, s1_ds_box__last_write_site=0, s1_ds_box__next_write_site=0, s1_ds_box__wrote_any=false, s1_ds_box__wrote_index0=false, s1_es_box__last0_old_value=0bv8, s1_es_box__last0_value=0bv8, s1_es_box__last_index=0bv32, s1_es_box__last_old_value=0bv8, s1_es_box__last_value=0bv8, s1_es_box__last_write_site=0, s1_es_box__next_write_site=0, s1_es_box__wrote_any=false, s1_es_box__wrote_index0=false, s1_hdr.ethernet.dstAddr=204790950826065bv48, s1_hdr.ethernet.etherType=0bv16, s1_hdr.ethernet.srcAddr=1bv48, s1_hdr.ethernet.valid=true, s1_hdr.ipv4.diffserv=0bv8, s1_hdr.ipv4.dstAddr=0bv32, s1_hdr.ipv4.flags=0bv3, s1_hdr.ipv4.fragOffset=0bv13, s1_hdr.ipv4.identification=0bv16, s1_hdr.ipv4.srcAddr=16843009bv32, s1_hdr.ipv4.totalLen=0bv16, s1_hdr.ipv4.ttl=0bv8, s1_hdr.ipv4.valid=true, s1_hdr.ipv4.version=0bv4, s1_hdr.ipv4_tunnel.diffserv=0bv8, s1_hdr.ipv4_tunnel.dstAddr=3690098939bv32, s1_hdr.ipv4_tunnel.flags=0bv3, s1_hdr.ipv4_tunnel.fragOffset=0bv13, s1_hdr.ipv4_tunnel.identification=0bv16, s1_hdr.ipv4_tunnel.ihl=5bv4, s1_hdr.ipv4_tunnel.protocol=17bv8, s1_hdr.ipv4_tunnel.srcAddr=16843009bv32, s1_hdr.ipv4_tunnel.totalLen=28bv16, s1_hdr.ipv4_tunnel.ttl=0bv8, s1_hdr.ipv4_tunnel.version=0bv4, s1_hdr.tcp.ackseq=0bv32, s1_hdr.tcp.sequence=0bv32, s1_hdr.tcp.valid=true, s1_hdr.udp_tunnel.checksum=0bv16, s1_hdr.udp_tunnel.dstport=80bv16, s1_hdr.udp_tunnel.srcport=52910bv16, s1_hdr.udp_tunnel.userlength=0bv16, s1_inbox_count=0, s1_p4b_checksum_error=false, s1_p4b_checksum_updated=false, s1_p4b_checksum_verified=false, s1_p4b_clone_e2e=false, s1_p4b_clone_i2e=false, s1_p4b_clone_i2i=false, s1_p4b_digest=false, s1_p4b_recirculate=false, s1_pkt_external=true, s1_standard_metadata.ingress_port=0bv9, s1_temp_0=1bv32, s1_user_mac__last0_old_value=0bv48, s1_user_mac__last0_value=1bv48, s1_user_mac__last_index=0bv32, s1_user_mac__last_old_value=0bv48, s1_user_mac__last_value=1bv48, s1_user_mac__last_write_site=1, s1_user_mac__next_write_site=1, s1_user_mac__wrote_any=true, s1_user_mac__wrote_index0=true]
[L286]              s1_standard_metadata.egress_spec := 2bv9;
[L287]              s1_standard_metadata.egress_port := 2bv9;
[L288]              s1_forward := true;
        VAL         [procurator_bad=false, procurator_step=1, s1_count__last0_old_value=1bv32, s1_count__last0_value=2bv32, s1_count__last_index=0bv32, s1_count__last_old_value=1bv32, s1_count__last_value=2bv32, s1_count__last_write_site=2, s1_count__next_write_site=2, s1_count__wrote_any=true, s1_count__wrote_index0=true, s1_ds_box__last0_old_value=0bv8, s1_ds_box__last0_value=0bv8, s1_ds_box__last_index=0bv32, s1_ds_box__last_old_value=0bv8, s1_ds_box__last_value=0bv8, s1_ds_box__last_write_site=0, s1_ds_box__next_write_site=0, s1_ds_box__wrote_any=false, s1_ds_box__wrote_index0=false, s1_es_box__last0_old_value=0bv8, s1_es_box__last0_value=0bv8, s1_es_box__last_index=0bv32, s1_es_box__last_old_value=0bv8, s1_es_box__last_value=0bv8, s1_es_box__last_write_site=0, s1_es_box__next_write_site=0, s1_es_box__wrote_any=false, s1_es_box__wrote_index0=false, s1_forward=true, s1_hdr.ethernet.dstAddr=204790950826065bv48, s1_hdr.ethernet.etherType=0bv16, s1_hdr.ethernet.srcAddr=1bv48, s1_hdr.ethernet.valid=true, s1_hdr.ipv4.diffserv=0bv8, s1_hdr.ipv4.dstAddr=0bv32, s1_hdr.ipv4.flags=0bv3, s1_hdr.ipv4.fragOffset=0bv13, s1_hdr.ipv4.identification=0bv16, s1_hdr.ipv4.srcAddr=16843009bv32, s1_hdr.ipv4.totalLen=0bv16, s1_hdr.ipv4.ttl=0bv8, s1_hdr.ipv4.valid=true, s1_hdr.ipv4.version=0bv4, s1_hdr.ipv4_tunnel.diffserv=0bv8, s1_hdr.ipv4_tunnel.dstAddr=3690098939bv32, s1_hdr.ipv4_tunnel.flags=0bv3, s1_hdr.ipv4_tunnel.fragOffset=0bv13, s1_hdr.ipv4_tunnel.identification=0bv16, s1_hdr.ipv4_tunnel.ihl=5bv4, s1_hdr.ipv4_tunnel.protocol=17bv8, s1_hdr.ipv4_tunnel.srcAddr=16843009bv32, s1_hdr.ipv4_tunnel.totalLen=28bv16, s1_hdr.ipv4_tunnel.ttl=0bv8, s1_hdr.ipv4_tunnel.version=0bv4, s1_hdr.tcp.ackseq=0bv32, s1_hdr.tcp.sequence=0bv32, s1_hdr.tcp.valid=true, s1_hdr.udp_tunnel.checksum=0bv16, s1_hdr.udp_tunnel.dstport=80bv16, s1_hdr.udp_tunnel.srcport=52910bv16, s1_hdr.udp_tunnel.userlength=0bv16, s1_inbox_count=0, s1_p4b_checksum_error=false, s1_p4b_checksum_updated=false, s1_p4b_checksum_verified=false, s1_p4b_clone_e2e=false, s1_p4b_clone_i2e=false, s1_p4b_clone_i2i=false, s1_p4b_digest=false, s1_p4b_recirculate=false, s1_pkt_external=true, s1_standard_metadata.egress_port=2bv9, s1_standard_metadata.egress_spec=2bv9, s1_standard_metadata.ingress_port=0bv9, s1_temp_0=1bv32, s1_user_mac__last0_old_value=0bv48, s1_user_mac__last0_value=1bv48, s1_user_mac__last_index=0bv32, s1_user_mac__last_old_value=0bv48, s1_user_mac__last_value=1bv48, s1_user_mac__last_write_site=1, s1_user_mac__next_write_site=1, s1_user_mac__wrote_any=true, s1_user_mac__wrote_index0=true]
[L290]  COND FALSE  !(s1_temp_0 == 2bv32)
        VAL         [procurator_bad=false, procurator_step=1, s1_count__last0_old_value=1bv32, s1_count__last0_value=2bv32, s1_count__last_index=0bv32, s1_count__last_old_value=1bv32, s1_count__last_value=2bv32, s1_count__last_write_site=2, s1_count__next_write_site=2, s1_count__wrote_any=true, s1_count__wrote_index0=true, s1_ds_box__last0_old_value=0bv8, s1_ds_box__last0_value=0bv8, s1_ds_box__last_index=0bv32, s1_ds_box__last_old_value=0bv8, s1_ds_box__last_value=0bv8, s1_ds_box__last_write_site=0, s1_ds_box__next_write_site=0, s1_ds_box__wrote_any=false, s1_ds_box__wrote_index0=false, s1_es_box__last0_old_value=0bv8, s1_es_box__last0_value=0bv8, s1_es_box__last_index=0bv32, s1_es_box__last_old_value=0bv8, s1_es_box__last_value=0bv8, s1_es_box__last_write_site=0, s1_es_box__next_write_site=0, s1_es_box__wrote_any=false, s1_es_box__wrote_index0=false, s1_forward=true, s1_hdr.ethernet.dstAddr=204790950826065bv48, s1_hdr.ethernet.etherType=0bv16, s1_hdr.ethernet.srcAddr=1bv48, s1_hdr.ethernet.valid=true, s1_hdr.ipv4.diffserv=0bv8, s1_hdr.ipv4.dstAddr=0bv32, s1_hdr.ipv4.flags=0bv3, s1_hdr.ipv4.fragOffset=0bv13, s1_hdr.ipv4.identification=0bv16, s1_hdr.ipv4.srcAddr=16843009bv32, s1_hdr.ipv4.totalLen=0bv16, s1_hdr.ipv4.ttl=0bv8, s1_hdr.ipv4.valid=true, s1_hdr.ipv4.version=0bv4, s1_hdr.ipv4_tunnel.diffserv=0bv8, s1_hdr.ipv4_tunnel.dstAddr=3690098939bv32, s1_hdr.ipv4_tunnel.flags=0bv3, s1_hdr.ipv4_tunnel.fragOffset=0bv13, s1_hdr.ipv4_tunnel.identification=0bv16, s1_hdr.ipv4_tunnel.ihl=5bv4, s1_hdr.ipv4_tunnel.protocol=17bv8, s1_hdr.ipv4_tunnel.srcAddr=16843009bv32, s1_hdr.ipv4_tunnel.totalLen=28bv16, s1_hdr.ipv4_tunnel.ttl=0bv8, s1_hdr.ipv4_tunnel.version=0bv4, s1_hdr.tcp.ackseq=0bv32, s1_hdr.tcp.sequence=0bv32, s1_hdr.tcp.valid=true, s1_hdr.udp_tunnel.checksum=0bv16, s1_hdr.udp_tunnel.dstport=80bv16, s1_hdr.udp_tunnel.srcport=52910bv16, s1_hdr.udp_tunnel.userlength=0bv16, s1_inbox_count=0, s1_p4b_checksum_error=false, s1_p4b_checksum_updated=false, s1_p4b_checksum_verified=false, s1_p4b_clone_e2e=false, s1_p4b_clone_i2e=false, s1_p4b_clone_i2i=false, s1_p4b_digest=false, s1_p4b_recirculate=false, s1_pkt_external=true, s1_standard_metadata.egress_port=2bv9, s1_standard_metadata.egress_spec=2bv9, s1_standard_metadata.ingress_port=0bv9, s1_temp_0=1bv32, s1_user_mac__last0_old_value=0bv48, s1_user_mac__last0_value=1bv48, s1_user_mac__last_index=0bv32, s1_user_mac__last_old_value=0bv48, s1_user_mac__last_value=1bv48, s1_user_mac__last_write_site=1, s1_user_mac__next_write_site=1, s1_user_mac__wrote_any=true, s1_user_mac__wrote_index0=true]
[L299]              assert (s1_standard_metadata.egress_spec == 1bv9 || s1_standard_metadata.egress_spec == 2bv9) || s1_standard_metadata.egress_spec == 3bv9;
        VAL         [procurator_bad=false, procurator_step=1, s1_count__last0_old_value=1bv32, s1_count__last0_value=2bv32, s1_count__last_index=0bv32, s1_count__last_old_value=1bv32, s1_count__last_value=2bv32, s1_count__last_write_site=2, s1_count__next_write_site=2, s1_count__wrote_any=true, s1_count__wrote_index0=true, s1_ds_box__last0_old_value=0bv8, s1_ds_box__last0_value=0bv8, s1_ds_box__last_index=0bv32, s1_ds_box__last_old_value=0bv8, s1_ds_box__last_value=0bv8, s1_ds_box__last_write_site=0, s1_ds_box__next_write_site=0, s1_ds_box__wrote_any=false, s1_ds_box__wrote_index0=false, s1_es_box__last0_old_value=0bv8, s1_es_box__last0_value=0bv8, s1_es_box__last_index=0bv32, s1_es_box__last_old_value=0bv8, s1_es_box__last_value=0bv8, s1_es_box__last_write_site=0, s1_es_box__next_write_site=0, s1_es_box__wrote_any=false, s1_es_box__wrote_index0=false, s1_forward=true, s1_hdr.ethernet.dstAddr=204790950826065bv48, s1_hdr.ethernet.etherType=0bv16, s1_hdr.ethernet.srcAddr=1bv48, s1_hdr.ethernet.valid=true, s1_hdr.ipv4.diffserv=0bv8, s1_hdr.ipv4.dstAddr=0bv32, s1_hdr.ipv4.flags=0bv3, s1_hdr.ipv4.fragOffset=0bv13, s1_hdr.ipv4.identification=0bv16, s1_hdr.ipv4.srcAddr=16843009bv32, s1_hdr.ipv4.totalLen=0bv16, s1_hdr.ipv4.ttl=0bv8, s1_hdr.ipv4.valid=true, s1_hdr.ipv4.version=0bv4, s1_hdr.ipv4_tunnel.diffserv=0bv8, s1_hdr.ipv4_tunnel.dstAddr=3690098939bv32, s1_hdr.ipv4_tunnel.flags=0bv3, s1_hdr.ipv4_tunnel.fragOffset=0bv13, s1_hdr.ipv4_tunnel.identification=0bv16, s1_hdr.ipv4_tunnel.ihl=5bv4, s1_hdr.ipv4_tunnel.protocol=17bv8, s1_hdr.ipv4_tunnel.srcAddr=16843009bv32, s1_hdr.ipv4_tunnel.totalLen=28bv16, s1_hdr.ipv4_tunnel.ttl=0bv8, s1_hdr.ipv4_tunnel.version=0bv4, s1_hdr.tcp.ackseq=0bv32, s1_hdr.tcp.sequence=0bv32, s1_hdr.tcp.valid=true, s1_hdr.udp_tunnel.checksum=0bv16, s1_hdr.udp_tunnel.dstport=80bv16, s1_hdr.udp_tunnel.srcport=52910bv16, s1_hdr.udp_tunnel.userlength=0bv16, s1_inbox_count=0, s1_p4b_checksum_error=false, s1_p4b_checksum_updated=false, s1_p4b_checksum_verified=false, s1_p4b_clone_e2e=false, s1_p4b_clone_i2e=false, s1_p4b_clone_i2i=false, s1_p4b_digest=false, s1_p4b_recirculate=false, s1_pkt_external=true, s1_standard_metadata.egress_port=2bv9, s1_standard_metadata.egress_spec=2bv9, s1_standard_metadata.ingress_port=0bv9, s1_temp_0=1bv32, s1_user_mac__last0_old_value=0bv48, s1_user_mac__last0_value=1bv48, s1_user_mac__last_index=0bv32, s1_user_mac__last_old_value=0bv48, s1_user_mac__last_value=1bv48, s1_user_mac__last_write_site=1, s1_user_mac__next_write_site=1, s1_user_mac__wrote_any=true, s1_user_mac__wrote_index0=true]
[L565]  RET         call s1_MyIngress();
[L566]  CALL        call s1_MyEgress();
[L228]  COND FALSE  !(s1_standard_metadata.egress_port == 0bv9 && s1_isValid[s1_hdr.tcp])
        VAL         [procurator_bad=false, procurator_step=1, s1_count__last0_old_value=1bv32, s1_count__last0_value=2bv32, s1_count__last_index=0bv32, s1_count__last_old_value=1bv32, s1_count__last_value=2bv32, s1_count__last_write_site=2, s1_count__next_write_site=2, s1_count__wrote_any=true, s1_count__wrote_index0=true, s1_ds_box__last0_old_value=0bv8, s1_ds_box__last0_value=0bv8, s1_ds_box__last_index=0bv32, s1_ds_box__last_old_value=0bv8, s1_ds_box__last_value=0bv8, s1_ds_box__last_write_site=0, s1_ds_box__next_write_site=0, s1_ds_box__wrote_any=false, s1_ds_box__wrote_index0=false, s1_es_box__last0_old_value=0bv8, s1_es_box__last0_value=0bv8, s1_es_box__last_index=0bv32, s1_es_box__last_old_value=0bv8, s1_es_box__last_value=0bv8, s1_es_box__last_write_site=0, s1_es_box__next_write_site=0, s1_es_box__wrote_any=false, s1_es_box__wrote_index0=false, s1_forward=true, s1_hdr.ethernet.dstAddr=204790950826065bv48, s1_hdr.ethernet.etherType=0bv16, s1_hdr.ethernet.srcAddr=1bv48, s1_hdr.ethernet.valid=true, s1_hdr.ipv4.diffserv=0bv8, s1_hdr.ipv4.dstAddr=0bv32, s1_hdr.ipv4.flags=0bv3, s1_hdr.ipv4.fragOffset=0bv13, s1_hdr.ipv4.identification=0bv16, s1_hdr.ipv4.srcAddr=16843009bv32, s1_hdr.ipv4.totalLen=0bv16, s1_hdr.ipv4.ttl=0bv8, s1_hdr.ipv4.valid=true, s1_hdr.ipv4.version=0bv4, s1_hdr.ipv4_tunnel.diffserv=0bv8, s1_hdr.ipv4_tunnel.dstAddr=3690098939bv32, s1_hdr.ipv4_tunnel.flags=0bv3, s1_hdr.ipv4_tunnel.fragOffset=0bv13, s1_hdr.ipv4_tunnel.identification=0bv16, s1_hdr.ipv4_tunnel.ihl=5bv4, s1_hdr.ipv4_tunnel.protocol=17bv8, s1_hdr.ipv4_tunnel.srcAddr=16843009bv32, s1_hdr.ipv4_tunnel.totalLen=28bv16, s1_hdr.ipv4_tunnel.ttl=0bv8, s1_hdr.ipv4_tunnel.version=0bv4, s1_hdr.tcp.ackseq=0bv32, s1_hdr.tcp.sequence=0bv32, s1_hdr.tcp.valid=true, s1_hdr.udp_tunnel.checksum=0bv16, s1_hdr.udp_tunnel.dstport=80bv16, s1_hdr.udp_tunnel.srcport=52910bv16, s1_hdr.udp_tunnel.userlength=0bv16, s1_inbox_count=0, s1_p4b_checksum_error=false, s1_p4b_checksum_updated=false, s1_p4b_checksum_verified=false, s1_p4b_clone_e2e=false, s1_p4b_clone_i2e=false, s1_p4b_clone_i2i=false, s1_p4b_digest=false, s1_p4b_recirculate=false, s1_pkt_external=true, s1_standard_metadata.egress_port=2bv9, s1_standard_metadata.egress_spec=2bv9, s1_standard_metadata.ingress_port=0bv9, s1_temp_0=1bv32, s1_user_mac__last0_old_value=0bv48, s1_user_mac__last0_value=1bv48, s1_user_mac__last_index=0bv32, s1_user_mac__last_old_value=0bv48, s1_user_mac__last_value=1bv48, s1_user_mac__last_write_site=1, s1_user_mac__next_write_site=1, s1_user_mac__wrote_any=true, s1_user_mac__wrote_index0=true]
[L566]  RET         call s1_MyEgress();
[L567]  CALL        call s1_MyComputeChecksum();
[L214]  COND TRUE   s1_isValid[s1_hdr.ipv4]
[L215]              s1_p4b_checksum_updated := true;
[L216]              havoc s1_hdr.ipv4.hdrChecksum;
        VAL         [procurator_bad=false, procurator_step=1, s1_count__last0_old_value=1bv32, s1_count__last0_value=2bv32, s1_count__last_index=0bv32, s1_count__last_old_value=1bv32, s1_count__last_value=2bv32, s1_count__last_write_site=2, s1_count__next_write_site=2, s1_count__wrote_any=true, s1_count__wrote_index0=true, s1_ds_box__last0_old_value=0bv8, s1_ds_box__last0_value=0bv8, s1_ds_box__last_index=0bv32, s1_ds_box__last_old_value=0bv8, s1_ds_box__last_value=0bv8, s1_ds_box__last_write_site=0, s1_ds_box__next_write_site=0, s1_ds_box__wrote_any=false, s1_ds_box__wrote_index0=false, s1_es_box__last0_old_value=0bv8, s1_es_box__last0_value=0bv8, s1_es_box__last_index=0bv32, s1_es_box__last_old_value=0bv8, s1_es_box__last_value=0bv8, s1_es_box__last_write_site=0, s1_es_box__next_write_site=0, s1_es_box__wrote_any=false, s1_es_box__wrote_index0=false, s1_forward=true, s1_hdr.ethernet.dstAddr=204790950826065bv48, s1_hdr.ethernet.etherType=0bv16, s1_hdr.ethernet.srcAddr=1bv48, s1_hdr.ethernet.valid=true, s1_hdr.ipv4.diffserv=0bv8, s1_hdr.ipv4.dstAddr=0bv32, s1_hdr.ipv4.flags=0bv3, s1_hdr.ipv4.fragOffset=0bv13, s1_hdr.ipv4.identification=0bv16, s1_hdr.ipv4.srcAddr=16843009bv32, s1_hdr.ipv4.totalLen=0bv16, s1_hdr.ipv4.ttl=0bv8, s1_hdr.ipv4.valid=true, s1_hdr.ipv4.version=0bv4, s1_hdr.ipv4_tunnel.diffserv=0bv8, s1_hdr.ipv4_tunnel.dstAddr=3690098939bv32, s1_hdr.ipv4_tunnel.flags=0bv3, s1_hdr.ipv4_tunnel.fragOffset=0bv13, s1_hdr.ipv4_tunnel.identification=0bv16, s1_hdr.ipv4_tunnel.ihl=5bv4, s1_hdr.ipv4_tunnel.protocol=17bv8, s1_hdr.ipv4_tunnel.srcAddr=16843009bv32, s1_hdr.ipv4_tunnel.totalLen=28bv16, s1_hdr.ipv4_tunnel.ttl=0bv8, s1_hdr.ipv4_tunnel.version=0bv4, s1_hdr.tcp.ackseq=0bv32, s1_hdr.tcp.sequence=0bv32, s1_hdr.tcp.valid=true, s1_hdr.udp_tunnel.checksum=0bv16, s1_hdr.udp_tunnel.dstport=80bv16, s1_hdr.udp_tunnel.srcport=52910bv16, s1_hdr.udp_tunnel.userlength=0bv16, s1_inbox_count=0, s1_p4b_checksum_error=false, s1_p4b_checksum_updated=true, s1_p4b_checksum_verified=false, s1_p4b_clone_e2e=false, s1_p4b_clone_i2e=false, s1_p4b_clone_i2i=false, s1_p4b_digest=false, s1_p4b_recirculate=false, s1_pkt_external=true, s1_standard_metadata.egress_port=2bv9, s1_standard_metadata.egress_spec=2bv9, s1_standard_metadata.ingress_port=0bv9, s1_temp_0=1bv32, s1_user_mac__last0_old_value=0bv48, s1_user_mac__last0_value=1bv48, s1_user_mac__last_index=0bv32, s1_user_mac__last_old_value=0bv48, s1_user_mac__last_value=1bv48, s1_user_mac__last_write_site=1, s1_user_mac__next_write_site=1, s1_user_mac__wrote_any=true, s1_user_mac__wrote_index0=true]
[L218]  COND TRUE   s1_isValid[s1_hdr.ipv4_tunnel]
[L219]              s1_p4b_checksum_updated := true;
[L220]              havoc s1_hdr.ipv4_tunnel.hdrChecksum;
        VAL         [procurator_bad=false, procurator_step=1, s1_count__last0_old_value=1bv32, s1_count__last0_value=2bv32, s1_count__last_index=0bv32, s1_count__last_old_value=1bv32, s1_count__last_value=2bv32, s1_count__last_write_site=2, s1_count__next_write_site=2, s1_count__wrote_any=true, s1_count__wrote_index0=true, s1_ds_box__last0_old_value=0bv8, s1_ds_box__last0_value=0bv8, s1_ds_box__last_index=0bv32, s1_ds_box__last_old_value=0bv8, s1_ds_box__last_value=0bv8, s1_ds_box__last_write_site=0, s1_ds_box__next_write_site=0, s1_ds_box__wrote_any=false, s1_ds_box__wrote_index0=false, s1_es_box__last0_old_value=0bv8, s1_es_box__last0_value=0bv8, s1_es_box__last_index=0bv32, s1_es_box__last_old_value=0bv8, s1_es_box__last_value=0bv8, s1_es_box__last_write_site=0, s1_es_box__next_write_site=0, s1_es_box__wrote_any=false, s1_es_box__wrote_index0=false, s1_forward=true, s1_hdr.ethernet.dstAddr=204790950826065bv48, s1_hdr.ethernet.etherType=0bv16, s1_hdr.ethernet.srcAddr=1bv48, s1_hdr.ethernet.valid=true, s1_hdr.ipv4.diffserv=0bv8, s1_hdr.ipv4.dstAddr=0bv32, s1_hdr.ipv4.flags=0bv3, s1_hdr.ipv4.fragOffset=0bv13, s1_hdr.ipv4.identification=0bv16, s1_hdr.ipv4.srcAddr=16843009bv32, s1_hdr.ipv4.totalLen=0bv16, s1_hdr.ipv4.ttl=0bv8, s1_hdr.ipv4.valid=true, s1_hdr.ipv4.version=0bv4, s1_hdr.ipv4_tunnel.diffserv=0bv8, s1_hdr.ipv4_tunnel.dstAddr=3690098939bv32, s1_hdr.ipv4_tunnel.flags=0bv3, s1_hdr.ipv4_tunnel.fragOffset=0bv13, s1_hdr.ipv4_tunnel.identification=0bv16, s1_hdr.ipv4_tunnel.ihl=5bv4, s1_hdr.ipv4_tunnel.protocol=17bv8, s1_hdr.ipv4_tunnel.srcAddr=16843009bv32, s1_hdr.ipv4_tunnel.totalLen=28bv16, s1_hdr.ipv4_tunnel.ttl=0bv8, s1_hdr.ipv4_tunnel.version=0bv4, s1_hdr.tcp.ackseq=0bv32, s1_hdr.tcp.sequence=0bv32, s1_hdr.tcp.valid=true, s1_hdr.udp_tunnel.checksum=0bv16, s1_hdr.udp_tunnel.dstport=80bv16, s1_hdr.udp_tunnel.srcport=52910bv16, s1_hdr.udp_tunnel.userlength=0bv16, s1_inbox_count=0, s1_p4b_checksum_error=false, s1_p4b_checksum_updated=true, s1_p4b_checksum_verified=false, s1_p4b_clone_e2e=false, s1_p4b_clone_i2e=false, s1_p4b_clone_i2i=false, s1_p4b_digest=false, s1_p4b_recirculate=false, s1_pkt_external=true, s1_standard_metadata.egress_port=2bv9, s1_standard_metadata.egress_spec=2bv9, s1_standard_metadata.ingress_port=0bv9, s1_temp_0=1bv32, s1_user_mac__last0_old_value=0bv48, s1_user_mac__last0_value=1bv48, s1_user_mac__last_index=0bv32, s1_user_mac__last_old_value=0bv48, s1_user_mac__last_value=1bv48, s1_user_mac__last_write_site=1, s1_user_mac__next_write_site=1, s1_user_mac__wrote_any=true, s1_user_mac__wrote_index0=true]
[L567]  RET         call s1_MyComputeChecksum();
[L568]  COND FALSE  !(s1_forward == false)
        VAL         [procurator_bad=false, procurator_step=1, s1_count__last0_old_value=1bv32, s1_count__last0_value=2bv32, s1_count__last_index=0bv32, s1_count__last_old_value=1bv32, s1_count__last_value=2bv32, s1_count__last_write_site=2, s1_count__next_write_site=2, s1_count__wrote_any=true, s1_count__wrote_index0=true, s1_ds_box__last0_old_value=0bv8, s1_ds_box__last0_value=0bv8, s1_ds_box__last_index=0bv32, s1_ds_box__last_old_value=0bv8, s1_ds_box__last_value=0bv8, s1_ds_box__last_write_site=0, s1_ds_box__next_write_site=0, s1_ds_box__wrote_any=false, s1_ds_box__wrote_index0=false, s1_es_box__last0_old_value=0bv8, s1_es_box__last0_value=0bv8, s1_es_box__last_index=0bv32, s1_es_box__last_old_value=0bv8, s1_es_box__last_value=0bv8, s1_es_box__last_write_site=0, s1_es_box__next_write_site=0, s1_es_box__wrote_any=false, s1_es_box__wrote_index0=false, s1_forward=true, s1_hdr.ethernet.dstAddr=204790950826065bv48, s1_hdr.ethernet.etherType=0bv16, s1_hdr.ethernet.srcAddr=1bv48, s1_hdr.ethernet.valid=true, s1_hdr.ipv4.diffserv=0bv8, s1_hdr.ipv4.dstAddr=0bv32, s1_hdr.ipv4.flags=0bv3, s1_hdr.ipv4.fragOffset=0bv13, s1_hdr.ipv4.identification=0bv16, s1_hdr.ipv4.srcAddr=16843009bv32, s1_hdr.ipv4.totalLen=0bv16, s1_hdr.ipv4.ttl=0bv8, s1_hdr.ipv4.valid=true, s1_hdr.ipv4.version=0bv4, s1_hdr.ipv4_tunnel.diffserv=0bv8, s1_hdr.ipv4_tunnel.dstAddr=3690098939bv32, s1_hdr.ipv4_tunnel.flags=0bv3, s1_hdr.ipv4_tunnel.fragOffset=0bv13, s1_hdr.ipv4_tunnel.identification=0bv16, s1_hdr.ipv4_tunnel.ihl=5bv4, s1_hdr.ipv4_tunnel.protocol=17bv8, s1_hdr.ipv4_tunnel.srcAddr=16843009bv32, s1_hdr.ipv4_tunnel.totalLen=28bv16, s1_hdr.ipv4_tunnel.ttl=0bv8, s1_hdr.ipv4_tunnel.version=0bv4, s1_hdr.tcp.ackseq=0bv32, s1_hdr.tcp.sequence=0bv32, s1_hdr.tcp.valid=true, s1_hdr.udp_tunnel.checksum=0bv16, s1_hdr.udp_tunnel.dstport=80bv16, s1_hdr.udp_tunnel.srcport=52910bv16, s1_hdr.udp_tunnel.userlength=0bv16, s1_inbox_count=0, s1_p4b_checksum_error=false, s1_p4b_checksum_updated=true, s1_p4b_checksum_verified=false, s1_p4b_clone_e2e=false, s1_p4b_clone_i2e=false, s1_p4b_clone_i2i=false, s1_p4b_digest=false, s1_p4b_recirculate=false, s1_pkt_external=true, s1_standard_metadata.egress_port=2bv9, s1_standard_metadata.egress_spec=2bv9, s1_standard_metadata.ingress_port=0bv9, s1_temp_0=1bv32, s1_user_mac__last0_old_value=0bv48, s1_user_mac__last0_value=1bv48, s1_user_mac__last_index=0bv32, s1_user_mac__last_old_value=0bv48, s1_user_mac__last_value=1bv48, s1_user_mac__last_write_site=1, s1_user_mac__next_write_site=1, s1_user_mac__wrote_any=true, s1_user_mac__wrote_index0=true]
[L583]  RET         call s1_main();
[L830]  RET         call s1_mainProcedure();
[L831]  COND FALSE  !(s1_p4b_clone_i2e)
        VAL         [procurator_bad=false, procurator_step=1, s1_count__last0_old_value=1bv32, s1_count__last0_value=2bv32, s1_count__last_index=0bv32, s1_count__last_old_value=1bv32, s1_count__last_value=2bv32, s1_count__last_write_site=2, s1_count__next_write_site=2, s1_count__wrote_any=true, s1_count__wrote_index0=true, s1_ds_box__last0_old_value=0bv8, s1_ds_box__last0_value=0bv8, s1_ds_box__last_index=0bv32, s1_ds_box__last_old_value=0bv8, s1_ds_box__last_value=0bv8, s1_ds_box__last_write_site=0, s1_ds_box__next_write_site=0, s1_ds_box__wrote_any=false, s1_ds_box__wrote_index0=false, s1_es_box__last0_old_value=0bv8, s1_es_box__last0_value=0bv8, s1_es_box__last_index=0bv32, s1_es_box__last_old_value=0bv8, s1_es_box__last_value=0bv8, s1_es_box__last_write_site=0, s1_es_box__next_write_site=0, s1_es_box__wrote_any=false, s1_es_box__wrote_index0=false, s1_forward=true, s1_hdr.ethernet.dstAddr=204790950826065bv48, s1_hdr.ethernet.etherType=0bv16, s1_hdr.ethernet.srcAddr=1bv48, s1_hdr.ethernet.valid=true, s1_hdr.ipv4.diffserv=0bv8, s1_hdr.ipv4.dstAddr=0bv32, s1_hdr.ipv4.flags=0bv3, s1_hdr.ipv4.fragOffset=0bv13, s1_hdr.ipv4.identification=0bv16, s1_hdr.ipv4.srcAddr=16843009bv32, s1_hdr.ipv4.totalLen=0bv16, s1_hdr.ipv4.ttl=0bv8, s1_hdr.ipv4.valid=true, s1_hdr.ipv4.version=0bv4, s1_hdr.ipv4_tunnel.diffserv=0bv8, s1_hdr.ipv4_tunnel.dstAddr=3690098939bv32, s1_hdr.ipv4_tunnel.flags=0bv3, s1_hdr.ipv4_tunnel.fragOffset=0bv13, s1_hdr.ipv4_tunnel.identification=0bv16, s1_hdr.ipv4_tunnel.ihl=5bv4, s1_hdr.ipv4_tunnel.protocol=17bv8, s1_hdr.ipv4_tunnel.srcAddr=16843009bv32, s1_hdr.ipv4_tunnel.totalLen=28bv16, s1_hdr.ipv4_tunnel.ttl=0bv8, s1_hdr.ipv4_tunnel.version=0bv4, s1_hdr.tcp.ackseq=0bv32, s1_hdr.tcp.sequence=0bv32, s1_hdr.tcp.valid=true, s1_hdr.udp_tunnel.checksum=0bv16, s1_hdr.udp_tunnel.dstport=80bv16, s1_hdr.udp_tunnel.srcport=52910bv16, s1_hdr.udp_tunnel.userlength=0bv16, s1_inbox_count=0, s1_p4b_checksum_error=false, s1_p4b_checksum_updated=true, s1_p4b_checksum_verified=false, s1_p4b_clone_e2e=false, s1_p4b_clone_i2e=false, s1_p4b_clone_i2i=false, s1_p4b_digest=false, s1_p4b_recirculate=false, s1_pkt_external=true, s1_standard_metadata.egress_port=2bv9, s1_standard_metadata.egress_spec=2bv9, s1_standard_metadata.ingress_port=0bv9, s1_temp_0=1bv32, s1_user_mac__last0_old_value=0bv48, s1_user_mac__last0_value=1bv48, s1_user_mac__last_index=0bv32, s1_user_mac__last_old_value=0bv48, s1_user_mac__last_value=1bv48, s1_user_mac__last_write_site=1, s1_user_mac__next_write_site=1, s1_user_mac__wrote_any=true, s1_user_mac__wrote_index0=true]
[L836]              s1_p4b_clone_i2e := false;
        VAL         [procurator_bad=false, procurator_step=1, s1_count__last0_old_value=1bv32, s1_count__last0_value=2bv32, s1_count__last_index=0bv32, s1_count__last_old_value=1bv32, s1_count__last_value=2bv32, s1_count__last_write_site=2, s1_count__next_write_site=2, s1_count__wrote_any=true, s1_count__wrote_index0=true, s1_ds_box__last0_old_value=0bv8, s1_ds_box__last0_value=0bv8, s1_ds_box__last_index=0bv32, s1_ds_box__last_old_value=0bv8, s1_ds_box__last_value=0bv8, s1_ds_box__last_write_site=0, s1_ds_box__next_write_site=0, s1_ds_box__wrote_any=false, s1_ds_box__wrote_index0=false, s1_es_box__last0_old_value=0bv8, s1_es_box__last0_value=0bv8, s1_es_box__last_index=0bv32, s1_es_box__last_old_value=0bv8, s1_es_box__last_value=0bv8, s1_es_box__last_write_site=0, s1_es_box__next_write_site=0, s1_es_box__wrote_any=false, s1_es_box__wrote_index0=false, s1_forward=true, s1_hdr.ethernet.dstAddr=204790950826065bv48, s1_hdr.ethernet.etherType=0bv16, s1_hdr.ethernet.srcAddr=1bv48, s1_hdr.ethernet.valid=true, s1_hdr.ipv4.diffserv=0bv8, s1_hdr.ipv4.dstAddr=0bv32, s1_hdr.ipv4.flags=0bv3, s1_hdr.ipv4.fragOffset=0bv13, s1_hdr.ipv4.identification=0bv16, s1_hdr.ipv4.srcAddr=16843009bv32, s1_hdr.ipv4.totalLen=0bv16, s1_hdr.ipv4.ttl=0bv8, s1_hdr.ipv4.valid=true, s1_hdr.ipv4.version=0bv4, s1_hdr.ipv4_tunnel.diffserv=0bv8, s1_hdr.ipv4_tunnel.dstAddr=3690098939bv32, s1_hdr.ipv4_tunnel.flags=0bv3, s1_hdr.ipv4_tunnel.fragOffset=0bv13, s1_hdr.ipv4_tunnel.identification=0bv16, s1_hdr.ipv4_tunnel.ihl=5bv4, s1_hdr.ipv4_tunnel.protocol=17bv8, s1_hdr.ipv4_tunnel.srcAddr=16843009bv32, s1_hdr.ipv4_tunnel.totalLen=28bv16, s1_hdr.ipv4_tunnel.ttl=0bv8, s1_hdr.ipv4_tunnel.version=0bv4, s1_hdr.tcp.ackseq=0bv32, s1_hdr.tcp.sequence=0bv32, s1_hdr.tcp.valid=true, s1_hdr.udp_tunnel.checksum=0bv16, s1_hdr.udp_tunnel.dstport=80bv16, s1_hdr.udp_tunnel.srcport=52910bv16, s1_hdr.udp_tunnel.userlength=0bv16, s1_inbox_count=0, s1_p4b_checksum_error=false, s1_p4b_checksum_updated=true, s1_p4b_checksum_verified=false, s1_p4b_clone_e2e=false, s1_p4b_clone_i2e=false, s1_p4b_clone_i2i=false, s1_p4b_digest=false, s1_p4b_recirculate=false, s1_pkt_external=true, s1_standard_metadata.egress_port=2bv9, s1_standard_metadata.egress_spec=2bv9, s1_standard_metadata.ingress_port=0bv9, s1_temp_0=1bv32, s1_user_mac__last0_old_value=0bv48, s1_user_mac__last0_value=1bv48, s1_user_mac__last_index=0bv32, s1_user_mac__last_old_value=0bv48, s1_user_mac__last_value=1bv48, s1_user_mac__last_write_site=1, s1_user_mac__next_write_site=1, s1_user_mac__wrote_any=true, s1_user_mac__wrote_index0=true]
[L837]  COND FALSE  !(s1_p4b_clone_e2e)
        VAL         [procurator_bad=false, procurator_step=1, s1_count__last0_old_value=1bv32, s1_count__last0_value=2bv32, s1_count__last_index=0bv32, s1_count__last_old_value=1bv32, s1_count__last_value=2bv32, s1_count__last_write_site=2, s1_count__next_write_site=2, s1_count__wrote_any=true, s1_count__wrote_index0=true, s1_ds_box__last0_old_value=0bv8, s1_ds_box__last0_value=0bv8, s1_ds_box__last_index=0bv32, s1_ds_box__last_old_value=0bv8, s1_ds_box__last_value=0bv8, s1_ds_box__last_write_site=0, s1_ds_box__next_write_site=0, s1_ds_box__wrote_any=false, s1_ds_box__wrote_index0=false, s1_es_box__last0_old_value=0bv8, s1_es_box__last0_value=0bv8, s1_es_box__last_index=0bv32, s1_es_box__last_old_value=0bv8, s1_es_box__last_value=0bv8, s1_es_box__last_write_site=0, s1_es_box__next_write_site=0, s1_es_box__wrote_any=false, s1_es_box__wrote_index0=false, s1_forward=true, s1_hdr.ethernet.dstAddr=204790950826065bv48, s1_hdr.ethernet.etherType=0bv16, s1_hdr.ethernet.srcAddr=1bv48, s1_hdr.ethernet.valid=true, s1_hdr.ipv4.diffserv=0bv8, s1_hdr.ipv4.dstAddr=0bv32, s1_hdr.ipv4.flags=0bv3, s1_hdr.ipv4.fragOffset=0bv13, s1_hdr.ipv4.identification=0bv16, s1_hdr.ipv4.srcAddr=16843009bv32, s1_hdr.ipv4.totalLen=0bv16, s1_hdr.ipv4.ttl=0bv8, s1_hdr.ipv4.valid=true, s1_hdr.ipv4.version=0bv4, s1_hdr.ipv4_tunnel.diffserv=0bv8, s1_hdr.ipv4_tunnel.dstAddr=3690098939bv32, s1_hdr.ipv4_tunnel.flags=0bv3, s1_hdr.ipv4_tunnel.fragOffset=0bv13, s1_hdr.ipv4_tunnel.identification=0bv16, s1_hdr.ipv4_tunnel.ihl=5bv4, s1_hdr.ipv4_tunnel.protocol=17bv8, s1_hdr.ipv4_tunnel.srcAddr=16843009bv32, s1_hdr.ipv4_tunnel.totalLen=28bv16, s1_hdr.ipv4_tunnel.ttl=0bv8, s1_hdr.ipv4_tunnel.version=0bv4, s1_hdr.tcp.ackseq=0bv32, s1_hdr.tcp.sequence=0bv32, s1_hdr.tcp.valid=true, s1_hdr.udp_tunnel.checksum=0bv16, s1_hdr.udp_tunnel.dstport=80bv16, s1_hdr.udp_tunnel.srcport=52910bv16, s1_hdr.udp_tunnel.userlength=0bv16, s1_inbox_count=0, s1_p4b_checksum_error=false, s1_p4b_checksum_updated=true, s1_p4b_checksum_verified=false, s1_p4b_clone_e2e=false, s1_p4b_clone_i2e=false, s1_p4b_clone_i2i=false, s1_p4b_digest=false, s1_p4b_recirculate=false, s1_pkt_external=true, s1_standard_metadata.egress_port=2bv9, s1_standard_metadata.egress_spec=2bv9, s1_standard_metadata.ingress_port=0bv9, s1_temp_0=1bv32, s1_user_mac__last0_old_value=0bv48, s1_user_mac__last0_value=1bv48, s1_user_mac__last_index=0bv32, s1_user_mac__last_old_value=0bv48, s1_user_mac__last_value=1bv48, s1_user_mac__last_write_site=1, s1_user_mac__next_write_site=1, s1_user_mac__wrote_any=true, s1_user_mac__wrote_index0=true]
[L842]              s1_p4b_clone_e2e := false;
        VAL         [procurator_bad=false, procurator_step=1, s1_count__last0_old_value=1bv32, s1_count__last0_value=2bv32, s1_count__last_index=0bv32, s1_count__last_old_value=1bv32, s1_count__last_value=2bv32, s1_count__last_write_site=2, s1_count__next_write_site=2, s1_count__wrote_any=true, s1_count__wrote_index0=true, s1_ds_box__last0_old_value=0bv8, s1_ds_box__last0_value=0bv8, s1_ds_box__last_index=0bv32, s1_ds_box__last_old_value=0bv8, s1_ds_box__last_value=0bv8, s1_ds_box__last_write_site=0, s1_ds_box__next_write_site=0, s1_ds_box__wrote_any=false, s1_ds_box__wrote_index0=false, s1_es_box__last0_old_value=0bv8, s1_es_box__last0_value=0bv8, s1_es_box__last_index=0bv32, s1_es_box__last_old_value=0bv8, s1_es_box__last_value=0bv8, s1_es_box__last_write_site=0, s1_es_box__next_write_site=0, s1_es_box__wrote_any=false, s1_es_box__wrote_index0=false, s1_forward=true, s1_hdr.ethernet.dstAddr=204790950826065bv48, s1_hdr.ethernet.etherType=0bv16, s1_hdr.ethernet.srcAddr=1bv48, s1_hdr.ethernet.valid=true, s1_hdr.ipv4.diffserv=0bv8, s1_hdr.ipv4.dstAddr=0bv32, s1_hdr.ipv4.flags=0bv3, s1_hdr.ipv4.fragOffset=0bv13, s1_hdr.ipv4.identification=0bv16, s1_hdr.ipv4.srcAddr=16843009bv32, s1_hdr.ipv4.totalLen=0bv16, s1_hdr.ipv4.ttl=0bv8, s1_hdr.ipv4.valid=true, s1_hdr.ipv4.version=0bv4, s1_hdr.ipv4_tunnel.diffserv=0bv8, s1_hdr.ipv4_tunnel.dstAddr=3690098939bv32, s1_hdr.ipv4_tunnel.flags=0bv3, s1_hdr.ipv4_tunnel.fragOffset=0bv13, s1_hdr.ipv4_tunnel.identification=0bv16, s1_hdr.ipv4_tunnel.ihl=5bv4, s1_hdr.ipv4_tunnel.protocol=17bv8, s1_hdr.ipv4_tunnel.srcAddr=16843009bv32, s1_hdr.ipv4_tunnel.totalLen=28bv16, s1_hdr.ipv4_tunnel.ttl=0bv8, s1_hdr.ipv4_tunnel.version=0bv4, s1_hdr.tcp.ackseq=0bv32, s1_hdr.tcp.sequence=0bv32, s1_hdr.tcp.valid=true, s1_hdr.udp_tunnel.checksum=0bv16, s1_hdr.udp_tunnel.dstport=80bv16, s1_hdr.udp_tunnel.srcport=52910bv16, s1_hdr.udp_tunnel.userlength=0bv16, s1_inbox_count=0, s1_p4b_checksum_error=false, s1_p4b_checksum_updated=true, s1_p4b_checksum_verified=false, s1_p4b_clone_e2e=false, s1_p4b_clone_i2e=false, s1_p4b_clone_i2i=false, s1_p4b_digest=false, s1_p4b_recirculate=false, s1_pkt_external=true, s1_standard_metadata.egress_port=2bv9, s1_standard_metadata.egress_spec=2bv9, s1_standard_metadata.ingress_port=0bv9, s1_temp_0=1bv32, s1_user_mac__last0_old_value=0bv48, s1_user_mac__last0_value=1bv48, s1_user_mac__last_index=0bv32, s1_user_mac__last_old_value=0bv48, s1_user_mac__last_value=1bv48, s1_user_mac__last_write_site=1, s1_user_mac__next_write_site=1, s1_user_mac__wrote_any=true, s1_user_mac__wrote_index0=true]
[L843]  COND FALSE  !(s1_p4b_clone_i2i)
        VAL         [procurator_bad=false, procurator_step=1, s1_count__last0_old_value=1bv32, s1_count__last0_value=2bv32, s1_count__last_index=0bv32, s1_count__last_old_value=1bv32, s1_count__last_value=2bv32, s1_count__last_write_site=2, s1_count__next_write_site=2, s1_count__wrote_any=true, s1_count__wrote_index0=true, s1_ds_box__last0_old_value=0bv8, s1_ds_box__last0_value=0bv8, s1_ds_box__last_index=0bv32, s1_ds_box__last_old_value=0bv8, s1_ds_box__last_value=0bv8, s1_ds_box__last_write_site=0, s1_ds_box__next_write_site=0, s1_ds_box__wrote_any=false, s1_ds_box__wrote_index0=false, s1_es_box__last0_old_value=0bv8, s1_es_box__last0_value=0bv8, s1_es_box__last_index=0bv32, s1_es_box__last_old_value=0bv8, s1_es_box__last_value=0bv8, s1_es_box__last_write_site=0, s1_es_box__next_write_site=0, s1_es_box__wrote_any=false, s1_es_box__wrote_index0=false, s1_forward=true, s1_hdr.ethernet.dstAddr=204790950826065bv48, s1_hdr.ethernet.etherType=0bv16, s1_hdr.ethernet.srcAddr=1bv48, s1_hdr.ethernet.valid=true, s1_hdr.ipv4.diffserv=0bv8, s1_hdr.ipv4.dstAddr=0bv32, s1_hdr.ipv4.flags=0bv3, s1_hdr.ipv4.fragOffset=0bv13, s1_hdr.ipv4.identification=0bv16, s1_hdr.ipv4.srcAddr=16843009bv32, s1_hdr.ipv4.totalLen=0bv16, s1_hdr.ipv4.ttl=0bv8, s1_hdr.ipv4.valid=true, s1_hdr.ipv4.version=0bv4, s1_hdr.ipv4_tunnel.diffserv=0bv8, s1_hdr.ipv4_tunnel.dstAddr=3690098939bv32, s1_hdr.ipv4_tunnel.flags=0bv3, s1_hdr.ipv4_tunnel.fragOffset=0bv13, s1_hdr.ipv4_tunnel.identification=0bv16, s1_hdr.ipv4_tunnel.ihl=5bv4, s1_hdr.ipv4_tunnel.protocol=17bv8, s1_hdr.ipv4_tunnel.srcAddr=16843009bv32, s1_hdr.ipv4_tunnel.totalLen=28bv16, s1_hdr.ipv4_tunnel.ttl=0bv8, s1_hdr.ipv4_tunnel.version=0bv4, s1_hdr.tcp.ackseq=0bv32, s1_hdr.tcp.sequence=0bv32, s1_hdr.tcp.valid=true, s1_hdr.udp_tunnel.checksum=0bv16, s1_hdr.udp_tunnel.dstport=80bv16, s1_hdr.udp_tunnel.srcport=52910bv16, s1_hdr.udp_tunnel.userlength=0bv16, s1_inbox_count=0, s1_p4b_checksum_error=false, s1_p4b_checksum_updated=true, s1_p4b_checksum_verified=false, s1_p4b_clone_e2e=false, s1_p4b_clone_i2e=false, s1_p4b_clone_i2i=false, s1_p4b_digest=false, s1_p4b_recirculate=false, s1_pkt_external=true, s1_standard_metadata.egress_port=2bv9, s1_standard_metadata.egress_spec=2bv9, s1_standard_metadata.ingress_port=0bv9, s1_temp_0=1bv32, s1_user_mac__last0_old_value=0bv48, s1_user_mac__last0_value=1bv48, s1_user_mac__last_index=0bv32, s1_user_mac__last_old_value=0bv48, s1_user_mac__last_value=1bv48, s1_user_mac__last_write_site=1, s1_user_mac__next_write_site=1, s1_user_mac__wrote_any=true, s1_user_mac__wrote_index0=true]
[L848]              s1_p4b_clone_i2i := false;
        VAL         [procurator_bad=false, procurator_step=1, s1_count__last0_old_value=1bv32, s1_count__last0_value=2bv32, s1_count__last_index=0bv32, s1_count__last_old_value=1bv32, s1_count__last_value=2bv32, s1_count__last_write_site=2, s1_count__next_write_site=2, s1_count__wrote_any=true, s1_count__wrote_index0=true, s1_ds_box__last0_old_value=0bv8, s1_ds_box__last0_value=0bv8, s1_ds_box__last_index=0bv32, s1_ds_box__last_old_value=0bv8, s1_ds_box__last_value=0bv8, s1_ds_box__last_write_site=0, s1_ds_box__next_write_site=0, s1_ds_box__wrote_any=false, s1_ds_box__wrote_index0=false, s1_es_box__last0_old_value=0bv8, s1_es_box__last0_value=0bv8, s1_es_box__last_index=0bv32, s1_es_box__last_old_value=0bv8, s1_es_box__last_value=0bv8, s1_es_box__last_write_site=0, s1_es_box__next_write_site=0, s1_es_box__wrote_any=false, s1_es_box__wrote_index0=false, s1_forward=true, s1_hdr.ethernet.dstAddr=204790950826065bv48, s1_hdr.ethernet.etherType=0bv16, s1_hdr.ethernet.srcAddr=1bv48, s1_hdr.ethernet.valid=true, s1_hdr.ipv4.diffserv=0bv8, s1_hdr.ipv4.dstAddr=0bv32, s1_hdr.ipv4.flags=0bv3, s1_hdr.ipv4.fragOffset=0bv13, s1_hdr.ipv4.identification=0bv16, s1_hdr.ipv4.srcAddr=16843009bv32, s1_hdr.ipv4.totalLen=0bv16, s1_hdr.ipv4.ttl=0bv8, s1_hdr.ipv4.valid=true, s1_hdr.ipv4.version=0bv4, s1_hdr.ipv4_tunnel.diffserv=0bv8, s1_hdr.ipv4_tunnel.dstAddr=3690098939bv32, s1_hdr.ipv4_tunnel.flags=0bv3, s1_hdr.ipv4_tunnel.fragOffset=0bv13, s1_hdr.ipv4_tunnel.identification=0bv16, s1_hdr.ipv4_tunnel.ihl=5bv4, s1_hdr.ipv4_tunnel.protocol=17bv8, s1_hdr.ipv4_tunnel.srcAddr=16843009bv32, s1_hdr.ipv4_tunnel.totalLen=28bv16, s1_hdr.ipv4_tunnel.ttl=0bv8, s1_hdr.ipv4_tunnel.version=0bv4, s1_hdr.tcp.ackseq=0bv32, s1_hdr.tcp.sequence=0bv32, s1_hdr.tcp.valid=true, s1_hdr.udp_tunnel.checksum=0bv16, s1_hdr.udp_tunnel.dstport=80bv16, s1_hdr.udp_tunnel.srcport=52910bv16, s1_hdr.udp_tunnel.userlength=0bv16, s1_inbox_count=0, s1_p4b_checksum_error=false, s1_p4b_checksum_updated=true, s1_p4b_checksum_verified=false, s1_p4b_clone_e2e=false, s1_p4b_clone_i2e=false, s1_p4b_clone_i2i=false, s1_p4b_digest=false, s1_p4b_recirculate=false, s1_pkt_external=true, s1_standard_metadata.egress_port=2bv9, s1_standard_metadata.egress_spec=2bv9, s1_standard_metadata.ingress_port=0bv9, s1_temp_0=1bv32, s1_user_mac__last0_old_value=0bv48, s1_user_mac__last0_value=1bv48, s1_user_mac__last_index=0bv32, s1_user_mac__last_old_value=0bv48, s1_user_mac__last_value=1bv48, s1_user_mac__last_write_site=1, s1_user_mac__next_write_site=1, s1_user_mac__wrote_any=true, s1_user_mac__wrote_index0=true]
[L849]  COND FALSE  !(s1_p4b_recirculate)
        VAL         [procurator_bad=false, procurator_step=1, s1_count__last0_old_value=1bv32, s1_count__last0_value=2bv32, s1_count__last_index=0bv32, s1_count__last_old_value=1bv32, s1_count__last_value=2bv32, s1_count__last_write_site=2, s1_count__next_write_site=2, s1_count__wrote_any=true, s1_count__wrote_index0=true, s1_ds_box__last0_old_value=0bv8, s1_ds_box__last0_value=0bv8, s1_ds_box__last_index=0bv32, s1_ds_box__last_old_value=0bv8, s1_ds_box__last_value=0bv8, s1_ds_box__last_write_site=0, s1_ds_box__next_write_site=0, s1_ds_box__wrote_any=false, s1_ds_box__wrote_index0=false, s1_es_box__last0_old_value=0bv8, s1_es_box__last0_value=0bv8, s1_es_box__last_index=0bv32, s1_es_box__last_old_value=0bv8, s1_es_box__last_value=0bv8, s1_es_box__last_write_site=0, s1_es_box__next_write_site=0, s1_es_box__wrote_any=false, s1_es_box__wrote_index0=false, s1_forward=true, s1_hdr.ethernet.dstAddr=204790950826065bv48, s1_hdr.ethernet.etherType=0bv16, s1_hdr.ethernet.srcAddr=1bv48, s1_hdr.ethernet.valid=true, s1_hdr.ipv4.diffserv=0bv8, s1_hdr.ipv4.dstAddr=0bv32, s1_hdr.ipv4.flags=0bv3, s1_hdr.ipv4.fragOffset=0bv13, s1_hdr.ipv4.identification=0bv16, s1_hdr.ipv4.srcAddr=16843009bv32, s1_hdr.ipv4.totalLen=0bv16, s1_hdr.ipv4.ttl=0bv8, s1_hdr.ipv4.valid=true, s1_hdr.ipv4.version=0bv4, s1_hdr.ipv4_tunnel.diffserv=0bv8, s1_hdr.ipv4_tunnel.dstAddr=3690098939bv32, s1_hdr.ipv4_tunnel.flags=0bv3, s1_hdr.ipv4_tunnel.fragOffset=0bv13, s1_hdr.ipv4_tunnel.identification=0bv16, s1_hdr.ipv4_tunnel.ihl=5bv4, s1_hdr.ipv4_tunnel.protocol=17bv8, s1_hdr.ipv4_tunnel.srcAddr=16843009bv32, s1_hdr.ipv4_tunnel.totalLen=28bv16, s1_hdr.ipv4_tunnel.ttl=0bv8, s1_hdr.ipv4_tunnel.version=0bv4, s1_hdr.tcp.ackseq=0bv32, s1_hdr.tcp.sequence=0bv32, s1_hdr.tcp.valid=true, s1_hdr.udp_tunnel.checksum=0bv16, s1_hdr.udp_tunnel.dstport=80bv16, s1_hdr.udp_tunnel.srcport=52910bv16, s1_hdr.udp_tunnel.userlength=0bv16, s1_inbox_count=0, s1_p4b_checksum_error=false, s1_p4b_checksum_updated=true, s1_p4b_checksum_verified=false, s1_p4b_clone_e2e=false, s1_p4b_clone_i2e=false, s1_p4b_clone_i2i=false, s1_p4b_digest=false, s1_p4b_recirculate=false, s1_pkt_external=true, s1_standard_metadata.egress_port=2bv9, s1_standard_metadata.egress_spec=2bv9, s1_standard_metadata.ingress_port=0bv9, s1_temp_0=1bv32, s1_user_mac__last0_old_value=0bv48, s1_user_mac__last0_value=1bv48, s1_user_mac__last_index=0bv32, s1_user_mac__last_old_value=0bv48, s1_user_mac__last_value=1bv48, s1_user_mac__last_write_site=1, s1_user_mac__next_write_site=1, s1_user_mac__wrote_any=true, s1_user_mac__wrote_index0=true]
[L854]              s1_p4b_recirculate := false;
[L855]  CALL        call s1_Forward();
[L669]  COND FALSE  !(s1_standard_metadata.egress_port == 0bv9)
        VAL         [procurator_bad=false, procurator_step=1, s1_count__last0_old_value=1bv32, s1_count__last0_value=2bv32, s1_count__last_index=0bv32, s1_count__last_old_value=1bv32, s1_count__last_value=2bv32, s1_count__last_write_site=2, s1_count__next_write_site=2, s1_count__wrote_any=true, s1_count__wrote_index0=true, s1_ds_box__last0_old_value=0bv8, s1_ds_box__last0_value=0bv8, s1_ds_box__last_index=0bv32, s1_ds_box__last_old_value=0bv8, s1_ds_box__last_value=0bv8, s1_ds_box__last_write_site=0, s1_ds_box__next_write_site=0, s1_ds_box__wrote_any=false, s1_ds_box__wrote_index0=false, s1_es_box__last0_old_value=0bv8, s1_es_box__last0_value=0bv8, s1_es_box__last_index=0bv32, s1_es_box__last_old_value=0bv8, s1_es_box__last_value=0bv8, s1_es_box__last_write_site=0, s1_es_box__next_write_site=0, s1_es_box__wrote_any=false, s1_es_box__wrote_index0=false, s1_forward=true, s1_hdr.ethernet.dstAddr=204790950826065bv48, s1_hdr.ethernet.etherType=0bv16, s1_hdr.ethernet.srcAddr=1bv48, s1_hdr.ethernet.valid=true, s1_hdr.ipv4.diffserv=0bv8, s1_hdr.ipv4.dstAddr=0bv32, s1_hdr.ipv4.flags=0bv3, s1_hdr.ipv4.fragOffset=0bv13, s1_hdr.ipv4.identification=0bv16, s1_hdr.ipv4.srcAddr=16843009bv32, s1_hdr.ipv4.totalLen=0bv16, s1_hdr.ipv4.ttl=0bv8, s1_hdr.ipv4.valid=true, s1_hdr.ipv4.version=0bv4, s1_hdr.ipv4_tunnel.diffserv=0bv8, s1_hdr.ipv4_tunnel.dstAddr=3690098939bv32, s1_hdr.ipv4_tunnel.flags=0bv3, s1_hdr.ipv4_tunnel.fragOffset=0bv13, s1_hdr.ipv4_tunnel.identification=0bv16, s1_hdr.ipv4_tunnel.ihl=5bv4, s1_hdr.ipv4_tunnel.protocol=17bv8, s1_hdr.ipv4_tunnel.srcAddr=16843009bv32, s1_hdr.ipv4_tunnel.totalLen=28bv16, s1_hdr.ipv4_tunnel.ttl=0bv8, s1_hdr.ipv4_tunnel.version=0bv4, s1_hdr.tcp.ackseq=0bv32, s1_hdr.tcp.sequence=0bv32, s1_hdr.tcp.valid=true, s1_hdr.udp_tunnel.checksum=0bv16, s1_hdr.udp_tunnel.dstport=80bv16, s1_hdr.udp_tunnel.srcport=52910bv16, s1_hdr.udp_tunnel.userlength=0bv16, s1_inbox_count=0, s1_p4b_checksum_error=false, s1_p4b_checksum_updated=true, s1_p4b_checksum_verified=false, s1_p4b_clone_e2e=false, s1_p4b_clone_i2e=false, s1_p4b_clone_i2i=false, s1_p4b_digest=false, s1_p4b_recirculate=false, s1_pkt_external=true, s1_standard_metadata.egress_port=2bv9, s1_standard_metadata.egress_spec=2bv9, s1_standard_metadata.ingress_port=0bv9, s1_temp_0=1bv32, s1_user_mac__last0_old_value=0bv48, s1_user_mac__last0_value=1bv48, s1_user_mac__last_index=0bv32, s1_user_mac__last_old_value=0bv48, s1_user_mac__last_value=1bv48, s1_user_mac__last_write_site=1, s1_user_mac__next_write_site=1, s1_user_mac__wrote_any=true, s1_user_mac__wrote_index0=true]
[L855]  RET         call s1_Forward();
[L857]              s1_count__dbg0 := s1_count[0bv32];
[L858]              s1_count__last_index__dbg := s1_count__last_index;
[L859]              s1_count__last_value__dbg := s1_count__last_value;
[L860]              s1_count__last_old_value__dbg := s1_count__last_old_value;
[L861]              s1_count__wrote_any__dbg := s1_count__wrote_any;
[L862]              s1_count__wrote_index0__dbg := s1_count__wrote_index0;
[L863]              s1_count__last0_old_value__dbg := s1_count__last0_old_value;
[L864]              s1_count__last0_value__dbg := s1_count__last0_value;
[L865]              s1_ds_box__dbg0 := s1_ds_box[0bv32];
[L866]              s1_ds_box__last_index__dbg := s1_ds_box__last_index;
[L867]              s1_ds_box__last_value__dbg := s1_ds_box__last_value;
[L868]              s1_ds_box__last_old_value__dbg := s1_ds_box__last_old_value;
[L869]              s1_ds_box__wrote_any__dbg := s1_ds_box__wrote_any;
[L870]              s1_ds_box__wrote_index0__dbg := s1_ds_box__wrote_index0;
[L871]              s1_ds_box__last0_old_value__dbg := s1_ds_box__last0_old_value;
[L872]              s1_ds_box__last0_value__dbg := s1_ds_box__last0_value;
[L873]              s1_es_box__dbg0 := s1_es_box[0bv32];
[L874]              s1_es_box__last_index__dbg := s1_es_box__last_index;
[L875]              s1_es_box__last_value__dbg := s1_es_box__last_value;
[L876]              s1_es_box__last_old_value__dbg := s1_es_box__last_old_value;
[L877]              s1_es_box__wrote_any__dbg := s1_es_box__wrote_any;
[L878]              s1_es_box__wrote_index0__dbg := s1_es_box__wrote_index0;
[L879]              s1_es_box__last0_old_value__dbg := s1_es_box__last0_old_value;
[L880]              s1_es_box__last0_value__dbg := s1_es_box__last0_value;
[L881]              s1_user_mac__dbg0 := s1_user_mac[0bv32];
[L882]              s1_user_mac__last_index__dbg := s1_user_mac__last_index;
[L883]              s1_user_mac__last_value__dbg := s1_user_mac__last_value;
[L884]              s1_user_mac__last_old_value__dbg := s1_user_mac__last_old_value;
[L885]              s1_user_mac__wrote_any__dbg := s1_user_mac__wrote_any;
[L886]              s1_user_mac__wrote_index0__dbg := s1_user_mac__wrote_index0;
[L887]              s1_user_mac__last0_old_value__dbg := s1_user_mac__last0_old_value;
[L888]              s1_user_mac__last0_value__dbg := s1_user_mac__last0_value;
        VAL         [procurator_bad=false, procurator_step=1, s1_count__dbg0=2bv32, s1_count__last0_old_value=1bv32, s1_count__last0_old_value__dbg=1bv32, s1_count__last0_value=2bv32, s1_count__last0_value__dbg=2bv32, s1_count__last_index=0bv32, s1_count__last_index__dbg=0bv32, s1_count__last_old_value=1bv32, s1_count__last_old_value__dbg=1bv32, s1_count__last_value=2bv32, s1_count__last_value__dbg=2bv32, s1_count__last_write_site=2, s1_count__next_write_site=2, s1_count__wrote_any=true, s1_count__wrote_any__dbg=true, s1_count__wrote_index0=true, s1_count__wrote_index0__dbg=true, s1_ds_box__dbg0=0bv8, s1_ds_box__last0_old_value=0bv8, s1_ds_box__last0_old_value__dbg=0bv8, s1_ds_box__last0_value=0bv8, s1_ds_box__last0_value__dbg=0bv8, s1_ds_box__last_index=0bv32, s1_ds_box__last_index__dbg=0bv32, s1_ds_box__last_old_value=0bv8, s1_ds_box__last_old_value__dbg=0bv8, s1_ds_box__last_value=0bv8, s1_ds_box__last_value__dbg=0bv8, s1_ds_box__last_write_site=0, s1_ds_box__next_write_site=0, s1_ds_box__wrote_any=false, s1_ds_box__wrote_any__dbg=false, s1_ds_box__wrote_index0=false, s1_ds_box__wrote_index0__dbg=false, s1_es_box__dbg0=0bv8, s1_es_box__last0_old_value=0bv8, s1_es_box__last0_old_value__dbg=0bv8, s1_es_box__last0_value=0bv8, s1_es_box__last0_value__dbg=0bv8, s1_es_box__last_index=0bv32, s1_es_box__last_index__dbg=0bv32, s1_es_box__last_old_value=0bv8, s1_es_box__last_old_value__dbg=0bv8, s1_es_box__last_value=0bv8, s1_es_box__last_value__dbg=0bv8, s1_es_box__last_write_site=0, s1_es_box__next_write_site=0, s1_es_box__wrote_any=false, s1_es_box__wrote_any__dbg=false, s1_es_box__wrote_index0=false, s1_es_box__wrote_index0__dbg=false, s1_forward=true, s1_hdr.ethernet.dstAddr=204790950826065bv48, s1_hdr.ethernet.etherType=0bv16, s1_hdr.ethernet.srcAddr=1bv48, s1_hdr.ethernet.valid=true, s1_hdr.ipv4.diffserv=0bv8, s1_hdr.ipv4.dstAddr=0bv32, s1_hdr.ipv4.flags=0bv3, s1_hdr.ipv4.fragOffset=0bv13, s1_hdr.ipv4.identification=0bv16, s1_hdr.ipv4.srcAddr=16843009bv32, s1_hdr.ipv4.totalLen=0bv16, s1_hdr.ipv4.ttl=0bv8, s1_hdr.ipv4.valid=true, s1_hdr.ipv4.version=0bv4, s1_hdr.ipv4_tunnel.diffserv=0bv8, s1_hdr.ipv4_tunnel.dstAddr=3690098939bv32, s1_hdr.ipv4_tunnel.flags=0bv3, s1_hdr.ipv4_tunnel.fragOffset=0bv13, s1_hdr.ipv4_tunnel.identification=0bv16, s1_hdr.ipv4_tunnel.ihl=5bv4, s1_hdr.ipv4_tunnel.protocol=17bv8, s1_hdr.ipv4_tunnel.srcAddr=16843009bv32, s1_hdr.ipv4_tunnel.totalLen=28bv16, s1_hdr.ipv4_tunnel.ttl=0bv8, s1_hdr.ipv4_tunnel.version=0bv4, s1_hdr.tcp.ackseq=0bv32, s1_hdr.tcp.sequence=0bv32, s1_hdr.tcp.valid=true, s1_hdr.udp_tunnel.checksum=0bv16, s1_hdr.udp_tunnel.dstport=80bv16, s1_hdr.udp_tunnel.srcport=52910bv16, s1_hdr.udp_tunnel.userlength=0bv16, s1_inbox_count=0, s1_p4b_checksum_error=false, s1_p4b_checksum_updated=true, s1_p4b_checksum_verified=false, s1_p4b_clone_e2e=false, s1_p4b_clone_i2e=false, s1_p4b_clone_i2i=false, s1_p4b_digest=false, s1_p4b_recirculate=false, s1_pkt_external=true, s1_standard_metadata.egress_port=2bv9, s1_standard_metadata.egress_spec=2bv9, s1_standard_metadata.ingress_port=0bv9, s1_temp_0=1bv32, s1_user_mac__dbg0=1bv48, s1_user_mac__last0_old_value=0bv48, s1_user_mac__last0_old_value__dbg=0bv48, s1_user_mac__last0_value=1bv48, s1_user_mac__last0_value__dbg=1bv48, s1_user_mac__last_index=0bv32, s1_user_mac__last_index__dbg=0bv32, s1_user_mac__last_old_value=0bv48, s1_user_mac__last_old_value__dbg=0bv48, s1_user_mac__last_value=1bv48, s1_user_mac__last_value__dbg=1bv48, s1_user_mac__last_write_site=1, s1_user_mac__next_write_site=1, s1_user_mac__wrote_any=true, s1_user_mac__wrote_any__dbg=true, s1_user_mac__wrote_index0=true, s1_user_mac__wrote_index0__dbg=true]
[L890]  COND TRUE   !(s1_standard_metadata.ingress_port != 0bv9 || s1_standard_metadata.egress_spec != 2bv9 || s1_hdr.ipv4_tunnel.srcAddr != s1_hdr.ipv4.srcAddr)
[L890]              procurator_bad := true;
        VAL         [procurator_bad=true, procurator_step=1, s1_count__dbg0=2bv32, s1_count__last0_old_value=1bv32, s1_count__last0_old_value__dbg=1bv32, s1_count__last0_value=2bv32, s1_count__last0_value__dbg=2bv32, s1_count__last_index=0bv32, s1_count__last_index__dbg=0bv32, s1_count__last_old_value=1bv32, s1_count__last_old_value__dbg=1bv32, s1_count__last_value=2bv32, s1_count__last_value__dbg=2bv32, s1_count__last_write_site=2, s1_count__next_write_site=2, s1_count__wrote_any=true, s1_count__wrote_any__dbg=true, s1_count__wrote_index0=true, s1_count__wrote_index0__dbg=true, s1_ds_box__dbg0=0bv8, s1_ds_box__last0_old_value=0bv8, s1_ds_box__last0_old_value__dbg=0bv8, s1_ds_box__last0_value=0bv8, s1_ds_box__last0_value__dbg=0bv8, s1_ds_box__last_index=0bv32, s1_ds_box__last_index__dbg=0bv32, s1_ds_box__last_old_value=0bv8, s1_ds_box__last_old_value__dbg=0bv8, s1_ds_box__last_value=0bv8, s1_ds_box__last_value__dbg=0bv8, s1_ds_box__last_write_site=0, s1_ds_box__next_write_site=0, s1_ds_box__wrote_any=false, s1_ds_box__wrote_any__dbg=false, s1_ds_box__wrote_index0=false, s1_ds_box__wrote_index0__dbg=false, s1_es_box__dbg0=0bv8, s1_es_box__last0_old_value=0bv8, s1_es_box__last0_old_value__dbg=0bv8, s1_es_box__last0_value=0bv8, s1_es_box__last0_value__dbg=0bv8, s1_es_box__last_index=0bv32, s1_es_box__last_index__dbg=0bv32, s1_es_box__last_old_value=0bv8, s1_es_box__last_old_value__dbg=0bv8, s1_es_box__last_value=0bv8, s1_es_box__last_value__dbg=0bv8, s1_es_box__last_write_site=0, s1_es_box__next_write_site=0, s1_es_box__wrote_any=false, s1_es_box__wrote_any__dbg=false, s1_es_box__wrote_index0=false, s1_es_box__wrote_index0__dbg=false, s1_forward=true, s1_hdr.ethernet.dstAddr=204790950826065bv48, s1_hdr.ethernet.etherType=0bv16, s1_hdr.ethernet.srcAddr=1bv48, s1_hdr.ethernet.valid=true, s1_hdr.ipv4.diffserv=0bv8, s1_hdr.ipv4.dstAddr=0bv32, s1_hdr.ipv4.flags=0bv3, s1_hdr.ipv4.fragOffset=0bv13, s1_hdr.ipv4.identification=0bv16, s1_hdr.ipv4.srcAddr=16843009bv32, s1_hdr.ipv4.totalLen=0bv16, s1_hdr.ipv4.ttl=0bv8, s1_hdr.ipv4.valid=true, s1_hdr.ipv4.version=0bv4, s1_hdr.ipv4_tunnel.diffserv=0bv8, s1_hdr.ipv4_tunnel.dstAddr=3690098939bv32, s1_hdr.ipv4_tunnel.flags=0bv3, s1_hdr.ipv4_tunnel.fragOffset=0bv13, s1_hdr.ipv4_tunnel.identification=0bv16, s1_hdr.ipv4_tunnel.ihl=5bv4, s1_hdr.ipv4_tunnel.protocol=17bv8, s1_hdr.ipv4_tunnel.srcAddr=16843009bv32, s1_hdr.ipv4_tunnel.totalLen=28bv16, s1_hdr.ipv4_tunnel.ttl=0bv8, s1_hdr.ipv4_tunnel.version=0bv4, s1_hdr.tcp.ackseq=0bv32, s1_hdr.tcp.sequence=0bv32, s1_hdr.tcp.valid=true, s1_hdr.udp_tunnel.checksum=0bv16, s1_hdr.udp_tunnel.dstport=80bv16, s1_hdr.udp_tunnel.srcport=52910bv16, s1_hdr.udp_tunnel.userlength=0bv16, s1_inbox_count=0, s1_p4b_checksum_error=false, s1_p4b_checksum_updated=true, s1_p4b_checksum_verified=false, s1_p4b_clone_e2e=false, s1_p4b_clone_i2e=false, s1_p4b_clone_i2i=false, s1_p4b_digest=false, s1_p4b_recirculate=false, s1_pkt_external=true, s1_standard_metadata.egress_port=2bv9, s1_standard_metadata.egress_spec=2bv9, s1_standard_metadata.ingress_port=0bv9, s1_temp_0=1bv32, s1_user_mac__dbg0=1bv48, s1_user_mac__last0_old_value=0bv48, s1_user_mac__last0_old_value__dbg=0bv48, s1_user_mac__last0_value=1bv48, s1_user_mac__last0_value__dbg=1bv48, s1_user_mac__last_index=0bv32, s1_user_mac__last_index__dbg=0bv32, s1_user_mac__last_old_value=0bv48, s1_user_mac__last_old_value__dbg=0bv48, s1_user_mac__last_value=1bv48, s1_user_mac__last_value__dbg=1bv48, s1_user_mac__last_write_site=1, s1_user_mac__next_write_site=1, s1_user_mac__wrote_any=true, s1_user_mac__wrote_any__dbg=true, s1_user_mac__wrote_index0=true, s1_user_mac__wrote_index0__dbg=true]
[L892]              procurator_step := procurator_step + 1;
        VAL         [procurator_bad=true, procurator_step=2, s1_count__dbg0=2bv32, s1_count__last0_old_value=1bv32, s1_count__last0_old_value__dbg=1bv32, s1_count__last0_value=2bv32, s1_count__last0_value__dbg=2bv32, s1_count__last_index=0bv32, s1_count__last_index__dbg=0bv32, s1_count__last_old_value=1bv32, s1_count__last_old_value__dbg=1bv32, s1_count__last_value=2bv32, s1_count__last_value__dbg=2bv32, s1_count__last_write_site=2, s1_count__next_write_site=2, s1_count__wrote_any=true, s1_count__wrote_any__dbg=true, s1_count__wrote_index0=true, s1_count__wrote_index0__dbg=true, s1_ds_box__dbg0=0bv8, s1_ds_box__last0_old_value=0bv8, s1_ds_box__last0_old_value__dbg=0bv8, s1_ds_box__last0_value=0bv8, s1_ds_box__last0_value__dbg=0bv8, s1_ds_box__last_index=0bv32, s1_ds_box__last_index__dbg=0bv32, s1_ds_box__last_old_value=0bv8, s1_ds_box__last_old_value__dbg=0bv8, s1_ds_box__last_value=0bv8, s1_ds_box__last_value__dbg=0bv8, s1_ds_box__last_write_site=0, s1_ds_box__next_write_site=0, s1_ds_box__wrote_any=false, s1_ds_box__wrote_any__dbg=false, s1_ds_box__wrote_index0=false, s1_ds_box__wrote_index0__dbg=false, s1_es_box__dbg0=0bv8, s1_es_box__last0_old_value=0bv8, s1_es_box__last0_old_value__dbg=0bv8, s1_es_box__last0_value=0bv8, s1_es_box__last0_value__dbg=0bv8, s1_es_box__last_index=0bv32, s1_es_box__last_index__dbg=0bv32, s1_es_box__last_old_value=0bv8, s1_es_box__last_old_value__dbg=0bv8, s1_es_box__last_value=0bv8, s1_es_box__last_value__dbg=0bv8, s1_es_box__last_write_site=0, s1_es_box__next_write_site=0, s1_es_box__wrote_any=false, s1_es_box__wrote_any__dbg=false, s1_es_box__wrote_index0=false, s1_es_box__wrote_index0__dbg=false, s1_forward=true, s1_hdr.ethernet.dstAddr=204790950826065bv48, s1_hdr.ethernet.etherType=0bv16, s1_hdr.ethernet.srcAddr=1bv48, s1_hdr.ethernet.valid=true, s1_hdr.ipv4.diffserv=0bv8, s1_hdr.ipv4.dstAddr=0bv32, s1_hdr.ipv4.flags=0bv3, s1_hdr.ipv4.fragOffset=0bv13, s1_hdr.ipv4.identification=0bv16, s1_hdr.ipv4.srcAddr=16843009bv32, s1_hdr.ipv4.totalLen=0bv16, s1_hdr.ipv4.ttl=0bv8, s1_hdr.ipv4.valid=true, s1_hdr.ipv4.version=0bv4, s1_hdr.ipv4_tunnel.diffserv=0bv8, s1_hdr.ipv4_tunnel.dstAddr=3690098939bv32, s1_hdr.ipv4_tunnel.flags=0bv3, s1_hdr.ipv4_tunnel.fragOffset=0bv13, s1_hdr.ipv4_tunnel.identification=0bv16, s1_hdr.ipv4_tunnel.ihl=5bv4, s1_hdr.ipv4_tunnel.protocol=17bv8, s1_hdr.ipv4_tunnel.srcAddr=16843009bv32, s1_hdr.ipv4_tunnel.totalLen=28bv16, s1_hdr.ipv4_tunnel.ttl=0bv8, s1_hdr.ipv4_tunnel.version=0bv4, s1_hdr.tcp.ackseq=0bv32, s1_hdr.tcp.sequence=0bv32, s1_hdr.tcp.valid=true, s1_hdr.udp_tunnel.checksum=0bv16, s1_hdr.udp_tunnel.dstport=80bv16, s1_hdr.udp_tunnel.srcport=52910bv16, s1_hdr.udp_tunnel.userlength=0bv16, s1_inbox_count=0, s1_p4b_checksum_error=false, s1_p4b_checksum_updated=true, s1_p4b_checksum_verified=false, s1_p4b_clone_e2e=false, s1_p4b_clone_i2e=false, s1_p4b_clone_i2i=false, s1_p4b_digest=false, s1_p4b_recirculate=false, s1_pkt_external=true, s1_standard_metadata.egress_port=2bv9, s1_standard_metadata.egress_spec=2bv9, s1_standard_metadata.ingress_port=0bv9, s1_temp_0=1bv32, s1_user_mac__dbg0=1bv48, s1_user_mac__last0_old_value=0bv48, s1_user_mac__last0_old_value__dbg=0bv48, s1_user_mac__last0_value=1bv48, s1_user_mac__last0_value__dbg=1bv48, s1_user_mac__last_index=0bv32, s1_user_mac__last_index__dbg=0bv32, s1_user_mac__last_old_value=0bv48, s1_user_mac__last_old_value__dbg=0bv48, s1_user_mac__last_value=1bv48, s1_user_mac__last_value__dbg=1bv48, s1_user_mac__last_write_site=1, s1_user_mac__next_write_site=1, s1_user_mac__wrote_any=true, s1_user_mac__wrote_any__dbg=true, s1_user_mac__wrote_index0=true, s1_user_mac__wrote_index0__dbg=true]
[L893]              assert !procurator_bad;
        VAL         [procurator_bad=true, procurator_step=2, s1_count__dbg0=2bv32, s1_count__last0_old_value=1bv32, s1_count__last0_old_value__dbg=1bv32, s1_count__last0_value=2bv32, s1_count__last0_value__dbg=2bv32, s1_count__last_index=0bv32, s1_count__last_index__dbg=0bv32, s1_count__last_old_value=1bv32, s1_count__last_old_value__dbg=1bv32, s1_count__last_value=2bv32, s1_count__last_value__dbg=2bv32, s1_count__last_write_site=2, s1_count__next_write_site=2, s1_count__wrote_any=true, s1_count__wrote_any__dbg=true, s1_count__wrote_index0=true, s1_count__wrote_index0__dbg=true, s1_ds_box__dbg0=0bv8, s1_ds_box__last0_old_value=0bv8, s1_ds_box__last0_old_value__dbg=0bv8, s1_ds_box__last0_value=0bv8, s1_ds_box__last0_value__dbg=0bv8, s1_ds_box__last_index=0bv32, s1_ds_box__last_index__dbg=0bv32, s1_ds_box__last_old_value=0bv8, s1_ds_box__last_old_value__dbg=0bv8, s1_ds_box__last_value=0bv8, s1_ds_box__last_value__dbg=0bv8, s1_ds_box__last_write_site=0, s1_ds_box__next_write_site=0, s1_ds_box__wrote_any=false, s1_ds_box__wrote_any__dbg=false, s1_ds_box__wrote_index0=false, s1_ds_box__wrote_index0__dbg=false, s1_es_box__dbg0=0bv8, s1_es_box__last0_old_value=0bv8, s1_es_box__last0_old_value__dbg=0bv8, s1_es_box__last0_value=0bv8, s1_es_box__last0_value__dbg=0bv8, s1_es_box__last_index=0bv32, s1_es_box__last_index__dbg=0bv32, s1_es_box__last_old_value=0bv8, s1_es_box__last_old_value__dbg=0bv8, s1_es_box__last_value=0bv8, s1_es_box__last_value__dbg=0bv8, s1_es_box__last_write_site=0, s1_es_box__next_write_site=0, s1_es_box__wrote_any=false, s1_es_box__wrote_any__dbg=false, s1_es_box__wrote_index0=false, s1_es_box__wrote_index0__dbg=false, s1_forward=true, s1_hdr.ethernet.dstAddr=204790950826065bv48, s1_hdr.ethernet.etherType=0bv16, s1_hdr.ethernet.srcAddr=1bv48, s1_hdr.ethernet.valid=true, s1_hdr.ipv4.diffserv=0bv8, s1_hdr.ipv4.dstAddr=0bv32, s1_hdr.ipv4.flags=0bv3, s1_hdr.ipv4.fragOffset=0bv13, s1_hdr.ipv4.identification=0bv16, s1_hdr.ipv4.srcAddr=16843009bv32, s1_hdr.ipv4.totalLen=0bv16, s1_hdr.ipv4.ttl=0bv8, s1_hdr.ipv4.valid=true, s1_hdr.ipv4.version=0bv4, s1_hdr.ipv4_tunnel.diffserv=0bv8, s1_hdr.ipv4_tunnel.dstAddr=3690098939bv32, s1_hdr.ipv4_tunnel.flags=0bv3, s1_hdr.ipv4_tunnel.fragOffset=0bv13, s1_hdr.ipv4_tunnel.identification=0bv16, s1_hdr.ipv4_tunnel.ihl=5bv4, s1_hdr.ipv4_tunnel.protocol=17bv8, s1_hdr.ipv4_tunnel.srcAddr=16843009bv32, s1_hdr.ipv4_tunnel.totalLen=28bv16, s1_hdr.ipv4_tunnel.ttl=0bv8, s1_hdr.ipv4_tunnel.version=0bv4, s1_hdr.tcp.ackseq=0bv32, s1_hdr.tcp.sequence=0bv32, s1_hdr.tcp.valid=true, s1_hdr.udp_tunnel.checksum=0bv16, s1_hdr.udp_tunnel.dstport=80bv16, s1_hdr.udp_tunnel.srcport=52910bv16, s1_hdr.udp_tunnel.userlength=0bv16, s1_inbox_count=0, s1_p4b_checksum_error=false, s1_p4b_checksum_updated=true, s1_p4b_checksum_verified=false, s1_p4b_clone_e2e=false, s1_p4b_clone_i2e=false, s1_p4b_clone_i2i=false, s1_p4b_digest=false, s1_p4b_recirculate=false, s1_pkt_external=true, s1_standard_metadata.egress_port=2bv9, s1_standard_metadata.egress_spec=2bv9, s1_standard_metadata.ingress_port=0bv9, s1_temp_0=1bv32, s1_user_mac__dbg0=1bv48, s1_user_mac__last0_old_value=0bv48, s1_user_mac__last0_old_value__dbg=0bv48, s1_user_mac__last0_value=1bv48, s1_user_mac__last0_value__dbg=1bv48, s1_user_mac__last_index=0bv32, s1_user_mac__last_index__dbg=0bv32, s1_user_mac__last_old_value=0bv48, s1_user_mac__last_old_value__dbg=0bv48, s1_user_mac__last_value=1bv48, s1_user_mac__last_value__dbg=1bv48, s1_user_mac__last_write_site=1, s1_user_mac__next_write_site=1, s1_user_mac__wrote_any=true, s1_user_mac__wrote_any__dbg=true, s1_user_mac__wrote_index0=true, s1_user_mac__wrote_index0__dbg=true]

  - UnprovableResult [Line: 299]: Unable to prove that assertion always holds
    Unable to prove that assertion always holds
 Reason: Not analyzed. 
  - StatisticsResult: Ultimate Automizer benchmark data
    CFG has 2 procedures, 75 locations, 107 edges, 2 error locations. Started 1 CEGAR loops. OverallTime: 7.0s, OverallIterations: 13, TraceHistogramMax: 1, PathProgramHistogramMax: 1, EmptinessCheckTime: 0.0s, AutomataDifference: 0.4s, DeadEndRemovalTime: 0.0s, HoareAnnotationTime: 0.0s, InitialAbstractionConstructionTime: 0.0s, HoareTripleCheckerStatistics: 0 mSolverCounterUnknown, 614 SdHoareTripleChecker+Valid, 0.2s IncrementalHoareTripleChecker+Time, 0 mSdLazyCounter, 614 mSDsluCounter, 1904 SdHoareTripleChecker+Invalid, 0.2s Time, 0 mProtectedAction, 0 SdHoareTripleChecker+Unchecked, 0 IncrementalHoareTripleChecker+Unchecked, 780 mSDsCounter, 24 IncrementalHoareTripleChecker+Valid, 0 mProtectedPredicate, 53 IncrementalHoareTripleChecker+Invalid, 77 SdHoareTripleChecker+Unknown, 0 mSolverCounterNotChecked, 24 mSolverCounterUnsat, 1124 mSDtfsCounter, 53 mSolverCounterSat, 0.0s SdHoareTripleChecker+Time, 0 IncrementalHoareTripleChecker+Unknown, PredicateUnifierStatistics: 0 DeclaredPredicates, 707 GetRequests, 690 SyntacticMatches, 0 SemanticMatches, 17 ConstructedPredicates, 0 IntricatePredicates, 0 DeprecatedPredicates, 0 ImplicationChecksByTransitivity, 0.1s Time, 0.0s BasicInterpolantAutomatonTime, BiggestAbstraction: size=110occurred in iteration=9, InterpolantAutomatonStates: 40, traceCheckStatistics: No data available, InterpolantConsolidationStatistics: No data available, PathInvariantsStatistics: No data available, 0/0 InterpolantCoveringCapability, TotalInterpolationStatistics: No data available, 0.0s DumpTime, AutomataMinimizationStatistics: 0.1s AutomataMinimizationTime, 12 MinimizatonAttempts, 140 StatesRemovedByMinimization, 7 NontrivialMinimizations, HoareAnnotationStatistics: No data available, RefinementEngineStatistics: TRACE_CHECK: 0.4s SsaConstructionTime, 0.3s SatisfiabilityAnalysisTime, 1.7s InterpolantComputationTime, 416 NumberOfCodeBlocks, 416 NumberOfCodeBlocksAsserted, 13 NumberOfCheckSat, 706 ConstructedInterpolants, 0 QuantifiedInterpolants, 1470 SizeOfPredicates, 142 NumberOfNonLiveVariables, 1079 ConjunctsInSsa, 26 ConjunctsInUnsatCore, 24 InterpolantComputations, 24 PerfectInterpolantSequences, 0/0 InterpolantCoveringCapability, INVARIANT_SYNTHESIS: No data available, INTERPOLANT_CONSOLIDATION: No data available, ABSTRACT_INTERPRETATION: No data available, PDR: No data available, ACCELERATED_INTERPOLATION: No data available, SIFA: No data available, ReuseStatistics: No data available, ConComCheckerStatistics: No data available
RESULT: Ultimate proved your program to be incorrect!
[2026-07-04 08:55:20,234 INFO  L546       MonitoredProcess]: [MP /usr/bin/z3 SMTLIB2_COMPLIANT=true -memory:2024 -smt2 -in -t:2000 (1)] Ended with exit code 0
Received shutdown request...
